{"type":"FeatureCollection","features":[{"type":"Feature","geometry":{"type":"Point","coordinates":[-6.640031999999962,10.61930000000007]},"properties":{"id":127587,"nom":"COLLEGE MODERNE DE DEBETE_SECONDAIRE","type":"secondaire","district_region":null,"departement_commune":null,"verifie":true,"name":"COLLEGE MODERNE DE DEBETE_SECONDAIRE","source":"Géoportail ANSTAT"}},{"type":"Feature","geometry":{"type":"Point","coordinates":[-6.26210999999995,10.61908000000005]},"properties":{"id":127588,"nom":"COLLEGE MODERNE DE PAPARA_SECONDAIRE","type":"secondaire","district_region":null,"departement_commune":null,"verifie":true,"name":"COLLEGE MODERNE DE PAPARA_SECONDAIRE","source":"Géoportail ANSTAT"}},{"type":"Feature","geometry":{"type":"Point","coordinates":[-6.411929999999927,10.50144000000006]},"properties":{"id":127589,"nom":"LYCEE MODERNE TENGRELA_SECONDAIRE","type":"secondaire","district_region":null,"departement_commune":null,"verifie":true,"name":"LYCEE MODERNE TENGRELA_SECONDAIRE","source":"Géoportail ANSTAT"}},{"type":"Feature","geometry":{"type":"Point","coordinates":[-6.40468199999998,10.49179300000003]},"properties":{"id":127590,"nom":"COLLEGE PRIVE LE PAVILLON DE TENGRELA_SECONDAIRE","type":"secondaire","district_region":null,"departement_commune":null,"verifie":true,"name":"COLLEGE PRIVE LE PAVILLON DE TENGRELA_SECONDAIRE","source":"Géoportail ANSTAT"}},{"type":"Feature","geometry":{"type":"Point","coordinates":[-6.427628999999968,10.49066600000003]},"properties":{"id":127591,"nom":"COLLEGE PRIVE MERAGNON DE TENGRELA_SECONDAIRE","type":"secondaire","district_region":null,"departement_commune":null,"verifie":true,"name":"COLLEGE PRIVE MERAGNON DE TENGRELA_SECONDAIRE","source":"Géoportail ANSTAT"}},{"type":"Feature","geometry":{"type":"Point","coordinates":[-6.427531999999928,10.48806100000007]},"properties":{"id":127592,"nom":"COLLEGE PRIVE NEDJI TCHONON_SECONDAIRE","type":"secondaire","district_region":null,"departement_commune":null,"verifie":true,"name":"COLLEGE PRIVE NEDJI TCHONON_SECONDAIRE","source":"Géoportail ANSTAT"}},{"type":"Feature","geometry":{"type":"Point","coordinates":[-6.394799999999975,10.46934000000005]},"properties":{"id":127593,"nom":"COLLEGE PRIVE DIGNON DE TENGRELA_SECONDAIRE","type":"secondaire","district_region":null,"departement_commune":null,"verifie":true,"name":"COLLEGE PRIVE DIGNON DE TENGRELA_SECONDAIRE","source":"Géoportail ANSTAT"}},{"type":"Feature","geometry":{"type":"Point","coordinates":[-5.631204999999966,10.42550300000005]},"properties":{"id":127594,"nom":"COLLEGE MODERNE POGO_SECONDAIRE","type":"secondaire","district_region":null,"departement_commune":null,"verifie":true,"name":"COLLEGE MODERNE POGO_SECONDAIRE","source":"Géoportail ANSTAT"}},{"type":"Feature","geometry":{"type":"Point","coordinates":[-5.630557999999951,10.40036200000003]},"properties":{"id":127595,"nom":"COLLEGE MODERNE KORONANI_SECONDAIRE","type":"secondaire","district_region":null,"departement_commune":null,"verifie":true,"name":"COLLEGE MODERNE KORONANI_SECONDAIRE","source":"Géoportail ANSTAT"}},{"type":"Feature","geometry":{"type":"Point","coordinates":[-5.747919999999965,10.38499000000007]},"properties":{"id":127596,"nom":"COLLEGE MODERNE TOUMOUKORO_SECONDAIRE","type":"secondaire","district_region":null,"departement_commune":null,"verifie":true,"name":"COLLEGE MODERNE TOUMOUKORO_SECONDAIRE","source":"Géoportail ANSTAT"}},{"type":"Feature","geometry":{"type":"Point","coordinates":[-6.244280999999944,10.36238900000006]},"properties":{"id":127597,"nom":"COLLEGE MODERNE DE KANAKONO_SECONDAIRE","type":"secondaire","district_region":null,"departement_commune":null,"verifie":true,"name":"COLLEGE MODERNE DE KANAKONO_SECONDAIRE","source":"Géoportail ANSTAT"}},{"type":"Feature","geometry":{"type":"Point","coordinates":[-6.239999999999952,10.35850000000005]},"properties":{"id":127598,"nom":"COLLEGE PRIVE TRAORE NIRBEKON DE KANAKONO_SECONDAIRE","type":"secondaire","district_region":null,"departement_commune":null,"verifie":true,"name":"COLLEGE PRIVE TRAORE NIRBEKON DE KANAKONO_SECONDAIRE","source":"Géoportail ANSTAT"}},{"type":"Feature","geometry":{"type":"Point","coordinates":[-6.513937999999939,10.35744200000005]},"properties":{"id":127599,"nom":"COLLEGE MODERNE DE NEGUEPIE_SECONDAIRE","type":"secondaire","district_region":null,"departement_commune":null,"verifie":true,"name":"COLLEGE MODERNE DE NEGUEPIE_SECONDAIRE","source":"Géoportail ANSTAT"}},{"type":"Feature","geometry":{"type":"Point","coordinates":[-7.522449999999935,10.35130100000003]},"properties":{"id":127600,"nom":"COLLEGE MODERNE DE KIMBIRILA-NORD_SECONDAIRE","type":"secondaire","district_region":null,"departement_commune":null,"verifie":true,"name":"COLLEGE MODERNE DE KIMBIRILA-NORD_SECONDAIRE","source":"Géoportail ANSTAT"}},{"type":"Feature","geometry":{"type":"Point","coordinates":[-5.622453999999948,10.34263600000003]},"properties":{"id":127601,"nom":"COLLEGE MODERNE OUAMELHORO_SECONDAIRE","type":"secondaire","district_region":null,"departement_commune":null,"verifie":true,"name":"COLLEGE MODERNE OUAMELHORO_SECONDAIRE","source":"Géoportail ANSTAT"}},{"type":"Feature","geometry":{"type":"Point","coordinates":[-5.446747999999957,10.31795800000003]},"properties":{"id":127602,"nom":"COLLEGE MODERNE DE NAFOUNGOLO_SECONDAIRE","type":"secondaire","district_region":null,"departement_commune":null,"verifie":true,"name":"COLLEGE MODERNE DE NAFOUNGOLO_SECONDAIRE","source":"Géoportail ANSTAT"}},{"type":"Feature","geometry":{"type":"Point","coordinates":[-6.443779999999947,10.29863000000006]},"properties":{"id":127603,"nom":"COLLEGE MODERNE DE BOLONA_SECONDAIRE","type":"secondaire","district_region":null,"departement_commune":null,"verifie":true,"name":"COLLEGE MODERNE DE BOLONA_SECONDAIRE","source":"Géoportail ANSTAT"}},{"type":"Feature","geometry":{"type":"Point","coordinates":[-6.252954999999929,10.28447600000004]},"properties":{"id":127604,"nom":"COLLEGE MODERNE DE SAN_SECONDAIRE","type":"secondaire","district_region":null,"departement_commune":null,"verifie":true,"name":"COLLEGE MODERNE DE SAN_SECONDAIRE","source":"Géoportail ANSTAT"}},{"type":"Feature","geometry":{"type":"Point","coordinates":[-6.425869999999975,10.24588000000006]},"properties":{"id":127605,"nom":"COLLEGE MODERNE DE BLESSESGUE_SECONDAIRE","type":"secondaire","district_region":null,"departement_commune":null,"verifie":true,"name":"COLLEGE MODERNE DE BLESSESGUE_SECONDAIRE","source":"Géoportail ANSTAT"}},{"type":"Feature","geometry":{"type":"Point","coordinates":[-6.655097999999953,10.24361600000003]},"properties":{"id":127606,"nom":"COLLEGE MODERNE MAHANDIANA_SECONDAIRE","type":"secondaire","district_region":null,"departement_commune":null,"verifie":true,"name":"COLLEGE MODERNE MAHANDIANA_SECONDAIRE","source":"Géoportail ANSTAT"}},{"type":"Feature","geometry":{"type":"Point","coordinates":[-7.476240999999959,10.22080600000004]},"properties":{"id":127607,"nom":"LYCEE MODERNE DE TIENKO_SECONDAIRE","type":"secondaire","district_region":null,"departement_commune":null,"verifie":true,"name":"LYCEE MODERNE DE TIENKO_SECONDAIRE","source":"Géoportail ANSTAT"}},{"type":"Feature","geometry":{"type":"Point","coordinates":[-5.861839999999972,10.21375000000006]},"properties":{"id":127608,"nom":"COLLEGE MODERNE DE BOUGOU_SECONDAIRE","type":"secondaire","district_region":null,"departement_commune":null,"verifie":true,"name":"COLLEGE MODERNE DE BOUGOU_SECONDAIRE","source":"Géoportail ANSTAT"}},{"type":"Feature","geometry":{"type":"Point","coordinates":[-5.625654999999938,10.21343900000005]},"properties":{"id":127609,"nom":"LYCEE MODERNE NIELLE_SECONDAIRE","type":"secondaire","district_region":null,"departement_commune":null,"verifie":true,"name":"LYCEE MODERNE NIELLE_SECONDAIRE","source":"Géoportail ANSTAT"}},{"type":"Feature","geometry":{"type":"Point","coordinates":[-7.818749999999966,10.21164200000004]},"properties":{"id":127610,"nom":"COLLEGE MODERNE DE SOKORO_SECONDAIRE","type":"secondaire","district_region":null,"departement_commune":null,"verifie":true,"name":"COLLEGE MODERNE DE SOKORO_SECONDAIRE","source":"Géoportail ANSTAT"}},{"type":"Feature","geometry":{"type":"Point","coordinates":[-5.620934999999974,10.21001800000005]},"properties":{"id":127611,"nom":"COLLEGE OMIENGNON DE NIELLE_SECONDAIRE","type":"secondaire","district_region":null,"departement_commune":null,"verifie":true,"name":"COLLEGE OMIENGNON DE NIELLE_SECONDAIRE","source":"Géoportail ANSTAT"}},{"type":"Feature","geometry":{"type":"Point","coordinates":[-6.415120999999942,10.20694800000007]},"properties":{"id":127612,"nom":"COLLEGE PRIVE KATCHINNIN DE BLESSEGUE_SECONDAIRE","type":"secondaire","district_region":null,"departement_commune":null,"verifie":true,"name":"COLLEGE PRIVE KATCHINNIN DE BLESSEGUE_SECONDAIRE","source":"Géoportail ANSTAT"}},{"type":"Feature","geometry":{"type":"Point","coordinates":[-5.606181999999933,10.18981900000006]},"properties":{"id":127613,"nom":"COLLEGE MODERNE DE NIELLE_SECONDAIRE","type":"secondaire","district_region":null,"departement_commune":null,"verifie":true,"name":"COLLEGE MODERNE DE NIELLE_SECONDAIRE","source":"Géoportail ANSTAT"}},{"type":"Feature","geometry":{"type":"Point","coordinates":[-5.60993499999995,10.18925500000006]},"properties":{"id":127614,"nom":"COLLEGE PRIVE SEZANG DE NIELLE_SECONDAIRE","type":"secondaire","district_region":null,"departement_commune":null,"verifie":true,"name":"COLLEGE PRIVE SEZANG DE NIELLE_SECONDAIRE","source":"Géoportail ANSTAT"}},{"type":"Feature","geometry":{"type":"Point","coordinates":[-6.121012999999948,10.14669100000003]},"properties":{"id":127615,"nom":"COLLEGE MODERNE DE KATOGO_SECONDAIRE","type":"secondaire","district_region":null,"departement_commune":null,"verifie":true,"name":"COLLEGE MODERNE DE KATOGO_SECONDAIRE","source":"Géoportail ANSTAT"}},{"type":"Feature","geometry":{"type":"Point","coordinates":[-6.515702999999974,10.13564000000002]},"properties":{"id":127616,"nom":"COLLEGE PRIVE TIEMOKO DIARRA DE PONIAKELE_SECONDAIRE","type":"secondaire","district_region":null,"departement_commune":null,"verifie":true,"name":"COLLEGE PRIVE TIEMOKO DIARRA DE PONIAKELE_SECONDAIRE","source":"Géoportail ANSTAT"}},{"type":"Feature","geometry":{"type":"Point","coordinates":[-6.065454999999929,10.13256100000007]},"properties":{"id":127617,"nom":"COLLEGE MODERNE DE SOLIGNOUGO_SECONDAIRE","type":"secondaire","district_region":null,"departement_commune":null,"verifie":true,"name":"COLLEGE MODERNE DE SOLIGNOUGO_SECONDAIRE","source":"Géoportail ANSTAT"}},{"type":"Feature","geometry":{"type":"Point","coordinates":[-6.571849999999927,10.13127000000003]},"properties":{"id":127618,"nom":"COLLEGE MODERNE MAHALE_SECONDAIRE","type":"secondaire","district_region":null,"departement_commune":null,"verifie":true,"name":"COLLEGE MODERNE MAHALE_SECONDAIRE","source":"Géoportail ANSTAT"}},{"type":"Feature","geometry":{"type":"Point","coordinates":[-5.485473999999954,10.11755700000003]},"properties":{"id":127619,"nom":"COLLEGE PRIVE LA REUSSITE DE DIAWALA_SECONDAIRE","type":"secondaire","district_region":null,"departement_commune":null,"verifie":true,"name":"COLLEGE PRIVE LA REUSSITE DE DIAWALA_SECONDAIRE","source":"Géoportail ANSTAT"}},{"type":"Feature","geometry":{"type":"Point","coordinates":[-5.484281999999951,10.11577700000004]},"properties":{"id":127620,"nom":"LYCEE MODERNE DIAWALA_SECONDAIRE","type":"secondaire","district_region":null,"departement_commune":null,"verifie":true,"name":"LYCEE MODERNE DIAWALA_SECONDAIRE","source":"Géoportail ANSTAT"}},{"type":"Feature","geometry":{"type":"Point","coordinates":[-5.477402999999981,10.11257500000005]},"properties":{"id":127621,"nom":"GROUPE ECOLES YASSOUNGO DE DIAWALA_SECONDAIRE","type":"secondaire","district_region":null,"departement_commune":null,"verifie":true,"name":"GROUPE ECOLES YASSOUNGO DE DIAWALA_SECONDAIRE","source":"Géoportail ANSTAT"}},{"type":"Feature","geometry":{"type":"Point","coordinates":[-5.188504999999964,10.09526500000004]},"properties":{"id":127622,"nom":"COLLEGE MODERNE KAOUARA_SECONDAIRE","type":"secondaire","district_region":null,"departement_commune":null,"verifie":true,"name":"COLLEGE MODERNE KAOUARA_SECONDAIRE","source":"Géoportail ANSTAT"}},{"type":"Feature","geometry":{"type":"Point","coordinates":[-6.334199999999953,10.08090000000004]},"properties":{"id":127623,"nom":"COLLEGE MODERNE DE WORA_SECONDAIRE","type":"secondaire","district_region":null,"departement_commune":null,"verifie":true,"name":"COLLEGE MODERNE DE WORA_SECONDAIRE","source":"Géoportail ANSTAT"}},{"type":"Feature","geometry":{"type":"Point","coordinates":[-6.363221999999951,10.05722400000008]},"properties":{"id":127624,"nom":"COLLEGE PRIVE KONE NAGOUN DE ZAGUINASSO_SECONDAIRE","type":"secondaire","district_region":null,"departement_commune":null,"verifie":true,"name":"COLLEGE PRIVE KONE NAGOUN DE ZAGUINASSO_SECONDAIRE","source":"Géoportail ANSTAT"}},{"type":"Feature","geometry":{"type":"Point","coordinates":[-7.532224999999926,10.05431700000003]},"properties":{"id":127625,"nom":"COLLEGE MODERNE DE SANANFEREDOUGOU_SECONDAIRE","type":"secondaire","district_region":null,"departement_commune":null,"verifie":true,"name":"COLLEGE MODERNE DE SANANFEREDOUGOU_SECONDAIRE","source":"Géoportail ANSTAT"}},{"type":"Feature","geometry":{"type":"Point","coordinates":[-5.31218199999995,10.05196700000005]},"properties":{"id":127626,"nom":"COLLEGE MODERNE DE NAMBINGUE_SECONDAIRE","type":"secondaire","district_region":null,"departement_commune":null,"verifie":true,"name":"COLLEGE MODERNE DE NAMBINGUE_SECONDAIRE","source":"Géoportail ANSTAT"}},{"type":"Feature","geometry":{"type":"Point","coordinates":[-6.372904999999946,10.05021200000004]},"properties":{"id":127627,"nom":"COLLEGE MODERNE DE ZAGUINASSO_SECONDAIRE","type":"secondaire","district_region":null,"departement_commune":null,"verifie":true,"name":"COLLEGE MODERNE DE ZAGUINASSO_SECONDAIRE","source":"Géoportail ANSTAT"}},{"type":"Feature","geometry":{"type":"Point","coordinates":[-6.860210999999936,10.04093800000004]},"properties":{"id":127628,"nom":"COLLEGE PRIVE AL MARKAZ EL ISLAM_SECONDAIRE","type":"secondaire","district_region":null,"departement_commune":null,"verifie":true,"name":"COLLEGE PRIVE AL MARKAZ EL ISLAM_SECONDAIRE","source":"Géoportail ANSTAT"}},{"type":"Feature","geometry":{"type":"Point","coordinates":[-6.855659999999943,10.03558400000003]},"properties":{"id":127629,"nom":"COLLEGE MODERNE SIANHALA_SECONDAIRE","type":"secondaire","district_region":null,"departement_commune":null,"verifie":true,"name":"COLLEGE MODERNE SIANHALA_SECONDAIRE","source":"Géoportail ANSTAT"}},{"type":"Feature","geometry":{"type":"Point","coordinates":[-7.217505999999958,10.02704600000004]},"properties":{"id":127630,"nom":"COLLEGE MODERNE GOULIA_SECONDAIRE","type":"secondaire","district_region":null,"departement_commune":null,"verifie":true,"name":"COLLEGE MODERNE GOULIA_SECONDAIRE","source":"Géoportail ANSTAT"}},{"type":"Feature","geometry":{"type":"Point","coordinates":[-6.47348999999997,10.00854800000008]},"properties":{"id":127631,"nom":"COLLEGE MODERNE TINDARA_SECONDAIRE","type":"secondaire","district_region":null,"departement_commune":null,"verifie":true,"name":"COLLEGE MODERNE TINDARA_SECONDAIRE","source":"Géoportail ANSTAT"}},{"type":"Feature","geometry":{"type":"Point","coordinates":[-7.839415999999972,10.00714900000003]},"properties":{"id":127632,"nom":"LYCEE MODERNE MINIGNAN_SECONDAIRE","type":"secondaire","district_region":null,"departement_commune":null,"verifie":true,"name":"LYCEE MODERNE MINIGNAN_SECONDAIRE","source":"Géoportail ANSTAT"}},{"type":"Feature","geometry":{"type":"Point","coordinates":[-5.579072999999937,10.00611500000002]},"properties":{"id":127633,"nom":"COLLEGE MODERNE TENE BIRAHIMA OUATTARA DE KOFIPLE_SECONDAIRE","type":"secondaire","district_region":null,"departement_commune":null,"verifie":true,"name":"COLLEGE MODERNE TENE BIRAHIMA OUATTARA DE KOFIPLE_SECONDAIRE","source":"Géoportail ANSTAT"}},{"type":"Feature","geometry":{"type":"Point","coordinates":[-7.833902999999964,10.00546800000006]},"properties":{"id":127634,"nom":"COLLEGE PRIVE FAMOUYA DE MINIGNAN_SECONDAIRE","type":"secondaire","district_region":null,"departement_commune":null,"verifie":true,"name":"COLLEGE PRIVE FAMOUYA DE MINIGNAN_SECONDAIRE","source":"Géoportail ANSTAT"}},{"type":"Feature","geometry":{"type":"Point","coordinates":[-5.892834999999934,10.00546200000002]},"properties":{"id":127635,"nom":"COLLEGE PRIVE COULIBALY ZIE WOUHO DE M BENGUE_SECONDAIRE","type":"secondaire","district_region":null,"departement_commune":null,"verifie":true,"name":"COLLEGE PRIVE COULIBALY ZIE WOUHO DE M BENGUE_SECONDAIRE","source":"Géoportail ANSTAT"}},{"type":"Feature","geometry":{"type":"Point","coordinates":[-5.907920999999931,10.00513900000004]},"properties":{"id":127636,"nom":"COLLEGE PRIVE SETION KOLO DE M BENGUE_SECONDAIRE","type":"secondaire","district_region":null,"departement_commune":null,"verifie":true,"name":"COLLEGE PRIVE SETION KOLO DE M BENGUE_SECONDAIRE","source":"Géoportail ANSTAT"}},{"type":"Feature","geometry":{"type":"Point","coordinates":[-6.043821999999977,10.00238600000006]},"properties":{"id":127637,"nom":"COLLEGE MODERNE DE KALOA_SECONDAIRE","type":"secondaire","district_region":null,"departement_commune":null,"verifie":true,"name":"COLLEGE MODERNE DE KALOA_SECONDAIRE","source":"Géoportail ANSTAT"}},{"type":"Feature","geometry":{"type":"Point","coordinates":[-5.162494999999979,9.994811000000029]},"properties":{"id":127638,"nom":"COLLEGE PRIVE MIGUITA_SECONDAIRE","type":"secondaire","district_region":null,"departement_commune":null,"verifie":true,"name":"COLLEGE PRIVE MIGUITA_SECONDAIRE","source":"Géoportail ANSTAT"}},{"type":"Feature","geometry":{"type":"Point","coordinates":[-5.894452999999942,9.991164000000026]},"properties":{"id":127639,"nom":"LYCEE MODERNE DE M BENGUE_SECONDAIRE","type":"secondaire","district_region":null,"departement_commune":null,"verifie":true,"name":"LYCEE MODERNE DE M BENGUE_SECONDAIRE","source":"Géoportail ANSTAT"}},{"type":"Feature","geometry":{"type":"Point","coordinates":[-7.84468499999997,9.988001000000054]},"properties":{"id":127640,"nom":"COLLEGE MODERNE DE MINIGNAN_SECONDAIRE","type":"secondaire","district_region":null,"departement_commune":null,"verifie":true,"name":"COLLEGE MODERNE DE MINIGNAN_SECONDAIRE","source":"Géoportail ANSTAT"}},{"type":"Feature","geometry":{"type":"Point","coordinates":[-5.888814999999965,9.986246000000053]},"properties":{"id":127641,"nom":"COLLEGE MODERNE FANTA KADER DE M BENGUE_SECONDAIRE","type":"secondaire","district_region":null,"departement_commune":null,"verifie":true,"name":"COLLEGE MODERNE FANTA KADER DE M BENGUE_SECONDAIRE","source":"Géoportail ANSTAT"}},{"type":"Feature","geometry":{"type":"Point","coordinates":[-5.160964999999976,9.976773000000035]},"properties":{"id":127642,"nom":"COLLEGE MODERNE DE DIAWALA_SECONDAIRE","type":"secondaire","district_region":null,"departement_commune":null,"verifie":true,"name":"COLLEGE MODERNE DE DIAWALA_SECONDAIRE","source":"Géoportail ANSTAT"}},{"type":"Feature","geometry":{"type":"Point","coordinates":[-5.152159999999981,9.97581800000006]},"properties":{"id":127643,"nom":"COLLEGE PRIVE WAZONGUI DE OUANGOLODOUGOU_SECONDAIRE","type":"secondaire","district_region":null,"departement_commune":null,"verifie":true,"name":"COLLEGE PRIVE WAZONGUI DE OUANGOLODOUGOU_SECONDAIRE","source":"Géoportail ANSTAT"}},{"type":"Feature","geometry":{"type":"Point","coordinates":[-5.168623999999966,9.974534000000062]},"properties":{"id":127644,"nom":"LYCEE MODERNE ALASSANE OUATTARA OUANGOLODOUGOU_SECONDAIRE","type":"secondaire","district_region":null,"departement_commune":null,"verifie":true,"name":"LYCEE MODERNE ALASSANE OUATTARA OUANGOLODOUGOU_SECONDAIRE","source":"Géoportail ANSTAT"}},{"type":"Feature","geometry":{"type":"Point","coordinates":[-5.169304999999952,9.973204000000068]},"properties":{"id":127645,"nom":"COLLEGE PRIVE LONISSO_SECONDAIRE","type":"secondaire","district_region":null,"departement_commune":null,"verifie":true,"name":"COLLEGE PRIVE LONISSO_SECONDAIRE","source":"Géoportail ANSTAT"}},{"type":"Feature","geometry":{"type":"Point","coordinates":[-6.60558599999996,9.963596000000052]},"properties":{"id":127646,"nom":"COLLEGE PRIVE TRAORE NIRBEKON DE N DEOU_SECONDAIRE","type":"secondaire","district_region":null,"departement_commune":null,"verifie":true,"name":"COLLEGE PRIVE TRAORE NIRBEKON DE N DEOU_SECONDAIRE","source":"Géoportail ANSTAT"}},{"type":"Feature","geometry":{"type":"Point","coordinates":[-5.157617999999957,9.96152200000006]},"properties":{"id":127647,"nom":"COLLEGE ALFA KEITA DE OUANGOLODOUGOU_SECONDAIRE","type":"secondaire","district_region":null,"departement_commune":null,"verifie":true,"name":"COLLEGE ALFA KEITA DE OUANGOLODOUGOU_SECONDAIRE","source":"Géoportail ANSTAT"}},{"type":"Feature","geometry":{"type":"Point","coordinates":[-5.163029999999935,9.956430000000069]},"properties":{"id":127648,"nom":"COLLEGE PRIVE ESPOIR DE OUANGOLODOUGOU_SECONDAIRE","type":"secondaire","district_region":null,"departement_commune":null,"verifie":true,"name":"COLLEGE PRIVE ESPOIR DE OUANGOLODOUGOU_SECONDAIRE","source":"Géoportail ANSTAT"}},{"type":"Feature","geometry":{"type":"Point","coordinates":[-5.158422999999971,9.955389000000023]},"properties":{"id":127649,"nom":"COLLEGE PRIVE KOUNANDRI DE OUANGOLO_SECONDAIRE","type":"secondaire","district_region":null,"departement_commune":null,"verifie":true,"name":"COLLEGE PRIVE KOUNANDRI DE OUANGOLO_SECONDAIRE","source":"Géoportail ANSTAT"}},{"type":"Feature","geometry":{"type":"Point","coordinates":[-6.899999999999977,9.910000000000023]},"properties":{"id":127650,"nom":"COLLEGE MODERNE DE FENGOLO_SECONDAIRE","type":"secondaire","district_region":null,"departement_commune":null,"verifie":true,"name":"COLLEGE MODERNE DE FENGOLO_SECONDAIRE","source":"Géoportail ANSTAT"}},{"type":"Feature","geometry":{"type":"Point","coordinates":[-6.406876999999952,9.906521000000057]},"properties":{"id":127651,"nom":"COLLEGE SINDOU DEMBELE KOUTO_SECONDAIRE","type":"secondaire","district_region":null,"departement_commune":null,"verifie":true,"name":"COLLEGE SINDOU DEMBELE KOUTO_SECONDAIRE","source":"Géoportail ANSTAT"}},{"type":"Feature","geometry":{"type":"Point","coordinates":[-5.784536999999943,9.902288000000055]},"properties":{"id":127652,"nom":"COLLEGE MODERNE DE POUNGBE_SECONDAIRE","type":"secondaire","district_region":null,"departement_commune":null,"verifie":true,"name":"COLLEGE MODERNE DE POUNGBE_SECONDAIRE","source":"Géoportail ANSTAT"}},{"type":"Feature","geometry":{"type":"Point","coordinates":[-6.502857999999947,9.89886400000006]},"properties":{"id":127653,"nom":"COLLEGE MODERNE TOUNVRE_SECONDAIRE","type":"secondaire","district_region":null,"departement_commune":null,"verifie":true,"name":"COLLEGE MODERNE TOUNVRE_SECONDAIRE","source":"Géoportail ANSTAT"}},{"type":"Feature","geometry":{"type":"Point","coordinates":[-6.246449999999925,9.89424800000006]},"properties":{"id":127654,"nom":"COLLEGE MODERNE BAYA_SECONDAIRE","type":"secondaire","district_region":null,"departement_commune":null,"verifie":true,"name":"COLLEGE MODERNE BAYA_SECONDAIRE","source":"Géoportail ANSTAT"}},{"type":"Feature","geometry":{"type":"Point","coordinates":[-6.397057999999959,9.892835000000048]},"properties":{"id":127655,"nom":"COLLEGE PRIVE YATAWA DE KOUTO_SECONDAIRE","type":"secondaire","district_region":null,"departement_commune":null,"verifie":true,"name":"COLLEGE PRIVE YATAWA DE KOUTO_SECONDAIRE","source":"Géoportail ANSTAT"}},{"type":"Feature","geometry":{"type":"Point","coordinates":[-6.40079499999996,9.889829000000075]},"properties":{"id":127656,"nom":"LYCEE MODERNE ZIGUITIE DE KOUTO_SECONDAIRE","type":"secondaire","district_region":null,"departement_commune":null,"verifie":true,"name":"LYCEE MODERNE ZIGUITIE DE KOUTO_SECONDAIRE","source":"Géoportail ANSTAT"}},{"type":"Feature","geometry":{"type":"Point","coordinates":[-6.415889999999933,9.877954000000043]},"properties":{"id":127657,"nom":"COLLEGE PRIVE PITCHIMBI DE KOUTO_SECONDAIRE","type":"secondaire","district_region":null,"departement_commune":null,"verifie":true,"name":"COLLEGE PRIVE PITCHIMBI DE KOUTO_SECONDAIRE","source":"Géoportail ANSTAT"}},{"type":"Feature","geometry":{"type":"Point","coordinates":[-6.445695999999941,9.841185000000053]},"properties":{"id":127658,"nom":"LYCEE MODERNE GBON_SECONDAIRE","type":"secondaire","district_region":null,"departement_commune":null,"verifie":true,"name":"LYCEE MODERNE GBON_SECONDAIRE","source":"Géoportail ANSTAT"}},{"type":"Feature","geometry":{"type":"Point","coordinates":[-6.447619999999972,9.839769000000048]},"properties":{"id":127659,"nom":"COLLEGE PRIVE LE NIENEKA DE GBON_SECONDAIRE","type":"secondaire","district_region":null,"departement_commune":null,"verifie":true,"name":"COLLEGE PRIVE LE NIENEKA DE GBON_SECONDAIRE","source":"Géoportail ANSTAT"}},{"type":"Feature","geometry":{"type":"Point","coordinates":[-6.23062699999997,9.83711500000004]},"properties":{"id":127660,"nom":"COLLEGE PRIVE LES PEDAGOGUES DU PONGALA_SECONDAIRE","type":"secondaire","district_region":null,"departement_commune":null,"verifie":true,"name":"COLLEGE PRIVE LES PEDAGOGUES DU PONGALA_SECONDAIRE","source":"Géoportail ANSTAT"}},{"type":"Feature","geometry":{"type":"Point","coordinates":[-3.358179999999948,9.83105900000004]},"properties":{"id":127661,"nom":"COLLEGE PRIVE TECHNIQUE CHRISTIAN -AURELIE DE DOROPO_SECONDAIRE","type":"secondaire","district_region":null,"departement_commune":null,"verifie":true,"name":"COLLEGE PRIVE TECHNIQUE CHRISTIAN -AURELIE DE DOROPO_SECONDAIRE","source":"Géoportail ANSTAT"}},{"type":"Feature","geometry":{"type":"Point","coordinates":[-3.353970999999945,9.825457000000029]},"properties":{"id":127662,"nom":"COLLEGE MODERNE DOROPO_SECONDAIRE","type":"secondaire","district_region":null,"departement_commune":null,"verifie":true,"name":"COLLEGE MODERNE DOROPO_SECONDAIRE","source":"Géoportail ANSTAT"}},{"type":"Feature","geometry":{"type":"Point","coordinates":[-7.57530799999995,9.822110000000066]},"properties":{"id":127663,"nom":"COLLEGE MUNICIPAL SAMATIGUILA_SECONDAIRE","type":"secondaire","district_region":null,"departement_commune":null,"verifie":true,"name":"COLLEGE MUNICIPAL SAMATIGUILA_SECONDAIRE","source":"Géoportail ANSTAT"}},{"type":"Feature","geometry":{"type":"Point","coordinates":[-3.334056999999973,9.821491000000035]},"properties":{"id":127664,"nom":"COLLEGE PRIVE ADANSONIA DE DOROPO_SECONDAIRE","type":"secondaire","district_region":null,"departement_commune":null,"verifie":true,"name":"COLLEGE PRIVE ADANSONIA DE DOROPO_SECONDAIRE","source":"Géoportail ANSTAT"}},{"type":"Feature","geometry":{"type":"Point","coordinates":[-7.505106999999953,9.81989900000002]},"properties":{"id":127665,"nom":"LYCEE MODERNE DE KANIASSO_SECONDAIRE","type":"secondaire","district_region":null,"departement_commune":null,"verifie":true,"name":"LYCEE MODERNE DE KANIASSO_SECONDAIRE","source":"Géoportail ANSTAT"}},{"type":"Feature","geometry":{"type":"Point","coordinates":[-6.215439999999944,9.819575000000045]},"properties":{"id":127666,"nom":"LYCEE MODERNE DE KASSERE_SECONDAIRE","type":"secondaire","district_region":null,"departement_commune":null,"verifie":true,"name":"LYCEE MODERNE DE KASSERE_SECONDAIRE","source":"Géoportail ANSTAT"}},{"type":"Feature","geometry":{"type":"Point","coordinates":[-5.92563199999995,9.816095000000075]},"properties":{"id":127667,"nom":"COLLEGE MODERNE DE KATIALI_SECONDAIRE","type":"secondaire","district_region":null,"departement_commune":null,"verifie":true,"name":"COLLEGE MODERNE DE KATIALI_SECONDAIRE","source":"Géoportail ANSTAT"}},{"type":"Feature","geometry":{"type":"Point","coordinates":[-7.388769999999965,9.813459000000025]},"properties":{"id":127668,"nom":"COLLEGE MODERNE DE BANANKORO_SECONDAIRE","type":"secondaire","district_region":null,"departement_commune":null,"verifie":true,"name":"COLLEGE MODERNE DE BANANKORO_SECONDAIRE","source":"Géoportail ANSTAT"}},{"type":"Feature","geometry":{"type":"Point","coordinates":[-6.399871999999959,9.800000000000068]},"properties":{"id":127669,"nom":"COLLEGE CATHOLIQUE SAINTE MARIE DE KOUTO_SECONDAIRE","type":"secondaire","district_region":null,"departement_commune":null,"verifie":true,"name":"COLLEGE CATHOLIQUE SAINTE MARIE DE KOUTO_SECONDAIRE","source":"Géoportail ANSTAT"}},{"type":"Feature","geometry":{"type":"Point","coordinates":[-6.286319999999932,9.784750000000033]},"properties":{"id":127670,"nom":"COLLEGE MODERNE DE LANDIOUGOU_SECONDAIRE","type":"secondaire","district_region":null,"departement_commune":null,"verifie":true,"name":"COLLEGE MODERNE DE LANDIOUGOU_SECONDAIRE","source":"Géoportail ANSTAT"}},{"type":"Feature","geometry":{"type":"Point","coordinates":[-6.459122999999977,9.776635000000056]},"properties":{"id":127671,"nom":"LYCEE MODERNE DE KOLIA_SECONDAIRE","type":"secondaire","district_region":null,"departement_commune":null,"verifie":true,"name":"LYCEE MODERNE DE KOLIA_SECONDAIRE","source":"Géoportail ANSTAT"}},{"type":"Feature","geometry":{"type":"Point","coordinates":[-6.459119999999928,9.776618000000042]},"properties":{"id":127672,"nom":"COLLEGE PRIVE MA-KATIE DE KOLIA_SECONDAIRE","type":"secondaire","district_region":null,"departement_commune":null,"verifie":true,"name":"COLLEGE PRIVE MA-KATIE DE KOLIA_SECONDAIRE","source":"Géoportail ANSTAT"}},{"type":"Feature","geometry":{"type":"Point","coordinates":[-4.150410999999963,9.760428000000047]},"properties":{"id":127673,"nom":"COLLEGE MODERNE  BADJORE OUATTARA DE TOUGBO_SECONDAIRE","type":"secondaire","district_region":null,"departement_commune":null,"verifie":true,"name":"COLLEGE MODERNE  BADJORE OUATTARA DE TOUGBO_SECONDAIRE","source":"Géoportail ANSTAT"}},{"type":"Feature","geometry":{"type":"Point","coordinates":[-6.403267999999969,9.753235000000076]},"properties":{"id":127674,"nom":"COLLEGE MODERNE DEMBASSO_SECONDAIRE","type":"secondaire","district_region":null,"departement_commune":null,"verifie":true,"name":"COLLEGE MODERNE DEMBASSO_SECONDAIRE","source":"Géoportail ANSTAT"}},{"type":"Feature","geometry":{"type":"Point","coordinates":[-5.15942199999995,9.733591000000049]},"properties":{"id":127675,"nom":"COLLEGE MODERNE JACQUES MARCHAND DE NAMBONKAHA_SECONDAIRE","type":"secondaire","district_region":null,"departement_commune":null,"verifie":true,"name":"COLLEGE MODERNE JACQUES MARCHAND DE NAMBONKAHA_SECONDAIRE","source":"Géoportail ANSTAT"}},{"type":"Feature","geometry":{"type":"Point","coordinates":[-7.613195999999959,9.703033000000062]},"properties":{"id":127676,"nom":"COLLEGE MODERNE DE KIMBIRILA-SUD_SECONDAIRE","type":"secondaire","district_region":null,"departement_commune":null,"verifie":true,"name":"COLLEGE MODERNE DE KIMBIRILA-SUD_SECONDAIRE","source":"Géoportail ANSTAT"}},{"type":"Feature","geometry":{"type":"Point","coordinates":[-7.227989999999977,9.679900000000032]},"properties":{"id":127677,"nom":"COLLEGE MODERNE DE N GOLOBLASSO_SECONDAIRE","type":"secondaire","district_region":null,"departement_commune":null,"verifie":true,"name":"COLLEGE MODERNE DE N GOLOBLASSO_SECONDAIRE","source":"Géoportail ANSTAT"}},{"type":"Feature","geometry":{"type":"Point","coordinates":[-5.999487999999928,9.67178800000005]},"properties":{"id":127678,"nom":"COLLEGE MODERNE DE N GANON_SECONDAIRE","type":"secondaire","district_region":null,"departement_commune":null,"verifie":true,"name":"COLLEGE MODERNE DE N GANON_SECONDAIRE","source":"Géoportail ANSTAT"}},{"type":"Feature","geometry":{"type":"Point","coordinates":[-5.306439999999952,9.662026000000026]},"properties":{"id":127679,"nom":"COLLEGE MODERNE DE TIEKPE_SECONDAIRE","type":"secondaire","district_region":null,"departement_commune":null,"verifie":true,"name":"COLLEGE MODERNE DE TIEKPE_SECONDAIRE","source":"Géoportail ANSTAT"}},{"type":"Feature","geometry":{"type":"Point","coordinates":[-7.730019999999968,9.656790000000058]},"properties":{"id":127680,"nom":"COLLEGE MODERNE KONE ADAMA DE SAMANGO_SECONDAIRE","type":"secondaire","district_region":null,"departement_commune":null,"verifie":true,"name":"COLLEGE MODERNE KONE ADAMA DE SAMANGO_SECONDAIRE","source":"Géoportail ANSTAT"}},{"type":"Feature","geometry":{"type":"Point","coordinates":[-5.188231999999971,9.624569000000063]},"properties":{"id":127681,"nom":"COLLEGE MODERNE 2 DE FERKESSEDOUGOU_SECONDAIRE","type":"secondaire","district_region":null,"departement_commune":null,"verifie":true,"name":"COLLEGE MODERNE 2 DE FERKESSEDOUGOU_SECONDAIRE","source":"Géoportail ANSTAT"}},{"type":"Feature","geometry":{"type":"Point","coordinates":[-6.940775999999971,9.617361000000074]},"properties":{"id":127682,"nom":"COLLEGE PRIVE NONHOLO DE MADINANI_SECONDAIRE","type":"secondaire","district_region":null,"departement_commune":null,"verifie":true,"name":"COLLEGE PRIVE NONHOLO DE MADINANI_SECONDAIRE","source":"Géoportail ANSTAT"}},{"type":"Feature","geometry":{"type":"Point","coordinates":[-6.932745999999952,9.615611000000058]},"properties":{"id":127683,"nom":"COLLEGE PRIVE KONE AMED DE MADINANI_SECONDAIRE","type":"secondaire","district_region":null,"departement_commune":null,"verifie":true,"name":"COLLEGE PRIVE KONE AMED DE MADINANI_SECONDAIRE","source":"Géoportail ANSTAT"}},{"type":"Feature","geometry":{"type":"Point","coordinates":[-6.93584599999997,9.615554000000031]},"properties":{"id":127684,"nom":"LYCEE MODERNE DE MADINANI_SECONDAIRE","type":"secondaire","district_region":null,"departement_commune":null,"verifie":true,"name":"LYCEE MODERNE DE MADINANI_SECONDAIRE","source":"Géoportail ANSTAT"}},{"type":"Feature","geometry":{"type":"Point","coordinates":[-5.214170999999965,9.611936000000073]},"properties":{"id":127685,"nom":"COLLEGE PRIVE KANGO CECILE_SECONDAIRE","type":"secondaire","district_region":null,"departement_commune":null,"verifie":true,"name":"COLLEGE PRIVE KANGO CECILE_SECONDAIRE","source":"Géoportail ANSTAT"}},{"type":"Feature","geometry":{"type":"Point","coordinates":[-5.184099999999944,9.60850000000005]},"properties":{"id":127686,"nom":"COLLEGE IFPG-FERKE_SECONDAIRE","type":"secondaire","district_region":null,"departement_commune":null,"verifie":true,"name":"COLLEGE IFPG-FERKE_SECONDAIRE","source":"Géoportail ANSTAT"}},{"type":"Feature","geometry":{"type":"Point","coordinates":[-3.671653999999933,9.607740000000035]},"properties":{"id":127687,"nom":"COLLEGE MODERNE DE TEHINI_SECONDAIRE","type":"secondaire","district_region":null,"departement_commune":null,"verifie":true,"name":"COLLEGE MODERNE DE TEHINI_SECONDAIRE","source":"Géoportail ANSTAT"}},{"type":"Feature","geometry":{"type":"Point","coordinates":[-6.07099999999997,9.601000000000056]},"properties":{"id":127688,"nom":"COLLEGE MODERNE DE NIOFOIN_SECONDAIRE","type":"secondaire","district_region":null,"departement_commune":null,"verifie":true,"name":"COLLEGE MODERNE DE NIOFOIN_SECONDAIRE","source":"Géoportail ANSTAT"}},{"type":"Feature","geometry":{"type":"Point","coordinates":[-5.657669999999939,9.59755000000007]},"properties":{"id":127689,"nom":"LYCEE MODERNE SORO N DOSSOULOU YACOUBA DE SOHOUO_SECONDAIRE","type":"secondaire","district_region":null,"departement_commune":null,"verifie":true,"name":"LYCEE MODERNE SORO N DOSSOULOU YACOUBA DE SOHOUO_SECONDAIRE","source":"Géoportail ANSTAT"}},{"type":"Feature","geometry":{"type":"Point","coordinates":[-5.181019999999933,9.592350000000067]},"properties":{"id":127690,"nom":"COLLEGE MODERNE FERKESSEDOUGOU_SECONDAIRE","type":"secondaire","district_region":null,"departement_commune":null,"verifie":true,"name":"COLLEGE MODERNE FERKESSEDOUGOU_SECONDAIRE","source":"Géoportail ANSTAT"}},{"type":"Feature","geometry":{"type":"Point","coordinates":[-7.504085999999973,9.591680000000052]},"properties":{"id":127691,"nom":"COLLEGE MODERNE DE SOUKOUROUGBAN_SECONDAIRE","type":"secondaire","district_region":null,"departement_commune":null,"verifie":true,"name":"COLLEGE MODERNE DE SOUKOUROUGBAN_SECONDAIRE","source":"Géoportail ANSTAT"}},{"type":"Feature","geometry":{"type":"Point","coordinates":[-5.369023999999968,9.590625000000044]},"properties":{"id":127692,"nom":"COLLEGE PRIVE LA PERSEVERANCE_SECONDAIRE","type":"secondaire","district_region":null,"departement_commune":null,"verifie":true,"name":"COLLEGE PRIVE LA PERSEVERANCE_SECONDAIRE","source":"Géoportail ANSTAT"}},{"type":"Feature","geometry":{"type":"Point","coordinates":[-5.078213999999946,9.590588000000023]},"properties":{"id":127693,"nom":"COLLEGE MODERNE LAFOPKOKAHA_SECONDAIRE","type":"secondaire","district_region":null,"departement_commune":null,"verifie":true,"name":"COLLEGE MODERNE LAFOPKOKAHA_SECONDAIRE","source":"Géoportail ANSTAT"}},{"type":"Feature","geometry":{"type":"Point","coordinates":[-8.127369999999928,9.588630000000023]},"properties":{"id":127694,"nom":"COLLEGE MODERNE HADJA NABINTOU CISSE DE GBELEBAN_SECONDAIRE","type":"secondaire","district_region":null,"departement_commune":null,"verifie":true,"name":"COLLEGE MODERNE HADJA NABINTOU CISSE DE GBELEBAN_SECONDAIRE","source":"Géoportail ANSTAT"}},{"type":"Feature","geometry":{"type":"Point","coordinates":[-5.213283999999931,9.58512200000007]},"properties":{"id":127695,"nom":"GROUPE SCOLAIRE YEWELIBA DE FERKESSEDOUGOU_SECONDAIRE","type":"secondaire","district_region":null,"departement_commune":null,"verifie":true,"name":"GROUPE SCOLAIRE YEWELIBA DE FERKESSEDOUGOU_SECONDAIRE","source":"Géoportail ANSTAT"}},{"type":"Feature","geometry":{"type":"Point","coordinates":[-5.646289999999965,9.583590000000072]},"properties":{"id":127696,"nom":"COLLEGE MODERNE DE LATAHA_SECONDAIRE","type":"secondaire","district_region":null,"departement_commune":null,"verifie":true,"name":"COLLEGE MODERNE DE LATAHA_SECONDAIRE","source":"Géoportail ANSTAT"}},{"type":"Feature","geometry":{"type":"Point","coordinates":[-5.201586999999961,9.583358000000032]},"properties":{"id":127697,"nom":"COLLEGE CHARLES LWANGA FERKE_SECONDAIRE","type":"secondaire","district_region":null,"departement_commune":null,"verifie":true,"name":"COLLEGE CHARLES LWANGA FERKE_SECONDAIRE","source":"Géoportail ANSTAT"}},{"type":"Feature","geometry":{"type":"Point","coordinates":[-5.205171999999948,9.583262000000047]},"properties":{"id":127698,"nom":"LYCEE MODERNE FERKESSEDOUGOU_SECONDAIRE","type":"secondaire","district_region":null,"departement_commune":null,"verifie":true,"name":"LYCEE MODERNE FERKESSEDOUGOU_SECONDAIRE","source":"Géoportail ANSTAT"}},{"type":"Feature","geometry":{"type":"Point","coordinates":[-5.677829999999972,9.583230000000071]},"properties":{"id":127699,"nom":"COLLEGE MODERNE AMADOU GON COULIBALY DE KONI_SECONDAIRE","type":"secondaire","district_region":null,"departement_commune":null,"verifie":true,"name":"COLLEGE MODERNE AMADOU GON COULIBALY DE KONI_SECONDAIRE","source":"Géoportail ANSTAT"}},{"type":"Feature","geometry":{"type":"Point","coordinates":[-5.202834999999936,9.58162900000002]},"properties":{"id":127700,"nom":"COLLEGE PRIVE KIYALI PAULINE DE FERKESSEDOUGOU_SECONDAIRE","type":"secondaire","district_region":null,"departement_commune":null,"verifie":true,"name":"COLLEGE PRIVE KIYALI PAULINE DE FERKESSEDOUGOU_SECONDAIRE","source":"Géoportail ANSTAT"}},{"type":"Feature","geometry":{"type":"Point","coordinates":[-5.401637999999934,9.578370000000064]},"properties":{"id":127701,"nom":"COLLEGE PRIVE MICHAEL FARADAY DE SINEMATIALI_SECONDAIRE","type":"secondaire","district_region":null,"departement_commune":null,"verifie":true,"name":"COLLEGE PRIVE MICHAEL FARADAY DE SINEMATIALI_SECONDAIRE","source":"Géoportail ANSTAT"}},{"type":"Feature","geometry":{"type":"Point","coordinates":[-5.376436999999953,9.576933000000054]},"properties":{"id":127702,"nom":"COLLEGE MODERNE COULIBALY TIEMOKO YADE DE SINEMATI_SECONDAIRE","type":"secondaire","district_region":null,"departement_commune":null,"verifie":true,"name":"COLLEGE MODERNE COULIBALY TIEMOKO YADE DE SINEMATI_SECONDAIRE","source":"Géoportail ANSTAT"}},{"type":"Feature","geometry":{"type":"Point","coordinates":[-5.177347999999938,9.575207000000034]},"properties":{"id":127703,"nom":"COLLEGE PRIVE WEKITCHIN_SECONDAIRE","type":"secondaire","district_region":null,"departement_commune":null,"verifie":true,"name":"COLLEGE PRIVE WEKITCHIN_SECONDAIRE","source":"Géoportail ANSTAT"}},{"type":"Feature","geometry":{"type":"Point","coordinates":[-6.363639999999975,9.574600000000032]},"properties":{"id":127704,"nom":"COLLEGE MODERNE DE N DEOU_SECONDAIRE","type":"secondaire","district_region":null,"departement_commune":null,"verifie":true,"name":"COLLEGE MODERNE DE N DEOU_SECONDAIRE","source":"Géoportail ANSTAT"}},{"type":"Feature","geometry":{"type":"Point","coordinates":[-5.403399999999976,9.57074700000004]},"properties":{"id":127705,"nom":"LYCEE MUNICIPAL DE SINEMATIALI_SECONDAIRE","type":"secondaire","district_region":null,"departement_commune":null,"verifie":true,"name":"LYCEE MUNICIPAL DE SINEMATIALI_SECONDAIRE","source":"Géoportail ANSTAT"}},{"type":"Feature","geometry":{"type":"Point","coordinates":[-5.372299999999939,9.563840000000027]},"properties":{"id":127706,"nom":"COLLEGE PRIVE LOKAHA 2_SECONDAIRE","type":"secondaire","district_region":null,"departement_commune":null,"verifie":true,"name":"COLLEGE PRIVE LOKAHA 2_SECONDAIRE","source":"Géoportail ANSTAT"}},{"type":"Feature","geometry":{"type":"Point","coordinates":[-5.520919999999933,9.560527000000036]},"properties":{"id":127707,"nom":"COLLEGE MODERNE DE NANGAKAHA_SECONDAIRE","type":"secondaire","district_region":null,"departement_commune":null,"verifie":true,"name":"COLLEGE MODERNE DE NANGAKAHA_SECONDAIRE","source":"Géoportail ANSTAT"}},{"type":"Feature","geometry":{"type":"Point","coordinates":[-7.309999999999945,9.550000000000068]},"properties":{"id":127708,"nom":"LYCEE MODERNE DE TIEME_SECONDAIRE","type":"secondaire","district_region":null,"departement_commune":null,"verifie":true,"name":"LYCEE MODERNE DE TIEME_SECONDAIRE","source":"Géoportail ANSTAT"}},{"type":"Feature","geometry":{"type":"Point","coordinates":[-5.212067999999931,9.545517000000077]},"properties":{"id":127709,"nom":"COLLEGE PRIVE AKIRISSO DE FERKESSEDOUGOU_SECONDAIRE","type":"secondaire","district_region":null,"departement_commune":null,"verifie":true,"name":"COLLEGE PRIVE AKIRISSO DE FERKESSEDOUGOU_SECONDAIRE","source":"Géoportail ANSTAT"}},{"type":"Feature","geometry":{"type":"Point","coordinates":[-6.481027999999981,9.541601000000073]},"properties":{"id":127710,"nom":"COLLEGE PRIVE KATCHEM DE BOUNDIALI_SECONDAIRE","type":"secondaire","district_region":null,"departement_commune":null,"verifie":true,"name":"COLLEGE PRIVE KATCHEM DE BOUNDIALI_SECONDAIRE","source":"Géoportail ANSTAT"}},{"type":"Feature","geometry":{"type":"Point","coordinates":[-7.312101999999925,9.539138000000037]},"properties":{"id":127711,"nom":"COLLEGE PRIVE GROUPE SCOLAIRE ALAHALIYATE AL ISLAMIYATE DE TIEME_SECONDAIRE","type":"secondaire","district_region":null,"departement_commune":null,"verifie":true,"name":"COLLEGE PRIVE GROUPE SCOLAIRE ALAHALIYATE AL ISLAMIYATE DE TIEME_SECONDAIRE","source":"Géoportail ANSTAT"}},{"type":"Feature","geometry":{"type":"Point","coordinates":[-6.484249999999975,9.537270000000037]},"properties":{"id":127712,"nom":"COLLEGE PRIVE YATTASSAYE OUMAR_SECONDAIRE","type":"secondaire","district_region":null,"departement_commune":null,"verifie":true,"name":"COLLEGE PRIVE YATTASSAYE OUMAR_SECONDAIRE","source":"Géoportail ANSTAT"}},{"type":"Feature","geometry":{"type":"Point","coordinates":[-6.483402999999953,9.536721000000057]},"properties":{"id":127713,"nom":"LYCEE KONE IBRAHIM DE BOUNDIALI_SECONDAIRE","type":"secondaire","district_region":null,"departement_commune":null,"verifie":true,"name":"LYCEE KONE IBRAHIM DE BOUNDIALI_SECONDAIRE","source":"Géoportail ANSTAT"}},{"type":"Feature","geometry":{"type":"Point","coordinates":[-6.452576999999962,9.533878000000072]},"properties":{"id":127714,"nom":"COLLEGE PRIVE WEKAPIE DE BOUNDIALI_SECONDAIRE","type":"secondaire","district_region":null,"departement_commune":null,"verifie":true,"name":"COLLEGE PRIVE WEKAPIE DE BOUNDIALI_SECONDAIRE","source":"Géoportail ANSTAT"}},{"type":"Feature","geometry":{"type":"Point","coordinates":[-6.516347999999937,9.532813000000033]},"properties":{"id":127715,"nom":"COLLEGE MODERNE DE NONDARA_SECONDAIRE","type":"secondaire","district_region":null,"departement_commune":null,"verifie":true,"name":"COLLEGE MODERNE DE NONDARA_SECONDAIRE","source":"Géoportail ANSTAT"}},{"type":"Feature","geometry":{"type":"Point","coordinates":[-6.46999999999997,9.53000000000003]},"properties":{"id":127716,"nom":"COLLEGE PRIVE GOSSOUNGO PIERRE_SECONDAIRE","type":"secondaire","district_region":null,"departement_commune":null,"verifie":true,"name":"COLLEGE PRIVE GOSSOUNGO PIERRE_SECONDAIRE","source":"Géoportail ANSTAT"}},{"type":"Feature","geometry":{"type":"Point","coordinates":[-6.45999999999998,9.53000000000003]},"properties":{"id":127717,"nom":"COLLEGE PRIVE MONT HOREB DE GANAONI_SECONDAIRE","type":"secondaire","district_region":null,"departement_commune":null,"verifie":true,"name":"COLLEGE PRIVE MONT HOREB DE GANAONI_SECONDAIRE","source":"Géoportail ANSTAT"}},{"type":"Feature","geometry":{"type":"Point","coordinates":[-6.45999999999998,9.53000000000003]},"properties":{"id":127718,"nom":"COLLEGE PRIVE LA MONTAGNE DE SION DE PONONDOUGOU_SECONDAIRE","type":"secondaire","district_region":null,"departement_commune":null,"verifie":true,"name":"COLLEGE PRIVE LA MONTAGNE DE SION DE PONONDOUGOU_SECONDAIRE","source":"Géoportail ANSTAT"}},{"type":"Feature","geometry":{"type":"Point","coordinates":[-6.443270999999925,9.529420000000073]},"properties":{"id":127719,"nom":"COLLEGE PRIVE LOMANAN DE BOUNDIALI_SECONDAIRE","type":"secondaire","district_region":null,"departement_commune":null,"verifie":true,"name":"COLLEGE PRIVE LOMANAN DE BOUNDIALI_SECONDAIRE","source":"Géoportail ANSTAT"}},{"type":"Feature","geometry":{"type":"Point","coordinates":[-6.464624999999955,9.526083000000028]},"properties":{"id":127720,"nom":"COLLEGE MODERNE DE BOUNDIALI_SECONDAIRE","type":"secondaire","district_region":null,"departement_commune":null,"verifie":true,"name":"COLLEGE MODERNE DE BOUNDIALI_SECONDAIRE","source":"Géoportail ANSTAT"}},{"type":"Feature","geometry":{"type":"Point","coordinates":[-7.787621999999942,9.52586400000007]},"properties":{"id":127721,"nom":"COLLEGE MODERNE DE KROUKRO-MAFELE_SECONDAIRE","type":"secondaire","district_region":null,"departement_commune":null,"verifie":true,"name":"COLLEGE MODERNE DE KROUKRO-MAFELE_SECONDAIRE","source":"Géoportail ANSTAT"}},{"type":"Feature","geometry":{"type":"Point","coordinates":[-5.864499999999964,9.524568000000045]},"properties":{"id":127722,"nom":"COLLEGE PRIVE CHEICK ET KORO DE KORHOGO_SECONDAIRE","type":"secondaire","district_region":null,"departement_commune":null,"verifie":true,"name":"COLLEGE PRIVE CHEICK ET KORO DE KORHOGO_SECONDAIRE","source":"Géoportail ANSTAT"}},{"type":"Feature","geometry":{"type":"Point","coordinates":[-7.569707999999935,9.523505000000055]},"properties":{"id":127723,"nom":"COLLEGE PRIVE EXCELLENCE KABADOUGOU D ODIENNE_SECONDAIRE","type":"secondaire","district_region":null,"departement_commune":null,"verifie":true,"name":"COLLEGE PRIVE EXCELLENCE KABADOUGOU D ODIENNE_SECONDAIRE","source":"Géoportail ANSTAT"}},{"type":"Feature","geometry":{"type":"Point","coordinates":[-6.467074999999966,9.520731000000067]},"properties":{"id":127724,"nom":"COLLEGE PRIVE LE CHALLENGER DE BOUNDIALI_SECONDAIRE","type":"secondaire","district_region":null,"departement_commune":null,"verifie":true,"name":"COLLEGE PRIVE LE CHALLENGER DE BOUNDIALI_SECONDAIRE","source":"Géoportail ANSTAT"}},{"type":"Feature","geometry":{"type":"Point","coordinates":[-6.19098699999995,9.520354000000054]},"properties":{"id":127725,"nom":"COLLEGE PRIVE LA DISTINCTION DE SIEMPURGO_SECONDAIRE","type":"secondaire","district_region":null,"departement_commune":null,"verifie":true,"name":"COLLEGE PRIVE LA DISTINCTION DE SIEMPURGO_SECONDAIRE","source":"Géoportail ANSTAT"}},{"type":"Feature","geometry":{"type":"Point","coordinates":[-6.20169999999996,9.520053000000075]},"properties":{"id":127726,"nom":"COLLEGE MODERNE DE SIEMPURGO_SECONDAIRE","type":"secondaire","district_region":null,"departement_commune":null,"verifie":true,"name":"COLLEGE MODERNE DE SIEMPURGO_SECONDAIRE","source":"Géoportail ANSTAT"}},{"type":"Feature","geometry":{"type":"Point","coordinates":[-6.474040999999943,9.518300000000067]},"properties":{"id":127727,"nom":"COLLEGE PRIVE TIENE LAMA BOUNDIALI_SECONDAIRE","type":"secondaire","district_region":null,"departement_commune":null,"verifie":true,"name":"COLLEGE PRIVE TIENE LAMA BOUNDIALI_SECONDAIRE","source":"Géoportail ANSTAT"}},{"type":"Feature","geometry":{"type":"Point","coordinates":[-5.169559999999933,9.517439000000024]},"properties":{"id":127728,"nom":"COLLEGE MODERNE KOUMBALA_SECONDAIRE","type":"secondaire","district_region":null,"departement_commune":null,"verifie":true,"name":"COLLEGE MODERNE KOUMBALA_SECONDAIRE","source":"Géoportail ANSTAT"}},{"type":"Feature","geometry":{"type":"Point","coordinates":[-6.492226999999957,9.516128000000036]},"properties":{"id":127729,"nom":"COLLEGE PRIVE COULIBALY DOLA DE BOUNDIALI_SECONDAIRE","type":"secondaire","district_region":null,"departement_commune":null,"verifie":true,"name":"COLLEGE PRIVE COULIBALY DOLA DE BOUNDIALI_SECONDAIRE","source":"Géoportail ANSTAT"}},{"type":"Feature","geometry":{"type":"Point","coordinates":[-5.816431999999963,9.514087000000076]},"properties":{"id":127730,"nom":"COLLEGE PRIVE SOPHIA DE KORHOGO_SECONDAIRE","type":"secondaire","district_region":null,"departement_commune":null,"verifie":true,"name":"COLLEGE PRIVE SOPHIA DE KORHOGO_SECONDAIRE","source":"Géoportail ANSTAT"}},{"type":"Feature","geometry":{"type":"Point","coordinates":[-5.816446999999926,9.514060000000027]},"properties":{"id":127731,"nom":"COLLEGE MODERNE DE FAPAHA_SECONDAIRE","type":"secondaire","district_region":null,"departement_commune":null,"verifie":true,"name":"COLLEGE MODERNE DE FAPAHA_SECONDAIRE","source":"Géoportail ANSTAT"}},{"type":"Feature","geometry":{"type":"Point","coordinates":[-7.57182599999993,9.513692000000049]},"properties":{"id":127732,"nom":"COLLEGE PRIVE EL ITRATOU TAHIRA D ODIENNE_SECONDAIRE","type":"secondaire","district_region":null,"departement_commune":null,"verifie":true,"name":"COLLEGE PRIVE EL ITRATOU TAHIRA D ODIENNE_SECONDAIRE","source":"Géoportail ANSTAT"}},{"type":"Feature","geometry":{"type":"Point","coordinates":[-7.539930999999967,9.512800000000029]},"properties":{"id":127733,"nom":"COLLEGE PRIVE HADJA GBATIGUI ODIENNE_SECONDAIRE","type":"secondaire","district_region":null,"departement_commune":null,"verifie":true,"name":"COLLEGE PRIVE HADJA GBATIGUI ODIENNE_SECONDAIRE","source":"Géoportail ANSTAT"}},{"type":"Feature","geometry":{"type":"Point","coordinates":[-6.482249999999965,9.511618000000055]},"properties":{"id":127734,"nom":"COLLEGE PRIVE SAHOUYADALLA DE BOUNDIALI_SECONDAIRE","type":"secondaire","district_region":null,"departement_commune":null,"verifie":true,"name":"COLLEGE PRIVE SAHOUYADALLA DE BOUNDIALI_SECONDAIRE","source":"Géoportail ANSTAT"}},{"type":"Feature","geometry":{"type":"Point","coordinates":[-5.472929999999963,9.510934000000075]},"properties":{"id":127735,"nom":"COLLEGE MODERNE DE SEDIOGO_SECONDAIRE","type":"secondaire","district_region":null,"departement_commune":null,"verifie":true,"name":"COLLEGE MODERNE DE SEDIOGO_SECONDAIRE","source":"Géoportail ANSTAT"}},{"type":"Feature","geometry":{"type":"Point","coordinates":[-6.461138999999946,9.510350000000074]},"properties":{"id":127736,"nom":"LYCEE MARIATOU KONE DE BOUNDIALI_SECONDAIRE","type":"secondaire","district_region":null,"departement_commune":null,"verifie":true,"name":"LYCEE MARIATOU KONE DE BOUNDIALI_SECONDAIRE","source":"Géoportail ANSTAT"}},{"type":"Feature","geometry":{"type":"Point","coordinates":[-7.582375999999954,9.510118000000034]},"properties":{"id":127737,"nom":"COLLEGE PRIVE LE DENGUELE D ODIENNE_SECONDAIRE","type":"secondaire","district_region":null,"departement_commune":null,"verifie":true,"name":"COLLEGE PRIVE LE DENGUELE D ODIENNE_SECONDAIRE","source":"Géoportail ANSTAT"}},{"type":"Feature","geometry":{"type":"Point","coordinates":[-6.477569999999957,9.509030000000052]},"properties":{"id":127738,"nom":"COLLEGE PRIVE TECHNIQUE D BALLO DE BOUNDIALI_SECONDAIRE","type":"secondaire","district_region":null,"departement_commune":null,"verifie":true,"name":"COLLEGE PRIVE TECHNIQUE D BALLO DE BOUNDIALI_SECONDAIRE","source":"Géoportail ANSTAT"}},{"type":"Feature","geometry":{"type":"Point","coordinates":[-7.972612999999967,9.503720000000044]},"properties":{"id":127739,"nom":"COLLEGE MODERNE DE SEYDOUGOU_SECONDAIRE","type":"secondaire","district_region":null,"departement_commune":null,"verifie":true,"name":"COLLEGE MODERNE DE SEYDOUGOU_SECONDAIRE","source":"Géoportail ANSTAT"}},{"type":"Feature","geometry":{"type":"Point","coordinates":[-7.034275999999977,9.502774000000043]},"properties":{"id":127740,"nom":"COLLEGE MODERNE DE KOKOUN_SECONDAIRE","type":"secondaire","district_region":null,"departement_commune":null,"verifie":true,"name":"COLLEGE MODERNE DE KOKOUN_SECONDAIRE","source":"Géoportail ANSTAT"}},{"type":"Feature","geometry":{"type":"Point","coordinates":[-7.549257999999952,9.50273500000003]},"properties":{"id":127741,"nom":"COURS SECONDAIRE CATHOLIQUE GARCONS ST JEAN PAUL 2 D ODIENNE_SECONDAIRE","type":"secondaire","district_region":null,"departement_commune":null,"verifie":true,"name":"COURS SECONDAIRE CATHOLIQUE GARCONS ST JEAN PAUL 2 D ODIENNE_SECONDAIRE","source":"Géoportail ANSTAT"}},{"type":"Feature","geometry":{"type":"Point","coordinates":[-5.281657999999936,9.500239000000022]},"properties":{"id":127742,"nom":"COLLEGE MODERNE VILLAGE C_SECONDAIRE","type":"secondaire","district_region":null,"departement_commune":null,"verifie":true,"name":"COLLEGE MODERNE VILLAGE C_SECONDAIRE","source":"Géoportail ANSTAT"}},{"type":"Feature","geometry":{"type":"Point","coordinates":[-5.668581999999958,9.499315000000024]},"properties":{"id":127743,"nom":"COLLEGE LA FORET CLASSEE DE KORHOGO_SECONDAIRE","type":"secondaire","district_region":null,"departement_commune":null,"verifie":true,"name":"COLLEGE LA FORET CLASSEE DE KORHOGO_SECONDAIRE","source":"Géoportail ANSTAT"}},{"type":"Feature","geometry":{"type":"Point","coordinates":[-7.559399999999926,9.499220000000037]},"properties":{"id":127744,"nom":"LYCEE MODERNE 2 ODIENNE_SECONDAIRE","type":"secondaire","district_region":null,"departement_commune":null,"verifie":true,"name":"LYCEE MODERNE 2 ODIENNE_SECONDAIRE","source":"Géoportail ANSTAT"}},{"type":"Feature","geometry":{"type":"Point","coordinates":[-5.41853999999995,9.499085000000036]},"properties":{"id":127745,"nom":"COLLEGE MODERNE DE BAHOUAKAHA_SECONDAIRE","type":"secondaire","district_region":null,"departement_commune":null,"verifie":true,"name":"COLLEGE MODERNE DE BAHOUAKAHA_SECONDAIRE","source":"Géoportail ANSTAT"}},{"type":"Feature","geometry":{"type":"Point","coordinates":[-7.548999999999978,9.499000000000024]},"properties":{"id":127746,"nom":"COLLEGE MODERNE ODIENNE_SECONDAIRE","type":"secondaire","district_region":null,"departement_commune":null,"verifie":true,"name":"COLLEGE MODERNE ODIENNE_SECONDAIRE","source":"Géoportail ANSTAT"}},{"type":"Feature","geometry":{"type":"Point","coordinates":[-7.576899999999966,9.49797300000006]},"properties":{"id":127747,"nom":"COLLEGE PRIVE ABY BAKAR SIDIK  D ODIENNE_SECONDAIRE","type":"secondaire","district_region":null,"departement_commune":null,"verifie":true,"name":"COLLEGE PRIVE ABY BAKAR SIDIK  D ODIENNE_SECONDAIRE","source":"Géoportail ANSTAT"}},{"type":"Feature","geometry":{"type":"Point","coordinates":[-5.662886999999955,9.496320000000026]},"properties":{"id":127748,"nom":"COLLEGE PRIVE DJIGUIYA DE OUAMELHORO 2 DE KORHOGO_SECONDAIRE","type":"secondaire","district_region":null,"departement_commune":null,"verifie":true,"name":"COLLEGE PRIVE DJIGUIYA DE OUAMELHORO 2 DE KORHOGO_SECONDAIRE","source":"Géoportail ANSTAT"}},{"type":"Feature","geometry":{"type":"Point","coordinates":[-5.737470999999971,9.495089000000064]},"properties":{"id":127749,"nom":"COLLEGE MODERNE DE NANGASSEREGUE_SECONDAIRE","type":"secondaire","district_region":null,"departement_commune":null,"verifie":true,"name":"COLLEGE MODERNE DE NANGASSEREGUE_SECONDAIRE","source":"Géoportail ANSTAT"}},{"type":"Feature","geometry":{"type":"Point","coordinates":[-5.639348999999925,9.493629000000055]},"properties":{"id":127750,"nom":"COLLEGE PRIVE LE FROMAGER DE KORHOGO_SECONDAIRE","type":"secondaire","district_region":null,"departement_commune":null,"verifie":true,"name":"COLLEGE PRIVE LE FROMAGER DE KORHOGO_SECONDAIRE","source":"Géoportail ANSTAT"}},{"type":"Feature","geometry":{"type":"Point","coordinates":[-5.643339999999966,9.493257000000028]},"properties":{"id":127751,"nom":"COLLEGE EL ITRATOU TAHIRA KORHOGO_SECONDAIRE","type":"secondaire","district_region":null,"departement_commune":null,"verifie":true,"name":"COLLEGE EL ITRATOU TAHIRA KORHOGO_SECONDAIRE","source":"Géoportail ANSTAT"}},{"type":"Feature","geometry":{"type":"Point","coordinates":[-5.603502999999932,9.491584000000046]},"properties":{"id":127752,"nom":"COLLEGE MODERNE GBON COULIBALY DE NATIO KOBADARA_SECONDAIRE","type":"secondaire","district_region":null,"departement_commune":null,"verifie":true,"name":"COLLEGE MODERNE GBON COULIBALY DE NATIO KOBADARA_SECONDAIRE","source":"Géoportail ANSTAT"}},{"type":"Feature","geometry":{"type":"Point","coordinates":[-5.593592999999942,9.490857000000062]},"properties":{"id":127753,"nom":"COLLEGE PRIVE LES BATISSEURS DE KORHOGO_SECONDAIRE","type":"secondaire","district_region":null,"departement_commune":null,"verifie":true,"name":"COLLEGE PRIVE LES BATISSEURS DE KORHOGO_SECONDAIRE","source":"Géoportail ANSTAT"}},{"type":"Feature","geometry":{"type":"Point","coordinates":[-7.570610999999928,9.49068600000004]},"properties":{"id":127754,"nom":"COLLEGE PRIVE ETIC_SECONDAIRE","type":"secondaire","district_region":null,"departement_commune":null,"verifie":true,"name":"COLLEGE PRIVE ETIC_SECONDAIRE","source":"Géoportail ANSTAT"}},{"type":"Feature","geometry":{"type":"Point","coordinates":[-7.559999999999945,9.490000000000066]},"properties":{"id":127755,"nom":"COLLEGE MODERNE ET TECHNIQUE DIABY D ODIENNE_SECONDAIRE","type":"secondaire","district_region":null,"departement_commune":null,"verifie":true,"name":"COLLEGE MODERNE ET TECHNIQUE DIABY D ODIENNE_SECONDAIRE","source":"Géoportail ANSTAT"}},{"type":"Feature","geometry":{"type":"Point","coordinates":[-7.559999999999945,9.490000000000066]},"properties":{"id":127756,"nom":"GROUPE SCOLAIRE MAMADOU COULIBALY_SECONDAIRE","type":"secondaire","district_region":null,"departement_commune":null,"verifie":true,"name":"GROUPE SCOLAIRE MAMADOU COULIBALY_SECONDAIRE","source":"Géoportail ANSTAT"}},{"type":"Feature","geometry":{"type":"Point","coordinates":[-5.63999999999993,9.490000000000066]},"properties":{"id":127757,"nom":"COLLEGE PRIVE SILUE TCHORNA DE KORHOGO_SECONDAIRE","type":"secondaire","district_region":null,"departement_commune":null,"verifie":true,"name":"COLLEGE PRIVE SILUE TCHORNA DE KORHOGO_SECONDAIRE","source":"Géoportail ANSTAT"}},{"type":"Feature","geometry":{"type":"Point","coordinates":[-5.649851999999953,9.489332000000047]},"properties":{"id":127758,"nom":"COLLEGE PRIVE AL AMAL DE KORHOGO_SECONDAIRE","type":"secondaire","district_region":null,"departement_commune":null,"verifie":true,"name":"COLLEGE PRIVE AL AMAL DE KORHOGO_SECONDAIRE","source":"Géoportail ANSTAT"}},{"type":"Feature","geometry":{"type":"Point","coordinates":[-5.611989999999935,9.489297000000022]},"properties":{"id":127759,"nom":"COLLEGE PRIVE NADJALA DE KORHOGO_SECONDAIRE","type":"secondaire","district_region":null,"departement_commune":null,"verifie":true,"name":"COLLEGE PRIVE NADJALA DE KORHOGO_SECONDAIRE","source":"Géoportail ANSTAT"}},{"type":"Feature","geometry":{"type":"Point","coordinates":[-5.667980999999941,9.489076000000068]},"properties":{"id":127760,"nom":"COLLEGE PRIVE BLAISE COMPAORE_SECONDAIRE","type":"secondaire","district_region":null,"departement_commune":null,"verifie":true,"name":"COLLEGE PRIVE BLAISE COMPAORE_SECONDAIRE","source":"Géoportail ANSTAT"}},{"type":"Feature","geometry":{"type":"Point","coordinates":[-5.045729999999935,9.486354000000064]},"properties":{"id":127761,"nom":"COLLEGE MODERNE DE TOGONIERE_SECONDAIRE","type":"secondaire","district_region":null,"departement_commune":null,"verifie":true,"name":"COLLEGE MODERNE DE TOGONIERE_SECONDAIRE","source":"Géoportail ANSTAT"}},{"type":"Feature","geometry":{"type":"Point","coordinates":[-5.672356999999977,9.48613800000004]},"properties":{"id":127762,"nom":"COLLEGE PRIVE NAHOUA DONGUI DE KORHOGO_SECONDAIRE","type":"secondaire","district_region":null,"departement_commune":null,"verifie":true,"name":"COLLEGE PRIVE NAHOUA DONGUI DE KORHOGO_SECONDAIRE","source":"Géoportail ANSTAT"}},{"type":"Feature","geometry":{"type":"Point","coordinates":[-5.631709999999941,9.486112000000048]},"properties":{"id":127763,"nom":"COLLEGE BETHLEEM KORHOGO_SECONDAIRE","type":"secondaire","district_region":null,"departement_commune":null,"verifie":true,"name":"COLLEGE BETHLEEM KORHOGO_SECONDAIRE","source":"Géoportail ANSTAT"}},{"type":"Feature","geometry":{"type":"Point","coordinates":[-5.64026999999993,9.48520700000006]},"properties":{"id":127764,"nom":"COLLEGE PRIVE SAKAFAT ISLAMIAT DE KORHOGO_SECONDAIRE","type":"secondaire","district_region":null,"departement_commune":null,"verifie":true,"name":"COLLEGE PRIVE SAKAFAT ISLAMIAT DE KORHOGO_SECONDAIRE","source":"Géoportail ANSTAT"}},{"type":"Feature","geometry":{"type":"Point","coordinates":[-5.643836999999962,9.484340000000032]},"properties":{"id":127765,"nom":"COLLEGE PRIVE KATCHAM_SECONDAIRE","type":"secondaire","district_region":null,"departement_commune":null,"verifie":true,"name":"COLLEGE PRIVE KATCHAM_SECONDAIRE","source":"Géoportail ANSTAT"}},{"type":"Feature","geometry":{"type":"Point","coordinates":[-5.590473999999972,9.481364000000042]},"properties":{"id":127766,"nom":"COLLEGE PRIVE SANDRINE POROTIO SORO DE KORHOGO_SECONDAIRE","type":"secondaire","district_region":null,"departement_commune":null,"verifie":true,"name":"COLLEGE PRIVE SANDRINE POROTIO SORO DE KORHOGO_SECONDAIRE","source":"Géoportail ANSTAT"}},{"type":"Feature","geometry":{"type":"Point","coordinates":[-5.643969999999968,9.480046000000073]},"properties":{"id":127767,"nom":"LYCEE DOMINIQUE OUATTARA DE KORHOGO_SECONDAIRE","type":"secondaire","district_region":null,"departement_commune":null,"verifie":true,"name":"LYCEE DOMINIQUE OUATTARA DE KORHOGO_SECONDAIRE","source":"Géoportail ANSTAT"}},{"type":"Feature","geometry":{"type":"Point","coordinates":[-7.599999999999966,9.480000000000077]},"properties":{"id":127768,"nom":"LYCEE MODERNE 1 ODIENNE_SECONDAIRE","type":"secondaire","district_region":null,"departement_commune":null,"verifie":true,"name":"LYCEE MODERNE 1 ODIENNE_SECONDAIRE","source":"Géoportail ANSTAT"}},{"type":"Feature","geometry":{"type":"Point","coordinates":[-5.615445999999963,9.477187000000072]},"properties":{"id":127769,"nom":"COLLEGE PRIVE GENERAL ET TECHNIQUE SODEC KORHOGO_SECONDAIRE","type":"secondaire","district_region":null,"departement_commune":null,"verifie":true,"name":"COLLEGE PRIVE GENERAL ET TECHNIQUE SODEC KORHOGO_SECONDAIRE","source":"Géoportail ANSTAT"}},{"type":"Feature","geometry":{"type":"Point","coordinates":[-5.66581999999994,9.476230000000044]},"properties":{"id":127770,"nom":"COLLEGE PRIVE D1 ET SPORTIF DE KORHOGO_SECONDAIRE","type":"secondaire","district_region":null,"departement_commune":null,"verifie":true,"name":"COLLEGE PRIVE D1 ET SPORTIF DE KORHOGO_SECONDAIRE","source":"Géoportail ANSTAT"}},{"type":"Feature","geometry":{"type":"Point","coordinates":[-5.630976999999973,9.470264000000045]},"properties":{"id":127771,"nom":"COLLEGE GUESSONGUILE PAUL-MARIE_SECONDAIRE","type":"secondaire","district_region":null,"departement_commune":null,"verifie":true,"name":"COLLEGE GUESSONGUILE PAUL-MARIE_SECONDAIRE","source":"Géoportail ANSTAT"}},{"type":"Feature","geometry":{"type":"Point","coordinates":[-5.68185699999998,9.470083000000043]},"properties":{"id":127772,"nom":"COLLEGE PRIVE MASSA BARIKA DE KORHOGO_SECONDAIRE","type":"secondaire","district_region":null,"departement_commune":null,"verifie":true,"name":"COLLEGE PRIVE MASSA BARIKA DE KORHOGO_SECONDAIRE","source":"Géoportail ANSTAT"}},{"type":"Feature","geometry":{"type":"Point","coordinates":[-5.619999999999948,9.470000000000027]},"properties":{"id":127773,"nom":"COLLEGE PRIVE LAGNON_SECONDAIRE","type":"secondaire","district_region":null,"departement_commune":null,"verifie":true,"name":"COLLEGE PRIVE LAGNON_SECONDAIRE","source":"Géoportail ANSTAT"}},{"type":"Feature","geometry":{"type":"Point","coordinates":[-4.999999999999943,9.470000000000027]},"properties":{"id":127774,"nom":"COLLEGE PRIVE SOULEYMANE SAKROU DE KORHOGO_SECONDAIRE","type":"secondaire","district_region":null,"departement_commune":null,"verifie":true,"name":"COLLEGE PRIVE SOULEYMANE SAKROU DE KORHOGO_SECONDAIRE","source":"Géoportail ANSTAT"}},{"type":"Feature","geometry":{"type":"Point","coordinates":[-5.583300999999949,9.469438000000023]},"properties":{"id":127775,"nom":"COLLEGE PRIVE KLOKAKAHA DE KORHOGO_SECONDAIRE","type":"secondaire","district_region":null,"departement_commune":null,"verifie":true,"name":"COLLEGE PRIVE KLOKAKAHA DE KORHOGO_SECONDAIRE","source":"Géoportail ANSTAT"}},{"type":"Feature","geometry":{"type":"Point","coordinates":[-5.635508999999956,9.468454000000063]},"properties":{"id":127776,"nom":"COLLEGE PRIVE LA NOUVELLE ECOLE ISLAMIQUE COULIBAL_SECONDAIRE","type":"secondaire","district_region":null,"departement_commune":null,"verifie":true,"name":"COLLEGE PRIVE LA NOUVELLE ECOLE ISLAMIQUE COULIBAL_SECONDAIRE","source":"Géoportail ANSTAT"}},{"type":"Feature","geometry":{"type":"Point","coordinates":[-5.654174999999952,9.467029000000023]},"properties":{"id":127777,"nom":"COLLEGE PRIVE SAVANES_SECONDAIRE","type":"secondaire","district_region":null,"departement_commune":null,"verifie":true,"name":"COLLEGE PRIVE SAVANES_SECONDAIRE","source":"Géoportail ANSTAT"}},{"type":"Feature","geometry":{"type":"Point","coordinates":[-5.610676999999953,9.466437000000042]},"properties":{"id":127778,"nom":"COLLEGE CATHOLIQUE MARCELLIN CHAMPAGNAT_SECONDAIRE","type":"secondaire","district_region":null,"departement_commune":null,"verifie":true,"name":"COLLEGE CATHOLIQUE MARCELLIN CHAMPAGNAT_SECONDAIRE","source":"Géoportail ANSTAT"}},{"type":"Feature","geometry":{"type":"Point","coordinates":[-5.605101999999931,9.466296000000057]},"properties":{"id":127779,"nom":"COLLEGE PRIVE GNOUDANGAN DE DOKAHA_SECONDAIRE","type":"secondaire","district_region":null,"departement_commune":null,"verifie":true,"name":"COLLEGE PRIVE GNOUDANGAN DE DOKAHA_SECONDAIRE","source":"Géoportail ANSTAT"}},{"type":"Feature","geometry":{"type":"Point","coordinates":[-5.659739999999942,9.46321000000006]},"properties":{"id":127780,"nom":"COLLEGE SONA HABIB DE KORHOGO_SECONDAIRE","type":"secondaire","district_region":null,"departement_commune":null,"verifie":true,"name":"COLLEGE SONA HABIB DE KORHOGO_SECONDAIRE","source":"Géoportail ANSTAT"}},{"type":"Feature","geometry":{"type":"Point","coordinates":[-5.646423999999968,9.462094000000036]},"properties":{"id":127781,"nom":"COLLEGE BAPTISTE AEBECI DE KORHOGO_SECONDAIRE","type":"secondaire","district_region":null,"departement_commune":null,"verifie":true,"name":"COLLEGE BAPTISTE AEBECI DE KORHOGO_SECONDAIRE","source":"Géoportail ANSTAT"}},{"type":"Feature","geometry":{"type":"Point","coordinates":[-5.649599999999964,9.461700000000064]},"properties":{"id":127782,"nom":"COLLEGE PRIVE CALAO_SECONDAIRE","type":"secondaire","district_region":null,"departement_commune":null,"verifie":true,"name":"COLLEGE PRIVE CALAO_SECONDAIRE","source":"Géoportail ANSTAT"}},{"type":"Feature","geometry":{"type":"Point","coordinates":[-5.599328999999955,9.45843000000002]},"properties":{"id":127783,"nom":"COLLEGE PRIVE TECHNIQUE TENIN KARNA 2 D OSSIENE_SECONDAIRE","type":"secondaire","district_region":null,"departement_commune":null,"verifie":true,"name":"COLLEGE PRIVE TECHNIQUE TENIN KARNA 2 D OSSIENE_SECONDAIRE","source":"Géoportail ANSTAT"}},{"type":"Feature","geometry":{"type":"Point","coordinates":[-5.640367999999967,9.455515000000048]},"properties":{"id":127784,"nom":"COLLEGE MODERNE BARTHELEMY CARDOZI DE KORHOGO_SECONDAIRE","type":"secondaire","district_region":null,"departement_commune":null,"verifie":true,"name":"COLLEGE MODERNE BARTHELEMY CARDOZI DE KORHOGO_SECONDAIRE","source":"Géoportail ANSTAT"}},{"type":"Feature","geometry":{"type":"Point","coordinates":[-5.60037699999998,9.455210000000022]},"properties":{"id":127785,"nom":"COLLEGE PRIVE GALILEO_SECONDAIRE","type":"secondaire","district_region":null,"departement_commune":null,"verifie":true,"name":"COLLEGE PRIVE GALILEO_SECONDAIRE","source":"Géoportail ANSTAT"}},{"type":"Feature","geometry":{"type":"Point","coordinates":[-5.659636999999975,9.45432500000004]},"properties":{"id":127786,"nom":"COLLEGE PRIVE SAKANOKO LOSSENI_SECONDAIRE","type":"secondaire","district_region":null,"departement_commune":null,"verifie":true,"name":"COLLEGE PRIVE SAKANOKO LOSSENI_SECONDAIRE","source":"Géoportail ANSTAT"}},{"type":"Feature","geometry":{"type":"Point","coordinates":[-5.642691999999954,9.453322000000073]},"properties":{"id":127787,"nom":"LYCEE MODERNE DE KORHOGO_SECONDAIRE","type":"secondaire","district_region":null,"departement_commune":null,"verifie":true,"name":"LYCEE MODERNE DE KORHOGO_SECONDAIRE","source":"Géoportail ANSTAT"}},{"type":"Feature","geometry":{"type":"Point","coordinates":[-5.657369999999958,9.452922000000058]},"properties":{"id":127788,"nom":"COLLEGE PRIVE BEFAGA COULIBALY_SECONDAIRE","type":"secondaire","district_region":null,"departement_commune":null,"verifie":true,"name":"COLLEGE PRIVE BEFAGA COULIBALY_SECONDAIRE","source":"Géoportail ANSTAT"}},{"type":"Feature","geometry":{"type":"Point","coordinates":[-7.252404999999953,9.452672000000064]},"properties":{"id":127789,"nom":"COLLEGE MODERNE DE LINGOHO_SECONDAIRE","type":"secondaire","district_region":null,"departement_commune":null,"verifie":true,"name":"COLLEGE MODERNE DE LINGOHO_SECONDAIRE","source":"Géoportail ANSTAT"}},{"type":"Feature","geometry":{"type":"Point","coordinates":[-5.629318999999953,9.452173000000071]},"properties":{"id":127790,"nom":"COLLEGE CATHOLIQUE SAINTE ELISABETH_SECONDAIRE","type":"secondaire","district_region":null,"departement_commune":null,"verifie":true,"name":"COLLEGE CATHOLIQUE SAINTE ELISABETH_SECONDAIRE","source":"Géoportail ANSTAT"}},{"type":"Feature","geometry":{"type":"Point","coordinates":[-5.61322999999993,9.451842000000056]},"properties":{"id":127791,"nom":"COLLEGE PRIVE TENIN KARNA_SECONDAIRE","type":"secondaire","district_region":null,"departement_commune":null,"verifie":true,"name":"COLLEGE PRIVE TENIN KARNA_SECONDAIRE","source":"Géoportail ANSTAT"}},{"type":"Feature","geometry":{"type":"Point","coordinates":[-5.651534999999967,9.450236000000077]},"properties":{"id":127792,"nom":"COLLEGE PRIVE TECHNIQUE ETIC DE KORHOGO_SECONDAIRE","type":"secondaire","district_region":null,"departement_commune":null,"verifie":true,"name":"COLLEGE PRIVE TECHNIQUE ETIC DE KORHOGO_SECONDAIRE","source":"Géoportail ANSTAT"}},{"type":"Feature","geometry":{"type":"Point","coordinates":[-5.609535999999935,9.449970000000064]},"properties":{"id":127793,"nom":"COLLEGE PRIVE ZIE BETHLEEM DE TIASSO_SECONDAIRE","type":"secondaire","district_region":null,"departement_commune":null,"verifie":true,"name":"COLLEGE PRIVE ZIE BETHLEEM DE TIASSO_SECONDAIRE","source":"Géoportail ANSTAT"}},{"type":"Feature","geometry":{"type":"Point","coordinates":[-5.607216999999935,9.449618000000044]},"properties":{"id":127794,"nom":"COLLEGE BETHLEEM 3 KASSIRIME_SECONDAIRE","type":"secondaire","district_region":null,"departement_commune":null,"verifie":true,"name":"COLLEGE BETHLEEM 3 KASSIRIME_SECONDAIRE","source":"Géoportail ANSTAT"}},{"type":"Feature","geometry":{"type":"Point","coordinates":[-5.64239699999996,9.448889000000063]},"properties":{"id":127795,"nom":"COURS NAFITINI_SECONDAIRE","type":"secondaire","district_region":null,"departement_commune":null,"verifie":true,"name":"COURS NAFITINI_SECONDAIRE","source":"Géoportail ANSTAT"}},{"type":"Feature","geometry":{"type":"Point","coordinates":[-5.633676999999977,9.44713500000006]},"properties":{"id":127796,"nom":"LYCEE MODERNE DE SIRASSO_SECONDAIRE","type":"secondaire","district_region":null,"departement_commune":null,"verifie":true,"name":"LYCEE MODERNE DE SIRASSO_SECONDAIRE","source":"Géoportail ANSTAT"}},{"type":"Feature","geometry":{"type":"Point","coordinates":[-5.654484999999966,9.446948000000075]},"properties":{"id":127797,"nom":"COLLEGE PRIVE ZIE BETHLEEM D ODIA_SECONDAIRE","type":"secondaire","district_region":null,"departement_commune":null,"verifie":true,"name":"COLLEGE PRIVE ZIE BETHLEEM D ODIA_SECONDAIRE","source":"Géoportail ANSTAT"}},{"type":"Feature","geometry":{"type":"Point","coordinates":[-5.654484999999966,9.446948000000075]},"properties":{"id":127798,"nom":"COLLEGE PRIVE YELIGUE ZANGA DE NIOFOIN_SECONDAIRE","type":"secondaire","district_region":null,"departement_commune":null,"verifie":true,"name":"COLLEGE PRIVE YELIGUE ZANGA DE NIOFOIN_SECONDAIRE","source":"Géoportail ANSTAT"}},{"type":"Feature","geometry":{"type":"Point","coordinates":[-5.654484999999966,9.446948000000075]},"properties":{"id":127799,"nom":"COLLEGE PRIVE EXCELLENCE DU MONT KORHOGO_SECONDAIRE","type":"secondaire","district_region":null,"departement_commune":null,"verifie":true,"name":"COLLEGE PRIVE EXCELLENCE DU MONT KORHOGO_SECONDAIRE","source":"Géoportail ANSTAT"}},{"type":"Feature","geometry":{"type":"Point","coordinates":[-5.628283999999951,9.44601300000005]},"properties":{"id":127800,"nom":"GOLLEGE TECHNIQUE ET PROFESSIONNEL ALY CHIGATA_SECONDAIRE","type":"secondaire","district_region":null,"departement_commune":null,"verifie":true,"name":"GOLLEGE TECHNIQUE ET PROFESSIONNEL ALY CHIGATA_SECONDAIRE","source":"Géoportail ANSTAT"}},{"type":"Feature","geometry":{"type":"Point","coordinates":[-5.634074999999939,9.445618000000024]},"properties":{"id":127801,"nom":"COLLEGE COULIBALY SONA HABIB LACINA DE KORHOGO_SECONDAIRE","type":"secondaire","district_region":null,"departement_commune":null,"verifie":true,"name":"COLLEGE COULIBALY SONA HABIB LACINA DE KORHOGO_SECONDAIRE","source":"Géoportail ANSTAT"}},{"type":"Feature","geometry":{"type":"Point","coordinates":[-5.979681999999968,9.44473800000003]},"properties":{"id":127802,"nom":"COLLEGE PRIVE TENENA DENIS DE KOMBOLOKORO_SECONDAIRE","type":"secondaire","district_region":null,"departement_commune":null,"verifie":true,"name":"COLLEGE PRIVE TENENA DENIS DE KOMBOLOKORO_SECONDAIRE","source":"Géoportail ANSTAT"}},{"type":"Feature","geometry":{"type":"Point","coordinates":[-5.661540999999943,9.444690000000035]},"properties":{"id":127803,"nom":"COLLEGE PRIVE KERESSIGUE KONE_SECONDAIRE","type":"secondaire","district_region":null,"departement_commune":null,"verifie":true,"name":"COLLEGE PRIVE KERESSIGUE KONE_SECONDAIRE","source":"Géoportail ANSTAT"}},{"type":"Feature","geometry":{"type":"Point","coordinates":[-5.639388999999937,9.444660000000056]},"properties":{"id":127804,"nom":"COLLEGE BETHLEEM 2 TEGUERE_SECONDAIRE","type":"secondaire","district_region":null,"departement_commune":null,"verifie":true,"name":"COLLEGE BETHLEEM 2 TEGUERE_SECONDAIRE","source":"Géoportail ANSTAT"}},{"type":"Feature","geometry":{"type":"Point","coordinates":[-5.635248999999931,9.44462500000003]},"properties":{"id":127805,"nom":"COLLEGE CATHOLIQUE DON BOSCO_SECONDAIRE","type":"secondaire","district_region":null,"departement_commune":null,"verifie":true,"name":"COLLEGE CATHOLIQUE DON BOSCO_SECONDAIRE","source":"Géoportail ANSTAT"}},{"type":"Feature","geometry":{"type":"Point","coordinates":[-5.650303999999949,9.443077000000072]},"properties":{"id":127806,"nom":"COLLEGE PRIVE COURS NAFITINI 2_SECONDAIRE","type":"secondaire","district_region":null,"departement_commune":null,"verifie":true,"name":"COLLEGE PRIVE COURS NAFITINI 2_SECONDAIRE","source":"Géoportail ANSTAT"}},{"type":"Feature","geometry":{"type":"Point","coordinates":[-5.644427999999948,9.442694000000074]},"properties":{"id":127807,"nom":"COLLEGE KIMOU M BRA_SECONDAIRE","type":"secondaire","district_region":null,"departement_commune":null,"verifie":true,"name":"COLLEGE KIMOU M BRA_SECONDAIRE","source":"Géoportail ANSTAT"}},{"type":"Feature","geometry":{"type":"Point","coordinates":[-5.587376999999947,9.44164100000006]},"properties":{"id":127808,"nom":"COLLEGE PRIVE CONFESSIONNEL LA BIENFAISANCE_SECONDAIRE","type":"secondaire","district_region":null,"departement_commune":null,"verifie":true,"name":"COLLEGE PRIVE CONFESSIONNEL LA BIENFAISANCE_SECONDAIRE","source":"Géoportail ANSTAT"}},{"type":"Feature","geometry":{"type":"Point","coordinates":[-5.647252999999978,9.44109700000007]},"properties":{"id":127809,"nom":"INSTITUT DE FORMATION PROFESSIONNELLE ET GENERALE_SECONDAIRE","type":"secondaire","district_region":null,"departement_commune":null,"verifie":true,"name":"INSTITUT DE FORMATION PROFESSIONNELLE ET GENERALE_SECONDAIRE","source":"Géoportail ANSTAT"}},{"type":"Feature","geometry":{"type":"Point","coordinates":[-4.709895999999958,9.439753000000051]},"properties":{"id":127810,"nom":"COLLEGE MODERNE DE SIKOLO_SECONDAIRE","type":"secondaire","district_region":null,"departement_commune":null,"verifie":true,"name":"COLLEGE MODERNE DE SIKOLO_SECONDAIRE","source":"Géoportail ANSTAT"}},{"type":"Feature","geometry":{"type":"Point","coordinates":[-5.535146999999938,9.439356000000032]},"properties":{"id":127811,"nom":"COLLEGE MODERNE DE NANGOUNKAHA_SECONDAIRE","type":"secondaire","district_region":null,"departement_commune":null,"verifie":true,"name":"COLLEGE MODERNE DE NANGOUNKAHA_SECONDAIRE","source":"Géoportail ANSTAT"}},{"type":"Feature","geometry":{"type":"Point","coordinates":[-5.586859999999945,9.437740000000076]},"properties":{"id":127812,"nom":"COLLEGE PRIVE APES_SECONDAIRE","type":"secondaire","district_region":null,"departement_commune":null,"verifie":true,"name":"COLLEGE PRIVE APES_SECONDAIRE","source":"Géoportail ANSTAT"}},{"type":"Feature","geometry":{"type":"Point","coordinates":[-5.632968999999946,9.437119000000052]},"properties":{"id":127813,"nom":"COLLEGE JEAN DE LA FONTAINE_SECONDAIRE","type":"secondaire","district_region":null,"departement_commune":null,"verifie":true,"name":"COLLEGE JEAN DE LA FONTAINE_SECONDAIRE","source":"Géoportail ANSTAT"}},{"type":"Feature","geometry":{"type":"Point","coordinates":[-5.654785999999945,9.436016000000052]},"properties":{"id":127814,"nom":"COLLEGE PRIVE BEMA COULIBALY_SECONDAIRE","type":"secondaire","district_region":null,"departement_commune":null,"verifie":true,"name":"COLLEGE PRIVE BEMA COULIBALY_SECONDAIRE","source":"Géoportail ANSTAT"}},{"type":"Feature","geometry":{"type":"Point","coordinates":[-5.617109999999968,9.43387000000007]},"properties":{"id":127815,"nom":"COLLEGE PRIVE LONIYA_SECONDAIRE","type":"secondaire","district_region":null,"departement_commune":null,"verifie":true,"name":"COLLEGE PRIVE LONIYA_SECONDAIRE","source":"Géoportail ANSTAT"}},{"type":"Feature","geometry":{"type":"Point","coordinates":[-5.579089999999951,9.432200000000025]},"properties":{"id":127816,"nom":"COLLEGE PRIVE KLOGNONMON DE KORHOGO_SECONDAIRE","type":"secondaire","district_region":null,"departement_commune":null,"verifie":true,"name":"COLLEGE PRIVE KLOGNONMON DE KORHOGO_SECONDAIRE","source":"Géoportail ANSTAT"}},{"type":"Feature","geometry":{"type":"Point","coordinates":[-5.595438999999942,9.43123600000007]},"properties":{"id":127817,"nom":"COLLEGE PRIVE INITIATIVE POUR REUSSIR_SECONDAIRE","type":"secondaire","district_region":null,"departement_commune":null,"verifie":true,"name":"COLLEGE PRIVE INITIATIVE POUR REUSSIR_SECONDAIRE","source":"Géoportail ANSTAT"}},{"type":"Feature","geometry":{"type":"Point","coordinates":[-5.624939999999981,9.430040000000076]},"properties":{"id":127818,"nom":"COLLEGE PRIVE YATANA_SECONDAIRE","type":"secondaire","district_region":null,"departement_commune":null,"verifie":true,"name":"COLLEGE PRIVE YATANA_SECONDAIRE","source":"Géoportail ANSTAT"}},{"type":"Feature","geometry":{"type":"Point","coordinates":[-5.662387999999964,9.429102000000055]},"properties":{"id":127819,"nom":"COLLEGE PRIVE ZAKARIA DE WARANIENE_SECONDAIRE","type":"secondaire","district_region":null,"departement_commune":null,"verifie":true,"name":"COLLEGE PRIVE ZAKARIA DE WARANIENE_SECONDAIRE","source":"Géoportail ANSTAT"}},{"type":"Feature","geometry":{"type":"Point","coordinates":[-5.65097899999995,9.42787100000004]},"properties":{"id":127820,"nom":"COLLEGE PRIVE KATCHAN-DALHA DE KORHOGO_SECONDAIRE","type":"secondaire","district_region":null,"departement_commune":null,"verifie":true,"name":"COLLEGE PRIVE KATCHAN-DALHA DE KORHOGO_SECONDAIRE","source":"Géoportail ANSTAT"}},{"type":"Feature","geometry":{"type":"Point","coordinates":[-5.611524999999972,9.42390400000005]},"properties":{"id":127821,"nom":"COLLEGE PRIVE ESICOM KORHGO_SECONDAIRE","type":"secondaire","district_region":null,"departement_commune":null,"verifie":true,"name":"COLLEGE PRIVE ESICOM KORHGO_SECONDAIRE","source":"Géoportail ANSTAT"}},{"type":"Feature","geometry":{"type":"Point","coordinates":[-5.655163999999957,9.423704000000043]},"properties":{"id":127822,"nom":"COLLEGE PRIVE OBAGNION_SECONDAIRE","type":"secondaire","district_region":null,"departement_commune":null,"verifie":true,"name":"COLLEGE PRIVE OBAGNION_SECONDAIRE","source":"Géoportail ANSTAT"}},{"type":"Feature","geometry":{"type":"Point","coordinates":[-5.623546999999974,9.420538000000022]},"properties":{"id":127823,"nom":"COLLEGE PRIVE LE ROI SALOMON DE KORHOGO_SECONDAIRE","type":"secondaire","district_region":null,"departement_commune":null,"verifie":true,"name":"COLLEGE PRIVE LE ROI SALOMON DE KORHOGO_SECONDAIRE","source":"Géoportail ANSTAT"}},{"type":"Feature","geometry":{"type":"Point","coordinates":[-5.626084999999932,9.417447000000038]},"properties":{"id":127824,"nom":"LYCEE HOUPHOUET BOIGNY DE KORHOGO_SECONDAIRE","type":"secondaire","district_region":null,"departement_commune":null,"verifie":true,"name":"LYCEE HOUPHOUET BOIGNY DE KORHOGO_SECONDAIRE","source":"Géoportail ANSTAT"}},{"type":"Feature","geometry":{"type":"Point","coordinates":[-5.597658999999965,9.417433000000074]},"properties":{"id":127825,"nom":"COLLEGE PRIVE ADJARABA SANOGO DE KORHOGO_SECONDAIRE","type":"secondaire","district_region":null,"departement_commune":null,"verifie":true,"name":"COLLEGE PRIVE ADJARABA SANOGO DE KORHOGO_SECONDAIRE","source":"Géoportail ANSTAT"}},{"type":"Feature","geometry":{"type":"Point","coordinates":[-5.592874999999935,9.416330000000071]},"properties":{"id":127826,"nom":"COLLEGE PRIVE GROUPE YEBEYEGNON DE KORHOGO_SECONDAIRE","type":"secondaire","district_region":null,"departement_commune":null,"verifie":true,"name":"COLLEGE PRIVE GROUPE YEBEYEGNON DE KORHOGO_SECONDAIRE","source":"Géoportail ANSTAT"}},{"type":"Feature","geometry":{"type":"Point","coordinates":[-3.155162999999959,9.39493200000004]},"properties":{"id":127827,"nom":"COLLEGE MODERNE BOUKO_SECONDAIRE","type":"secondaire","district_region":null,"departement_commune":null,"verifie":true,"name":"COLLEGE MODERNE BOUKO_SECONDAIRE","source":"Géoportail ANSTAT"}},{"type":"Feature","geometry":{"type":"Point","coordinates":[-5.774130999999954,9.392580000000066]},"properties":{"id":127828,"nom":"COLLEGE MODERNE DE DASSOUNGBOHO_SECONDAIRE","type":"secondaire","district_region":null,"departement_commune":null,"verifie":true,"name":"COLLEGE MODERNE DE DASSOUNGBOHO_SECONDAIRE","source":"Géoportail ANSTAT"}},{"type":"Feature","geometry":{"type":"Point","coordinates":[-5.406038999999964,9.390891000000067]},"properties":{"id":127829,"nom":"COLLEGE MODERNE DE KAGBOLODOUGOU_SECONDAIRE","type":"secondaire","district_region":null,"departement_commune":null,"verifie":true,"name":"COLLEGE MODERNE DE KAGBOLODOUGOU_SECONDAIRE","source":"Géoportail ANSTAT"}},{"type":"Feature","geometry":{"type":"Point","coordinates":[-5.527345999999966,9.389989000000073]},"properties":{"id":127830,"nom":"COLLEGE MODERNE DE KARAKORO_SECONDAIRE","type":"secondaire","district_region":null,"departement_commune":null,"verifie":true,"name":"COLLEGE MODERNE DE KARAKORO_SECONDAIRE","source":"Géoportail ANSTAT"}},{"type":"Feature","geometry":{"type":"Point","coordinates":[-5.53950999999995,9.368737000000069]},"properties":{"id":127831,"nom":"COLLEGE MODERNE DE LAVONONKAHA_SECONDAIRE","type":"secondaire","district_region":null,"departement_commune":null,"verifie":true,"name":"COLLEGE MODERNE DE LAVONONKAHA_SECONDAIRE","source":"Géoportail ANSTAT"}},{"type":"Feature","geometry":{"type":"Point","coordinates":[-5.641191999999933,9.360672000000022]},"properties":{"id":127832,"nom":"COLLEGE PRIVE NONLOUROU BLANDINE_SECONDAIRE","type":"secondaire","district_region":null,"departement_commune":null,"verifie":true,"name":"COLLEGE PRIVE NONLOUROU BLANDINE_SECONDAIRE","source":"Géoportail ANSTAT"}},{"type":"Feature","geometry":{"type":"Point","coordinates":[-5.641191999999933,9.360672000000022]},"properties":{"id":127833,"nom":"COLLEGE PRIVE WAGNIMA SONA HABIB DE TIORO_SECONDAIRE","type":"secondaire","district_region":null,"departement_commune":null,"verifie":true,"name":"COLLEGE PRIVE WAGNIMA SONA HABIB DE TIORO_SECONDAIRE","source":"Géoportail ANSTAT"}},{"type":"Feature","geometry":{"type":"Point","coordinates":[-7.123147999999958,9.350350000000049]},"properties":{"id":127834,"nom":"LYCEE MODERNE DE SEGUELON_SECONDAIRE","type":"secondaire","district_region":null,"departement_commune":null,"verifie":true,"name":"LYCEE MODERNE DE SEGUELON_SECONDAIRE","source":"Géoportail ANSTAT"}},{"type":"Feature","geometry":{"type":"Point","coordinates":[-5.641176999999971,9.344924000000049]},"properties":{"id":127835,"nom":"LYCEE MODERNE SILUE TCHELIBE ADAMA DE TIORONIARADOUGOU_SECONDAIRE","type":"secondaire","district_region":null,"departement_commune":null,"verifie":true,"name":"LYCEE MODERNE SILUE TCHELIBE ADAMA DE TIORONIARADOUGOU_SECONDAIRE","source":"Géoportail ANSTAT"}},{"type":"Feature","geometry":{"type":"Point","coordinates":[-7.791767999999934,9.34355000000005]},"properties":{"id":127836,"nom":"COLLEGE MODERNE DE FOULA_SECONDAIRE","type":"secondaire","district_region":null,"departement_commune":null,"verifie":true,"name":"COLLEGE MODERNE DE FOULA_SECONDAIRE","source":"Géoportail ANSTAT"}},{"type":"Feature","geometry":{"type":"Point","coordinates":[-5.437371999999925,9.341747000000057]},"properties":{"id":127837,"nom":"COLLEGE MODERNE DE KOMBORODOUGOU_SECONDAIRE","type":"secondaire","district_region":null,"departement_commune":null,"verifie":true,"name":"COLLEGE MODERNE DE KOMBORODOUGOU_SECONDAIRE","source":"Géoportail ANSTAT"}},{"type":"Feature","geometry":{"type":"Point","coordinates":[-5.879013999999927,9.338262000000045]},"properties":{"id":127838,"nom":"COLLEGE MODERNE DE KOMBOLOKOURA_SECONDAIRE","type":"secondaire","district_region":null,"departement_commune":null,"verifie":true,"name":"COLLEGE MODERNE DE KOMBOLOKOURA_SECONDAIRE","source":"Géoportail ANSTAT"}},{"type":"Feature","geometry":{"type":"Point","coordinates":[-6.203886999999952,9.33138800000006]},"properties":{"id":127839,"nom":"COLLEGE PRIVE LE NERE  DE NAFOUN_SECONDAIRE","type":"secondaire","district_region":null,"departement_commune":null,"verifie":true,"name":"COLLEGE PRIVE LE NERE  DE NAFOUN_SECONDAIRE","source":"Géoportail ANSTAT"}},{"type":"Feature","geometry":{"type":"Point","coordinates":[-6.207716999999946,9.328704000000071]},"properties":{"id":127840,"nom":"COLLEGE MODERNE KANDIA CAMARA DE NAFOUN_SECONDAIRE","type":"secondaire","district_region":null,"departement_commune":null,"verifie":true,"name":"COLLEGE MODERNE KANDIA CAMARA DE NAFOUN_SECONDAIRE","source":"Géoportail ANSTAT"}},{"type":"Feature","geometry":{"type":"Point","coordinates":[-5.253683999999964,9.325496000000044]},"properties":{"id":127841,"nom":"COLLEGE PRIVE NAVAGA DE OUOLLO_SECONDAIRE","type":"secondaire","district_region":null,"departement_commune":null,"verifie":true,"name":"COLLEGE PRIVE NAVAGA DE OUOLLO_SECONDAIRE","source":"Géoportail ANSTAT"}},{"type":"Feature","geometry":{"type":"Point","coordinates":[-5.890630999999928,9.31984600000004]},"properties":{"id":127842,"nom":"COLLEGE PRIVE KATANA DE KOMBOLOKOURA_SECONDAIRE","type":"secondaire","district_region":null,"departement_commune":null,"verifie":true,"name":"COLLEGE PRIVE KATANA DE KOMBOLOKOURA_SECONDAIRE","source":"Géoportail ANSTAT"}},{"type":"Feature","geometry":{"type":"Point","coordinates":[-6.615259999999978,9.314008000000058]},"properties":{"id":127843,"nom":"COLLEGE MODERNE KEBI_SECONDAIRE","type":"secondaire","district_region":null,"departement_commune":null,"verifie":true,"name":"COLLEGE MODERNE KEBI_SECONDAIRE","source":"Géoportail ANSTAT"}},{"type":"Feature","geometry":{"type":"Point","coordinates":[-5.590212999999949,9.305345000000043]},"properties":{"id":127844,"nom":"COLLEGE LE BONHEUR DE NAPIE_SECONDAIRE","type":"secondaire","district_region":null,"departement_commune":null,"verifie":true,"name":"COLLEGE LE BONHEUR DE NAPIE_SECONDAIRE","source":"Géoportail ANSTAT"}},{"type":"Feature","geometry":{"type":"Point","coordinates":[-5.593412999999941,9.303318000000049]},"properties":{"id":127845,"nom":"LYCEE MODERNE CHARLES VALY TUHO DE NAPIE_SECONDAIRE","type":"secondaire","district_region":null,"departement_commune":null,"verifie":true,"name":"LYCEE MODERNE CHARLES VALY TUHO DE NAPIE_SECONDAIRE","source":"Géoportail ANSTAT"}},{"type":"Feature","geometry":{"type":"Point","coordinates":[-6.320944999999938,9.297457000000064]},"properties":{"id":127846,"nom":"COLLEGE MODERNE GANAONI_SECONDAIRE","type":"secondaire","district_region":null,"departement_commune":null,"verifie":true,"name":"COLLEGE MODERNE GANAONI_SECONDAIRE","source":"Géoportail ANSTAT"}},{"type":"Feature","geometry":{"type":"Point","coordinates":[-5.271314999999959,9.296192000000076]},"properties":{"id":127847,"nom":"COLLEGE MODERNE PANGALAKAHA_SECONDAIRE","type":"secondaire","district_region":null,"departement_commune":null,"verifie":true,"name":"COLLEGE MODERNE PANGALAKAHA_SECONDAIRE","source":"Géoportail ANSTAT"}},{"type":"Feature","geometry":{"type":"Point","coordinates":[-5.600334999999973,9.287401000000044]},"properties":{"id":127848,"nom":"COLLEGE PRIVE MISHPARHA SAMUEL DE NAPIE_SECONDAIRE","type":"secondaire","district_region":null,"departement_commune":null,"verifie":true,"name":"COLLEGE PRIVE MISHPARHA SAMUEL DE NAPIE_SECONDAIRE","source":"Géoportail ANSTAT"}},{"type":"Feature","geometry":{"type":"Point","coordinates":[-5.247818999999936,9.28704300000004]},"properties":{"id":127849,"nom":"COLLEGE PRIVE TCHIMMIN PANGALAKAHA_SECONDAIRE","type":"secondaire","district_region":null,"departement_commune":null,"verifie":true,"name":"COLLEGE PRIVE TCHIMMIN PANGALAKAHA_SECONDAIRE","source":"Géoportail ANSTAT"}},{"type":"Feature","geometry":{"type":"Point","coordinates":[-3.007591999999931,9.286758000000075]},"properties":{"id":127850,"nom":"COLLEGE PRIVE BIROU WALIDENE DE BOUNA_SECONDAIRE","type":"secondaire","district_region":null,"departement_commune":null,"verifie":true,"name":"COLLEGE PRIVE BIROU WALIDENE DE BOUNA_SECONDAIRE","source":"Géoportail ANSTAT"}},{"type":"Feature","geometry":{"type":"Point","coordinates":[-6.099999999999966,9.28000000000003]},"properties":{"id":127851,"nom":"COLLEGE PRIVE LES MELINAS DE SIRASSO_SECONDAIRE","type":"secondaire","district_region":null,"departement_commune":null,"verifie":true,"name":"COLLEGE PRIVE LES MELINAS DE SIRASSO_SECONDAIRE","source":"Géoportail ANSTAT"}},{"type":"Feature","geometry":{"type":"Point","coordinates":[-6.089663999999971,9.268800000000056]},"properties":{"id":127852,"nom":"COLLEGE PRIVE BAPTISTE A.E.B.E CI BETHANIE DE SIRASSO_SECONDAIRE","type":"secondaire","district_region":null,"departement_commune":null,"verifie":true,"name":"COLLEGE PRIVE BAPTISTE A.E.B.E CI BETHANIE DE SIRASSO_SECONDAIRE","source":"Géoportail ANSTAT"}},{"type":"Feature","geometry":{"type":"Point","coordinates":[-3.006559999999979,9.26482500000003]},"properties":{"id":127853,"nom":"LYCEE MODERNE BOUNA_SECONDAIRE","type":"secondaire","district_region":null,"departement_commune":null,"verifie":true,"name":"LYCEE MODERNE BOUNA_SECONDAIRE","source":"Géoportail ANSTAT"}},{"type":"Feature","geometry":{"type":"Point","coordinates":[-2.996879999999976,9.259008000000051]},"properties":{"id":127854,"nom":"COLLEGE PRIVE TECHNIQUE DU PARC BOUNA_SECONDAIRE","type":"secondaire","district_region":null,"departement_commune":null,"verifie":true,"name":"COLLEGE PRIVE TECHNIQUE DU PARC BOUNA_SECONDAIRE","source":"Géoportail ANSTAT"}},{"type":"Feature","geometry":{"type":"Point","coordinates":[-2.998769999999979,9.25807100000003]},"properties":{"id":127855,"nom":"COLLEGE PRIVE LES ETOILES DE LA SAVANE_SECONDAIRE","type":"secondaire","district_region":null,"departement_commune":null,"verifie":true,"name":"COLLEGE PRIVE LES ETOILES DE LA SAVANE_SECONDAIRE","source":"Géoportail ANSTAT"}},{"type":"Feature","geometry":{"type":"Point","coordinates":[-7.822599999999966,9.254237000000046]},"properties":{"id":127856,"nom":"COLLEGE MODERNE BOUGOUSSO_SECONDAIRE","type":"secondaire","district_region":null,"departement_commune":null,"verifie":true,"name":"COLLEGE MODERNE BOUGOUSSO_SECONDAIRE","source":"Géoportail ANSTAT"}},{"type":"Feature","geometry":{"type":"Point","coordinates":[-3.000329999999963,9.252679000000056]},"properties":{"id":127857,"nom":"COLLEGE MODERNE BOUNA_SECONDAIRE","type":"secondaire","district_region":null,"departement_commune":null,"verifie":true,"name":"COLLEGE MODERNE BOUNA_SECONDAIRE","source":"Géoportail ANSTAT"}},{"type":"Feature","geometry":{"type":"Point","coordinates":[-5.702430999999933,9.248139000000036]},"properties":{"id":127858,"nom":"COLLEGE MODERNE DE GUIEMBE_SECONDAIRE","type":"secondaire","district_region":null,"departement_commune":null,"verifie":true,"name":"COLLEGE MODERNE DE GUIEMBE_SECONDAIRE","source":"Géoportail ANSTAT"}},{"type":"Feature","geometry":{"type":"Point","coordinates":[-5.724357999999938,9.230901000000074]},"properties":{"id":127859,"nom":"COLLEGE PRIVE ELITE DES SAVANES DE GUIEMBE_SECONDAIRE","type":"secondaire","district_region":null,"departement_commune":null,"verifie":true,"name":"COLLEGE PRIVE ELITE DES SAVANES DE GUIEMBE_SECONDAIRE","source":"Géoportail ANSTAT"}},{"type":"Feature","geometry":{"type":"Point","coordinates":[-4.783884999999941,9.200359000000049]},"properties":{"id":127860,"nom":"COLLEGE MODERNE DE NAFANA_SECONDAIRE","type":"secondaire","district_region":null,"departement_commune":null,"verifie":true,"name":"COLLEGE MODERNE DE NAFANA_SECONDAIRE","source":"Géoportail ANSTAT"}},{"type":"Feature","geometry":{"type":"Point","coordinates":[-5.175909999999931,9.186270000000036]},"properties":{"id":127861,"nom":"COLLEGE MODERNE DE BADIKAHA_SECONDAIRE","type":"secondaire","district_region":null,"departement_commune":null,"verifie":true,"name":"COLLEGE MODERNE DE BADIKAHA_SECONDAIRE","source":"Géoportail ANSTAT"}},{"type":"Feature","geometry":{"type":"Point","coordinates":[-5.381792999999959,9.16125900000003]},"properties":{"id":127862,"nom":"COLLEGE MODERNE DE LAMEKAHA_SECONDAIRE","type":"secondaire","district_region":null,"departement_commune":null,"verifie":true,"name":"COLLEGE MODERNE DE LAMEKAHA_SECONDAIRE","source":"Géoportail ANSTAT"}},{"type":"Feature","geometry":{"type":"Point","coordinates":[-4.607731999999942,9.158659000000055]},"properties":{"id":127863,"nom":"COLLEGE PRIVE SAKHARANG-SINA DE KONG_SECONDAIRE","type":"secondaire","district_region":null,"departement_commune":null,"verifie":true,"name":"COLLEGE PRIVE SAKHARANG-SINA DE KONG_SECONDAIRE","source":"Géoportail ANSTAT"}},{"type":"Feature","geometry":{"type":"Point","coordinates":[-6.433201999999937,9.153755000000046]},"properties":{"id":127864,"nom":"COLLEGE MODERNE DE SISSEDOUGOU_SECONDAIRE","type":"secondaire","district_region":null,"departement_commune":null,"verifie":true,"name":"COLLEGE MODERNE DE SISSEDOUGOU_SECONDAIRE","source":"Géoportail ANSTAT"}},{"type":"Feature","geometry":{"type":"Point","coordinates":[-4.619181999999967,9.153255000000058]},"properties":{"id":127865,"nom":"LYCEE MODERNE DOMINIQUE OUATTARA DE KONG_SECONDAIRE","type":"secondaire","district_region":null,"departement_commune":null,"verifie":true,"name":"LYCEE MODERNE DOMINIQUE OUATTARA DE KONG_SECONDAIRE","source":"Géoportail ANSTAT"}},{"type":"Feature","geometry":{"type":"Point","coordinates":[-4.59320699999995,9.146349000000043]},"properties":{"id":127866,"nom":"COLLEGE MODERNE DE KONG_SECONDAIRE","type":"secondaire","district_region":null,"departement_commune":null,"verifie":true,"name":"COLLEGE MODERNE DE KONG_SECONDAIRE","source":"Géoportail ANSTAT"}},{"type":"Feature","geometry":{"type":"Point","coordinates":[-7.615084999999965,9.134840000000054]},"properties":{"id":127867,"nom":"LYCEE  MODERNE AMARA KONE DE BAKO_SECONDAIRE","type":"secondaire","district_region":null,"departement_commune":null,"verifie":true,"name":"LYCEE  MODERNE AMARA KONE DE BAKO_SECONDAIRE","source":"Géoportail ANSTAT"}},{"type":"Feature","geometry":{"type":"Point","coordinates":[-6.120664999999974,9.126163000000076]},"properties":{"id":127868,"nom":"COLLEGE PRIVE LE KARITE DE KOKO-KANOROBA_SECONDAIRE","type":"secondaire","district_region":null,"departement_commune":null,"verifie":true,"name":"COLLEGE PRIVE LE KARITE DE KOKO-KANOROBA_SECONDAIRE","source":"Géoportail ANSTAT"}},{"type":"Feature","geometry":{"type":"Point","coordinates":[-6.88999999999993,9.11000000000007]},"properties":{"id":127869,"nom":"COLLEGE MODERNE DE GBONGAHA_SECONDAIRE","type":"secondaire","district_region":null,"departement_commune":null,"verifie":true,"name":"COLLEGE MODERNE DE GBONGAHA_SECONDAIRE","source":"Géoportail ANSTAT"}},{"type":"Feature","geometry":{"type":"Point","coordinates":[-6.120033999999976,9.10975700000006]},"properties":{"id":127870,"nom":"COLLEGE MODERNE DE KANOROBA_SECONDAIRE","type":"secondaire","district_region":null,"departement_commune":null,"verifie":true,"name":"COLLEGE MODERNE DE KANOROBA_SECONDAIRE","source":"Géoportail ANSTAT"}},{"type":"Feature","geometry":{"type":"Point","coordinates":[-5.152709999999956,9.083680000000072]},"properties":{"id":127871,"nom":"COLLEGE PRIVE CHEIKH ANTA DIOP_SECONDAIRE","type":"secondaire","district_region":null,"departement_commune":null,"verifie":true,"name":"COLLEGE PRIVE CHEIKH ANTA DIOP_SECONDAIRE","source":"Géoportail ANSTAT"}},{"type":"Feature","geometry":{"type":"Point","coordinates":[-5.760501999999974,9.077185000000044]},"properties":{"id":127872,"nom":"COLLEGE PRIVE ESPOIR DU KOUFOULO DE DIKODOUGOU_SECONDAIRE","type":"secondaire","district_region":null,"departement_commune":null,"verifie":true,"name":"COLLEGE PRIVE ESPOIR DU KOUFOULO DE DIKODOUGOU_SECONDAIRE","source":"Géoportail ANSTAT"}},{"type":"Feature","geometry":{"type":"Point","coordinates":[-5.769771999999932,9.067570000000046]},"properties":{"id":127873,"nom":"COLLEGE PRIVE IFPG DIKODOUGOU_SECONDAIRE","type":"secondaire","district_region":null,"departement_commune":null,"verifie":true,"name":"COLLEGE PRIVE IFPG DIKODOUGOU_SECONDAIRE","source":"Géoportail ANSTAT"}},{"type":"Feature","geometry":{"type":"Point","coordinates":[-5.769771999999932,9.067570000000046]},"properties":{"id":127874,"nom":"COLLEGE PRIVE GANGAO DE DIKODOUGOU_SECONDAIRE","type":"secondaire","district_region":null,"departement_commune":null,"verifie":true,"name":"COLLEGE PRIVE GANGAO DE DIKODOUGOU_SECONDAIRE","source":"Géoportail ANSTAT"}},{"type":"Feature","geometry":{"type":"Point","coordinates":[-5.165200999999968,9.064834000000076]},"properties":{"id":127875,"nom":"LYCEE MODERNE HENRIETTE DAGRI-DIABATE  DE TAFIRE_SECONDAIRE","type":"secondaire","district_region":null,"departement_commune":null,"verifie":true,"name":"LYCEE MODERNE HENRIETTE DAGRI-DIABATE  DE TAFIRE_SECONDAIRE","source":"Géoportail ANSTAT"}},{"type":"Feature","geometry":{"type":"Point","coordinates":[-5.559846999999934,9.062941000000023]},"properties":{"id":127876,"nom":"COLLEGE MODERNE DE KIEMOU_SECONDAIRE","type":"secondaire","district_region":null,"departement_commune":null,"verifie":true,"name":"COLLEGE MODERNE DE KIEMOU_SECONDAIRE","source":"Géoportail ANSTAT"}},{"type":"Feature","geometry":{"type":"Point","coordinates":[-5.159139999999979,9.059370000000058]},"properties":{"id":127877,"nom":"COLLEGE PRIVE KATANAN DE TAFIRE_SECONDAIRE","type":"secondaire","district_region":null,"departement_commune":null,"verifie":true,"name":"COLLEGE PRIVE KATANAN DE TAFIRE_SECONDAIRE","source":"Géoportail ANSTAT"}},{"type":"Feature","geometry":{"type":"Point","coordinates":[-5.763672999999926,9.055295000000058]},"properties":{"id":127878,"nom":"LYCEE MODERNE DE DIKODOUGOU_SECONDAIRE","type":"secondaire","district_region":null,"departement_commune":null,"verifie":true,"name":"LYCEE MODERNE DE DIKODOUGOU_SECONDAIRE","source":"Géoportail ANSTAT"}},{"type":"Feature","geometry":{"type":"Point","coordinates":[-5.175519999999949,9.052220000000034]},"properties":{"id":127879,"nom":"COLLEGE PRIVE GNOMMON DE TAFIRE_SECONDAIRE","type":"secondaire","district_region":null,"departement_commune":null,"verifie":true,"name":"COLLEGE PRIVE GNOMMON DE TAFIRE_SECONDAIRE","source":"Géoportail ANSTAT"}},{"type":"Feature","geometry":{"type":"Point","coordinates":[-3.093456999999944,9.043307000000029]},"properties":{"id":127880,"nom":"COLLEGE MODERNE ONDEFIDOUO_SECONDAIRE","type":"secondaire","district_region":null,"departement_commune":null,"verifie":true,"name":"COLLEGE MODERNE ONDEFIDOUO_SECONDAIRE","source":"Géoportail ANSTAT"}},{"type":"Feature","geometry":{"type":"Point","coordinates":[-5.999999999999943,9.000000000000057]},"properties":{"id":127881,"nom":"COLLEGE MODERNE YELE_SECONDAIRE","type":"secondaire","district_region":null,"departement_commune":null,"verifie":true,"name":"COLLEGE MODERNE YELE_SECONDAIRE","source":"Géoportail ANSTAT"}},{"type":"Feature","geometry":{"type":"Point","coordinates":[-3.999999999999943,9.000000000000057]},"properties":{"id":127882,"nom":"COLLEGE PRIVE LADJI BANGALY DOUMBIA_SECONDAIRE","type":"secondaire","district_region":null,"departement_commune":null,"verifie":true,"name":"COLLEGE PRIVE LADJI BANGALY DOUMBIA_SECONDAIRE","source":"Géoportail ANSTAT"}},{"type":"Feature","geometry":{"type":"Point","coordinates":[-7.244993999999963,8.984133000000043]},"properties":{"id":127883,"nom":"COLLEGE MODERNE DE DIOULATIEDOUGOU_SECONDAIRE","type":"secondaire","district_region":null,"departement_commune":null,"verifie":true,"name":"COLLEGE MODERNE DE DIOULATIEDOUGOU_SECONDAIRE","source":"Géoportail ANSTAT"}},{"type":"Feature","geometry":{"type":"Point","coordinates":[-6.250183999999933,8.970267000000035]},"properties":{"id":127884,"nom":"COLLEGE PRIVE KONE LANCINE DE DIANRA_SECONDAIRE","type":"secondaire","district_region":null,"departement_commune":null,"verifie":true,"name":"COLLEGE PRIVE KONE LANCINE DE DIANRA_SECONDAIRE","source":"Géoportail ANSTAT"}},{"type":"Feature","geometry":{"type":"Point","coordinates":[-6.251236999999946,8.968087000000025]},"properties":{"id":127885,"nom":"LYCEE MUNICIPAL DIANRA_SECONDAIRE","type":"secondaire","district_region":null,"departement_commune":null,"verifie":true,"name":"LYCEE MUNICIPAL DIANRA_SECONDAIRE","source":"Géoportail ANSTAT"}},{"type":"Feature","geometry":{"type":"Point","coordinates":[-4.405503999999951,8.963242000000037]},"properties":{"id":127886,"nom":"COLLEGE MODERNE DE BOUGOU_SECONDAIRE","type":"secondaire","district_region":null,"departement_commune":null,"verifie":true,"name":"COLLEGE MODERNE DE BOUGOU_SECONDAIRE","source":"Géoportail ANSTAT"}},{"type":"Feature","geometry":{"type":"Point","coordinates":[-7.569999999999936,8.960000000000036]},"properties":{"id":127887,"nom":"COLLEGE MODERNE FEREMANDOUGOU_SECONDAIRE","type":"secondaire","district_region":null,"departement_commune":null,"verifie":true,"name":"COLLEGE MODERNE FEREMANDOUGOU_SECONDAIRE","source":"Géoportail ANSTAT"}},{"type":"Feature","geometry":{"type":"Point","coordinates":[-6.792697999999973,8.956937000000039]},"properties":{"id":127888,"nom":"COLLEGE PRIVE NGARADOUGOU DE MORONDO_SECONDAIRE","type":"secondaire","district_region":null,"departement_commune":null,"verifie":true,"name":"COLLEGE PRIVE NGARADOUGOU DE MORONDO_SECONDAIRE","source":"Géoportail ANSTAT"}},{"type":"Feature","geometry":{"type":"Point","coordinates":[-6.249999999999943,8.950000000000045]},"properties":{"id":127889,"nom":"COLLEGE PRIVE BAPTISTE AEBECI DIANRA_SECONDAIRE","type":"secondaire","district_region":null,"departement_commune":null,"verifie":true,"name":"COLLEGE PRIVE BAPTISTE AEBECI DIANRA_SECONDAIRE","source":"Géoportail ANSTAT"}},{"type":"Feature","geometry":{"type":"Point","coordinates":[-6.266119999999944,8.942410000000052]},"properties":{"id":127890,"nom":"COLLEGE PRIVE LE GBATO DE DIANRA_SECONDAIRE","type":"secondaire","district_region":null,"departement_commune":null,"verifie":true,"name":"COLLEGE PRIVE LE GBATO DE DIANRA_SECONDAIRE","source":"Géoportail ANSTAT"}},{"type":"Feature","geometry":{"type":"Point","coordinates":[-5.168839999999932,8.93145000000004]},"properties":{"id":127891,"nom":"COLLEGE MODERNE DE NIEDIEKAHA_SECONDAIRE","type":"secondaire","district_region":null,"departement_commune":null,"verifie":true,"name":"COLLEGE MODERNE DE NIEDIEKAHA_SECONDAIRE","source":"Géoportail ANSTAT"}},{"type":"Feature","geometry":{"type":"Point","coordinates":[-6.250527999999974,8.928828000000067]},"properties":{"id":127892,"nom":"COLLEGE PRIVE LE MUGUET DE DIANRA_SECONDAIRE","type":"secondaire","district_region":null,"departement_commune":null,"verifie":true,"name":"COLLEGE PRIVE LE MUGUET DE DIANRA_SECONDAIRE","source":"Géoportail ANSTAT"}},{"type":"Feature","geometry":{"type":"Point","coordinates":[-4.154916999999955,8.91731500000003]},"properties":{"id":127893,"nom":"COLLEGE MODERNE DE BILIMONO_SECONDAIRE","type":"secondaire","district_region":null,"departement_commune":null,"verifie":true,"name":"COLLEGE MODERNE DE BILIMONO_SECONDAIRE","source":"Géoportail ANSTAT"}},{"type":"Feature","geometry":{"type":"Point","coordinates":[-7.029090999999937,8.912532000000056]},"properties":{"id":127894,"nom":"COLLEGE PRIVE ESD ECOLE SUCCES ET DEVELOPPEMENT DE TEAPLEU_SECONDAIRE","type":"secondaire","district_region":null,"departement_commune":null,"verifie":true,"name":"COLLEGE PRIVE ESD ECOLE SUCCES ET DEVELOPPEMENT DE TEAPLEU_SECONDAIRE","source":"Géoportail ANSTAT"}},{"type":"Feature","geometry":{"type":"Point","coordinates":[-6.769999999999925,8.900000000000034]},"properties":{"id":127895,"nom":"COLLEGE PRIVE BINKELEMAN MORONDO_SECONDAIRE","type":"secondaire","district_region":null,"departement_commune":null,"verifie":true,"name":"COLLEGE PRIVE BINKELEMAN MORONDO_SECONDAIRE","source":"Géoportail ANSTAT"}},{"type":"Feature","geometry":{"type":"Point","coordinates":[-6.769999999999925,8.900000000000034]},"properties":{"id":127896,"nom":"COLLEGE PRIVE L ESPERANCE DU N GARADOUGOU_SECONDAIRE","type":"secondaire","district_region":null,"departement_commune":null,"verifie":true,"name":"COLLEGE PRIVE L ESPERANCE DU N GARADOUGOU_SECONDAIRE","source":"Géoportail ANSTAT"}},{"type":"Feature","geometry":{"type":"Point","coordinates":[-7.785144999999943,8.866265000000055]},"properties":{"id":127897,"nom":"COLLEGE MODERNE BOOKO_SECONDAIRE","type":"secondaire","district_region":null,"departement_commune":null,"verifie":true,"name":"COLLEGE MODERNE BOOKO_SECONDAIRE","source":"Géoportail ANSTAT"}},{"type":"Feature","geometry":{"type":"Point","coordinates":[-2.965896999999927,8.819202000000075]},"properties":{"id":127898,"nom":"COLLEGE MODERNE YOUNDOUO_SECONDAIRE","type":"secondaire","district_region":null,"departement_commune":null,"verifie":true,"name":"COLLEGE MODERNE YOUNDOUO_SECONDAIRE","source":"Géoportail ANSTAT"}},{"type":"Feature","geometry":{"type":"Point","coordinates":[-5.319239999999979,8.799680000000023]},"properties":{"id":127899,"nom":"COLLEGE MODERNE KANAWOLO_SECONDAIRE","type":"secondaire","district_region":null,"departement_commune":null,"verifie":true,"name":"COLLEGE MODERNE KANAWOLO_SECONDAIRE","source":"Géoportail ANSTAT"}},{"type":"Feature","geometry":{"type":"Point","coordinates":[-5.896379999999965,8.790970000000073]},"properties":{"id":127900,"nom":"COLLEGE PRIVE CONSCIENCE DE FARAKORO DE BORON_SECONDAIRE","type":"secondaire","district_region":null,"departement_commune":null,"verifie":true,"name":"COLLEGE PRIVE CONSCIENCE DE FARAKORO DE BORON_SECONDAIRE","source":"Géoportail ANSTAT"}},{"type":"Feature","geometry":{"type":"Point","coordinates":[-5.314229999999952,8.790940000000035]},"properties":{"id":127901,"nom":"COLLEGE PRIVE LA NOUVELLE JERUSALEM DE NIAKARAMADOUGOU_SECONDAIRE","type":"secondaire","district_region":null,"departement_commune":null,"verifie":true,"name":"COLLEGE PRIVE LA NOUVELLE JERUSALEM DE NIAKARAMADOUGOU_SECONDAIRE","source":"Géoportail ANSTAT"}},{"type":"Feature","geometry":{"type":"Point","coordinates":[-5.195529999999962,8.781690000000026]},"properties":{"id":127902,"nom":"COLLEGE MODERNE DE ARIKOKAHA_SECONDAIRE","type":"secondaire","district_region":null,"departement_commune":null,"verifie":true,"name":"COLLEGE MODERNE DE ARIKOKAHA_SECONDAIRE","source":"Géoportail ANSTAT"}},{"type":"Feature","geometry":{"type":"Point","coordinates":[-5.685009999999977,8.779610000000048]},"properties":{"id":127903,"nom":"COLLEGE PRIVE SARAMASSI DE TORTIYA_SECONDAIRE","type":"secondaire","district_region":null,"departement_commune":null,"verifie":true,"name":"COLLEGE PRIVE SARAMASSI DE TORTIYA_SECONDAIRE","source":"Géoportail ANSTAT"}},{"type":"Feature","geometry":{"type":"Point","coordinates":[-7.00222999999994,8.779310000000066]},"properties":{"id":127904,"nom":"COLLEGE MODERNE DE DJIBROSSO_SECONDAIRE","type":"secondaire","district_region":null,"departement_commune":null,"verifie":true,"name":"COLLEGE MODERNE DE DJIBROSSO_SECONDAIRE","source":"Géoportail ANSTAT"}},{"type":"Feature","geometry":{"type":"Point","coordinates":[-5.680109999999956,8.768240000000048]},"properties":{"id":127905,"nom":"COLLEGE MODERNE TORTIYA_SECONDAIRE","type":"secondaire","district_region":null,"departement_commune":null,"verifie":true,"name":"COLLEGE MODERNE TORTIYA_SECONDAIRE","source":"Géoportail ANSTAT"}},{"type":"Feature","geometry":{"type":"Point","coordinates":[-6.244977999999946,8.767321000000038]},"properties":{"id":127906,"nom":"COLLEGE PRIVE ZIEBETHLEEM DIANRA VILLAGE_SECONDAIRE","type":"secondaire","district_region":null,"departement_commune":null,"verifie":true,"name":"COLLEGE PRIVE ZIEBETHLEEM DIANRA VILLAGE_SECONDAIRE","source":"Géoportail ANSTAT"}},{"type":"Feature","geometry":{"type":"Point","coordinates":[-6.230689999999981,8.75801000000007]},"properties":{"id":127907,"nom":"COLLEGE PRIVE LE NIGBI DE DIANRA VILLAGE_SECONDAIRE","type":"secondaire","district_region":null,"departement_commune":null,"verifie":true,"name":"COLLEGE PRIVE LE NIGBI DE DIANRA VILLAGE_SECONDAIRE","source":"Géoportail ANSTAT"}},{"type":"Feature","geometry":{"type":"Point","coordinates":[-6.229560999999933,8.75744400000002]},"properties":{"id":127908,"nom":"COLLEGE MODERNE DIANRA-VILLAGE_SECONDAIRE","type":"secondaire","district_region":null,"departement_commune":null,"verifie":true,"name":"COLLEGE MODERNE DIANRA-VILLAGE_SECONDAIRE","source":"Géoportail ANSTAT"}},{"type":"Feature","geometry":{"type":"Point","coordinates":[-7.483199999999954,8.730500000000063]},"properties":{"id":127909,"nom":"COLLEGE MODERNE BOROTOU_SECONDAIRE","type":"secondaire","district_region":null,"departement_commune":null,"verifie":true,"name":"COLLEGE MODERNE BOROTOU_SECONDAIRE","source":"Géoportail ANSTAT"}},{"type":"Feature","geometry":{"type":"Point","coordinates":[-5.962586999999928,8.70957500000003]},"properties":{"id":127910,"nom":"COLLEGE MODERNE DE BORON_SECONDAIRE","type":"secondaire","district_region":null,"departement_commune":null,"verifie":true,"name":"COLLEGE MODERNE DE BORON_SECONDAIRE","source":"Géoportail ANSTAT"}},{"type":"Feature","geometry":{"type":"Point","coordinates":[-3.192253999999934,8.702496000000053]},"properties":{"id":127911,"nom":"COLLEGE MODERNE KOTOUBA_SECONDAIRE","type":"secondaire","district_region":null,"departement_commune":null,"verifie":true,"name":"COLLEGE MODERNE KOTOUBA_SECONDAIRE","source":"Géoportail ANSTAT"}},{"type":"Feature","geometry":{"type":"Point","coordinates":[-7.67086299999994,8.683619000000022]},"properties":{"id":127912,"nom":"COLLEGE MODERNE NIOKOSSO_SECONDAIRE","type":"secondaire","district_region":null,"departement_commune":null,"verifie":true,"name":"COLLEGE MODERNE NIOKOSSO_SECONDAIRE","source":"Géoportail ANSTAT"}},{"type":"Feature","geometry":{"type":"Point","coordinates":[-5.276456999999937,8.664834000000042]},"properties":{"id":127913,"nom":"INSTITUT DE FORMATION PROFESSIONNELLE ET GENERALE (IFPG) NIAKARAMADOUGOU_SECONDAIRE","type":"secondaire","district_region":null,"departement_commune":null,"verifie":true,"name":"INSTITUT DE FORMATION PROFESSIONNELLE ET GENERALE (IFPG) NIAKARAMADOUGOU_SECONDAIRE","source":"Géoportail ANSTAT"}},{"type":"Feature","geometry":{"type":"Point","coordinates":[-5.820586999999932,8.664340000000038]},"properties":{"id":127914,"nom":"COLLEGE MODERNE DE OUATTARADOUGOU_SECONDAIRE","type":"secondaire","district_region":null,"departement_commune":null,"verifie":true,"name":"COLLEGE MODERNE DE OUATTARADOUGOU_SECONDAIRE","source":"Géoportail ANSTAT"}},{"type":"Feature","geometry":{"type":"Point","coordinates":[-6.614824999999939,8.660600000000045]},"properties":{"id":127915,"nom":"COLLEGE MODERNE DE MANABRI_SECONDAIRE","type":"secondaire","district_region":null,"departement_commune":null,"verifie":true,"name":"COLLEGE MODERNE DE MANABRI_SECONDAIRE","source":"Géoportail ANSTAT"}},{"type":"Feature","geometry":{"type":"Point","coordinates":[-5.27699999999993,8.657000000000039]},"properties":{"id":127916,"nom":"COLLEGE PRIVE TITCHIMTCHA DE NIAKARA_SECONDAIRE","type":"secondaire","district_region":null,"departement_commune":null,"verifie":true,"name":"COLLEGE PRIVE TITCHIMTCHA DE NIAKARA_SECONDAIRE","source":"Géoportail ANSTAT"}},{"type":"Feature","geometry":{"type":"Point","coordinates":[-5.284919999999943,8.654550000000029]},"properties":{"id":127917,"nom":"LYCEE MUNICIPAL HENRI KONAN BEDIE DE NIAKARA_SECONDAIRE","type":"secondaire","district_region":null,"departement_commune":null,"verifie":true,"name":"LYCEE MUNICIPAL HENRI KONAN BEDIE DE NIAKARA_SECONDAIRE","source":"Géoportail ANSTAT"}},{"type":"Feature","geometry":{"type":"Point","coordinates":[-5.305619999999976,8.653820000000053]},"properties":{"id":127918,"nom":"COLLEGE PRIVE DES JEUNES FILLES WEGNON DE NIAKARAMADOUGOU_SECONDAIRE","type":"secondaire","district_region":null,"departement_commune":null,"verifie":true,"name":"COLLEGE PRIVE DES JEUNES FILLES WEGNON DE NIAKARAMADOUGOU_SECONDAIRE","source":"Géoportail ANSTAT"}},{"type":"Feature","geometry":{"type":"Point","coordinates":[-4.651929999999936,8.649590000000046]},"properties":{"id":127919,"nom":"COLLEGE MODERNE FOUMBOLO_SECONDAIRE","type":"secondaire","district_region":null,"departement_commune":null,"verifie":true,"name":"COLLEGE MODERNE FOUMBOLO_SECONDAIRE","source":"Géoportail ANSTAT"}},{"type":"Feature","geometry":{"type":"Point","coordinates":[-4.653619999999933,8.647790000000043]},"properties":{"id":127920,"nom":"COLLEGE PRIVE LES ELITES DE FOUMBOLO_SECONDAIRE","type":"secondaire","district_region":null,"departement_commune":null,"verifie":true,"name":"COLLEGE PRIVE LES ELITES DE FOUMBOLO_SECONDAIRE","source":"Géoportail ANSTAT"}},{"type":"Feature","geometry":{"type":"Point","coordinates":[-5.301179999999931,8.646600000000035]},"properties":{"id":127921,"nom":"COLLEGE PRIVE BEL HORIZON DE NIAKARAMADOUGOU_SECONDAIRE","type":"secondaire","district_region":null,"departement_commune":null,"verifie":true,"name":"COLLEGE PRIVE BEL HORIZON DE NIAKARAMADOUGOU_SECONDAIRE","source":"Géoportail ANSTAT"}},{"type":"Feature","geometry":{"type":"Point","coordinates":[-6.249481999999944,8.645997000000023]},"properties":{"id":127922,"nom":"COLLEGE PRIVE FOUMBOU DE FARABA_SECONDAIRE","type":"secondaire","district_region":null,"departement_commune":null,"verifie":true,"name":"COLLEGE PRIVE FOUMBOU DE FARABA_SECONDAIRE","source":"Géoportail ANSTAT"}},{"type":"Feature","geometry":{"type":"Point","coordinates":[-6.13975199999993,8.63590000000005]},"properties":{"id":127923,"nom":"COLLEGE PRIVE LES ALBATROS DE SONONZO_SECONDAIRE","type":"secondaire","district_region":null,"departement_commune":null,"verifie":true,"name":"COLLEGE PRIVE LES ALBATROS DE SONONZO_SECONDAIRE","source":"Géoportail ANSTAT"}},{"type":"Feature","geometry":{"type":"Point","coordinates":[-2.637036999999964,8.63358100000005]},"properties":{"id":127924,"nom":"COLLEGE MODERNE DE TAGADI_SECONDAIRE","type":"secondaire","district_region":null,"departement_commune":null,"verifie":true,"name":"COLLEGE MODERNE DE TAGADI_SECONDAIRE","source":"Géoportail ANSTAT"}},{"type":"Feature","geometry":{"type":"Point","coordinates":[-3.718739999999968,8.62814700000007]},"properties":{"id":127925,"nom":"COLLEGE MODERNE BANVAYO_SECONDAIRE","type":"secondaire","district_region":null,"departement_commune":null,"verifie":true,"name":"COLLEGE MODERNE BANVAYO_SECONDAIRE","source":"Géoportail ANSTAT"}},{"type":"Feature","geometry":{"type":"Point","coordinates":[-6.46999999999997,8.57000000000005]},"properties":{"id":127926,"nom":"COLLEGE MODERNE DE FADIADOUGOU_SECONDAIRE","type":"secondaire","district_region":null,"departement_commune":null,"verifie":true,"name":"COLLEGE MODERNE DE FADIADOUGOU_SECONDAIRE","source":"Géoportail ANSTAT"}},{"type":"Feature","geometry":{"type":"Point","coordinates":[-7.469409999999925,8.553752000000031]},"properties":{"id":127927,"nom":"LYCEE MUNICIPAL KORO_SECONDAIRE","type":"secondaire","district_region":null,"departement_commune":null,"verifie":true,"name":"LYCEE MUNICIPAL KORO_SECONDAIRE","source":"Géoportail ANSTAT"}},{"type":"Feature","geometry":{"type":"Point","coordinates":[-3.120424999999955,8.549869000000058]},"properties":{"id":127928,"nom":"COLLEGE PRIVE GNANNE DE TEFRODOUO_SECONDAIRE","type":"secondaire","district_region":null,"departement_commune":null,"verifie":true,"name":"COLLEGE PRIVE GNANNE DE TEFRODOUO_SECONDAIRE","source":"Géoportail ANSTAT"}},{"type":"Feature","geometry":{"type":"Point","coordinates":[-7.188499999999976,8.473400000000026]},"properties":{"id":127929,"nom":"COLLEGE CATHOLIQUE ST JOSEPH OUVRIER BOROTOU-KORO_SECONDAIRE","type":"secondaire","district_region":null,"departement_commune":null,"verifie":true,"name":"COLLEGE CATHOLIQUE ST JOSEPH OUVRIER BOROTOU-KORO_SECONDAIRE","source":"Géoportail ANSTAT"}},{"type":"Feature","geometry":{"type":"Point","coordinates":[-6.59973999999994,8.470875000000035]},"properties":{"id":127930,"nom":"LYCEE MUNICIPAL KONET MOUSSA KANI_SECONDAIRE","type":"secondaire","district_region":null,"departement_commune":null,"verifie":true,"name":"LYCEE MUNICIPAL KONET MOUSSA KANI_SECONDAIRE","source":"Géoportail ANSTAT"}},{"type":"Feature","geometry":{"type":"Point","coordinates":[-7.193769999999972,8.47058000000004]},"properties":{"id":127931,"nom":"COLLEGE MODERNE BOROTOU-KORO_SECONDAIRE","type":"secondaire","district_region":null,"departement_commune":null,"verifie":true,"name":"COLLEGE MODERNE BOROTOU-KORO_SECONDAIRE","source":"Géoportail ANSTAT"}},{"type":"Feature","geometry":{"type":"Point","coordinates":[-6.610950999999943,8.469200000000058]},"properties":{"id":127932,"nom":"COLLEGE PRIVE ENTENTE FRATERNELLE DE KANI_SECONDAIRE","type":"secondaire","district_region":null,"departement_commune":null,"verifie":true,"name":"COLLEGE PRIVE ENTENTE FRATERNELLE DE KANI_SECONDAIRE","source":"Géoportail ANSTAT"}},{"type":"Feature","geometry":{"type":"Point","coordinates":[-4.245059999999967,8.467750000000024]},"properties":{"id":127933,"nom":"COLLEGE MODERNE DE TENDENE BAMBARASSO_SECONDAIRE","type":"secondaire","district_region":null,"departement_commune":null,"verifie":true,"name":"COLLEGE MODERNE DE TENDENE BAMBARASSO_SECONDAIRE","source":"Géoportail ANSTAT"}},{"type":"Feature","geometry":{"type":"Point","coordinates":[-6.598451999999952,8.461737000000028]},"properties":{"id":127934,"nom":"COLLEGE PRIVE MAKANI DE KANI_SECONDAIRE","type":"secondaire","district_region":null,"departement_commune":null,"verifie":true,"name":"COLLEGE PRIVE MAKANI DE KANI_SECONDAIRE","source":"Géoportail ANSTAT"}},{"type":"Feature","geometry":{"type":"Point","coordinates":[-3.540228999999954,8.460921000000042]},"properties":{"id":127935,"nom":"COLLEGE PRIVE MAHAMA OUATTARA DE NASSIAN_SECONDAIRE","type":"secondaire","district_region":null,"departement_commune":null,"verifie":true,"name":"COLLEGE PRIVE MAHAMA OUATTARA DE NASSIAN_SECONDAIRE","source":"Géoportail ANSTAT"}},{"type":"Feature","geometry":{"type":"Point","coordinates":[-4.490579999999966,8.460620000000063]},"properties":{"id":127936,"nom":"COLLEGE MODERNE DE M’BORLA DIOULASSO_SECONDAIRE","type":"secondaire","district_region":null,"departement_commune":null,"verifie":true,"name":"COLLEGE MODERNE DE M’BORLA DIOULASSO_SECONDAIRE","source":"Géoportail ANSTAT"}},{"type":"Feature","geometry":{"type":"Point","coordinates":[-3.468040999999971,8.459673000000066]},"properties":{"id":127937,"nom":"COLLEGE PRIVE LE BOUTOUROU DE NASSIAN_SECONDAIRE","type":"secondaire","district_region":null,"departement_commune":null,"verifie":true,"name":"COLLEGE PRIVE LE BOUTOUROU DE NASSIAN_SECONDAIRE","source":"Géoportail ANSTAT"}},{"type":"Feature","geometry":{"type":"Point","coordinates":[-3.125712999999962,8.458642000000054]},"properties":{"id":127938,"nom":"COLLEGE MODERNE DE FLAKIEDOUGOU_SECONDAIRE","type":"secondaire","district_region":null,"departement_commune":null,"verifie":true,"name":"COLLEGE MODERNE DE FLAKIEDOUGOU_SECONDAIRE","source":"Géoportail ANSTAT"}},{"type":"Feature","geometry":{"type":"Point","coordinates":[-3.52549799999997,8.456083000000035]},"properties":{"id":127939,"nom":"COLLEGE PRIVE MARTHE-AURELIE DE PARHADI_SECONDAIRE","type":"secondaire","district_region":null,"departement_commune":null,"verifie":true,"name":"COLLEGE PRIVE MARTHE-AURELIE DE PARHADI_SECONDAIRE","source":"Géoportail ANSTAT"}},{"type":"Feature","geometry":{"type":"Point","coordinates":[-3.473346999999933,8.447566000000052]},"properties":{"id":127940,"nom":"LYCEE MODERNE DE NASSIAN_SECONDAIRE","type":"secondaire","district_region":null,"departement_commune":null,"verifie":true,"name":"LYCEE MODERNE DE NASSIAN_SECONDAIRE","source":"Géoportail ANSTAT"}},{"type":"Feature","geometry":{"type":"Point","coordinates":[-4.515819999999962,8.444430000000068]},"properties":{"id":127941,"nom":"COLLEGE MODERNE SOKALA-SOBARA_SECONDAIRE","type":"secondaire","district_region":null,"departement_commune":null,"verifie":true,"name":"COLLEGE MODERNE SOKALA-SOBARA_SECONDAIRE","source":"Géoportail ANSTAT"}},{"type":"Feature","geometry":{"type":"Point","coordinates":[-4.691967999999974,8.442335000000071]},"properties":{"id":127942,"nom":"COLLEGE MODERNE NIEMENE_SECONDAIRE","type":"secondaire","district_region":null,"departement_commune":null,"verifie":true,"name":"COLLEGE MODERNE NIEMENE_SECONDAIRE","source":"Géoportail ANSTAT"}},{"type":"Feature","geometry":{"type":"Point","coordinates":[-5.913324999999929,8.44081600000004]},"properties":{"id":127943,"nom":"COLLEGE MODERNE DE MARANDALLAH_SECONDAIRE","type":"secondaire","district_region":null,"departement_commune":null,"verifie":true,"name":"COLLEGE MODERNE DE MARANDALLAH_SECONDAIRE","source":"Géoportail ANSTAT"}},{"type":"Feature","geometry":{"type":"Point","coordinates":[-5.910807999999975,8.440175000000067]},"properties":{"id":127944,"nom":"COLLEGE PRIVE LA REUSSITE DE MARANDALLAH_SECONDAIRE","type":"secondaire","district_region":null,"departement_commune":null,"verifie":true,"name":"COLLEGE PRIVE LA REUSSITE DE MARANDALLAH_SECONDAIRE","source":"Géoportail ANSTAT"}},{"type":"Feature","geometry":{"type":"Point","coordinates":[-5.128999999999962,8.43500000000006]},"properties":{"id":127945,"nom":"COLLEGE MODERNE DE PETIONARA_SECONDAIRE","type":"secondaire","district_region":null,"departement_commune":null,"verifie":true,"name":"COLLEGE MODERNE DE PETIONARA_SECONDAIRE","source":"Géoportail ANSTAT"}},{"type":"Feature","geometry":{"type":"Point","coordinates":[-6.174419999999941,8.431664000000069]},"properties":{"id":127946,"nom":"LYCEE MODERNE DE SARHALA_SECONDAIRE","type":"secondaire","district_region":null,"departement_commune":null,"verifie":true,"name":"LYCEE MODERNE DE SARHALA_SECONDAIRE","source":"Géoportail ANSTAT"}},{"type":"Feature","geometry":{"type":"Point","coordinates":[-6.164119999999969,8.409602000000064]},"properties":{"id":127947,"nom":"COLLEGE PRIVE IBLO FOFANA SARHALA_SECONDAIRE","type":"secondaire","district_region":null,"departement_commune":null,"verifie":true,"name":"COLLEGE PRIVE IBLO FOFANA SARHALA_SECONDAIRE","source":"Géoportail ANSTAT"}},{"type":"Feature","geometry":{"type":"Point","coordinates":[-5.874420999999927,8.409509000000071]},"properties":{"id":127948,"nom":"COLLEGE PRIVE KANDIA CAMARA DE MANKONO_SECONDAIRE","type":"secondaire","district_region":null,"departement_commune":null,"verifie":true,"name":"COLLEGE PRIVE KANDIA CAMARA DE MANKONO_SECONDAIRE","source":"Géoportail ANSTAT"}},{"type":"Feature","geometry":{"type":"Point","coordinates":[-4.590979999999945,8.40710000000007]},"properties":{"id":127949,"nom":"COLLEGE MODERNE DE BOKALA_SECONDAIRE","type":"secondaire","district_region":null,"departement_commune":null,"verifie":true,"name":"COLLEGE MODERNE DE BOKALA_SECONDAIRE","source":"Géoportail ANSTAT"}},{"type":"Feature","geometry":{"type":"Point","coordinates":[-3.756154999999978,8.39354000000003]},"properties":{"id":127950,"nom":"COLLEGE MODERNE SOMINASSE_SECONDAIRE","type":"secondaire","district_region":null,"departement_commune":null,"verifie":true,"name":"COLLEGE MODERNE SOMINASSE_SECONDAIRE","source":"Géoportail ANSTAT"}},{"type":"Feature","geometry":{"type":"Point","coordinates":[-4.700639999999964,8.381110000000035]},"properties":{"id":127951,"nom":"COLLEGE PRIVE WEGNONMON DE BONIEREDOUGOU_SECONDAIRE","type":"secondaire","district_region":null,"departement_commune":null,"verifie":true,"name":"COLLEGE PRIVE WEGNONMON DE BONIEREDOUGOU_SECONDAIRE","source":"Géoportail ANSTAT"}},{"type":"Feature","geometry":{"type":"Point","coordinates":[-4.712999999999965,8.374500000000069]},"properties":{"id":127952,"nom":"LYCEE MODERNE BONIEREDOUGOU_SECONDAIRE","type":"secondaire","district_region":null,"departement_commune":null,"verifie":true,"name":"LYCEE MODERNE BONIEREDOUGOU_SECONDAIRE","source":"Géoportail ANSTAT"}},{"type":"Feature","geometry":{"type":"Point","coordinates":[-4.442799999999977,8.37146000000007]},"properties":{"id":127953,"nom":"COLLEGE ANACARDIER DABAKALA_SECONDAIRE","type":"secondaire","district_region":null,"departement_commune":null,"verifie":true,"name":"COLLEGE ANACARDIER DABAKALA_SECONDAIRE","source":"Géoportail ANSTAT"}},{"type":"Feature","geometry":{"type":"Point","coordinates":[-7.95999999999998,8.36000000000007]},"properties":{"id":127954,"nom":"COLLEGE MODERNE KOONAN_SECONDAIRE","type":"secondaire","district_region":null,"departement_commune":null,"verifie":true,"name":"COLLEGE MODERNE KOONAN_SECONDAIRE","source":"Géoportail ANSTAT"}},{"type":"Feature","geometry":{"type":"Point","coordinates":[-4.432789999999954,8.355330000000038]},"properties":{"id":127955,"nom":"LYCEE MODERNE DABAKALA_SECONDAIRE","type":"secondaire","district_region":null,"departement_commune":null,"verifie":true,"name":"LYCEE MODERNE DABAKALA_SECONDAIRE","source":"Géoportail ANSTAT"}},{"type":"Feature","geometry":{"type":"Point","coordinates":[-4.419999999999959,8.340000000000032]},"properties":{"id":127956,"nom":"COLLEGE WEPLIN DE DABAKALA_SECONDAIRE","type":"secondaire","district_region":null,"departement_commune":null,"verifie":true,"name":"COLLEGE WEPLIN DE DABAKALA_SECONDAIRE","source":"Géoportail ANSTAT"}},{"type":"Feature","geometry":{"type":"Point","coordinates":[-6.106266999999946,8.335595000000069]},"properties":{"id":127957,"nom":"COLLEGE MODERNE DE TOMONO_SECONDAIRE","type":"secondaire","district_region":null,"departement_commune":null,"verifie":true,"name":"COLLEGE MODERNE DE TOMONO_SECONDAIRE","source":"Géoportail ANSTAT"}},{"type":"Feature","geometry":{"type":"Point","coordinates":[-3.07743899999997,8.329297000000054]},"properties":{"id":127958,"nom":"COLLEGE MODERNE DE GBANHUI_SECONDAIRE","type":"secondaire","district_region":null,"departement_commune":null,"verifie":true,"name":"COLLEGE MODERNE DE GBANHUI_SECONDAIRE","source":"Géoportail ANSTAT"}},{"type":"Feature","geometry":{"type":"Point","coordinates":[-7.519039999999961,8.325510000000065]},"properties":{"id":127959,"nom":"COLLEGE MODERNE MAHOU SOKOURALA_SECONDAIRE","type":"secondaire","district_region":null,"departement_commune":null,"verifie":true,"name":"COLLEGE MODERNE MAHOU SOKOURALA_SECONDAIRE","source":"Géoportail ANSTAT"}},{"type":"Feature","geometry":{"type":"Point","coordinates":[-4.567223999999953,8.311240000000055]},"properties":{"id":127960,"nom":"COLLEGE MODERNE DE FENESSIGUEDOUGOU_SECONDAIRE","type":"secondaire","district_region":null,"departement_commune":null,"verifie":true,"name":"COLLEGE MODERNE DE FENESSIGUEDOUGOU_SECONDAIRE","source":"Géoportail ANSTAT"}},{"type":"Feature","geometry":{"type":"Point","coordinates":[-6.096756999999968,8.30985000000004]},"properties":{"id":127961,"nom":"COLLEGE MODERNE DE SAMOROSSO_SECONDAIRE","type":"secondaire","district_region":null,"departement_commune":null,"verifie":true,"name":"COLLEGE MODERNE DE SAMOROSSO_SECONDAIRE","source":"Géoportail ANSTAT"}},{"type":"Feature","geometry":{"type":"Point","coordinates":[-5.734735999999941,8.308189000000027]},"properties":{"id":127962,"nom":"COLLEGE MODERNE DE KAMORO_SECONDAIRE","type":"secondaire","district_region":null,"departement_commune":null,"verifie":true,"name":"COLLEGE MODERNE DE KAMORO_SECONDAIRE","source":"Géoportail ANSTAT"}},{"type":"Feature","geometry":{"type":"Point","coordinates":[-3.123182999999926,8.305385000000058]},"properties":{"id":127963,"nom":"COLLEGE MODERNE DE TOROSSANGUEHI_SECONDAIRE","type":"secondaire","district_region":null,"departement_commune":null,"verifie":true,"name":"COLLEGE MODERNE DE TOROSSANGUEHI_SECONDAIRE","source":"Géoportail ANSTAT"}},{"type":"Feature","geometry":{"type":"Point","coordinates":[-7.66720399999997,8.301443000000063]},"properties":{"id":127964,"nom":"COLLEGE PRIVE MASSOGBE DOSSO_SECONDAIRE","type":"secondaire","district_region":null,"departement_commune":null,"verifie":true,"name":"COLLEGE PRIVE MASSOGBE DOSSO_SECONDAIRE","source":"Géoportail ANSTAT"}},{"type":"Feature","geometry":{"type":"Point","coordinates":[-4.505059999999958,8.295020000000022]},"properties":{"id":127965,"nom":"COLLEGE MODERNE DE KAWOLO SOBARA_SECONDAIRE","type":"secondaire","district_region":null,"departement_commune":null,"verifie":true,"name":"COLLEGE MODERNE DE KAWOLO SOBARA_SECONDAIRE","source":"Géoportail ANSTAT"}},{"type":"Feature","geometry":{"type":"Point","coordinates":[-7.696319999999957,8.281860000000052]},"properties":{"id":127966,"nom":"LYCEE GOUVERNEUR ABDOULAYE FADIGA TOUBA_SECONDAIRE","type":"secondaire","district_region":null,"departement_commune":null,"verifie":true,"name":"LYCEE GOUVERNEUR ABDOULAYE FADIGA TOUBA_SECONDAIRE","source":"Géoportail ANSTAT"}},{"type":"Feature","geometry":{"type":"Point","coordinates":[-7.317899999999952,8.281640000000039]},"properties":{"id":127967,"nom":"COLLEGE MODERNE GUINTEGUELA_SECONDAIRE","type":"secondaire","district_region":null,"departement_commune":null,"verifie":true,"name":"COLLEGE MODERNE GUINTEGUELA_SECONDAIRE","source":"Géoportail ANSTAT"}},{"type":"Feature","geometry":{"type":"Point","coordinates":[-7.69784999999996,8.28081000000003]},"properties":{"id":127968,"nom":"GROUPE SCOLAIRE EL ITRATOU TAHIRA TOUBA_SECONDAIRE","type":"secondaire","district_region":null,"departement_commune":null,"verifie":true,"name":"GROUPE SCOLAIRE EL ITRATOU TAHIRA TOUBA_SECONDAIRE","source":"Géoportail ANSTAT"}},{"type":"Feature","geometry":{"type":"Point","coordinates":[-7.695169999999962,8.28042000000005]},"properties":{"id":127969,"nom":"COLLEGE PRIVE KONE MAMADOU TOUBA_SECONDAIRE","type":"secondaire","district_region":null,"departement_commune":null,"verifie":true,"name":"COLLEGE PRIVE KONE MAMADOU TOUBA_SECONDAIRE","source":"Géoportail ANSTAT"}},{"type":"Feature","geometry":{"type":"Point","coordinates":[-2.966297999999938,8.277383000000043]},"properties":{"id":127970,"nom":"COLLEGE MODERNE DE LAOUDI-BA_SECONDAIRE","type":"secondaire","district_region":null,"departement_commune":null,"verifie":true,"name":"COLLEGE MODERNE DE LAOUDI-BA_SECONDAIRE","source":"Géoportail ANSTAT"}},{"type":"Feature","geometry":{"type":"Point","coordinates":[-7.682019999999966,8.276010000000042]},"properties":{"id":127971,"nom":"COLLEGE PRIVE MARKAZ FAROUK TOUBA_SECONDAIRE","type":"secondaire","district_region":null,"departement_commune":null,"verifie":true,"name":"COLLEGE PRIVE MARKAZ FAROUK TOUBA_SECONDAIRE","source":"Géoportail ANSTAT"}},{"type":"Feature","geometry":{"type":"Point","coordinates":[-6.899561999999946,8.26891500000005]},"properties":{"id":127972,"nom":"COLLEGE MODERNE WOROFLA_SECONDAIRE","type":"secondaire","district_region":null,"departement_commune":null,"verifie":true,"name":"COLLEGE MODERNE WOROFLA_SECONDAIRE","source":"Géoportail ANSTAT"}},{"type":"Feature","geometry":{"type":"Point","coordinates":[-6.899561999999946,8.26891500000005]},"properties":{"id":127973,"nom":"COLLEGE PRIVE NIGBI DE WOROFLA_SECONDAIRE","type":"secondaire","district_region":null,"departement_commune":null,"verifie":true,"name":"COLLEGE PRIVE NIGBI DE WOROFLA_SECONDAIRE","source":"Géoportail ANSTAT"}},{"type":"Feature","geometry":{"type":"Point","coordinates":[-8.052604999999971,8.266512000000034]},"properties":{"id":127974,"nom":"COLLEGE MODERNE SANTA_SECONDAIRE","type":"secondaire","district_region":null,"departement_commune":null,"verifie":true,"name":"COLLEGE MODERNE SANTA_SECONDAIRE","source":"Géoportail ANSTAT"}},{"type":"Feature","geometry":{"type":"Point","coordinates":[-6.113439999999969,8.264798000000042]},"properties":{"id":127975,"nom":"COLLEGE PRIVE NOGODALE DE KAGNENE_SECONDAIRE","type":"secondaire","district_region":null,"departement_commune":null,"verifie":true,"name":"COLLEGE PRIVE NOGODALE DE KAGNENE_SECONDAIRE","source":"Géoportail ANSTAT"}},{"type":"Feature","geometry":{"type":"Point","coordinates":[-7.870674999999949,8.246998000000076]},"properties":{"id":127976,"nom":"COLLEGE PRIVE AMARA DIOMANDE OUANINOU_SECONDAIRE","type":"secondaire","district_region":null,"departement_commune":null,"verifie":true,"name":"COLLEGE PRIVE AMARA DIOMANDE OUANINOU_SECONDAIRE","source":"Géoportail ANSTAT"}},{"type":"Feature","geometry":{"type":"Point","coordinates":[-4.249999999999943,8.239010000000064]},"properties":{"id":127977,"nom":"COLLEGE MODERNE YAOSSEDOUGOU_SECONDAIRE","type":"secondaire","district_region":null,"departement_commune":null,"verifie":true,"name":"COLLEGE MODERNE YAOSSEDOUGOU_SECONDAIRE","source":"Géoportail ANSTAT"}},{"type":"Feature","geometry":{"type":"Point","coordinates":[-2.569764999999961,8.238529000000028]},"properties":{"id":127978,"nom":"COLLEGE MODERNE DE TAMBI_SECONDAIRE","type":"secondaire","district_region":null,"departement_commune":null,"verifie":true,"name":"COLLEGE MODERNE DE TAMBI_SECONDAIRE","source":"Géoportail ANSTAT"}},{"type":"Feature","geometry":{"type":"Point","coordinates":[-7.868696999999941,8.233160000000055]},"properties":{"id":127979,"nom":"LYCEE MODERNE ALASSANE OUATTARA OUANINOU_SECONDAIRE","type":"secondaire","district_region":null,"departement_commune":null,"verifie":true,"name":"LYCEE MODERNE ALASSANE OUATTARA OUANINOU_SECONDAIRE","source":"Géoportail ANSTAT"}},{"type":"Feature","geometry":{"type":"Point","coordinates":[-3.198072999999965,8.229125000000067]},"properties":{"id":127980,"nom":"COLLEGE PRIVE MASSENI-MOCTAR BONDOUKOU_SECONDAIRE","type":"secondaire","district_region":null,"departement_commune":null,"verifie":true,"name":"COLLEGE PRIVE MASSENI-MOCTAR BONDOUKOU_SECONDAIRE","source":"Géoportail ANSTAT"}},{"type":"Feature","geometry":{"type":"Point","coordinates":[-3.193034999999952,8.218409000000065]},"properties":{"id":127981,"nom":"LYCEE MODERNE DE BONDO_SECONDAIRE","type":"secondaire","district_region":null,"departement_commune":null,"verifie":true,"name":"LYCEE MODERNE DE BONDO_SECONDAIRE","source":"Géoportail ANSTAT"}},{"type":"Feature","geometry":{"type":"Point","coordinates":[-5.118069999999932,8.21706000000006]},"properties":{"id":127982,"nom":"COLLEGE MODERNE FRONAN_SECONDAIRE","type":"secondaire","district_region":null,"departement_commune":null,"verifie":true,"name":"COLLEGE MODERNE FRONAN_SECONDAIRE","source":"Géoportail ANSTAT"}},{"type":"Feature","geometry":{"type":"Point","coordinates":[-5.680699999999945,8.210660000000075]},"properties":{"id":127983,"nom":"COLLEGE PRIVE LA CITADELLE BABADOUGOU_SECONDAIRE","type":"secondaire","district_region":null,"departement_commune":null,"verifie":true,"name":"COLLEGE PRIVE LA CITADELLE BABADOUGOU_SECONDAIRE","source":"Géoportail ANSTAT"}},{"type":"Feature","geometry":{"type":"Point","coordinates":[-5.142039999999952,8.210570000000075]},"properties":{"id":127984,"nom":"COLLEGE PRIVE GNINWELE 2 DE FRONAN_SECONDAIRE","type":"secondaire","district_region":null,"departement_commune":null,"verifie":true,"name":"COLLEGE PRIVE GNINWELE 2 DE FRONAN_SECONDAIRE","source":"Géoportail ANSTAT"}},{"type":"Feature","geometry":{"type":"Point","coordinates":[-2.952681999999925,8.206048000000067]},"properties":{"id":127985,"nom":"LYCEE MODERNE DE YEZIMALA_SECONDAIRE","type":"secondaire","district_region":null,"departement_commune":null,"verifie":true,"name":"LYCEE MODERNE DE YEZIMALA_SECONDAIRE","source":"Géoportail ANSTAT"}},{"type":"Feature","geometry":{"type":"Point","coordinates":[-2.945931999999971,8.202243000000067]},"properties":{"id":127986,"nom":"COLLEGE PRIVE L EXCELLENCE DE YEZIMALA_SECONDAIRE","type":"secondaire","district_region":null,"departement_commune":null,"verifie":true,"name":"COLLEGE PRIVE L EXCELLENCE DE YEZIMALA_SECONDAIRE","source":"Géoportail ANSTAT"}},{"type":"Feature","geometry":{"type":"Point","coordinates":[-4.338889999999935,8.199920000000077]},"properties":{"id":127987,"nom":"COLLEGE MODERNE DE KPANA KALO_SECONDAIRE","type":"secondaire","district_region":null,"departement_commune":null,"verifie":true,"name":"COLLEGE MODERNE DE KPANA KALO_SECONDAIRE","source":"Géoportail ANSTAT"}},{"type":"Feature","geometry":{"type":"Point","coordinates":[-5.849413999999967,8.19087200000007]},"properties":{"id":127988,"nom":"COLLEGE PRIVE YAKRI DE DIALAKORO_SECONDAIRE","type":"secondaire","district_region":null,"departement_commune":null,"verifie":true,"name":"COLLEGE PRIVE YAKRI DE DIALAKORO_SECONDAIRE","source":"Géoportail ANSTAT"}},{"type":"Feature","geometry":{"type":"Point","coordinates":[-5.849413999999967,8.19087200000007]},"properties":{"id":127989,"nom":"COLLEGE MODERNE DE DIALAKORO_SECONDAIRE","type":"secondaire","district_region":null,"departement_commune":null,"verifie":true,"name":"COLLEGE MODERNE DE DIALAKORO_SECONDAIRE","source":"Géoportail ANSTAT"}},{"type":"Feature","geometry":{"type":"Point","coordinates":[-5.723639999999932,8.18896200000006]},"properties":{"id":127990,"nom":"COLLEGE IBLO FOFANA TIENINGBOUE_SECONDAIRE","type":"secondaire","district_region":null,"departement_commune":null,"verifie":true,"name":"COLLEGE IBLO FOFANA TIENINGBOUE_SECONDAIRE","source":"Géoportail ANSTAT"}},{"type":"Feature","geometry":{"type":"Point","coordinates":[-5.71723499999996,8.187290000000075]},"properties":{"id":127991,"nom":"COLLEGE PRIVE MAMAN AGATHE DE TIENINGBOUE_SECONDAIRE","type":"secondaire","district_region":null,"departement_commune":null,"verifie":true,"name":"COLLEGE PRIVE MAMAN AGATHE DE TIENINGBOUE_SECONDAIRE","source":"Géoportail ANSTAT"}},{"type":"Feature","geometry":{"type":"Point","coordinates":[-5.713059999999928,8.187261000000035]},"properties":{"id":127992,"nom":"LYCEE BAD TIENINGBOUE_SECONDAIRE","type":"secondaire","district_region":null,"departement_commune":null,"verifie":true,"name":"LYCEE BAD TIENINGBOUE_SECONDAIRE","source":"Géoportail ANSTAT"}},{"type":"Feature","geometry":{"type":"Point","coordinates":[-5.715787999999975,8.18340100000006]},"properties":{"id":127993,"nom":"COLLEGE PRIVE LONI DE TIENINGBOUE_SECONDAIRE","type":"secondaire","district_region":null,"departement_commune":null,"verifie":true,"name":"COLLEGE PRIVE LONI DE TIENINGBOUE_SECONDAIRE","source":"Géoportail ANSTAT"}},{"type":"Feature","geometry":{"type":"Point","coordinates":[-5.716669999999965,8.183330000000069]},"properties":{"id":127994,"nom":"COLLEGE PRIVE LIMANYA DE TIENINGBOUE_SECONDAIRE","type":"secondaire","district_region":null,"departement_commune":null,"verifie":true,"name":"COLLEGE PRIVE LIMANYA DE TIENINGBOUE_SECONDAIRE","source":"Géoportail ANSTAT"}},{"type":"Feature","geometry":{"type":"Point","coordinates":[-6.616286999999943,8.175763000000074]},"properties":{"id":127995,"nom":"COLLEGE MODERNE DE DIARABANA_SECONDAIRE","type":"secondaire","district_region":null,"departement_commune":null,"verifie":true,"name":"COLLEGE MODERNE DE DIARABANA_SECONDAIRE","source":"Géoportail ANSTAT"}},{"type":"Feature","geometry":{"type":"Point","coordinates":[-5.723381999999958,8.175343000000055]},"properties":{"id":127996,"nom":"COLLEGE PRIVE SAMA KAMAGATE DE TIENINGBOUE_SECONDAIRE","type":"secondaire","district_region":null,"departement_commune":null,"verifie":true,"name":"COLLEGE PRIVE SAMA KAMAGATE DE TIENINGBOUE_SECONDAIRE","source":"Géoportail ANSTAT"}},{"type":"Feature","geometry":{"type":"Point","coordinates":[-5.783896999999968,8.175086000000022]},"properties":{"id":127997,"nom":"COLLEGE MODERNE DE OUEDALLAH_SECONDAIRE","type":"secondaire","district_region":null,"departement_commune":null,"verifie":true,"name":"COLLEGE MODERNE DE OUEDALLAH_SECONDAIRE","source":"Géoportail ANSTAT"}},{"type":"Feature","geometry":{"type":"Point","coordinates":[-7.859531999999945,8.174762000000044]},"properties":{"id":127998,"nom":"COLLEGE MODERNE GANHOUE-SEFINA_SECONDAIRE","type":"secondaire","district_region":null,"departement_commune":null,"verifie":true,"name":"COLLEGE MODERNE GANHOUE-SEFINA_SECONDAIRE","source":"Géoportail ANSTAT"}},{"type":"Feature","geometry":{"type":"Point","coordinates":[-4.938999999999965,8.173790000000054]},"properties":{"id":127999,"nom":"COLLEGE PRIVE YETANLAN HENRIETTE DE TIMBE_SECONDAIRE","type":"secondaire","district_region":null,"departement_commune":null,"verifie":true,"name":"COLLEGE PRIVE YETANLAN HENRIETTE DE TIMBE_SECONDAIRE","source":"Géoportail ANSTAT"}},{"type":"Feature","geometry":{"type":"Point","coordinates":[-6.612276999999949,8.171009000000026]},"properties":{"id":128000,"nom":"COLLEGE PRIVE LA BENEDICTION DE DIARABANA_SECONDAIRE","type":"secondaire","district_region":null,"departement_commune":null,"verifie":true,"name":"COLLEGE PRIVE LA BENEDICTION DE DIARABANA_SECONDAIRE","source":"Géoportail ANSTAT"}},{"type":"Feature","geometry":{"type":"Point","coordinates":[-6.556264999999939,8.167488000000048]},"properties":{"id":128001,"nom":"COLLEGE MODERNE BOBI_SECONDAIRE","type":"secondaire","district_region":null,"departement_commune":null,"verifie":true,"name":"COLLEGE MODERNE BOBI_SECONDAIRE","source":"Géoportail ANSTAT"}},{"type":"Feature","geometry":{"type":"Point","coordinates":[-2.710857999999973,8.165587000000073]},"properties":{"id":128002,"nom":"COLLEGE MODERNE DE SOROBANGO_SECONDAIRE","type":"secondaire","district_region":null,"departement_commune":null,"verifie":true,"name":"COLLEGE MODERNE DE SOROBANGO_SECONDAIRE","source":"Géoportail ANSTAT"}},{"type":"Feature","geometry":{"type":"Point","coordinates":[-2.992692999999974,8.154168000000027]},"properties":{"id":128003,"nom":"LYCEE MODERNE DE SAPLI-SEPINGO_SECONDAIRE","type":"secondaire","district_region":null,"departement_commune":null,"verifie":true,"name":"LYCEE MODERNE DE SAPLI-SEPINGO_SECONDAIRE","source":"Géoportail ANSTAT"}},{"type":"Feature","geometry":{"type":"Point","coordinates":[-7.778681999999947,8.153061000000037]},"properties":{"id":128004,"nom":"COLLEGE MODERNE GOUELO-MANDOUGOU_SECONDAIRE","type":"secondaire","district_region":null,"departement_commune":null,"verifie":true,"name":"COLLEGE MODERNE GOUELO-MANDOUGOU_SECONDAIRE","source":"Géoportail ANSTAT"}},{"type":"Feature","geometry":{"type":"Point","coordinates":[-5.085976999999957,8.150320000000022]},"properties":{"id":128005,"nom":"COLLEGE ADESKA KATIOLA_SECONDAIRE","type":"secondaire","district_region":null,"departement_commune":null,"verifie":true,"name":"COLLEGE ADESKA KATIOLA_SECONDAIRE","source":"Géoportail ANSTAT"}},{"type":"Feature","geometry":{"type":"Point","coordinates":[-5.095829999999978,8.14993000000004]},"properties":{"id":128006,"nom":"COLLEGE MODERNE DE TIMBE_SECONDAIRE","type":"secondaire","district_region":null,"departement_commune":null,"verifie":true,"name":"COLLEGE MODERNE DE TIMBE_SECONDAIRE","source":"Géoportail ANSTAT"}},{"type":"Feature","geometry":{"type":"Point","coordinates":[-5.099609999999927,8.149400000000071]},"properties":{"id":128007,"nom":"COLLEGE MODERNE KATIOLA_SECONDAIRE","type":"secondaire","district_region":null,"departement_commune":null,"verifie":true,"name":"COLLEGE MODERNE KATIOLA_SECONDAIRE","source":"Géoportail ANSTAT"}},{"type":"Feature","geometry":{"type":"Point","coordinates":[-3.441394999999943,8.144858000000056]},"properties":{"id":128008,"nom":"COLLEGE PRIVE DONGUI JACOB DE TAOUDI_SECONDAIRE","type":"secondaire","district_region":null,"departement_commune":null,"verifie":true,"name":"COLLEGE PRIVE DONGUI JACOB DE TAOUDI_SECONDAIRE","source":"Géoportail ANSTAT"}},{"type":"Feature","geometry":{"type":"Point","coordinates":[-5.105916999999977,8.143679000000077]},"properties":{"id":128009,"nom":"COLLEGE CAMARA POGABAHA THOMAS DE KATIOLA_SECONDAIRE","type":"secondaire","district_region":null,"departement_commune":null,"verifie":true,"name":"COLLEGE CAMARA POGABAHA THOMAS DE KATIOLA_SECONDAIRE","source":"Géoportail ANSTAT"}},{"type":"Feature","geometry":{"type":"Point","coordinates":[-7.53723599999995,8.14053400000006]},"properties":{"id":128010,"nom":"COLLEGE MODERNE DIOMAN_SECONDAIRE","type":"secondaire","district_region":null,"departement_commune":null,"verifie":true,"name":"COLLEGE MODERNE DIOMAN_SECONDAIRE","source":"Géoportail ANSTAT"}},{"type":"Feature","geometry":{"type":"Point","coordinates":[-5.099999999999966,8.140000000000043]},"properties":{"id":128011,"nom":"COLLEGE THOMAS D ACQUIN KATIOLA_SECONDAIRE","type":"secondaire","district_region":null,"departement_commune":null,"verifie":true,"name":"COLLEGE THOMAS D ACQUIN KATIOLA_SECONDAIRE","source":"Géoportail ANSTAT"}},{"type":"Feature","geometry":{"type":"Point","coordinates":[-5.089729999999975,8.135200000000054]},"properties":{"id":128012,"nom":"COURS SECONDAIRE CATHOLIQUE DE KATIOLA_SECONDAIRE","type":"secondaire","district_region":null,"departement_commune":null,"verifie":true,"name":"COURS SECONDAIRE CATHOLIQUE DE KATIOLA_SECONDAIRE","source":"Géoportail ANSTAT"}},{"type":"Feature","geometry":{"type":"Point","coordinates":[-5.088039999999978,8.13232000000005]},"properties":{"id":128013,"nom":"LYCEE MODERNE GASTON OUASSENAN KONE DE KATIOLA_SECONDAIRE","type":"secondaire","district_region":null,"departement_commune":null,"verifie":true,"name":"LYCEE MODERNE GASTON OUASSENAN KONE DE KATIOLA_SECONDAIRE","source":"Géoportail ANSTAT"}},{"type":"Feature","geometry":{"type":"Point","coordinates":[-3.426693999999941,8.13069500000006]},"properties":{"id":128014,"nom":"COLLEGE MODERNE DE TAOUDI_SECONDAIRE","type":"secondaire","district_region":null,"departement_commune":null,"verifie":true,"name":"COLLEGE MODERNE DE TAOUDI_SECONDAIRE","source":"Géoportail ANSTAT"}},{"type":"Feature","geometry":{"type":"Point","coordinates":[-2.916813999999931,8.127620000000036]},"properties":{"id":128015,"nom":"COLLEGE MODERNE DE KOUASSI-N DAWA_SECONDAIRE","type":"secondaire","district_region":null,"departement_commune":null,"verifie":true,"name":"COLLEGE MODERNE DE KOUASSI-N DAWA_SECONDAIRE","source":"Géoportail ANSTAT"}},{"type":"Feature","geometry":{"type":"Point","coordinates":[-6.539439999999956,8.12444000000005]},"properties":{"id":128016,"nom":"COLLEGE MODERNE DE DUALLA_SECONDAIRE","type":"secondaire","district_region":null,"departement_commune":null,"verifie":true,"name":"COLLEGE MODERNE DE DUALLA_SECONDAIRE","source":"Géoportail ANSTAT"}},{"type":"Feature","geometry":{"type":"Point","coordinates":[-5.116972999999973,8.12437600000004]},"properties":{"id":128017,"nom":"COLLEGE PRIVE DOMIGBAN DE KATIOLA_SECONDAIRE","type":"secondaire","district_region":null,"departement_commune":null,"verifie":true,"name":"COLLEGE PRIVE DOMIGBAN DE KATIOLA_SECONDAIRE","source":"Géoportail ANSTAT"}},{"type":"Feature","geometry":{"type":"Point","coordinates":[-5.082359999999937,8.123960000000068]},"properties":{"id":128018,"nom":"COLLEGE PRIVE GNINWELE DE KATIOLA_SECONDAIRE","type":"secondaire","district_region":null,"departement_commune":null,"verifie":true,"name":"COLLEGE PRIVE GNINWELE DE KATIOLA_SECONDAIRE","source":"Géoportail ANSTAT"}},{"type":"Feature","geometry":{"type":"Point","coordinates":[-5.10349999999994,8.119000000000028]},"properties":{"id":128019,"nom":"COLLEGE PRIVE ISLAMYAT ABOUBACAR DE KATIOLA_SECONDAIRE","type":"secondaire","district_region":null,"departement_commune":null,"verifie":true,"name":"COLLEGE PRIVE ISLAMYAT ABOUBACAR DE KATIOLA_SECONDAIRE","source":"Géoportail ANSTAT"}},{"type":"Feature","geometry":{"type":"Point","coordinates":[-6.944299999999942,8.118003000000044]},"properties":{"id":128020,"nom":"COLLEGE MODERNE GBETOGO_SECONDAIRE","type":"secondaire","district_region":null,"departement_commune":null,"verifie":true,"name":"COLLEGE MODERNE GBETOGO_SECONDAIRE","source":"Géoportail ANSTAT"}},{"type":"Feature","geometry":{"type":"Point","coordinates":[-3.61999499999996,8.109184000000027]},"properties":{"id":128021,"nom":"COLLEGE MODERNE ALASSANE OUATTARA DE BANDAKAGNI-SOKOURA_SECONDAIRE","type":"secondaire","district_region":null,"departement_commune":null,"verifie":true,"name":"COLLEGE MODERNE ALASSANE OUATTARA DE BANDAKAGNI-SOKOURA_SECONDAIRE","source":"Géoportail ANSTAT"}},{"type":"Feature","geometry":{"type":"Point","coordinates":[-6.118224999999939,8.081957000000045]},"properties":{"id":128022,"nom":"COLLEGE PRIVE COUMBA DE MANKONO_SECONDAIRE","type":"secondaire","district_region":null,"departement_commune":null,"verifie":true,"name":"COLLEGE PRIVE COUMBA DE MANKONO_SECONDAIRE","source":"Géoportail ANSTAT"}},{"type":"Feature","geometry":{"type":"Point","coordinates":[-6.203004999999962,8.073623000000055]},"properties":{"id":128023,"nom":"COLLEGE MODERNE TONHOULE DE MANKONO_SECONDAIRE","type":"secondaire","district_region":null,"departement_commune":null,"verifie":true,"name":"COLLEGE MODERNE TONHOULE DE MANKONO_SECONDAIRE","source":"Géoportail ANSTAT"}},{"type":"Feature","geometry":{"type":"Point","coordinates":[-2.825182999999925,8.072764000000063]},"properties":{"id":128024,"nom":"COLLEGE PRIVE TECHNIQUE EEGTP DE BONDOUKOU_SECONDAIRE","type":"secondaire","district_region":null,"departement_commune":null,"verifie":true,"name":"COLLEGE PRIVE TECHNIQUE EEGTP DE BONDOUKOU_SECONDAIRE","source":"Géoportail ANSTAT"}},{"type":"Feature","geometry":{"type":"Point","coordinates":[-2.812734999999975,8.068650000000048]},"properties":{"id":128025,"nom":"COLLEGE PRIVE KOUAKOU ADAYE BONDOUKOU_SECONDAIRE","type":"secondaire","district_region":null,"departement_commune":null,"verifie":true,"name":"COLLEGE PRIVE KOUAKOU ADAYE BONDOUKOU_SECONDAIRE","source":"Géoportail ANSTAT"}},{"type":"Feature","geometry":{"type":"Point","coordinates":[-2.796733999999958,8.065656000000047]},"properties":{"id":128026,"nom":"COLLEGE PRIVE LE SENEVE DE BONDOUKOU_SECONDAIRE","type":"secondaire","district_region":null,"departement_commune":null,"verifie":true,"name":"COLLEGE PRIVE LE SENEVE DE BONDOUKOU_SECONDAIRE","source":"Géoportail ANSTAT"}},{"type":"Feature","geometry":{"type":"Point","coordinates":[-2.83477199999993,8.063624000000061]},"properties":{"id":128027,"nom":"COLLEGE PRIVE MUCECI_SECONDAIRE","type":"secondaire","district_region":null,"departement_commune":null,"verifie":true,"name":"COLLEGE PRIVE MUCECI_SECONDAIRE","source":"Géoportail ANSTAT"}},{"type":"Feature","geometry":{"type":"Point","coordinates":[-6.18110299999995,8.061071000000027]},"properties":{"id":128028,"nom":"COLLEGE JUAN CARLOS MANKONO_SECONDAIRE","type":"secondaire","district_region":null,"departement_commune":null,"verifie":true,"name":"COLLEGE JUAN CARLOS MANKONO_SECONDAIRE","source":"Géoportail ANSTAT"}},{"type":"Feature","geometry":{"type":"Point","coordinates":[-2.812154999999962,8.060033000000033]},"properties":{"id":128029,"nom":"COLLEGE MODERNEKOBENAN KOUASSI ADJOUMANI DE BONDOUKOU_SECONDAIRE","type":"secondaire","district_region":null,"departement_commune":null,"verifie":true,"name":"COLLEGE MODERNEKOBENAN KOUASSI ADJOUMANI DE BONDOUKOU_SECONDAIRE","source":"Géoportail ANSTAT"}},{"type":"Feature","geometry":{"type":"Point","coordinates":[-6.174341999999967,8.059900000000027]},"properties":{"id":128030,"nom":"COLLEGE PRIVE CONFESSIONNEL ISLAMIQUE DAROUL MOUSTAPHA_SECONDAIRE","type":"secondaire","district_region":null,"departement_commune":null,"verifie":true,"name":"COLLEGE PRIVE CONFESSIONNEL ISLAMIQUE DAROUL MOUSTAPHA_SECONDAIRE","source":"Géoportail ANSTAT"}},{"type":"Feature","geometry":{"type":"Point","coordinates":[-6.176785999999936,8.055205000000058]},"properties":{"id":128031,"nom":"COLLEGE IBLO FOFANA MANKONO_SECONDAIRE","type":"secondaire","district_region":null,"departement_commune":null,"verifie":true,"name":"COLLEGE IBLO FOFANA MANKONO_SECONDAIRE","source":"Géoportail ANSTAT"}},{"type":"Feature","geometry":{"type":"Point","coordinates":[-2.808205999999927,8.054485000000057]},"properties":{"id":128032,"nom":"COLLEGE HONORE DE BALZAC BONDOUKOU_SECONDAIRE","type":"secondaire","district_region":null,"departement_commune":null,"verifie":true,"name":"COLLEGE HONORE DE BALZAC BONDOUKOU_SECONDAIRE","source":"Géoportail ANSTAT"}},{"type":"Feature","geometry":{"type":"Point","coordinates":[-2.817942999999957,8.054018000000042]},"properties":{"id":128033,"nom":"GROUPE SCOLAIRE MAMPO DE BONDOUKOU_SECONDAIRE","type":"secondaire","district_region":null,"departement_commune":null,"verifie":true,"name":"GROUPE SCOLAIRE MAMPO DE BONDOUKOU_SECONDAIRE","source":"Géoportail ANSTAT"}},{"type":"Feature","geometry":{"type":"Point","coordinates":[-6.557919999999967,8.053810000000055]},"properties":{"id":128034,"nom":"COLLEGE MODERNE DE SIANA_SECONDAIRE","type":"secondaire","district_region":null,"departement_commune":null,"verifie":true,"name":"COLLEGE MODERNE DE SIANA_SECONDAIRE","source":"Géoportail ANSTAT"}},{"type":"Feature","geometry":{"type":"Point","coordinates":[-2.800428999999951,8.051900000000046]},"properties":{"id":128035,"nom":"COLLEGE EL ITRATOU TAHIRA BONDOUKOU_SECONDAIRE","type":"secondaire","district_region":null,"departement_commune":null,"verifie":true,"name":"COLLEGE EL ITRATOU TAHIRA BONDOUKOU_SECONDAIRE","source":"Géoportail ANSTAT"}},{"type":"Feature","geometry":{"type":"Point","coordinates":[-2.785887999999943,8.049777000000063]},"properties":{"id":128036,"nom":"COLLEGE NANAN ADOU KOFFI BONDOUKOU_SECONDAIRE","type":"secondaire","district_region":null,"departement_commune":null,"verifie":true,"name":"COLLEGE NANAN ADOU KOFFI BONDOUKOU_SECONDAIRE","source":"Géoportail ANSTAT"}},{"type":"Feature","geometry":{"type":"Point","coordinates":[-6.190999999999974,8.049000000000035]},"properties":{"id":128037,"nom":"LYCEE MODERNE MANKONO_SECONDAIRE","type":"secondaire","district_region":null,"departement_commune":null,"verifie":true,"name":"LYCEE MODERNE MANKONO_SECONDAIRE","source":"Géoportail ANSTAT"}},{"type":"Feature","geometry":{"type":"Point","coordinates":[-2.799660999999958,8.047630000000026]},"properties":{"id":128038,"nom":"COLLEGE PRIVE CATHOLIQUE SACRE COEUR DE JESUS DE BONDOUKOU_SECONDAIRE","type":"secondaire","district_region":null,"departement_commune":null,"verifie":true,"name":"COLLEGE PRIVE CATHOLIQUE SACRE COEUR DE JESUS DE BONDOUKOU_SECONDAIRE","source":"Géoportail ANSTAT"}},{"type":"Feature","geometry":{"type":"Point","coordinates":[-4.097999999999956,8.045000000000073]},"properties":{"id":128039,"nom":"COLLEGE MODERNE DE BASSAWA_SECONDAIRE","type":"secondaire","district_region":null,"departement_commune":null,"verifie":true,"name":"COLLEGE MODERNE DE BASSAWA_SECONDAIRE","source":"Géoportail ANSTAT"}},{"type":"Feature","geometry":{"type":"Point","coordinates":[-2.813953999999967,8.044982000000061]},"properties":{"id":128040,"nom":"COLLEGE PRIVE MAHAMA OUATTARA_SECONDAIRE","type":"secondaire","district_region":null,"departement_commune":null,"verifie":true,"name":"COLLEGE PRIVE MAHAMA OUATTARA_SECONDAIRE","source":"Géoportail ANSTAT"}},{"type":"Feature","geometry":{"type":"Point","coordinates":[-2.808444999999949,8.043083000000024]},"properties":{"id":128041,"nom":"COLLEGE PRIVE AMANI N GUESSAN BONDOUKOU_SECONDAIRE","type":"secondaire","district_region":null,"departement_commune":null,"verifie":true,"name":"COLLEGE PRIVE AMANI N GUESSAN BONDOUKOU_SECONDAIRE","source":"Géoportail ANSTAT"}},{"type":"Feature","geometry":{"type":"Point","coordinates":[-2.79881899999998,8.039896000000056]},"properties":{"id":128042,"nom":"COLLEGE PRIVE LA VALLEE D ESCHCOL_SECONDAIRE","type":"secondaire","district_region":null,"departement_commune":null,"verifie":true,"name":"COLLEGE PRIVE LA VALLEE D ESCHCOL_SECONDAIRE","source":"Géoportail ANSTAT"}},{"type":"Feature","geometry":{"type":"Point","coordinates":[-6.186834999999974,8.038603000000023]},"properties":{"id":128043,"nom":"COLLEGE PRIVE LES PEDAGOGUES DE MANKONO_SECONDAIRE","type":"secondaire","district_region":null,"departement_commune":null,"verifie":true,"name":"COLLEGE PRIVE LES PEDAGOGUES DE MANKONO_SECONDAIRE","source":"Géoportail ANSTAT"}},{"type":"Feature","geometry":{"type":"Point","coordinates":[-2.81423899999993,8.03535000000005]},"properties":{"id":128044,"nom":"GROUPE LES PROFESSIONNELS BONDOUKOU_SECONDAIRE","type":"secondaire","district_region":null,"departement_commune":null,"verifie":true,"name":"GROUPE LES PROFESSIONNELS BONDOUKOU_SECONDAIRE","source":"Géoportail ANSTAT"}},{"type":"Feature","geometry":{"type":"Point","coordinates":[-2.807169999999928,8.034044000000051]},"properties":{"id":128045,"nom":"LYCEE MODERNE 2 DE BONDOUKOU_SECONDAIRE","type":"secondaire","district_region":null,"departement_commune":null,"verifie":true,"name":"LYCEE MODERNE 2 DE BONDOUKOU_SECONDAIRE","source":"Géoportail ANSTAT"}},{"type":"Feature","geometry":{"type":"Point","coordinates":[-2.80699999999996,8.033693000000028]},"properties":{"id":128046,"nom":"LYCEE MODERNE 1 DE BONDOUKOU_SECONDAIRE","type":"secondaire","district_region":null,"departement_commune":null,"verifie":true,"name":"LYCEE MODERNE 1 DE BONDOUKOU_SECONDAIRE","source":"Géoportail ANSTAT"}},{"type":"Feature","geometry":{"type":"Point","coordinates":[-2.689999999999941,8.03000000000003]},"properties":{"id":128047,"nom":"COLLEGE MODERNE BONDOUKOU_SECONDAIRE","type":"secondaire","district_region":null,"departement_commune":null,"verifie":true,"name":"COLLEGE MODERNE BONDOUKOU_SECONDAIRE","source":"Géoportail ANSTAT"}},{"type":"Feature","geometry":{"type":"Point","coordinates":[-2.79498099999995,8.029125000000022]},"properties":{"id":128048,"nom":"COLLEGE PRIVE EL BANITEIM BONDOUKOU_SECONDAIRE","type":"secondaire","district_region":null,"departement_commune":null,"verifie":true,"name":"COLLEGE PRIVE EL BANITEIM BONDOUKOU_SECONDAIRE","source":"Géoportail ANSTAT"}},{"type":"Feature","geometry":{"type":"Point","coordinates":[-6.095501999999954,8.02803300000005]},"properties":{"id":128049,"nom":"COLLEGE MODERNE DE FIZANLOUMA_SECONDAIRE","type":"secondaire","district_region":null,"departement_commune":null,"verifie":true,"name":"COLLEGE MODERNE DE FIZANLOUMA_SECONDAIRE","source":"Géoportail ANSTAT"}},{"type":"Feature","geometry":{"type":"Point","coordinates":[-2.806728999999962,8.027900000000045]},"properties":{"id":128050,"nom":"COLLEGE PRIVE ETIC DE BONDOUKOU_SECONDAIRE","type":"secondaire","district_region":null,"departement_commune":null,"verifie":true,"name":"COLLEGE PRIVE ETIC DE BONDOUKOU_SECONDAIRE","source":"Géoportail ANSTAT"}},{"type":"Feature","geometry":{"type":"Point","coordinates":[-6.180499999999938,8.02470100000005]},"properties":{"id":128051,"nom":"COLLEGE MODERNE DE OUSSOUGOULA_SECONDAIRE","type":"secondaire","district_region":null,"departement_commune":null,"verifie":true,"name":"COLLEGE MODERNE DE OUSSOUGOULA_SECONDAIRE","source":"Géoportail ANSTAT"}},{"type":"Feature","geometry":{"type":"Point","coordinates":[-2.817526999999927,8.024244000000067]},"properties":{"id":128052,"nom":"COLLEGE PRIVE AMADOU GON COULIBALY DE BONDOUKOU_SECONDAIRE","type":"secondaire","district_region":null,"departement_commune":null,"verifie":true,"name":"COLLEGE PRIVE AMADOU GON COULIBALY DE BONDOUKOU_SECONDAIRE","source":"Géoportail ANSTAT"}},{"type":"Feature","geometry":{"type":"Point","coordinates":[-2.790221999999972,8.020465000000058]},"properties":{"id":128053,"nom":"COLLEGE PRIVE LES VIVIERS_SECONDAIRE","type":"secondaire","district_region":null,"departement_commune":null,"verifie":true,"name":"COLLEGE PRIVE LES VIVIERS_SECONDAIRE","source":"Géoportail ANSTAT"}},{"type":"Feature","geometry":{"type":"Point","coordinates":[-2.81612599999994,8.01755300000002]},"properties":{"id":128054,"nom":"COLLEGE DUA KOBENAN BONDOUKOU_SECONDAIRE","type":"secondaire","district_region":null,"departement_commune":null,"verifie":true,"name":"COLLEGE DUA KOBENAN BONDOUKOU_SECONDAIRE","source":"Géoportail ANSTAT"}},{"type":"Feature","geometry":{"type":"Point","coordinates":[-6.573012999999946,8.010019000000057]},"properties":{"id":128055,"nom":"COLLEGE MODERNE DE DOKE_SECONDAIRE","type":"secondaire","district_region":null,"departement_commune":null,"verifie":true,"name":"COLLEGE MODERNE DE DOKE_SECONDAIRE","source":"Géoportail ANSTAT"}},{"type":"Feature","geometry":{"type":"Point","coordinates":[-3.778549999999939,8.009529000000043]},"properties":{"id":128056,"nom":"COLLEGE MODERNE DE DIMANDOUGOU_SECONDAIRE","type":"secondaire","district_region":null,"departement_commune":null,"verifie":true,"name":"COLLEGE MODERNE DE DIMANDOUGOU_SECONDAIRE","source":"Géoportail ANSTAT"}},{"type":"Feature","geometry":{"type":"Point","coordinates":[-2.789999999999964,8.000000000000057]},"properties":{"id":128057,"nom":"COLLEGE PRIVE DU ZANZAN BONDOUKOU_SECONDAIRE","type":"secondaire","district_region":null,"departement_commune":null,"verifie":true,"name":"COLLEGE PRIVE DU ZANZAN BONDOUKOU_SECONDAIRE","source":"Géoportail ANSTAT"}},{"type":"Feature","geometry":{"type":"Point","coordinates":[-4.999999999999943,8.000000000000057]},"properties":{"id":128058,"nom":"COLLLEGE PRIVE CHEF ADOU N TAMON D ABOBO_SECONDAIRE","type":"secondaire","district_region":null,"departement_commune":null,"verifie":true,"name":"COLLLEGE PRIVE CHEF ADOU N TAMON D ABOBO_SECONDAIRE","source":"Géoportail ANSTAT"}},{"type":"Feature","geometry":{"type":"Point","coordinates":[-3.069999999999936,7.990000000000066]},"properties":{"id":128059,"nom":"LYCEE MODERNE DE TABAGNE_SECONDAIRE","type":"secondaire","district_region":null,"departement_commune":null,"verifie":true,"name":"LYCEE MODERNE DE TABAGNE_SECONDAIRE","source":"Géoportail ANSTAT"}},{"type":"Feature","geometry":{"type":"Point","coordinates":[-3.062767999999949,7.986917000000062]},"properties":{"id":128060,"nom":"COLLEGE PRIVE LE PRINCIER DE TABAGNE_SECONDAIRE","type":"secondaire","district_region":null,"departement_commune":null,"verifie":true,"name":"COLLEGE PRIVE LE PRINCIER DE TABAGNE_SECONDAIRE","source":"Géoportail ANSTAT"}},{"type":"Feature","geometry":{"type":"Point","coordinates":[-5.068163999999967,7.985414000000048]},"properties":{"id":128061,"nom":"COLLEGE PRIVE IBRAHIM KHALIL KONATE DE FORO-FORO_SECONDAIRE","type":"secondaire","district_region":null,"departement_commune":null,"verifie":true,"name":"COLLEGE PRIVE IBRAHIM KHALIL KONATE DE FORO-FORO_SECONDAIRE","source":"Géoportail ANSTAT"}},{"type":"Feature","geometry":{"type":"Point","coordinates":[-2.729999999999961,7.980000000000075]},"properties":{"id":128062,"nom":"COLLEGE PRIVE ANNASS BOUHOUN MALICK DE SOKO_SECONDAIRE","type":"secondaire","district_region":null,"departement_commune":null,"verifie":true,"name":"COLLEGE PRIVE ANNASS BOUHOUN MALICK DE SOKO_SECONDAIRE","source":"Géoportail ANSTAT"}},{"type":"Feature","geometry":{"type":"Point","coordinates":[-3.107721999999967,7.975181000000021]},"properties":{"id":128063,"nom":"COLLEGE PRIVE NOTRE DAME DE L IMMACULEE CONCEPTION DE BRACODI_SECONDAIRE","type":"secondaire","district_region":null,"departement_commune":null,"verifie":true,"name":"COLLEGE PRIVE NOTRE DAME DE L IMMACULEE CONCEPTION DE BRACODI_SECONDAIRE","source":"Géoportail ANSTAT"}},{"type":"Feature","geometry":{"type":"Point","coordinates":[-6.676674999999932,7.972814000000028]},"properties":{"id":128064,"nom":"COLLEGE LES ELITES DE SEGUELA_SECONDAIRE","type":"secondaire","district_region":null,"departement_commune":null,"verifie":true,"name":"COLLEGE LES ELITES DE SEGUELA_SECONDAIRE","source":"Géoportail ANSTAT"}},{"type":"Feature","geometry":{"type":"Point","coordinates":[-6.697232999999926,7.97208900000004]},"properties":{"id":128065,"nom":"COLLEGE PRIVE CONFESSIONNEL ISLAMIQUE LADJI SAGUIDIBA DE SEGUELA_SECONDAIRE","type":"secondaire","district_region":null,"departement_commune":null,"verifie":true,"name":"COLLEGE PRIVE CONFESSIONNEL ISLAMIQUE LADJI SAGUIDIBA DE SEGUELA_SECONDAIRE","source":"Géoportail ANSTAT"}},{"type":"Feature","geometry":{"type":"Point","coordinates":[-6.689232999999945,7.970798000000059]},"properties":{"id":128066,"nom":"COLLEGE LE WORODOUGOU SEGUELA_SECONDAIRE","type":"secondaire","district_region":null,"departement_commune":null,"verifie":true,"name":"COLLEGE LE WORODOUGOU SEGUELA_SECONDAIRE","source":"Géoportail ANSTAT"}},{"type":"Feature","geometry":{"type":"Point","coordinates":[-5.032210999999961,7.970619000000056]},"properties":{"id":128067,"nom":"GROUPE SCOLAIRE ESPERANCE BOUAKE_SECONDAIRE","type":"secondaire","district_region":null,"departement_commune":null,"verifie":true,"name":"GROUPE SCOLAIRE ESPERANCE BOUAKE_SECONDAIRE","source":"Géoportail ANSTAT"}},{"type":"Feature","geometry":{"type":"Point","coordinates":[-6.697987999999953,7.967145000000073]},"properties":{"id":128068,"nom":"COLLEGE PRIVE MINA DE SEGUELA_SECONDAIRE","type":"secondaire","district_region":null,"departement_commune":null,"verifie":true,"name":"COLLEGE PRIVE MINA DE SEGUELA_SECONDAIRE","source":"Géoportail ANSTAT"}},{"type":"Feature","geometry":{"type":"Point","coordinates":[-6.681831999999929,7.964085000000068]},"properties":{"id":128069,"nom":"LYCEE MODERNE DOMINIQUE OUATTARA DE SEGUELA_SECONDAIRE","type":"secondaire","district_region":null,"departement_commune":null,"verifie":true,"name":"LYCEE MODERNE DOMINIQUE OUATTARA DE SEGUELA_SECONDAIRE","source":"Géoportail ANSTAT"}},{"type":"Feature","geometry":{"type":"Point","coordinates":[-3.135833999999932,7.962248000000045]},"properties":{"id":128070,"nom":"COLLEGE MODERNE D AMANVI_SECONDAIRE","type":"secondaire","district_region":null,"departement_commune":null,"verifie":true,"name":"COLLEGE MODERNE D AMANVI_SECONDAIRE","source":"Géoportail ANSTAT"}},{"type":"Feature","geometry":{"type":"Point","coordinates":[-6.665514999999971,7.961598000000038]},"properties":{"id":128071,"nom":"COLLEGE IVAB SEGUELA_SECONDAIRE","type":"secondaire","district_region":null,"departement_commune":null,"verifie":true,"name":"COLLEGE IVAB SEGUELA_SECONDAIRE","source":"Géoportail ANSTAT"}},{"type":"Feature","geometry":{"type":"Point","coordinates":[-6.670367999999939,7.961121000000048]},"properties":{"id":128072,"nom":"COLLEGE MODERNE ET TECHNIQUE LASANO SEGUELA_SECONDAIRE","type":"secondaire","district_region":null,"departement_commune":null,"verifie":true,"name":"COLLEGE MODERNE ET TECHNIQUE LASANO SEGUELA_SECONDAIRE","source":"Géoportail ANSTAT"}},{"type":"Feature","geometry":{"type":"Point","coordinates":[-6.655479999999955,7.956510000000037]},"properties":{"id":128073,"nom":"LYCEE MODERNE BAD DE SEGUELA_SECONDAIRE","type":"secondaire","district_region":null,"departement_commune":null,"verifie":true,"name":"LYCEE MODERNE BAD DE SEGUELA_SECONDAIRE","source":"Géoportail ANSTAT"}},{"type":"Feature","geometry":{"type":"Point","coordinates":[-3.574386999999945,7.954959000000031]},"properties":{"id":128074,"nom":"LYCEE MUNICIPAL SANDEGUE_SECONDAIRE","type":"secondaire","district_region":null,"departement_commune":null,"verifie":true,"name":"LYCEE MUNICIPAL SANDEGUE_SECONDAIRE","source":"Géoportail ANSTAT"}},{"type":"Feature","geometry":{"type":"Point","coordinates":[-7.676091999999926,7.953027000000077]},"properties":{"id":128075,"nom":"COLLEGE MODERNE FOUNGBESSO_SECONDAIRE","type":"secondaire","district_region":null,"departement_commune":null,"verifie":true,"name":"COLLEGE MODERNE FOUNGBESSO_SECONDAIRE","source":"Géoportail ANSTAT"}},{"type":"Feature","geometry":{"type":"Point","coordinates":[-6.688870999999949,7.949528000000043]},"properties":{"id":128076,"nom":"COLLEGE PRIVE FOREP DE SEGUELA_SECONDAIRE","type":"secondaire","district_region":null,"departement_commune":null,"verifie":true,"name":"COLLEGE PRIVE FOREP DE SEGUELA_SECONDAIRE","source":"Géoportail ANSTAT"}},{"type":"Feature","geometry":{"type":"Point","coordinates":[-3.448921999999925,7.947262000000023]},"properties":{"id":128077,"nom":"COLLEGE MODERNE DE NAMASSI_SECONDAIRE","type":"secondaire","district_region":null,"departement_commune":null,"verifie":true,"name":"COLLEGE MODERNE DE NAMASSI_SECONDAIRE","source":"Géoportail ANSTAT"}},{"type":"Feature","geometry":{"type":"Point","coordinates":[-6.664299999999969,7.945027000000039]},"properties":{"id":128078,"nom":"LYCEE MODERNE JEUNES FILLES  DE SEGUELA_SECONDAIRE","type":"secondaire","district_region":null,"departement_commune":null,"verifie":true,"name":"LYCEE MODERNE JEUNES FILLES  DE SEGUELA_SECONDAIRE","source":"Géoportail ANSTAT"}},{"type":"Feature","geometry":{"type":"Point","coordinates":[-6.684810999999968,7.941445000000044]},"properties":{"id":128079,"nom":"COLLEGE PRIVE ISAAC NEWTON DE SEGUELA_SECONDAIRE","type":"secondaire","district_region":null,"departement_commune":null,"verifie":true,"name":"COLLEGE PRIVE ISAAC NEWTON DE SEGUELA_SECONDAIRE","source":"Géoportail ANSTAT"}},{"type":"Feature","geometry":{"type":"Point","coordinates":[-7.078995999999961,7.920232000000055]},"properties":{"id":128080,"nom":"COLLEGE PRIVE DJABAROU DE SEGUELA_SECONDAIRE","type":"secondaire","district_region":null,"departement_commune":null,"verifie":true,"name":"COLLEGE PRIVE DJABAROU DE SEGUELA_SECONDAIRE","source":"Géoportail ANSTAT"}},{"type":"Feature","geometry":{"type":"Point","coordinates":[-2.83257599999996,7.909348000000023]},"properties":{"id":128081,"nom":"COLLEGE MODERNE DE PINDA-BOROKO_SECONDAIRE","type":"secondaire","district_region":null,"departement_commune":null,"verifie":true,"name":"COLLEGE MODERNE DE PINDA-BOROKO_SECONDAIRE","source":"Géoportail ANSTAT"}},{"type":"Feature","geometry":{"type":"Point","coordinates":[-2.960481999999956,7.904910000000029]},"properties":{"id":128082,"nom":"COLLEGE PRIVE AKIDOM DE GOUMERE_SECONDAIRE","type":"secondaire","district_region":null,"departement_commune":null,"verifie":true,"name":"COLLEGE PRIVE AKIDOM DE GOUMERE_SECONDAIRE","source":"Géoportail ANSTAT"}},{"type":"Feature","geometry":{"type":"Point","coordinates":[-2.868382999999938,7.903527000000054]},"properties":{"id":128083,"nom":"COLLEGE MODERNE D  APPIMANDOUM_SECONDAIRE","type":"secondaire","district_region":null,"departement_commune":null,"verifie":true,"name":"COLLEGE MODERNE D  APPIMANDOUM_SECONDAIRE","source":"Géoportail ANSTAT"}},{"type":"Feature","geometry":{"type":"Point","coordinates":[-4.513969999999972,7.902430000000038]},"properties":{"id":128084,"nom":"COLLEGE MUNICIPAL SATAMA-SOKORO_SECONDAIRE","type":"secondaire","district_region":null,"departement_commune":null,"verifie":true,"name":"COLLEGE MUNICIPAL SATAMA-SOKORO_SECONDAIRE","source":"Géoportail ANSTAT"}},{"type":"Feature","geometry":{"type":"Point","coordinates":[-6.448509999999942,7.900417000000061]},"properties":{"id":128085,"nom":"COLLEGE MODERNE MASSALA_SECONDAIRE","type":"secondaire","district_region":null,"departement_commune":null,"verifie":true,"name":"COLLEGE MODERNE MASSALA_SECONDAIRE","source":"Géoportail ANSTAT"}},{"type":"Feature","geometry":{"type":"Point","coordinates":[-4.376369999999952,7.899880000000053]},"properties":{"id":128086,"nom":"COLLEGE MODERNE SATAMA-SOKOURA_SECONDAIRE","type":"secondaire","district_region":null,"departement_commune":null,"verifie":true,"name":"COLLEGE MODERNE SATAMA-SOKOURA_SECONDAIRE","source":"Géoportail ANSTAT"}},{"type":"Feature","geometry":{"type":"Point","coordinates":[-2.987087999999972,7.891666000000043]},"properties":{"id":128087,"nom":"COLLEGE PRIVE LE PROGRES DE GOUMERE_SECONDAIRE","type":"secondaire","district_region":null,"departement_commune":null,"verifie":true,"name":"COLLEGE PRIVE LE PROGRES DE GOUMERE_SECONDAIRE","source":"Géoportail ANSTAT"}},{"type":"Feature","geometry":{"type":"Point","coordinates":[-5.836346999999932,7.890910000000076]},"properties":{"id":128088,"nom":"COLLEGE MODERNE DE KOUATTA_SECONDAIRE","type":"secondaire","district_region":null,"departement_commune":null,"verifie":true,"name":"COLLEGE MODERNE DE KOUATTA_SECONDAIRE","source":"Géoportail ANSTAT"}},{"type":"Feature","geometry":{"type":"Point","coordinates":[-3.072477999999933,7.886651000000029]},"properties":{"id":128089,"nom":"COLLEGE MODERNE DE NAGAFOU_SECONDAIRE","type":"secondaire","district_region":null,"departement_commune":null,"verifie":true,"name":"COLLEGE MODERNE DE NAGAFOU_SECONDAIRE","source":"Géoportail ANSTAT"}},{"type":"Feature","geometry":{"type":"Point","coordinates":[-2.989276999999959,7.885021000000052]},"properties":{"id":128090,"nom":"LYCEE MODERNE DE GOUMERE_SECONDAIRE","type":"secondaire","district_region":null,"departement_commune":null,"verifie":true,"name":"LYCEE MODERNE DE GOUMERE_SECONDAIRE","source":"Géoportail ANSTAT"}},{"type":"Feature","geometry":{"type":"Point","coordinates":[-5.473125999999979,7.88171600000004]},"properties":{"id":128091,"nom":"COLLEGE PRIVE MAMIE N GORAN DE BODOKRO_SECONDAIRE","type":"secondaire","district_region":null,"departement_commune":null,"verifie":true,"name":"COLLEGE PRIVE MAMIE N GORAN DE BODOKRO_SECONDAIRE","source":"Géoportail ANSTAT"}},{"type":"Feature","geometry":{"type":"Point","coordinates":[-6.81005399999998,7.878154000000052]},"properties":{"id":128092,"nom":"COLLEGE PRIVE BOLIA DE PELEZI_SECONDAIRE","type":"secondaire","district_region":null,"departement_commune":null,"verifie":true,"name":"COLLEGE PRIVE BOLIA DE PELEZI_SECONDAIRE","source":"Géoportail ANSTAT"}},{"type":"Feature","geometry":{"type":"Point","coordinates":[-5.963575999999932,7.876618000000065]},"properties":{"id":128093,"nom":"COLLEGE MODERNE DE KOROKOPLA_SECONDAIRE","type":"secondaire","district_region":null,"departement_commune":null,"verifie":true,"name":"COLLEGE MODERNE DE KOROKOPLA_SECONDAIRE","source":"Géoportail ANSTAT"}},{"type":"Feature","geometry":{"type":"Point","coordinates":[-5.479176999999936,7.874317000000076]},"properties":{"id":128094,"nom":"COLLEGE MODERNE BODOKRO_SECONDAIRE","type":"secondaire","district_region":null,"departement_commune":null,"verifie":true,"name":"COLLEGE MODERNE BODOKRO_SECONDAIRE","source":"Géoportail ANSTAT"}},{"type":"Feature","geometry":{"type":"Point","coordinates":[-5.475612999999953,7.867439000000047]},"properties":{"id":128095,"nom":"COLLEGE PRIVE LE GOLY_SECONDAIRE","type":"secondaire","district_region":null,"departement_commune":null,"verifie":true,"name":"COLLEGE PRIVE LE GOLY_SECONDAIRE","source":"Géoportail ANSTAT"}},{"type":"Feature","geometry":{"type":"Point","coordinates":[-7.016669999999976,7.866670000000056]},"properties":{"id":128096,"nom":"COLLEGE MODERNE DE GBINGORO-SAGOURA_SECONDAIRE","type":"secondaire","district_region":null,"departement_commune":null,"verifie":true,"name":"COLLEGE MODERNE DE GBINGORO-SAGOURA_SECONDAIRE","source":"Géoportail ANSTAT"}},{"type":"Feature","geometry":{"type":"Point","coordinates":[-3.257579999999962,7.86656000000005]},"properties":{"id":128097,"nom":"COLLEGE PRIVE ANGOBIA DE TIEDIO_SECONDAIRE","type":"secondaire","district_region":null,"departement_commune":null,"verifie":true,"name":"COLLEGE PRIVE ANGOBIA DE TIEDIO_SECONDAIRE","source":"Géoportail ANSTAT"}},{"type":"Feature","geometry":{"type":"Point","coordinates":[-3.994134999999972,7.862517000000025]},"properties":{"id":128098,"nom":"COLLEGE MODERNE FAMIENKRO_SECONDAIRE","type":"secondaire","district_region":null,"departement_commune":null,"verifie":true,"name":"COLLEGE MODERNE FAMIENKRO_SECONDAIRE","source":"Géoportail ANSTAT"}},{"type":"Feature","geometry":{"type":"Point","coordinates":[-7.017682999999977,7.859622000000059]},"properties":{"id":128099,"nom":"COLLEGE MODERNE DE KAMALO_SECONDAIRE","type":"secondaire","district_region":null,"departement_commune":null,"verifie":true,"name":"COLLEGE MODERNE DE KAMALO_SECONDAIRE","source":"Géoportail ANSTAT"}},{"type":"Feature","geometry":{"type":"Point","coordinates":[-3.085627999999929,7.858512000000076]},"properties":{"id":128100,"nom":"COLLEGE PRIVE SAVANT DE GUIENDE_SECONDAIRE","type":"secondaire","district_region":null,"departement_commune":null,"verifie":true,"name":"COLLEGE PRIVE SAVANT DE GUIENDE_SECONDAIRE","source":"Géoportail ANSTAT"}},{"type":"Feature","geometry":{"type":"Point","coordinates":[-3.991720999999927,7.857750000000067]},"properties":{"id":128101,"nom":"COLLEGE PRIVE EHOURA AZUMANA DE PRIKRO_SECONDAIRE","type":"secondaire","district_region":null,"departement_commune":null,"verifie":true,"name":"COLLEGE PRIVE EHOURA AZUMANA DE PRIKRO_SECONDAIRE","source":"Géoportail ANSTAT"}},{"type":"Feature","geometry":{"type":"Point","coordinates":[-6.676792999999975,7.857350000000054]},"properties":{"id":128102,"nom":"COLLEGE MODERNE DE SOBA- BANADJE_SECONDAIRE","type":"secondaire","district_region":null,"departement_commune":null,"verifie":true,"name":"COLLEGE MODERNE DE SOBA- BANADJE_SECONDAIRE","source":"Géoportail ANSTAT"}},{"type":"Feature","geometry":{"type":"Point","coordinates":[-5.316822999999943,7.855736000000036]},"properties":{"id":128103,"nom":"COLLEGE AKPOLE KOUADIO BOTRO_SECONDAIRE","type":"secondaire","district_region":null,"departement_commune":null,"verifie":true,"name":"COLLEGE AKPOLE KOUADIO BOTRO_SECONDAIRE","source":"Géoportail ANSTAT"}},{"type":"Feature","geometry":{"type":"Point","coordinates":[-5.928549999999973,7.854509000000064]},"properties":{"id":128104,"nom":"COLLEGE PRIVE ESPOIR DE SOUKOUROUGBAN_SECONDAIRE","type":"secondaire","district_region":null,"departement_commune":null,"verifie":true,"name":"COLLEGE PRIVE ESPOIR DE SOUKOUROUGBAN_SECONDAIRE","source":"Géoportail ANSTAT"}},{"type":"Feature","geometry":{"type":"Point","coordinates":[-7.664098999999965,7.850225000000023]},"properties":{"id":128105,"nom":"COLLEGE MODERNE MARTIN SANDE BOUA DE SANTA_SECONDAIRE","type":"secondaire","district_region":null,"departement_commune":null,"verifie":true,"name":"COLLEGE MODERNE MARTIN SANDE BOUA DE SANTA_SECONDAIRE","source":"Géoportail ANSTAT"}},{"type":"Feature","geometry":{"type":"Point","coordinates":[-6.00751699999995,7.848690000000033]},"properties":{"id":128106,"nom":"COLLEGE MODERNE DE BAMBALOUMA_SECONDAIRE","type":"secondaire","district_region":null,"departement_commune":null,"verifie":true,"name":"COLLEGE MODERNE DE BAMBALOUMA_SECONDAIRE","source":"Géoportail ANSTAT"}},{"type":"Feature","geometry":{"type":"Point","coordinates":[-5.940217999999959,7.848150000000032]},"properties":{"id":128107,"nom":"COLLEGE PRIVE SOMMON DE SOUKOUROUGBAN_SECONDAIRE","type":"secondaire","district_region":null,"departement_commune":null,"verifie":true,"name":"COLLEGE PRIVE SOMMON DE SOUKOUROUGBAN_SECONDAIRE","source":"Géoportail ANSTAT"}},{"type":"Feature","geometry":{"type":"Point","coordinates":[-5.292829999999981,7.846330000000023]},"properties":{"id":128108,"nom":"LYCEE MODERNE BOTRO_SECONDAIRE","type":"secondaire","district_region":null,"departement_commune":null,"verifie":true,"name":"LYCEE MODERNE BOTRO_SECONDAIRE","source":"Géoportail ANSTAT"}},{"type":"Feature","geometry":{"type":"Point","coordinates":[-5.317479999999932,7.845182000000023]},"properties":{"id":128109,"nom":"COLLEGE PRIVE NANAN TOTOKRA BOTRO_SECONDAIRE","type":"secondaire","district_region":null,"departement_commune":null,"verifie":true,"name":"COLLEGE PRIVE NANAN TOTOKRA BOTRO_SECONDAIRE","source":"Géoportail ANSTAT"}},{"type":"Feature","geometry":{"type":"Point","coordinates":[-7.75803499999995,7.842918000000054]},"properties":{"id":128110,"nom":"COLLEGE MODERNE DE SOKOURALA_SECONDAIRE","type":"secondaire","district_region":null,"departement_commune":null,"verifie":true,"name":"COLLEGE MODERNE DE SOKOURALA_SECONDAIRE","source":"Géoportail ANSTAT"}},{"type":"Feature","geometry":{"type":"Point","coordinates":[-3.095999999999947,7.842000000000041]},"properties":{"id":128111,"nom":"COLLEGE MODERNE DE GUIENDE_SECONDAIRE","type":"secondaire","district_region":null,"departement_commune":null,"verifie":true,"name":"COLLEGE MODERNE DE GUIENDE_SECONDAIRE","source":"Géoportail ANSTAT"}},{"type":"Feature","geometry":{"type":"Point","coordinates":[-5.31306799999993,7.836178000000075]},"properties":{"id":128112,"nom":"COLLEGE PRIVE SOURALE DE BOTRO_SECONDAIRE","type":"secondaire","district_region":null,"departement_commune":null,"verifie":true,"name":"COLLEGE PRIVE SOURALE DE BOTRO_SECONDAIRE","source":"Géoportail ANSTAT"}},{"type":"Feature","geometry":{"type":"Point","coordinates":[-3.989509999999939,7.825660000000028]},"properties":{"id":128113,"nom":"COLLEGE PRIVE LONISSO FARAKORO_SECONDAIRE","type":"secondaire","district_region":null,"departement_commune":null,"verifie":true,"name":"COLLEGE PRIVE LONISSO FARAKORO_SECONDAIRE","source":"Géoportail ANSTAT"}},{"type":"Feature","geometry":{"type":"Point","coordinates":[-3.533904999999947,7.819700000000068]},"properties":{"id":128114,"nom":"LYCEE ESSY AMARA DE KOUASSI-DATEKRO_SECONDAIRE","type":"secondaire","district_region":null,"departement_commune":null,"verifie":true,"name":"LYCEE ESSY AMARA DE KOUASSI-DATEKRO_SECONDAIRE","source":"Géoportail ANSTAT"}},{"type":"Feature","geometry":{"type":"Point","coordinates":[-3.533904999999947,7.819700000000068]},"properties":{"id":128115,"nom":"LYCEE MODERNE TAN DATE DE TIEDIO_SECONDAIRE","type":"secondaire","district_region":null,"departement_commune":null,"verifie":true,"name":"LYCEE MODERNE TAN DATE DE TIEDIO_SECONDAIRE","source":"Géoportail ANSTAT"}},{"type":"Feature","geometry":{"type":"Point","coordinates":[-2.940509999999961,7.817130000000077]},"properties":{"id":128116,"nom":"COLLEGE MODERNE DE DADIASSE_SECONDAIRE","type":"secondaire","district_region":null,"departement_commune":null,"verifie":true,"name":"COLLEGE MODERNE DE DADIASSE_SECONDAIRE","source":"Géoportail ANSTAT"}},{"type":"Feature","geometry":{"type":"Point","coordinates":[-3.531779999999969,7.816630000000032]},"properties":{"id":128117,"nom":"COLLEGE PRIVE BINI-BOKAWA DE KOUASSI DATEKRO_SECONDAIRE","type":"secondaire","district_region":null,"departement_commune":null,"verifie":true,"name":"COLLEGE PRIVE BINI-BOKAWA DE KOUASSI DATEKRO_SECONDAIRE","source":"Géoportail ANSTAT"}},{"type":"Feature","geometry":{"type":"Point","coordinates":[-3.531517999999949,7.816189000000065]},"properties":{"id":128118,"nom":"COLLEGE PRIVE FETIGUE KOULIBALY DE BONDOUKOU_SECONDAIRE","type":"secondaire","district_region":null,"departement_commune":null,"verifie":true,"name":"COLLEGE PRIVE FETIGUE KOULIBALY DE BONDOUKOU_SECONDAIRE","source":"Géoportail ANSTAT"}},{"type":"Feature","geometry":{"type":"Point","coordinates":[-6.08475999999996,7.814288000000033]},"properties":{"id":128119,"nom":"COLLEGE PRIVE D’EXCELLENCE DES PROFESSEURS DE KONGASSSO_SECONDAIRE","type":"secondaire","district_region":null,"departement_commune":null,"verifie":true,"name":"COLLEGE PRIVE D’EXCELLENCE DES PROFESSEURS DE KONGASSSO_SECONDAIRE","source":"Géoportail ANSTAT"}},{"type":"Feature","geometry":{"type":"Point","coordinates":[-7.157582999999931,7.811861000000022]},"properties":{"id":128120,"nom":"COLLEGE PRIVE AL FOURQUANE DE KOULIKORO_SECONDAIRE","type":"secondaire","district_region":null,"departement_commune":null,"verifie":true,"name":"COLLEGE PRIVE AL FOURQUANE DE KOULIKORO_SECONDAIRE","source":"Géoportail ANSTAT"}},{"type":"Feature","geometry":{"type":"Point","coordinates":[-6.082826999999952,7.811325000000068]},"properties":{"id":128121,"nom":"COLLEGE PRIVE YIKAN DE KONGASSO_SECONDAIRE","type":"secondaire","district_region":null,"departement_commune":null,"verifie":true,"name":"COLLEGE PRIVE YIKAN DE KONGASSO_SECONDAIRE","source":"Géoportail ANSTAT"}},{"type":"Feature","geometry":{"type":"Point","coordinates":[-6.077687999999966,7.809438000000057]},"properties":{"id":128122,"nom":"COLLEGE MODERNE DE KONGASSO_SECONDAIRE","type":"secondaire","district_region":null,"departement_commune":null,"verifie":true,"name":"COLLEGE MODERNE DE KONGASSO_SECONDAIRE","source":"Géoportail ANSTAT"}},{"type":"Feature","geometry":{"type":"Point","coordinates":[-3.158853999999963,7.802421000000038]},"properties":{"id":128123,"nom":"COLLEGE PRIVE ELITE INTERNATIONALE DE TANDA_SECONDAIRE","type":"secondaire","district_region":null,"departement_commune":null,"verifie":true,"name":"COLLEGE PRIVE ELITE INTERNATIONALE DE TANDA_SECONDAIRE","source":"Géoportail ANSTAT"}},{"type":"Feature","geometry":{"type":"Point","coordinates":[-5.836707999999931,7.800425000000075]},"properties":{"id":128124,"nom":"LYCEE MODERNE KOUASSIGBE BOMISSO DE KOUNAHIRI_SECONDAIRE","type":"secondaire","district_region":null,"departement_commune":null,"verifie":true,"name":"LYCEE MODERNE KOUASSIGBE BOMISSO DE KOUNAHIRI_SECONDAIRE","source":"Géoportail ANSTAT"}},{"type":"Feature","geometry":{"type":"Point","coordinates":[-7.357281999999941,7.797765000000027]},"properties":{"id":128125,"nom":"COLLEGE MODERNE DE GOTONGOUINE_SECONDAIRE","type":"secondaire","district_region":null,"departement_commune":null,"verifie":true,"name":"COLLEGE MODERNE DE GOTONGOUINE_SECONDAIRE","source":"Géoportail ANSTAT"}},{"type":"Feature","geometry":{"type":"Point","coordinates":[-3.168499999999938,7.796900000000051]},"properties":{"id":128126,"nom":"COLLEGE CYKRA TANDA_SECONDAIRE","type":"secondaire","district_region":null,"departement_commune":null,"verifie":true,"name":"COLLEGE CYKRA TANDA_SECONDAIRE","source":"Géoportail ANSTAT"}},{"type":"Feature","geometry":{"type":"Point","coordinates":[-3.158394999999928,7.79547800000006]},"properties":{"id":128127,"nom":"LYCEE MODERNE TANDA_SECONDAIRE","type":"secondaire","district_region":null,"departement_commune":null,"verifie":true,"name":"LYCEE MODERNE TANDA_SECONDAIRE","source":"Géoportail ANSTAT"}},{"type":"Feature","geometry":{"type":"Point","coordinates":[-3.180397999999968,7.795263000000034]},"properties":{"id":128128,"nom":"LYCEE MUNICIPAL TANDA_SECONDAIRE","type":"secondaire","district_region":null,"departement_commune":null,"verifie":true,"name":"LYCEE MUNICIPAL TANDA_SECONDAIRE","source":"Géoportail ANSTAT"}},{"type":"Feature","geometry":{"type":"Point","coordinates":[-3.180397999999968,7.795263000000034]},"properties":{"id":128129,"nom":"COLLEGE PRIVE MUSEQ DE FLAKIEDOUGOU_SECONDAIRE","type":"secondaire","district_region":null,"departement_commune":null,"verifie":true,"name":"COLLEGE PRIVE MUSEQ DE FLAKIEDOUGOU_SECONDAIRE","source":"Géoportail ANSTAT"}},{"type":"Feature","geometry":{"type":"Point","coordinates":[-5.172077999999942,7.794684000000075]},"properties":{"id":128130,"nom":"COLLEGE PRIVE MIENSAH_SECONDAIRE","type":"secondaire","district_region":null,"departement_commune":null,"verifie":true,"name":"COLLEGE PRIVE MIENSAH_SECONDAIRE","source":"Géoportail ANSTAT"}},{"type":"Feature","geometry":{"type":"Point","coordinates":[-5.842502999999965,7.793793000000051]},"properties":{"id":128131,"nom":"COLLEGE PRIVE SOMMON KOUNAHIRI_SECONDAIRE","type":"secondaire","district_region":null,"departement_commune":null,"verifie":true,"name":"COLLEGE PRIVE SOMMON KOUNAHIRI_SECONDAIRE","source":"Géoportail ANSTAT"}},{"type":"Feature","geometry":{"type":"Point","coordinates":[-3.173501999999928,7.793447000000072]},"properties":{"id":128132,"nom":"COLLEGE MUVEP TANDA_SECONDAIRE","type":"secondaire","district_region":null,"departement_commune":null,"verifie":true,"name":"COLLEGE MUVEP TANDA_SECONDAIRE","source":"Géoportail ANSTAT"}},{"type":"Feature","geometry":{"type":"Point","coordinates":[-3.150821999999948,7.79227700000007]},"properties":{"id":128133,"nom":"COLLEGE PRIVE ANUANDOH DE TANDA_SECONDAIRE","type":"secondaire","district_region":null,"departement_commune":null,"verifie":true,"name":"COLLEGE PRIVE ANUANDOH DE TANDA_SECONDAIRE","source":"Géoportail ANSTAT"}},{"type":"Feature","geometry":{"type":"Point","coordinates":[-6.082316999999932,7.788997000000052]},"properties":{"id":128134,"nom":"COLLEGE PRIVE LES ELITES DE KONGASSO_SECONDAIRE","type":"secondaire","district_region":null,"departement_commune":null,"verifie":true,"name":"COLLEGE PRIVE LES ELITES DE KONGASSO_SECONDAIRE","source":"Géoportail ANSTAT"}},{"type":"Feature","geometry":{"type":"Point","coordinates":[-5.182640999999933,7.787586000000033]},"properties":{"id":128135,"nom":"LYCEE MODERNE NANAN KHISSY BEYNIOUAH FULBERT DIABO_SECONDAIRE","type":"secondaire","district_region":null,"departement_commune":null,"verifie":true,"name":"LYCEE MODERNE NANAN KHISSY BEYNIOUAH FULBERT DIABO_SECONDAIRE","source":"Géoportail ANSTAT"}},{"type":"Feature","geometry":{"type":"Point","coordinates":[-5.843474999999955,7.785453000000075]},"properties":{"id":128136,"nom":"COLLEGE PRIVE NAKAO DE KOUNAHIRI_SECONDAIRE","type":"secondaire","district_region":null,"departement_commune":null,"verifie":true,"name":"COLLEGE PRIVE NAKAO DE KOUNAHIRI_SECONDAIRE","source":"Géoportail ANSTAT"}},{"type":"Feature","geometry":{"type":"Point","coordinates":[-5.842529999999954,7.785305000000051]},"properties":{"id":128137,"nom":"COLLEGE PRIVE SIDIBE YACOUBA KOUNAHIRI_SECONDAIRE","type":"secondaire","district_region":null,"departement_commune":null,"verifie":true,"name":"COLLEGE PRIVE SIDIBE YACOUBA KOUNAHIRI_SECONDAIRE","source":"Géoportail ANSTAT"}},{"type":"Feature","geometry":{"type":"Point","coordinates":[-5.835931999999957,7.781880000000058]},"properties":{"id":128138,"nom":"COLLEGE PRIVE LES OSCARS KOUNAHIRI_SECONDAIRE","type":"secondaire","district_region":null,"departement_commune":null,"verifie":true,"name":"COLLEGE PRIVE LES OSCARS KOUNAHIRI_SECONDAIRE","source":"Géoportail ANSTAT"}},{"type":"Feature","geometry":{"type":"Point","coordinates":[-5.174012999999945,7.774809000000062]},"properties":{"id":128139,"nom":"COLEGE PRIVE MOUAYET DE DIABO_SECONDAIRE","type":"secondaire","district_region":null,"departement_commune":null,"verifie":true,"name":"COLEGE PRIVE MOUAYET DE DIABO_SECONDAIRE","source":"Géoportail ANSTAT"}},{"type":"Feature","geometry":{"type":"Point","coordinates":[-5.388192999999944,7.773781000000042]},"properties":{"id":128140,"nom":"COLLEGE PRIVE EXCELLENCE DIVINE DE LOLOBO_SECONDAIRE","type":"secondaire","district_region":null,"departement_commune":null,"verifie":true,"name":"COLLEGE PRIVE EXCELLENCE DIVINE DE LOLOBO_SECONDAIRE","source":"Géoportail ANSTAT"}},{"type":"Feature","geometry":{"type":"Point","coordinates":[-7.634689999999978,7.751049000000023]},"properties":{"id":128141,"nom":"COLLEGE MODERNE DE BIANKOUMA_SECONDAIRE","type":"secondaire","district_region":null,"departement_commune":null,"verifie":true,"name":"COLLEGE MODERNE DE BIANKOUMA_SECONDAIRE","source":"Géoportail ANSTAT"}},{"type":"Feature","geometry":{"type":"Point","coordinates":[-5.055786999999953,7.748380000000054]},"properties":{"id":128142,"nom":"COLLEGE PRIVE TAALIM DE BOUAKE_SECONDAIRE","type":"secondaire","district_region":null,"departement_commune":null,"verifie":true,"name":"COLLEGE PRIVE TAALIM DE BOUAKE_SECONDAIRE","source":"Géoportail ANSTAT"}},{"type":"Feature","geometry":{"type":"Point","coordinates":[-5.046634999999981,7.747392000000048]},"properties":{"id":128143,"nom":"COLLEGE PRIVE LEVINAS DE BOUAKE_SECONDAIRE","type":"secondaire","district_region":null,"departement_commune":null,"verifie":true,"name":"COLLEGE PRIVE LEVINAS DE BOUAKE_SECONDAIRE","source":"Géoportail ANSTAT"}},{"type":"Feature","geometry":{"type":"Point","coordinates":[-5.045917999999972,7.744518000000028]},"properties":{"id":128144,"nom":"COLLEGE PRIVE MOHAMED VI DE BOUAKE_SECONDAIRE","type":"secondaire","district_region":null,"departement_commune":null,"verifie":true,"name":"COLLEGE PRIVE MOHAMED VI DE BOUAKE_SECONDAIRE","source":"Géoportail ANSTAT"}},{"type":"Feature","geometry":{"type":"Point","coordinates":[-5.053318999999931,7.743780000000072]},"properties":{"id":128145,"nom":"COLLEGE PRIVE  LE SALUT DE BOUAKE_SECONDAIRE","type":"secondaire","district_region":null,"departement_commune":null,"verifie":true,"name":"COLLEGE PRIVE  LE SALUT DE BOUAKE_SECONDAIRE","source":"Géoportail ANSTAT"}},{"type":"Feature","geometry":{"type":"Point","coordinates":[-5.772626999999943,7.742197000000033]},"properties":{"id":128146,"nom":"COLLEGE PRIVE LA REFERENCE D AGBAOU_SECONDAIRE","type":"secondaire","district_region":null,"departement_commune":null,"verifie":true,"name":"COLLEGE PRIVE LA REFERENCE D AGBAOU_SECONDAIRE","source":"Géoportail ANSTAT"}},{"type":"Feature","geometry":{"type":"Point","coordinates":[-7.614561999999978,7.739300000000071]},"properties":{"id":128147,"nom":"COLLEGE FRANCOIS PERSON DE BIANKOUMA_SECONDAIRE","type":"secondaire","district_region":null,"departement_commune":null,"verifie":true,"name":"COLLEGE FRANCOIS PERSON DE BIANKOUMA_SECONDAIRE","source":"Géoportail ANSTAT"}},{"type":"Feature","geometry":{"type":"Point","coordinates":[-5.051500999999973,7.739030000000071]},"properties":{"id":128148,"nom":"COLLEGE PRIVE LE GBEKE_SECONDAIRE","type":"secondaire","district_region":null,"departement_commune":null,"verifie":true,"name":"COLLEGE PRIVE LE GBEKE_SECONDAIRE","source":"Géoportail ANSTAT"}},{"type":"Feature","geometry":{"type":"Point","coordinates":[-4.994997999999953,7.737565000000075]},"properties":{"id":128149,"nom":"COLLEGE PRIVE CATHOLIQUE SAINT MICHEL BOUAKE_SECONDAIRE","type":"secondaire","district_region":null,"departement_commune":null,"verifie":true,"name":"COLLEGE PRIVE CATHOLIQUE SAINT MICHEL BOUAKE_SECONDAIRE","source":"Géoportail ANSTAT"}},{"type":"Feature","geometry":{"type":"Point","coordinates":[-5.001891999999941,7.737030000000061]},"properties":{"id":128150,"nom":"COLLEGE PRIVE NANAN  ANDOYAH KAN_SECONDAIRE","type":"secondaire","district_region":null,"departement_commune":null,"verifie":true,"name":"COLLEGE PRIVE NANAN  ANDOYAH KAN_SECONDAIRE","source":"Géoportail ANSTAT"}},{"type":"Feature","geometry":{"type":"Point","coordinates":[-4.971126999999967,7.737022000000024]},"properties":{"id":128151,"nom":"COLLEGE PRIVE MIEN-MO BOUAKE BELLEVILLE_SECONDAIRE","type":"secondaire","district_region":null,"departement_commune":null,"verifie":true,"name":"COLLEGE PRIVE MIEN-MO BOUAKE BELLEVILLE_SECONDAIRE","source":"Géoportail ANSTAT"}},{"type":"Feature","geometry":{"type":"Point","coordinates":[-4.991380999999933,7.736894000000063]},"properties":{"id":128152,"nom":"COLLEGE PRIVE   LE NECTAR I DE BOUAKE_SECONDAIRE","type":"secondaire","district_region":null,"departement_commune":null,"verifie":true,"name":"COLLEGE PRIVE   LE NECTAR I DE BOUAKE_SECONDAIRE","source":"Géoportail ANSTAT"}},{"type":"Feature","geometry":{"type":"Point","coordinates":[-5.00182099999995,7.736573000000021]},"properties":{"id":128153,"nom":"COLLEGE BARAKAT BOUAKE_SECONDAIRE","type":"secondaire","district_region":null,"departement_commune":null,"verifie":true,"name":"COLLEGE BARAKAT BOUAKE_SECONDAIRE","source":"Géoportail ANSTAT"}},{"type":"Feature","geometry":{"type":"Point","coordinates":[-5.01043999999996,7.736149000000069]},"properties":{"id":128154,"nom":"COLLEGE PRIVE EMMANUEL KANT ESPOIR_SECONDAIRE","type":"secondaire","district_region":null,"departement_commune":null,"verifie":true,"name":"COLLEGE PRIVE EMMANUEL KANT ESPOIR_SECONDAIRE","source":"Géoportail ANSTAT"}},{"type":"Feature","geometry":{"type":"Point","coordinates":[-4.975869999999929,7.735950000000059]},"properties":{"id":128155,"nom":"COLLEGE PRIVE LES MAJORS_SECONDAIRE","type":"secondaire","district_region":null,"departement_commune":null,"verifie":true,"name":"COLLEGE PRIVE LES MAJORS_SECONDAIRE","source":"Géoportail ANSTAT"}},{"type":"Feature","geometry":{"type":"Point","coordinates":[-4.975875999999971,7.735940000000028]},"properties":{"id":128156,"nom":"COLLEGE PRIVE LA POLAIRE BOUAKE_SECONDAIRE","type":"secondaire","district_region":null,"departement_commune":null,"verifie":true,"name":"COLLEGE PRIVE LA POLAIRE BOUAKE_SECONDAIRE","source":"Géoportail ANSTAT"}},{"type":"Feature","geometry":{"type":"Point","coordinates":[-7.36549999999994,7.735410000000059]},"properties":{"id":128157,"nom":"COLLEGE GUE PASCAL BIANKOUMA_SECONDAIRE","type":"secondaire","district_region":null,"departement_commune":null,"verifie":true,"name":"COLLEGE GUE PASCAL BIANKOUMA_SECONDAIRE","source":"Géoportail ANSTAT"}},{"type":"Feature","geometry":{"type":"Point","coordinates":[-5.000329999999963,7.73386000000005]},"properties":{"id":128158,"nom":"COLLEGE PRIVE LA POLAIRE ANNEXE 1_SECONDAIRE","type":"secondaire","district_region":null,"departement_commune":null,"verifie":true,"name":"COLLEGE PRIVE LA POLAIRE ANNEXE 1_SECONDAIRE","source":"Géoportail ANSTAT"}},{"type":"Feature","geometry":{"type":"Point","coordinates":[-4.999999999999943,7.73343600000004]},"properties":{"id":128159,"nom":"COLLEGE PRIVE KARTCHANA BOUAKE_SECONDAIRE","type":"secondaire","district_region":null,"departement_commune":null,"verifie":true,"name":"COLLEGE PRIVE KARTCHANA BOUAKE_SECONDAIRE","source":"Géoportail ANSTAT"}},{"type":"Feature","geometry":{"type":"Point","coordinates":[-6.400817999999958,7.73184800000007]},"properties":{"id":128160,"nom":"COLLEGE PRIVE LE BRONON DE SEBEDOUFLA_SECONDAIRE","type":"secondaire","district_region":null,"departement_commune":null,"verifie":true,"name":"COLLEGE PRIVE LE BRONON DE SEBEDOUFLA_SECONDAIRE","source":"Géoportail ANSTAT"}},{"type":"Feature","geometry":{"type":"Point","coordinates":[-5.068036999999947,7.731378000000063]},"properties":{"id":128161,"nom":"COLLEGE PRIVE WAN NIEN DE BOUAKE_SECONDAIRE","type":"secondaire","district_region":null,"departement_commune":null,"verifie":true,"name":"COLLEGE PRIVE WAN NIEN DE BOUAKE_SECONDAIRE","source":"Géoportail ANSTAT"}},{"type":"Feature","geometry":{"type":"Point","coordinates":[-7.609999999999957,7.730000000000075]},"properties":{"id":128162,"nom":"COLLEGE PRIVE MACKEVANS_SECONDAIRE","type":"secondaire","district_region":null,"departement_commune":null,"verifie":true,"name":"COLLEGE PRIVE MACKEVANS_SECONDAIRE","source":"Géoportail ANSTAT"}},{"type":"Feature","geometry":{"type":"Point","coordinates":[-5.025927999999965,7.728647000000024]},"properties":{"id":128163,"nom":"COLLEGE PRIVE LES MYRIADES_SECONDAIRE","type":"secondaire","district_region":null,"departement_commune":null,"verifie":true,"name":"COLLEGE PRIVE LES MYRIADES_SECONDAIRE","source":"Géoportail ANSTAT"}},{"type":"Feature","geometry":{"type":"Point","coordinates":[-4.994782999999927,7.72834400000005]},"properties":{"id":128164,"nom":"COLLEGE L EMERGENCE/BOUAKE_SECONDAIRE","type":"secondaire","district_region":null,"departement_commune":null,"verifie":true,"name":"COLLEGE L EMERGENCE/BOUAKE_SECONDAIRE","source":"Géoportail ANSTAT"}},{"type":"Feature","geometry":{"type":"Point","coordinates":[-5.053999999999974,7.728000000000065]},"properties":{"id":128165,"nom":"COLLEGE PRIVE GONFREVILLE BOUAKE_SECONDAIRE","type":"secondaire","district_region":null,"departement_commune":null,"verifie":true,"name":"COLLEGE PRIVE GONFREVILLE BOUAKE_SECONDAIRE","source":"Géoportail ANSTAT"}},{"type":"Feature","geometry":{"type":"Point","coordinates":[-4.982799999999941,7.727940000000046]},"properties":{"id":128166,"nom":"COLLEGE PRIVE LE NOBEL DE BOUAKE_SECONDAIRE","type":"secondaire","district_region":null,"departement_commune":null,"verifie":true,"name":"COLLEGE PRIVE LE NOBEL DE BOUAKE_SECONDAIRE","source":"Géoportail ANSTAT"}},{"type":"Feature","geometry":{"type":"Point","coordinates":[-4.965429999999969,7.72476000000006]},"properties":{"id":128167,"nom":"COLLEGE PRIVE LE LABEL DE BOUAKE_SECONDAIRE","type":"secondaire","district_region":null,"departement_commune":null,"verifie":true,"name":"COLLEGE PRIVE LE LABEL DE BOUAKE_SECONDAIRE","source":"Géoportail ANSTAT"}},{"type":"Feature","geometry":{"type":"Point","coordinates":[-5.000320999999929,7.72471100000007]},"properties":{"id":128168,"nom":"COLLEGE PRIVE LE CHANDELIER_SECONDAIRE","type":"secondaire","district_region":null,"departement_commune":null,"verifie":true,"name":"COLLEGE PRIVE LE CHANDELIER_SECONDAIRE","source":"Géoportail ANSTAT"}},{"type":"Feature","geometry":{"type":"Point","coordinates":[-5.069008999999937,7.724221000000057]},"properties":{"id":128169,"nom":"COLLEGE PRIVE ASSABLI_SECONDAIRE","type":"secondaire","district_region":null,"departement_commune":null,"verifie":true,"name":"COLLEGE PRIVE ASSABLI_SECONDAIRE","source":"Géoportail ANSTAT"}},{"type":"Feature","geometry":{"type":"Point","coordinates":[-7.359939999999938,7.721973000000048]},"properties":{"id":128170,"nom":"COLLEGE PRIVE MURES DE DUEKOUE_SECONDAIRE","type":"secondaire","district_region":null,"departement_commune":null,"verifie":true,"name":"COLLEGE PRIVE MURES DE DUEKOUE_SECONDAIRE","source":"Géoportail ANSTAT"}},{"type":"Feature","geometry":{"type":"Point","coordinates":[-5.010414999999966,7.721823000000029]},"properties":{"id":128171,"nom":"COLLEGE PRIVE DES VERTUEUX_SECONDAIRE","type":"secondaire","district_region":null,"departement_commune":null,"verifie":true,"name":"COLLEGE PRIVE DES VERTUEUX_SECONDAIRE","source":"Géoportail ANSTAT"}},{"type":"Feature","geometry":{"type":"Point","coordinates":[-6.571019999999976,7.721221000000071]},"properties":{"id":128172,"nom":"COLLEGE PRIVE ZEMAN DE BOUAFLA_SECONDAIRE","type":"secondaire","district_region":null,"departement_commune":null,"verifie":true,"name":"COLLEGE PRIVE ZEMAN DE BOUAFLA_SECONDAIRE","source":"Géoportail ANSTAT"}},{"type":"Feature","geometry":{"type":"Point","coordinates":[-7.552119999999945,7.72007700000006]},"properties":{"id":128173,"nom":"COLLEGE MODERNE KPATA_SECONDAIRE","type":"secondaire","district_region":null,"departement_commune":null,"verifie":true,"name":"COLLEGE MODERNE KPATA_SECONDAIRE","source":"Géoportail ANSTAT"}},{"type":"Feature","geometry":{"type":"Point","coordinates":[-5.002807999999959,7.719468000000063]},"properties":{"id":128174,"nom":"EPC DAR ARKAM BOUAKE BELLEVILLE 2_SECONDAIRE","type":"secondaire","district_region":null,"departement_commune":null,"verifie":true,"name":"EPC DAR ARKAM BOUAKE BELLEVILLE 2_SECONDAIRE","source":"Géoportail ANSTAT"}},{"type":"Feature","geometry":{"type":"Point","coordinates":[-5.034089999999935,7.719001000000048]},"properties":{"id":128175,"nom":"COLLEGE MODERNE BOUAKE DAR ES-SALAM_SECONDAIRE","type":"secondaire","district_region":null,"departement_commune":null,"verifie":true,"name":"COLLEGE MODERNE BOUAKE DAR ES-SALAM_SECONDAIRE","source":"Géoportail ANSTAT"}},{"type":"Feature","geometry":{"type":"Point","coordinates":[-4.993453999999929,7.718526000000054]},"properties":{"id":128176,"nom":"COLLEGE PRIVE NOVATEUR DE BOUAKE_SECONDAIRE","type":"secondaire","district_region":null,"departement_commune":null,"verifie":true,"name":"COLLEGE PRIVE NOVATEUR DE BOUAKE_SECONDAIRE","source":"Géoportail ANSTAT"}},{"type":"Feature","geometry":{"type":"Point","coordinates":[-5.716799999999978,7.716840000000047]},"properties":{"id":128177,"nom":"COLLEGE MODERNE DE BOUREBO_SECONDAIRE","type":"secondaire","district_region":null,"departement_commune":null,"verifie":true,"name":"COLLEGE MODERNE DE BOUREBO_SECONDAIRE","source":"Géoportail ANSTAT"}},{"type":"Feature","geometry":{"type":"Point","coordinates":[-5.024968999999942,7.716578000000027]},"properties":{"id":128178,"nom":"COLLEGE PRIVE CONFESSIONNEL AL-HOUDA_SECONDAIRE","type":"secondaire","district_region":null,"departement_commune":null,"verifie":true,"name":"COLLEGE PRIVE CONFESSIONNEL AL-HOUDA_SECONDAIRE","source":"Géoportail ANSTAT"}},{"type":"Feature","geometry":{"type":"Point","coordinates":[-5.066155999999978,7.716550000000041]},"properties":{"id":128179,"nom":"COLLEGE PRIVE KONANKANKRO 2 PLATEAUX DE BOUAKE_SECONDAIRE","type":"secondaire","district_region":null,"departement_commune":null,"verifie":true,"name":"COLLEGE PRIVE KONANKANKRO 2 PLATEAUX DE BOUAKE_SECONDAIRE","source":"Géoportail ANSTAT"}},{"type":"Feature","geometry":{"type":"Point","coordinates":[-5.026274999999941,7.716542000000061]},"properties":{"id":128180,"nom":"COLLEGE SAINT JACQUES BOUAKE_SECONDAIRE","type":"secondaire","district_region":null,"departement_commune":null,"verifie":true,"name":"COLLEGE SAINT JACQUES BOUAKE_SECONDAIRE","source":"Géoportail ANSTAT"}},{"type":"Feature","geometry":{"type":"Point","coordinates":[-7.617559999999969,7.715550000000064]},"properties":{"id":128181,"nom":"COLLEGE PRIVE GOHMIN BIANKOUMA_SECONDAIRE","type":"secondaire","district_region":null,"departement_commune":null,"verifie":true,"name":"COLLEGE PRIVE GOHMIN BIANKOUMA_SECONDAIRE","source":"Géoportail ANSTAT"}},{"type":"Feature","geometry":{"type":"Point","coordinates":[-4.994271999999967,7.715068000000031]},"properties":{"id":128182,"nom":"COLLEGE PRIVE IMAM MALICK BOUAKE_SECONDAIRE","type":"secondaire","district_region":null,"departement_commune":null,"verifie":true,"name":"COLLEGE PRIVE IMAM MALICK BOUAKE_SECONDAIRE","source":"Géoportail ANSTAT"}},{"type":"Feature","geometry":{"type":"Point","coordinates":[-4.991910999999959,7.714765000000057]},"properties":{"id":128183,"nom":"COLLEGE PRIVE MUDES BOUAKE_SECONDAIRE","type":"secondaire","district_region":null,"departement_commune":null,"verifie":true,"name":"COLLEGE PRIVE MUDES BOUAKE_SECONDAIRE","source":"Géoportail ANSTAT"}},{"type":"Feature","geometry":{"type":"Point","coordinates":[-5.002752999999927,7.714225000000056]},"properties":{"id":128184,"nom":"LYCEE MODERNE BELLEVILLE_SECONDAIRE","type":"secondaire","district_region":null,"departement_commune":null,"verifie":true,"name":"LYCEE MODERNE BELLEVILLE_SECONDAIRE","source":"Géoportail ANSTAT"}},{"type":"Feature","geometry":{"type":"Point","coordinates":[-6.703699999999969,7.714075000000037]},"properties":{"id":128185,"nom":"COLLEGE PRIVE LA PROVIDENCE DE BOTIFLA_SECONDAIRE","type":"secondaire","district_region":null,"departement_commune":null,"verifie":true,"name":"COLLEGE PRIVE LA PROVIDENCE DE BOTIFLA_SECONDAIRE","source":"Géoportail ANSTAT"}},{"type":"Feature","geometry":{"type":"Point","coordinates":[-5.028099999999938,7.713500000000067]},"properties":{"id":128186,"nom":"COLLEGE L AVENIR BOUAKE_SECONDAIRE","type":"secondaire","district_region":null,"departement_commune":null,"verifie":true,"name":"COLLEGE L AVENIR BOUAKE_SECONDAIRE","source":"Géoportail ANSTAT"}},{"type":"Feature","geometry":{"type":"Point","coordinates":[-5.033263999999974,7.71293600000007]},"properties":{"id":128187,"nom":"COLLEGE YAMOUSSO MARIE-THERESE BOUAKE_SECONDAIRE","type":"secondaire","district_region":null,"departement_commune":null,"verifie":true,"name":"COLLEGE YAMOUSSO MARIE-THERESE BOUAKE_SECONDAIRE","source":"Géoportail ANSTAT"}},{"type":"Feature","geometry":{"type":"Point","coordinates":[-5.002730999999926,7.712660000000028]},"properties":{"id":128188,"nom":"COLLEGE MODERNE JEUNES FILLES BOUAKE_SECONDAIRE","type":"secondaire","district_region":null,"departement_commune":null,"verifie":true,"name":"COLLEGE MODERNE JEUNES FILLES BOUAKE_SECONDAIRE","source":"Géoportail ANSTAT"}},{"type":"Feature","geometry":{"type":"Point","coordinates":[-5.049199999999928,7.710984000000053]},"properties":{"id":128189,"nom":"COLLEGE PRIVE SAINT MARCELLIN CHAMPAGNAT_SECONDAIRE","type":"secondaire","district_region":null,"departement_commune":null,"verifie":true,"name":"COLLEGE PRIVE SAINT MARCELLIN CHAMPAGNAT_SECONDAIRE","source":"Géoportail ANSTAT"}},{"type":"Feature","geometry":{"type":"Point","coordinates":[-2.998489999999947,7.710891000000061]},"properties":{"id":128190,"nom":"COLLEGE MODERNE DE HIANGO_SECONDAIRE","type":"secondaire","district_region":null,"departement_commune":null,"verifie":true,"name":"COLLEGE MODERNE DE HIANGO_SECONDAIRE","source":"Géoportail ANSTAT"}},{"type":"Feature","geometry":{"type":"Point","coordinates":[-5.002819999999929,7.710430000000031]},"properties":{"id":128191,"nom":"GROUPE SCOLAIRE MOHAMED V BOUAKE_SECONDAIRE","type":"secondaire","district_region":null,"departement_commune":null,"verifie":true,"name":"GROUPE SCOLAIRE MOHAMED V BOUAKE_SECONDAIRE","source":"Géoportail ANSTAT"}},{"type":"Feature","geometry":{"type":"Point","coordinates":[-4.985978999999929,7.709343000000047]},"properties":{"id":128192,"nom":"COLLEGE PRIVE IVOIRE GROUPE SCOLAIRE_SECONDAIRE","type":"secondaire","district_region":null,"departement_commune":null,"verifie":true,"name":"COLLEGE PRIVE IVOIRE GROUPE SCOLAIRE_SECONDAIRE","source":"Géoportail ANSTAT"}},{"type":"Feature","geometry":{"type":"Point","coordinates":[-5.027649999999937,7.707180000000051]},"properties":{"id":128193,"nom":"COLLEGE PRIVE PRESTEDEN BOUAKE_SECONDAIRE","type":"secondaire","district_region":null,"departement_commune":null,"verifie":true,"name":"COLLEGE PRIVE PRESTEDEN BOUAKE_SECONDAIRE","source":"Géoportail ANSTAT"}},{"type":"Feature","geometry":{"type":"Point","coordinates":[-5.057484999999929,7.704853000000071]},"properties":{"id":128194,"nom":"GROUPE SCOLAIRE LE BERGER 2 BOUAKE_SECONDAIRE","type":"secondaire","district_region":null,"departement_commune":null,"verifie":true,"name":"GROUPE SCOLAIRE LE BERGER 2 BOUAKE_SECONDAIRE","source":"Géoportail ANSTAT"}},{"type":"Feature","geometry":{"type":"Point","coordinates":[-4.968646999999976,7.704028000000051]},"properties":{"id":128195,"nom":"COLLEGE PRIVE JIMMY CARTER_SECONDAIRE","type":"secondaire","district_region":null,"departement_commune":null,"verifie":true,"name":"COLLEGE PRIVE JIMMY CARTER_SECONDAIRE","source":"Géoportail ANSTAT"}},{"type":"Feature","geometry":{"type":"Point","coordinates":[-5.061657999999966,7.702205000000049]},"properties":{"id":128196,"nom":"COLLEGE PRIVE JEAN JACQUES ROUSSEAU DE BOUAKE_SECONDAIRE","type":"secondaire","district_region":null,"departement_commune":null,"verifie":true,"name":"COLLEGE PRIVE JEAN JACQUES ROUSSEAU DE BOUAKE_SECONDAIRE","source":"Géoportail ANSTAT"}},{"type":"Feature","geometry":{"type":"Point","coordinates":[-5.255404999999939,7.70181400000007]},"properties":{"id":128197,"nom":"COLLEGE MODERNE LANGUIBONOU_SECONDAIRE","type":"secondaire","district_region":null,"departement_commune":null,"verifie":true,"name":"COLLEGE MODERNE LANGUIBONOU_SECONDAIRE","source":"Géoportail ANSTAT"}},{"type":"Feature","geometry":{"type":"Point","coordinates":[-5.043806999999958,7.701585000000023]},"properties":{"id":128198,"nom":"COLLEGE LA RENAISSANCE_SECONDAIRE","type":"secondaire","district_region":null,"departement_commune":null,"verifie":true,"name":"COLLEGE LA RENAISSANCE_SECONDAIRE","source":"Géoportail ANSTAT"}},{"type":"Feature","geometry":{"type":"Point","coordinates":[-5.25562999999994,7.700600000000065]},"properties":{"id":128199,"nom":"COLLEGE PRIVE LES ERUDITS DE LANGUIBONOU_SECONDAIRE","type":"secondaire","district_region":null,"departement_commune":null,"verifie":true,"name":"COLLEGE PRIVE LES ERUDITS DE LANGUIBONOU_SECONDAIRE","source":"Géoportail ANSTAT"}},{"type":"Feature","geometry":{"type":"Point","coordinates":[-5.013450999999975,7.69968700000004]},"properties":{"id":128200,"nom":"COLLEGE DAR EL HADISSE BOUAKE_SECONDAIRE","type":"secondaire","district_region":null,"departement_commune":null,"verifie":true,"name":"COLLEGE DAR EL HADISSE BOUAKE_SECONDAIRE","source":"Géoportail ANSTAT"}},{"type":"Feature","geometry":{"type":"Point","coordinates":[-5.080019999999934,7.699192000000039]},"properties":{"id":128201,"nom":"COLLEGE PRIVE AUGUSTAU BELLAU DE BOUAKE_SECONDAIRE","type":"secondaire","district_region":null,"departement_commune":null,"verifie":true,"name":"COLLEGE PRIVE AUGUSTAU BELLAU DE BOUAKE_SECONDAIRE","source":"Géoportail ANSTAT"}},{"type":"Feature","geometry":{"type":"Point","coordinates":[-5.852719999999977,7.698920000000044]},"properties":{"id":128202,"nom":"COLLEGE MODERNE IRIEFLA_SECONDAIRE","type":"secondaire","district_region":null,"departement_commune":null,"verifie":true,"name":"COLLEGE MODERNE IRIEFLA_SECONDAIRE","source":"Géoportail ANSTAT"}},{"type":"Feature","geometry":{"type":"Point","coordinates":[-5.03075999999993,7.697020000000066]},"properties":{"id":128203,"nom":"LYCEE CLASSIQUE ET MODERNE 1 BOUAKE_SECONDAIRE","type":"secondaire","district_region":null,"departement_commune":null,"verifie":true,"name":"LYCEE CLASSIQUE ET MODERNE 1 BOUAKE_SECONDAIRE","source":"Géoportail ANSTAT"}},{"type":"Feature","geometry":{"type":"Point","coordinates":[-4.97206499999993,7.696843000000058]},"properties":{"id":128204,"nom":"COLLEGE BAPTISTE AEBECI DE BOUAKE_SECONDAIRE","type":"secondaire","district_region":null,"departement_commune":null,"verifie":true,"name":"COLLEGE BAPTISTE AEBECI DE BOUAKE_SECONDAIRE","source":"Géoportail ANSTAT"}},{"type":"Feature","geometry":{"type":"Point","coordinates":[-5.003929999999968,7.696303000000057]},"properties":{"id":128205,"nom":"COLLEGE LA PERFORMANCE BOUAKE_SECONDAIRE","type":"secondaire","district_region":null,"departement_commune":null,"verifie":true,"name":"COLLEGE LA PERFORMANCE BOUAKE_SECONDAIRE","source":"Géoportail ANSTAT"}},{"type":"Feature","geometry":{"type":"Point","coordinates":[-5.055339999999944,7.694870000000037]},"properties":{"id":128206,"nom":"COLLEGE PRIVE TUSSUAMY BOUAKE_SECONDAIRE","type":"secondaire","district_region":null,"departement_commune":null,"verifie":true,"name":"COLLEGE PRIVE TUSSUAMY BOUAKE_SECONDAIRE","source":"Géoportail ANSTAT"}},{"type":"Feature","geometry":{"type":"Point","coordinates":[-5.242122999999935,7.694254000000058]},"properties":{"id":128207,"nom":"COLLEGE PRIVE LES MAJORS DE KONDEHINOU DE LANGUIBONOU_SECONDAIRE","type":"secondaire","district_region":null,"departement_commune":null,"verifie":true,"name":"COLLEGE PRIVE LES MAJORS DE KONDEHINOU DE LANGUIBONOU_SECONDAIRE","source":"Géoportail ANSTAT"}},{"type":"Feature","geometry":{"type":"Point","coordinates":[-5.030309999999929,7.693850000000054]},"properties":{"id":128208,"nom":"LYCEE MODERNE 2 BOUAKE_SECONDAIRE","type":"secondaire","district_region":null,"departement_commune":null,"verifie":true,"name":"LYCEE MODERNE 2 BOUAKE_SECONDAIRE","source":"Géoportail ANSTAT"}},{"type":"Feature","geometry":{"type":"Point","coordinates":[-5.017291999999941,7.692315000000065]},"properties":{"id":128209,"nom":"COLLEGE PRIVE ALADJE DE BOUAKE_SECONDAIRE","type":"secondaire","district_region":null,"departement_commune":null,"verifie":true,"name":"COLLEGE PRIVE ALADJE DE BOUAKE_SECONDAIRE","source":"Géoportail ANSTAT"}},{"type":"Feature","geometry":{"type":"Point","coordinates":[-5.084899999999948,7.692100000000039]},"properties":{"id":128210,"nom":"COLLEGE PRIVE FILLES SAINTE HENRIETTE DE BOUAKE_SECONDAIRE","type":"secondaire","district_region":null,"departement_commune":null,"verifie":true,"name":"COLLEGE PRIVE FILLES SAINTE HENRIETTE DE BOUAKE_SECONDAIRE","source":"Géoportail ANSTAT"}},{"type":"Feature","geometry":{"type":"Point","coordinates":[-2.981706999999972,7.691390000000069]},"properties":{"id":128211,"nom":"COLLEGE PRIVE PATRICE LUMUMBA D ASSUEFRY_SECONDAIRE","type":"secondaire","district_region":null,"departement_commune":null,"verifie":true,"name":"COLLEGE PRIVE PATRICE LUMUMBA D ASSUEFRY_SECONDAIRE","source":"Géoportail ANSTAT"}},{"type":"Feature","geometry":{"type":"Point","coordinates":[-5.009064999999964,7.691325000000063]},"properties":{"id":128212,"nom":"LYCEE MODERNE JEUNES FILLES BOUAKE_SECONDAIRE","type":"secondaire","district_region":null,"departement_commune":null,"verifie":true,"name":"LYCEE MODERNE JEUNES FILLES BOUAKE_SECONDAIRE","source":"Géoportail ANSTAT"}},{"type":"Feature","geometry":{"type":"Point","coordinates":[-2.979999999999961,7.690000000000055]},"properties":{"id":128213,"nom":"LYCEE MUNICIPAL ASSUEFRY_SECONDAIRE","type":"secondaire","district_region":null,"departement_commune":null,"verifie":true,"name":"LYCEE MUNICIPAL ASSUEFRY_SECONDAIRE","source":"Géoportail ANSTAT"}},{"type":"Feature","geometry":{"type":"Point","coordinates":[-5.019999999999925,7.690000000000055]},"properties":{"id":128214,"nom":"COLLEGE PRIVE LA VALLEE DU CENTRE DE BOUAKE_SECONDAIRE","type":"secondaire","district_region":null,"departement_commune":null,"verifie":true,"name":"COLLEGE PRIVE LA VALLEE DU CENTRE DE BOUAKE_SECONDAIRE","source":"Géoportail ANSTAT"}},{"type":"Feature","geometry":{"type":"Point","coordinates":[-5.053819999999973,7.689470000000028]},"properties":{"id":128215,"nom":"LYCEE MUNICIPAL DJIBO SOUNKALO BOUAKE_SECONDAIRE","type":"secondaire","district_region":null,"departement_commune":null,"verifie":true,"name":"LYCEE MUNICIPAL DJIBO SOUNKALO BOUAKE_SECONDAIRE","source":"Géoportail ANSTAT"}},{"type":"Feature","geometry":{"type":"Point","coordinates":[-5.023501999999951,7.687625000000025]},"properties":{"id":128216,"nom":"COLLEGE MODERNE IRDO_SECONDAIRE","type":"secondaire","district_region":null,"departement_commune":null,"verifie":true,"name":"COLLEGE MODERNE IRDO_SECONDAIRE","source":"Géoportail ANSTAT"}},{"type":"Feature","geometry":{"type":"Point","coordinates":[-6.671697999999935,7.687001000000066]},"properties":{"id":128217,"nom":"COLLEGE PRIVE VOTCHEVA DE VROUO 2/VAVOUA_SECONDAIRE","type":"secondaire","district_region":null,"departement_commune":null,"verifie":true,"name":"COLLEGE PRIVE VOTCHEVA DE VROUO 2/VAVOUA_SECONDAIRE","source":"Géoportail ANSTAT"}},{"type":"Feature","geometry":{"type":"Point","coordinates":[-5.009082999999976,7.686550000000068]},"properties":{"id":128218,"nom":"LYCEE MARTIN LUTHER KING_SECONDAIRE","type":"secondaire","district_region":null,"departement_commune":null,"verifie":true,"name":"LYCEE MARTIN LUTHER KING_SECONDAIRE","source":"Géoportail ANSTAT"}},{"type":"Feature","geometry":{"type":"Point","coordinates":[-5.012546999999927,7.686296000000027]},"properties":{"id":128219,"nom":"COLLEGE ADVENTISTE BOUAKE_SECONDAIRE","type":"secondaire","district_region":null,"departement_commune":null,"verifie":true,"name":"COLLEGE ADVENTISTE BOUAKE_SECONDAIRE","source":"Géoportail ANSTAT"}},{"type":"Feature","geometry":{"type":"Point","coordinates":[-5.055769999999939,7.685950000000048]},"properties":{"id":128220,"nom":"COLLEGE PRIVE SIRIUS BOUAKE_SECONDAIRE","type":"secondaire","district_region":null,"departement_commune":null,"verifie":true,"name":"COLLEGE PRIVE SIRIUS BOUAKE_SECONDAIRE","source":"Géoportail ANSTAT"}},{"type":"Feature","geometry":{"type":"Point","coordinates":[-5.025046999999972,7.685932000000037]},"properties":{"id":128221,"nom":"COLLEGE PRIVE CATHOLIQUE SAINT ANDRE BOUAKE_SECONDAIRE","type":"secondaire","district_region":null,"departement_commune":null,"verifie":true,"name":"COLLEGE PRIVE CATHOLIQUE SAINT ANDRE BOUAKE_SECONDAIRE","source":"Géoportail ANSTAT"}},{"type":"Feature","geometry":{"type":"Point","coordinates":[-5.045712999999978,7.685832000000062]},"properties":{"id":128222,"nom":"COLLEGE MODERNE KOKO BOUAKE_SECONDAIRE","type":"secondaire","district_region":null,"departement_commune":null,"verifie":true,"name":"COLLEGE MODERNE KOKO BOUAKE_SECONDAIRE","source":"Géoportail ANSTAT"}},{"type":"Feature","geometry":{"type":"Point","coordinates":[-5.063097999999968,7.685742000000062]},"properties":{"id":128223,"nom":"INSTITUT OUEZZIN COULIBALY BOUAKE_SECONDAIRE","type":"secondaire","district_region":null,"departement_commune":null,"verifie":true,"name":"INSTITUT OUEZZIN COULIBALY BOUAKE_SECONDAIRE","source":"Géoportail ANSTAT"}},{"type":"Feature","geometry":{"type":"Point","coordinates":[-5.022299999999973,7.685000000000059]},"properties":{"id":128224,"nom":"COLLEGE SAINTE RUTH FIDELE BOUAKE_SECONDAIRE","type":"secondaire","district_region":null,"departement_commune":null,"verifie":true,"name":"COLLEGE SAINTE RUTH FIDELE BOUAKE_SECONDAIRE","source":"Géoportail ANSTAT"}},{"type":"Feature","geometry":{"type":"Point","coordinates":[-5.319054999999935,7.68471500000004]},"properties":{"id":128225,"nom":"COLLEGE PRIVE EDITH_SECONDAIRE","type":"secondaire","district_region":null,"departement_commune":null,"verifie":true,"name":"COLLEGE PRIVE EDITH_SECONDAIRE","source":"Géoportail ANSTAT"}},{"type":"Feature","geometry":{"type":"Point","coordinates":[-5.579036999999971,7.684689000000049]},"properties":{"id":128226,"nom":"COLLEGE PRIVE MON AVENIR DE BEOUMI_SECONDAIRE","type":"secondaire","district_region":null,"departement_commune":null,"verifie":true,"name":"COLLEGE PRIVE MON AVENIR DE BEOUMI_SECONDAIRE","source":"Géoportail ANSTAT"}},{"type":"Feature","geometry":{"type":"Point","coordinates":[-5.102274999999963,7.68448200000006]},"properties":{"id":128227,"nom":"COLLEGE PRIVE CHALLENGE DE BOUAKE_SECONDAIRE","type":"secondaire","district_region":null,"departement_commune":null,"verifie":true,"name":"COLLEGE PRIVE CHALLENGE DE BOUAKE_SECONDAIRE","source":"Géoportail ANSTAT"}},{"type":"Feature","geometry":{"type":"Point","coordinates":[-5.039429999999925,7.684480000000065]},"properties":{"id":128228,"nom":"COLLEGE REINE POKOU BOUAKE_SECONDAIRE","type":"secondaire","district_region":null,"departement_commune":null,"verifie":true,"name":"COLLEGE REINE POKOU BOUAKE_SECONDAIRE","source":"Géoportail ANSTAT"}},{"type":"Feature","geometry":{"type":"Point","coordinates":[-5.017844999999966,7.68447100000003]},"properties":{"id":128229,"nom":"COLLEGE PRIVE AL ITTIHADAYA BOUAKE_SECONDAIRE","type":"secondaire","district_region":null,"departement_commune":null,"verifie":true,"name":"COLLEGE PRIVE AL ITTIHADAYA BOUAKE_SECONDAIRE","source":"Géoportail ANSTAT"}},{"type":"Feature","geometry":{"type":"Point","coordinates":[-6.962572999999963,7.684094000000073]},"properties":{"id":128230,"nom":"COLLEGE PRIVE LA PROVIDENCE D ANCIEN PROZI_SECONDAIRE","type":"secondaire","district_region":null,"departement_commune":null,"verifie":true,"name":"COLLEGE PRIVE LA PROVIDENCE D ANCIEN PROZI_SECONDAIRE","source":"Géoportail ANSTAT"}},{"type":"Feature","geometry":{"type":"Point","coordinates":[-5.02496199999996,7.682995000000062]},"properties":{"id":128231,"nom":"COLLEGE PRIVE JEAN NIVET_SECONDAIRE","type":"secondaire","district_region":null,"departement_commune":null,"verifie":true,"name":"COLLEGE PRIVE JEAN NIVET_SECONDAIRE","source":"Géoportail ANSTAT"}},{"type":"Feature","geometry":{"type":"Point","coordinates":[-5.002807999999959,7.682942000000025]},"properties":{"id":128232,"nom":"COLLEGE PRIVE LE HERON DE BOUAKE_SECONDAIRE","type":"secondaire","district_region":null,"departement_commune":null,"verifie":true,"name":"COLLEGE PRIVE LE HERON DE BOUAKE_SECONDAIRE","source":"Géoportail ANSTAT"}},{"type":"Feature","geometry":{"type":"Point","coordinates":[-5.110800999999981,7.682567000000063]},"properties":{"id":128233,"nom":"COLLEGE PRIVE KADICISS_SECONDAIRE","type":"secondaire","district_region":null,"departement_commune":null,"verifie":true,"name":"COLLEGE PRIVE KADICISS_SECONDAIRE","source":"Géoportail ANSTAT"}},{"type":"Feature","geometry":{"type":"Point","coordinates":[-5.048219999999958,7.682420000000036]},"properties":{"id":128234,"nom":"COLLEGE PRIVE VAME STEPHANE DE BOUAKE_SECONDAIRE","type":"secondaire","district_region":null,"departement_commune":null,"verifie":true,"name":"COLLEGE PRIVE VAME STEPHANE DE BOUAKE_SECONDAIRE","source":"Géoportail ANSTAT"}},{"type":"Feature","geometry":{"type":"Point","coordinates":[-5.023009999999942,7.681860000000029]},"properties":{"id":128235,"nom":"COLLEGE LES HEURES CLAIRES BOUAKE_SECONDAIRE","type":"secondaire","district_region":null,"departement_commune":null,"verifie":true,"name":"COLLEGE LES HEURES CLAIRES BOUAKE_SECONDAIRE","source":"Géoportail ANSTAT"}},{"type":"Feature","geometry":{"type":"Point","coordinates":[-5.04002399999996,7.681422000000055]},"properties":{"id":128236,"nom":"COLLEGE HENRI POINCARE BOUAKE_SECONDAIRE","type":"secondaire","district_region":null,"departement_commune":null,"verifie":true,"name":"COLLEGE HENRI POINCARE BOUAKE_SECONDAIRE","source":"Géoportail ANSTAT"}},{"type":"Feature","geometry":{"type":"Point","coordinates":[-5.573746999999969,7.681391000000076]},"properties":{"id":128237,"nom":"COLLEGE CATHOLIQUE JEUNES FILLES BEOUMI_SECONDAIRE","type":"secondaire","district_region":null,"departement_commune":null,"verifie":true,"name":"COLLEGE CATHOLIQUE JEUNES FILLES BEOUMI_SECONDAIRE","source":"Géoportail ANSTAT"}},{"type":"Feature","geometry":{"type":"Point","coordinates":[-5.036339999999939,7.681335000000047]},"properties":{"id":128238,"nom":"COLLEGE PRIVE LES EXPERTS BOUAKE_SECONDAIRE","type":"secondaire","district_region":null,"departement_commune":null,"verifie":true,"name":"COLLEGE PRIVE LES EXPERTS BOUAKE_SECONDAIRE","source":"Géoportail ANSTAT"}},{"type":"Feature","geometry":{"type":"Point","coordinates":[-5.336387999999943,7.681262000000061]},"properties":{"id":128239,"nom":"COLLEGE PRIVE HENRI PIERRE ALQUIER DE ABOLIKRO_SECONDAIRE","type":"secondaire","district_region":null,"departement_commune":null,"verifie":true,"name":"COLLEGE PRIVE HENRI PIERRE ALQUIER DE ABOLIKRO_SECONDAIRE","source":"Géoportail ANSTAT"}},{"type":"Feature","geometry":{"type":"Point","coordinates":[-5.088590999999951,7.680887000000041]},"properties":{"id":128240,"nom":"COLLEGE PRIVE FOUNGA BOUAKE_SECONDAIRE","type":"secondaire","district_region":null,"departement_commune":null,"verifie":true,"name":"COLLEGE PRIVE FOUNGA BOUAKE_SECONDAIRE","source":"Géoportail ANSTAT"}},{"type":"Feature","geometry":{"type":"Point","coordinates":[-5.044654999999977,7.680799000000036]},"properties":{"id":128241,"nom":"COLLEGE CATHOLIQUE SAINT VIATEUR BOUAKE_SECONDAIRE","type":"secondaire","district_region":null,"departement_commune":null,"verifie":true,"name":"COLLEGE CATHOLIQUE SAINT VIATEUR BOUAKE_SECONDAIRE","source":"Géoportail ANSTAT"}},{"type":"Feature","geometry":{"type":"Point","coordinates":[-5.007627999999954,7.680710000000033]},"properties":{"id":128242,"nom":"COLLEGE LA MAISON DE BAMBI BOUAKE_SECONDAIRE","type":"secondaire","district_region":null,"departement_commune":null,"verifie":true,"name":"COLLEGE LA MAISON DE BAMBI BOUAKE_SECONDAIRE","source":"Géoportail ANSTAT"}},{"type":"Feature","geometry":{"type":"Point","coordinates":[-5.562539999999956,7.680150000000026]},"properties":{"id":128243,"nom":"COLLEGE PRIVE YAMESSOU BEOUMI_SECONDAIRE","type":"secondaire","district_region":null,"departement_commune":null,"verifie":true,"name":"COLLEGE PRIVE YAMESSOU BEOUMI_SECONDAIRE","source":"Géoportail ANSTAT"}},{"type":"Feature","geometry":{"type":"Point","coordinates":[-5.05694399999993,7.679625000000044]},"properties":{"id":128244,"nom":"GROUPE SCOLAIRE LES LILAS BLANCS BOUAKE_SECONDAIRE","type":"secondaire","district_region":null,"departement_commune":null,"verifie":true,"name":"GROUPE SCOLAIRE LES LILAS BLANCS BOUAKE_SECONDAIRE","source":"Géoportail ANSTAT"}},{"type":"Feature","geometry":{"type":"Point","coordinates":[-5.021499999999946,7.678389000000038]},"properties":{"id":128245,"nom":"COLLEGE AL FOURQANE 1 / BOUAKE_SECONDAIRE","type":"secondaire","district_region":null,"departement_commune":null,"verifie":true,"name":"COLLEGE AL FOURQANE 1 / BOUAKE_SECONDAIRE","source":"Géoportail ANSTAT"}},{"type":"Feature","geometry":{"type":"Point","coordinates":[-6.975048999999956,7.678324000000032]},"properties":{"id":128246,"nom":"COLLEGE PRIVE HIDA D ANCIEN PROZI_SECONDAIRE","type":"secondaire","district_region":null,"departement_commune":null,"verifie":true,"name":"COLLEGE PRIVE HIDA D ANCIEN PROZI_SECONDAIRE","source":"Géoportail ANSTAT"}},{"type":"Feature","geometry":{"type":"Point","coordinates":[-5.034799999999962,7.677400000000034]},"properties":{"id":128247,"nom":"COLLEGE PRIVE EPCT_SECONDAIRE","type":"secondaire","district_region":null,"departement_commune":null,"verifie":true,"name":"COLLEGE PRIVE EPCT_SECONDAIRE","source":"Géoportail ANSTAT"}},{"type":"Feature","geometry":{"type":"Point","coordinates":[-5.006066999999973,7.677137000000073]},"properties":{"id":128248,"nom":"COLLEGE AL FOURQANE 2 / BOUAKE_SECONDAIRE","type":"secondaire","district_region":null,"departement_commune":null,"verifie":true,"name":"COLLEGE AL FOURQANE 2 / BOUAKE_SECONDAIRE","source":"Géoportail ANSTAT"}},{"type":"Feature","geometry":{"type":"Point","coordinates":[-5.575179999999932,7.676669000000061]},"properties":{"id":128249,"nom":"LYCEE MODERNE BEOUMI_SECONDAIRE","type":"secondaire","district_region":null,"departement_commune":null,"verifie":true,"name":"LYCEE MODERNE BEOUMI_SECONDAIRE","source":"Géoportail ANSTAT"}},{"type":"Feature","geometry":{"type":"Point","coordinates":[-4.247036999999978,7.676642000000072]},"properties":{"id":128250,"nom":"COLLEGE PRIVE TECHNIQUE SEGBE BONGUERA_SECONDAIRE","type":"secondaire","district_region":null,"departement_commune":null,"verifie":true,"name":"COLLEGE PRIVE TECHNIQUE SEGBE BONGUERA_SECONDAIRE","source":"Géoportail ANSTAT"}},{"type":"Feature","geometry":{"type":"Point","coordinates":[-5.027157999999929,7.675746000000061]},"properties":{"id":128251,"nom":"COLLEGE SAINTE FAMILLE BOUAKE_SECONDAIRE","type":"secondaire","district_region":null,"departement_commune":null,"verifie":true,"name":"COLLEGE SAINTE FAMILLE BOUAKE_SECONDAIRE","source":"Géoportail ANSTAT"}},{"type":"Feature","geometry":{"type":"Point","coordinates":[-5.435700999999938,7.675633000000062]},"properties":{"id":128252,"nom":"COLLEGE PRIVE MBOUE DE GOLIKRO_SECONDAIRE","type":"secondaire","district_region":null,"departement_commune":null,"verifie":true,"name":"COLLEGE PRIVE MBOUE DE GOLIKRO_SECONDAIRE","source":"Géoportail ANSTAT"}},{"type":"Feature","geometry":{"type":"Point","coordinates":[-5.016560999999967,7.675274000000059]},"properties":{"id":128253,"nom":"LYCEE MODERNE TSF BOUAKE_SECONDAIRE","type":"secondaire","district_region":null,"departement_commune":null,"verifie":true,"name":"LYCEE MODERNE TSF BOUAKE_SECONDAIRE","source":"Géoportail ANSTAT"}},{"type":"Feature","geometry":{"type":"Point","coordinates":[-4.233772999999928,7.674898000000042]},"properties":{"id":128254,"nom":"COLLEGE MODERNE DE BONGUERA_SECONDAIRE","type":"secondaire","district_region":null,"departement_commune":null,"verifie":true,"name":"COLLEGE MODERNE DE BONGUERA_SECONDAIRE","source":"Géoportail ANSTAT"}},{"type":"Feature","geometry":{"type":"Point","coordinates":[-5.063339999999926,7.674882000000025]},"properties":{"id":128255,"nom":"COLLEGE PRIVE CONFESSIONNEL BETSALEEL BOUAKE_SECONDAIRE","type":"secondaire","district_region":null,"departement_commune":null,"verifie":true,"name":"COLLEGE PRIVE CONFESSIONNEL BETSALEEL BOUAKE_SECONDAIRE","source":"Géoportail ANSTAT"}},{"type":"Feature","geometry":{"type":"Point","coordinates":[-5.020063999999934,7.674710000000061]},"properties":{"id":128256,"nom":"COLLEGE D EXCELLENCE ROSTAN BOUAKE_SECONDAIRE","type":"secondaire","district_region":null,"departement_commune":null,"verifie":true,"name":"COLLEGE D EXCELLENCE ROSTAN BOUAKE_SECONDAIRE","source":"Géoportail ANSTAT"}},{"type":"Feature","geometry":{"type":"Point","coordinates":[-5.025984999999935,7.674483000000066]},"properties":{"id":128257,"nom":"COLLEGE PRIVE PRIVILEGE DE BOUAKE_SECONDAIRE","type":"secondaire","district_region":null,"departement_commune":null,"verifie":true,"name":"COLLEGE PRIVE PRIVILEGE DE BOUAKE_SECONDAIRE","source":"Géoportail ANSTAT"}},{"type":"Feature","geometry":{"type":"Point","coordinates":[-5.071649999999977,7.673622000000023]},"properties":{"id":128258,"nom":"COLLEGE PRIVE LE CAMPUS BOUAKE_SECONDAIRE","type":"secondaire","district_region":null,"departement_commune":null,"verifie":true,"name":"COLLEGE PRIVE LE CAMPUS BOUAKE_SECONDAIRE","source":"Géoportail ANSTAT"}},{"type":"Feature","geometry":{"type":"Point","coordinates":[-5.572229999999934,7.673092000000054]},"properties":{"id":128259,"nom":"COLLEGE ALANI BEOUMI_SECONDAIRE","type":"secondaire","district_region":null,"departement_commune":null,"verifie":true,"name":"COLLEGE ALANI BEOUMI_SECONDAIRE","source":"Géoportail ANSTAT"}},{"type":"Feature","geometry":{"type":"Point","coordinates":[-5.056156999999928,7.672770000000071]},"properties":{"id":128260,"nom":"COLLEGE PRIVE OBAMA BOUAKE_SECONDAIRE","type":"secondaire","district_region":null,"departement_commune":null,"verifie":true,"name":"COLLEGE PRIVE OBAMA BOUAKE_SECONDAIRE","source":"Géoportail ANSTAT"}},{"type":"Feature","geometry":{"type":"Point","coordinates":[-5.030565999999965,7.67237300000005]},"properties":{"id":128261,"nom":"CENTRE NATIONAL PARA-TELE ENSEIGNEMENT_SECONDAIRE","type":"secondaire","district_region":null,"departement_commune":null,"verifie":true,"name":"CENTRE NATIONAL PARA-TELE ENSEIGNEMENT_SECONDAIRE","source":"Géoportail ANSTAT"}},{"type":"Feature","geometry":{"type":"Point","coordinates":[-5.018422999999927,7.670730000000049]},"properties":{"id":128262,"nom":"COLLEGE PRIVE NELENY/BOUAKE_SECONDAIRE","type":"secondaire","district_region":null,"departement_commune":null,"verifie":true,"name":"COLLEGE PRIVE NELENY/BOUAKE_SECONDAIRE","source":"Géoportail ANSTAT"}},{"type":"Feature","geometry":{"type":"Point","coordinates":[-5.032260999999949,7.67067000000003]},"properties":{"id":128263,"nom":"COLLEGE VICTOR HUGO BOUAKE_SECONDAIRE","type":"secondaire","district_region":null,"departement_commune":null,"verifie":true,"name":"COLLEGE VICTOR HUGO BOUAKE_SECONDAIRE","source":"Géoportail ANSTAT"}},{"type":"Feature","geometry":{"type":"Point","coordinates":[-5.551566999999977,7.670480000000055]},"properties":{"id":128264,"nom":"COLLEGE PRIVE YOBOUET OLIVIER_SECONDAIRE","type":"secondaire","district_region":null,"departement_commune":null,"verifie":true,"name":"COLLEGE PRIVE YOBOUET OLIVIER_SECONDAIRE","source":"Géoportail ANSTAT"}},{"type":"Feature","geometry":{"type":"Point","coordinates":[-5.05857599999996,7.667834000000028]},"properties":{"id":128265,"nom":"COLLEGE IMES BROUKRO_SECONDAIRE","type":"secondaire","district_region":null,"departement_commune":null,"verifie":true,"name":"COLLEGE IMES BROUKRO_SECONDAIRE","source":"Géoportail ANSTAT"}},{"type":"Feature","geometry":{"type":"Point","coordinates":[-5.055920999999955,7.663372000000038]},"properties":{"id":128266,"nom":"COLLEGE IMES 2 BROUKRO_SECONDAIRE","type":"secondaire","district_region":null,"departement_commune":null,"verifie":true,"name":"COLLEGE IMES 2 BROUKRO_SECONDAIRE","source":"Géoportail ANSTAT"}},{"type":"Feature","geometry":{"type":"Point","coordinates":[-5.061331999999936,7.661639000000037]},"properties":{"id":128267,"nom":"COLLEGE PRIVE LA NOUVELLE JERUSALEM_SECONDAIRE","type":"secondaire","district_region":null,"departement_commune":null,"verifie":true,"name":"COLLEGE PRIVE LA NOUVELLE JERUSALEM_SECONDAIRE","source":"Géoportail ANSTAT"}},{"type":"Feature","geometry":{"type":"Point","coordinates":[-5.590778999999941,7.661239000000023]},"properties":{"id":128268,"nom":"COLLEGE PRIVE LA PLENITUDE DE BEOUMI_SECONDAIRE","type":"secondaire","district_region":null,"departement_commune":null,"verifie":true,"name":"COLLEGE PRIVE LA PLENITUDE DE BEOUMI_SECONDAIRE","source":"Géoportail ANSTAT"}},{"type":"Feature","geometry":{"type":"Point","coordinates":[-5.044120999999961,7.661229000000048]},"properties":{"id":128269,"nom":"COLLEGE PRIVE TESLA BOUAKE_SECONDAIRE","type":"secondaire","district_region":null,"departement_commune":null,"verifie":true,"name":"COLLEGE PRIVE TESLA BOUAKE_SECONDAIRE","source":"Géoportail ANSTAT"}},{"type":"Feature","geometry":{"type":"Point","coordinates":[-5.014099999999928,7.66050000000007]},"properties":{"id":128270,"nom":"COLLEGE PRIVE SANOUSSI TOURE DE BOUAKE_SECONDAIRE","type":"secondaire","district_region":null,"departement_commune":null,"verifie":true,"name":"COLLEGE PRIVE SANOUSSI TOURE DE BOUAKE_SECONDAIRE","source":"Géoportail ANSTAT"}},{"type":"Feature","geometry":{"type":"Point","coordinates":[-5.001139999999964,7.657380000000046]},"properties":{"id":128271,"nom":"COLLEGE PRIVE LES LEADERS DE BOUAKE_SECONDAIRE","type":"secondaire","district_region":null,"departement_commune":null,"verifie":true,"name":"COLLEGE PRIVE LES LEADERS DE BOUAKE_SECONDAIRE","source":"Géoportail ANSTAT"}},{"type":"Feature","geometry":{"type":"Point","coordinates":[-3.993958999999961,7.656147000000033]},"properties":{"id":128272,"nom":"LYCEE MODERNE PRIKRO_SECONDAIRE","type":"secondaire","district_region":null,"departement_commune":null,"verifie":true,"name":"LYCEE MODERNE PRIKRO_SECONDAIRE","source":"Géoportail ANSTAT"}},{"type":"Feature","geometry":{"type":"Point","coordinates":[-5.018999999999949,7.65500000000003]},"properties":{"id":128273,"nom":"COLLEGE LE JOURDAIN BOUAKE_SECONDAIRE","type":"secondaire","district_region":null,"departement_commune":null,"verifie":true,"name":"COLLEGE LE JOURDAIN BOUAKE_SECONDAIRE","source":"Géoportail ANSTAT"}},{"type":"Feature","geometry":{"type":"Point","coordinates":[-3.994148999999936,7.65442500000006]},"properties":{"id":128274,"nom":"GROUPE SCOLAIRE ISMA PRIKRO_SECONDAIRE","type":"secondaire","district_region":null,"departement_commune":null,"verifie":true,"name":"GROUPE SCOLAIRE ISMA PRIKRO_SECONDAIRE","source":"Géoportail ANSTAT"}},{"type":"Feature","geometry":{"type":"Point","coordinates":[-4.82335999999998,7.645760000000053]},"properties":{"id":128275,"nom":"COLLEGE LAHA BROBO_SECONDAIRE","type":"secondaire","district_region":null,"departement_commune":null,"verifie":true,"name":"COLLEGE LAHA BROBO_SECONDAIRE","source":"Géoportail ANSTAT"}},{"type":"Feature","geometry":{"type":"Point","coordinates":[-4.826629999999966,7.645730000000071]},"properties":{"id":128276,"nom":"COLLEGE PRIVE GOCHEN_SECONDAIRE","type":"secondaire","district_region":null,"departement_commune":null,"verifie":true,"name":"COLLEGE PRIVE GOCHEN_SECONDAIRE","source":"Géoportail ANSTAT"}},{"type":"Feature","geometry":{"type":"Point","coordinates":[-4.004240999999979,7.641805000000033]},"properties":{"id":128277,"nom":"COLLEGE MODERNE PRIKRO_SECONDAIRE","type":"secondaire","district_region":null,"departement_commune":null,"verifie":true,"name":"COLLEGE MODERNE PRIKRO_SECONDAIRE","source":"Géoportail ANSTAT"}},{"type":"Feature","geometry":{"type":"Point","coordinates":[-4.239999999999952,7.640000000000043]},"properties":{"id":128278,"nom":"COLLEGE PRIVE MIA KOFFI SERAPHIN DE BONGUERA_SECONDAIRE","type":"secondaire","district_region":null,"departement_commune":null,"verifie":true,"name":"COLLEGE PRIVE MIA KOFFI SERAPHIN DE BONGUERA_SECONDAIRE","source":"Géoportail ANSTAT"}},{"type":"Feature","geometry":{"type":"Point","coordinates":[-4.818949999999973,7.639800000000037]},"properties":{"id":128279,"nom":"LYCEE MUNICIPAL BROBO_SECONDAIRE","type":"secondaire","district_region":null,"departement_commune":null,"verifie":true,"name":"LYCEE MUNICIPAL BROBO_SECONDAIRE","source":"Géoportail ANSTAT"}},{"type":"Feature","geometry":{"type":"Point","coordinates":[-4.006303999999943,7.638323000000071]},"properties":{"id":128280,"nom":"COLLEGE PRIVE LES ICONES DE PRIKRO_SECONDAIRE","type":"secondaire","district_region":null,"departement_commune":null,"verifie":true,"name":"COLLEGE PRIVE LES ICONES DE PRIKRO_SECONDAIRE","source":"Géoportail ANSTAT"}},{"type":"Feature","geometry":{"type":"Point","coordinates":[-3.989991999999972,7.637132000000065]},"properties":{"id":128281,"nom":"COLLEGE PRIVE SEGBE DE PRIKRO_SECONDAIRE","type":"secondaire","district_region":null,"departement_commune":null,"verifie":true,"name":"COLLEGE PRIVE SEGBE DE PRIKRO_SECONDAIRE","source":"Géoportail ANSTAT"}},{"type":"Feature","geometry":{"type":"Point","coordinates":[-4.82391999999993,7.627740000000074]},"properties":{"id":128282,"nom":"COLLEGE PRIVE TECHNIQUE LE TRIOMPHE DE BROBO_SECONDAIRE","type":"secondaire","district_region":null,"departement_commune":null,"verifie":true,"name":"COLLEGE PRIVE TECHNIQUE LE TRIOMPHE DE BROBO_SECONDAIRE","source":"Géoportail ANSTAT"}},{"type":"Feature","geometry":{"type":"Point","coordinates":[-5.951317999999958,7.626855000000035]},"properties":{"id":128283,"nom":"COLLEGE PRIVE LEADER VOUEBOUFLA_SECONDAIRE","type":"secondaire","district_region":null,"departement_commune":null,"verifie":true,"name":"COLLEGE PRIVE LEADER VOUEBOUFLA_SECONDAIRE","source":"Géoportail ANSTAT"}},{"type":"Feature","geometry":{"type":"Point","coordinates":[-4.824401999999964,7.623690000000067]},"properties":{"id":128284,"nom":"COLLEGE PRIVE LES BATISSEURS DE BROBO_SECONDAIRE","type":"secondaire","district_region":null,"departement_commune":null,"verifie":true,"name":"COLLEGE PRIVE LES BATISSEURS DE BROBO_SECONDAIRE","source":"Géoportail ANSTAT"}},{"type":"Feature","geometry":{"type":"Point","coordinates":[-6.521119999999939,7.620987000000071]},"properties":{"id":128285,"nom":"COLLEGE PRIVE EBENEZER DE BAZRA_SECONDAIRE","type":"secondaire","district_region":null,"departement_commune":null,"verifie":true,"name":"COLLEGE PRIVE EBENEZER DE BAZRA_SECONDAIRE","source":"Géoportail ANSTAT"}},{"type":"Feature","geometry":{"type":"Point","coordinates":[-7.13567299999994,7.618231000000037]},"properties":{"id":128286,"nom":"COLLEGE PRIVE GUEYA DE SEMIEN_SECONDAIRE","type":"secondaire","district_region":null,"departement_commune":null,"verifie":true,"name":"COLLEGE PRIVE GUEYA DE SEMIEN_SECONDAIRE","source":"Géoportail ANSTAT"}},{"type":"Feature","geometry":{"type":"Point","coordinates":[-5.715923999999973,7.617159000000072]},"properties":{"id":128287,"nom":"COLLEGE MODERNE DE BOAYAKRO_SECONDAIRE","type":"secondaire","district_region":null,"departement_commune":null,"verifie":true,"name":"COLLEGE MODERNE DE BOAYAKRO_SECONDAIRE","source":"Géoportail ANSTAT"}},{"type":"Feature","geometry":{"type":"Point","coordinates":[-6.363516999999945,7.615760000000023]},"properties":{"id":128288,"nom":"COLLEGE MODERNE DE DANANON_SECONDAIRE","type":"secondaire","district_region":null,"departement_commune":null,"verifie":true,"name":"COLLEGE MODERNE DE DANANON_SECONDAIRE","source":"Géoportail ANSTAT"}},{"type":"Feature","geometry":{"type":"Point","coordinates":[-6.526599999999974,7.613312000000064]},"properties":{"id":128289,"nom":"COLLEGE  PRIVE REUSSITE BAZRA NATTIS_SECONDAIRE","type":"secondaire","district_region":null,"departement_commune":null,"verifie":true,"name":"COLLEGE  PRIVE REUSSITE BAZRA NATTIS_SECONDAIRE","source":"Géoportail ANSTAT"}},{"type":"Feature","geometry":{"type":"Point","coordinates":[-6.290964999999971,7.61167800000004]},"properties":{"id":128290,"nom":"COLLEGE PRIVE BLIOUHO DE GOUETIFLA_SECONDAIRE","type":"secondaire","district_region":null,"departement_commune":null,"verifie":true,"name":"COLLEGE PRIVE BLIOUHO DE GOUETIFLA_SECONDAIRE","source":"Géoportail ANSTAT"}},{"type":"Feature","geometry":{"type":"Point","coordinates":[-6.515009999999961,7.609383000000037]},"properties":{"id":128291,"nom":"COLLEGE MODERNE DE BAZRA-NAT1S_SECONDAIRE","type":"secondaire","district_region":null,"departement_commune":null,"verifie":true,"name":"COLLEGE MODERNE DE BAZRA-NAT1S_SECONDAIRE","source":"Géoportail ANSTAT"}},{"type":"Feature","geometry":{"type":"Point","coordinates":[-7.117242999999974,7.608320000000049]},"properties":{"id":128292,"nom":"COLLEGE MODERNE SEMIEN_SECONDAIRE","type":"secondaire","district_region":null,"departement_commune":null,"verifie":true,"name":"COLLEGE MODERNE SEMIEN_SECONDAIRE","source":"Géoportail ANSTAT"}},{"type":"Feature","geometry":{"type":"Point","coordinates":[-7.302279999999939,7.607913000000053]},"properties":{"id":128293,"nom":"COLLEGE PRIVE L ETINCELLE DE GOURANE_SECONDAIRE","type":"secondaire","district_region":null,"departement_commune":null,"verifie":true,"name":"COLLEGE PRIVE L ETINCELLE DE GOURANE_SECONDAIRE","source":"Géoportail ANSTAT"}},{"type":"Feature","geometry":{"type":"Point","coordinates":[-6.512667999999962,7.607218000000046]},"properties":{"id":128294,"nom":"COLLEGE PRIVE DIVINE GRACE DE BAZRA-NATTIS/VAVOUA_SECONDAIRE","type":"secondaire","district_region":null,"departement_commune":null,"verifie":true,"name":"COLLEGE PRIVE DIVINE GRACE DE BAZRA-NATTIS/VAVOUA_SECONDAIRE","source":"Géoportail ANSTAT"}},{"type":"Feature","geometry":{"type":"Point","coordinates":[-7.131567999999959,7.602415000000065]},"properties":{"id":128295,"nom":"COLLEGE PRIVE EXCELLENCE DE SEMIEN_SECONDAIRE","type":"secondaire","district_region":null,"departement_commune":null,"verifie":true,"name":"COLLEGE PRIVE EXCELLENCE DE SEMIEN_SECONDAIRE","source":"Géoportail ANSTAT"}},{"type":"Feature","geometry":{"type":"Point","coordinates":[-6.36767599999996,7.601877000000059]},"properties":{"id":128296,"nom":"COLLEGE PRIVE LE GOTRON DE DANANON_SECONDAIRE","type":"secondaire","district_region":null,"departement_commune":null,"verifie":true,"name":"COLLEGE PRIVE LE GOTRON DE DANANON_SECONDAIRE","source":"Géoportail ANSTAT"}},{"type":"Feature","geometry":{"type":"Point","coordinates":[-3.721995999999933,7.601627000000065]},"properties":{"id":128297,"nom":"COLLEGE PRIVE CHAM-SOU DE NAFANA_SECONDAIRE","type":"secondaire","district_region":null,"departement_commune":null,"verifie":true,"name":"COLLEGE PRIVE CHAM-SOU DE NAFANA_SECONDAIRE","source":"Géoportail ANSTAT"}},{"type":"Feature","geometry":{"type":"Point","coordinates":[-3.229589999999973,7.601469000000066]},"properties":{"id":128298,"nom":"COLLEGE MODERNE DE KOTOGOUANDA_SECONDAIRE","type":"secondaire","district_region":null,"departement_commune":null,"verifie":true,"name":"COLLEGE MODERNE DE KOTOGOUANDA_SECONDAIRE","source":"Géoportail ANSTAT"}},{"type":"Feature","geometry":{"type":"Point","coordinates":[-6.128836999999976,7.601244000000065]},"properties":{"id":128299,"nom":"COLLEGE MODERNE PIERRE BILLON SUCRIVOIRE DE ZUENOULA_SECONDAIRE","type":"secondaire","district_region":null,"departement_commune":null,"verifie":true,"name":"COLLEGE MODERNE PIERRE BILLON SUCRIVOIRE DE ZUENOULA_SECONDAIRE","source":"Géoportail ANSTAT"}},{"type":"Feature","geometry":{"type":"Point","coordinates":[-6.519212999999979,7.60107800000003]},"properties":{"id":128300,"nom":"COLLEGE TOUALY BAZRA NATIS_SECONDAIRE","type":"secondaire","district_region":null,"departement_commune":null,"verifie":true,"name":"COLLEGE TOUALY BAZRA NATIS_SECONDAIRE","source":"Géoportail ANSTAT"}},{"type":"Feature","geometry":{"type":"Point","coordinates":[-7.293696999999952,7.598977000000048]},"properties":{"id":128301,"nom":"COLLEGE MODERNE DE GOURANE_SECONDAIRE","type":"secondaire","district_region":null,"departement_commune":null,"verifie":true,"name":"COLLEGE MODERNE DE GOURANE_SECONDAIRE","source":"Géoportail ANSTAT"}},{"type":"Feature","geometry":{"type":"Point","coordinates":[-6.52012499999995,7.593677000000071]},"properties":{"id":128302,"nom":"COLLEGE PRIVE BALE-BOH DE BAZRA-NATTIS/VAVOUA_SECONDAIRE","type":"secondaire","district_region":null,"departement_commune":null,"verifie":true,"name":"COLLEGE PRIVE BALE-BOH DE BAZRA-NATTIS/VAVOUA_SECONDAIRE","source":"Géoportail ANSTAT"}},{"type":"Feature","geometry":{"type":"Point","coordinates":[-7.297753999999941,7.593388000000061]},"properties":{"id":128303,"nom":"COLLEGE PRIVE MAN-YE DE GOURANE_SECONDAIRE","type":"secondaire","district_region":null,"departement_commune":null,"verifie":true,"name":"COLLEGE PRIVE MAN-YE DE GOURANE_SECONDAIRE","source":"Géoportail ANSTAT"}},{"type":"Feature","geometry":{"type":"Point","coordinates":[-6.559999999999945,7.590000000000032]},"properties":{"id":128304,"nom":"COLLEGE MODERNE SIFIE_SECONDAIRE","type":"secondaire","district_region":null,"departement_commune":null,"verifie":true,"name":"COLLEGE MODERNE SIFIE_SECONDAIRE","source":"Géoportail ANSTAT"}},{"type":"Feature","geometry":{"type":"Point","coordinates":[-3.231537999999944,7.586889000000042]},"properties":{"id":128305,"nom":"COLLEGE PRIVE LES NEHEMIES DE KOTOGANDA_SECONDAIRE","type":"secondaire","district_region":null,"departement_commune":null,"verifie":true,"name":"COLLEGE PRIVE LES NEHEMIES DE KOTOGANDA_SECONDAIRE","source":"Géoportail ANSTAT"}},{"type":"Feature","geometry":{"type":"Point","coordinates":[-5.880461999999966,7.583381000000031]},"properties":{"id":128306,"nom":"COLLEGE MODERNE DE GOHOUNFLA_SECONDAIRE","type":"secondaire","district_region":null,"departement_commune":null,"verifie":true,"name":"COLLEGE MODERNE DE GOHOUNFLA_SECONDAIRE","source":"Géoportail ANSTAT"}},{"type":"Feature","geometry":{"type":"Point","coordinates":[-7.624557999999979,7.578343000000075]},"properties":{"id":128307,"nom":"COLLEGE MODERNE DE BIELE_SECONDAIRE","type":"secondaire","district_region":null,"departement_commune":null,"verifie":true,"name":"COLLEGE MODERNE DE BIELE_SECONDAIRE","source":"Géoportail ANSTAT"}},{"type":"Feature","geometry":{"type":"Point","coordinates":[-7.65399999999994,7.56800000000004]},"properties":{"id":128308,"nom":"COLLEGE PRIVE DIGNITE_SECONDAIRE","type":"secondaire","district_region":null,"departement_commune":null,"verifie":true,"name":"COLLEGE PRIVE DIGNITE_SECONDAIRE","source":"Géoportail ANSTAT"}},{"type":"Feature","geometry":{"type":"Point","coordinates":[-3.007949999999937,7.56076100000007]},"properties":{"id":128309,"nom":"COLLEGE PRIVE GSET DE TRANSUA_SECONDAIRE","type":"secondaire","district_region":null,"departement_commune":null,"verifie":true,"name":"COLLEGE PRIVE GSET DE TRANSUA_SECONDAIRE","source":"Géoportail ANSTAT"}},{"type":"Feature","geometry":{"type":"Point","coordinates":[-3.012089999999944,7.559298000000069]},"properties":{"id":128310,"nom":"LYCEE MUNICIPAL TRANSUA_SECONDAIRE","type":"secondaire","district_region":null,"departement_commune":null,"verifie":true,"name":"LYCEE MUNICIPAL TRANSUA_SECONDAIRE","source":"Géoportail ANSTAT"}},{"type":"Feature","geometry":{"type":"Point","coordinates":[-7.125090999999941,7.556230000000028]},"properties":{"id":128311,"nom":"LYCEE MODERNE LAMBERT DAN ZOUMANAN DE LOGOUALE_SECONDAIRE","type":"secondaire","district_region":null,"departement_commune":null,"verifie":true,"name":"LYCEE MODERNE LAMBERT DAN ZOUMANAN DE LOGOUALE_SECONDAIRE","source":"Géoportail ANSTAT"}},{"type":"Feature","geometry":{"type":"Point","coordinates":[-7.115303999999981,7.555299000000048]},"properties":{"id":128312,"nom":"COLLEGE PRIVE PALMER LOGOUALE_SECONDAIRE","type":"secondaire","district_region":null,"departement_commune":null,"verifie":true,"name":"COLLEGE PRIVE PALMER LOGOUALE_SECONDAIRE","source":"Géoportail ANSTAT"}},{"type":"Feature","geometry":{"type":"Point","coordinates":[-7.401359999999954,7.552680000000066]},"properties":{"id":128313,"nom":"COLLEGE PRIVE NAMOUSSO MAN_SECONDAIRE","type":"secondaire","district_region":null,"departement_commune":null,"verifie":true,"name":"COLLEGE PRIVE NAMOUSSO MAN_SECONDAIRE","source":"Géoportail ANSTAT"}},{"type":"Feature","geometry":{"type":"Point","coordinates":[-7.093114999999955,7.552179000000024]},"properties":{"id":128314,"nom":"COLLEGE PRIVE KMEHANLE_SECONDAIRE","type":"secondaire","district_region":null,"departement_commune":null,"verifie":true,"name":"COLLEGE PRIVE KMEHANLE_SECONDAIRE","source":"Géoportail ANSTAT"}},{"type":"Feature","geometry":{"type":"Point","coordinates":[-7.39990899999998,7.547170000000051]},"properties":{"id":128315,"nom":"COLLEGE PRIVE CATHOLIQUE OCTAVE HOUTMANN_SECONDAIRE","type":"secondaire","district_region":null,"departement_commune":null,"verifie":true,"name":"COLLEGE PRIVE CATHOLIQUE OCTAVE HOUTMANN_SECONDAIRE","source":"Géoportail ANSTAT"}},{"type":"Feature","geometry":{"type":"Point","coordinates":[-3.013881999999967,7.546531000000073]},"properties":{"id":128316,"nom":"COLLEGE PRIVE L EMMANUEL TRANSUA_SECONDAIRE","type":"secondaire","district_region":null,"departement_commune":null,"verifie":true,"name":"COLLEGE PRIVE L EMMANUEL TRANSUA_SECONDAIRE","source":"Géoportail ANSTAT"}},{"type":"Feature","geometry":{"type":"Point","coordinates":[-7.546379999999942,7.546380000000056]},"properties":{"id":128317,"nom":"COLLEGE PRIVE CETOH DE GBATONGOUIN_SECONDAIRE","type":"secondaire","district_region":null,"departement_commune":null,"verifie":true,"name":"COLLEGE PRIVE CETOH DE GBATONGOUIN_SECONDAIRE","source":"Géoportail ANSTAT"}},{"type":"Feature","geometry":{"type":"Point","coordinates":[-3.08021999999994,7.542310000000043]},"properties":{"id":128318,"nom":"COLLEGE MODERNE NANAN OBENG DE PRITTI 2_SECONDAIRE","type":"secondaire","district_region":null,"departement_commune":null,"verifie":true,"name":"COLLEGE MODERNE NANAN OBENG DE PRITTI 2_SECONDAIRE","source":"Géoportail ANSTAT"}},{"type":"Feature","geometry":{"type":"Point","coordinates":[-7.41910299999995,7.529547000000036]},"properties":{"id":128319,"nom":"LYCEE MODERNE ERNEST BLEU VOUA GBONNE_SECONDAIRE","type":"secondaire","district_region":null,"departement_commune":null,"verifie":true,"name":"LYCEE MODERNE ERNEST BLEU VOUA GBONNE_SECONDAIRE","source":"Géoportail ANSTAT"}},{"type":"Feature","geometry":{"type":"Point","coordinates":[-5.066702999999961,7.529202000000055]},"properties":{"id":128320,"nom":"COLLEGE PRIVE TECHNIQUE ANTOINE DE SAINT EXUPERY DJEBONOUA_SECONDAIRE","type":"secondaire","district_region":null,"departement_commune":null,"verifie":true,"name":"COLLEGE PRIVE TECHNIQUE ANTOINE DE SAINT EXUPERY DJEBONOUA_SECONDAIRE","source":"Géoportail ANSTAT"}},{"type":"Feature","geometry":{"type":"Point","coordinates":[-6.055265999999961,7.529192000000023]},"properties":{"id":128321,"nom":"COLLEGE ZIZIMAN DE MINFLA_SECONDAIRE","type":"secondaire","district_region":null,"departement_commune":null,"verifie":true,"name":"COLLEGE ZIZIMAN DE MINFLA_SECONDAIRE","source":"Géoportail ANSTAT"}},{"type":"Feature","geometry":{"type":"Point","coordinates":[-5.979429999999979,7.526761000000022]},"properties":{"id":128322,"nom":"COLLEGE MODERNE DE PAOUFLA_SECONDAIRE","type":"secondaire","district_region":null,"departement_commune":null,"verifie":true,"name":"COLLEGE MODERNE DE PAOUFLA_SECONDAIRE","source":"Géoportail ANSTAT"}},{"type":"Feature","geometry":{"type":"Point","coordinates":[-7.391999999999939,7.523600000000044]},"properties":{"id":128323,"nom":"COLLEGE MODERNE MOUSSA KONE DE MAN_SECONDAIRE","type":"secondaire","district_region":null,"departement_commune":null,"verifie":true,"name":"COLLEGE MODERNE MOUSSA KONE DE MAN_SECONDAIRE","source":"Géoportail ANSTAT"}},{"type":"Feature","geometry":{"type":"Point","coordinates":[-5.072881999999936,7.519866000000036]},"properties":{"id":128324,"nom":"LYCEE MODERNE DJEBONOUA_SECONDAIRE","type":"secondaire","district_region":null,"departement_commune":null,"verifie":true,"name":"LYCEE MODERNE DJEBONOUA_SECONDAIRE","source":"Géoportail ANSTAT"}},{"type":"Feature","geometry":{"type":"Point","coordinates":[-5.572541999999942,7.518192000000056]},"properties":{"id":128325,"nom":"COLLEGE PRIVE ERNEST DADO_SECONDAIRE","type":"secondaire","district_region":null,"departement_commune":null,"verifie":true,"name":"COLLEGE PRIVE ERNEST DADO_SECONDAIRE","source":"Géoportail ANSTAT"}},{"type":"Feature","geometry":{"type":"Point","coordinates":[-5.581302999999934,7.517146000000025]},"properties":{"id":128326,"nom":"COLLEGE MODERNE DE ANDOKEKRENOU_SECONDAIRE","type":"secondaire","district_region":null,"departement_commune":null,"verifie":true,"name":"COLLEGE MODERNE DE ANDOKEKRENOU_SECONDAIRE","source":"Géoportail ANSTAT"}},{"type":"Feature","geometry":{"type":"Point","coordinates":[-4.59918399999998,7.51175900000004]},"properties":{"id":128327,"nom":"COLLEGE PRIVE LAHA SONDO M’BAHIA-YAOKRO_SECONDAIRE","type":"secondaire","district_region":null,"departement_commune":null,"verifie":true,"name":"COLLEGE PRIVE LAHA SONDO M’BAHIA-YAOKRO_SECONDAIRE","source":"Géoportail ANSTAT"}},{"type":"Feature","geometry":{"type":"Point","coordinates":[-5.078343999999959,7.511243000000036]},"properties":{"id":128328,"nom":"COLLEGE PRIVE LA BENEDICTION DE DJEBONOUA_SECONDAIRE","type":"secondaire","district_region":null,"departement_commune":null,"verifie":true,"name":"COLLEGE PRIVE LA BENEDICTION DE DJEBONOUA_SECONDAIRE","source":"Géoportail ANSTAT"}},{"type":"Feature","geometry":{"type":"Point","coordinates":[-7.27156599999995,7.509592000000055]},"properties":{"id":128329,"nom":"COLLEGE PRIVE LA BOUSSOLE DE KOUA_SECONDAIRE","type":"secondaire","district_region":null,"departement_commune":null,"verifie":true,"name":"COLLEGE PRIVE LA BOUSSOLE DE KOUA_SECONDAIRE","source":"Géoportail ANSTAT"}},{"type":"Feature","geometry":{"type":"Point","coordinates":[-5.87288899999993,7.501451000000031]},"properties":{"id":128330,"nom":"COLLEGE PRIVE BLIVOLE DE GOHITAFLA_SECONDAIRE","type":"secondaire","district_region":null,"departement_commune":null,"verifie":true,"name":"COLLEGE PRIVE BLIVOLE DE GOHITAFLA_SECONDAIRE","source":"Géoportail ANSTAT"}},{"type":"Feature","geometry":{"type":"Point","coordinates":[-3.257851999999957,7.497961000000032]},"properties":{"id":128331,"nom":"COLLEGE PRIVE LEBONA_SECONDAIRE","type":"secondaire","district_region":null,"departement_commune":null,"verifie":true,"name":"COLLEGE PRIVE LEBONA_SECONDAIRE","source":"Géoportail ANSTAT"}},{"type":"Feature","geometry":{"type":"Point","coordinates":[-6.790059999999926,7.495180000000062]},"properties":{"id":128332,"nom":"COLLEGE LEBORGETS / MIGNORE_SECONDAIRE","type":"secondaire","district_region":null,"departement_commune":null,"verifie":true,"name":"COLLEGE LEBORGETS / MIGNORE_SECONDAIRE","source":"Géoportail ANSTAT"}},{"type":"Feature","geometry":{"type":"Point","coordinates":[-3.252761999999962,7.493082000000072]},"properties":{"id":128333,"nom":"COLLEGE PRIVE TECHNIQUE MUCRES DE KOUN-FAO_SECONDAIRE","type":"secondaire","district_region":null,"departement_commune":null,"verifie":true,"name":"COLLEGE PRIVE TECHNIQUE MUCRES DE KOUN-FAO_SECONDAIRE","source":"Géoportail ANSTAT"}},{"type":"Feature","geometry":{"type":"Point","coordinates":[-5.880232999999976,7.490498000000059]},"properties":{"id":128334,"nom":"COLLEGE JUAN CARLOS2 GOHITAFLA_SECONDAIRE","type":"secondaire","district_region":null,"departement_commune":null,"verifie":true,"name":"COLLEGE JUAN CARLOS2 GOHITAFLA_SECONDAIRE","source":"Géoportail ANSTAT"}},{"type":"Feature","geometry":{"type":"Point","coordinates":[-5.873319999999978,7.490247000000068]},"properties":{"id":128335,"nom":"COLLEGE PRIVE YAHVE-JIRE GOHITAFLA_SECONDAIRE","type":"secondaire","district_region":null,"departement_commune":null,"verifie":true,"name":"COLLEGE PRIVE YAHVE-JIRE GOHITAFLA_SECONDAIRE","source":"Géoportail ANSTAT"}},{"type":"Feature","geometry":{"type":"Point","coordinates":[-6.79391899999996,7.489562000000035]},"properties":{"id":128336,"nom":"COLLEGE PRIVE LADIA_SECONDAIRE","type":"secondaire","district_region":null,"departement_commune":null,"verifie":true,"name":"COLLEGE PRIVE LADIA_SECONDAIRE","source":"Géoportail ANSTAT"}},{"type":"Feature","geometry":{"type":"Point","coordinates":[-6.501989999999978,7.488340000000051]},"properties":{"id":128337,"nom":"COLLEGE PRIVE LE DAMBE DE TIAOUO_SECONDAIRE","type":"secondaire","district_region":null,"departement_commune":null,"verifie":true,"name":"COLLEGE PRIVE LE DAMBE DE TIAOUO_SECONDAIRE","source":"Géoportail ANSTAT"}},{"type":"Feature","geometry":{"type":"Point","coordinates":[-6.501989999999978,7.488340000000051]},"properties":{"id":128338,"nom":"COLLEGE PRIVE BENI  DE VAVOUA_SECONDAIRE","type":"secondaire","district_region":null,"departement_commune":null,"verifie":true,"name":"COLLEGE PRIVE BENI  DE VAVOUA_SECONDAIRE","source":"Géoportail ANSTAT"}},{"type":"Feature","geometry":{"type":"Point","coordinates":[-7.129375999999979,7.486188000000027]},"properties":{"id":128339,"nom":"COLLEGE PRIVE KEASSE DE DOUAGUE_SECONDAIRE","type":"secondaire","district_region":null,"departement_commune":null,"verifie":true,"name":"COLLEGE PRIVE KEASSE DE DOUAGUE_SECONDAIRE","source":"Géoportail ANSTAT"}},{"type":"Feature","geometry":{"type":"Point","coordinates":[-5.263199999999927,7.484100000000069]},"properties":{"id":128340,"nom":"COLLEGE MODERNE DE YABLASSOU_SECONDAIRE","type":"secondaire","district_region":null,"departement_commune":null,"verifie":true,"name":"COLLEGE MODERNE DE YABLASSOU_SECONDAIRE","source":"Géoportail ANSTAT"}},{"type":"Feature","geometry":{"type":"Point","coordinates":[-5.263199999999927,7.484100000000069]},"properties":{"id":128341,"nom":"COLLEGE MODERNE DE SOUAFOUE-DJAHAN_SECONDAIRE","type":"secondaire","district_region":null,"departement_commune":null,"verifie":true,"name":"COLLEGE MODERNE DE SOUAFOUE-DJAHAN_SECONDAIRE","source":"Géoportail ANSTAT"}},{"type":"Feature","geometry":{"type":"Point","coordinates":[-3.95396999999997,7.484045000000037]},"properties":{"id":128342,"nom":"COLLEGE PRIVE ISMA 2 KOFFI AMONKRO_SECONDAIRE","type":"secondaire","district_region":null,"departement_commune":null,"verifie":true,"name":"COLLEGE PRIVE ISMA 2 KOFFI AMONKRO_SECONDAIRE","source":"Géoportail ANSTAT"}},{"type":"Feature","geometry":{"type":"Point","coordinates":[-5.873770999999977,7.483534000000077]},"properties":{"id":128343,"nom":"COLLEGE PRIVE WEPAHAMIDJI DE GOHITAFLA_SECONDAIRE","type":"secondaire","district_region":null,"departement_commune":null,"verifie":true,"name":"COLLEGE PRIVE WEPAHAMIDJI DE GOHITAFLA_SECONDAIRE","source":"Géoportail ANSTAT"}},{"type":"Feature","geometry":{"type":"Point","coordinates":[-5.876144999999951,7.48338700000005]},"properties":{"id":128344,"nom":"COLLEGE PRIVE TIBET GOHITAFLA_SECONDAIRE","type":"secondaire","district_region":null,"departement_commune":null,"verifie":true,"name":"COLLEGE PRIVE TIBET GOHITAFLA_SECONDAIRE","source":"Géoportail ANSTAT"}},{"type":"Feature","geometry":{"type":"Point","coordinates":[-5.874898999999971,7.483099000000038]},"properties":{"id":128345,"nom":"LYCEE MODERNE BAD GOHITAFLA_SECONDAIRE","type":"secondaire","district_region":null,"departement_commune":null,"verifie":true,"name":"LYCEE MODERNE BAD GOHITAFLA_SECONDAIRE","source":"Géoportail ANSTAT"}},{"type":"Feature","geometry":{"type":"Point","coordinates":[-6.209373999999968,7.482728000000066]},"properties":{"id":128346,"nom":"COLLEGE MODERNE DE ZANZRA_SECONDAIRE","type":"secondaire","district_region":null,"departement_commune":null,"verifie":true,"name":"COLLEGE MODERNE DE ZANZRA_SECONDAIRE","source":"Géoportail ANSTAT"}},{"type":"Feature","geometry":{"type":"Point","coordinates":[-6.208239999999932,7.482443000000046]},"properties":{"id":128347,"nom":"COLLEGE GNANANGON DE ZANZRA_SECONDAIRE","type":"secondaire","district_region":null,"departement_commune":null,"verifie":true,"name":"COLLEGE GNANANGON DE ZANZRA_SECONDAIRE","source":"Géoportail ANSTAT"}},{"type":"Feature","geometry":{"type":"Point","coordinates":[-6.509999999999934,7.480000000000075]},"properties":{"id":128348,"nom":"COLLEGE PRIVE KAVOKIVA DE TIAHOUO_SECONDAIRE","type":"secondaire","district_region":null,"departement_commune":null,"verifie":true,"name":"COLLEGE PRIVE KAVOKIVA DE TIAHOUO_SECONDAIRE","source":"Géoportail ANSTAT"}},{"type":"Feature","geometry":{"type":"Point","coordinates":[-7.669611999999972,7.479860000000031]},"properties":{"id":128349,"nom":"COLLEGE MODERNE GBANGBEGOUINE_SECONDAIRE","type":"secondaire","district_region":null,"departement_commune":null,"verifie":true,"name":"COLLEGE MODERNE GBANGBEGOUINE_SECONDAIRE","source":"Géoportail ANSTAT"}},{"type":"Feature","geometry":{"type":"Point","coordinates":[-3.25061599999998,7.478978000000041]},"properties":{"id":128350,"nom":"LYCEE BAD KOUN-FAO_SECONDAIRE","type":"secondaire","district_region":null,"departement_commune":null,"verifie":true,"name":"LYCEE BAD KOUN-FAO_SECONDAIRE","source":"Géoportail ANSTAT"}},{"type":"Feature","geometry":{"type":"Point","coordinates":[-4.346843999999976,7.476321000000041]},"properties":{"id":128351,"nom":"COLLEGE PRIVE TECHNIQUE SEGBE M BAHIAKRO_SECONDAIRE","type":"secondaire","district_region":null,"departement_commune":null,"verifie":true,"name":"COLLEGE PRIVE TECHNIQUE SEGBE M BAHIAKRO_SECONDAIRE","source":"Géoportail ANSTAT"}},{"type":"Feature","geometry":{"type":"Point","coordinates":[-6.213693999999975,7.472740000000044]},"properties":{"id":128352,"nom":"COLLEGE PRIVE LA FONTAINE DES ELITES DE ZANZRA_SECONDAIRE","type":"secondaire","district_region":null,"departement_commune":null,"verifie":true,"name":"COLLEGE PRIVE LA FONTAINE DES ELITES DE ZANZRA_SECONDAIRE","source":"Géoportail ANSTAT"}},{"type":"Feature","geometry":{"type":"Point","coordinates":[-6.209420999999963,7.471855000000062]},"properties":{"id":128353,"nom":"COLLEGE PRIVE VALEZY DE ZANZRA_SECONDAIRE","type":"secondaire","district_region":null,"departement_commune":null,"verifie":true,"name":"COLLEGE PRIVE VALEZY DE ZANZRA_SECONDAIRE","source":"Géoportail ANSTAT"}},{"type":"Feature","geometry":{"type":"Point","coordinates":[-3.245009999999979,7.469390000000033]},"properties":{"id":128354,"nom":"COLLEGE PRIVE MESKOF KOUN-FAO_SECONDAIRE","type":"secondaire","district_region":null,"departement_commune":null,"verifie":true,"name":"COLLEGE PRIVE MESKOF KOUN-FAO_SECONDAIRE","source":"Géoportail ANSTAT"}},{"type":"Feature","geometry":{"type":"Point","coordinates":[-4.281144999999981,7.464477000000045]},"properties":{"id":128355,"nom":"COLLEGE PRIVE MIA KOFFI SERAPHIN D ABOKRO_SECONDAIRE","type":"secondaire","district_region":null,"departement_commune":null,"verifie":true,"name":"COLLEGE PRIVE MIA KOFFI SERAPHIN D ABOKRO_SECONDAIRE","source":"Géoportail ANSTAT"}},{"type":"Feature","geometry":{"type":"Point","coordinates":[-3.345951999999954,7.463250000000073]},"properties":{"id":128356,"nom":"COLLEGE MODERNE D ASSINDI_SECONDAIRE","type":"secondaire","district_region":null,"departement_commune":null,"verifie":true,"name":"COLLEGE MODERNE D ASSINDI_SECONDAIRE","source":"Géoportail ANSTAT"}},{"type":"Feature","geometry":{"type":"Point","coordinates":[-4.346554999999967,7.460280000000068]},"properties":{"id":128357,"nom":"LYCEE MODERNE DE M BAHIAKRO_SECONDAIRE","type":"secondaire","district_region":null,"departement_commune":null,"verifie":true,"name":"LYCEE MODERNE DE M BAHIAKRO_SECONDAIRE","source":"Géoportail ANSTAT"}},{"type":"Feature","geometry":{"type":"Point","coordinates":[-5.290399999999977,7.45780000000002]},"properties":{"id":128358,"nom":"GROUPE SCOLAIRE MAMIE AYA N GO SAKASSOU_SECONDAIRE","type":"secondaire","district_region":null,"departement_commune":null,"verifie":true,"name":"GROUPE SCOLAIRE MAMIE AYA N GO SAKASSOU_SECONDAIRE","source":"Géoportail ANSTAT"}},{"type":"Feature","geometry":{"type":"Point","coordinates":[-6.998254999999972,7.457315000000051]},"properties":{"id":128359,"nom":"COLLEGE PRIVE LAMINE BAZIE DE VAOU_SECONDAIRE","type":"secondaire","district_region":null,"departement_commune":null,"verifie":true,"name":"COLLEGE PRIVE LAMINE BAZIE DE VAOU_SECONDAIRE","source":"Géoportail ANSTAT"}},{"type":"Feature","geometry":{"type":"Point","coordinates":[-4.334286999999961,7.457212000000027]},"properties":{"id":128360,"nom":"INSTITUT SAINT HARMONY (ISH) M BAHIAKRO_SECONDAIRE","type":"secondaire","district_region":null,"departement_commune":null,"verifie":true,"name":"INSTITUT SAINT HARMONY (ISH) M BAHIAKRO_SECONDAIRE","source":"Géoportail ANSTAT"}},{"type":"Feature","geometry":{"type":"Point","coordinates":[-6.300999999999931,7.456088000000022]},"properties":{"id":128361,"nom":"COLLEGE PRIVE PIPEGALO 2 DE BANOUFLA_SECONDAIRE","type":"secondaire","district_region":null,"departement_commune":null,"verifie":true,"name":"COLLEGE PRIVE PIPEGALO 2 DE BANOUFLA_SECONDAIRE","source":"Géoportail ANSTAT"}},{"type":"Feature","geometry":{"type":"Point","coordinates":[-4.352651999999978,7.455793000000028]},"properties":{"id":128362,"nom":"COLLEGE ASSA M BAHIAKRO_SECONDAIRE","type":"secondaire","district_region":null,"departement_commune":null,"verifie":true,"name":"COLLEGE ASSA M BAHIAKRO_SECONDAIRE","source":"Géoportail ANSTAT"}},{"type":"Feature","geometry":{"type":"Point","coordinates":[-5.287304999999947,7.451696000000027]},"properties":{"id":128363,"nom":"COLLEGE PRIVE LE WALLEY SAKASSOU_SECONDAIRE","type":"secondaire","district_region":null,"departement_commune":null,"verifie":true,"name":"COLLEGE PRIVE LE WALLEY SAKASSOU_SECONDAIRE","source":"Géoportail ANSTAT"}},{"type":"Feature","geometry":{"type":"Point","coordinates":[-6.730546999999945,7.44964600000003]},"properties":{"id":128364,"nom":"COLLEGE PRIVE LES LAUREATS DE SEITIFLA_SECONDAIRE","type":"secondaire","district_region":null,"departement_commune":null,"verifie":true,"name":"COLLEGE PRIVE LES LAUREATS DE SEITIFLA_SECONDAIRE","source":"Géoportail ANSTAT"}},{"type":"Feature","geometry":{"type":"Point","coordinates":[-5.284379999999942,7.444720000000075]},"properties":{"id":128365,"nom":"GROUPE SCOLAIRE KOUADIO GERMAIN SAKASSOU_SECONDAIRE","type":"secondaire","district_region":null,"departement_commune":null,"verifie":true,"name":"GROUPE SCOLAIRE KOUADIO GERMAIN SAKASSOU_SECONDAIRE","source":"Géoportail ANSTAT"}},{"type":"Feature","geometry":{"type":"Point","coordinates":[-6.72483699999998,7.439695000000029]},"properties":{"id":128366,"nom":"COLLEGE PRIVE FEZIMAN DE SEITIFLA_SECONDAIRE","type":"secondaire","district_region":null,"departement_commune":null,"verifie":true,"name":"COLLEGE PRIVE FEZIMAN DE SEITIFLA_SECONDAIRE","source":"Géoportail ANSTAT"}},{"type":"Feature","geometry":{"type":"Point","coordinates":[-6.71812499999993,7.439267000000029]},"properties":{"id":128367,"nom":"COLLEGE MODERNE SEITIFLA_SECONDAIRE","type":"secondaire","district_region":null,"departement_commune":null,"verifie":true,"name":"COLLEGE MODERNE SEITIFLA_SECONDAIRE","source":"Géoportail ANSTAT"}},{"type":"Feature","geometry":{"type":"Point","coordinates":[-7.830119999999965,7.435020000000065]},"properties":{"id":128368,"nom":"COLLEGE MODERNE DE GOUANE_SECONDAIRE","type":"secondaire","district_region":null,"departement_commune":null,"verifie":true,"name":"COLLEGE MODERNE DE GOUANE_SECONDAIRE","source":"Géoportail ANSTAT"}},{"type":"Feature","geometry":{"type":"Point","coordinates":[-6.04943099999997,7.434745000000021]},"properties":{"id":128369,"nom":"COLLEGE CETRY (EX RABE) ZUENOULA_SECONDAIRE","type":"secondaire","district_region":null,"departement_commune":null,"verifie":true,"name":"COLLEGE CETRY (EX RABE) ZUENOULA_SECONDAIRE","source":"Géoportail ANSTAT"}},{"type":"Feature","geometry":{"type":"Point","coordinates":[-6.222699999999975,7.434100000000058]},"properties":{"id":128370,"nom":"COLLEGE PRIVE KABOHEKIVA DE DOUANZRA_SECONDAIRE","type":"secondaire","district_region":null,"departement_commune":null,"verifie":true,"name":"COLLEGE PRIVE KABOHEKIVA DE DOUANZRA_SECONDAIRE","source":"Géoportail ANSTAT"}},{"type":"Feature","geometry":{"type":"Point","coordinates":[-5.041669999999954,7.433660000000032]},"properties":{"id":128371,"nom":"COLLEGE PRIVE GOUAIT KWAGNISS DE KONANKANKRO_SECONDAIRE","type":"secondaire","district_region":null,"departement_commune":null,"verifie":true,"name":"COLLEGE PRIVE GOUAIT KWAGNISS DE KONANKANKRO_SECONDAIRE","source":"Géoportail ANSTAT"}},{"type":"Feature","geometry":{"type":"Point","coordinates":[-6.561999999999955,7.432000000000073]},"properties":{"id":128372,"nom":"COLLEGE PRIVE ESPOIR DU BLAO DE GUIGLO_SECONDAIRE","type":"secondaire","district_region":null,"departement_commune":null,"verifie":true,"name":"COLLEGE PRIVE ESPOIR DU BLAO DE GUIGLO_SECONDAIRE","source":"Géoportail ANSTAT"}},{"type":"Feature","geometry":{"type":"Point","coordinates":[-6.046741999999938,7.430841000000044]},"properties":{"id":128373,"nom":"COLLEGE IMANE ZUENOULA_SECONDAIRE","type":"secondaire","district_region":null,"departement_commune":null,"verifie":true,"name":"COLLEGE IMANE ZUENOULA_SECONDAIRE","source":"Géoportail ANSTAT"}},{"type":"Feature","geometry":{"type":"Point","coordinates":[-7.177099999999939,7.428397000000075]},"properties":{"id":128374,"nom":"COLLEGE PRIVE POYA D OUYABLY-GNONDROU_SECONDAIRE","type":"secondaire","district_region":null,"departement_commune":null,"verifie":true,"name":"COLLEGE PRIVE POYA D OUYABLY-GNONDROU_SECONDAIRE","source":"Géoportail ANSTAT"}},{"type":"Feature","geometry":{"type":"Point","coordinates":[-6.061607999999978,7.427466000000038]},"properties":{"id":128375,"nom":"COLLEGE KANTE DONDO ZUENOULA_SECONDAIRE","type":"secondaire","district_region":null,"departement_commune":null,"verifie":true,"name":"COLLEGE KANTE DONDO ZUENOULA_SECONDAIRE","source":"Géoportail ANSTAT"}},{"type":"Feature","geometry":{"type":"Point","coordinates":[-6.046363999999926,7.426211000000023]},"properties":{"id":128376,"nom":"COLLEGE CATHOLIQUE SAINTE BERNADETTE ZUENOULA_SECONDAIRE","type":"secondaire","district_region":null,"departement_commune":null,"verifie":true,"name":"COLLEGE CATHOLIQUE SAINTE BERNADETTE ZUENOULA_SECONDAIRE","source":"Géoportail ANSTAT"}},{"type":"Feature","geometry":{"type":"Point","coordinates":[-5.239999999999952,7.42390000000006]},"properties":{"id":128377,"nom":"COLLEGE PRIVE NOTRE FAMILLE_SECONDAIRE","type":"secondaire","district_region":null,"departement_commune":null,"verifie":true,"name":"COLLEGE PRIVE NOTRE FAMILLE_SECONDAIRE","source":"Géoportail ANSTAT"}},{"type":"Feature","geometry":{"type":"Point","coordinates":[-6.644143999999926,7.423848000000021]},"properties":{"id":128378,"nom":"COLLEGE PRIVE KADA DE VAAFLA_SECONDAIRE","type":"secondaire","district_region":null,"departement_commune":null,"verifie":true,"name":"COLLEGE PRIVE KADA DE VAAFLA_SECONDAIRE","source":"Géoportail ANSTAT"}},{"type":"Feature","geometry":{"type":"Point","coordinates":[-7.564849999999979,7.423430000000053]},"properties":{"id":128379,"nom":"INSTITUT DE FORMATION TECHNIQUE ET GENERALE MAN_SECONDAIRE","type":"secondaire","district_region":null,"departement_commune":null,"verifie":true,"name":"INSTITUT DE FORMATION TECHNIQUE ET GENERALE MAN_SECONDAIRE","source":"Géoportail ANSTAT"}},{"type":"Feature","geometry":{"type":"Point","coordinates":[-6.048155999999949,7.422317000000021]},"properties":{"id":128380,"nom":"COLLEGE LES FRERES JUMEAUX_SECONDAIRE","type":"secondaire","district_region":null,"departement_commune":null,"verifie":true,"name":"COLLEGE LES FRERES JUMEAUX_SECONDAIRE","source":"Géoportail ANSTAT"}},{"type":"Feature","geometry":{"type":"Point","coordinates":[-6.038338999999951,7.421318000000042]},"properties":{"id":128381,"nom":"COLLEGE LE SAVOIR_SECONDAIRE","type":"secondaire","district_region":null,"departement_commune":null,"verifie":true,"name":"COLLEGE LE SAVOIR_SECONDAIRE","source":"Géoportail ANSTAT"}},{"type":"Feature","geometry":{"type":"Point","coordinates":[-6.055703999999935,7.420911000000046]},"properties":{"id":128382,"nom":"COLLEGE PRIVE DEIBLETY DE BLOLEQUIN_SECONDAIRE","type":"secondaire","district_region":null,"departement_commune":null,"verifie":true,"name":"COLLEGE PRIVE DEIBLETY DE BLOLEQUIN_SECONDAIRE","source":"Géoportail ANSTAT"}},{"type":"Feature","geometry":{"type":"Point","coordinates":[-6.055802999999969,7.420823000000041]},"properties":{"id":128383,"nom":"COLLEGE PRIVE ESPOIR DE ZUENOULA_SECONDAIRE","type":"secondaire","district_region":null,"departement_commune":null,"verifie":true,"name":"COLLEGE PRIVE ESPOIR DE ZUENOULA_SECONDAIRE","source":"Géoportail ANSTAT"}},{"type":"Feature","geometry":{"type":"Point","coordinates":[-7.513074999999958,7.420768000000066]},"properties":{"id":128384,"nom":"COLLEGE PRIVE ETOILE DU TONKPI DE MAN_SECONDAIRE","type":"secondaire","district_region":null,"departement_commune":null,"verifie":true,"name":"COLLEGE PRIVE ETOILE DU TONKPI DE MAN_SECONDAIRE","source":"Géoportail ANSTAT"}},{"type":"Feature","geometry":{"type":"Point","coordinates":[-5.608004999999935,7.419763000000046]},"properties":{"id":128385,"nom":"COLLEGE MODERNE AYAOU SOPKA_SECONDAIRE","type":"secondaire","district_region":null,"departement_commune":null,"verifie":true,"name":"COLLEGE MODERNE AYAOU SOPKA_SECONDAIRE","source":"Géoportail ANSTAT"}},{"type":"Feature","geometry":{"type":"Point","coordinates":[-8.339201999999943,7.419145000000071]},"properties":{"id":128386,"nom":"COLLEGE MODERNE GBON-HOUYE_SECONDAIRE","type":"secondaire","district_region":null,"departement_commune":null,"verifie":true,"name":"COLLEGE MODERNE GBON-HOUYE_SECONDAIRE","source":"Géoportail ANSTAT"}},{"type":"Feature","geometry":{"type":"Point","coordinates":[-6.041999999999973,7.418900000000065]},"properties":{"id":128387,"nom":"LYCEE MODERNE ZUENOULA_SECONDAIRE","type":"secondaire","district_region":null,"departement_commune":null,"verifie":true,"name":"LYCEE MODERNE ZUENOULA_SECONDAIRE","source":"Géoportail ANSTAT"}},{"type":"Feature","geometry":{"type":"Point","coordinates":[-6.398815999999954,7.417586000000028]},"properties":{"id":128388,"nom":"COLLEGE PRIVE EZEL DE PK11_SECONDAIRE","type":"secondaire","district_region":null,"departement_commune":null,"verifie":true,"name":"COLLEGE PRIVE EZEL DE PK11_SECONDAIRE","source":"Géoportail ANSTAT"}},{"type":"Feature","geometry":{"type":"Point","coordinates":[-7.545574999999928,7.416968000000054]},"properties":{"id":128389,"nom":"COLLEGE CATHOLIQUE SAINT HENRI DE OSSO_SECONDAIRE","type":"secondaire","district_region":null,"departement_commune":null,"verifie":true,"name":"COLLEGE CATHOLIQUE SAINT HENRI DE OSSO_SECONDAIRE","source":"Géoportail ANSTAT"}},{"type":"Feature","geometry":{"type":"Point","coordinates":[-6.042033999999944,7.416680000000042]},"properties":{"id":128390,"nom":"COLLEGE OLYMPE ZUENOULA_SECONDAIRE","type":"secondaire","district_region":null,"departement_commune":null,"verifie":true,"name":"COLLEGE OLYMPE ZUENOULA_SECONDAIRE","source":"Géoportail ANSTAT"}},{"type":"Feature","geometry":{"type":"Point","coordinates":[-5.009307999999976,7.415936000000045]},"properties":{"id":128391,"nom":"COLLEGE MODERNE MOLONOUBLE_SECONDAIRE","type":"secondaire","district_region":null,"departement_commune":null,"verifie":true,"name":"COLLEGE MODERNE MOLONOUBLE_SECONDAIRE","source":"Géoportail ANSTAT"}},{"type":"Feature","geometry":{"type":"Point","coordinates":[-6.045660999999939,7.414477000000034]},"properties":{"id":128392,"nom":"COLLEGE PRIVE LES CERISIERS DE ZUENOULA_SECONDAIRE","type":"secondaire","district_region":null,"departement_commune":null,"verifie":true,"name":"COLLEGE PRIVE LES CERISIERS DE ZUENOULA_SECONDAIRE","source":"Géoportail ANSTAT"}},{"type":"Feature","geometry":{"type":"Point","coordinates":[-4.984775999999954,7.414083000000062]},"properties":{"id":128393,"nom":"COLLEGE PRIVE N ZI LE GRAND DE MOLONOUBLE_SECONDAIRE","type":"secondaire","district_region":null,"departement_commune":null,"verifie":true,"name":"COLLEGE PRIVE N ZI LE GRAND DE MOLONOUBLE_SECONDAIRE","source":"Géoportail ANSTAT"}},{"type":"Feature","geometry":{"type":"Point","coordinates":[-7.563099999999963,7.413100000000043]},"properties":{"id":128394,"nom":"COLLEGE PRIVE LE MANNOIS DE MAN_SECONDAIRE","type":"secondaire","district_region":null,"departement_commune":null,"verifie":true,"name":"COLLEGE PRIVE LE MANNOIS DE MAN_SECONDAIRE","source":"Géoportail ANSTAT"}},{"type":"Feature","geometry":{"type":"Point","coordinates":[-7.524399999999957,7.412000000000035]},"properties":{"id":128395,"nom":"COLLEGE SIA ANDRE_SECONDAIRE","type":"secondaire","district_region":null,"departement_commune":null,"verifie":true,"name":"COLLEGE SIA ANDRE_SECONDAIRE","source":"Géoportail ANSTAT"}},{"type":"Feature","geometry":{"type":"Point","coordinates":[-7.564663999999937,7.411755000000028]},"properties":{"id":128397,"nom":"COLLEGE EMILE OPERI DOMORAUD_SECONDAIRE","type":"secondaire","district_region":null,"departement_commune":null,"verifie":true,"name":"COLLEGE EMILE OPERI DOMORAUD_SECONDAIRE","source":"Géoportail ANSTAT"}},{"type":"Feature","geometry":{"type":"Point","coordinates":[-7.560966999999948,7.407187000000022]},"properties":{"id":128398,"nom":"LYCEE MODERNE II GBE GOULEY ALPHONSE DE MAN_SECONDAIRE","type":"secondaire","district_region":null,"departement_commune":null,"verifie":true,"name":"LYCEE MODERNE II GBE GOULEY ALPHONSE DE MAN_SECONDAIRE","source":"Géoportail ANSTAT"}},{"type":"Feature","geometry":{"type":"Point","coordinates":[-6.64443499999993,7.406578000000025]},"properties":{"id":128399,"nom":"COLLEGE PRIVE AMPES DE VAAFLA_SECONDAIRE","type":"secondaire","district_region":null,"departement_commune":null,"verifie":true,"name":"COLLEGE PRIVE AMPES DE VAAFLA_SECONDAIRE","source":"Géoportail ANSTAT"}},{"type":"Feature","geometry":{"type":"Point","coordinates":[-7.564832999999965,7.40540500000003]},"properties":{"id":128400,"nom":"COLLEGE PRIVE TIEMOKO DE GBONNE_SECONDAIRE","type":"secondaire","district_region":null,"departement_commune":null,"verifie":true,"name":"COLLEGE PRIVE TIEMOKO DE GBONNE_SECONDAIRE","source":"Géoportail ANSTAT"}},{"type":"Feature","geometry":{"type":"Point","coordinates":[-7.549604999999929,7.405383000000029]},"properties":{"id":128401,"nom":"COLLEGE PRIVE LES LEADERS MAN_SECONDAIRE","type":"secondaire","district_region":null,"departement_commune":null,"verifie":true,"name":"COLLEGE PRIVE LES LEADERS MAN_SECONDAIRE","source":"Géoportail ANSTAT"}},{"type":"Feature","geometry":{"type":"Point","coordinates":[-5.914894999999945,7.40513100000004]},"properties":{"id":128402,"nom":"COLLEGE PRIVE MIVA DE MANFLA_SECONDAIRE","type":"secondaire","district_region":null,"departement_commune":null,"verifie":true,"name":"COLLEGE PRIVE MIVA DE MANFLA_SECONDAIRE","source":"Géoportail ANSTAT"}},{"type":"Feature","geometry":{"type":"Point","coordinates":[-7.520633999999973,7.404772000000037]},"properties":{"id":128403,"nom":"COLLEGE PRIVE LES ERUDITS DE MAN_SECONDAIRE","type":"secondaire","district_region":null,"departement_commune":null,"verifie":true,"name":"COLLEGE PRIVE LES ERUDITS DE MAN_SECONDAIRE","source":"Géoportail ANSTAT"}},{"type":"Feature","geometry":{"type":"Point","coordinates":[-8.265219999999943,7.40378000000004]},"properties":{"id":128404,"nom":"COLLEGE MODERNE JEAN BAPTISTE GUEGBEU DE KOUAN-HOU_SECONDAIRE","type":"secondaire","district_region":null,"departement_commune":null,"verifie":true,"name":"COLLEGE MODERNE JEAN BAPTISTE GUEGBEU DE KOUAN-HOU_SECONDAIRE","source":"Géoportail ANSTAT"}},{"type":"Feature","geometry":{"type":"Point","coordinates":[-5.909606999999937,7.403481000000056]},"properties":{"id":128405,"nom":"COLLEGE PRIVE VANIN DE MANFLA_SECONDAIRE","type":"secondaire","district_region":null,"departement_commune":null,"verifie":true,"name":"COLLEGE PRIVE VANIN DE MANFLA_SECONDAIRE","source":"Géoportail ANSTAT"}},{"type":"Feature","geometry":{"type":"Point","coordinates":[-4.877762999999959,7.401748000000055]},"properties":{"id":128406,"nom":"COLLEGE MODERNE JEANNOT AHOUSSOU-KOUADIO DE RAVIART_SECONDAIRE","type":"secondaire","district_region":null,"departement_commune":null,"verifie":true,"name":"COLLEGE MODERNE JEANNOT AHOUSSOU-KOUADIO DE RAVIART_SECONDAIRE","source":"Géoportail ANSTAT"}},{"type":"Feature","geometry":{"type":"Point","coordinates":[-5.908904999999947,7.401468000000023]},"properties":{"id":128407,"nom":"COLLEGE PRIVE BALEFE DE MANFLA_SECONDAIRE","type":"secondaire","district_region":null,"departement_commune":null,"verifie":true,"name":"COLLEGE PRIVE BALEFE DE MANFLA_SECONDAIRE","source":"Géoportail ANSTAT"}},{"type":"Feature","geometry":{"type":"Point","coordinates":[-7.499999999999943,7.400000000000034]},"properties":{"id":128408,"nom":"COLLEGE GUE PASCAL MAN_SECONDAIRE","type":"secondaire","district_region":null,"departement_commune":null,"verifie":true,"name":"COLLEGE GUE PASCAL MAN_SECONDAIRE","source":"Géoportail ANSTAT"}},{"type":"Feature","geometry":{"type":"Point","coordinates":[-7.519999999999925,7.400000000000034]},"properties":{"id":128409,"nom":"COLLEGE MODERNE DES JEUNES F.DOMINIQUE OUATTARA_SECONDAIRE","type":"secondaire","district_region":null,"departement_commune":null,"verifie":true,"name":"COLLEGE MODERNE DES JEUNES F.DOMINIQUE OUATTARA_SECONDAIRE","source":"Géoportail ANSTAT"}},{"type":"Feature","geometry":{"type":"Point","coordinates":[-5.849021999999934,7.399798000000033]},"properties":{"id":128410,"nom":"COLLEGE PRIVE KAVOUKIVA DE MAMINIGUI_SECONDAIRE","type":"secondaire","district_region":null,"departement_commune":null,"verifie":true,"name":"COLLEGE PRIVE KAVOUKIVA DE MAMINIGUI_SECONDAIRE","source":"Géoportail ANSTAT"}},{"type":"Feature","geometry":{"type":"Point","coordinates":[-5.836239999999975,7.398221000000035]},"properties":{"id":128411,"nom":"COLLEGE MODERNE DE MAMINIGUI_SECONDAIRE","type":"secondaire","district_region":null,"departement_commune":null,"verifie":true,"name":"COLLEGE MODERNE DE MAMINIGUI_SECONDAIRE","source":"Géoportail ANSTAT"}},{"type":"Feature","geometry":{"type":"Point","coordinates":[-7.551279999999963,7.398020000000031]},"properties":{"id":128412,"nom":"COLLEGE BLON BLAISE_SECONDAIRE","type":"secondaire","district_region":null,"departement_commune":null,"verifie":true,"name":"COLLEGE BLON BLAISE_SECONDAIRE","source":"Géoportail ANSTAT"}},{"type":"Feature","geometry":{"type":"Point","coordinates":[-5.912097999999958,7.395883000000026]},"properties":{"id":128413,"nom":"COLLEGE MODERNE DE MANFLA_SECONDAIRE","type":"secondaire","district_region":null,"departement_commune":null,"verifie":true,"name":"COLLEGE MODERNE DE MANFLA_SECONDAIRE","source":"Géoportail ANSTAT"}},{"type":"Feature","geometry":{"type":"Point","coordinates":[-7.55744999999996,7.395137000000034]},"properties":{"id":128414,"nom":"COLLEGE MODERNE DE GAN 2_SECONDAIRE","type":"secondaire","district_region":null,"departement_commune":null,"verifie":true,"name":"COLLEGE MODERNE DE GAN 2_SECONDAIRE","source":"Géoportail ANSTAT"}},{"type":"Feature","geometry":{"type":"Point","coordinates":[-6.477529999999945,7.394315000000063]},"properties":{"id":128415,"nom":"COLLEGE PRIVE SANOH VAVOUA_SECONDAIRE","type":"secondaire","district_region":null,"departement_commune":null,"verifie":true,"name":"COLLEGE PRIVE SANOH VAVOUA_SECONDAIRE","source":"Géoportail ANSTAT"}},{"type":"Feature","geometry":{"type":"Point","coordinates":[-6.488689999999963,7.39223000000004]},"properties":{"id":128416,"nom":"COLLEGE PRIVE KONATE SOULEYMANE_SECONDAIRE","type":"secondaire","district_region":null,"departement_commune":null,"verifie":true,"name":"COLLEGE PRIVE KONATE SOULEYMANE_SECONDAIRE","source":"Géoportail ANSTAT"}},{"type":"Feature","geometry":{"type":"Point","coordinates":[-4.98768999999993,7.391931000000056]},"properties":{"id":128417,"nom":"COLLEGE PRIVE LE SESAME DE MOLONOUBLE_SECONDAIRE","type":"secondaire","district_region":null,"departement_commune":null,"verifie":true,"name":"COLLEGE PRIVE LE SESAME DE MOLONOUBLE_SECONDAIRE","source":"Géoportail ANSTAT"}},{"type":"Feature","geometry":{"type":"Point","coordinates":[-6.481823999999961,7.391628000000026]},"properties":{"id":128418,"nom":"GROUPE SCOLAIRE LE LABELLE VAVOUA_SECONDAIRE","type":"secondaire","district_region":null,"departement_commune":null,"verifie":true,"name":"GROUPE SCOLAIRE LE LABELLE VAVOUA_SECONDAIRE","source":"Géoportail ANSTAT"}},{"type":"Feature","geometry":{"type":"Point","coordinates":[-7.547162999999955,7.391570000000058]},"properties":{"id":128419,"nom":"COLLEGE SAINT BRICE PROVINCIAL GR ACES MAN_SECONDAIRE","type":"secondaire","district_region":null,"departement_commune":null,"verifie":true,"name":"COLLEGE SAINT BRICE PROVINCIAL GR ACES MAN_SECONDAIRE","source":"Géoportail ANSTAT"}},{"type":"Feature","geometry":{"type":"Point","coordinates":[-7.383608999999979,7.391512000000034]},"properties":{"id":128420,"nom":"COLLEGE PRIVE HAMADOU KOUROUMA DE FACOBLY_SECONDAIRE","type":"secondaire","district_region":null,"departement_commune":null,"verifie":true,"name":"COLLEGE PRIVE HAMADOU KOUROUMA DE FACOBLY_SECONDAIRE","source":"Géoportail ANSTAT"}},{"type":"Feature","geometry":{"type":"Point","coordinates":[-6.611674999999934,7.391478000000063]},"properties":{"id":128421,"nom":"COLLEGE PRIVE VATOULA DE NEOUNEFLA_SECONDAIRE","type":"secondaire","district_region":null,"departement_commune":null,"verifie":true,"name":"COLLEGE PRIVE VATOULA DE NEOUNEFLA_SECONDAIRE","source":"Géoportail ANSTAT"}},{"type":"Feature","geometry":{"type":"Point","coordinates":[-4.891212999999937,7.391404000000023]},"properties":{"id":128422,"nom":"COLLEGE PRIVE MAMIE FATOUMA DE RAVIART_SECONDAIRE","type":"secondaire","district_region":null,"departement_commune":null,"verifie":true,"name":"COLLEGE PRIVE MAMIE FATOUMA DE RAVIART_SECONDAIRE","source":"Géoportail ANSTAT"}},{"type":"Feature","geometry":{"type":"Point","coordinates":[-7.537078999999949,7.390477000000033]},"properties":{"id":128423,"nom":"COLLEGE PRIVE DAN DE MAN_SECONDAIRE","type":"secondaire","district_region":null,"departement_commune":null,"verifie":true,"name":"COLLEGE PRIVE DAN DE MAN_SECONDAIRE","source":"Géoportail ANSTAT"}},{"type":"Feature","geometry":{"type":"Point","coordinates":[-6.494887999999946,7.390198000000055]},"properties":{"id":128424,"nom":"COLLEGE PRIVE OBOH LA REUSSITE DE VAVOUA_SECONDAIRE","type":"secondaire","district_region":null,"departement_commune":null,"verifie":true,"name":"COLLEGE PRIVE OBOH LA REUSSITE DE VAVOUA_SECONDAIRE","source":"Géoportail ANSTAT"}},{"type":"Feature","geometry":{"type":"Point","coordinates":[-4.329999999999927,7.390000000000043]},"properties":{"id":128425,"nom":"LYCEE MODERNE HENRI KONAN BEDIE 1 DAOUKRO_SECONDAIRE","type":"secondaire","district_region":null,"departement_commune":null,"verifie":true,"name":"LYCEE MODERNE HENRI KONAN BEDIE 1 DAOUKRO_SECONDAIRE","source":"Géoportail ANSTAT"}},{"type":"Feature","geometry":{"type":"Point","coordinates":[-7.558891999999958,7.388958000000059]},"properties":{"id":128426,"nom":"COLLEGE PRIVE DES PROFESSEURS MAN_SECONDAIRE","type":"secondaire","district_region":null,"departement_commune":null,"verifie":true,"name":"COLLEGE PRIVE DES PROFESSEURS MAN_SECONDAIRE","source":"Géoportail ANSTAT"}},{"type":"Feature","geometry":{"type":"Point","coordinates":[-7.547092999999961,7.387968000000058]},"properties":{"id":128427,"nom":"LYCEE MODERNE DION ROBERT DE MAN_SECONDAIRE","type":"secondaire","district_region":null,"departement_commune":null,"verifie":true,"name":"LYCEE MODERNE DION ROBERT DE MAN_SECONDAIRE","source":"Géoportail ANSTAT"}},{"type":"Feature","geometry":{"type":"Point","coordinates":[-6.481541999999934,7.387352000000021]},"properties":{"id":128428,"nom":"COLLEGE CATHOLIQUE SAINT MARTIN VAVOUA_SECONDAIRE","type":"secondaire","district_region":null,"departement_commune":null,"verifie":true,"name":"COLLEGE CATHOLIQUE SAINT MARTIN VAVOUA_SECONDAIRE","source":"Géoportail ANSTAT"}},{"type":"Feature","geometry":{"type":"Point","coordinates":[-6.494062999999926,7.386846000000048]},"properties":{"id":128429,"nom":"COLLEGE PRIVE WATEZO 2 DE VAVOUA_SECONDAIRE","type":"secondaire","district_region":null,"departement_commune":null,"verifie":true,"name":"COLLEGE PRIVE WATEZO 2 DE VAVOUA_SECONDAIRE","source":"Géoportail ANSTAT"}},{"type":"Feature","geometry":{"type":"Point","coordinates":[-7.545799999999929,7.385600000000068]},"properties":{"id":128430,"nom":"COLLEGE PRIVE DIAWAR MAN_SECONDAIRE","type":"secondaire","district_region":null,"departement_commune":null,"verifie":true,"name":"COLLEGE PRIVE DIAWAR MAN_SECONDAIRE","source":"Géoportail ANSTAT"}},{"type":"Feature","geometry":{"type":"Point","coordinates":[-7.566879999999969,7.385420000000067]},"properties":{"id":128431,"nom":"COLLEGE PRIVE WONDOH LONIYA MAN_SECONDAIRE","type":"secondaire","district_region":null,"departement_commune":null,"verifie":true,"name":"COLLEGE PRIVE WONDOH LONIYA MAN_SECONDAIRE","source":"Géoportail ANSTAT"}},{"type":"Feature","geometry":{"type":"Point","coordinates":[-6.486778999999956,7.384876000000077]},"properties":{"id":128432,"nom":"COLLEGE PRIVE AMPATA_SECONDAIRE","type":"secondaire","district_region":null,"departement_commune":null,"verifie":true,"name":"COLLEGE PRIVE AMPATA_SECONDAIRE","source":"Géoportail ANSTAT"}},{"type":"Feature","geometry":{"type":"Point","coordinates":[-6.494489999999928,7.384314000000074]},"properties":{"id":128433,"nom":"COLLEGE LA COLOMBE DE LA PAIX DE VAVOUA_SECONDAIRE","type":"secondaire","district_region":null,"departement_commune":null,"verifie":true,"name":"COLLEGE LA COLOMBE DE LA PAIX DE VAVOUA_SECONDAIRE","source":"Géoportail ANSTAT"}},{"type":"Feature","geometry":{"type":"Point","coordinates":[-6.471551999999974,7.38430500000004]},"properties":{"id":128434,"nom":"COLLEGE PRIVE PETITE MERE THERESES_SECONDAIRE","type":"secondaire","district_region":null,"departement_commune":null,"verifie":true,"name":"COLLEGE PRIVE PETITE MERE THERESES_SECONDAIRE","source":"Géoportail ANSTAT"}},{"type":"Feature","geometry":{"type":"Point","coordinates":[-7.373054999999965,7.384146000000044]},"properties":{"id":128435,"nom":"COLLEGE PRIVE KEA-SAR DE FACOBLY_SECONDAIRE","type":"secondaire","district_region":null,"departement_commune":null,"verifie":true,"name":"COLLEGE PRIVE KEA-SAR DE FACOBLY_SECONDAIRE","source":"Géoportail ANSTAT"}},{"type":"Feature","geometry":{"type":"Point","coordinates":[-7.369832999999971,7.382923000000062]},"properties":{"id":128436,"nom":"LYCEE MODERNE FACOBLY_SECONDAIRE","type":"secondaire","district_region":null,"departement_commune":null,"verifie":true,"name":"LYCEE MODERNE FACOBLY_SECONDAIRE","source":"Géoportail ANSTAT"}},{"type":"Feature","geometry":{"type":"Point","coordinates":[-7.38344399999994,7.381899000000033]},"properties":{"id":128437,"nom":"COLLEGE PRIVE PONO DEFACOBLY_SECONDAIRE","type":"secondaire","district_region":null,"departement_commune":null,"verifie":true,"name":"COLLEGE PRIVE PONO DEFACOBLY_SECONDAIRE","source":"Géoportail ANSTAT"}},{"type":"Feature","geometry":{"type":"Point","coordinates":[-6.472072999999966,7.381781000000046]},"properties":{"id":128438,"nom":"LYCEE MODERNE VAVOUA_SECONDAIRE","type":"secondaire","district_region":null,"departement_commune":null,"verifie":true,"name":"LYCEE MODERNE VAVOUA_SECONDAIRE","source":"Géoportail ANSTAT"}},{"type":"Feature","geometry":{"type":"Point","coordinates":[-6.467682999999965,7.381287000000043]},"properties":{"id":128439,"nom":"COLLEGE SAINT EMILE VAVOUA_SECONDAIRE","type":"secondaire","district_region":null,"departement_commune":null,"verifie":true,"name":"COLLEGE SAINT EMILE VAVOUA_SECONDAIRE","source":"Géoportail ANSTAT"}},{"type":"Feature","geometry":{"type":"Point","coordinates":[-7.570456999999976,7.381230000000073]},"properties":{"id":128440,"nom":"LYCEE MODERNE FLORENT DROH JACQUET DE MAN_SECONDAIRE","type":"secondaire","district_region":null,"departement_commune":null,"verifie":true,"name":"LYCEE MODERNE FLORENT DROH JACQUET DE MAN_SECONDAIRE","source":"Géoportail ANSTAT"}},{"type":"Feature","geometry":{"type":"Point","coordinates":[-3.873253999999974,7.380223000000058]},"properties":{"id":128441,"nom":"COLLEGE PRIVE N ZRAMA DE ZANZANSOU_SECONDAIRE","type":"secondaire","district_region":null,"departement_commune":null,"verifie":true,"name":"COLLEGE PRIVE N ZRAMA DE ZANZANSOU_SECONDAIRE","source":"Géoportail ANSTAT"}},{"type":"Feature","geometry":{"type":"Point","coordinates":[-7.439999999999941,7.380000000000052]},"properties":{"id":128442,"nom":"COLLEGE PRIVE GUE PASCAL DE BLAPLEU_SECONDAIRE","type":"secondaire","district_region":null,"departement_commune":null,"verifie":true,"name":"COLLEGE PRIVE GUE PASCAL DE BLAPLEU_SECONDAIRE","source":"Géoportail ANSTAT"}},{"type":"Feature","geometry":{"type":"Point","coordinates":[-5.559171999999933,7.378992000000039]},"properties":{"id":128443,"nom":"COLLEGE MODERNE SRAN-BONDOSSOU_SECONDAIRE","type":"secondaire","district_region":null,"departement_commune":null,"verifie":true,"name":"COLLEGE MODERNE SRAN-BONDOSSOU_SECONDAIRE","source":"Géoportail ANSTAT"}},{"type":"Feature","geometry":{"type":"Point","coordinates":[-6.45790999999997,7.377958000000035]},"properties":{"id":128444,"nom":"COURS SECONDAIRE PROTESTANT AEECI VAVOUA_SECONDAIRE","type":"secondaire","district_region":null,"departement_commune":null,"verifie":true,"name":"COURS SECONDAIRE PROTESTANT AEECI VAVOUA_SECONDAIRE","source":"Géoportail ANSTAT"}},{"type":"Feature","geometry":{"type":"Point","coordinates":[-3.037791999999968,7.375676000000055]},"properties":{"id":128445,"nom":"COLLEGE MODERNE DE KOUASSIA-NIANGUINI_SECONDAIRE","type":"secondaire","district_region":null,"departement_commune":null,"verifie":true,"name":"COLLEGE MODERNE DE KOUASSIA-NIANGUINI_SECONDAIRE","source":"Géoportail ANSTAT"}},{"type":"Feature","geometry":{"type":"Point","coordinates":[-6.492260999999928,7.373921000000053]},"properties":{"id":128446,"nom":"COLLEGE PRIVE EL ITRATOU TAHIRA_SECONDAIRE","type":"secondaire","district_region":null,"departement_commune":null,"verifie":true,"name":"COLLEGE PRIVE EL ITRATOU TAHIRA_SECONDAIRE","source":"Géoportail ANSTAT"}},{"type":"Feature","geometry":{"type":"Point","coordinates":[-6.465754999999945,7.373823000000073]},"properties":{"id":128447,"nom":"COLLEGE PRIVE SUPREME_SECONDAIRE","type":"secondaire","district_region":null,"departement_commune":null,"verifie":true,"name":"COLLEGE PRIVE SUPREME_SECONDAIRE","source":"Géoportail ANSTAT"}},{"type":"Feature","geometry":{"type":"Point","coordinates":[-7.45721999999995,7.37378300000006]},"properties":{"id":128448,"nom":"COLLEGE MODERNE TIENY -SIABLY_SECONDAIRE","type":"secondaire","district_region":null,"departement_commune":null,"verifie":true,"name":"COLLEGE MODERNE TIENY -SIABLY_SECONDAIRE","source":"Géoportail ANSTAT"}},{"type":"Feature","geometry":{"type":"Point","coordinates":[-7.342290999999932,7.372845000000041]},"properties":{"id":128449,"nom":"COLLEGE PRIVE YOUEDEHI DE SIAMBLY_SECONDAIRE","type":"secondaire","district_region":null,"departement_commune":null,"verifie":true,"name":"COLLEGE PRIVE YOUEDEHI DE SIAMBLY_SECONDAIRE","source":"Géoportail ANSTAT"}},{"type":"Feature","geometry":{"type":"Point","coordinates":[-7.342014999999947,7.372689000000037]},"properties":{"id":128450,"nom":"COLLEGE PRIVE LAREUSSITE DE FACOBLY_SECONDAIRE","type":"secondaire","district_region":null,"departement_commune":null,"verifie":true,"name":"COLLEGE PRIVE LAREUSSITE DE FACOBLY_SECONDAIRE","source":"Géoportail ANSTAT"}},{"type":"Feature","geometry":{"type":"Point","coordinates":[-7.455644999999947,7.372407000000067]},"properties":{"id":128451,"nom":"COLLEGE PRIVE DESIRE SEU DE TIENY SIABLY_SECONDAIRE","type":"secondaire","district_region":null,"departement_commune":null,"verifie":true,"name":"COLLEGE PRIVE DESIRE SEU DE TIENY SIABLY_SECONDAIRE","source":"Géoportail ANSTAT"}},{"type":"Feature","geometry":{"type":"Point","coordinates":[-7.213722999999959,7.371745000000033]},"properties":{"id":128452,"nom":"COLLEGE PRIVE NAGUE SOUCOU DE KASSIAPLEU_SECONDAIRE","type":"secondaire","district_region":null,"departement_commune":null,"verifie":true,"name":"COLLEGE PRIVE NAGUE SOUCOU DE KASSIAPLEU_SECONDAIRE","source":"Géoportail ANSTAT"}},{"type":"Feature","geometry":{"type":"Point","coordinates":[-6.486082999999951,7.371383000000037]},"properties":{"id":128453,"nom":"COLLEGE PRIVE JEUNES FILLES DE VAVOUA_SECONDAIRE","type":"secondaire","district_region":null,"departement_commune":null,"verifie":true,"name":"COLLEGE PRIVE JEUNES FILLES DE VAVOUA_SECONDAIRE","source":"Géoportail ANSTAT"}},{"type":"Feature","geometry":{"type":"Point","coordinates":[-6.490774999999928,7.370468000000074]},"properties":{"id":128454,"nom":"COLLEGE PRIVE BERTIN GOLE DE VAVOUA_SECONDAIRE","type":"secondaire","district_region":null,"departement_commune":null,"verifie":true,"name":"COLLEGE PRIVE BERTIN GOLE DE VAVOUA_SECONDAIRE","source":"Géoportail ANSTAT"}},{"type":"Feature","geometry":{"type":"Point","coordinates":[-6.479169999999954,7.369985000000042]},"properties":{"id":128455,"nom":"COLLEGE LEON GONTRAN DAMAS VAVOUA_SECONDAIRE","type":"secondaire","district_region":null,"departement_commune":null,"verifie":true,"name":"COLLEGE LEON GONTRAN DAMAS VAVOUA_SECONDAIRE","source":"Géoportail ANSTAT"}},{"type":"Feature","geometry":{"type":"Point","coordinates":[-7.20393299999995,7.366003000000035]},"properties":{"id":128456,"nom":"COLLEGE PRIVE MONT TIA DE POMBLY_SECONDAIRE","type":"secondaire","district_region":null,"departement_commune":null,"verifie":true,"name":"COLLEGE PRIVE MONT TIA DE POMBLY_SECONDAIRE","source":"Géoportail ANSTAT"}},{"type":"Feature","geometry":{"type":"Point","coordinates":[-7.899740999999949,7.363900000000058]},"properties":{"id":128457,"nom":"COLLEGE D EXCELLENCE NANDOWA_SECONDAIRE","type":"secondaire","district_region":null,"departement_commune":null,"verifie":true,"name":"COLLEGE D EXCELLENCE NANDOWA_SECONDAIRE","source":"Géoportail ANSTAT"}},{"type":"Feature","geometry":{"type":"Point","coordinates":[-7.225679999999954,7.36177600000002]},"properties":{"id":128458,"nom":"COLLEGE PRIVE DESIRE SEU 2 DE POMBLY_SECONDAIRE","type":"secondaire","district_region":null,"departement_commune":null,"verifie":true,"name":"COLLEGE PRIVE DESIRE SEU 2 DE POMBLY_SECONDAIRE","source":"Géoportail ANSTAT"}},{"type":"Feature","geometry":{"type":"Point","coordinates":[-6.479999999999961,7.36000000000007]},"properties":{"id":128459,"nom":"COLLEGE LA LOBO VAVOUA_SECONDAIRE","type":"secondaire","district_region":null,"departement_commune":null,"verifie":true,"name":"COLLEGE LA LOBO VAVOUA_SECONDAIRE","source":"Géoportail ANSTAT"}},{"type":"Feature","geometry":{"type":"Point","coordinates":[-6.483863999999926,7.359330000000057]},"properties":{"id":128460,"nom":"COLLEGE PRIVE BADAOUDA / VAVOUA_SECONDAIRE","type":"secondaire","district_region":null,"departement_commune":null,"verifie":true,"name":"COLLEGE PRIVE BADAOUDA / VAVOUA_SECONDAIRE","source":"Géoportail ANSTAT"}},{"type":"Feature","geometry":{"type":"Point","coordinates":[-6.483104999999966,7.358035000000029]},"properties":{"id":128461,"nom":"COLLEGE DOUMBIA ISSIAKA VAVOUA_SECONDAIRE","type":"secondaire","district_region":null,"departement_commune":null,"verifie":true,"name":"COLLEGE DOUMBIA ISSIAKA VAVOUA_SECONDAIRE","source":"Géoportail ANSTAT"}},{"type":"Feature","geometry":{"type":"Point","coordinates":[-6.583039999999926,7.358020000000067]},"properties":{"id":128462,"nom":"COLLEGE PRIVE KAYELI_SECONDAIRE","type":"secondaire","district_region":null,"departement_commune":null,"verifie":true,"name":"COLLEGE PRIVE KAYELI_SECONDAIRE","source":"Géoportail ANSTAT"}},{"type":"Feature","geometry":{"type":"Point","coordinates":[-3.999999999999943,7.357395000000054]},"properties":{"id":128463,"nom":"COLLEGE PRIVE LA BONNE SEMENCE DE KOUASSI-KOUASSIKRO_SECONDAIRE","type":"secondaire","district_region":null,"departement_commune":null,"verifie":true,"name":"COLLEGE PRIVE LA BONNE SEMENCE DE KOUASSI-KOUASSIKRO_SECONDAIRE","source":"Géoportail ANSTAT"}},{"type":"Feature","geometry":{"type":"Point","coordinates":[-7.378178999999932,7.355494000000022]},"properties":{"id":128464,"nom":"COLLEGE MODERNE DE TIESSAN_SECONDAIRE","type":"secondaire","district_region":null,"departement_commune":null,"verifie":true,"name":"COLLEGE MODERNE DE TIESSAN_SECONDAIRE","source":"Géoportail ANSTAT"}},{"type":"Feature","geometry":{"type":"Point","coordinates":[-6.482199999999978,7.354800000000068]},"properties":{"id":128465,"nom":"COLLEGE PRIVE L EPERLAN VAVOUA_SECONDAIRE","type":"secondaire","district_region":null,"departement_commune":null,"verifie":true,"name":"COLLEGE PRIVE L EPERLAN VAVOUA_SECONDAIRE","source":"Géoportail ANSTAT"}},{"type":"Feature","geometry":{"type":"Point","coordinates":[-7.307267999999965,7.354494000000045]},"properties":{"id":128466,"nom":"COLLEGE PRIVE LES PRINCES DE SOAKPE-DOUEDY_SECONDAIRE","type":"secondaire","district_region":null,"departement_commune":null,"verifie":true,"name":"COLLEGE PRIVE LES PRINCES DE SOAKPE-DOUEDY_SECONDAIRE","source":"Géoportail ANSTAT"}},{"type":"Feature","geometry":{"type":"Point","coordinates":[-4.680784999999958,7.354012000000068]},"properties":{"id":128467,"nom":"COLLEGE ARCHANGE DE KOUASSI-KOUASSIKRO_SECONDAIRE","type":"secondaire","district_region":null,"departement_commune":null,"verifie":true,"name":"COLLEGE ARCHANGE DE KOUASSI-KOUASSIKRO_SECONDAIRE","source":"Géoportail ANSTAT"}},{"type":"Feature","geometry":{"type":"Point","coordinates":[-4.67726799999997,7.351972000000046]},"properties":{"id":128468,"nom":"LYCEE MODERNE KOUASSI-KOUASSIKRO_SECONDAIRE","type":"secondaire","district_region":null,"departement_commune":null,"verifie":true,"name":"LYCEE MODERNE KOUASSI-KOUASSIKRO_SECONDAIRE","source":"Géoportail ANSTAT"}},{"type":"Feature","geometry":{"type":"Point","coordinates":[-6.477461999999946,7.350846000000047]},"properties":{"id":128469,"nom":"COLLEGE PRIVE ENERGIE DE VAVOUA_SECONDAIRE","type":"secondaire","district_region":null,"departement_commune":null,"verifie":true,"name":"COLLEGE PRIVE ENERGIE DE VAVOUA_SECONDAIRE","source":"Géoportail ANSTAT"}},{"type":"Feature","geometry":{"type":"Point","coordinates":[-7.645375999999942,7.350640000000055]},"properties":{"id":128470,"nom":"COLLEGE PRIVE BHOGU DE BOGOUINE2_SECONDAIRE","type":"secondaire","district_region":null,"departement_commune":null,"verifie":true,"name":"COLLEGE PRIVE BHOGU DE BOGOUINE2_SECONDAIRE","source":"Géoportail ANSTAT"}},{"type":"Feature","geometry":{"type":"Point","coordinates":[-3.209376999999961,7.350072000000068]},"properties":{"id":128471,"nom":"COLLEGE PRIVE PERE HUBERT DE TANKESSE_SECONDAIRE","type":"secondaire","district_region":null,"departement_commune":null,"verifie":true,"name":"COLLEGE PRIVE PERE HUBERT DE TANKESSE_SECONDAIRE","source":"Géoportail ANSTAT"}},{"type":"Feature","geometry":{"type":"Point","coordinates":[-5.595485999999937,7.350041000000033]},"properties":{"id":128472,"nom":"COLLEGE PRIVE LA MATIERE GRISE DE SRAN BELAKRO_SECONDAIRE","type":"secondaire","district_region":null,"departement_commune":null,"verifie":true,"name":"COLLEGE PRIVE LA MATIERE GRISE DE SRAN BELAKRO_SECONDAIRE","source":"Géoportail ANSTAT"}},{"type":"Feature","geometry":{"type":"Point","coordinates":[-5.102499999999964,7.345630000000028]},"properties":{"id":128473,"nom":"COLLEGE MODERNE DE DIBRI-ASRIKRO_SECONDAIRE","type":"secondaire","district_region":null,"departement_commune":null,"verifie":true,"name":"COLLEGE MODERNE DE DIBRI-ASRIKRO_SECONDAIRE","source":"Géoportail ANSTAT"}},{"type":"Feature","geometry":{"type":"Point","coordinates":[-5.26090499999998,7.344656000000043]},"properties":{"id":128474,"nom":"COLLEGE MODERNE D ALLOKO-DJEKRO_SECONDAIRE","type":"secondaire","district_region":null,"departement_commune":null,"verifie":true,"name":"COLLEGE MODERNE D ALLOKO-DJEKRO_SECONDAIRE","source":"Géoportail ANSTAT"}},{"type":"Feature","geometry":{"type":"Point","coordinates":[-3.202978999999971,7.344224000000054]},"properties":{"id":128475,"nom":"COLLEGE MUVEP TANKESSE_SECONDAIRE","type":"secondaire","district_region":null,"departement_commune":null,"verifie":true,"name":"COLLEGE MUVEP TANKESSE_SECONDAIRE","source":"Géoportail ANSTAT"}},{"type":"Feature","geometry":{"type":"Point","coordinates":[-3.210447999999928,7.338171000000045]},"properties":{"id":128476,"nom":"COLLEGE PRIVE MUPEA DE TANKESSE_SECONDAIRE","type":"secondaire","district_region":null,"departement_commune":null,"verifie":true,"name":"COLLEGE PRIVE MUPEA DE TANKESSE_SECONDAIRE","source":"Géoportail ANSTAT"}},{"type":"Feature","geometry":{"type":"Point","coordinates":[-3.208031999999946,7.33600000000007]},"properties":{"id":128477,"nom":"LYCEE MODERNE DE TANKESSE_SECONDAIRE","type":"secondaire","district_region":null,"departement_commune":null,"verifie":true,"name":"LYCEE MODERNE DE TANKESSE_SECONDAIRE","source":"Géoportail ANSTAT"}},{"type":"Feature","geometry":{"type":"Point","coordinates":[-7.24336999999997,7.335690000000056]},"properties":{"id":128478,"nom":"COLLEGE CATHOLIQUE JEAN DE LA MENNAIS_SECONDAIRE","type":"secondaire","district_region":null,"departement_commune":null,"verifie":true,"name":"COLLEGE CATHOLIQUE JEAN DE LA MENNAIS_SECONDAIRE","source":"Géoportail ANSTAT"}},{"type":"Feature","geometry":{"type":"Point","coordinates":[-7.665736999999979,7.335365000000024]},"properties":{"id":128479,"nom":"COLLEGE MODERNE DE GBANGBEGOUINE YATI_SECONDAIRE","type":"secondaire","district_region":null,"departement_commune":null,"verifie":true,"name":"COLLEGE MODERNE DE GBANGBEGOUINE YATI_SECONDAIRE","source":"Géoportail ANSTAT"}},{"type":"Feature","geometry":{"type":"Point","coordinates":[-7.252119999999934,7.333690000000047]},"properties":{"id":128480,"nom":"COLLEGE MODERNE DROH SASSAH DE BLAPLEU_SECONDAIRE","type":"secondaire","district_region":null,"departement_commune":null,"verifie":true,"name":"COLLEGE MODERNE DROH SASSAH DE BLAPLEU_SECONDAIRE","source":"Géoportail ANSTAT"}},{"type":"Feature","geometry":{"type":"Point","coordinates":[-7.211066999999957,7.330320000000029]},"properties":{"id":128481,"nom":"COLLEGE MODERNE DE OUYABLY GNONDROU_SECONDAIRE","type":"secondaire","district_region":null,"departement_commune":null,"verifie":true,"name":"COLLEGE MODERNE DE OUYABLY GNONDROU_SECONDAIRE","source":"Géoportail ANSTAT"}},{"type":"Feature","geometry":{"type":"Point","coordinates":[-7.681541999999979,7.328037000000052]},"properties":{"id":128482,"nom":"COLLEGE PRIVE TOCETAH DE GBANGBEGOUINE -YATI_SECONDAIRE","type":"secondaire","district_region":null,"departement_commune":null,"verifie":true,"name":"COLLEGE PRIVE TOCETAH DE GBANGBEGOUINE -YATI_SECONDAIRE","source":"Géoportail ANSTAT"}},{"type":"Feature","geometry":{"type":"Point","coordinates":[-6.211009999999931,7.325388000000032]},"properties":{"id":128483,"nom":"COLELGE MODERNE KANZRA_SECONDAIRE","type":"secondaire","district_region":null,"departement_commune":null,"verifie":true,"name":"COLELGE MODERNE KANZRA_SECONDAIRE","source":"Géoportail ANSTAT"}},{"type":"Feature","geometry":{"type":"Point","coordinates":[-6.210286999999937,7.323902000000032]},"properties":{"id":128484,"nom":"COLLEGE PRIVE NEW ARCHANGES DE KANZRA_SECONDAIRE","type":"secondaire","district_region":null,"departement_commune":null,"verifie":true,"name":"COLLEGE PRIVE NEW ARCHANGES DE KANZRA_SECONDAIRE","source":"Géoportail ANSTAT"}},{"type":"Feature","geometry":{"type":"Point","coordinates":[-6.714953999999977,7.323695000000043]},"properties":{"id":128485,"nom":"COLLEGE PRIVE LE SETIS DE YOREDOULA_SECONDAIRE","type":"secondaire","district_region":null,"departement_commune":null,"verifie":true,"name":"COLLEGE PRIVE LE SETIS DE YOREDOULA_SECONDAIRE","source":"Géoportail ANSTAT"}},{"type":"Feature","geometry":{"type":"Point","coordinates":[-4.988096999999925,7.318661000000077]},"properties":{"id":128486,"nom":"COLLEGE  MODERNE  N GUYAKRO_SECONDAIRE","type":"secondaire","district_region":null,"departement_commune":null,"verifie":true,"name":"COLLEGE  MODERNE  N GUYAKRO_SECONDAIRE","source":"Géoportail ANSTAT"}},{"type":"Feature","geometry":{"type":"Point","coordinates":[-5.128570999999965,7.318113000000039]},"properties":{"id":128487,"nom":"COLLEGE MODERNE MAITRE KONAN YAHAUT THEODORE DE KONGONOU_SECONDAIRE","type":"secondaire","district_region":null,"departement_commune":null,"verifie":true,"name":"COLLEGE MODERNE MAITRE KONAN YAHAUT THEODORE DE KONGONOU_SECONDAIRE","source":"Géoportail ANSTAT"}},{"type":"Feature","geometry":{"type":"Point","coordinates":[-6.224719999999934,7.316502000000071]},"properties":{"id":128488,"nom":"COLLEGE PRIVE LA PROVIDENCE DE NENEZRA_SECONDAIRE","type":"secondaire","district_region":null,"departement_commune":null,"verifie":true,"name":"COLLEGE PRIVE LA PROVIDENCE DE NENEZRA_SECONDAIRE","source":"Géoportail ANSTAT"}},{"type":"Feature","geometry":{"type":"Point","coordinates":[-6.483348999999976,7.314812000000074]},"properties":{"id":128489,"nom":"COLLEGE PRIVE MA TIGANE VAVOUA_SECONDAIRE","type":"secondaire","district_region":null,"departement_commune":null,"verifie":true,"name":"COLLEGE PRIVE MA TIGANE VAVOUA_SECONDAIRE","source":"Géoportail ANSTAT"}},{"type":"Feature","geometry":{"type":"Point","coordinates":[-7.509999999999934,7.310000000000059]},"properties":{"id":128490,"nom":"COLLEGE MODERNE DOUAN JOSEPH DE BLOLE_SECONDAIRE","type":"secondaire","district_region":null,"departement_commune":null,"verifie":true,"name":"COLLEGE MODERNE DOUAN JOSEPH DE BLOLE_SECONDAIRE","source":"Géoportail ANSTAT"}},{"type":"Feature","geometry":{"type":"Point","coordinates":[-7.124999999999943,7.310000000000059]},"properties":{"id":128491,"nom":"COLLEGE PRIVE MAINKEU JONAS DE LOGOUALE_SECONDAIRE","type":"secondaire","district_region":null,"departement_commune":null,"verifie":true,"name":"COLLEGE PRIVE MAINKEU JONAS DE LOGOUALE_SECONDAIRE","source":"Géoportail ANSTAT"}},{"type":"Feature","geometry":{"type":"Point","coordinates":[-7.452707999999973,7.305079000000035]},"properties":{"id":128492,"nom":"COLLEGE PRIVE KOUHON FINIMAN DE NIDROU_SECONDAIRE","type":"secondaire","district_region":null,"departement_commune":null,"verifie":true,"name":"COLLEGE PRIVE KOUHON FINIMAN DE NIDROU_SECONDAIRE","source":"Géoportail ANSTAT"}},{"type":"Feature","geometry":{"type":"Point","coordinates":[-4.019027999999935,7.30196600000005]},"properties":{"id":128493,"nom":"COLLEGE ETRAMPHET  DE OUELLE_SECONDAIRE","type":"secondaire","district_region":null,"departement_commune":null,"verifie":true,"name":"COLLEGE ETRAMPHET  DE OUELLE_SECONDAIRE","source":"Géoportail ANSTAT"}},{"type":"Feature","geometry":{"type":"Point","coordinates":[-4.006858999999963,7.298568000000046]},"properties":{"id":128494,"nom":"COLLEGE PRIVE LE TEMPLE DU SAVOIR DE OUELLE_SECONDAIRE","type":"secondaire","district_region":null,"departement_commune":null,"verifie":true,"name":"COLLEGE PRIVE LE TEMPLE DU SAVOIR DE OUELLE_SECONDAIRE","source":"Géoportail ANSTAT"}},{"type":"Feature","geometry":{"type":"Point","coordinates":[-4.022073999999975,7.29384600000003]},"properties":{"id":128495,"nom":"COLLEGE PRIVE ENTENTE 21 OUELLE_SECONDAIRE","type":"secondaire","district_region":null,"departement_commune":null,"verifie":true,"name":"COLLEGE PRIVE ENTENTE 21 OUELLE_SECONDAIRE","source":"Géoportail ANSTAT"}},{"type":"Feature","geometry":{"type":"Point","coordinates":[-4.009937999999977,7.290513000000033]},"properties":{"id":128496,"nom":"INSTITUT SECONDAIRE AKOUNDAN OUELLE_SECONDAIRE","type":"secondaire","district_region":null,"departement_commune":null,"verifie":true,"name":"INSTITUT SECONDAIRE AKOUNDAN OUELLE_SECONDAIRE","source":"Géoportail ANSTAT"}},{"type":"Feature","geometry":{"type":"Point","coordinates":[-7.38956799999994,7.290410000000065]},"properties":{"id":128497,"nom":"COLLEGE MODERNE DE TOTRODROU_SECONDAIRE","type":"secondaire","district_region":null,"departement_commune":null,"verifie":true,"name":"COLLEGE MODERNE DE TOTRODROU_SECONDAIRE","source":"Géoportail ANSTAT"}},{"type":"Feature","geometry":{"type":"Point","coordinates":[-4.999999999999943,7.29000000000002]},"properties":{"id":128498,"nom":"LYCEE MODERNE ADRIEN KOUASSI TOLLAH OUELLE_SECONDAIRE","type":"secondaire","district_region":null,"departement_commune":null,"verifie":true,"name":"LYCEE MODERNE ADRIEN KOUASSI TOLLAH OUELLE_SECONDAIRE","source":"Géoportail ANSTAT"}},{"type":"Feature","geometry":{"type":"Point","coordinates":[-6.524141999999927,7.289971000000037]},"properties":{"id":128499,"nom":"COLLEGE PRIVE MOHAMED DE DANZERVILLE_SECONDAIRE","type":"secondaire","district_region":null,"departement_commune":null,"verifie":true,"name":"COLLEGE PRIVE MOHAMED DE DANZERVILLE_SECONDAIRE","source":"Géoportail ANSTAT"}},{"type":"Feature","geometry":{"type":"Point","coordinates":[-6.809679999999958,7.289901000000043]},"properties":{"id":128500,"nom":"COLLEGE PRIVE LES LEADERS PELEZI_SECONDAIRE","type":"secondaire","district_region":null,"departement_commune":null,"verifie":true,"name":"COLLEGE PRIVE LES LEADERS PELEZI_SECONDAIRE","source":"Géoportail ANSTAT"}},{"type":"Feature","geometry":{"type":"Point","coordinates":[-4.012411999999927,7.288310000000024]},"properties":{"id":128501,"nom":"COLLEGE PRIVE ISAO OUELLE_SECONDAIRE","type":"secondaire","district_region":null,"departement_commune":null,"verifie":true,"name":"COLLEGE PRIVE ISAO OUELLE_SECONDAIRE","source":"Géoportail ANSTAT"}},{"type":"Feature","geometry":{"type":"Point","coordinates":[-7.391778999999929,7.287877000000037]},"properties":{"id":128502,"nom":"COLLEGE PRIVE GEORGES NESSEMON DE TOTRODROU_SECONDAIRE","type":"secondaire","district_region":null,"departement_commune":null,"verifie":true,"name":"COLLEGE PRIVE GEORGES NESSEMON DE TOTRODROU_SECONDAIRE","source":"Géoportail ANSTAT"}},{"type":"Feature","geometry":{"type":"Point","coordinates":[-3.998624999999947,7.287707000000069]},"properties":{"id":128503,"nom":"COLLEGE PRIVE TECHNIQUE SEGBE KODI-OUELLE_SECONDAIRE","type":"secondaire","district_region":null,"departement_commune":null,"verifie":true,"name":"COLLEGE PRIVE TECHNIQUE SEGBE KODI-OUELLE_SECONDAIRE","source":"Géoportail ANSTAT"}},{"type":"Feature","geometry":{"type":"Point","coordinates":[-8.146469999999965,7.285300000000063]},"properties":{"id":128504,"nom":"COLLEGE PRIVE BARBARA WELLER_SECONDAIRE","type":"secondaire","district_region":null,"departement_commune":null,"verifie":true,"name":"COLLEGE PRIVE BARBARA WELLER_SECONDAIRE","source":"Géoportail ANSTAT"}},{"type":"Feature","geometry":{"type":"Point","coordinates":[-6.581305999999927,7.283254000000056]},"properties":{"id":128505,"nom":"COLLEGE PRIVE ZEBLI-ZAH DE DEDIAFLA/VAVOUA_SECONDAIRE","type":"secondaire","district_region":null,"departement_commune":null,"verifie":true,"name":"COLLEGE PRIVE ZEBLI-ZAH DE DEDIAFLA/VAVOUA_SECONDAIRE","source":"Géoportail ANSTAT"}},{"type":"Feature","geometry":{"type":"Point","coordinates":[-4.242482999999936,7.280232000000069]},"properties":{"id":128506,"nom":"COLLEGE PRIVE LA PERLE D ANANDA_SECONDAIRE","type":"secondaire","district_region":null,"departement_commune":null,"verifie":true,"name":"COLLEGE PRIVE LA PERLE D ANANDA_SECONDAIRE","source":"Géoportail ANSTAT"}},{"type":"Feature","geometry":{"type":"Point","coordinates":[-6.807222999999965,7.279833000000053]},"properties":{"id":128507,"nom":"COLLEGE NANAN AKOLOU PELEZI_SECONDAIRE","type":"secondaire","district_region":null,"departement_commune":null,"verifie":true,"name":"COLLEGE NANAN AKOLOU PELEZI_SECONDAIRE","source":"Géoportail ANSTAT"}},{"type":"Feature","geometry":{"type":"Point","coordinates":[-6.823468999999932,7.278155000000027]},"properties":{"id":128508,"nom":"COLLEGE PRIVE MUREP PELEZI_SECONDAIRE","type":"secondaire","district_region":null,"departement_commune":null,"verifie":true,"name":"COLLEGE PRIVE MUREP PELEZI_SECONDAIRE","source":"Géoportail ANSTAT"}},{"type":"Feature","geometry":{"type":"Point","coordinates":[-5.137489999999957,7.276775000000043]},"properties":{"id":128509,"nom":"COLLEGE PRIVE NDOLLI ALLA_SECONDAIRE","type":"secondaire","district_region":null,"departement_commune":null,"verifie":true,"name":"COLLEGE PRIVE NDOLLI ALLA_SECONDAIRE","source":"Géoportail ANSTAT"}},{"type":"Feature","geometry":{"type":"Point","coordinates":[-8.158499999999947,7.275050000000022]},"properties":{"id":128510,"nom":"COLLEGE MODERNE LA REFONDATION DANANE_SECONDAIRE","type":"secondaire","district_region":null,"departement_commune":null,"verifie":true,"name":"COLLEGE MODERNE LA REFONDATION DANANE_SECONDAIRE","source":"Géoportail ANSTAT"}},{"type":"Feature","geometry":{"type":"Point","coordinates":[-8.170409999999947,7.27502000000004]},"properties":{"id":128511,"nom":"COLLEGE PRIVE RENE MECASSON DANANE_SECONDAIRE","type":"secondaire","district_region":null,"departement_commune":null,"verifie":true,"name":"COLLEGE PRIVE RENE MECASSON DANANE_SECONDAIRE","source":"Géoportail ANSTAT"}},{"type":"Feature","geometry":{"type":"Point","coordinates":[-7.325925999999981,7.272504000000026]},"properties":{"id":128512,"nom":"COLLEGE PRIVE  GNONTINROU THERESE DE GUINGLO GUEZON_SECONDAIRE","type":"secondaire","district_region":null,"departement_commune":null,"verifie":true,"name":"COLLEGE PRIVE  GNONTINROU THERESE DE GUINGLO GUEZON_SECONDAIRE","source":"Géoportail ANSTAT"}},{"type":"Feature","geometry":{"type":"Point","coordinates":[-5.169999999999959,7.270000000000039]},"properties":{"id":128513,"nom":"LYCEE MODERNE PAUL AKOTO YAO DE SAKASSOU_SECONDAIRE","type":"secondaire","district_region":null,"departement_commune":null,"verifie":true,"name":"LYCEE MODERNE PAUL AKOTO YAO DE SAKASSOU_SECONDAIRE","source":"Géoportail ANSTAT"}},{"type":"Feature","geometry":{"type":"Point","coordinates":[-7.224009999999964,7.26926700000007]},"properties":{"id":128514,"nom":"COLLEGE PRIVE SOUA DENIS DE KOUIBLY_SECONDAIRE","type":"secondaire","district_region":null,"departement_commune":null,"verifie":true,"name":"COLLEGE PRIVE SOUA DENIS DE KOUIBLY_SECONDAIRE","source":"Géoportail ANSTAT"}},{"type":"Feature","geometry":{"type":"Point","coordinates":[-7.782849999999939,7.268790000000024]},"properties":{"id":128515,"nom":"COLLEGE PRIVE ABBY-GAELLE DE SANGOUINE_SECONDAIRE","type":"secondaire","district_region":null,"departement_commune":null,"verifie":true,"name":"COLLEGE PRIVE ABBY-GAELLE DE SANGOUINE_SECONDAIRE","source":"Géoportail ANSTAT"}},{"type":"Feature","geometry":{"type":"Point","coordinates":[-8.128529999999955,7.266990000000021]},"properties":{"id":128516,"nom":"COLLEGE PRIVE SANKHORE DANANE_SECONDAIRE","type":"secondaire","district_region":null,"departement_commune":null,"verifie":true,"name":"COLLEGE PRIVE SANKHORE DANANE_SECONDAIRE","source":"Géoportail ANSTAT"}},{"type":"Feature","geometry":{"type":"Point","coordinates":[-3.05699999999996,7.266670000000033]},"properties":{"id":128517,"nom":"COLLEGE MODERNE DE KOKOMIAN_SECONDAIRE","type":"secondaire","district_region":null,"departement_commune":null,"verifie":true,"name":"COLLEGE MODERNE DE KOKOMIAN_SECONDAIRE","source":"Géoportail ANSTAT"}},{"type":"Feature","geometry":{"type":"Point","coordinates":[-8.14671999999996,7.266480000000058]},"properties":{"id":128518,"nom":"LYCEE MODERNE ZINGBE MATHIAS DE DANANE_SECONDAIRE","type":"secondaire","district_region":null,"departement_commune":null,"verifie":true,"name":"LYCEE MODERNE ZINGBE MATHIAS DE DANANE_SECONDAIRE","source":"Géoportail ANSTAT"}},{"type":"Feature","geometry":{"type":"Point","coordinates":[-7.783898999999963,7.265207000000032]},"properties":{"id":128519,"nom":"COLLEGE PRIVE BLECHELOR DE SANGOUINE_SECONDAIRE","type":"secondaire","district_region":null,"departement_commune":null,"verifie":true,"name":"COLLEGE PRIVE BLECHELOR DE SANGOUINE_SECONDAIRE","source":"Géoportail ANSTAT"}},{"type":"Feature","geometry":{"type":"Point","coordinates":[-8.128599999999949,7.263460000000066]},"properties":{"id":128520,"nom":"COLLEGE PRIVE KWADEBA DANANE_SECONDAIRE","type":"secondaire","district_region":null,"departement_commune":null,"verifie":true,"name":"COLLEGE PRIVE KWADEBA DANANE_SECONDAIRE","source":"Géoportail ANSTAT"}},{"type":"Feature","geometry":{"type":"Point","coordinates":[-5.174715999999933,7.26339100000007]},"properties":{"id":128521,"nom":"COLLEGE PRIVE KOFFI MALAWA SAKASSOU_SECONDAIRE","type":"secondaire","district_region":null,"departement_commune":null,"verifie":true,"name":"COLLEGE PRIVE KOFFI MALAWA SAKASSOU_SECONDAIRE","source":"Géoportail ANSTAT"}},{"type":"Feature","geometry":{"type":"Point","coordinates":[-7.240100999999981,7.262144000000035]},"properties":{"id":128522,"nom":"COLLEGE PRIVE TAHA FATIM DE KOUIBLY_SECONDAIRE","type":"secondaire","district_region":null,"departement_commune":null,"verifie":true,"name":"COLLEGE PRIVE TAHA FATIM DE KOUIBLY_SECONDAIRE","source":"Géoportail ANSTAT"}},{"type":"Feature","geometry":{"type":"Point","coordinates":[-6.251454999999964,7.261838000000068]},"properties":{"id":128523,"nom":"COLLEGE PRIVE LE SEQUOIA_SECONDAIRE","type":"secondaire","district_region":null,"departement_commune":null,"verifie":true,"name":"COLLEGE PRIVE LE SEQUOIA_SECONDAIRE","source":"Géoportail ANSTAT"}},{"type":"Feature","geometry":{"type":"Point","coordinates":[-3.766362999999956,7.260256000000027]},"properties":{"id":128524,"nom":"COLLEGE MODERNE  ETTROKRO_SECONDAIRE","type":"secondaire","district_region":null,"departement_commune":null,"verifie":true,"name":"COLLEGE MODERNE  ETTROKRO_SECONDAIRE","source":"Géoportail ANSTAT"}},{"type":"Feature","geometry":{"type":"Point","coordinates":[-7.229918999999938,7.259687000000042]},"properties":{"id":128525,"nom":"LYCEE MODERNE BAD KOUIBLY_SECONDAIRE","type":"secondaire","district_region":null,"departement_commune":null,"verifie":true,"name":"LYCEE MODERNE BAD KOUIBLY_SECONDAIRE","source":"Géoportail ANSTAT"}},{"type":"Feature","geometry":{"type":"Point","coordinates":[-3.757999999999925,7.257300000000043]},"properties":{"id":128526,"nom":"COLLEGE PRIVE JOSE MARIA ESCRIVA_SECONDAIRE","type":"secondaire","district_region":null,"departement_commune":null,"verifie":true,"name":"COLLEGE PRIVE JOSE MARIA ESCRIVA_SECONDAIRE","source":"Géoportail ANSTAT"}},{"type":"Feature","geometry":{"type":"Point","coordinates":[-3.767915999999957,7.256313000000034]},"properties":{"id":128527,"nom":"COLLEGE PRIVE MIRELLA D ETTROKRO_SECONDAIRE","type":"secondaire","district_region":null,"departement_commune":null,"verifie":true,"name":"COLLEGE PRIVE MIRELLA D ETTROKRO_SECONDAIRE","source":"Géoportail ANSTAT"}},{"type":"Feature","geometry":{"type":"Point","coordinates":[-7.362221999999974,7.252822000000037]},"properties":{"id":128528,"nom":"COLLEGE MODERNE DE MANGOUIN-YRONGOUIN_SECONDAIRE","type":"secondaire","district_region":null,"departement_commune":null,"verifie":true,"name":"COLLEGE MODERNE DE MANGOUIN-YRONGOUIN_SECONDAIRE","source":"Géoportail ANSTAT"}},{"type":"Feature","geometry":{"type":"Point","coordinates":[-7.240106999999966,7.252785000000074]},"properties":{"id":128529,"nom":"COLLEGE SAINT MATH-LEGRAND KOUIBLY_SECONDAIRE","type":"secondaire","district_region":null,"departement_commune":null,"verifie":true,"name":"COLLEGE SAINT MATH-LEGRAND KOUIBLY_SECONDAIRE","source":"Géoportail ANSTAT"}},{"type":"Feature","geometry":{"type":"Point","coordinates":[-7.243519999999933,7.251972000000023]},"properties":{"id":128530,"nom":"COLLEGE PRIVE OULAYE MATHURIN DE KOUIBLY_SECONDAIRE","type":"secondaire","district_region":null,"departement_commune":null,"verifie":true,"name":"COLLEGE PRIVE OULAYE MATHURIN DE KOUIBLY_SECONDAIRE","source":"Géoportail ANSTAT"}},{"type":"Feature","geometry":{"type":"Point","coordinates":[-5.843713999999977,7.250444000000073]},"properties":{"id":128531,"nom":"COLLEGE PRIVE L\"INTELLIGENT DE BOUAFLA_SECONDAIRE","type":"secondaire","district_region":null,"departement_commune":null,"verifie":true,"name":"COLLEGE PRIVE L\"INTELLIGENT DE BOUAFLA_SECONDAIRE","source":"Géoportail ANSTAT"}},{"type":"Feature","geometry":{"type":"Point","coordinates":[-8.154999999999973,7.250000000000057]},"properties":{"id":128532,"nom":"COLLEGE MODERNE DALEU_SECONDAIRE","type":"secondaire","district_region":null,"departement_commune":null,"verifie":true,"name":"COLLEGE MODERNE DALEU_SECONDAIRE","source":"Géoportail ANSTAT"}},{"type":"Feature","geometry":{"type":"Point","coordinates":[-8.142559999999946,7.249630000000025]},"properties":{"id":128533,"nom":"COLLEGE FLAVI DANANE_SECONDAIRE","type":"secondaire","district_region":null,"departement_commune":null,"verifie":true,"name":"COLLEGE FLAVI DANANE_SECONDAIRE","source":"Géoportail ANSTAT"}},{"type":"Feature","geometry":{"type":"Point","coordinates":[-7.245135999999945,7.247295000000065]},"properties":{"id":128534,"nom":"COLLEGE PRIVE POHESSON DE KOUIBLY_SECONDAIRE","type":"secondaire","district_region":null,"departement_commune":null,"verifie":true,"name":"COLLEGE PRIVE POHESSON DE KOUIBLY_SECONDAIRE","source":"Géoportail ANSTAT"}},{"type":"Feature","geometry":{"type":"Point","coordinates":[-7.097560999999928,7.245818000000043]},"properties":{"id":128535,"nom":"COLLEGE PRIVE GONDO GEORGES DE PIEBLY_SECONDAIRE","type":"secondaire","district_region":null,"departement_commune":null,"verifie":true,"name":"COLLEGE PRIVE GONDO GEORGES DE PIEBLY_SECONDAIRE","source":"Géoportail ANSTAT"}},{"type":"Feature","geometry":{"type":"Point","coordinates":[-7.644835999999941,7.24345500000004]},"properties":{"id":128536,"nom":"COLLEGE MODERNE DE GOUEKANGOUINE_SECONDAIRE","type":"secondaire","district_region":null,"departement_commune":null,"verifie":true,"name":"COLLEGE MODERNE DE GOUEKANGOUINE_SECONDAIRE","source":"Géoportail ANSTAT"}},{"type":"Feature","geometry":{"type":"Point","coordinates":[-7.305806999999959,7.242089000000021]},"properties":{"id":128537,"nom":"COLLEGE PRIVE LE TEMPLE DU SAVOIR/ MAN_SECONDAIRE","type":"secondaire","district_region":null,"departement_commune":null,"verifie":true,"name":"COLLEGE PRIVE LE TEMPLE DU SAVOIR/ MAN_SECONDAIRE","source":"Géoportail ANSTAT"}},{"type":"Feature","geometry":{"type":"Point","coordinates":[-7.331908999999939,7.240134000000069]},"properties":{"id":128538,"nom":"COLLEGE MODERNE KOBENAN KOUASSI ADJOUMANI DE TOUANDROU-GBEAN_SECONDAIRE","type":"secondaire","district_region":null,"departement_commune":null,"verifie":true,"name":"COLLEGE MODERNE KOBENAN KOUASSI ADJOUMANI DE TOUANDROU-GBEAN_SECONDAIRE","source":"Géoportail ANSTAT"}},{"type":"Feature","geometry":{"type":"Point","coordinates":[-8.150409999999965,7.238450000000057]},"properties":{"id":128539,"nom":"LYCEE MODERNE DROH BIEU DANANE_SECONDAIRE","type":"secondaire","district_region":null,"departement_commune":null,"verifie":true,"name":"LYCEE MODERNE DROH BIEU DANANE_SECONDAIRE","source":"Géoportail ANSTAT"}},{"type":"Feature","geometry":{"type":"Point","coordinates":[-6.479604999999935,7.237144000000058]},"properties":{"id":128540,"nom":"COLLEGE PRIVE LA DESTINEE DE BAHOULIFLA_SECONDAIRE","type":"secondaire","district_region":null,"departement_commune":null,"verifie":true,"name":"COLLEGE PRIVE LA DESTINEE DE BAHOULIFLA_SECONDAIRE","source":"Géoportail ANSTAT"}},{"type":"Feature","geometry":{"type":"Point","coordinates":[-8.292484999999942,7.235076000000049]},"properties":{"id":128541,"nom":"COLLEGE MODERNE DE GOUTRO_SECONDAIRE","type":"secondaire","district_region":null,"departement_commune":null,"verifie":true,"name":"COLLEGE MODERNE DE GOUTRO_SECONDAIRE","source":"Géoportail ANSTAT"}},{"type":"Feature","geometry":{"type":"Point","coordinates":[-8.168882999999937,7.233882000000051]},"properties":{"id":128542,"nom":"COLLEGE PRIVE LES PRINCES DE DIEU DANANE_SECONDAIRE","type":"secondaire","district_region":null,"departement_commune":null,"verifie":true,"name":"COLLEGE PRIVE LES PRINCES DE DIEU DANANE_SECONDAIRE","source":"Géoportail ANSTAT"}},{"type":"Feature","geometry":{"type":"Point","coordinates":[-7.949039999999968,7.233336000000065]},"properties":{"id":128543,"nom":"COLLEGE PRIVE DON DE DIEU DE MAHAPLEU_SECONDAIRE","type":"secondaire","district_region":null,"departement_commune":null,"verifie":true,"name":"COLLEGE PRIVE DON DE DIEU DE MAHAPLEU_SECONDAIRE","source":"Géoportail ANSTAT"}},{"type":"Feature","geometry":{"type":"Point","coordinates":[-6.482719999999972,7.233282000000031]},"properties":{"id":128544,"nom":"COLLEGE PRIVE PIPEGALO DE BAHOULIFLA_SECONDAIRE","type":"secondaire","district_region":null,"departement_commune":null,"verifie":true,"name":"COLLEGE PRIVE PIPEGALO DE BAHOULIFLA_SECONDAIRE","source":"Géoportail ANSTAT"}},{"type":"Feature","geometry":{"type":"Point","coordinates":[-7.23212099999995,7.23255800000004]},"properties":{"id":128545,"nom":"COLLEGE PRIVE OHOLIAB DE ZIOGOUINE_SECONDAIRE","type":"secondaire","district_region":null,"departement_commune":null,"verifie":true,"name":"COLLEGE PRIVE OHOLIAB DE ZIOGOUINE_SECONDAIRE","source":"Géoportail ANSTAT"}},{"type":"Feature","geometry":{"type":"Point","coordinates":[-6.223934999999926,7.232150000000047]},"properties":{"id":128546,"nom":"COLLEGE PRIVE LES ALLIANCES DE NIZAHON_SECONDAIRE","type":"secondaire","district_region":null,"departement_commune":null,"verifie":true,"name":"COLLEGE PRIVE LES ALLIANCES DE NIZAHON_SECONDAIRE","source":"Géoportail ANSTAT"}},{"type":"Feature","geometry":{"type":"Point","coordinates":[-7.211513999999966,7.232121000000063]},"properties":{"id":128547,"nom":"COLLEGE SUNGA DE GOGNAN MAN_SECONDAIRE","type":"secondaire","district_region":null,"departement_commune":null,"verifie":true,"name":"COLLEGE SUNGA DE GOGNAN MAN_SECONDAIRE","source":"Géoportail ANSTAT"}},{"type":"Feature","geometry":{"type":"Point","coordinates":[-6.469130999999948,7.228979000000038]},"properties":{"id":128548,"nom":"COLLEGE PRIVE NATCHEZHE DE BAHOULIFLA_SECONDAIRE","type":"secondaire","district_region":null,"departement_commune":null,"verifie":true,"name":"COLLEGE PRIVE NATCHEZHE DE BAHOULIFLA_SECONDAIRE","source":"Géoportail ANSTAT"}},{"type":"Feature","geometry":{"type":"Point","coordinates":[-6.476368999999977,7.227926000000025]},"properties":{"id":128549,"nom":"COLLEGE PRIVE PENIEL DE BAHOULIFLA_SECONDAIRE","type":"secondaire","district_region":null,"departement_commune":null,"verifie":true,"name":"COLLEGE PRIVE PENIEL DE BAHOULIFLA_SECONDAIRE","source":"Géoportail ANSTAT"}},{"type":"Feature","geometry":{"type":"Point","coordinates":[-7.944459999999935,7.226130000000069]},"properties":{"id":128550,"nom":"COLLEGE PRIVE LE CAVALLY DE MAHAPLEU_SECONDAIRE","type":"secondaire","district_region":null,"departement_commune":null,"verifie":true,"name":"COLLEGE PRIVE LE CAVALLY DE MAHAPLEU_SECONDAIRE","source":"Géoportail ANSTAT"}},{"type":"Feature","geometry":{"type":"Point","coordinates":[-7.334697999999946,7.225422000000037]},"properties":{"id":128551,"nom":"COLLEGE PRIVE LES CASCADES DE MAN_SECONDAIRE","type":"secondaire","district_region":null,"departement_commune":null,"verifie":true,"name":"COLLEGE PRIVE LES CASCADES DE MAN_SECONDAIRE","source":"Géoportail ANSTAT"}},{"type":"Feature","geometry":{"type":"Point","coordinates":[-7.936729999999955,7.223510000000033]},"properties":{"id":128552,"nom":"COLLEGE PRIVE EMMAUS DE MAHAPLEU_SECONDAIRE","type":"secondaire","district_region":null,"departement_commune":null,"verifie":true,"name":"COLLEGE PRIVE EMMAUS DE MAHAPLEU_SECONDAIRE","source":"Géoportail ANSTAT"}},{"type":"Feature","geometry":{"type":"Point","coordinates":[-6.832757999999956,7.221974000000046]},"properties":{"id":128553,"nom":"COLLEGE PRIVE LES ELITES DE YROZON_SECONDAIRE","type":"secondaire","district_region":null,"departement_commune":null,"verifie":true,"name":"COLLEGE PRIVE LES ELITES DE YROZON_SECONDAIRE","source":"Géoportail ANSTAT"}},{"type":"Feature","geometry":{"type":"Point","coordinates":[-3.07502599999998,7.219582000000059]},"properties":{"id":128554,"nom":"COLLEGE MODERNE DE TIENKOIKRO_SECONDAIRE","type":"secondaire","district_region":null,"departement_commune":null,"verifie":true,"name":"COLLEGE MODERNE DE TIENKOIKRO_SECONDAIRE","source":"Géoportail ANSTAT"}},{"type":"Feature","geometry":{"type":"Point","coordinates":[-6.178300999999976,7.21794600000004]},"properties":{"id":128555,"nom":"COLLEGE LES VAINQUEURS KOUHON DE BEDIALA_SECONDAIRE","type":"secondaire","district_region":null,"departement_commune":null,"verifie":true,"name":"COLLEGE LES VAINQUEURS KOUHON DE BEDIALA_SECONDAIRE","source":"Géoportail ANSTAT"}},{"type":"Feature","geometry":{"type":"Point","coordinates":[-7.910759999999925,7.21688000000006]},"properties":{"id":128556,"nom":"COLLEGE MODERNE KPAN TONGA DE MAHAPLEU_SECONDAIRE","type":"secondaire","district_region":null,"departement_commune":null,"verifie":true,"name":"COLLEGE MODERNE KPAN TONGA DE MAHAPLEU_SECONDAIRE","source":"Géoportail ANSTAT"}},{"type":"Feature","geometry":{"type":"Point","coordinates":[-4.813972999999976,7.215238000000056]},"properties":{"id":128557,"nom":"COLLEGE MODERNE BOLI_SECONDAIRE","type":"secondaire","district_region":null,"departement_commune":null,"verifie":true,"name":"COLLEGE MODERNE BOLI_SECONDAIRE","source":"Géoportail ANSTAT"}},{"type":"Feature","geometry":{"type":"Point","coordinates":[-7.23212499999994,7.211230000000057]},"properties":{"id":128558,"nom":"ONG LE CHOIX_SECONDAIRE","type":"secondaire","district_region":null,"departement_commune":null,"verifie":true,"name":"ONG LE CHOIX_SECONDAIRE","source":"Géoportail ANSTAT"}},{"type":"Feature","geometry":{"type":"Point","coordinates":[-7.919999999999959,7.210000000000036]},"properties":{"id":128559,"nom":"COLLEGE PRIVE LE SOMMET_SECONDAIRE","type":"secondaire","district_region":null,"departement_commune":null,"verifie":true,"name":"COLLEGE PRIVE LE SOMMET_SECONDAIRE","source":"Géoportail ANSTAT"}},{"type":"Feature","geometry":{"type":"Point","coordinates":[-7.580339999999978,7.207520000000045]},"properties":{"id":128560,"nom":"COLLEGE PRIVE LA BUTINEUSE DE TONTIGOUINE_SECONDAIRE","type":"secondaire","district_region":null,"departement_commune":null,"verifie":true,"name":"COLLEGE PRIVE LA BUTINEUSE DE TONTIGOUINE_SECONDAIRE","source":"Géoportail ANSTAT"}},{"type":"Feature","geometry":{"type":"Point","coordinates":[-7.34722499999998,7.205777000000069]},"properties":{"id":128561,"nom":"COLLEGE PRIVE SIBA DE DIOUROUZON_SECONDAIRE","type":"secondaire","district_region":null,"departement_commune":null,"verifie":true,"name":"COLLEGE PRIVE SIBA DE DIOUROUZON_SECONDAIRE","source":"Géoportail ANSTAT"}},{"type":"Feature","geometry":{"type":"Point","coordinates":[-7.34722499999998,7.205777000000069]},"properties":{"id":128562,"nom":"COLLEGE MODERNE DIOUROUZON_SECONDAIRE","type":"secondaire","district_region":null,"departement_commune":null,"verifie":true,"name":"COLLEGE MODERNE DIOUROUZON_SECONDAIRE","source":"Géoportail ANSTAT"}},{"type":"Feature","geometry":{"type":"Point","coordinates":[-6.182151999999974,7.203981000000056]},"properties":{"id":128563,"nom":"COLLEGE PRIVE MONT BIAN NDE BANDIAHI_SECONDAIRE","type":"secondaire","district_region":null,"departement_commune":null,"verifie":true,"name":"COLLEGE PRIVE MONT BIAN NDE BANDIAHI_SECONDAIRE","source":"Géoportail ANSTAT"}},{"type":"Feature","geometry":{"type":"Point","coordinates":[-7.203219999999931,7.203220000000044]},"properties":{"id":128564,"nom":"COLLEGE ANDRE LEGRAND FAGNAMPLEU_SECONDAIRE","type":"secondaire","district_region":null,"departement_commune":null,"verifie":true,"name":"COLLEGE ANDRE LEGRAND FAGNAMPLEU_SECONDAIRE","source":"Géoportail ANSTAT"}},{"type":"Feature","geometry":{"type":"Point","coordinates":[-7.898583999999971,7.202020000000061]},"properties":{"id":128565,"nom":"COLLEGE PRIVE K F B_SECONDAIRE","type":"secondaire","district_region":null,"departement_commune":null,"verifie":true,"name":"COLLEGE PRIVE K F B_SECONDAIRE","source":"Géoportail ANSTAT"}},{"type":"Feature","geometry":{"type":"Point","coordinates":[-6.181674999999927,7.19295500000004]},"properties":{"id":128566,"nom":"COLLEGE PRIVE EKLA DE BANDIAHI_SECONDAIRE","type":"secondaire","district_region":null,"departement_commune":null,"verifie":true,"name":"COLLEGE PRIVE EKLA DE BANDIAHI_SECONDAIRE","source":"Géoportail ANSTAT"}},{"type":"Feature","geometry":{"type":"Point","coordinates":[-6.183157999999935,7.190253000000041]},"properties":{"id":128567,"nom":"COLLEGE PRIVE MITI_SECONDAIRE","type":"secondaire","district_region":null,"departement_commune":null,"verifie":true,"name":"COLLEGE PRIVE MITI_SECONDAIRE","source":"Géoportail ANSTAT"}},{"type":"Feature","geometry":{"type":"Point","coordinates":[-6.642522999999926,7.188266000000056]},"properties":{"id":128568,"nom":"COLLEGE PRIVE YAYROH_SECONDAIRE","type":"secondaire","district_region":null,"departement_commune":null,"verifie":true,"name":"COLLEGE PRIVE YAYROH_SECONDAIRE","source":"Géoportail ANSTAT"}},{"type":"Feature","geometry":{"type":"Point","coordinates":[-6.644417999999973,7.187664000000041]},"properties":{"id":128569,"nom":"C0LLEGE PRIVE FAMIYA_SECONDAIRE","type":"secondaire","district_region":null,"departement_commune":null,"verifie":true,"name":"C0LLEGE PRIVE FAMIYA_SECONDAIRE","source":"Géoportail ANSTAT"}},{"type":"Feature","geometry":{"type":"Point","coordinates":[-5.819529999999929,7.181777000000068]},"properties":{"id":128570,"nom":"COLLEGE PRIVE LEHIE BI LUCIEN DE TIBETA_SECONDAIRE","type":"secondaire","district_region":null,"departement_commune":null,"verifie":true,"name":"COLLEGE PRIVE LEHIE BI LUCIEN DE TIBETA_SECONDAIRE","source":"Géoportail ANSTAT"}},{"type":"Feature","geometry":{"type":"Point","coordinates":[-7.391339999999957,7.17668800000007]},"properties":{"id":128571,"nom":"COLLEGE PRIVE MANINKA 2 DE ZIONDROU-ZIBO_SECONDAIRE","type":"secondaire","district_region":null,"departement_commune":null,"verifie":true,"name":"COLLEGE PRIVE MANINKA 2 DE ZIONDROU-ZIBO_SECONDAIRE","source":"Géoportail ANSTAT"}},{"type":"Feature","geometry":{"type":"Point","coordinates":[-6.299359999999979,7.170310000000029]},"properties":{"id":128572,"nom":"LYCEE MODERNE BEDIALA_SECONDAIRE","type":"secondaire","district_region":null,"departement_commune":null,"verifie":true,"name":"LYCEE MODERNE BEDIALA_SECONDAIRE","source":"Géoportail ANSTAT"}},{"type":"Feature","geometry":{"type":"Point","coordinates":[-5.222274999999968,7.170028000000059]},"properties":{"id":128573,"nom":"COLLEGE PRIVE BEL HORIZON DE TIEBISSOU_SECONDAIRE","type":"secondaire","district_region":null,"departement_commune":null,"verifie":true,"name":"COLLEGE PRIVE BEL HORIZON DE TIEBISSOU_SECONDAIRE","source":"Géoportail ANSTAT"}},{"type":"Feature","geometry":{"type":"Point","coordinates":[-5.787120999999956,7.164810000000045]},"properties":{"id":128574,"nom":"COLLEGE PRIVE SOURALE PAKOUABO_SECONDAIRE","type":"secondaire","district_region":null,"departement_commune":null,"verifie":true,"name":"COLLEGE PRIVE SOURALE PAKOUABO_SECONDAIRE","source":"Géoportail ANSTAT"}},{"type":"Feature","geometry":{"type":"Point","coordinates":[-6.305163999999934,7.164678000000038]},"properties":{"id":128575,"nom":"COLLEGE PRIVE BOMA_SECONDAIRE","type":"secondaire","district_region":null,"departement_commune":null,"verifie":true,"name":"COLLEGE PRIVE BOMA_SECONDAIRE","source":"Géoportail ANSTAT"}},{"type":"Feature","geometry":{"type":"Point","coordinates":[-5.369943999999975,7.162783000000047]},"properties":{"id":128576,"nom":"COLLEGE MODERNE MOLONOU_SECONDAIRE","type":"secondaire","district_region":null,"departement_commune":null,"verifie":true,"name":"COLLEGE MODERNE MOLONOU_SECONDAIRE","source":"Géoportail ANSTAT"}},{"type":"Feature","geometry":{"type":"Point","coordinates":[-6.834294999999941,7.162655000000029]},"properties":{"id":128577,"nom":"COLLEGE PRIVE LE TRIOMPHE DANIA_SECONDAIRE","type":"secondaire","district_region":null,"departement_commune":null,"verifie":true,"name":"COLLEGE PRIVE LE TRIOMPHE DANIA_SECONDAIRE","source":"Géoportail ANSTAT"}},{"type":"Feature","geometry":{"type":"Point","coordinates":[-3.191899999999976,7.16190000000006]},"properties":{"id":128578,"nom":"COLLEGE PRIVE LE DJUABLIN D AGNIBILEKROU_SECONDAIRE","type":"secondaire","district_region":null,"departement_commune":null,"verifie":true,"name":"COLLEGE PRIVE LE DJUABLIN D AGNIBILEKROU_SECONDAIRE","source":"Géoportail ANSTAT"}},{"type":"Feature","geometry":{"type":"Point","coordinates":[-3.202312999999947,7.160924000000023]},"properties":{"id":128579,"nom":"COLLEGE DEPARTEMENTAL D AGNIBILEKROU_SECONDAIRE","type":"secondaire","district_region":null,"departement_commune":null,"verifie":true,"name":"COLLEGE DEPARTEMENTAL D AGNIBILEKROU_SECONDAIRE","source":"Géoportail ANSTAT"}},{"type":"Feature","geometry":{"type":"Point","coordinates":[-3.302732999999932,7.160810000000026]},"properties":{"id":128580,"nom":"LYCEE MODERNE HENRI KONAN BEDIE DE TANGUELAN_SECONDAIRE","type":"secondaire","district_region":null,"departement_commune":null,"verifie":true,"name":"LYCEE MODERNE HENRI KONAN BEDIE DE TANGUELAN_SECONDAIRE","source":"Géoportail ANSTAT"}},{"type":"Feature","geometry":{"type":"Point","coordinates":[-7.328532999999936,7.157987000000048]},"properties":{"id":128581,"nom":"COLLEGE MODERNE DE DIEOUZON_SECONDAIRE","type":"secondaire","district_region":null,"departement_commune":null,"verifie":true,"name":"COLLEGE MODERNE DE DIEOUZON_SECONDAIRE","source":"Géoportail ANSTAT"}},{"type":"Feature","geometry":{"type":"Point","coordinates":[-3.206371999999931,7.157651000000044]},"properties":{"id":128582,"nom":"COLLEGE PRIVE LES CLASSIQUES D AGNIBILEKROU_SECONDAIRE","type":"secondaire","district_region":null,"departement_commune":null,"verifie":true,"name":"COLLEGE PRIVE LES CLASSIQUES D AGNIBILEKROU_SECONDAIRE","source":"Géoportail ANSTAT"}},{"type":"Feature","geometry":{"type":"Point","coordinates":[-5.800237999999979,7.15683400000006]},"properties":{"id":128583,"nom":"COLLEGE PRIVE MIENMOH DE PAKOUABO_SECONDAIRE","type":"secondaire","district_region":null,"departement_commune":null,"verifie":true,"name":"COLLEGE PRIVE MIENMOH DE PAKOUABO_SECONDAIRE","source":"Géoportail ANSTAT"}},{"type":"Feature","geometry":{"type":"Point","coordinates":[-5.232487999999933,7.156676000000061]},"properties":{"id":128584,"nom":"COLLEGE ENOC TIEBISSOU_SECONDAIRE","type":"secondaire","district_region":null,"departement_commune":null,"verifie":true,"name":"COLLEGE ENOC TIEBISSOU_SECONDAIRE","source":"Géoportail ANSTAT"}},{"type":"Feature","geometry":{"type":"Point","coordinates":[-6.307169999999928,7.156620000000032]},"properties":{"id":128585,"nom":"COLLEGE DES PROFESSEURS (COPROF)_SECONDAIRE","type":"secondaire","district_region":null,"departement_commune":null,"verifie":true,"name":"COLLEGE DES PROFESSEURS (COPROF)_SECONDAIRE","source":"Géoportail ANSTAT"}},{"type":"Feature","geometry":{"type":"Point","coordinates":[-7.574899999999957,7.155140000000074]},"properties":{"id":128586,"nom":"COLLEGE D ENSEIGNEMENT SECOND. ET TECH. LOGOUALE_SECONDAIRE","type":"secondaire","district_region":null,"departement_commune":null,"verifie":true,"name":"COLLEGE D ENSEIGNEMENT SECOND. ET TECH. LOGOUALE_SECONDAIRE","source":"Géoportail ANSTAT"}},{"type":"Feature","geometry":{"type":"Point","coordinates":[-5.213997999999947,7.154442000000074]},"properties":{"id":128587,"nom":"COLLEGE PRIVE DU KAN DE TIEBISSOU_SECONDAIRE","type":"secondaire","district_region":null,"departement_commune":null,"verifie":true,"name":"COLLEGE PRIVE DU KAN DE TIEBISSOU_SECONDAIRE","source":"Géoportail ANSTAT"}}],"metadata":{"dataset":"Secondaire — ANSTAT","source":"Géoportail ANSTAT","theme":"Éducation","verified":true,"apercu":"limité à 1000 entités"}}