{"type":"FeatureCollection","features":[{"type":"Feature","geometry":{"type":"Point","coordinates":[-6.649333999999953,4.778296000000068]},"properties":{"id":35892,"nom":"ADVANS BANQUE","type":"bank","district_region":null,"departement_commune":null,"verifie":true,"name":"ADVANS BANQUE","source":"Géoportail ANSTAT"}},{"type":"Feature","geometry":{"type":"Point","coordinates":[-6.657155999999929,4.778748000000064]},"properties":{"id":35894,"nom":"AFRILAND FIRST BANK","type":"bank","district_region":null,"departement_commune":null,"verifie":true,"name":"AFRILAND FIRST BANK","source":"Géoportail ANSTAT"}},{"type":"Feature","geometry":{"type":"Point","coordinates":[-5.62820899999997,9.458549000000062]},"properties":{"id":35905,"nom":"ADVANS COTE IVOIRE","type":"bank","district_region":null,"departement_commune":null,"verifie":true,"name":"ADVANS COTE IVOIRE","source":"Géoportail ANSTAT"}},{"type":"Feature","geometry":{"type":"Point","coordinates":[-7.346020999999951,6.746528000000069]},"properties":{"id":35918,"nom":"ADVANS","type":"bank","district_region":null,"departement_commune":null,"verifie":true,"name":"ADVANS","source":"Géoportail ANSTAT"}},{"type":"Feature","geometry":{"type":"Point","coordinates":[-5.944700999999952,6.129766000000075]},"properties":{"id":35924,"nom":"ADVANS CI","type":"bank","district_region":null,"departement_commune":null,"verifie":true,"name":"ADVANS CI","source":"Géoportail ANSTAT"}},{"type":"Feature","geometry":{"type":"Point","coordinates":[-5.027878999999928,7.681826000000058]},"properties":{"id":35962,"nom":"ADVANS","type":"bank","district_region":null,"departement_commune":null,"verifie":true,"name":"ADVANS","source":"Géoportail ANSTAT"}},{"type":"Feature","geometry":{"type":"Point","coordinates":[-4.496548999999959,7.062861000000055]},"properties":{"id":35970,"nom":"AGENCE SGBCI","type":"bank","district_region":null,"departement_commune":null,"verifie":true,"name":"AGENCE SGBCI","source":"Géoportail ANSTAT"}},{"type":"Feature","geometry":{"type":"Point","coordinates":[-6.446618999999941,6.882452000000058]},"properties":{"id":35977,"nom":"ADVANS COTE D IVOIRE","type":"bank","district_region":null,"departement_commune":null,"verifie":true,"name":"ADVANS COTE D IVOIRE","source":"Géoportail ANSTAT"}},{"type":"Feature","geometry":{"type":"Point","coordinates":[-5.296414999999968,6.182975000000056]},"properties":{"id":35988,"nom":"AGENCE NSIA BANQUE","type":"bank","district_region":null,"departement_commune":null,"verifie":true,"name":"AGENCE NSIA BANQUE","source":"Géoportail ANSTAT"}},{"type":"Feature","geometry":{"type":"Point","coordinates":[-5.361036999999953,5.839800000000025]},"properties":{"id":35990,"nom":"ADVANS BANQUE","type":"bank","district_region":null,"departement_commune":null,"verifie":true,"name":"ADVANS BANQUE","source":"Géoportail ANSTAT"}},{"type":"Feature","geometry":{"type":"Point","coordinates":[-3.491588999999976,6.729360000000042]},"properties":{"id":35997,"nom":"AFRILAND FIRST BANK","type":"bank","district_region":null,"departement_commune":null,"verifie":true,"name":"AFRILAND FIRST BANK","source":"Géoportail ANSTAT"}},{"type":"Feature","geometry":{"type":"Point","coordinates":[-5.026804999999968,7.678555000000074]},"properties":{"id":36046,"nom":"ANCIEN BCEAO","type":"bank","district_region":null,"departement_commune":null,"verifie":true,"name":"ANCIEN BCEAO","source":"Géoportail ANSTAT"}},{"type":"Feature","geometry":{"type":"Point","coordinates":[-6.555479999999932,5.407617000000073]},"properties":{"id":36076,"nom":"ATLANTIQUE BANQUE","type":"bank","district_region":null,"departement_commune":null,"verifie":true,"name":"ATLANTIQUE BANQUE","source":"Géoportail ANSTAT"}},{"type":"Feature","geometry":{"type":"Point","coordinates":[-4.378027999999972,5.322714000000076]},"properties":{"id":36078,"nom":"ATLANTIQUE","type":"bank","district_region":null,"departement_commune":null,"verifie":true,"name":"ATLANTIQUE","source":"Géoportail ANSTAT"}},{"type":"Feature","geometry":{"type":"Point","coordinates":[-6.589367999999979,6.486308000000065]},"properties":{"id":36081,"nom":"ATLANTIQUE","type":"bank","district_region":null,"departement_commune":null,"verifie":true,"name":"ATLANTIQUE","source":"Géoportail ANSTAT"}},{"type":"Feature","geometry":{"type":"Point","coordinates":[-6.590438999999947,6.486319000000037]},"properties":{"id":36082,"nom":"ATLANTIQUE","type":"bank","district_region":null,"departement_commune":null,"verifie":true,"name":"ATLANTIQUE","source":"Géoportail ANSTAT"}},{"type":"Feature","geometry":{"type":"Point","coordinates":[-4.218162999999947,5.928836000000047]},"properties":{"id":36083,"nom":"ATLANTIQUE","type":"bank","district_region":null,"departement_commune":null,"verifie":true,"name":"ATLANTIQUE","source":"Géoportail ANSTAT"}},{"type":"Feature","geometry":{"type":"Point","coordinates":[-5.19693099999995,9.593387000000064]},"properties":{"id":36140,"nom":"BANQUE ATLANTIQUE","type":"bank","district_region":null,"departement_commune":null,"verifie":true,"name":"BANQUE ATLANTIQUE","source":"Géoportail ANSTAT"}},{"type":"Feature","geometry":{"type":"Point","coordinates":[-5.198550999999952,9.59638300000006]},"properties":{"id":36141,"nom":"BICICI","type":"bank","district_region":null,"departement_commune":null,"verifie":true,"name":"BICICI","source":"Géoportail ANSTAT"}},{"type":"Feature","geometry":{"type":"Point","coordinates":[-5.195452999999929,9.595844000000056]},"properties":{"id":36142,"nom":"BICICI","type":"bank","district_region":null,"departement_commune":null,"verifie":true,"name":"BICICI","source":"Géoportail ANSTAT"}},{"type":"Feature","geometry":{"type":"Point","coordinates":[-5.197797999999977,9.591988000000072]},"properties":{"id":36143,"nom":"BNI","type":"bank","district_region":null,"departement_commune":null,"verifie":true,"name":"BNI","source":"Géoportail ANSTAT"}},{"type":"Feature","geometry":{"type":"Point","coordinates":[-6.652627999999936,4.778423000000032]},"properties":{"id":36144,"nom":"BANQUE ATLANTIQUE","type":"bank","district_region":null,"departement_commune":null,"verifie":true,"name":"BANQUE ATLANTIQUE","source":"Géoportail ANSTAT"}},{"type":"Feature","geometry":{"type":"Point","coordinates":[-6.641234999999938,4.754107000000033]},"properties":{"id":36145,"nom":"BANQUE STANDARD CHARDERED BANK","type":"bank","district_region":null,"departement_commune":null,"verifie":true,"name":"BANQUE STANDARD CHARDERED BANK","source":"Géoportail ANSTAT"}},{"type":"Feature","geometry":{"type":"Point","coordinates":[-6.644317999999942,4.756562000000031]},"properties":{"id":36146,"nom":"BGFI BANK","type":"bank","district_region":null,"departement_commune":null,"verifie":true,"name":"BGFI BANK","source":"Géoportail ANSTAT"}},{"type":"Feature","geometry":{"type":"Point","coordinates":[-6.632954999999981,4.745329000000027]},"properties":{"id":36147,"nom":"BANK OF AFRICA","type":"bank","district_region":null,"departement_commune":null,"verifie":true,"name":"BANK OF AFRICA","source":"Géoportail ANSTAT"}},{"type":"Feature","geometry":{"type":"Point","coordinates":[-6.633341999999971,4.746108000000049]},"properties":{"id":36148,"nom":"BANQUE ATLANTIQUE","type":"bank","district_region":null,"departement_commune":null,"verifie":true,"name":"BANQUE ATLANTIQUE","source":"Géoportail ANSTAT"}},{"type":"Feature","geometry":{"type":"Point","coordinates":[-6.631244999999979,4.746361000000036]},"properties":{"id":36149,"nom":"BANQUE DABIDJAN","type":"bank","district_region":null,"departement_commune":null,"verifie":true,"name":"BANQUE DABIDJAN","source":"Géoportail ANSTAT"}},{"type":"Feature","geometry":{"type":"Point","coordinates":[-6.634413999999936,4.747119000000055]},"properties":{"id":36150,"nom":"BANQUE SAHELO SAHARIENNE","type":"bank","district_region":null,"departement_commune":null,"verifie":true,"name":"BANQUE SAHELO SAHARIENNE","source":"Géoportail ANSTAT"}},{"type":"Feature","geometry":{"type":"Point","coordinates":[-6.624088999999969,4.734565000000032]},"properties":{"id":36151,"nom":"BCAO","type":"bank","district_region":null,"departement_commune":null,"verifie":true,"name":"BCAO","source":"Géoportail ANSTAT"}},{"type":"Feature","geometry":{"type":"Point","coordinates":[-6.633666999999946,4.746526000000074]},"properties":{"id":36152,"nom":"BICICI SAN PEDRO","type":"bank","district_region":null,"departement_commune":null,"verifie":true,"name":"BICICI SAN PEDRO","source":"Géoportail ANSTAT"}},{"type":"Feature","geometry":{"type":"Point","coordinates":[-6.634957999999926,4.747715000000028]},"properties":{"id":36153,"nom":"BNI","type":"bank","district_region":null,"departement_commune":null,"verifie":true,"name":"BNI","source":"Géoportail ANSTAT"}},{"type":"Feature","geometry":{"type":"Point","coordinates":[-7.089873999999952,4.678323000000034]},"properties":{"id":36154,"nom":"BICIC8","type":"bank","district_region":null,"departement_commune":null,"verifie":true,"name":"BICIC8","source":"Géoportail ANSTAT"}},{"type":"Feature","geometry":{"type":"Point","coordinates":[-6.653752999999938,4.778455000000065]},"properties":{"id":36155,"nom":"BANQUE  NSIA","type":"bank","district_region":null,"departement_commune":null,"verifie":true,"name":"BANQUE  NSIA","source":"Géoportail ANSTAT"}},{"type":"Feature","geometry":{"type":"Point","coordinates":[-6.663803999999971,4.777329000000066]},"properties":{"id":36156,"nom":"BANQUE ATLANTIC","type":"bank","district_region":null,"departement_commune":null,"verifie":true,"name":"BANQUE ATLANTIC","source":"Géoportail ANSTAT"}},{"type":"Feature","geometry":{"type":"Point","coordinates":[-6.65355999999997,4.778487000000041]},"properties":{"id":36157,"nom":"BANQUE OF AFRICA","type":"bank","district_region":null,"departement_commune":null,"verifie":true,"name":"BANQUE OF AFRICA","source":"Géoportail ANSTAT"}},{"type":"Feature","geometry":{"type":"Point","coordinates":[-6.643305999999939,5.099004000000036]},"properties":{"id":36158,"nom":"BANK OF AFRICA","type":"bank","district_region":null,"departement_commune":null,"verifie":true,"name":"BANK OF AFRICA","source":"Géoportail ANSTAT"}},{"type":"Feature","geometry":{"type":"Point","coordinates":[-7.407338999999979,4.682272000000069]},"properties":{"id":36159,"nom":"BNI BANQUE","type":"bank","district_region":null,"departement_commune":null,"verifie":true,"name":"BNI BANQUE","source":"Géoportail ANSTAT"}},{"type":"Feature","geometry":{"type":"Point","coordinates":[-7.400087999999926,5.240425000000073]},"properties":{"id":36160,"nom":"BANQUE BNI","type":"bank","district_region":null,"departement_commune":null,"verifie":true,"name":"BANQUE BNI","source":"Géoportail ANSTAT"}},{"type":"Feature","geometry":{"type":"Point","coordinates":[-5.636164999999949,9.458612000000072]},"properties":{"id":36162,"nom":"BANQUE MALIENNE DE SOLIDARITE COTE D IVOIRE","type":"bank","district_region":null,"departement_commune":null,"verifie":true,"name":"BANQUE MALIENNE DE SOLIDARITE COTE D IVOIRE","source":"Géoportail ANSTAT"}},{"type":"Feature","geometry":{"type":"Point","coordinates":[-5.630460999999968,9.455594000000076]},"properties":{"id":36164,"nom":"BDA","type":"bank","district_region":null,"departement_commune":null,"verifie":true,"name":"BDA","source":"Géoportail ANSTAT"}},{"type":"Feature","geometry":{"type":"Point","coordinates":[-5.632256999999925,9.455999000000077]},"properties":{"id":36165,"nom":"BICICI","type":"bank","district_region":null,"departement_commune":null,"verifie":true,"name":"BICICI","source":"Géoportail ANSTAT"}},{"type":"Feature","geometry":{"type":"Point","coordinates":[-6.558364999999981,5.410523000000069]},"properties":{"id":36166,"nom":"BNI","type":"bank","district_region":null,"departement_commune":null,"verifie":true,"name":"BNI","source":"Géoportail ANSTAT"}},{"type":"Feature","geometry":{"type":"Point","coordinates":[-6.596022999999946,5.783251000000064]},"properties":{"id":36167,"nom":"BANK OF AFRICA","type":"bank","district_region":null,"departement_commune":null,"verifie":true,"name":"BANK OF AFRICA","source":"Géoportail ANSTAT"}},{"type":"Feature","geometry":{"type":"Point","coordinates":[-6.597157999999979,5.783978000000047]},"properties":{"id":36168,"nom":"BANQUE ATLANTIQUE","type":"bank","district_region":null,"departement_commune":null,"verifie":true,"name":"BANQUE ATLANTIQUE","source":"Géoportail ANSTAT"}},{"type":"Feature","geometry":{"type":"Point","coordinates":[-6.595391999999947,5.781452000000058]},"properties":{"id":36169,"nom":"BANQUE BNI","type":"bank","district_region":null,"departement_commune":null,"verifie":true,"name":"BANQUE BNI","source":"Géoportail ANSTAT"}},{"type":"Feature","geometry":{"type":"Point","coordinates":[-6.607784999999978,5.787712000000056]},"properties":{"id":36170,"nom":"BANQUE BSIC","type":"bank","district_region":null,"departement_commune":null,"verifie":true,"name":"BANQUE BSIC","source":"Géoportail ANSTAT"}},{"type":"Feature","geometry":{"type":"Point","coordinates":[-6.610031999999933,5.784824000000071]},"properties":{"id":36171,"nom":"BANQUE DU TRESOR","type":"bank","district_region":null,"departement_commune":null,"verifie":true,"name":"BANQUE DU TRESOR","source":"Géoportail ANSTAT"}},{"type":"Feature","geometry":{"type":"Point","coordinates":[-6.602467999999931,5.783510000000035]},"properties":{"id":36172,"nom":"BANQUE NSIA","type":"bank","district_region":null,"departement_commune":null,"verifie":true,"name":"BANQUE NSIA","source":"Géoportail ANSTAT"}},{"type":"Feature","geometry":{"type":"Point","coordinates":[-6.607461999999941,5.782894000000056]},"properties":{"id":36173,"nom":"BANQUE OF AFRIKA","type":"bank","district_region":null,"departement_commune":null,"verifie":true,"name":"BANQUE OF AFRIKA","source":"Géoportail ANSTAT"}},{"type":"Feature","geometry":{"type":"Point","coordinates":[-6.604591999999968,5.783232000000055]},"properties":{"id":36174,"nom":"BANQUE SGBCI","type":"bank","district_region":null,"departement_commune":null,"verifie":true,"name":"BANQUE SGBCI","source":"Géoportail ANSTAT"}},{"type":"Feature","geometry":{"type":"Point","coordinates":[-6.276182999999946,5.664097000000027]},"properties":{"id":36177,"nom":"BNI","type":"bank","district_region":null,"departement_commune":null,"verifie":true,"name":"BNI","source":"Géoportail ANSTAT"}},{"type":"Feature","geometry":{"type":"Point","coordinates":[-7.233732999999972,7.253893000000062]},"properties":{"id":36178,"nom":"BANQUE UBA DE KOUIBLY","type":"bank","district_region":null,"departement_commune":null,"verifie":true,"name":"BANQUE UBA DE KOUIBLY","source":"Géoportail ANSTAT"}},{"type":"Feature","geometry":{"type":"Point","coordinates":[-4.795880999999952,5.29729100000003]},"properties":{"id":36181,"nom":"BNI","type":"bank","district_region":null,"departement_commune":null,"verifie":true,"name":"BNI","source":"Géoportail ANSTAT"}},{"type":"Feature","geometry":{"type":"Point","coordinates":[-5.943438999999955,6.127963000000022]},"properties":{"id":36182,"nom":"BANQUE ALTANTIQUE","type":"bank","district_region":null,"departement_commune":null,"verifie":true,"name":"BANQUE ALTANTIQUE","source":"Géoportail ANSTAT"}},{"type":"Feature","geometry":{"type":"Point","coordinates":[-5.943852999999933,6.130254000000036]},"properties":{"id":36183,"nom":"BICICI","type":"bank","district_region":null,"departement_commune":null,"verifie":true,"name":"BICICI","source":"Géoportail ANSTAT"}},{"type":"Feature","geometry":{"type":"Point","coordinates":[-5.945619999999963,6.130828000000065]},"properties":{"id":36184,"nom":"BNI","type":"bank","district_region":null,"departement_commune":null,"verifie":true,"name":"BNI","source":"Géoportail ANSTAT"}},{"type":"Feature","geometry":{"type":"Point","coordinates":[-2.800408999999945,8.040540000000021]},"properties":{"id":36185,"nom":"BANQUE ATLANTIQUE","type":"bank","district_region":null,"departement_commune":null,"verifie":true,"name":"BANQUE ATLANTIQUE","source":"Géoportail ANSTAT"}},{"type":"Feature","geometry":{"type":"Point","coordinates":[-2.79314299999993,8.045010000000048]},"properties":{"id":36186,"nom":"BANQUE DE DEPOT DE TRESOR DE BONDOUKOU","type":"bank","district_region":null,"departement_commune":null,"verifie":true,"name":"BANQUE DE DEPOT DE TRESOR DE BONDOUKOU","source":"Géoportail ANSTAT"}},{"type":"Feature","geometry":{"type":"Point","coordinates":[-3.173216999999966,7.804014000000052]},"properties":{"id":36188,"nom":"BANQUE DES IMPOTS DU TRESOR PUBLIC DE TANDA","type":"bank","district_region":null,"departement_commune":null,"verifie":true,"name":"BANQUE DES IMPOTS DU TRESOR PUBLIC DE TANDA","source":"Géoportail ANSTAT"}},{"type":"Feature","geometry":{"type":"Point","coordinates":[-6.669658999999967,7.957699000000048]},"properties":{"id":36189,"nom":"BICICI BINATE","type":"bank","district_region":null,"departement_commune":null,"verifie":true,"name":"BICICI BINATE","source":"Géoportail ANSTAT"}},{"type":"Feature","geometry":{"type":"Point","coordinates":[-5.745121999999981,6.97963900000002]},"properties":{"id":36190,"nom":"BANQUE ATLANTIQUE BOUAFLE","type":"bank","district_region":null,"departement_commune":null,"verifie":true,"name":"BANQUE ATLANTIQUE BOUAFLE","source":"Géoportail ANSTAT"}},{"type":"Feature","geometry":{"type":"Point","coordinates":[-5.744003999999961,6.979340000000036]},"properties":{"id":36191,"nom":"BANQUE BICICI","type":"bank","district_region":null,"departement_commune":null,"verifie":true,"name":"BANQUE BICICI","source":"Géoportail ANSTAT"}},{"type":"Feature","geometry":{"type":"Point","coordinates":[-5.915197999999975,6.622331000000031]},"properties":{"id":36192,"nom":"BANQUE ATLANTIQUE","type":"bank","district_region":null,"departement_commune":null,"verifie":true,"name":"BANQUE ATLANTIQUE","source":"Géoportail ANSTAT"}},{"type":"Feature","geometry":{"type":"Point","coordinates":[-5.029157999999939,7.680238000000031]},"properties":{"id":36195,"nom":"BANQUE ATLANTIQUE","type":"bank","district_region":null,"departement_commune":null,"verifie":true,"name":"BANQUE ATLANTIQUE","source":"Géoportail ANSTAT"}},{"type":"Feature","geometry":{"type":"Point","coordinates":[-5.027746999999977,7.692863000000045]},"properties":{"id":36196,"nom":"BANQUE ATLANTIQUE","type":"bank","district_region":null,"departement_commune":null,"verifie":true,"name":"BANQUE ATLANTIQUE","source":"Géoportail ANSTAT"}},{"type":"Feature","geometry":{"type":"Point","coordinates":[-5.030054999999948,7.681118000000026]},"properties":{"id":36197,"nom":"BANQUE BICICI","type":"bank","district_region":null,"departement_commune":null,"verifie":true,"name":"BANQUE BICICI","source":"Géoportail ANSTAT"}},{"type":"Feature","geometry":{"type":"Point","coordinates":[-5.029027999999926,7.682587000000069]},"properties":{"id":36198,"nom":"BANQUE BNI","type":"bank","district_region":null,"departement_commune":null,"verifie":true,"name":"BANQUE BNI","source":"Géoportail ANSTAT"}},{"type":"Feature","geometry":{"type":"Point","coordinates":[-5.029075999999975,7.682151000000033]},"properties":{"id":36199,"nom":"BANQUE BSIC","type":"bank","district_region":null,"departement_commune":null,"verifie":true,"name":"BANQUE BSIC","source":"Géoportail ANSTAT"}},{"type":"Feature","geometry":{"type":"Point","coordinates":[-5.026030999999932,7.691151000000048]},"properties":{"id":36200,"nom":"BANQUE DE L UNION AGENCE DE BOUAKE","type":"bank","district_region":null,"departement_commune":null,"verifie":true,"name":"BANQUE DE L UNION AGENCE DE BOUAKE","source":"Géoportail ANSTAT"}},{"type":"Feature","geometry":{"type":"Point","coordinates":[-5.030056999999942,7.684269000000029]},"properties":{"id":36201,"nom":"BANQUE OF AFRICA","type":"bank","district_region":null,"departement_commune":null,"verifie":true,"name":"BANQUE OF AFRICA","source":"Géoportail ANSTAT"}},{"type":"Feature","geometry":{"type":"Point","coordinates":[-5.029067999999938,7.673526000000038]},"properties":{"id":36203,"nom":"BCEAO","type":"bank","district_region":null,"departement_commune":null,"verifie":true,"name":"BCEAO","source":"Géoportail ANSTAT"}},{"type":"Feature","geometry":{"type":"Point","coordinates":[-5.028106999999977,7.682087000000024]},"properties":{"id":36204,"nom":"BHCI","type":"bank","district_region":null,"departement_commune":null,"verifie":true,"name":"BHCI","source":"Géoportail ANSTAT"}},{"type":"Feature","geometry":{"type":"Point","coordinates":[-5.029006999999979,7.682300000000055]},"properties":{"id":36205,"nom":"BNI","type":"bank","district_region":null,"departement_commune":null,"verifie":true,"name":"BNI","source":"Géoportail ANSTAT"}},{"type":"Feature","geometry":{"type":"Point","coordinates":[-4.706077999999934,6.649155000000064]},"properties":{"id":36206,"nom":"BANQUE","type":"bank","district_region":null,"departement_commune":null,"verifie":true,"name":"BANQUE","source":"Géoportail ANSTAT"}},{"type":"Feature","geometry":{"type":"Point","coordinates":[-4.70508499999994,6.647216000000071]},"properties":{"id":36207,"nom":"BANQUE NSIA","type":"bank","district_region":null,"departement_commune":null,"verifie":true,"name":"BANQUE NSIA","source":"Géoportail ANSTAT"}},{"type":"Feature","geometry":{"type":"Point","coordinates":[-6.481080999999961,7.374588000000074]},"properties":{"id":36208,"nom":"BNI","type":"bank","district_region":null,"departement_commune":null,"verifie":true,"name":"BNI","source":"Géoportail ANSTAT"}},{"type":"Feature","geometry":{"type":"Point","coordinates":[-6.447563999999943,6.88504800000004]},"properties":{"id":36210,"nom":"BANKOFAFRICA","type":"bank","district_region":null,"departement_commune":null,"verifie":true,"name":"BANKOFAFRICA","source":"Géoportail ANSTAT"}},{"type":"Feature","geometry":{"type":"Point","coordinates":[-6.445809999999938,6.880166000000031]},"properties":{"id":36211,"nom":"BANQUE ATLANTIQUE","type":"bank","district_region":null,"departement_commune":null,"verifie":true,"name":"BANQUE ATLANTIQUE","source":"Géoportail ANSTAT"}},{"type":"Feature","geometry":{"type":"Point","coordinates":[-6.448830999999927,6.89075500000007]},"properties":{"id":36212,"nom":"BANQUE UBA","type":"bank","district_region":null,"departement_commune":null,"verifie":true,"name":"BANQUE UBA","source":"Géoportail ANSTAT"}},{"type":"Feature","geometry":{"type":"Point","coordinates":[-6.454305999999974,6.886639000000059]},"properties":{"id":36213,"nom":"BCEAO AGENCE AUXILLIAIRE DE DALOA","type":"bank","district_region":null,"departement_commune":null,"verifie":true,"name":"BCEAO AGENCE AUXILLIAIRE DE DALOA","source":"Géoportail ANSTAT"}},{"type":"Feature","geometry":{"type":"Point","coordinates":[-6.449686999999926,6.886096000000066]},"properties":{"id":36214,"nom":"BDA","type":"bank","district_region":null,"departement_commune":null,"verifie":true,"name":"BDA","source":"Géoportail ANSTAT"}},{"type":"Feature","geometry":{"type":"Point","coordinates":[-6.455008999999961,6.883955000000071]},"properties":{"id":36215,"nom":"BHCI","type":"bank","district_region":null,"departement_commune":null,"verifie":true,"name":"BHCI","source":"Géoportail ANSTAT"}},{"type":"Feature","geometry":{"type":"Point","coordinates":[-6.45962899999995,6.88639100000006]},"properties":{"id":36216,"nom":"BNI","type":"bank","district_region":null,"departement_commune":null,"verifie":true,"name":"BNI","source":"Géoportail ANSTAT"}},{"type":"Feature","geometry":{"type":"Point","coordinates":[-6.588079999999934,6.487913000000049]},"properties":{"id":36217,"nom":"BANQUE SGBCI","type":"bank","district_region":null,"departement_commune":null,"verifie":true,"name":"BANQUE SGBCI","source":"Géoportail ANSTAT"}},{"type":"Feature","geometry":{"type":"Point","coordinates":[-4.571695999999974,5.668518000000063]},"properties":{"id":36220,"nom":"BANQUE ATLANTIQUE","type":"bank","district_region":null,"departement_commune":null,"verifie":true,"name":"BANQUE ATLANTIQUE","source":"Géoportail ANSTAT"}},{"type":"Feature","geometry":{"type":"Point","coordinates":[-5.682994999999949,5.855167000000051]},"properties":{"id":36221,"nom":"BANQUE ATLANTIQUE","type":"bank","district_region":null,"departement_commune":null,"verifie":true,"name":"BANQUE ATLANTIQUE","source":"Géoportail ANSTAT"}},{"type":"Feature","geometry":{"type":"Point","coordinates":[-5.360322999999937,5.839770000000044]},"properties":{"id":36223,"nom":"BANQUE ATLANTIQUE","type":"bank","district_region":null,"departement_commune":null,"verifie":true,"name":"BANQUE ATLANTIQUE","source":"Géoportail ANSTAT"}},{"type":"Feature","geometry":{"type":"Point","coordinates":[-5.360235999999929,5.839725000000044]},"properties":{"id":36224,"nom":"BANQUE ATLANTIQUE","type":"bank","district_region":null,"departement_commune":null,"verifie":true,"name":"BANQUE ATLANTIQUE","source":"Géoportail ANSTAT"}},{"type":"Feature","geometry":{"type":"Point","coordinates":[-5.358950999999934,5.840802000000053]},"properties":{"id":36225,"nom":"BNI","type":"bank","district_region":null,"departement_commune":null,"verifie":true,"name":"BNI","source":"Géoportail ANSTAT"}},{"type":"Feature","geometry":{"type":"Point","coordinates":[-6.447754999999972,9.830882000000033]},"properties":{"id":36226,"nom":"BANQUE ATLANTIQUE","type":"bank","district_region":null,"departement_commune":null,"verifie":true,"name":"BANQUE ATLANTIQUE","source":"Géoportail ANSTAT"}},{"type":"Feature","geometry":{"type":"Point","coordinates":[-6.481142999999975,9.520001000000036]},"properties":{"id":36227,"nom":"BANQUE ATLANTIQUE","type":"bank","district_region":null,"departement_commune":null,"verifie":true,"name":"BANQUE ATLANTIQUE","source":"Géoportail ANSTAT"}},{"type":"Feature","geometry":{"type":"Point","coordinates":[-6.484890999999948,9.522621000000072]},"properties":{"id":36228,"nom":"BNI","type":"bank","district_region":null,"departement_commune":null,"verifie":true,"name":"BNI","source":"Géoportail ANSTAT"}},{"type":"Feature","geometry":{"type":"Point","coordinates":[-3.489688999999942,6.73403600000006]},"properties":{"id":36230,"nom":"BCEAO","type":"bank","district_region":null,"departement_commune":null,"verifie":true,"name":"BCEAO","source":"Géoportail ANSTAT"}},{"type":"Feature","geometry":{"type":"Point","coordinates":[-3.489626999999928,6.733867000000032]},"properties":{"id":36231,"nom":"BCEAO","type":"bank","district_region":null,"departement_commune":null,"verifie":true,"name":"BCEAO","source":"Géoportail ANSTAT"}},{"type":"Feature","geometry":{"type":"Point","coordinates":[-3.489338999999973,6.730300000000057]},"properties":{"id":36233,"nom":"BICICI","type":"bank","district_region":null,"departement_commune":null,"verifie":true,"name":"BICICI","source":"Géoportail ANSTAT"}},{"type":"Feature","geometry":{"type":"Point","coordinates":[-3.48716399999995,6.730201000000022]},"properties":{"id":36234,"nom":"BNI","type":"bank","district_region":null,"departement_commune":null,"verifie":true,"name":"BNI","source":"Géoportail ANSTAT"}},{"type":"Feature","geometry":{"type":"Point","coordinates":[-3.200926999999979,7.126979000000063]},"properties":{"id":36235,"nom":"BANQUE ATLANTIQUE","type":"bank","district_region":null,"departement_commune":null,"verifie":true,"name":"BANQUE ATLANTIQUE","source":"Géoportail ANSTAT"}},{"type":"Feature","geometry":{"type":"Point","coordinates":[-3.200278999999966,7.12424500000003]},"properties":{"id":36236,"nom":"BANQUE DES DEPOTS DU TRESOR PUBLIC","type":"bank","district_region":null,"departement_commune":null,"verifie":true,"name":"BANQUE DES DEPOTS DU TRESOR PUBLIC","source":"Géoportail ANSTAT"}},{"type":"Feature","geometry":{"type":"Point","coordinates":[-3.200899999999933,7.126795000000072]},"properties":{"id":36237,"nom":"BANQUE SIB","type":"bank","district_region":null,"departement_commune":null,"verifie":true,"name":"BANQUE SIB","source":"Géoportail ANSTAT"}},{"type":"Feature","geometry":{"type":"Point","coordinates":[-3.408844999999928,6.073678000000029]},"properties":{"id":36239,"nom":"BANQUE POPULAIRE AGENCE DE BETTIE","type":"bank","district_region":null,"departement_commune":null,"verifie":true,"name":"BANQUE POPULAIRE AGENCE DE BETTIE","source":"Géoportail ANSTAT"}},{"type":"Feature","geometry":{"type":"Point","coordinates":[-7.562570999999934,9.504229000000066]},"properties":{"id":36240,"nom":"BANQUE ATLANTIQUE","type":"bank","district_region":null,"departement_commune":null,"verifie":true,"name":"BANQUE ATLANTIQUE","source":"Géoportail ANSTAT"}},{"type":"Feature","geometry":{"type":"Point","coordinates":[-3.860490999999968,6.09818400000006]},"properties":{"id":36243,"nom":"BANQUE ATLANTIQUE","type":"bank","district_region":null,"departement_commune":null,"verifie":true,"name":"BANQUE ATLANTIQUE","source":"Géoportail ANSTAT"}},{"type":"Feature","geometry":{"type":"Point","coordinates":[-3.597497999999973,5.268430000000023]},"properties":{"id":36244,"nom":"BNI","type":"bank","district_region":null,"departement_commune":null,"verifie":true,"name":"BNI","source":"Géoportail ANSTAT"}},{"type":"Feature","geometry":{"type":"Point","coordinates":[-3.736068999999929,5.203393000000062]},"properties":{"id":36245,"nom":"BANQUE ATLANTIQUE","type":"bank","district_region":null,"departement_commune":null,"verifie":true,"name":"BANQUE ATLANTIQUE","source":"Géoportail ANSTAT"}},{"type":"Feature","geometry":{"type":"Point","coordinates":[-3.752403999999956,5.211966000000075]},"properties":{"id":36246,"nom":"BANQUE BICICI","type":"bank","district_region":null,"departement_commune":null,"verifie":true,"name":"BANQUE BICICI","source":"Géoportail ANSTAT"}},{"type":"Feature","geometry":{"type":"Point","coordinates":[-3.29237999999998,5.136411000000066]},"properties":{"id":36248,"nom":"BANQUE NSIA","type":"bank","district_region":null,"departement_commune":null,"verifie":true,"name":"BANQUE NSIA","source":"Géoportail ANSTAT"}},{"type":"Feature","geometry":{"type":"Point","coordinates":[-3.388774999999953,5.369489000000044]},"properties":{"id":36249,"nom":"BANQUE DE PALMCI","type":"bank","district_region":null,"departement_commune":null,"verifie":true,"name":"BANQUE DE PALMCI","source":"Géoportail ANSTAT"}},{"type":"Feature","geometry":{"type":"Point","coordinates":[-3.204396999999972,5.470127000000048]},"properties":{"id":36251,"nom":"BANQUE ATLANTIQUE","type":"bank","district_region":null,"departement_commune":null,"verifie":true,"name":"BANQUE ATLANTIQUE","source":"Géoportail ANSTAT"}},{"type":"Feature","geometry":{"type":"Point","coordinates":[-3.206199999999967,5.468657000000064]},"properties":{"id":36252,"nom":"BICICI","type":"bank","district_region":null,"departement_commune":null,"verifie":true,"name":"BICICI","source":"Géoportail ANSTAT"}},{"type":"Feature","geometry":{"type":"Point","coordinates":[-3.20619899999997,5.470188000000064]},"properties":{"id":36253,"nom":"BNI","type":"bank","district_region":null,"departement_commune":null,"verifie":true,"name":"BNI","source":"Géoportail ANSTAT"}},{"type":"Feature","geometry":{"type":"Point","coordinates":[-5.098389999999938,8.135595000000023]},"properties":{"id":36254,"nom":"BANQUE WARI","type":"bank","district_region":null,"departement_commune":null,"verifie":true,"name":"BANQUE WARI","source":"Géoportail ANSTAT"}},{"type":"Feature","geometry":{"type":"Point","coordinates":[-7.545199999999966,7.412372000000062]},"properties":{"id":36255,"nom":"BANQU NOTIONALE DINVESTISSEMENT","type":"bank","district_region":null,"departement_commune":null,"verifie":true,"name":"BANQU NOTIONALE DINVESTISSEMENT","source":"Géoportail ANSTAT"}},{"type":"Feature","geometry":{"type":"Point","coordinates":[-7.553435999999977,7.40910800000006]},"properties":{"id":36256,"nom":"BANQUE ATLANTIQUE","type":"bank","district_region":null,"departement_commune":null,"verifie":true,"name":"BANQUE ATLANTIQUE","source":"Géoportail ANSTAT"}},{"type":"Feature","geometry":{"type":"Point","coordinates":[-7.545241999999973,7.414963000000057]},"properties":{"id":36257,"nom":"BANQUE SAHELO SAHARIENNE","type":"bank","district_region":null,"departement_commune":null,"verifie":true,"name":"BANQUE SAHELO SAHARIENNE","source":"Géoportail ANSTAT"}},{"type":"Feature","geometry":{"type":"Point","coordinates":[-7.549940999999933,7.410141000000067]},"properties":{"id":36259,"nom":"BCEAO","type":"bank","district_region":null,"departement_commune":null,"verifie":true,"name":"BCEAO","source":"Géoportail ANSTAT"}},{"type":"Feature","geometry":{"type":"Point","coordinates":[-8.153804999999977,7.262103000000025]},"properties":{"id":36262,"nom":"BANQUE C N C E","type":"bank","district_region":null,"departement_commune":null,"verifie":true,"name":"BANQUE C N C E","source":"Géoportail ANSTAT"}},{"type":"Feature","geometry":{"type":"Point","coordinates":[-8.156080999999972,7.262625000000071]},"properties":{"id":36263,"nom":"BANQUE DES DEPOTS DU TRESOR PUBLIQUE DE DANANE","type":"bank","district_region":null,"departement_commune":null,"verifie":true,"name":"BANQUE DES DEPOTS DU TRESOR PUBLIQUE DE DANANE","source":"Géoportail ANSTAT"}},{"type":"Feature","geometry":{"type":"Point","coordinates":[-8.15398799999997,7.261684000000059]},"properties":{"id":36264,"nom":"BANQUE SGBCI","type":"bank","district_region":null,"departement_commune":null,"verifie":true,"name":"BANQUE SGBCI","source":"Géoportail ANSTAT"}},{"type":"Feature","geometry":{"type":"Point","coordinates":[-6.66214599999995,4.777989000000048]},"properties":{"id":36267,"nom":"BANQUE CORIS","type":"bank","district_region":null,"departement_commune":null,"verifie":true,"name":"BANQUE CORIS","source":"Géoportail ANSTAT"}},{"type":"Feature","geometry":{"type":"Point","coordinates":[-6.59630599999997,5.784825000000069]},"properties":{"id":36268,"nom":"BANQUE BICICI","type":"bank","district_region":null,"departement_commune":null,"verifie":true,"name":"BANQUE BICICI","source":"Géoportail ANSTAT"}},{"type":"Feature","geometry":{"type":"Point","coordinates":[-3.683962999999949,6.657530000000065]},"properties":{"id":36273,"nom":"BANQUE CECP","type":"bank","district_region":null,"departement_commune":null,"verifie":true,"name":"BANQUE CECP","source":"Géoportail ANSTAT"}},{"type":"Feature","geometry":{"type":"Point","coordinates":[-3.408973999999944,6.073704000000021]},"properties":{"id":36274,"nom":"BANQUE POPULAIRE","type":"bank","district_region":null,"departement_commune":null,"verifie":true,"name":"BANQUE POPULAIRE","source":"Géoportail ANSTAT"}},{"type":"Feature","geometry":{"type":"Point","coordinates":[-6.634217999999976,4.74650900000006]},"properties":{"id":36289,"nom":"BRIDGE BANK GROUP CI","type":"bank","district_region":null,"departement_commune":null,"verifie":true,"name":"BRIDGE BANK GROUP CI","source":"Géoportail ANSTAT"}},{"type":"Feature","geometry":{"type":"Point","coordinates":[-5.943552999999952,6.129490000000033]},"properties":{"id":36313,"nom":"BSIC","type":"bank","district_region":null,"departement_commune":null,"verifie":true,"name":"BSIC","source":"Géoportail ANSTAT"}},{"type":"Feature","geometry":{"type":"Point","coordinates":[-6.446544999999958,6.881351000000052]},"properties":{"id":36349,"nom":"BSIC","type":"bank","district_region":null,"departement_commune":null,"verifie":true,"name":"BSIC","source":"Géoportail ANSTAT"}},{"type":"Feature","geometry":{"type":"Point","coordinates":[-5.58463299999994,5.097444000000053]},"properties":{"id":36505,"nom":"CECP","type":"bank","district_region":null,"departement_commune":null,"verifie":true,"name":"CECP","source":"Géoportail ANSTAT"}},{"type":"Feature","geometry":{"type":"Point","coordinates":[-5.224603999999943,7.159095000000036]},"properties":{"id":36506,"nom":"CECP","type":"bank","district_region":null,"departement_commune":null,"verifie":true,"name":"CECP","source":"Géoportail ANSTAT"}},{"type":"Feature","geometry":{"type":"Point","coordinates":[-6.923989999999947,4.650933000000066]},"properties":{"id":36554,"nom":"CNCE","type":"bank","district_region":null,"departement_commune":null,"verifie":true,"name":"CNCE","source":"Géoportail ANSTAT"}},{"type":"Feature","geometry":{"type":"Point","coordinates":[-3.068411999999967,7.988096000000041]},"properties":{"id":36557,"nom":"CMEC","type":"bank","district_region":null,"departement_commune":null,"verifie":true,"name":"CMEC","source":"Géoportail ANSTAT"}},{"type":"Feature","geometry":{"type":"Point","coordinates":[-5.007679999999937,7.683050000000037]},"properties":{"id":36558,"nom":"CODIVAL","type":"bank","district_region":null,"departement_commune":null,"verifie":true,"name":"CODIVAL","source":"Géoportail ANSTAT"}},{"type":"Feature","geometry":{"type":"Point","coordinates":[-6.607723999999962,5.78439400000002]},"properties":{"id":36572,"nom":"CONTROLE FINANCIER","type":"bank","district_region":null,"departement_commune":null,"verifie":true,"name":"CONTROLE FINANCIER","source":"Géoportail ANSTAT"}},{"type":"Feature","geometry":{"type":"Point","coordinates":[-6.635454999999979,4.74826500000006]},"properties":{"id":36675,"nom":"CORIS BANK","type":"bank","district_region":null,"departement_commune":null,"verifie":true,"name":"CORIS BANK","source":"Géoportail ANSTAT"}},{"type":"Feature","geometry":{"type":"Point","coordinates":[-6.596389999999928,5.784783000000061]},"properties":{"id":36685,"nom":"CORIS BANK","type":"bank","district_region":null,"departement_commune":null,"verifie":true,"name":"CORIS BANK","source":"Géoportail ANSTAT"}},{"type":"Feature","geometry":{"type":"Point","coordinates":[-5.02810299999993,7.681105000000059]},"properties":{"id":36719,"nom":"CORIS BANK","type":"bank","district_region":null,"departement_commune":null,"verifie":true,"name":"CORIS BANK","source":"Géoportail ANSTAT"}},{"type":"Feature","geometry":{"type":"Point","coordinates":[-6.456991999999957,6.881557000000043]},"properties":{"id":36734,"nom":"CORIS BANK","type":"bank","district_region":null,"departement_commune":null,"verifie":true,"name":"CORIS BANK","source":"Géoportail ANSTAT"}},{"type":"Feature","geometry":{"type":"Point","coordinates":[-5.633292999999981,9.458284000000049]},"properties":{"id":36800,"nom":"CORIS BANQUE","type":"bank","district_region":null,"departement_commune":null,"verifie":true,"name":"CORIS BANQUE","source":"Géoportail ANSTAT"}},{"type":"Feature","geometry":{"type":"Point","coordinates":[-2.801331999999945,8.03835300000003]},"properties":{"id":36808,"nom":"CPZ","type":"bank","district_region":null,"departement_commune":null,"verifie":true,"name":"CPZ","source":"Géoportail ANSTAT"}},{"type":"Feature","geometry":{"type":"Point","coordinates":[-5.029154999999946,7.681785000000048]},"properties":{"id":36869,"nom":"DIAMOND BANQUE","type":"bank","district_region":null,"departement_commune":null,"verifie":true,"name":"DIAMOND BANQUE","source":"Géoportail ANSTAT"}},{"type":"Feature","geometry":{"type":"Point","coordinates":[-6.455482999999958,6.884060000000034]},"properties":{"id":36872,"nom":"DIAMOND BANQUE","type":"bank","district_region":null,"departement_commune":null,"verifie":true,"name":"DIAMOND BANQUE","source":"Géoportail ANSTAT"}},{"type":"Feature","geometry":{"type":"Point","coordinates":[-6.63307599999996,4.745423000000073]},"properties":{"id":36911,"nom":"ECOBANK","type":"bank","district_region":null,"departement_commune":null,"verifie":true,"name":"ECOBANK","source":"Géoportail ANSTAT"}},{"type":"Feature","geometry":{"type":"Point","coordinates":[-6.65532799999994,4.778666000000044]},"properties":{"id":36912,"nom":"ECOBANK","type":"bank","district_region":null,"departement_commune":null,"verifie":true,"name":"ECOBANK","source":"Géoportail ANSTAT"}},{"type":"Feature","geometry":{"type":"Point","coordinates":[-5.625480999999979,9.460921000000042]},"properties":{"id":36914,"nom":"ECOBANK","type":"bank","district_region":null,"departement_commune":null,"verifie":true,"name":"ECOBANK","source":"Géoportail ANSTAT"}},{"type":"Feature","geometry":{"type":"Point","coordinates":[-6.555199999999957,5.407560000000046]},"properties":{"id":36915,"nom":"ECOBANK","type":"bank","district_region":null,"departement_commune":null,"verifie":true,"name":"ECOBANK","source":"Géoportail ANSTAT"}},{"type":"Feature","geometry":{"type":"Point","coordinates":[-7.349418999999955,6.745699000000059]},"properties":{"id":36917,"nom":"ECOBANK","type":"bank","district_region":null,"departement_commune":null,"verifie":true,"name":"ECOBANK","source":"Géoportail ANSTAT"}},{"type":"Feature","geometry":{"type":"Point","coordinates":[-2.798357999999951,8.04101300000002]},"properties":{"id":36921,"nom":"ECOBANK","type":"bank","district_region":null,"departement_commune":null,"verifie":true,"name":"ECOBANK","source":"Géoportail ANSTAT"}},{"type":"Feature","geometry":{"type":"Point","coordinates":[-6.588016999999979,6.490126000000032]},"properties":{"id":36927,"nom":"ECOBANK","type":"bank","district_region":null,"departement_commune":null,"verifie":true,"name":"ECOBANK","source":"Géoportail ANSTAT"}},{"type":"Feature","geometry":{"type":"Point","coordinates":[-3.862103999999931,6.09546000000006]},"properties":{"id":36929,"nom":"ECOBANK","type":"bank","district_region":null,"departement_commune":null,"verifie":true,"name":"ECOBANK","source":"Géoportail ANSTAT"}},{"type":"Feature","geometry":{"type":"Point","coordinates":[-3.733397999999966,5.210505000000069]},"properties":{"id":36930,"nom":"ECOBANK","type":"bank","district_region":null,"departement_commune":null,"verifie":true,"name":"ECOBANK","source":"Géoportail ANSTAT"}},{"type":"Feature","geometry":{"type":"Point","coordinates":[-2.789703999999972,5.29028100000005]},"properties":{"id":36931,"nom":"ECOBANK","type":"bank","district_region":null,"departement_commune":null,"verifie":true,"name":"ECOBANK","source":"Géoportail ANSTAT"}},{"type":"Feature","geometry":{"type":"Point","coordinates":[-3.205956999999955,5.467502000000025]},"properties":{"id":36933,"nom":"ECOBANK","type":"bank","district_region":null,"departement_commune":null,"verifie":true,"name":"ECOBANK","source":"Géoportail ANSTAT"}},{"type":"Feature","geometry":{"type":"Point","coordinates":[-7.553211999999974,7.408631000000071]},"properties":{"id":36934,"nom":"ECOBANK","type":"bank","district_region":null,"departement_commune":null,"verifie":true,"name":"ECOBANK","source":"Géoportail ANSTAT"}},{"type":"Feature","geometry":{"type":"Point","coordinates":[-7.458435999999949,7.282957000000067]},"properties":{"id":36939,"nom":"DON DE LA BANQUE MONDIALE","type":"bank","district_region":null,"departement_commune":null,"verifie":true,"name":"DON DE LA BANQUE MONDIALE","source":"Géoportail ANSTAT"}},{"type":"Feature","geometry":{"type":"Point","coordinates":[-5.26535599999994,6.812310000000025]},"properties":{"id":36944,"nom":"ALTANTIQUE","type":"bank","district_region":null,"departement_commune":null,"verifie":true,"name":"ALTANTIQUE","source":"Géoportail ANSTAT"}},{"type":"Feature","geometry":{"type":"Point","coordinates":[-5.26169299999998,6.810286000000076]},"properties":{"id":36990,"nom":"SOCIETE  IVOIRIENNE DE BANQUE","type":"bank","district_region":null,"departement_commune":null,"verifie":true,"name":"SOCIETE  IVOIRIENNE DE BANQUE","source":"Géoportail ANSTAT"}},{"type":"Feature","geometry":{"type":"Point","coordinates":[-6.631232999999952,4.745001000000059]},"properties":{"id":36993,"nom":"FIDRA","type":"bank","district_region":null,"departement_commune":null,"verifie":true,"name":"FIDRA","source":"Géoportail ANSTAT"}},{"type":"Feature","geometry":{"type":"Point","coordinates":[-5.262042999999949,6.810418000000027]},"properties":{"id":37002,"nom":"NSIA BANQUE","type":"bank","district_region":null,"departement_commune":null,"verifie":true,"name":"NSIA BANQUE","source":"Géoportail ANSTAT"}},{"type":"Feature","geometry":{"type":"Point","coordinates":[-5.262291999999945,6.81059300000004]},"properties":{"id":37393,"nom":"ECOBANK","type":"bank","district_region":null,"departement_commune":null,"verifie":true,"name":"ECOBANK","source":"Géoportail ANSTAT"}},{"type":"Feature","geometry":{"type":"Point","coordinates":[-5.263376999999934,6.811205000000029]},"properties":{"id":37420,"nom":"BICICI","type":"bank","district_region":null,"departement_commune":null,"verifie":true,"name":"BICICI","source":"Géoportail ANSTAT"}},{"type":"Feature","geometry":{"type":"Point","coordinates":[-4.511443999999926,5.686323000000073]},"properties":{"id":37435,"nom":"IDEAL SERVICE","type":"bank","district_region":null,"departement_commune":null,"verifie":true,"name":"IDEAL SERVICE","source":"Géoportail ANSTAT"}},{"type":"Feature","geometry":{"type":"Point","coordinates":[-5.275278999999955,6.820512000000065]},"properties":{"id":37670,"nom":"SGBCI","type":"bank","district_region":null,"departement_commune":null,"verifie":true,"name":"SGBCI","source":"Géoportail ANSTAT"}},{"type":"Feature","geometry":{"type":"Point","coordinates":[-5.278378999999973,6.820492000000058]},"properties":{"id":37744,"nom":"BANK OF AFRICA","type":"bank","district_region":null,"departement_commune":null,"verifie":true,"name":"BANK OF AFRICA","source":"Géoportail ANSTAT"}},{"type":"Feature","geometry":{"type":"Point","coordinates":[-5.200481999999965,9.592827000000057]},"properties":{"id":37858,"nom":"NSIA","type":"bank","district_region":null,"departement_commune":null,"verifie":true,"name":"NSIA","source":"Géoportail ANSTAT"}},{"type":"Feature","geometry":{"type":"Point","coordinates":[-6.634046999999953,4.746839000000023]},"properties":{"id":37859,"nom":"NSIA BANQUE","type":"bank","district_region":null,"departement_commune":null,"verifie":true,"name":"NSIA BANQUE","source":"Géoportail ANSTAT"}},{"type":"Feature","geometry":{"type":"Point","coordinates":[-5.625116999999932,9.460949000000028]},"properties":{"id":37860,"nom":"NSIA","type":"bank","district_region":null,"departement_commune":null,"verifie":true,"name":"NSIA","source":"Géoportail ANSTAT"}},{"type":"Feature","geometry":{"type":"Point","coordinates":[-4.200885999999969,6.645599000000061]},"properties":{"id":37862,"nom":"NSIA BANQUE","type":"bank","district_region":null,"departement_commune":null,"verifie":true,"name":"NSIA BANQUE","source":"Géoportail ANSTAT"}},{"type":"Feature","geometry":{"type":"Point","coordinates":[-7.343643999999927,6.745619000000033]},"properties":{"id":37863,"nom":"NSIA","type":"bank","district_region":null,"departement_commune":null,"verifie":true,"name":"NSIA","source":"Géoportail ANSTAT"}},{"type":"Feature","geometry":{"type":"Point","coordinates":[-4.408736999999974,5.205873000000054]},"properties":{"id":37865,"nom":"NSIA BANQUE","type":"bank","district_region":null,"departement_commune":null,"verifie":true,"name":"NSIA BANQUE","source":"Géoportail ANSTAT"}},{"type":"Feature","geometry":{"type":"Point","coordinates":[-5.943565999999976,6.129651000000024]},"properties":{"id":37867,"nom":"NSIA BANQUE","type":"bank","district_region":null,"departement_commune":null,"verifie":true,"name":"NSIA BANQUE","source":"Géoportail ANSTAT"}},{"type":"Feature","geometry":{"type":"Point","coordinates":[-5.415788999999961,6.383332000000053]},"properties":{"id":37868,"nom":"NSIA BANQUE","type":"bank","district_region":null,"departement_commune":null,"verifie":true,"name":"NSIA BANQUE","source":"Géoportail ANSTAT"}},{"type":"Feature","geometry":{"type":"Point","coordinates":[-6.669712999999945,7.960514000000046]},"properties":{"id":37874,"nom":"NSIA BANQUE","type":"bank","district_region":null,"departement_commune":null,"verifie":true,"name":"NSIA BANQUE","source":"Géoportail ANSTAT"}},{"type":"Feature","geometry":{"type":"Point","coordinates":[-5.02902899999998,7.682193000000041]},"properties":{"id":37875,"nom":"NSIA","type":"bank","district_region":null,"departement_commune":null,"verifie":true,"name":"NSIA","source":"Géoportail ANSTAT"}},{"type":"Feature","geometry":{"type":"Point","coordinates":[-7.488648999999953,6.546774000000028]},"properties":{"id":37877,"nom":"NSIA BANQUE GUIGLO","type":"bank","district_region":null,"departement_commune":null,"verifie":true,"name":"NSIA BANQUE GUIGLO","source":"Géoportail ANSTAT"}},{"type":"Feature","geometry":{"type":"Point","coordinates":[-4.820105999999953,5.893638000000067]},"properties":{"id":37880,"nom":"NSIA TIASSALE","type":"bank","district_region":null,"departement_commune":null,"verifie":true,"name":"NSIA TIASSALE","source":"Géoportail ANSTAT"}},{"type":"Feature","geometry":{"type":"Point","coordinates":[-4.213679999999954,5.931301000000076]},"properties":{"id":37881,"nom":"NSIA BANQUE","type":"bank","district_region":null,"departement_commune":null,"verifie":true,"name":"NSIA BANQUE","source":"Géoportail ANSTAT"}},{"type":"Feature","geometry":{"type":"Point","coordinates":[-5.359545999999966,5.839941000000067]},"properties":{"id":37884,"nom":"NSIA BANQUE","type":"bank","district_region":null,"departement_commune":null,"verifie":true,"name":"NSIA BANQUE","source":"Géoportail ANSTAT"}},{"type":"Feature","geometry":{"type":"Point","coordinates":[-3.270062999999936,6.66416300000003]},"properties":{"id":37886,"nom":"NSIA BANQUE","type":"bank","district_region":null,"departement_commune":null,"verifie":true,"name":"NSIA BANQUE","source":"Géoportail ANSTAT"}},{"type":"Feature","geometry":{"type":"Point","coordinates":[-3.203996999999958,7.121964000000048]},"properties":{"id":37888,"nom":"NSIA BANQUE","type":"bank","district_region":null,"departement_commune":null,"verifie":true,"name":"NSIA BANQUE","source":"Géoportail ANSTAT"}},{"type":"Feature","geometry":{"type":"Point","coordinates":[-7.561367999999959,9.507106000000022]},"properties":{"id":37889,"nom":"NSIA BANQUE","type":"bank","district_region":null,"departement_commune":null,"verifie":true,"name":"NSIA BANQUE","source":"Géoportail ANSTAT"}},{"type":"Feature","geometry":{"type":"Point","coordinates":[-3.861906999999974,6.095596000000057]},"properties":{"id":37891,"nom":"NSIA BANQUE","type":"bank","district_region":null,"departement_commune":null,"verifie":true,"name":"NSIA BANQUE","source":"Géoportail ANSTAT"}},{"type":"Feature","geometry":{"type":"Point","coordinates":[-3.592915999999946,5.272547000000031]},"properties":{"id":37892,"nom":"NSIA BANQUE","type":"bank","district_region":null,"departement_commune":null,"verifie":true,"name":"NSIA BANQUE","source":"Géoportail ANSTAT"}},{"type":"Feature","geometry":{"type":"Point","coordinates":[-3.753903999999977,5.211132000000021]},"properties":{"id":37894,"nom":"NSIA BANQUE","type":"bank","district_region":null,"departement_commune":null,"verifie":true,"name":"NSIA BANQUE","source":"Géoportail ANSTAT"}},{"type":"Feature","geometry":{"type":"Point","coordinates":[-3.210628999999926,5.465761000000043]},"properties":{"id":37896,"nom":"NSIA BANQUE","type":"bank","district_region":null,"departement_commune":null,"verifie":true,"name":"NSIA BANQUE","source":"Géoportail ANSTAT"}},{"type":"Feature","geometry":{"type":"Point","coordinates":[-3.960531999999944,7.056924000000038]},"properties":{"id":37898,"nom":"NSIA BANQUE","type":"bank","district_region":null,"departement_commune":null,"verifie":true,"name":"NSIA BANQUE","source":"Géoportail ANSTAT"}},{"type":"Feature","geometry":{"type":"Point","coordinates":[-6.635544999999979,4.748335000000054]},"properties":{"id":37904,"nom":"ORABANK","type":"bank","district_region":null,"departement_commune":null,"verifie":true,"name":"ORABANK","source":"Géoportail ANSTAT"}},{"type":"Feature","geometry":{"type":"Point","coordinates":[-3.270581999999933,6.662258000000065]},"properties":{"id":38239,"nom":"ORABANK","type":"bank","district_region":null,"departement_commune":null,"verifie":true,"name":"ORABANK","source":"Géoportail ANSTAT"}},{"type":"Feature","geometry":{"type":"Point","coordinates":[-4.386116999999956,5.32608700000003]},"properties":{"id":38302,"nom":"NSIA BANQUE","type":"bank","district_region":null,"departement_commune":null,"verifie":true,"name":"NSIA BANQUE","source":"Géoportail ANSTAT"}},{"type":"Feature","geometry":{"type":"Point","coordinates":[-6.365862999999933,7.267743000000053]},"properties":{"id":38359,"nom":"POINT OM","type":"bank","district_region":null,"departement_commune":null,"verifie":true,"name":"POINT OM","source":"Géoportail ANSTAT"}},{"type":"Feature","geometry":{"type":"Point","coordinates":[-5.279248999999936,6.821244000000036]},"properties":{"id":38386,"nom":"BNI","type":"bank","district_region":null,"departement_commune":null,"verifie":true,"name":"BNI","source":"Géoportail ANSTAT"}},{"type":"Feature","geometry":{"type":"Point","coordinates":[-5.197227999999939,9.59287900000004]},"properties":{"id":38691,"nom":"SIB","type":"bank","district_region":null,"departement_commune":null,"verifie":true,"name":"SIB","source":"Géoportail ANSTAT"}},{"type":"Feature","geometry":{"type":"Point","coordinates":[-6.653130999999973,4.778486000000044]},"properties":{"id":38692,"nom":"SGBCI","type":"bank","district_region":null,"departement_commune":null,"verifie":true,"name":"SGBCI","source":"Géoportail ANSTAT"}},{"type":"Feature","geometry":{"type":"Point","coordinates":[-6.633511999999939,4.745853000000068]},"properties":{"id":38694,"nom":"SGBCI","type":"bank","district_region":null,"departement_commune":null,"verifie":true,"name":"SGBCI","source":"Géoportail ANSTAT"}},{"type":"Feature","geometry":{"type":"Point","coordinates":[-6.633761999999933,4.745879000000059]},"properties":{"id":38695,"nom":"SGBCI","type":"bank","district_region":null,"departement_commune":null,"verifie":true,"name":"SGBCI","source":"Géoportail ANSTAT"}},{"type":"Feature","geometry":{"type":"Point","coordinates":[-6.653367999999944,4.77846500000004]},"properties":{"id":38696,"nom":"SIB","type":"bank","district_region":null,"departement_commune":null,"verifie":true,"name":"SIB","source":"Géoportail ANSTAT"}},{"type":"Feature","geometry":{"type":"Point","coordinates":[-5.631645999999932,9.457580000000064]},"properties":{"id":38698,"nom":"SGBCI","type":"bank","district_region":null,"departement_commune":null,"verifie":true,"name":"SGBCI","source":"Géoportail ANSTAT"}},{"type":"Feature","geometry":{"type":"Point","coordinates":[-7.346086999999955,6.746395000000064]},"properties":{"id":38703,"nom":"SIB","type":"bank","district_region":null,"departement_commune":null,"verifie":true,"name":"SIB","source":"Géoportail ANSTAT"}},{"type":"Feature","geometry":{"type":"Point","coordinates":[-7.349913999999956,6.744578000000047]},"properties":{"id":38704,"nom":"SGBCI","type":"bank","district_region":null,"departement_commune":null,"verifie":true,"name":"SGBCI","source":"Géoportail ANSTAT"}},{"type":"Feature","geometry":{"type":"Point","coordinates":[-5.943844999999953,6.13481900000005]},"properties":{"id":38708,"nom":"SGBCI","type":"bank","district_region":null,"departement_commune":null,"verifie":true,"name":"SGBCI","source":"Géoportail ANSTAT"}},{"type":"Feature","geometry":{"type":"Point","coordinates":[-5.944170999999926,6.128504000000021]},"properties":{"id":38709,"nom":"SIB","type":"bank","district_region":null,"departement_commune":null,"verifie":true,"name":"SIB","source":"Géoportail ANSTAT"}},{"type":"Feature","geometry":{"type":"Point","coordinates":[-5.017172999999957,6.555846000000031]},"properties":{"id":38716,"nom":"SGBCI","type":"bank","district_region":null,"departement_commune":null,"verifie":true,"name":"SGBCI","source":"Géoportail ANSTAT"}},{"type":"Feature","geometry":{"type":"Point","coordinates":[-2.798708999999974,8.038618000000042]},"properties":{"id":38717,"nom":"SGBCI","type":"bank","district_region":null,"departement_commune":null,"verifie":true,"name":"SGBCI","source":"Géoportail ANSTAT"}},{"type":"Feature","geometry":{"type":"Point","coordinates":[-7.495089999999948,6.549109000000044]},"properties":{"id":38722,"nom":"SGBCI","type":"bank","district_region":null,"departement_commune":null,"verifie":true,"name":"SGBCI","source":"Géoportail ANSTAT"}},{"type":"Feature","geometry":{"type":"Point","coordinates":[-4.21689299999997,5.931893000000059]},"properties":{"id":38730,"nom":"SGBCI","type":"bank","district_region":null,"departement_commune":null,"verifie":true,"name":"SGBCI","source":"Géoportail ANSTAT"}},{"type":"Feature","geometry":{"type":"Point","coordinates":[-5.357749999999953,5.840213000000062]},"properties":{"id":38732,"nom":"SGBCI","type":"bank","district_region":null,"departement_commune":null,"verifie":true,"name":"SGBCI","source":"Géoportail ANSTAT"}},{"type":"Feature","geometry":{"type":"Point","coordinates":[-6.405586999999969,10.47102200000006]},"properties":{"id":38734,"nom":"SGBCI","type":"bank","district_region":null,"departement_commune":null,"verifie":true,"name":"SGBCI","source":"Géoportail ANSTAT"}},{"type":"Feature","geometry":{"type":"Point","coordinates":[-3.735620999999981,5.205234000000075]},"properties":{"id":38738,"nom":"SGBCI","type":"bank","district_region":null,"departement_commune":null,"verifie":true,"name":"SGBCI","source":"Géoportail ANSTAT"}},{"type":"Feature","geometry":{"type":"Point","coordinates":[-3.20462299999997,5.469800000000021]},"properties":{"id":38743,"nom":"SGBCI","type":"bank","district_region":null,"departement_commune":null,"verifie":true,"name":"SGBCI","source":"Géoportail ANSTAT"}},{"type":"Feature","geometry":{"type":"Point","coordinates":[-5.101703999999927,8.139237000000037]},"properties":{"id":38745,"nom":"SGBCI","type":"bank","district_region":null,"departement_commune":null,"verifie":true,"name":"SGBCI","source":"Géoportail ANSTAT"}},{"type":"Feature","geometry":{"type":"Point","coordinates":[-5.101903999999934,8.140018000000055]},"properties":{"id":38746,"nom":"SIB","type":"bank","district_region":null,"departement_commune":null,"verifie":true,"name":"SIB","source":"Géoportail ANSTAT"}},{"type":"Feature","geometry":{"type":"Point","coordinates":[-7.548906999999929,7.411443000000077]},"properties":{"id":38748,"nom":"SGBCI","type":"bank","district_region":null,"departement_commune":null,"verifie":true,"name":"SGBCI","source":"Géoportail ANSTAT"}},{"type":"Feature","geometry":{"type":"Point","coordinates":[-7.552363999999955,7.409290000000055]},"properties":{"id":38749,"nom":"SIB","type":"bank","district_region":null,"departement_commune":null,"verifie":true,"name":"SIB","source":"Géoportail ANSTAT"}},{"type":"Feature","geometry":{"type":"Point","coordinates":[-6.60373199999998,5.783294000000069]},"properties":{"id":38762,"nom":"SOCIETE IVOIRIENNE DE BANQUE","type":"bank","district_region":null,"departement_commune":null,"verifie":true,"name":"SOCIETE IVOIRIENNE DE BANQUE","source":"Géoportail ANSTAT"}},{"type":"Feature","geometry":{"type":"Point","coordinates":[-4.384211999999934,5.324487000000033]},"properties":{"id":38779,"nom":"SOCIETE GENERALE COTE D IVOIRE","type":"bank","district_region":null,"departement_commune":null,"verifie":true,"name":"SOCIETE GENERALE COTE D IVOIRE","source":"Géoportail ANSTAT"}},{"type":"Feature","geometry":{"type":"Point","coordinates":[-6.082985999999948,4.952355000000068]},"properties":{"id":38781,"nom":"SOCIETE IVOIRIENNE DE BANQUE","type":"bank","district_region":null,"departement_commune":null,"verifie":true,"name":"SOCIETE IVOIRIENNE DE BANQUE","source":"Géoportail ANSTAT"}},{"type":"Feature","geometry":{"type":"Point","coordinates":[-5.029009999999971,7.680972000000054]},"properties":{"id":38804,"nom":"SOCIETE GENERALE COTE D IVOIRE","type":"bank","district_region":null,"departement_commune":null,"verifie":true,"name":"SOCIETE GENERALE COTE D IVOIRE","source":"Géoportail ANSTAT"}},{"type":"Feature","geometry":{"type":"Point","coordinates":[-5.359466999999938,5.839934000000028]},"properties":{"id":38836,"nom":"SOCIETE IVOIRIENNE DE BANQUE","type":"bank","district_region":null,"departement_commune":null,"verifie":true,"name":"SOCIETE IVOIRIENNE DE BANQUE","source":"Géoportail ANSTAT"}},{"type":"Feature","geometry":{"type":"Point","coordinates":[-3.202710999999965,7.13959600000004]},"properties":{"id":38850,"nom":"SOCIETE GENERALE DES BANQUES DE COTE D IVOIRE","type":"bank","district_region":null,"departement_commune":null,"verifie":true,"name":"SOCIETE GENERALE DES BANQUES DE COTE D IVOIRE","source":"Géoportail ANSTAT"}},{"type":"Feature","geometry":{"type":"Point","coordinates":[-3.205085999999937,5.469367000000034]},"properties":{"id":38874,"nom":"SOCIETE IVOIRIENNE DE BANQUE","type":"bank","district_region":null,"departement_commune":null,"verifie":true,"name":"SOCIETE IVOIRIENNE DE BANQUE","source":"Géoportail ANSTAT"}},{"type":"Feature","geometry":{"type":"Point","coordinates":[-6.638933999999949,4.751085000000046]},"properties":{"id":39192,"nom":"UBA","type":"bank","district_region":null,"departement_commune":null,"verifie":true,"name":"UBA","source":"Géoportail ANSTAT"}},{"type":"Feature","geometry":{"type":"Point","coordinates":[-6.656966999999952,4.778765000000021]},"properties":{"id":39193,"nom":"UBA","type":"bank","district_region":null,"departement_commune":null,"verifie":true,"name":"UBA","source":"Géoportail ANSTAT"}},{"type":"Feature","geometry":{"type":"Point","coordinates":[-6.408114999999952,10.48404200000004]},"properties":{"id":39216,"nom":"UBA WAVE TRANSFERT D ARGENT","type":"bank","district_region":null,"departement_commune":null,"verifie":true,"name":"UBA WAVE TRANSFERT D ARGENT","source":"Géoportail ANSTAT"}},{"type":"Feature","geometry":{"type":"Point","coordinates":[-3.97594399999997,5.392067000000054]},"properties":{"id":39271,"nom":"BANK OF AFRICA","type":"bank","district_region":null,"departement_commune":null,"verifie":true,"name":"BANK OF AFRICA","source":"Géoportail ANSTAT"}},{"type":"Feature","geometry":{"type":"Point","coordinates":[-3.967998999999963,5.37716000000006]},"properties":{"id":39272,"nom":"BANQUE POURLE FINANCEMENT DE LAGRICULTURE","type":"bank","district_region":null,"departement_commune":null,"verifie":true,"name":"BANQUE POURLE FINANCEMENT DE LAGRICULTURE","source":"Géoportail ANSTAT"}},{"type":"Feature","geometry":{"type":"Point","coordinates":[-3.97366999999997,5.383621000000062]},"properties":{"id":39274,"nom":"BNI","type":"bank","district_region":null,"departement_commune":null,"verifie":true,"name":"BNI","source":"Géoportail ANSTAT"}},{"type":"Feature","geometry":{"type":"Point","coordinates":[-4.051607999999931,5.495183000000054]},"properties":{"id":39275,"nom":"BANQUE ATLANTIQUE","type":"bank","district_region":null,"departement_commune":null,"verifie":true,"name":"BANQUE ATLANTIQUE","source":"Géoportail ANSTAT"}},{"type":"Feature","geometry":{"type":"Point","coordinates":[-4.054234999999949,5.444004000000064]},"properties":{"id":39278,"nom":"BNI","type":"bank","district_region":null,"departement_commune":null,"verifie":true,"name":"BNI","source":"Géoportail ANSTAT"}},{"type":"Feature","geometry":{"type":"Point","coordinates":[-4.012440999999967,5.436066000000039]},"properties":{"id":39282,"nom":"BICICI","type":"bank","district_region":null,"departement_commune":null,"verifie":true,"name":"BICICI","source":"Géoportail ANSTAT"}},{"type":"Feature","geometry":{"type":"Point","coordinates":[-4.010041999999942,5.435296000000051]},"properties":{"id":39283,"nom":"BNI","type":"bank","district_region":null,"departement_commune":null,"verifie":true,"name":"BNI","source":"Géoportail ANSTAT"}},{"type":"Feature","geometry":{"type":"Point","coordinates":[-4.014635999999939,5.425512000000026]},"properties":{"id":39289,"nom":"AFRILAND FIRST BANK","type":"bank","district_region":null,"departement_commune":null,"verifie":true,"name":"AFRILAND FIRST BANK","source":"Géoportail ANSTAT"}},{"type":"Feature","geometry":{"type":"Point","coordinates":[-4.015113999999926,5.422300000000064]},"properties":{"id":39290,"nom":"BANQUE ATLANTIQUE","type":"bank","district_region":null,"departement_commune":null,"verifie":true,"name":"BANQUE ATLANTIQUE","source":"Géoportail ANSTAT"}},{"type":"Feature","geometry":{"type":"Point","coordinates":[-4.015332999999941,5.422438000000056]},"properties":{"id":39291,"nom":"BANQUE D ABIDJAN","type":"bank","district_region":null,"departement_commune":null,"verifie":true,"name":"BANQUE D ABIDJAN","source":"Géoportail ANSTAT"}},{"type":"Feature","geometry":{"type":"Point","coordinates":[-4.015998999999965,5.42259800000005]},"properties":{"id":39292,"nom":"BICICI","type":"bank","district_region":null,"departement_commune":null,"verifie":true,"name":"BICICI","source":"Géoportail ANSTAT"}},{"type":"Feature","geometry":{"type":"Point","coordinates":[-4.015720999999928,5.423401000000069]},"properties":{"id":39293,"nom":"BNI","type":"bank","district_region":null,"departement_commune":null,"verifie":true,"name":"BNI","source":"Géoportail ANSTAT"}},{"type":"Feature","geometry":{"type":"Point","coordinates":[-4.019745999999941,5.427287000000035]},"properties":{"id":39294,"nom":"BANQUE ATLANTIQUE","type":"bank","district_region":null,"departement_commune":null,"verifie":true,"name":"BANQUE ATLANTIQUE","source":"Géoportail ANSTAT"}},{"type":"Feature","geometry":{"type":"Point","coordinates":[-4.006208999999956,5.412663000000066]},"properties":{"id":39295,"nom":"ADVANS COTE DIVOIRE","type":"bank","district_region":null,"departement_commune":null,"verifie":true,"name":"ADVANS COTE DIVOIRE","source":"Géoportail ANSTAT"}},{"type":"Feature","geometry":{"type":"Point","coordinates":[-4.006391999999948,5.412750000000074]},"properties":{"id":39304,"nom":"BHCI","type":"bank","district_region":null,"departement_commune":null,"verifie":true,"name":"BHCI","source":"Géoportail ANSTAT"}},{"type":"Feature","geometry":{"type":"Point","coordinates":[-4.016769999999951,5.418061000000023]},"properties":{"id":39306,"nom":"BANK OF AFRICA","type":"bank","district_region":null,"departement_commune":null,"verifie":true,"name":"BANK OF AFRICA","source":"Géoportail ANSTAT"}},{"type":"Feature","geometry":{"type":"Point","coordinates":[-4.018697999999972,5.422296000000074]},"properties":{"id":39310,"nom":"BANQUE ATLANTIQUE","type":"bank","district_region":null,"departement_commune":null,"verifie":true,"name":"BANQUE ATLANTIQUE","source":"Géoportail ANSTAT"}},{"type":"Feature","geometry":{"type":"Point","coordinates":[-4.006260999999938,5.402997000000028]},"properties":{"id":39312,"nom":"AGENCE PLATEAU DOKUI","type":"bank","district_region":null,"departement_commune":null,"verifie":true,"name":"AGENCE PLATEAU DOKUI","source":"Géoportail ANSTAT"}},{"type":"Feature","geometry":{"type":"Point","coordinates":[-4.006759999999929,5.399723000000051]},"properties":{"id":39313,"nom":"AGENCE  BNI BANQUE NATIONELE D INVESTISSEMENT","type":"bank","district_region":null,"departement_commune":null,"verifie":true,"name":"AGENCE  BNI BANQUE NATIONELE D INVESTISSEMENT","source":"Géoportail ANSTAT"}},{"type":"Feature","geometry":{"type":"Point","coordinates":[-4.006403999999975,5.401803000000029]},"properties":{"id":39315,"nom":"BANQUE   SOCIETE GENERALE COTE  D IVOIRE","type":"bank","district_region":null,"departement_commune":null,"verifie":true,"name":"BANQUE   SOCIETE GENERALE COTE  D IVOIRE","source":"Géoportail ANSTAT"}},{"type":"Feature","geometry":{"type":"Point","coordinates":[-4.006480999999951,5.400731000000064]},"properties":{"id":39316,"nom":"BANQUE ATLANTIQUE","type":"bank","district_region":null,"departement_commune":null,"verifie":true,"name":"BANQUE ATLANTIQUE","source":"Géoportail ANSTAT"}},{"type":"Feature","geometry":{"type":"Point","coordinates":[-3.98270999999994,5.403362000000072]},"properties":{"id":39321,"nom":"ATLANTIQUE","type":"bank","district_region":null,"departement_commune":null,"verifie":true,"name":"ATLANTIQUE","source":"Géoportail ANSTAT"}},{"type":"Feature","geometry":{"type":"Point","coordinates":[-3.977293999999972,5.396580000000029]},"properties":{"id":39322,"nom":"BANK GT","type":"bank","district_region":null,"departement_commune":null,"verifie":true,"name":"BANK GT","source":"Géoportail ANSTAT"}},{"type":"Feature","geometry":{"type":"Point","coordinates":[-3.981011999999964,5.403204000000073]},"properties":{"id":39323,"nom":"BANK OF AFRICA","type":"bank","district_region":null,"departement_commune":null,"verifie":true,"name":"BANK OF AFRICA","source":"Géoportail ANSTAT"}},{"type":"Feature","geometry":{"type":"Point","coordinates":[-3.976419999999962,5.393279000000064]},"properties":{"id":39324,"nom":"BANQUE ATLANTIQUE","type":"bank","district_region":null,"departement_commune":null,"verifie":true,"name":"BANQUE ATLANTIQUE","source":"Géoportail ANSTAT"}},{"type":"Feature","geometry":{"type":"Point","coordinates":[-3.97863499999994,5.402819000000022]},"properties":{"id":39325,"nom":"BANQUE BICICI","type":"bank","district_region":null,"departement_commune":null,"verifie":true,"name":"BANQUE BICICI","source":"Géoportail ANSTAT"}},{"type":"Feature","geometry":{"type":"Point","coordinates":[-3.978463999999974,5.402125000000069]},"properties":{"id":39326,"nom":"BANQUE NSIA","type":"bank","district_region":null,"departement_commune":null,"verifie":true,"name":"BANQUE NSIA","source":"Géoportail ANSTAT"}},{"type":"Feature","geometry":{"type":"Point","coordinates":[-3.980058999999926,5.402995000000033]},"properties":{"id":39327,"nom":"BANQUE SOCIETE GENERALE COTE D IVOIRE","type":"bank","district_region":null,"departement_commune":null,"verifie":true,"name":"BANQUE SOCIETE GENERALE COTE D IVOIRE","source":"Géoportail ANSTAT"}},{"type":"Feature","geometry":{"type":"Point","coordinates":[-3.991570999999965,5.396356000000026]},"properties":{"id":39328,"nom":"BHCI","type":"bank","district_region":null,"departement_commune":null,"verifie":true,"name":"BHCI","source":"Géoportail ANSTAT"}},{"type":"Feature","geometry":{"type":"Point","coordinates":[-3.991724999999974,5.398262000000045]},"properties":{"id":39329,"nom":"BICICI","type":"bank","district_region":null,"departement_commune":null,"verifie":true,"name":"BICICI","source":"Géoportail ANSTAT"}},{"type":"Feature","geometry":{"type":"Point","coordinates":[-3.978260999999975,5.403098000000057]},"properties":{"id":39330,"nom":"BNI","type":"bank","district_region":null,"departement_commune":null,"verifie":true,"name":"BNI","source":"Géoportail ANSTAT"}},{"type":"Feature","geometry":{"type":"Point","coordinates":[-3.998576999999955,5.373904000000039]},"properties":{"id":39331,"nom":"BANK OF AFRICA","type":"bank","district_region":null,"departement_commune":null,"verifie":true,"name":"BANK OF AFRICA","source":"Géoportail ANSTAT"}},{"type":"Feature","geometry":{"type":"Point","coordinates":[-3.997701999999947,5.377872000000025]},"properties":{"id":39332,"nom":"BANQUE   BICICI","type":"bank","district_region":null,"departement_commune":null,"verifie":true,"name":"BANQUE   BICICI","source":"Géoportail ANSTAT"}},{"type":"Feature","geometry":{"type":"Point","coordinates":[-3.997704999999939,5.377610000000061]},"properties":{"id":39333,"nom":"BANQUE ATLANTIQUE","type":"bank","district_region":null,"departement_commune":null,"verifie":true,"name":"BANQUE ATLANTIQUE","source":"Géoportail ANSTAT"}},{"type":"Feature","geometry":{"type":"Point","coordinates":[-4.000069999999937,5.368296000000043]},"properties":{"id":39335,"nom":"BNI","type":"bank","district_region":null,"departement_commune":null,"verifie":true,"name":"BNI","source":"Géoportail ANSTAT"}},{"type":"Feature","geometry":{"type":"Point","coordinates":[-3.992847999999981,5.388331000000051]},"properties":{"id":39337,"nom":"BANQUE ATLANTIQUE","type":"bank","district_region":null,"departement_commune":null,"verifie":true,"name":"BANQUE ATLANTIQUE","source":"Géoportail ANSTAT"}},{"type":"Feature","geometry":{"type":"Point","coordinates":[-3.997504999999933,5.377431000000058]},"properties":{"id":39338,"nom":"B  N  I","type":"bank","district_region":null,"departement_commune":null,"verifie":true,"name":"B  N  I","source":"Géoportail ANSTAT"}},{"type":"Feature","geometry":{"type":"Point","coordinates":[-3.997288999999967,5.365065000000072]},"properties":{"id":39346,"nom":"BANK OF AFRICA","type":"bank","district_region":null,"departement_commune":null,"verifie":true,"name":"BANK OF AFRICA","source":"Géoportail ANSTAT"}},{"type":"Feature","geometry":{"type":"Point","coordinates":[-4.00500599999998,5.354010000000073]},"properties":{"id":39347,"nom":"BANQUE SIB","type":"bank","district_region":null,"departement_commune":null,"verifie":true,"name":"BANQUE SIB","source":"Géoportail ANSTAT"}},{"type":"Feature","geometry":{"type":"Point","coordinates":[-4.000802999999962,5.329486000000031]},"properties":{"id":39363,"nom":"BANQUE MONDIALE","type":"bank","district_region":null,"departement_commune":null,"verifie":true,"name":"BANQUE MONDIALE","source":"Géoportail ANSTAT"}},{"type":"Feature","geometry":{"type":"Point","coordinates":[-3.930931999999927,5.37203100000005]},"properties":{"id":39366,"nom":"BANQUE OF AFRICA","type":"bank","district_region":null,"departement_commune":null,"verifie":true,"name":"BANQUE OF AFRICA","source":"Géoportail ANSTAT"}},{"type":"Feature","geometry":{"type":"Point","coordinates":[-3.932239999999979,5.371584000000041]},"properties":{"id":39368,"nom":"BNI","type":"bank","district_region":null,"departement_commune":null,"verifie":true,"name":"BNI","source":"Géoportail ANSTAT"}},{"type":"Feature","geometry":{"type":"Point","coordinates":[-3.96152399999994,5.370281000000034]},"properties":{"id":39372,"nom":"BHCI","type":"bank","district_region":null,"departement_commune":null,"verifie":true,"name":"BHCI","source":"Géoportail ANSTAT"}},{"type":"Feature","geometry":{"type":"Point","coordinates":[-3.959414999999979,5.364334000000042]},"properties":{"id":39373,"nom":"BICICI","type":"bank","district_region":null,"departement_commune":null,"verifie":true,"name":"BICICI","source":"Géoportail ANSTAT"}},{"type":"Feature","geometry":{"type":"Point","coordinates":[-3.958993999999961,5.36942300000004]},"properties":{"id":39374,"nom":"BNI","type":"bank","district_region":null,"departement_commune":null,"verifie":true,"name":"BNI","source":"Géoportail ANSTAT"}},{"type":"Feature","geometry":{"type":"Point","coordinates":[-4.00440999999995,5.339447000000064]},"properties":{"id":39386,"nom":"BANQUE DABIDJAN","type":"bank","district_region":null,"departement_commune":null,"verifie":true,"name":"BANQUE DABIDJAN","source":"Géoportail ANSTAT"}},{"type":"Feature","geometry":{"type":"Point","coordinates":[-4.005300999999974,5.337689000000069]},"properties":{"id":39387,"nom":"BNI BANQUE","type":"bank","district_region":null,"departement_commune":null,"verifie":true,"name":"BNI BANQUE","source":"Géoportail ANSTAT"}},{"type":"Feature","geometry":{"type":"Point","coordinates":[-4.002610999999945,5.335651000000041]},"properties":{"id":39392,"nom":"BANQUE ATLANTIQUE","type":"bank","district_region":null,"departement_commune":null,"verifie":true,"name":"BANQUE ATLANTIQUE","source":"Géoportail ANSTAT"}},{"type":"Feature","geometry":{"type":"Point","coordinates":[-4.001610999999968,5.335553000000061]},"properties":{"id":39393,"nom":"BANQUE STANDARD CHARTERED","type":"bank","district_region":null,"departement_commune":null,"verifie":true,"name":"BANQUE STANDARD CHARTERED","source":"Géoportail ANSTAT"}},{"type":"Feature","geometry":{"type":"Point","coordinates":[-4.011326999999937,5.343999000000053]},"properties":{"id":39401,"nom":"BANK OF AFRICA","type":"bank","district_region":null,"departement_commune":null,"verifie":true,"name":"BANK OF AFRICA","source":"Géoportail ANSTAT"}},{"type":"Feature","geometry":{"type":"Point","coordinates":[-4.01573899999994,5.341568000000052]},"properties":{"id":39402,"nom":"BANQUE ATLANTIQUE","type":"bank","district_region":null,"departement_commune":null,"verifie":true,"name":"BANQUE ATLANTIQUE","source":"Géoportail ANSTAT"}},{"type":"Feature","geometry":{"type":"Point","coordinates":[-4.012654999999938,5.343354000000033]},"properties":{"id":39403,"nom":"BNI","type":"bank","district_region":null,"departement_commune":null,"verifie":true,"name":"BNI","source":"Géoportail ANSTAT"}},{"type":"Feature","geometry":{"type":"Point","coordinates":[-3.999029999999948,5.343899000000022]},"properties":{"id":39404,"nom":"BICICI","type":"bank","district_region":null,"departement_commune":null,"verifie":true,"name":"BICICI","source":"Géoportail ANSTAT"}},{"type":"Feature","geometry":{"type":"Point","coordinates":[-3.992150999999978,5.355907000000059]},"properties":{"id":39406,"nom":"ADVANS","type":"bank","district_region":null,"departement_commune":null,"verifie":true,"name":"ADVANS","source":"Géoportail ANSTAT"}},{"type":"Feature","geometry":{"type":"Point","coordinates":[-3.99018099999995,5.357100000000059]},"properties":{"id":39407,"nom":"ADVANS COTE D IVOIRE","type":"bank","district_region":null,"departement_commune":null,"verifie":true,"name":"ADVANS COTE D IVOIRE","source":"Géoportail ANSTAT"}},{"type":"Feature","geometry":{"type":"Point","coordinates":[-3.992519999999956,5.363446000000067]},"properties":{"id":39410,"nom":"AROA PARTENANCE","type":"bank","district_region":null,"departement_commune":null,"verifie":true,"name":"AROA PARTENANCE","source":"Géoportail ANSTAT"}},{"type":"Feature","geometry":{"type":"Point","coordinates":[-3.989592999999957,5.363411000000042]},"properties":{"id":39412,"nom":"BANQUE SAHELO SAHARIENNE POUR LINVESTISSEMENT ET LE COMMERCE","type":"bank","district_region":null,"departement_commune":null,"verifie":true,"name":"BANQUE SAHELO SAHARIENNE POUR LINVESTISSEMENT ET LE COMMERCE","source":"Géoportail ANSTAT"}},{"type":"Feature","geometry":{"type":"Point","coordinates":[-3.989844999999946,5.362645000000043]},"properties":{"id":39414,"nom":"BDU CI","type":"bank","district_region":null,"departement_commune":null,"verifie":true,"name":"BDU CI","source":"Géoportail ANSTAT"}},{"type":"Feature","geometry":{"type":"Point","coordinates":[-3.990263999999968,5.358327000000031]},"properties":{"id":39415,"nom":"BGFI NIGHT","type":"bank","district_region":null,"departement_commune":null,"verifie":true,"name":"BGFI NIGHT","source":"Géoportail ANSTAT"}},{"type":"Feature","geometry":{"type":"Point","coordinates":[-3.975602999999978,5.347572000000071]},"properties":{"id":39416,"nom":"AFRILAND FIRST BANK","type":"bank","district_region":null,"departement_commune":null,"verifie":true,"name":"AFRILAND FIRST BANK","source":"Géoportail ANSTAT"}},{"type":"Feature","geometry":{"type":"Point","coordinates":[-3.977574999999945,5.340014000000053]},"properties":{"id":39418,"nom":"BICICI","type":"bank","district_region":null,"departement_commune":null,"verifie":true,"name":"BICICI","source":"Géoportail ANSTAT"}},{"type":"Feature","geometry":{"type":"Point","coordinates":[-3.958182999999963,5.353788000000065]},"properties":{"id":39421,"nom":"ATLANTIQUE","type":"bank","district_region":null,"departement_commune":null,"verifie":true,"name":"ATLANTIQUE","source":"Géoportail ANSTAT"}},{"type":"Feature","geometry":{"type":"Point","coordinates":[-3.957085999999947,5.353728000000046]},"properties":{"id":39422,"nom":"BANK OF AFRICA","type":"bank","district_region":null,"departement_commune":null,"verifie":true,"name":"BANK OF AFRICA","source":"Géoportail ANSTAT"}},{"type":"Feature","geometry":{"type":"Point","coordinates":[-3.961705999999936,5.355559000000028]},"properties":{"id":39424,"nom":"ATLANTIQUE","type":"bank","district_region":null,"departement_commune":null,"verifie":true,"name":"ATLANTIQUE","source":"Géoportail ANSTAT"}},{"type":"Feature","geometry":{"type":"Point","coordinates":[-3.887806999999952,5.357349000000056]},"properties":{"id":39431,"nom":"BANQUE","type":"bank","district_region":null,"departement_commune":null,"verifie":true,"name":"BANQUE","source":"Géoportail ANSTAT"}},{"type":"Feature","geometry":{"type":"Point","coordinates":[-3.91395799999998,5.374743000000024]},"properties":{"id":39432,"nom":"AFRIQUIA","type":"bank","district_region":null,"departement_commune":null,"verifie":true,"name":"AFRIQUIA","source":"Géoportail ANSTAT"}},{"type":"Feature","geometry":{"type":"Point","coordinates":[-4.079936999999973,5.369099000000062]},"properties":{"id":39434,"nom":"BANQIE DIAMOND","type":"bank","district_region":null,"departement_commune":null,"verifie":true,"name":"BANQIE DIAMOND","source":"Géoportail ANSTAT"}},{"type":"Feature","geometry":{"type":"Point","coordinates":[-4.103672999999958,5.329735000000028]},"properties":{"id":39438,"nom":"BNI BANQUE NATIONALE D INVESSTISSEMENT","type":"bank","district_region":null,"departement_commune":null,"verifie":true,"name":"BNI BANQUE NATIONALE D INVESSTISSEMENT","source":"Géoportail ANSTAT"}},{"type":"Feature","geometry":{"type":"Point","coordinates":[-4.073137999999972,5.33873600000004]},"properties":{"id":39441,"nom":"ADVANS","type":"bank","district_region":null,"departement_commune":null,"verifie":true,"name":"ADVANS","source":"Géoportail ANSTAT"}},{"type":"Feature","geometry":{"type":"Point","coordinates":[-4.064221999999972,5.346761000000072]},"properties":{"id":39442,"nom":"AFRILAND FIRST BANK","type":"bank","district_region":null,"departement_commune":null,"verifie":true,"name":"AFRILAND FIRST BANK","source":"Géoportail ANSTAT"}},{"type":"Feature","geometry":{"type":"Point","coordinates":[-4.063505999999961,5.347880000000032]},"properties":{"id":39446,"nom":"BANQUE ATLANTIQUE","type":"bank","district_region":null,"departement_commune":null,"verifie":true,"name":"BANQUE ATLANTIQUE","source":"Géoportail ANSTAT"}},{"type":"Feature","geometry":{"type":"Point","coordinates":[-4.073183999999969,5.348919000000024]},"properties":{"id":39447,"nom":"BANQUE ATLANTIQUE","type":"bank","district_region":null,"departement_commune":null,"verifie":true,"name":"BANQUE ATLANTIQUE","source":"Géoportail ANSTAT"}},{"type":"Feature","geometry":{"type":"Point","coordinates":[-4.07306699999998,5.346754000000033]},"properties":{"id":39448,"nom":"BANQUE BICICI","type":"bank","district_region":null,"departement_commune":null,"verifie":true,"name":"BANQUE BICICI","source":"Géoportail ANSTAT"}},{"type":"Feature","geometry":{"type":"Point","coordinates":[-4.065389999999979,5.354906000000028]},"properties":{"id":39449,"nom":"BANQUE NATIONALE DINVESTISSEMENT","type":"bank","district_region":null,"departement_commune":null,"verifie":true,"name":"BANQUE NATIONALE DINVESTISSEMENT","source":"Géoportail ANSTAT"}},{"type":"Feature","geometry":{"type":"Point","coordinates":[-4.06246699999997,5.338500000000067]},"properties":{"id":39450,"nom":"BANQUE POPULAIRE DE LA COTE D IVOIRE","type":"bank","district_region":null,"departement_commune":null,"verifie":true,"name":"BANQUE POPULAIRE DE LA COTE D IVOIRE","source":"Géoportail ANSTAT"}},{"type":"Feature","geometry":{"type":"Point","coordinates":[-4.07349899999997,5.345978000000059]},"properties":{"id":39451,"nom":"BANQUE SAHELO SAHARIENNE","type":"bank","district_region":null,"departement_commune":null,"verifie":true,"name":"BANQUE SAHELO SAHARIENNE","source":"Géoportail ANSTAT"}},{"type":"Feature","geometry":{"type":"Point","coordinates":[-4.07311599999997,5.340547000000072]},"properties":{"id":39453,"nom":"BHCI","type":"bank","district_region":null,"departement_commune":null,"verifie":true,"name":"BHCI","source":"Géoportail ANSTAT"}},{"type":"Feature","geometry":{"type":"Point","coordinates":[-4.073214999999948,5.348482000000047]},"properties":{"id":39454,"nom":"BOA","type":"bank","district_region":null,"departement_commune":null,"verifie":true,"name":"BOA","source":"Géoportail ANSTAT"}},{"type":"Feature","geometry":{"type":"Point","coordinates":[-4.090721999999971,5.32936200000006]},"properties":{"id":39459,"nom":"BICICI","type":"bank","district_region":null,"departement_commune":null,"verifie":true,"name":"BICICI","source":"Géoportail ANSTAT"}},{"type":"Feature","geometry":{"type":"Point","coordinates":[-4.09472599999998,5.319045000000074]},"properties":{"id":39460,"nom":"BNI","type":"bank","district_region":null,"departement_commune":null,"verifie":true,"name":"BNI","source":"Géoportail ANSTAT"}},{"type":"Feature","geometry":{"type":"Point","coordinates":[-4.050400999999965,5.327476000000047]},"properties":{"id":39470,"nom":"BOA","type":"bank","district_region":null,"departement_commune":null,"verifie":true,"name":"BOA","source":"Géoportail ANSTAT"}},{"type":"Feature","geometry":{"type":"Point","coordinates":[-4.087341999999978,5.347079000000065]},"properties":{"id":39473,"nom":"ADVANS","type":"bank","district_region":null,"departement_commune":null,"verifie":true,"name":"ADVANS","source":"Géoportail ANSTAT"}},{"type":"Feature","geometry":{"type":"Point","coordinates":[-4.10028699999998,5.342067000000043]},"properties":{"id":39476,"nom":"BANQUE ATLANTIQUE","type":"bank","district_region":null,"departement_commune":null,"verifie":true,"name":"BANQUE ATLANTIQUE","source":"Géoportail ANSTAT"}},{"type":"Feature","geometry":{"type":"Point","coordinates":[-4.099541999999929,5.350602000000038]},"properties":{"id":39478,"nom":"BANK OF AFRICA","type":"bank","district_region":null,"departement_commune":null,"verifie":true,"name":"BANK OF AFRICA","source":"Géoportail ANSTAT"}},{"type":"Feature","geometry":{"type":"Point","coordinates":[-4.100751999999943,5.35885200000007]},"properties":{"id":39479,"nom":"BANK OF AFRICA","type":"bank","district_region":null,"departement_commune":null,"verifie":true,"name":"BANK OF AFRICA","source":"Géoportail ANSTAT"}},{"type":"Feature","geometry":{"type":"Point","coordinates":[-4.099407999999926,5.349883000000034]},"properties":{"id":39480,"nom":"BANQUE SGBCI","type":"bank","district_region":null,"departement_commune":null,"verifie":true,"name":"BANQUE SGBCI","source":"Géoportail ANSTAT"}},{"type":"Feature","geometry":{"type":"Point","coordinates":[-4.099778999999955,5.346386000000052]},"properties":{"id":39481,"nom":"BNI","type":"bank","district_region":null,"departement_commune":null,"verifie":true,"name":"BNI","source":"Géoportail ANSTAT"}},{"type":"Feature","geometry":{"type":"Point","coordinates":[-4.017180999999937,5.353703000000053]},"properties":{"id":39486,"nom":"AGENCE NSIA BANQUE","type":"bank","district_region":null,"departement_commune":null,"verifie":true,"name":"AGENCE NSIA BANQUE","source":"Géoportail ANSTAT"}},{"type":"Feature","geometry":{"type":"Point","coordinates":[-4.017044999999939,5.353706000000045]},"properties":{"id":39488,"nom":"AGENCE SGBCI 220LOGEMEMENT","type":"bank","district_region":null,"departement_commune":null,"verifie":true,"name":"AGENCE SGBCI 220LOGEMEMENT","source":"Géoportail ANSTAT"}},{"type":"Feature","geometry":{"type":"Point","coordinates":[-4.030724999999961,5.353347000000042]},"properties":{"id":39495,"nom":"ADVANS COTE D IVOIRE","type":"bank","district_region":null,"departement_commune":null,"verifie":true,"name":"ADVANS COTE D IVOIRE","source":"Géoportail ANSTAT"}},{"type":"Feature","geometry":{"type":"Point","coordinates":[-4.022754999999961,5.348742000000072]},"properties":{"id":39499,"nom":"BANQUE ATLANTIQUE","type":"bank","district_region":null,"departement_commune":null,"verifie":true,"name":"BANQUE ATLANTIQUE","source":"Géoportail ANSTAT"}},{"type":"Feature","geometry":{"type":"Point","coordinates":[-4.025802999999939,5.344510000000071]},"properties":{"id":39500,"nom":"BANQUE ATLANTIQUE","type":"bank","district_region":null,"departement_commune":null,"verifie":true,"name":"BANQUE ATLANTIQUE","source":"Géoportail ANSTAT"}},{"type":"Feature","geometry":{"type":"Point","coordinates":[-4.024949999999933,5.346668000000022]},"properties":{"id":39501,"nom":"BANQUE COFIPA","type":"bank","district_region":null,"departement_commune":null,"verifie":true,"name":"BANQUE COFIPA","source":"Géoportail ANSTAT"}},{"type":"Feature","geometry":{"type":"Point","coordinates":[-4.023581999999976,5.348668000000032]},"properties":{"id":39502,"nom":"BANQUE DE LHABITAT DE COTE DIVOIRE","type":"bank","district_region":null,"departement_commune":null,"verifie":true,"name":"BANQUE DE LHABITAT DE COTE DIVOIRE","source":"Géoportail ANSTAT"}},{"type":"Feature","geometry":{"type":"Point","coordinates":[-4.025208999999961,5.346667000000025]},"properties":{"id":39503,"nom":"BANQUE DE LUNION DE COTE DIVOIRE","type":"bank","district_region":null,"departement_commune":null,"verifie":true,"name":"BANQUE DE LUNION DE COTE DIVOIRE","source":"Géoportail ANSTAT"}},{"type":"Feature","geometry":{"type":"Point","coordinates":[-4.022947999999928,5.348198000000025]},"properties":{"id":39504,"nom":"BANQUE NATIONALE DINVESTISSEMENT","type":"bank","district_region":null,"departement_commune":null,"verifie":true,"name":"BANQUE NATIONALE DINVESTISSEMENT","source":"Géoportail ANSTAT"}},{"type":"Feature","geometry":{"type":"Point","coordinates":[-4.024649999999951,5.348251000000062]},"properties":{"id":39505,"nom":"BNI","type":"bank","district_region":null,"departement_commune":null,"verifie":true,"name":"BNI","source":"Géoportail ANSTAT"}},{"type":"Feature","geometry":{"type":"Point","coordinates":[-4.023000999999965,5.344676000000049]},"properties":{"id":39506,"nom":"BNI","type":"bank","district_region":null,"departement_commune":null,"verifie":true,"name":"BNI","source":"Géoportail ANSTAT"}},{"type":"Feature","geometry":{"type":"Point","coordinates":[-4.022774999999967,5.347771000000023]},"properties":{"id":39510,"nom":"AFRIQUE LAND","type":"bank","district_region":null,"departement_commune":null,"verifie":true,"name":"AFRIQUE LAND","source":"Géoportail ANSTAT"}},{"type":"Feature","geometry":{"type":"Point","coordinates":[-4.023263999999926,5.367602000000034]},"properties":{"id":39514,"nom":"BANQUE ATLANTIQUE","type":"bank","district_region":null,"departement_commune":null,"verifie":true,"name":"BANQUE ATLANTIQUE","source":"Géoportail ANSTAT"}},{"type":"Feature","geometry":{"type":"Point","coordinates":[-4.020393999999953,5.316467000000046]},"properties":{"id":39515,"nom":"BANQUE DABIDJAN","type":"bank","district_region":null,"departement_commune":null,"verifie":true,"name":"BANQUE DABIDJAN","source":"Géoportail ANSTAT"}},{"type":"Feature","geometry":{"type":"Point","coordinates":[-4.011803999999927,5.321138000000076]},"properties":{"id":39521,"nom":"BANQUE DES AFFAIRES","type":"bank","district_region":null,"departement_commune":null,"verifie":true,"name":"BANQUE DES AFFAIRES","source":"Géoportail ANSTAT"}},{"type":"Feature","geometry":{"type":"Point","coordinates":[-4.015315999999927,5.322073000000046]},"properties":{"id":39524,"nom":"BCEAO","type":"bank","district_region":null,"departement_commune":null,"verifie":true,"name":"BCEAO","source":"Géoportail ANSTAT"}},{"type":"Feature","geometry":{"type":"Point","coordinates":[-4.016517999999962,5.317010000000039]},"properties":{"id":39525,"nom":"AFRILAND FIRST BANK","type":"bank","district_region":null,"departement_commune":null,"verifie":true,"name":"AFRILAND FIRST BANK","source":"Géoportail ANSTAT"}},{"type":"Feature","geometry":{"type":"Point","coordinates":[-4.017248999999936,5.320419000000072]},"properties":{"id":39535,"nom":"BANQUE AFRICAINE DE DEVELOPPEMENT","type":"bank","district_region":null,"departement_commune":null,"verifie":true,"name":"BANQUE AFRICAINE DE DEVELOPPEMENT","source":"Géoportail ANSTAT"}},{"type":"Feature","geometry":{"type":"Point","coordinates":[-4.014258999999925,5.319158000000073]},"properties":{"id":39536,"nom":"BANQUE ATLANTIQUE","type":"bank","district_region":null,"departement_commune":null,"verifie":true,"name":"BANQUE ATLANTIQUE","source":"Géoportail ANSTAT"}},{"type":"Feature","geometry":{"type":"Point","coordinates":[-4.017264999999952,5.317799000000036]},"properties":{"id":39537,"nom":"BANQUE HABITAT AFRIQUE","type":"bank","district_region":null,"departement_commune":null,"verifie":true,"name":"BANQUE HABITAT AFRIQUE","source":"Géoportail ANSTAT"}},{"type":"Feature","geometry":{"type":"Point","coordinates":[-4.018704999999954,5.317005000000051]},"properties":{"id":39539,"nom":"BNI","type":"bank","district_region":null,"departement_commune":null,"verifie":true,"name":"BNI","source":"Géoportail ANSTAT"}},{"type":"Feature","geometry":{"type":"Point","coordinates":[-4.018708999999944,5.316965000000039]},"properties":{"id":39540,"nom":"BNI","type":"bank","district_region":null,"departement_commune":null,"verifie":true,"name":"BNI","source":"Géoportail ANSTAT"}},{"type":"Feature","geometry":{"type":"Point","coordinates":[-4.016868999999929,5.320676000000049]},"properties":{"id":39546,"nom":"ATLANTIQUE","type":"bank","district_region":null,"departement_commune":null,"verifie":true,"name":"ATLANTIQUE","source":"Géoportail ANSTAT"}},{"type":"Feature","geometry":{"type":"Point","coordinates":[-4.018470999999977,5.321401000000037]},"properties":{"id":39547,"nom":"BICICI","type":"bank","district_region":null,"departement_commune":null,"verifie":true,"name":"BICICI","source":"Géoportail ANSTAT"}},{"type":"Feature","geometry":{"type":"Point","coordinates":[-4.019587999999942,5.32569600000005]},"properties":{"id":39555,"nom":"ATLANTIQUE BANQUE","type":"bank","district_region":null,"departement_commune":null,"verifie":true,"name":"ATLANTIQUE BANQUE","source":"Géoportail ANSTAT"}},{"type":"Feature","geometry":{"type":"Point","coordinates":[-4.018934999999942,5.324016000000029]},"properties":{"id":39560,"nom":"BANK OF AFRICA","type":"bank","district_region":null,"departement_commune":null,"verifie":true,"name":"BANK OF AFRICA","source":"Géoportail ANSTAT"}},{"type":"Feature","geometry":{"type":"Point","coordinates":[-4.020469999999932,5.326291000000026]},"properties":{"id":39561,"nom":"BANQUE ATLANTIQUE","type":"bank","district_region":null,"departement_commune":null,"verifie":true,"name":"BANQUE ATLANTIQUE","source":"Géoportail ANSTAT"}},{"type":"Feature","geometry":{"type":"Point","coordinates":[-4.019703999999933,5.325719000000049]},"properties":{"id":39562,"nom":"BANQUE STANDARD CHARTERED","type":"bank","district_region":null,"departement_commune":null,"verifie":true,"name":"BANQUE STANDARD CHARTERED","source":"Géoportail ANSTAT"}},{"type":"Feature","geometry":{"type":"Point","coordinates":[-4.02054099999998,5.325849000000062]},"properties":{"id":39563,"nom":"BICICI","type":"bank","district_region":null,"departement_commune":null,"verifie":true,"name":"BICICI","source":"Géoportail ANSTAT"}},{"type":"Feature","geometry":{"type":"Point","coordinates":[-4.017949999999928,5.325662000000023]},"properties":{"id":39564,"nom":"BNI","type":"bank","district_region":null,"departement_commune":null,"verifie":true,"name":"BNI","source":"Géoportail ANSTAT"}},{"type":"Feature","geometry":{"type":"Point","coordinates":[-4.022513999999944,5.327450000000056]},"properties":{"id":39565,"nom":"BANQUE DES DEPOTS DU TRESOR PUBLIQUE","type":"bank","district_region":null,"departement_commune":null,"verifie":true,"name":"BANQUE DES DEPOTS DU TRESOR PUBLIQUE","source":"Géoportail ANSTAT"}},{"type":"Feature","geometry":{"type":"Point","coordinates":[-4.026276999999936,5.339990000000057]},"properties":{"id":39567,"nom":"BICICI","type":"bank","district_region":null,"departement_commune":null,"verifie":true,"name":"BICICI","source":"Géoportail ANSTAT"}},{"type":"Feature","geometry":{"type":"Point","coordinates":[-3.99416999999994,5.307966000000022]},"properties":{"id":39570,"nom":"BANK OF AFRICA","type":"bank","district_region":null,"departement_commune":null,"verifie":true,"name":"BANK OF AFRICA","source":"Géoportail ANSTAT"}},{"type":"Feature","geometry":{"type":"Point","coordinates":[-3.993239999999957,5.307660000000055]},"properties":{"id":39571,"nom":"BANQUE ATLANTIQUE","type":"bank","district_region":null,"departement_commune":null,"verifie":true,"name":"BANQUE ATLANTIQUE","source":"Géoportail ANSTAT"}},{"type":"Feature","geometry":{"type":"Point","coordinates":[-3.991065999999933,5.308157000000051]},"properties":{"id":39573,"nom":"BANQUE SGBCI","type":"bank","district_region":null,"departement_commune":null,"verifie":true,"name":"BANQUE SGBCI","source":"Géoportail ANSTAT"}},{"type":"Feature","geometry":{"type":"Point","coordinates":[-3.990042999999957,5.300336000000073]},"properties":{"id":39574,"nom":"ATLANTIS","type":"bank","district_region":null,"departement_commune":null,"verifie":true,"name":"ATLANTIS","source":"Géoportail ANSTAT"}},{"type":"Feature","geometry":{"type":"Point","coordinates":[-3.985903999999948,5.296896000000061]},"properties":{"id":39575,"nom":"BDU CI","type":"bank","district_region":null,"departement_commune":null,"verifie":true,"name":"BDU CI","source":"Géoportail ANSTAT"}},{"type":"Feature","geometry":{"type":"Point","coordinates":[-3.968220999999971,5.275272000000029]},"properties":{"id":39577,"nom":"BNI","type":"bank","district_region":null,"departement_commune":null,"verifie":true,"name":"BNI","source":"Géoportail ANSTAT"}},{"type":"Feature","geometry":{"type":"Point","coordinates":[-3.976116999999931,5.281284000000028]},"properties":{"id":39580,"nom":"BANQUE D ABIDJAN","type":"bank","district_region":null,"departement_commune":null,"verifie":true,"name":"BANQUE D ABIDJAN","source":"Géoportail ANSTAT"}},{"type":"Feature","geometry":{"type":"Point","coordinates":[-3.972433999999964,5.279043000000058]},"properties":{"id":39581,"nom":"BNI ARCHIVRES","type":"bank","district_region":null,"departement_commune":null,"verifie":true,"name":"BNI ARCHIVRES","source":"Géoportail ANSTAT"}},{"type":"Feature","geometry":{"type":"Point","coordinates":[-3.982156999999972,5.29148900000007]},"properties":{"id":39582,"nom":"BANK OF AFRICA","type":"bank","district_region":null,"departement_commune":null,"verifie":true,"name":"BANK OF AFRICA","source":"Géoportail ANSTAT"}},{"type":"Feature","geometry":{"type":"Point","coordinates":[-3.971491999999955,5.28778600000004]},"properties":{"id":39583,"nom":"BANQUE NATIONAL D INVESTISSEMENT","type":"bank","district_region":null,"departement_commune":null,"verifie":true,"name":"BANQUE NATIONAL D INVESTISSEMENT","source":"Géoportail ANSTAT"}},{"type":"Feature","geometry":{"type":"Point","coordinates":[-3.982312999999976,5.291405000000054]},"properties":{"id":39584,"nom":"BNI","type":"bank","district_region":null,"departement_commune":null,"verifie":true,"name":"BNI","source":"Géoportail ANSTAT"}},{"type":"Feature","geometry":{"type":"Point","coordinates":[-3.982155999999975,5.28847600000006]},"properties":{"id":39585,"nom":"BANQUE BSIC","type":"bank","district_region":null,"departement_commune":null,"verifie":true,"name":"BANQUE BSIC","source":"Géoportail ANSTAT"}},{"type":"Feature","geometry":{"type":"Point","coordinates":[-3.98246899999998,5.289776000000074]},"properties":{"id":39586,"nom":"BANQUE NSIA","type":"bank","district_region":null,"departement_commune":null,"verifie":true,"name":"BANQUE NSIA","source":"Géoportail ANSTAT"}},{"type":"Feature","geometry":{"type":"Point","coordinates":[-3.982461999999941,5.288396000000034]},"properties":{"id":39587,"nom":"BANQUE SGBCI","type":"bank","district_region":null,"departement_commune":null,"verifie":true,"name":"BANQUE SGBCI","source":"Géoportail ANSTAT"}},{"type":"Feature","geometry":{"type":"Point","coordinates":[-3.975805999999977,5.300652000000071]},"properties":{"id":39589,"nom":"BICICI","type":"bank","district_region":null,"departement_commune":null,"verifie":true,"name":"BICICI","source":"Géoportail ANSTAT"}},{"type":"Feature","geometry":{"type":"Point","coordinates":[-3.986215999999956,5.303070000000048]},"properties":{"id":39594,"nom":"ADVANS","type":"bank","district_region":null,"departement_commune":null,"verifie":true,"name":"ADVANS","source":"Géoportail ANSTAT"}},{"type":"Feature","geometry":{"type":"Point","coordinates":[-3.986780999999951,5.299315000000036]},"properties":{"id":39596,"nom":"BGFI BANK","type":"bank","district_region":null,"departement_commune":null,"verifie":true,"name":"BGFI BANK","source":"Géoportail ANSTAT"}},{"type":"Feature","geometry":{"type":"Point","coordinates":[-3.998416999999961,5.305810000000065]},"properties":{"id":39600,"nom":"AFRILAND FIRST BANK","type":"bank","district_region":null,"departement_commune":null,"verifie":true,"name":"AFRILAND FIRST BANK","source":"Géoportail ANSTAT"}},{"type":"Feature","geometry":{"type":"Point","coordinates":[-4.001592999999957,5.294381000000044]},"properties":{"id":39604,"nom":"BICICI","type":"bank","district_region":null,"departement_commune":null,"verifie":true,"name":"BICICI","source":"Géoportail ANSTAT"}},{"type":"Feature","geometry":{"type":"Point","coordinates":[-4.002806999999962,5.300047000000063]},"properties":{"id":39607,"nom":"BNI","type":"bank","district_region":null,"departement_commune":null,"verifie":true,"name":"BNI","source":"Géoportail ANSTAT"}},{"type":"Feature","geometry":{"type":"Point","coordinates":[-3.996289999999931,5.298110000000065]},"properties":{"id":39609,"nom":"BANK OF AFRICA","type":"bank","district_region":null,"departement_commune":null,"verifie":true,"name":"BANK OF AFRICA","source":"Géoportail ANSTAT"}},{"type":"Feature","geometry":{"type":"Point","coordinates":[-4.008028999999965,5.297523000000069]},"properties":{"id":39611,"nom":"BANK OF AFRICA","type":"bank","district_region":null,"departement_commune":null,"verifie":true,"name":"BANK OF AFRICA","source":"Géoportail ANSTAT"}},{"type":"Feature","geometry":{"type":"Point","coordinates":[-4.00873299999995,5.297822000000053]},"properties":{"id":39612,"nom":"BASIC","type":"bank","district_region":null,"departement_commune":null,"verifie":true,"name":"BASIC","source":"Géoportail ANSTAT"}},{"type":"Feature","geometry":{"type":"Point","coordinates":[-4.008269999999925,5.304739000000041]},"properties":{"id":39613,"nom":"ANABE","type":"bank","district_region":null,"departement_commune":null,"verifie":true,"name":"ANABE","source":"Géoportail ANSTAT"}},{"type":"Feature","geometry":{"type":"Point","coordinates":[-4.01345299999997,5.309792000000073]},"properties":{"id":39614,"nom":"BANQUE ATLANTIQUE","type":"bank","district_region":null,"departement_commune":null,"verifie":true,"name":"BANQUE ATLANTIQUE","source":"Géoportail ANSTAT"}},{"type":"Feature","geometry":{"type":"Point","coordinates":[-4.01344899999998,5.308263000000068]},"properties":{"id":39615,"nom":"BNI","type":"bank","district_region":null,"departement_commune":null,"verifie":true,"name":"BNI","source":"Géoportail ANSTAT"}},{"type":"Feature","geometry":{"type":"Point","coordinates":[-4.003604999999936,5.301041000000055]},"properties":{"id":39618,"nom":"BICICI","type":"bank","district_region":null,"departement_commune":null,"verifie":true,"name":"BICICI","source":"Géoportail ANSTAT"}},{"type":"Feature","geometry":{"type":"Point","coordinates":[-4.011850999999979,5.306010000000072]},"properties":{"id":39622,"nom":"BICICI","type":"bank","district_region":null,"departement_commune":null,"verifie":true,"name":"BICICI","source":"Géoportail ANSTAT"}},{"type":"Feature","geometry":{"type":"Point","coordinates":[-4.013716999999929,5.306611000000032]},"properties":{"id":39624,"nom":"BANQUE ABIDJAN","type":"bank","district_region":null,"departement_commune":null,"verifie":true,"name":"BANQUE ABIDJAN","source":"Géoportail ANSTAT"}},{"type":"Feature","geometry":{"type":"Point","coordinates":[-4.03487599999994,5.310764000000063]},"properties":{"id":39625,"nom":"BANQUE NATIONALE D INVESTISSEMENT BNI","type":"bank","district_region":null,"departement_commune":null,"verifie":true,"name":"BANQUE NATIONALE D INVESTISSEMENT BNI","source":"Géoportail ANSTAT"}},{"type":"Feature","geometry":{"type":"Point","coordinates":[-4.033886999999936,5.348941000000025]},"properties":{"id":39631,"nom":"BANQUE ATLANTIQUE","type":"bank","district_region":null,"departement_commune":null,"verifie":true,"name":"BANQUE ATLANTIQUE","source":"Géoportail ANSTAT"}},{"type":"Feature","geometry":{"type":"Point","coordinates":[-3.96746799999994,5.288797000000045]},"properties":{"id":39635,"nom":"BDU  CI  BANQUE DE LUNION","type":"bank","district_region":null,"departement_commune":null,"verifie":true,"name":"BDU  CI  BANQUE DE LUNION","source":"Géoportail ANSTAT"}},{"type":"Feature","geometry":{"type":"Point","coordinates":[-3.964852999999948,5.289447000000052]},"properties":{"id":39637,"nom":"BANQUE ATLANTIQUE","type":"bank","district_region":null,"departement_commune":null,"verifie":true,"name":"BANQUE ATLANTIQUE","source":"Géoportail ANSTAT"}},{"type":"Feature","geometry":{"type":"Point","coordinates":[-3.965761999999927,5.289461000000074]},"properties":{"id":39639,"nom":"ADVANS","type":"bank","district_region":null,"departement_commune":null,"verifie":true,"name":"ADVANS","source":"Géoportail ANSTAT"}},{"type":"Feature","geometry":{"type":"Point","coordinates":[-3.969614999999976,5.29093800000004]},"properties":{"id":39641,"nom":"BANK OF AFRICA","type":"bank","district_region":null,"departement_commune":null,"verifie":true,"name":"BANK OF AFRICA","source":"Géoportail ANSTAT"}},{"type":"Feature","geometry":{"type":"Point","coordinates":[-3.969107999999949,5.296937000000071]},"properties":{"id":39644,"nom":"BANQUE OF AFRICA","type":"bank","district_region":null,"departement_commune":null,"verifie":true,"name":"BANQUE OF AFRICA","source":"Géoportail ANSTAT"}},{"type":"Feature","geometry":{"type":"Point","coordinates":[-3.953613999999959,5.298999000000038]},"properties":{"id":39646,"nom":"BHCI","type":"bank","district_region":null,"departement_commune":null,"verifie":true,"name":"BHCI","source":"Géoportail ANSTAT"}},{"type":"Feature","geometry":{"type":"Point","coordinates":[-4.008143999999959,5.266557000000034]},"properties":{"id":39648,"nom":"BANK OF AFRICA","type":"bank","district_region":null,"departement_commune":null,"verifie":true,"name":"BANK OF AFRICA","source":"Géoportail ANSTAT"}},{"type":"Feature","geometry":{"type":"Point","coordinates":[-4.000748999999928,5.265354000000059]},"properties":{"id":39649,"nom":"BANQUE ATLANTIQUE","type":"bank","district_region":null,"departement_commune":null,"verifie":true,"name":"BANQUE ATLANTIQUE","source":"Géoportail ANSTAT"}},{"type":"Feature","geometry":{"type":"Point","coordinates":[-4.003032999999959,5.266549000000055]},"properties":{"id":39650,"nom":"BANQUE POPULAIRE DE COTE D IVOIRE","type":"bank","district_region":null,"departement_commune":null,"verifie":true,"name":"BANQUE POPULAIRE DE COTE D IVOIRE","source":"Géoportail ANSTAT"}},{"type":"Feature","geometry":{"type":"Point","coordinates":[-4.012921999999946,5.265940000000057]},"properties":{"id":39651,"nom":"BICICI","type":"bank","district_region":null,"departement_commune":null,"verifie":true,"name":"BICICI","source":"Géoportail ANSTAT"}},{"type":"Feature","geometry":{"type":"Point","coordinates":[-3.98438699999997,5.264083000000028]},"properties":{"id":39652,"nom":"BNI","type":"bank","district_region":null,"departement_commune":null,"verifie":true,"name":"BNI","source":"Géoportail ANSTAT"}},{"type":"Feature","geometry":{"type":"Point","coordinates":[-3.964554999999962,5.258587000000034]},"properties":{"id":39655,"nom":"BANQUE  ATLANTIQUE","type":"bank","district_region":null,"departement_commune":null,"verifie":true,"name":"BANQUE  ATLANTIQUE","source":"Géoportail ANSTAT"}},{"type":"Feature","geometry":{"type":"Point","coordinates":[-3.964556999999957,5.258916000000056]},"properties":{"id":39656,"nom":"BANQUE POPULAIRE","type":"bank","district_region":null,"departement_commune":null,"verifie":true,"name":"BANQUE POPULAIRE","source":"Géoportail ANSTAT"}},{"type":"Feature","geometry":{"type":"Point","coordinates":[-3.962726999999973,5.258152000000052]},"properties":{"id":39657,"nom":"AFRILAND FIRST BANK","type":"bank","district_region":null,"departement_commune":null,"verifie":true,"name":"AFRILAND FIRST BANK","source":"Géoportail ANSTAT"}},{"type":"Feature","geometry":{"type":"Point","coordinates":[-3.882848999999965,5.356646000000069]},"properties":{"id":39667,"nom":"BANQUE BNI","type":"bank","district_region":null,"departement_commune":null,"verifie":true,"name":"BANQUE BNI","source":"Géoportail ANSTAT"}},{"type":"Feature","geometry":{"type":"Point","coordinates":[-4.009288999999967,5.416399000000069]},"properties":{"id":39681,"nom":"CORIS BANK","type":"bank","district_region":null,"departement_commune":null,"verifie":true,"name":"CORIS BANK","source":"Géoportail ANSTAT"}},{"type":"Feature","geometry":{"type":"Point","coordinates":[-4.019351999999969,5.424053000000072]},"properties":{"id":39683,"nom":"BSIC BANQUE","type":"bank","district_region":null,"departement_commune":null,"verifie":true,"name":"BSIC BANQUE","source":"Géoportail ANSTAT"}},{"type":"Feature","geometry":{"type":"Point","coordinates":[-3.979949999999974,5.392033000000026]},"properties":{"id":39685,"nom":"BSIC","type":"bank","district_region":null,"departement_commune":null,"verifie":true,"name":"BSIC","source":"Géoportail ANSTAT"}},{"type":"Feature","geometry":{"type":"Point","coordinates":[-3.983859999999936,5.403747000000067]},"properties":{"id":39688,"nom":"DIAMOND BANK","type":"bank","district_region":null,"departement_commune":null,"verifie":true,"name":"DIAMOND BANK","source":"Géoportail ANSTAT"}},{"type":"Feature","geometry":{"type":"Point","coordinates":[-3.99858299999994,5.375419000000022]},"properties":{"id":39690,"nom":"CORIS BANQUE","type":"bank","district_region":null,"departement_commune":null,"verifie":true,"name":"CORIS BANQUE","source":"Géoportail ANSTAT"}},{"type":"Feature","geometry":{"type":"Point","coordinates":[-3.999721999999963,5.378949000000034]},"properties":{"id":39691,"nom":"D A D","type":"bank","district_region":null,"departement_commune":null,"verifie":true,"name":"D A D","source":"Géoportail ANSTAT"}},{"type":"Feature","geometry":{"type":"Point","coordinates":[-3.992553999999927,5.388161000000025]},"properties":{"id":39695,"nom":"BRIDGE BANK GROUP","type":"bank","district_region":null,"departement_commune":null,"verifie":true,"name":"BRIDGE BANK GROUP","source":"Géoportail ANSTAT"}},{"type":"Feature","geometry":{"type":"Point","coordinates":[-3.932403999999963,5.371532000000059]},"properties":{"id":39709,"nom":"CORIS BANQUE","type":"bank","district_region":null,"departement_commune":null,"verifie":true,"name":"CORIS BANQUE","source":"Géoportail ANSTAT"}},{"type":"Feature","geometry":{"type":"Point","coordinates":[-3.96733299999994,5.35704400000003]},"properties":{"id":39710,"nom":"COPEEC SAINTE FAMILLE","type":"bank","district_region":null,"departement_commune":null,"verifie":true,"name":"COPEEC SAINTE FAMILLE","source":"Géoportail ANSTAT"}},{"type":"Feature","geometry":{"type":"Point","coordinates":[-3.989712999999938,5.359181000000035]},"properties":{"id":39716,"nom":"BRIDGE BANK GROUP COTE D IVOIRE","type":"bank","district_region":null,"departement_commune":null,"verifie":true,"name":"BRIDGE BANK GROUP COTE D IVOIRE","source":"Géoportail ANSTAT"}},{"type":"Feature","geometry":{"type":"Point","coordinates":[-3.977121999999952,5.339911000000029]},"properties":{"id":39723,"nom":"BRIDGE BANK GROUP","type":"bank","district_region":null,"departement_commune":null,"verifie":true,"name":"BRIDGE BANK GROUP","source":"Géoportail ANSTAT"}},{"type":"Feature","geometry":{"type":"Point","coordinates":[-3.957171999999957,5.353727000000049]},"properties":{"id":39725,"nom":"BRIDGE BANK","type":"bank","district_region":null,"departement_commune":null,"verifie":true,"name":"BRIDGE BANK","source":"Géoportail ANSTAT"}},{"type":"Feature","geometry":{"type":"Point","coordinates":[-4.085381999999925,5.357928000000072]},"properties":{"id":39744,"nom":"CORIS BANK","type":"bank","district_region":null,"departement_commune":null,"verifie":true,"name":"CORIS BANK","source":"Géoportail ANSTAT"}},{"type":"Feature","geometry":{"type":"Point","coordinates":[-4.100512999999978,5.339678000000049]},"properties":{"id":39745,"nom":"CAC","type":"bank","district_region":null,"departement_commune":null,"verifie":true,"name":"CAC","source":"Géoportail ANSTAT"}},{"type":"Feature","geometry":{"type":"Point","coordinates":[-4.025631999999973,5.352764000000036]},"properties":{"id":39758,"nom":"CORIS BANK","type":"bank","district_region":null,"departement_commune":null,"verifie":true,"name":"CORIS BANK","source":"Géoportail ANSTAT"}},{"type":"Feature","geometry":{"type":"Point","coordinates":[-4.018732999999941,5.31939600000004]},"properties":{"id":39777,"nom":"BRIDGE BANK GROUP","type":"bank","district_region":null,"departement_commune":null,"verifie":true,"name":"BRIDGE BANK GROUP","source":"Géoportail ANSTAT"}},{"type":"Feature","geometry":{"type":"Point","coordinates":[-4.019583999999952,5.325543000000039]},"properties":{"id":39783,"nom":"CO","type":"bank","district_region":null,"departement_commune":null,"verifie":true,"name":"CO","source":"Géoportail ANSTAT"}},{"type":"Feature","geometry":{"type":"Point","coordinates":[-4.018988999999976,5.324229000000059]},"properties":{"id":39787,"nom":"DIAMOND BANK SA","type":"bank","district_region":null,"departement_commune":null,"verifie":true,"name":"DIAMOND BANK SA","source":"Géoportail ANSTAT"}},{"type":"Feature","geometry":{"type":"Point","coordinates":[-3.993351999999959,5.308059000000071]},"properties":{"id":39794,"nom":"BSIC","type":"bank","district_region":null,"departement_commune":null,"verifie":true,"name":"BSIC","source":"Géoportail ANSTAT"}},{"type":"Feature","geometry":{"type":"Point","coordinates":[-3.990137999999945,5.309055000000058]},"properties":{"id":39797,"nom":"CORIS BANK","type":"bank","district_region":null,"departement_commune":null,"verifie":true,"name":"CORIS BANK","source":"Géoportail ANSTAT"}},{"type":"Feature","geometry":{"type":"Point","coordinates":[-3.981290999999942,5.291051000000039]},"properties":{"id":39800,"nom":"BRIDGE BANK GROUP","type":"bank","district_region":null,"departement_commune":null,"verifie":true,"name":"BRIDGE BANK GROUP","source":"Géoportail ANSTAT"}},{"type":"Feature","geometry":{"type":"Point","coordinates":[-3.971815999999933,5.298260000000028]},"properties":{"id":39804,"nom":"BSIC","type":"bank","district_region":null,"departement_commune":null,"verifie":true,"name":"BSIC","source":"Géoportail ANSTAT"}},{"type":"Feature","geometry":{"type":"Point","coordinates":[-3.997784999999965,5.292587000000026]},"properties":{"id":39818,"nom":"DIAMOND BANQUE","type":"bank","district_region":null,"departement_commune":null,"verifie":true,"name":"DIAMOND BANQUE","source":"Géoportail ANSTAT"}},{"type":"Feature","geometry":{"type":"Point","coordinates":[-4.008672999999931,5.290021000000024]},"properties":{"id":39820,"nom":"BSIC","type":"bank","district_region":null,"departement_commune":null,"verifie":true,"name":"BSIC","source":"Géoportail ANSTAT"}},{"type":"Feature","geometry":{"type":"Point","coordinates":[-4.005996999999979,5.309594000000061]},"properties":{"id":39821,"nom":"BSIC","type":"bank","district_region":null,"departement_commune":null,"verifie":true,"name":"BSIC","source":"Géoportail ANSTAT"}},{"type":"Feature","geometry":{"type":"Point","coordinates":[-3.996546999999964,5.298002000000054]},"properties":{"id":39823,"nom":"BRIDGE BANK GROUP","type":"bank","district_region":null,"departement_commune":null,"verifie":true,"name":"BRIDGE BANK GROUP","source":"Géoportail ANSTAT"}},{"type":"Feature","geometry":{"type":"Point","coordinates":[-4.005518999999936,5.308772000000033]},"properties":{"id":39826,"nom":"BRIDGE BANK GROUP","type":"bank","district_region":null,"departement_commune":null,"verifie":true,"name":"BRIDGE BANK GROUP","source":"Géoportail ANSTAT"}},{"type":"Feature","geometry":{"type":"Point","coordinates":[-4.004777999999931,5.305858000000057]},"properties":{"id":39829,"nom":"CORIS BANK","type":"bank","district_region":null,"departement_commune":null,"verifie":true,"name":"CORIS BANK","source":"Géoportail ANSTAT"}},{"type":"Feature","geometry":{"type":"Point","coordinates":[-3.964460999999972,5.289571000000024]},"properties":{"id":39837,"nom":"CORIS BANK","type":"bank","district_region":null,"departement_commune":null,"verifie":true,"name":"CORIS BANK","source":"Géoportail ANSTAT"}},{"type":"Feature","geometry":{"type":"Point","coordinates":[-3.952280999999971,5.297827000000041]},"properties":{"id":39842,"nom":"CAC","type":"bank","district_region":null,"departement_commune":null,"verifie":true,"name":"CAC","source":"Géoportail ANSTAT"}},{"type":"Feature","geometry":{"type":"Point","coordinates":[-4.003800999999953,5.270570000000021]},"properties":{"id":39845,"nom":"CODIVAL","type":"bank","district_region":null,"departement_commune":null,"verifie":true,"name":"CODIVAL","source":"Géoportail ANSTAT"}},{"type":"Feature","geometry":{"type":"Point","coordinates":[-4.015214999999955,5.423780000000022]},"properties":{"id":39864,"nom":"ECOBANK","type":"bank","district_region":null,"departement_commune":null,"verifie":true,"name":"ECOBANK","source":"Géoportail ANSTAT"}},{"type":"Feature","geometry":{"type":"Point","coordinates":[-3.978614999999934,5.403141000000062]},"properties":{"id":39869,"nom":"ECOBANK","type":"bank","district_region":null,"departement_commune":null,"verifie":true,"name":"ECOBANK","source":"Géoportail ANSTAT"}},{"type":"Feature","geometry":{"type":"Point","coordinates":[-3.993534999999952,5.381601000000046]},"properties":{"id":39873,"nom":"ECOBANK","type":"bank","district_region":null,"departement_commune":null,"verifie":true,"name":"ECOBANK","source":"Géoportail ANSTAT"}},{"type":"Feature","geometry":{"type":"Point","coordinates":[-3.991831999999931,5.388653000000033]},"properties":{"id":39875,"nom":"ECOBANK","type":"bank","district_region":null,"departement_commune":null,"verifie":true,"name":"ECOBANK","source":"Géoportail ANSTAT"}},{"type":"Feature","geometry":{"type":"Point","coordinates":[-3.99797899999993,5.361430000000041]},"properties":{"id":39879,"nom":"ECOBANK","type":"bank","district_region":null,"departement_commune":null,"verifie":true,"name":"ECOBANK","source":"Géoportail ANSTAT"}},{"type":"Feature","geometry":{"type":"Point","coordinates":[-3.94181199999997,5.369005000000072]},"properties":{"id":39880,"nom":"ECOBANK","type":"bank","district_region":null,"departement_commune":null,"verifie":true,"name":"ECOBANK","source":"Géoportail ANSTAT"}},{"type":"Feature","geometry":{"type":"Point","coordinates":[-3.954137999999944,5.36705100000006]},"properties":{"id":39881,"nom":"EXPERTIZ POOL","type":"bank","district_region":null,"departement_commune":null,"verifie":true,"name":"EXPERTIZ POOL","source":"Géoportail ANSTAT"}},{"type":"Feature","geometry":{"type":"Point","coordinates":[-4.00511599999993,5.338752000000056]},"properties":{"id":39884,"nom":"ECOBANK POINT EXPRESS","type":"bank","district_region":null,"departement_commune":null,"verifie":true,"name":"ECOBANK POINT EXPRESS","source":"Géoportail ANSTAT"}},{"type":"Feature","geometry":{"type":"Point","coordinates":[-3.99704399999996,5.346035000000029]},"properties":{"id":39888,"nom":"ECOBANK","type":"bank","district_region":null,"departement_commune":null,"verifie":true,"name":"ECOBANK","source":"Géoportail ANSTAT"}},{"type":"Feature","geometry":{"type":"Point","coordinates":[-3.991207999999972,5.357420000000047]},"properties":{"id":39890,"nom":"ECOBANK","type":"bank","district_region":null,"departement_commune":null,"verifie":true,"name":"ECOBANK","source":"Géoportail ANSTAT"}},{"type":"Feature","geometry":{"type":"Point","coordinates":[-3.957912999999962,5.354074000000026]},"properties":{"id":39894,"nom":"ECOBANK","type":"bank","district_region":null,"departement_commune":null,"verifie":true,"name":"ECOBANK","source":"Géoportail ANSTAT"}},{"type":"Feature","geometry":{"type":"Point","coordinates":[-4.063515999999936,5.346227000000056]},"properties":{"id":39903,"nom":"ECOBANK","type":"bank","district_region":null,"departement_commune":null,"verifie":true,"name":"ECOBANK","source":"Géoportail ANSTAT"}},{"type":"Feature","geometry":{"type":"Point","coordinates":[-4.070555999999954,5.340686000000062]},"properties":{"id":39905,"nom":"FIDRA","type":"bank","district_region":null,"departement_commune":null,"verifie":true,"name":"FIDRA","source":"Géoportail ANSTAT"}},{"type":"Feature","geometry":{"type":"Point","coordinates":[-4.093812999999955,5.321187000000066]},"properties":{"id":39915,"nom":"ECOBANK","type":"bank","district_region":null,"departement_commune":null,"verifie":true,"name":"ECOBANK","source":"Géoportail ANSTAT"}},{"type":"Feature","geometry":{"type":"Point","coordinates":[-4.074273999999946,5.330348000000072]},"properties":{"id":39916,"nom":"ECOBANK","type":"bank","district_region":null,"departement_commune":null,"verifie":true,"name":"ECOBANK","source":"Géoportail ANSTAT"}},{"type":"Feature","geometry":{"type":"Point","coordinates":[-4.025814999999966,5.345111000000031]},"properties":{"id":39926,"nom":"ECOBANK","type":"bank","district_region":null,"departement_commune":null,"verifie":true,"name":"ECOBANK","source":"Géoportail ANSTAT"}},{"type":"Feature","geometry":{"type":"Point","coordinates":[-4.018516999999974,5.317088000000069]},"properties":{"id":39948,"nom":"ECOBANK","type":"bank","district_region":null,"departement_commune":null,"verifie":true,"name":"ECOBANK","source":"Géoportail ANSTAT"}},{"type":"Feature","geometry":{"type":"Point","coordinates":[-4.021661999999935,5.330659000000026]},"properties":{"id":39951,"nom":"ECOBANK","type":"bank","district_region":null,"departement_commune":null,"verifie":true,"name":"ECOBANK","source":"Géoportail ANSTAT"}},{"type":"Feature","geometry":{"type":"Point","coordinates":[-3.970560999999975,5.287007000000074]},"properties":{"id":39958,"nom":"ECOBANK","type":"bank","district_region":null,"departement_commune":null,"verifie":true,"name":"ECOBANK","source":"Géoportail ANSTAT"}},{"type":"Feature","geometry":{"type":"Point","coordinates":[-3.973247999999955,5.299004000000025]},"properties":{"id":39959,"nom":"FIRST NATIONAL COTE D IVOIRE","type":"bank","district_region":null,"departement_commune":null,"verifie":true,"name":"FIRST NATIONAL COTE D IVOIRE","source":"Géoportail ANSTAT"}},{"type":"Feature","geometry":{"type":"Point","coordinates":[-3.99325099999993,5.290309000000036]},"properties":{"id":39966,"nom":"ECOBANK","type":"bank","district_region":null,"departement_commune":null,"verifie":true,"name":"ECOBANK","source":"Géoportail ANSTAT"}},{"type":"Feature","geometry":{"type":"Point","coordinates":[-4.007762999999954,5.299600000000055]},"properties":{"id":39968,"nom":"ECO BANK","type":"bank","district_region":null,"departement_commune":null,"verifie":true,"name":"ECO BANK","source":"Géoportail ANSTAT"}},{"type":"Feature","geometry":{"type":"Point","coordinates":[-4.003207999999972,5.301590000000033]},"properties":{"id":39970,"nom":"ECO BANK","type":"bank","district_region":null,"departement_commune":null,"verifie":true,"name":"ECO BANK","source":"Géoportail ANSTAT"}},{"type":"Feature","geometry":{"type":"Point","coordinates":[-4.025996999999961,5.352670000000046]},"properties":{"id":40016,"nom":"GT BANK","type":"bank","district_region":null,"departement_commune":null,"verifie":true,"name":"GT BANK","source":"Géoportail ANSTAT"}},{"type":"Feature","geometry":{"type":"Point","coordinates":[-4.017852999999945,5.31925300000006]},"properties":{"id":40024,"nom":"IMMEUBLE NSIA BANQUE EX BIAO CI","type":"bank","district_region":null,"departement_commune":null,"verifie":true,"name":"IMMEUBLE NSIA BANQUE EX BIAO CI","source":"Géoportail ANSTAT"}},{"type":"Feature","geometry":{"type":"Point","coordinates":[-4.015160999999978,5.317320000000052]},"properties":{"id":40027,"nom":"LES BANQUETS RESTAURANT","type":"bank","district_region":null,"departement_commune":null,"verifie":true,"name":"LES BANQUETS RESTAURANT","source":"Géoportail ANSTAT"}},{"type":"Feature","geometry":{"type":"Point","coordinates":[-4.017771999999979,5.321051000000068]},"properties":{"id":40029,"nom":"GTBANK","type":"bank","district_region":null,"departement_commune":null,"verifie":true,"name":"GTBANK","source":"Géoportail ANSTAT"}},{"type":"Feature","geometry":{"type":"Point","coordinates":[-3.968768999999952,5.385551000000021]},"properties":{"id":40055,"nom":"ORABANK","type":"bank","district_region":null,"departement_commune":null,"verifie":true,"name":"ORABANK","source":"Géoportail ANSTAT"}},{"type":"Feature","geometry":{"type":"Point","coordinates":[-4.051248999999927,5.498119000000031]},"properties":{"id":40063,"nom":"NSIA BANQUE","type":"bank","district_region":null,"departement_commune":null,"verifie":true,"name":"NSIA BANQUE","source":"Géoportail ANSTAT"}},{"type":"Feature","geometry":{"type":"Point","coordinates":[-4.014833999999951,5.427487000000042]},"properties":{"id":40082,"nom":"NSIA BANQUE","type":"bank","district_region":null,"departement_commune":null,"verifie":true,"name":"NSIA BANQUE","source":"Géoportail ANSTAT"}},{"type":"Feature","geometry":{"type":"Point","coordinates":[-4.017526999999973,5.418469000000073]},"properties":{"id":40086,"nom":"NSIA","type":"bank","district_region":null,"departement_commune":null,"verifie":true,"name":"NSIA","source":"Géoportail ANSTAT"}},{"type":"Feature","geometry":{"type":"Point","coordinates":[-3.991894999999943,5.394213000000036]},"properties":{"id":40090,"nom":"NSIA","type":"bank","district_region":null,"departement_commune":null,"verifie":true,"name":"NSIA","source":"Géoportail ANSTAT"}},{"type":"Feature","geometry":{"type":"Point","coordinates":[-3.990375999999969,5.374508000000048]},"properties":{"id":40091,"nom":"ORABANK","type":"bank","district_region":null,"departement_commune":null,"verifie":true,"name":"ORABANK","source":"Géoportail ANSTAT"}},{"type":"Feature","geometry":{"type":"Point","coordinates":[-3.987338999999963,5.385483000000022]},"properties":{"id":40092,"nom":"MATIYA","type":"bank","district_region":null,"departement_commune":null,"verifie":true,"name":"MATIYA","source":"Géoportail ANSTAT"}},{"type":"Feature","geometry":{"type":"Point","coordinates":[-3.931287999999938,5.371898000000044]},"properties":{"id":40099,"nom":"NSIA BANQUE","type":"bank","district_region":null,"departement_commune":null,"verifie":true,"name":"NSIA BANQUE","source":"Géoportail ANSTAT"}},{"type":"Feature","geometry":{"type":"Point","coordinates":[-3.998065999999938,5.335173000000054]},"properties":{"id":40108,"nom":"NSIA","type":"bank","district_region":null,"departement_commune":null,"verifie":true,"name":"NSIA","source":"Géoportail ANSTAT"}},{"type":"Feature","geometry":{"type":"Point","coordinates":[-3.998357999999939,5.347146000000066]},"properties":{"id":40112,"nom":"NSIA  BANQUE","type":"bank","district_region":null,"departement_commune":null,"verifie":true,"name":"NSIA  BANQUE","source":"Géoportail ANSTAT"}},{"type":"Feature","geometry":{"type":"Point","coordinates":[-3.989846999999941,5.369363000000021]},"properties":{"id":40116,"nom":"NSIA","type":"bank","district_region":null,"departement_commune":null,"verifie":true,"name":"NSIA","source":"Géoportail ANSTAT"}},{"type":"Feature","geometry":{"type":"Point","coordinates":[-3.989917999999932,5.36835300000007]},"properties":{"id":40117,"nom":"NSIA","type":"bank","district_region":null,"departement_commune":null,"verifie":true,"name":"NSIA","source":"Géoportail ANSTAT"}},{"type":"Feature","geometry":{"type":"Point","coordinates":[-3.992284999999981,5.361878000000047]},"properties":{"id":40118,"nom":"NSIA TECHNOLOGIES","type":"bank","district_region":null,"departement_commune":null,"verifie":true,"name":"NSIA TECHNOLOGIES","source":"Géoportail ANSTAT"}},{"type":"Feature","geometry":{"type":"Point","coordinates":[-3.976595999999972,5.35124200000007]},"properties":{"id":40120,"nom":"NSIA","type":"bank","district_region":null,"departement_commune":null,"verifie":true,"name":"NSIA","source":"Géoportail ANSTAT"}},{"type":"Feature","geometry":{"type":"Point","coordinates":[-3.95708499999995,5.353965000000073]},"properties":{"id":40127,"nom":"NSIA","type":"bank","district_region":null,"departement_commune":null,"verifie":true,"name":"NSIA","source":"Géoportail ANSTAT"}},{"type":"Feature","geometry":{"type":"Point","coordinates":[-3.927673999999968,5.372849000000031]},"properties":{"id":40129,"nom":"ORABANK","type":"bank","district_region":null,"departement_commune":null,"verifie":true,"name":"ORABANK","source":"Géoportail ANSTAT"}},{"type":"Feature","geometry":{"type":"Point","coordinates":[-3.888776999999948,5.357377000000042]},"properties":{"id":40147,"nom":"NSIA","type":"bank","district_region":null,"departement_commune":null,"verifie":true,"name":"NSIA","source":"Géoportail ANSTAT"}},{"type":"Feature","geometry":{"type":"Point","coordinates":[-4.081408999999951,5.370190000000036]},"properties":{"id":40158,"nom":"NSIA BANQUE","type":"bank","district_region":null,"departement_commune":null,"verifie":true,"name":"NSIA BANQUE","source":"Géoportail ANSTAT"}},{"type":"Feature","geometry":{"type":"Point","coordinates":[-4.06417799999997,5.346472000000063]},"properties":{"id":40176,"nom":"NSIA","type":"bank","district_region":null,"departement_commune":null,"verifie":true,"name":"NSIA","source":"Géoportail ANSTAT"}},{"type":"Feature","geometry":{"type":"Point","coordinates":[-4.065856999999937,5.341493000000071]},"properties":{"id":40177,"nom":"NSIA BANQUE","type":"bank","district_region":null,"departement_commune":null,"verifie":true,"name":"NSIA BANQUE","source":"Géoportail ANSTAT"}},{"type":"Feature","geometry":{"type":"Point","coordinates":[-4.059522999999956,5.32399300000003]},"properties":{"id":40228,"nom":"NSIA BANQUE","type":"bank","district_region":null,"departement_commune":null,"verifie":true,"name":"NSIA BANQUE","source":"Géoportail ANSTAT"}},{"type":"Feature","geometry":{"type":"Point","coordinates":[-4.10047099999997,5.341434000000049]},"properties":{"id":40236,"nom":"NSIA BANQUE","type":"bank","district_region":null,"departement_commune":null,"verifie":true,"name":"NSIA BANQUE","source":"Géoportail ANSTAT"}},{"type":"Feature","geometry":{"type":"Point","coordinates":[-4.025579999999934,5.352488000000051]},"properties":{"id":40259,"nom":"NSIA BANQUE","type":"bank","district_region":null,"departement_commune":null,"verifie":true,"name":"NSIA BANQUE","source":"Géoportail ANSTAT"}},{"type":"Feature","geometry":{"type":"Point","coordinates":[-4.022623999999951,5.349167000000023]},"properties":{"id":40264,"nom":"ORABANK","type":"bank","district_region":null,"departement_commune":null,"verifie":true,"name":"ORABANK","source":"Géoportail ANSTAT"}},{"type":"Feature","geometry":{"type":"Point","coordinates":[-4.016451999999958,5.318137000000036]},"properties":{"id":40278,"nom":"NSIA","type":"bank","district_region":null,"departement_commune":null,"verifie":true,"name":"NSIA","source":"Géoportail ANSTAT"}},{"type":"Feature","geometry":{"type":"Point","coordinates":[-4.016211999999939,5.317887000000042]},"properties":{"id":40279,"nom":"NSIA","type":"bank","district_region":null,"departement_commune":null,"verifie":true,"name":"NSIA","source":"Géoportail ANSTAT"}},{"type":"Feature","geometry":{"type":"Point","coordinates":[-4.018236999999942,5.320364000000041]},"properties":{"id":40280,"nom":"NSIA BANQUE","type":"bank","district_region":null,"departement_commune":null,"verifie":true,"name":"NSIA BANQUE","source":"Géoportail ANSTAT"}},{"type":"Feature","geometry":{"type":"Point","coordinates":[-4.018946999999969,5.320223000000055]},"properties":{"id":40281,"nom":"ORABANK","type":"bank","district_region":null,"departement_commune":null,"verifie":true,"name":"ORABANK","source":"Géoportail ANSTAT"}},{"type":"Feature","geometry":{"type":"Point","coordinates":[-3.989329999999939,5.289205000000038]},"properties":{"id":40289,"nom":"NSIA BANQUE ABIDJAN SUD","type":"bank","district_region":null,"departement_commune":null,"verifie":true,"name":"NSIA BANQUE ABIDJAN SUD","source":"Géoportail ANSTAT"}},{"type":"Feature","geometry":{"type":"Point","coordinates":[-3.976628999999946,5.273253000000068]},"properties":{"id":40290,"nom":"NSIA BANQUE","type":"bank","district_region":null,"departement_commune":null,"verifie":true,"name":"NSIA BANQUE","source":"Géoportail ANSTAT"}},{"type":"Feature","geometry":{"type":"Point","coordinates":[-3.972960999999941,5.299098000000072]},"properties":{"id":40299,"nom":"NSIA BANQUE","type":"bank","district_region":null,"departement_commune":null,"verifie":true,"name":"NSIA BANQUE","source":"Géoportail ANSTAT"}},{"type":"Feature","geometry":{"type":"Point","coordinates":[-3.988583999999946,5.300723000000062]},"properties":{"id":40314,"nom":"NSIA BANQUE","type":"bank","district_region":null,"departement_commune":null,"verifie":true,"name":"NSIA BANQUE","source":"Géoportail ANSTAT"}},{"type":"Feature","geometry":{"type":"Point","coordinates":[-3.99069899999995,5.308377000000064]},"properties":{"id":40315,"nom":"NSIA BANQUE","type":"bank","district_region":null,"departement_commune":null,"verifie":true,"name":"NSIA BANQUE","source":"Géoportail ANSTAT"}},{"type":"Feature","geometry":{"type":"Point","coordinates":[-4.003344999999968,5.29802200000006]},"properties":{"id":40324,"nom":"NSIA BANQUE","type":"bank","district_region":null,"departement_commune":null,"verifie":true,"name":"NSIA BANQUE","source":"Géoportail ANSTAT"}},{"type":"Feature","geometry":{"type":"Point","coordinates":[-4.014238999999975,5.30789900000002]},"properties":{"id":40329,"nom":"ORABANK","type":"bank","district_region":null,"departement_commune":null,"verifie":true,"name":"ORABANK","source":"Géoportail ANSTAT"}},{"type":"Feature","geometry":{"type":"Point","coordinates":[-4.034392999999966,5.348471000000075]},"properties":{"id":40366,"nom":"NSIA BANQUE","type":"bank","district_region":null,"departement_commune":null,"verifie":true,"name":"NSIA BANQUE","source":"Géoportail ANSTAT"}},{"type":"Feature","geometry":{"type":"Point","coordinates":[-4.003544999999974,5.268361000000027]},"properties":{"id":40382,"nom":"NSIA BANQUE","type":"bank","district_region":null,"departement_commune":null,"verifie":true,"name":"NSIA BANQUE","source":"Géoportail ANSTAT"}},{"type":"Feature","geometry":{"type":"Point","coordinates":[-3.974614999999972,5.387565000000052]},"properties":{"id":40407,"nom":"SOCIETE GENERALE DE COTE D IVOIRE","type":"bank","district_region":null,"departement_commune":null,"verifie":true,"name":"SOCIETE GENERALE DE COTE D IVOIRE","source":"Géoportail ANSTAT"}},{"type":"Feature","geometry":{"type":"Point","coordinates":[-4.051391999999964,5.497294000000068]},"properties":{"id":40410,"nom":"SOCIETE GENERALE COTE D IVOIRE","type":"bank","district_region":null,"departement_commune":null,"verifie":true,"name":"SOCIETE GENERALE COTE D IVOIRE","source":"Géoportail ANSTAT"}},{"type":"Feature","geometry":{"type":"Point","coordinates":[-4.051372999999955,5.49725600000005]},"properties":{"id":40411,"nom":"SOCIETE GENERALE COTE DIVOIRE","type":"bank","district_region":null,"departement_commune":null,"verifie":true,"name":"SOCIETE GENERALE COTE DIVOIRE","source":"Géoportail ANSTAT"}},{"type":"Feature","geometry":{"type":"Point","coordinates":[-4.015719999999931,5.436519000000033]},"properties":{"id":40416,"nom":"POSTE AGENCE 14 ET BANQUE BDA","type":"bank","district_region":null,"departement_commune":null,"verifie":true,"name":"POSTE AGENCE 14 ET BANQUE BDA","source":"Géoportail ANSTAT"}},{"type":"Feature","geometry":{"type":"Point","coordinates":[-4.006583999999975,5.414941000000056]},"properties":{"id":40418,"nom":"SGBCI","type":"bank","district_region":null,"departement_commune":null,"verifie":true,"name":"SGBCI","source":"Géoportail ANSTAT"}},{"type":"Feature","geometry":{"type":"Point","coordinates":[-4.017143999999973,5.417418000000055]},"properties":{"id":40419,"nom":"SGBCI","type":"bank","district_region":null,"departement_commune":null,"verifie":true,"name":"SGBCI","source":"Géoportail ANSTAT"}},{"type":"Feature","geometry":{"type":"Point","coordinates":[-4.018533999999931,5.421502000000032]},"properties":{"id":40420,"nom":"SOCIETE IVOIRIENNEDE BANQUE  SIB","type":"bank","district_region":null,"departement_commune":null,"verifie":true,"name":"SOCIETE IVOIRIENNEDE BANQUE  SIB","source":"Géoportail ANSTAT"}},{"type":"Feature","geometry":{"type":"Point","coordinates":[-4.006576999999936,5.40132600000004]},"properties":{"id":40421,"nom":"SOCIETE IVOIRIENNE DE BANQUE SIB","type":"bank","district_region":null,"departement_commune":null,"verifie":true,"name":"SOCIETE IVOIRIENNE DE BANQUE SIB","source":"Géoportail ANSTAT"}},{"type":"Feature","geometry":{"type":"Point","coordinates":[-3.991747999999973,5.397154000000057]},"properties":{"id":40423,"nom":"SOCIETE IVOIRIENNE DE BANQUE","type":"bank","district_region":null,"departement_commune":null,"verifie":true,"name":"SOCIETE IVOIRIENNE DE BANQUE","source":"Géoportail ANSTAT"}},{"type":"Feature","geometry":{"type":"Point","coordinates":[-3.998891999999955,5.374825000000044]},"properties":{"id":40425,"nom":"SOCIETE IVOIRIENNE DE BANQUE","type":"bank","district_region":null,"departement_commune":null,"verifie":true,"name":"SOCIETE IVOIRIENNE DE BANQUE","source":"Géoportail ANSTAT"}},{"type":"Feature","geometry":{"type":"Point","coordinates":[-3.990061999999966,5.371642000000065]},"properties":{"id":40426,"nom":"SOCIETE GENERALE  COTE D IVOIRE","type":"bank","district_region":null,"departement_commune":null,"verifie":true,"name":"SOCIETE GENERALE  COTE D IVOIRE","source":"Géoportail ANSTAT"}},{"type":"Feature","geometry":{"type":"Point","coordinates":[-3.990786999999955,5.375851000000068]},"properties":{"id":40427,"nom":"SOCIETE IVOIRIENNE DE BANQUE","type":"bank","district_region":null,"departement_commune":null,"verifie":true,"name":"SOCIETE IVOIRIENNE DE BANQUE","source":"Géoportail ANSTAT"}},{"type":"Feature","geometry":{"type":"Point","coordinates":[-3.931411999999966,5.371831000000043]},"properties":{"id":40431,"nom":"SIB SOCIETE","type":"bank","district_region":null,"departement_commune":null,"verifie":true,"name":"SIB SOCIETE","source":"Géoportail ANSTAT"}},{"type":"Feature","geometry":{"type":"Point","coordinates":[-3.96059299999996,5.364176000000043]},"properties":{"id":40432,"nom":"SGBCI","type":"bank","district_region":null,"departement_commune":null,"verifie":true,"name":"SGBCI","source":"Géoportail ANSTAT"}},{"type":"Feature","geometry":{"type":"Point","coordinates":[-4.000450999999941,5.333475000000021]},"properties":{"id":40438,"nom":"POINT EXPRESS ECOBANK","type":"bank","district_region":null,"departement_commune":null,"verifie":true,"name":"POINT EXPRESS ECOBANK","source":"Géoportail ANSTAT"}},{"type":"Feature","geometry":{"type":"Point","coordinates":[-4.011198999999976,5.344052000000033]},"properties":{"id":40441,"nom":"SOCIETE GENERALE COTE DIVOIRE","type":"bank","district_region":null,"departement_commune":null,"verifie":true,"name":"SOCIETE GENERALE COTE DIVOIRE","source":"Géoportail ANSTAT"}},{"type":"Feature","geometry":{"type":"Point","coordinates":[-4.003317999999979,5.33961400000004]},"properties":{"id":40443,"nom":"SGBCI","type":"bank","district_region":null,"departement_commune":null,"verifie":true,"name":"SGBCI","source":"Géoportail ANSTAT"}},{"type":"Feature","geometry":{"type":"Point","coordinates":[-3.999967999999967,5.335732000000064]},"properties":{"id":40444,"nom":"SOCIETE IVOIRIENNE DE BANQUE","type":"bank","district_region":null,"departement_commune":null,"verifie":true,"name":"SOCIETE IVOIRIENNE DE BANQUE","source":"Géoportail ANSTAT"}},{"type":"Feature","geometry":{"type":"Point","coordinates":[-4.003536999999938,5.337969000000044]},"properties":{"id":40445,"nom":"SOCIETE IVOIRIENNE DE BANQUE","type":"bank","district_region":null,"departement_commune":null,"verifie":true,"name":"SOCIETE IVOIRIENNE DE BANQUE","source":"Géoportail ANSTAT"}},{"type":"Feature","geometry":{"type":"Point","coordinates":[-3.990840999999932,5.357743000000028]},"properties":{"id":40451,"nom":"SOCIETE GENERALE DE COTE D IVOIRE","type":"bank","district_region":null,"departement_commune":null,"verifie":true,"name":"SOCIETE GENERALE DE COTE D IVOIRE","source":"Géoportail ANSTAT"}},{"type":"Feature","geometry":{"type":"Point","coordinates":[-3.989550999999949,5.363748000000044]},"properties":{"id":40452,"nom":"SOCIETE IVOIRIENNE DE BANQUE","type":"bank","district_region":null,"departement_commune":null,"verifie":true,"name":"SOCIETE IVOIRIENNE DE BANQUE","source":"Géoportail ANSTAT"}},{"type":"Feature","geometry":{"type":"Point","coordinates":[-3.976420999999959,5.350765000000024]},"properties":{"id":40453,"nom":"SGBCI","type":"bank","district_region":null,"departement_commune":null,"verifie":true,"name":"SGBCI","source":"Géoportail ANSTAT"}},{"type":"Feature","geometry":{"type":"Point","coordinates":[-3.976449999999943,5.339768000000049]},"properties":{"id":40454,"nom":"SGCI","type":"bank","district_region":null,"departement_commune":null,"verifie":true,"name":"SGCI","source":"Géoportail ANSTAT"}},{"type":"Feature","geometry":{"type":"Point","coordinates":[-3.959733999999969,5.354671000000053]},"properties":{"id":40456,"nom":"SIB","type":"bank","district_region":null,"departement_commune":null,"verifie":true,"name":"SIB","source":"Géoportail ANSTAT"}},{"type":"Feature","geometry":{"type":"Point","coordinates":[-3.953701999999964,5.352795000000071]},"properties":{"id":40457,"nom":"TCHEGBAO SA NSIA","type":"bank","district_region":null,"departement_commune":null,"verifie":true,"name":"TCHEGBAO SA NSIA","source":"Géoportail ANSTAT"}},{"type":"Feature","geometry":{"type":"Point","coordinates":[-3.928453999999931,5.372555000000034]},"properties":{"id":40459,"nom":"SGBCI","type":"bank","district_region":null,"departement_commune":null,"verifie":true,"name":"SGBCI","source":"Géoportail ANSTAT"}},{"type":"Feature","geometry":{"type":"Point","coordinates":[-4.104360999999926,5.329931000000045]},"properties":{"id":40479,"nom":"SOCIETE GENERALE COTE D IVOIRE","type":"bank","district_region":null,"departement_commune":null,"verifie":true,"name":"SOCIETE GENERALE COTE D IVOIRE","source":"Géoportail ANSTAT"}},{"type":"Feature","geometry":{"type":"Point","coordinates":[-4.102697999999975,5.334394000000032]},"properties":{"id":40480,"nom":"SOCIETE IVOIRIENNE DE BANQUE","type":"bank","district_region":null,"departement_commune":null,"verifie":true,"name":"SOCIETE IVOIRIENNE DE BANQUE","source":"Géoportail ANSTAT"}},{"type":"Feature","geometry":{"type":"Point","coordinates":[-4.07999099999995,5.34522800000002]},"properties":{"id":40482,"nom":"POINT EXPRESS ECOBANK","type":"bank","district_region":null,"departement_commune":null,"verifie":true,"name":"POINT EXPRESS ECOBANK","source":"Géoportail ANSTAT"}},{"type":"Feature","geometry":{"type":"Point","coordinates":[-4.074004999999943,5.351856000000055]},"properties":{"id":40485,"nom":"SOCIETE GENERALE","type":"bank","district_region":null,"departement_commune":null,"verifie":true,"name":"SOCIETE GENERALE","source":"Géoportail ANSTAT"}},{"type":"Feature","geometry":{"type":"Point","coordinates":[-4.076333999999974,5.355556000000036]},"properties":{"id":40486,"nom":"SOCIETE IVOIRIENNE DE BANQUE","type":"bank","district_region":null,"departement_commune":null,"verifie":true,"name":"SOCIETE IVOIRIENNE DE BANQUE","source":"Géoportail ANSTAT"}},{"type":"Feature","geometry":{"type":"Point","coordinates":[-4.090866999999946,5.333821000000057]},"properties":{"id":40490,"nom":"SOCIETE IVOIRIENNEDEBANQUE","type":"bank","district_region":null,"departement_commune":null,"verifie":true,"name":"SOCIETE IVOIRIENNEDEBANQUE","source":"Géoportail ANSTAT"}},{"type":"Feature","geometry":{"type":"Point","coordinates":[-4.023723999999959,5.338647000000037]},"properties":{"id":40499,"nom":"SOCIETE GENERALE DE COTE DIVOIRE","type":"bank","district_region":null,"departement_commune":null,"verifie":true,"name":"SOCIETE GENERALE DE COTE DIVOIRE","source":"Géoportail ANSTAT"}},{"type":"Feature","geometry":{"type":"Point","coordinates":[-4.024604999999951,5.346527000000037]},"properties":{"id":40524,"nom":"SOCIETE IVOIRIENNE DE BANQUE","type":"bank","district_region":null,"departement_commune":null,"verifie":true,"name":"SOCIETE IVOIRIENNE DE BANQUE","source":"Géoportail ANSTAT"}},{"type":"Feature","geometry":{"type":"Point","coordinates":[-4.016973999999948,5.351169000000027]},"properties":{"id":40526,"nom":"SOCIETE IVOIRIENNE DE BANQUE","type":"bank","district_region":null,"departement_commune":null,"verifie":true,"name":"SOCIETE IVOIRIENNE DE BANQUE","source":"Géoportail ANSTAT"}},{"type":"Feature","geometry":{"type":"Point","coordinates":[-4.017451999999935,5.314790000000073]},"properties":{"id":40532,"nom":"SOCIETE IVOIRIENNE DE BANQUE","type":"bank","district_region":null,"departement_commune":null,"verifie":true,"name":"SOCIETE IVOIRIENNE DE BANQUE","source":"Géoportail ANSTAT"}},{"type":"Feature","geometry":{"type":"Point","coordinates":[-4.016329999999925,5.321676000000025]},"properties":{"id":40537,"nom":"SOCIETE GENERALE COTE D IVOIRE","type":"bank","district_region":null,"departement_commune":null,"verifie":true,"name":"SOCIETE GENERALE COTE D IVOIRE","source":"Géoportail ANSTAT"}},{"type":"Feature","geometry":{"type":"Point","coordinates":[-4.018632999999966,5.320177000000058]},"properties":{"id":40538,"nom":"SOCIETE GENERALE SGBCI","type":"bank","district_region":null,"departement_commune":null,"verifie":true,"name":"SOCIETE GENERALE SGBCI","source":"Géoportail ANSTAT"}},{"type":"Feature","geometry":{"type":"Point","coordinates":[-4.021676999999954,5.327501000000041]},"properties":{"id":40540,"nom":"SGBCI","type":"bank","district_region":null,"departement_commune":null,"verifie":true,"name":"SGBCI","source":"Géoportail ANSTAT"}},{"type":"Feature","geometry":{"type":"Point","coordinates":[-3.981196999999952,5.276847000000032]},"properties":{"id":40546,"nom":"SGBCI","type":"bank","district_region":null,"departement_commune":null,"verifie":true,"name":"SGBCI","source":"Géoportail ANSTAT"}},{"type":"Feature","geometry":{"type":"Point","coordinates":[-3.971296999999936,5.289450000000045]},"properties":{"id":40548,"nom":"SIB","type":"bank","district_region":null,"departement_commune":null,"verifie":true,"name":"SIB","source":"Géoportail ANSTAT"}},{"type":"Feature","geometry":{"type":"Point","coordinates":[-3.974126999999953,5.299771000000021]},"properties":{"id":40551,"nom":"SIB","type":"bank","district_region":null,"departement_commune":null,"verifie":true,"name":"SIB","source":"Géoportail ANSTAT"}},{"type":"Feature","geometry":{"type":"Point","coordinates":[-3.987040999999977,5.299465000000055]},"properties":{"id":40552,"nom":"SOCIETE IVOIRIENNE  DE  BANQUE","type":"bank","district_region":null,"departement_commune":null,"verifie":true,"name":"SOCIETE IVOIRIENNE  DE  BANQUE","source":"Géoportail ANSTAT"}},{"type":"Feature","geometry":{"type":"Point","coordinates":[-4.00603899999993,5.296351000000072]},"properties":{"id":40557,"nom":"SOCIETE IVOIRIENNE DE BANQUE","type":"bank","district_region":null,"departement_commune":null,"verifie":true,"name":"SOCIETE IVOIRIENNE DE BANQUE","source":"Géoportail ANSTAT"}},{"type":"Feature","geometry":{"type":"Point","coordinates":[-3.996387999999968,5.298012000000028]},"properties":{"id":40561,"nom":"SOCIETE GENERALE DE COTE D IVOIRE","type":"bank","district_region":null,"departement_commune":null,"verifie":true,"name":"SOCIETE GENERALE DE COTE D IVOIRE","source":"Géoportail ANSTAT"}},{"type":"Feature","geometry":{"type":"Point","coordinates":[-3.999889999999937,5.296730000000025]},"properties":{"id":40562,"nom":"SOCIETE IVOIRIENNE DE BANQUE","type":"bank","district_region":null,"departement_commune":null,"verifie":true,"name":"SOCIETE IVOIRIENNE DE BANQUE","source":"Géoportail ANSTAT"}},{"type":"Feature","geometry":{"type":"Point","coordinates":[-4.009875999999963,5.298365000000047]},"properties":{"id":40564,"nom":"SOCIETE GENERALE COTE D IVOIRE","type":"bank","district_region":null,"departement_commune":null,"verifie":true,"name":"SOCIETE GENERALE COTE D IVOIRE","source":"Géoportail ANSTAT"}},{"type":"Feature","geometry":{"type":"Point","coordinates":[-4.012697999999943,5.307962000000032]},"properties":{"id":40565,"nom":"SOCIETE GENERALE COTE DIVOIRE","type":"bank","district_region":null,"departement_commune":null,"verifie":true,"name":"SOCIETE GENERALE COTE DIVOIRE","source":"Géoportail ANSTAT"}},{"type":"Feature","geometry":{"type":"Point","coordinates":[-4.005792999999926,5.309492000000034]},"properties":{"id":40567,"nom":"SGBCI","type":"bank","district_region":null,"departement_commune":null,"verifie":true,"name":"SGBCI","source":"Géoportail ANSTAT"}},{"type":"Feature","geometry":{"type":"Point","coordinates":[-3.968005999999946,5.296308000000067]},"properties":{"id":40576,"nom":"SOCIETE GENERALE COTE DIVOIRE","type":"bank","district_region":null,"departement_commune":null,"verifie":true,"name":"SOCIETE GENERALE COTE DIVOIRE","source":"Géoportail ANSTAT"}},{"type":"Feature","geometry":{"type":"Point","coordinates":[-4.004065999999966,5.268681000000072]},"properties":{"id":40578,"nom":"SOCIETE GENERALE COTE D IVOIRE","type":"bank","district_region":null,"departement_commune":null,"verifie":true,"name":"SOCIETE GENERALE COTE D IVOIRE","source":"Géoportail ANSTAT"}},{"type":"Feature","geometry":{"type":"Point","coordinates":[-3.982147999999938,5.258412000000021]},"properties":{"id":40580,"nom":"SOCIETE IVOIRIENNE DE BANQUE","type":"bank","district_region":null,"departement_commune":null,"verifie":true,"name":"SOCIETE IVOIRIENNE DE BANQUE","source":"Géoportail ANSTAT"}},{"type":"Feature","geometry":{"type":"Point","coordinates":[-3.964428999999939,5.259212000000048]},"properties":{"id":40581,"nom":"SOCIETE GENERALE  COTE D IVOIRE","type":"bank","district_region":null,"departement_commune":null,"verifie":true,"name":"SOCIETE GENERALE  COTE D IVOIRE","source":"Géoportail ANSTAT"}},{"type":"Feature","geometry":{"type":"Point","coordinates":[-4.017427999999938,5.411450000000059]},"properties":{"id":40596,"nom":"UBA","type":"bank","district_region":null,"departement_commune":null,"verifie":true,"name":"UBA","source":"Géoportail ANSTAT"}},{"type":"Feature","geometry":{"type":"Point","coordinates":[-3.990625999999963,5.357723000000021]},"properties":{"id":40602,"nom":"VERSUS BANK","type":"bank","district_region":null,"departement_commune":null,"verifie":true,"name":"VERSUS BANK","source":"Géoportail ANSTAT"}},{"type":"Feature","geometry":{"type":"Point","coordinates":[-3.975147999999933,5.346720000000062]},"properties":{"id":40603,"nom":"UBA","type":"bank","district_region":null,"departement_commune":null,"verifie":true,"name":"UBA","source":"Géoportail ANSTAT"}},{"type":"Feature","geometry":{"type":"Point","coordinates":[-4.090468999999928,5.369416000000058]},"properties":{"id":40607,"nom":"TRESOR ARCHIVE CENTRALE","type":"bank","district_region":null,"departement_commune":null,"verifie":true,"name":"TRESOR ARCHIVE CENTRALE","source":"Géoportail ANSTAT"}},{"type":"Feature","geometry":{"type":"Point","coordinates":[-4.065254999999979,5.354489000000058]},"properties":{"id":40608,"nom":"UBA","type":"bank","district_region":null,"departement_commune":null,"verifie":true,"name":"UBA","source":"Géoportail ANSTAT"}},{"type":"Feature","geometry":{"type":"Point","coordinates":[-4.014449999999954,5.321014000000048]},"properties":{"id":40630,"nom":"UNION MONETAIRE OUEST AFRICAINE UMOA","type":"bank","district_region":null,"departement_commune":null,"verifie":true,"name":"UNION MONETAIRE OUEST AFRICAINE UMOA","source":"Géoportail ANSTAT"}},{"type":"Feature","geometry":{"type":"Point","coordinates":[-3.982510999999931,5.289145000000076]},"properties":{"id":40635,"nom":"VERSUS BANQUE","type":"bank","district_region":null,"departement_commune":null,"verifie":true,"name":"VERSUS BANQUE","source":"Géoportail ANSTAT"}},{"type":"Feature","geometry":{"type":"Point","coordinates":[-3.995468999999957,5.301003000000037]},"properties":{"id":40645,"nom":"UBA","type":"bank","district_region":null,"departement_commune":null,"verifie":true,"name":"UBA","source":"Géoportail ANSTAT"}},{"type":"Feature","geometry":{"type":"Point","coordinates":[-3.970906999999954,5.295955000000049]},"properties":{"id":40652,"nom":"UBA","type":"bank","district_region":null,"departement_commune":null,"verifie":true,"name":"UBA","source":"Géoportail ANSTAT"}},{"type":"Feature","geometry":{"type":"Point","coordinates":[-3.967904999999973,5.298389000000043]},"properties":{"id":40653,"nom":"UBA","type":"bank","district_region":null,"departement_commune":null,"verifie":true,"name":"UBA","source":"Géoportail ANSTAT"}},{"type":"Feature","geometry":{"type":"Point","coordinates":[-7.68175059999993,8.285964200000024]},"properties":{"id":103384,"nom":"BNI","type":"bank","district_region":null,"departement_commune":null,"verifie":true,"name":"BNI","source":"Géoportail ANSTAT"}},{"type":"Feature","geometry":{"type":"Point","coordinates":[-7.685423799999967,8.286035200000072]},"properties":{"id":103385,"nom":"BANQUE POPULAIRE AGENCE TOUBA","type":"bank","district_region":null,"departement_commune":null,"verifie":true,"name":"BANQUE POPULAIRE AGENCE TOUBA","source":"Géoportail ANSTAT"}},{"type":"Feature","geometry":{"type":"Point","coordinates":[-7.345917799999938,6.745872400000053]},"properties":{"id":103386,"nom":"BANQUE ATLANTIQUE","type":"bank","district_region":null,"departement_commune":null,"verifie":true,"name":"BANQUE ATLANTIQUE","source":"Géoportail ANSTAT"}},{"type":"Feature","geometry":{"type":"Point","coordinates":[-7.497850699999958,6.54802490000003]},"properties":{"id":103387,"nom":"BANQUE ATLANTIQUE","type":"bank","district_region":null,"departement_commune":null,"verifie":true,"name":"BANQUE ATLANTIQUE","source":"Géoportail ANSTAT"}},{"type":"Feature","geometry":{"type":"Point","coordinates":[-7.502108799999974,6.545475000000067]},"properties":{"id":103389,"nom":"POINT XPRESS CASH ECOBANK","type":"bank","district_region":null,"departement_commune":null,"verifie":true,"name":"POINT XPRESS CASH ECOBANK","source":"Géoportail ANSTAT"}},{"type":"Feature","geometry":{"type":"Point","coordinates":[-7.349617399999943,6.745579000000021]},"properties":{"id":103390,"nom":"CORIS BANK","type":"bank","district_region":null,"departement_commune":null,"verifie":true,"name":"CORIS BANK","source":"Géoportail ANSTAT"}},{"type":"Feature","geometry":{"type":"Point","coordinates":[-7.486910799999976,6.218206100000032]},"properties":{"id":103392,"nom":"BANK POPULÄR","type":"bank","district_region":null,"departement_commune":null,"verifie":true,"name":"BANK POPULÄR","source":"Géoportail ANSTAT"}},{"type":"Feature","geometry":{"type":"Point","coordinates":[-4.218712099999948,5.929561400000068]},"properties":{"id":103394,"nom":"MUCREFAB","type":"bank","district_region":null,"departement_commune":null,"verifie":true,"name":"MUCREFAB","source":"Géoportail ANSTAT"}},{"type":"Feature","geometry":{"type":"Point","coordinates":[-4.214085399999931,5.931386000000032]},"properties":{"id":103395,"nom":"COOPEC AGBOVILLE","type":"bank","district_region":null,"departement_commune":null,"verifie":true,"name":"COOPEC AGBOVILLE","source":"Géoportail ANSTAT"}},{"type":"Feature","geometry":{"type":"Point","coordinates":[-4.213045099999931,5.931327600000031]},"properties":{"id":103398,"nom":"COOPEC AGBOVILLE","type":"bank","district_region":null,"departement_commune":null,"verifie":true,"name":"COOPEC AGBOVILLE","source":"Géoportail ANSTAT"}},{"type":"Feature","geometry":{"type":"Point","coordinates":[-4.572641199999964,5.672903100000042]},"properties":{"id":103399,"nom":"BANQUE POPULAIRE","type":"bank","district_region":null,"departement_commune":null,"verifie":true,"name":"BANQUE POPULAIRE","source":"Géoportail ANSTAT"}},{"type":"Feature","geometry":{"type":"Point","coordinates":[-4.82523939999993,5.892738100000031]},"properties":{"id":103401,"nom":"SOCIETE GENERALE","type":"bank","district_region":null,"departement_commune":null,"verifie":true,"name":"SOCIETE GENERALE","source":"Géoportail ANSTAT"}},{"type":"Feature","geometry":{"type":"Point","coordinates":[-5.101571299999932,8.13987080000004]},"properties":{"id":103404,"nom":"NSIA","type":"bank","district_region":null,"departement_commune":null,"verifie":true,"name":"NSIA","source":"Géoportail ANSTAT"}},{"type":"Feature","geometry":{"type":"Point","coordinates":[-5.028177899999946,7.681954400000052]},"properties":{"id":103405,"nom":"ECOBANK - AGENCE BOULEVARD HOUPHOUET-BOIGNY","type":"bank","district_region":null,"departement_commune":null,"verifie":true,"name":"ECOBANK - AGENCE BOULEVARD HOUPHOUET-BOIGNY","source":"Géoportail ANSTAT"}},{"type":"Feature","geometry":{"type":"Point","coordinates":[-5.101884299999938,8.139996600000075]},"properties":{"id":103406,"nom":"SIB","type":"bank","district_region":null,"departement_commune":null,"verifie":true,"name":"SIB","source":"Géoportail ANSTAT"}},{"type":"Feature","geometry":{"type":"Point","coordinates":[-5.03004489999995,7.680975400000023]},"properties":{"id":103407,"nom":"GUICHET AUTOMATIQUE","type":"bank","district_region":null,"departement_commune":null,"verifie":true,"name":"GUICHET AUTOMATIQUE","source":"Géoportail ANSTAT"}},{"type":"Feature","geometry":{"type":"Point","coordinates":[-5.029604499999948,7.684315500000025]},"properties":{"id":103408,"nom":"BANK OF AFRICA - AGENCE BOUAKE","type":"bank","district_region":null,"departement_commune":null,"verifie":true,"name":"BANK OF AFRICA - AGENCE BOUAKE","source":"Géoportail ANSTAT"}},{"type":"Feature","geometry":{"type":"Point","coordinates":[-5.101641899999947,8.139202700000055]},"properties":{"id":103417,"nom":"SOCIETE GENERALE COTE D IVOIRE","type":"bank","district_region":null,"departement_commune":null,"verifie":true,"name":"SOCIETE GENERALE COTE D IVOIRE","source":"Géoportail ANSTAT"}},{"type":"Feature","geometry":{"type":"Point","coordinates":[-5.028894699999967,7.681032400000049]},"properties":{"id":103427,"nom":"SOCIETE GENERALE COTE D’IVOIRE AGENCE BOULEVARD DE LA MAIRIE","type":"bank","district_region":null,"departement_commune":null,"verifie":true,"name":"SOCIETE GENERALE COTE D’IVOIRE AGENCE BOULEVARD DE LA MAIRIE","source":"Géoportail ANSTAT"}},{"type":"Feature","geometry":{"type":"Point","coordinates":[-5.029269099999965,7.682100800000057]},"properties":{"id":103441,"nom":"BSIC","type":"bank","district_region":null,"departement_commune":null,"verifie":true,"name":"BSIC","source":"Géoportail ANSTAT"}},{"type":"Feature","geometry":{"type":"Point","coordinates":[-5.028178799999978,7.681810300000052]},"properties":{"id":103444,"nom":"BHCI - AGENCE BOUAKE","type":"bank","district_region":null,"departement_commune":null,"verifie":true,"name":"BHCI - AGENCE BOUAKE","source":"Géoportail ANSTAT"}},{"type":"Feature","geometry":{"type":"Point","coordinates":[-5.028177199999959,7.682147600000064]},"properties":{"id":103468,"nom":"GUICHET ECOBANK","type":"bank","district_region":null,"departement_commune":null,"verifie":true,"name":"GUICHET ECOBANK","source":"Géoportail ANSTAT"}},{"type":"Feature","geometry":{"type":"Point","coordinates":[-5.029306899999938,7.68237750000003]},"properties":{"id":103475,"nom":"GUICHET AUTOMATIQUE","type":"bank","district_region":null,"departement_commune":null,"verifie":true,"name":"GUICHET AUTOMATIQUE","source":"Géoportail ANSTAT"}},{"type":"Feature","geometry":{"type":"Point","coordinates":[-5.027787899999964,7.698369800000023]},"properties":{"id":103476,"nom":"SOCIETE IVOIRIENNE DE BANQUE","type":"bank","district_region":null,"departement_commune":null,"verifie":true,"name":"SOCIETE IVOIRIENNE DE BANQUE","source":"Géoportail ANSTAT"}},{"type":"Feature","geometry":{"type":"Point","coordinates":[-5.029236099999935,7.682373000000041]},"properties":{"id":103477,"nom":"ORABANK","type":"bank","district_region":null,"departement_commune":null,"verifie":true,"name":"ORABANK","source":"Géoportail ANSTAT"}},{"type":"Feature","geometry":{"type":"Point","coordinates":[-3.489754199999936,6.729768500000034]},"properties":{"id":103481,"nom":"SOCIETE GENERALE COTE D’IVOIRE","type":"bank","district_region":null,"departement_commune":null,"verifie":true,"name":"SOCIETE GENERALE COTE D’IVOIRE","source":"Géoportail ANSTAT"}},{"type":"Feature","geometry":{"type":"Point","coordinates":[-3.487355399999956,6.73012650000004]},"properties":{"id":103484,"nom":"BANQUE ATLANTIQUE","type":"bank","district_region":null,"departement_commune":null,"verifie":true,"name":"BANQUE ATLANTIQUE","source":"Géoportail ANSTAT"}},{"type":"Feature","geometry":{"type":"Point","coordinates":[-3.20082599999995,7.126891900000032]},"properties":{"id":103488,"nom":"BNI - AGENCE AGNIBILEKROU","type":"bank","district_region":null,"departement_commune":null,"verifie":true,"name":"BNI - AGENCE AGNIBILEKROU","source":"Géoportail ANSTAT"}},{"type":"Feature","geometry":{"type":"Point","coordinates":[-3.505624699999942,6.747852500000022]},"properties":{"id":103489,"nom":"SIB ABENGOUROU","type":"bank","district_region":null,"departement_commune":null,"verifie":true,"name":"SIB ABENGOUROU","source":"Géoportail ANSTAT"}},{"type":"Feature","geometry":{"type":"Point","coordinates":[-3.506242199999974,6.747923600000036]},"properties":{"id":103490,"nom":"SIB ABENGOUROU","type":"bank","district_region":null,"departement_commune":null,"verifie":true,"name":"SIB ABENGOUROU","source":"Géoportail ANSTAT"}},{"type":"Feature","geometry":{"type":"Point","coordinates":[-4.408579199999963,5.206211100000075]},"properties":{"id":103501,"nom":"NSIA","type":"bank","district_region":null,"departement_commune":null,"verifie":true,"name":"NSIA","source":"Géoportail ANSTAT"}},{"type":"Feature","geometry":{"type":"Point","coordinates":[-4.378159699999969,5.322720300000071]},"properties":{"id":103503,"nom":"BANQUE ATLANTIQUE","type":"bank","district_region":null,"departement_commune":null,"verifie":true,"name":"BANQUE ATLANTIQUE","source":"Géoportail ANSTAT"}},{"type":"Feature","geometry":{"type":"Point","coordinates":[-4.378296499999976,5.322690200000068]},"properties":{"id":103505,"nom":"BANQUE POPULAIRE","type":"bank","district_region":null,"departement_commune":null,"verifie":true,"name":"BANQUE POPULAIRE","source":"Géoportail ANSTAT"}},{"type":"Feature","geometry":{"type":"Point","coordinates":[-5.942175299999974,6.131797600000027]},"properties":{"id":103509,"nom":"CNCE","type":"bank","district_region":null,"departement_commune":null,"verifie":true,"name":"CNCE","source":"Géoportail ANSTAT"}},{"type":"Feature","geometry":{"type":"Point","coordinates":[-5.942986599999927,6.129142500000057]},"properties":{"id":103510,"nom":"ORABANK","type":"bank","district_region":null,"departement_commune":null,"verifie":true,"name":"ORABANK","source":"Géoportail ANSTAT"}},{"type":"Feature","geometry":{"type":"Point","coordinates":[-5.359221399999967,5.841954500000043]},"properties":{"id":103512,"nom":"BANQUE POPULAIRE DE COTE D IVOIRE","type":"bank","district_region":null,"departement_commune":null,"verifie":true,"name":"BANQUE POPULAIRE DE COTE D IVOIRE","source":"Géoportail ANSTAT"}},{"type":"Feature","geometry":{"type":"Point","coordinates":[-5.943487199999936,6.12933970000006]},"properties":{"id":103514,"nom":"ECOBANK","type":"bank","district_region":null,"departement_commune":null,"verifie":true,"name":"ECOBANK","source":"Géoportail ANSTAT"}},{"type":"Feature","geometry":{"type":"Point","coordinates":[-5.357827699999973,5.840281300000072]},"properties":{"id":103515,"nom":"GUICHET AUTOMATIQUE","type":"bank","district_region":null,"departement_commune":null,"verifie":true,"name":"GUICHET AUTOMATIQUE","source":"Géoportail ANSTAT"}},{"type":"Feature","geometry":{"type":"Point","coordinates":[-5.357772799999964,5.840300200000058]},"properties":{"id":103516,"nom":"SGBCI","type":"bank","district_region":null,"departement_commune":null,"verifie":true,"name":"SGBCI","source":"Géoportail ANSTAT"}},{"type":"Feature","geometry":{"type":"Point","coordinates":[-5.944077099999959,6.128257200000064]},"properties":{"id":103517,"nom":"SIB - AGENCE GAGNOA","type":"bank","district_region":null,"departement_commune":null,"verifie":true,"name":"SIB - AGENCE GAGNOA","source":"Géoportail ANSTAT"}},{"type":"Feature","geometry":{"type":"Point","coordinates":[-5.295935499999928,6.186036400000035]},"properties":{"id":103518,"nom":"NSIA","type":"bank","district_region":null,"departement_commune":null,"verifie":true,"name":"NSIA","source":"Géoportail ANSTAT"}},{"type":"Feature","geometry":{"type":"Point","coordinates":[-6.448222099999953,6.888476800000035]},"properties":{"id":103519,"nom":"COOPEC - AGENCE DALOA","type":"bank","district_region":null,"departement_commune":null,"verifie":true,"name":"COOPEC - AGENCE DALOA","source":"Géoportail ANSTAT"}},{"type":"Feature","geometry":{"type":"Point","coordinates":[-6.454019899999935,6.886526100000026]},"properties":{"id":103520,"nom":"NSIA BANQUE - AGENCE DALOA","type":"bank","district_region":null,"departement_commune":null,"verifie":true,"name":"NSIA BANQUE - AGENCE DALOA","source":"Géoportail ANSTAT"}},{"type":"Feature","geometry":{"type":"Point","coordinates":[-5.955277899999942,6.464774000000034]},"properties":{"id":103521,"nom":"COOPE BAYOTA","type":"bank","district_region":null,"departement_commune":null,"verifie":true,"name":"COOPE BAYOTA","source":"Géoportail ANSTAT"}},{"type":"Feature","geometry":{"type":"Point","coordinates":[-6.589288799999963,6.491102600000033]},"properties":{"id":103522,"nom":"BANQUE POPULAIRE","type":"bank","district_region":null,"departement_commune":null,"verifie":true,"name":"BANQUE POPULAIRE","source":"Géoportail ANSTAT"}},{"type":"Feature","geometry":{"type":"Point","coordinates":[-5.913783399999943,6.621753200000057]},"properties":{"id":103526,"nom":"BANK OF AFRICA","type":"bank","district_region":null,"departement_commune":null,"verifie":true,"name":"BANK OF AFRICA","source":"Géoportail ANSTAT"}},{"type":"Feature","geometry":{"type":"Point","coordinates":[-3.735993299999961,5.202432600000066]},"properties":{"id":103528,"nom":"MUTUELLE DE CREDIT ET D EPARGNE DES FEMMES ACTIVES ET BATTANTES","type":"bank","district_region":null,"departement_commune":null,"verifie":true,"name":"MUTUELLE DE CREDIT ET D EPARGNE DES FEMMES ACTIVES ET BATTANTES","source":"Géoportail ANSTAT"}},{"type":"Feature","geometry":{"type":"Point","coordinates":[-3.731591999999978,5.213381600000048]},"properties":{"id":103530,"nom":"FIDRA","type":"bank","district_region":null,"departement_commune":null,"verifie":true,"name":"FIDRA","source":"Géoportail ANSTAT"}},{"type":"Feature","geometry":{"type":"Point","coordinates":[-3.591713099999936,5.273358500000029]},"properties":{"id":103531,"nom":"SOCIETE GENERALE DE COTE D’IVOIRE","type":"bank","district_region":null,"departement_commune":null,"verifie":true,"name":"SOCIETE GENERALE DE COTE D’IVOIRE","source":"Géoportail ANSTAT"}},{"type":"Feature","geometry":{"type":"Point","coordinates":[-3.735035599999946,5.20636490000004]},"properties":{"id":103534,"nom":"GUICHET AUTOMATIQUE","type":"bank","district_region":null,"departement_commune":null,"verifie":true,"name":"GUICHET AUTOMATIQUE","source":"Géoportail ANSTAT"}},{"type":"Feature","geometry":{"type":"Point","coordinates":[-3.737433599999974,5.207412300000044]},"properties":{"id":103535,"nom":"GUICHET AUTOMATIQUE","type":"bank","district_region":null,"departement_commune":null,"verifie":true,"name":"GUICHET AUTOMATIQUE","source":"Géoportail ANSTAT"}},{"type":"Feature","geometry":{"type":"Point","coordinates":[-3.737090399999943,5.207244500000058]},"properties":{"id":103536,"nom":"BANQUE D ABIDJAN","type":"bank","district_region":null,"departement_commune":null,"verifie":true,"name":"BANQUE D ABIDJAN","source":"Géoportail ANSTAT"}},{"type":"Feature","geometry":{"type":"Point","coordinates":[-7.35590499999995,4.417414400000041]},"properties":{"id":103541,"nom":"BANQUE POPULAIRE","type":"bank","district_region":null,"departement_commune":null,"verifie":true,"name":"BANQUE POPULAIRE","source":"Géoportail ANSTAT"}},{"type":"Feature","geometry":{"type":"Point","coordinates":[-6.63313809999994,4.746718500000043]},"properties":{"id":103542,"nom":"GUICHET AUTOMATIQUE","type":"bank","district_region":null,"departement_commune":null,"verifie":true,"name":"GUICHET AUTOMATIQUE","source":"Géoportail ANSTAT"}},{"type":"Feature","geometry":{"type":"Point","coordinates":[-6.632537299999967,4.746248100000059]},"properties":{"id":103543,"nom":"BANQUE","type":"bank","district_region":null,"departement_commune":null,"verifie":true,"name":"BANQUE","source":"Géoportail ANSTAT"}},{"type":"Feature","geometry":{"type":"Point","coordinates":[-6.652619999999956,4.778433600000028]},"properties":{"id":103544,"nom":"BANQUE ATLANTIQUE","type":"bank","district_region":null,"departement_commune":null,"verifie":true,"name":"BANQUE ATLANTIQUE","source":"Géoportail ANSTAT"}},{"type":"Feature","geometry":{"type":"Point","coordinates":[-6.653299899999979,4.778373500000043]},"properties":{"id":103545,"nom":"SIB","type":"bank","district_region":null,"departement_commune":null,"verifie":true,"name":"SIB","source":"Géoportail ANSTAT"}},{"type":"Feature","geometry":{"type":"Point","coordinates":[-6.653101499999934,4.778360100000043]},"properties":{"id":103546,"nom":"SOCIETE GENERALE COTE D’IVOIRE","type":"bank","district_region":null,"departement_commune":null,"verifie":true,"name":"SOCIETE GENERALE COTE D’IVOIRE","source":"Géoportail ANSTAT"}},{"type":"Feature","geometry":{"type":"Point","coordinates":[-6.653695499999969,4.778425600000048]},"properties":{"id":103547,"nom":"NSIA BANQUE","type":"bank","district_region":null,"departement_commune":null,"verifie":true,"name":"NSIA BANQUE","source":"Géoportail ANSTAT"}},{"type":"Feature","geometry":{"type":"Point","coordinates":[-6.653507799999943,4.778413600000022]},"properties":{"id":103548,"nom":"BANK OF AFRICA","type":"bank","district_region":null,"departement_commune":null,"verifie":true,"name":"BANK OF AFRICA","source":"Géoportail ANSTAT"}},{"type":"Feature","geometry":{"type":"Point","coordinates":[-6.63401319999997,4.74630540000004]},"properties":{"id":103549,"nom":"SOCIETE IVOIRIENNE DE BANQUE","type":"bank","district_region":null,"departement_commune":null,"verifie":true,"name":"SOCIETE IVOIRIENNE DE BANQUE","source":"Géoportail ANSTAT"}},{"type":"Feature","geometry":{"type":"Point","coordinates":[-6.633486499999947,4.746419700000047]},"properties":{"id":103550,"nom":"BICICI","type":"bank","district_region":null,"departement_commune":null,"verifie":true,"name":"BICICI","source":"Géoportail ANSTAT"}},{"type":"Feature","geometry":{"type":"Point","coordinates":[-6.632307899999944,4.745103100000051]},"properties":{"id":103551,"nom":"CECP","type":"bank","district_region":null,"departement_commune":null,"verifie":true,"name":"CECP","source":"Géoportail ANSTAT"}},{"type":"Feature","geometry":{"type":"Point","coordinates":[-6.631492499999979,4.745424700000058]},"properties":{"id":103552,"nom":"DIAMOND BANK","type":"bank","district_region":null,"departement_commune":null,"verifie":true,"name":"DIAMOND BANK","source":"Géoportail ANSTAT"}},{"type":"Feature","geometry":{"type":"Point","coordinates":[-6.661979599999938,4.778166300000066]},"properties":{"id":103553,"nom":"CORIS BANK","type":"bank","district_region":null,"departement_commune":null,"verifie":true,"name":"CORIS BANK","source":"Géoportail ANSTAT"}},{"type":"Feature","geometry":{"type":"Point","coordinates":[-6.649774799999932,4.778487700000028]},"properties":{"id":103555,"nom":"BMS CI","type":"bank","district_region":null,"departement_commune":null,"verifie":true,"name":"BMS CI","source":"Géoportail ANSTAT"}},{"type":"Feature","geometry":{"type":"Point","coordinates":[-6.638909899999931,4.751128900000026]},"properties":{"id":103556,"nom":"GUICHET AUTOMATIQUE","type":"bank","district_region":null,"departement_commune":null,"verifie":true,"name":"GUICHET AUTOMATIQUE","source":"Géoportail ANSTAT"}},{"type":"Feature","geometry":{"type":"Point","coordinates":[-6.632758199999955,4.745484800000042]},"properties":{"id":103557,"nom":"DIAMOND BANK","type":"bank","district_region":null,"departement_commune":null,"verifie":true,"name":"DIAMOND BANK","source":"Géoportail ANSTAT"}},{"type":"Feature","geometry":{"type":"Point","coordinates":[-6.634033599999952,4.746894800000064]},"properties":{"id":103558,"nom":"NSIA BANQUE","type":"bank","district_region":null,"departement_commune":null,"verifie":true,"name":"NSIA BANQUE","source":"Géoportail ANSTAT"}},{"type":"Feature","geometry":{"type":"Point","coordinates":[-6.606517799999949,5.783169100000066]},"properties":{"id":103607,"nom":"BANQUE D ABIDJAN","type":"bank","district_region":null,"departement_commune":null,"verifie":true,"name":"BANQUE D ABIDJAN","source":"Géoportail ANSTAT"}},{"type":"Feature","geometry":{"type":"Point","coordinates":[-6.606353399999932,5.783207400000038]},"properties":{"id":103621,"nom":"BANQUE POPULAIRE DE COTE D IVOIRE","type":"bank","district_region":null,"departement_commune":null,"verifie":true,"name":"BANQUE POPULAIRE DE COTE D IVOIRE","source":"Géoportail ANSTAT"}},{"type":"Feature","geometry":{"type":"Point","coordinates":[-5.739248099999941,6.977371900000037]},"properties":{"id":103717,"nom":"SOCIETE GENERALE COTE D’IVOIRE","type":"bank","district_region":null,"departement_commune":null,"verifie":true,"name":"SOCIETE GENERALE COTE D’IVOIRE","source":"Géoportail ANSTAT"}},{"type":"Feature","geometry":{"type":"Point","coordinates":[-5.749541799999975,6.981986400000039]},"properties":{"id":103719,"nom":"NSIA BANQUE","type":"bank","district_region":null,"departement_commune":null,"verifie":true,"name":"NSIA BANQUE","source":"Géoportail ANSTAT"}},{"type":"Feature","geometry":{"type":"Point","coordinates":[-4.610313099999928,9.151677300000074]},"properties":{"id":103720,"nom":"BANQUE POPULAIRE","type":"bank","district_region":null,"departement_commune":null,"verifie":true,"name":"BANQUE POPULAIRE","source":"Géoportail ANSTAT"}},{"type":"Feature","geometry":{"type":"Point","coordinates":[-7.552192299999945,7.408991300000025]},"properties":{"id":103721,"nom":"FIDRA","type":"bank","district_region":null,"departement_commune":null,"verifie":true,"name":"FIDRA","source":"Géoportail ANSTAT"}},{"type":"Feature","geometry":{"type":"Point","coordinates":[-7.489725599999929,7.009818500000051]},"properties":{"id":103722,"nom":"SGBCI","type":"bank","district_region":null,"departement_commune":null,"verifie":true,"name":"SGBCI","source":"Géoportail ANSTAT"}},{"type":"Feature","geometry":{"type":"Point","coordinates":[-7.553335499999946,7.40833710000004]},"properties":{"id":103723,"nom":"BANQUE POPULAIRE DE MAN","type":"bank","district_region":null,"departement_commune":null,"verifie":true,"name":"BANQUE POPULAIRE DE MAN","source":"Géoportail ANSTAT"}},{"type":"Feature","geometry":{"type":"Point","coordinates":[-7.553144499999974,7.408566900000039]},"properties":{"id":103725,"nom":"NSIA BANQUE","type":"bank","district_region":null,"departement_commune":null,"verifie":true,"name":"NSIA BANQUE","source":"Géoportail ANSTAT"}},{"type":"Feature","geometry":{"type":"Point","coordinates":[-7.553104399999938,7.405397700000037]},"properties":{"id":103726,"nom":"BCEAO","type":"bank","district_region":null,"departement_commune":null,"verifie":true,"name":"BCEAO","source":"Géoportail ANSTAT"}},{"type":"Feature","geometry":{"type":"Point","coordinates":[-7.55294779999997,7.408460600000069]},"properties":{"id":103727,"nom":"ECOBANK","type":"bank","district_region":null,"departement_commune":null,"verifie":true,"name":"ECOBANK","source":"Géoportail ANSTAT"}},{"type":"Feature","geometry":{"type":"Point","coordinates":[-7.489223799999934,7.013896400000021]},"properties":{"id":103728,"nom":"COOPEC AGENCE DE BANGOLO","type":"bank","district_region":null,"departement_commune":null,"verifie":true,"name":"COOPEC AGENCE DE BANGOLO","source":"Géoportail ANSTAT"}},{"type":"Feature","geometry":{"type":"Point","coordinates":[-7.55217719999996,7.410635900000045]},"properties":{"id":103729,"nom":"COOPEC DIOULABOUGOU","type":"bank","district_region":null,"departement_commune":null,"verifie":true,"name":"COOPEC DIOULABOUGOU","source":"Géoportail ANSTAT"}},{"type":"Feature","geometry":{"type":"Point","coordinates":[-5.632298799999944,9.455583700000034]},"properties":{"id":103732,"nom":"BANQUE DES DEPOTS DU TRESOR PUBLIC","type":"bank","district_region":null,"departement_commune":null,"verifie":true,"name":"BANQUE DES DEPOTS DU TRESOR PUBLIC","source":"Géoportail ANSTAT"}},{"type":"Feature","geometry":{"type":"Point","coordinates":[-5.631834999999967,9.456909800000062]},"properties":{"id":103735,"nom":"BANQUE DE L UNION - COTE D IVOIRE","type":"bank","district_region":null,"departement_commune":null,"verifie":true,"name":"BANQUE DE L UNION - COTE D IVOIRE","source":"Géoportail ANSTAT"}},{"type":"Feature","geometry":{"type":"Point","coordinates":[-5.623605299999952,9.46241770000006]},"properties":{"id":103736,"nom":"BANQUE SAHELO-SAHARIENNE POUR L’INVESTISSEMENT ET LE COMMERCE","type":"bank","district_region":null,"departement_commune":null,"verifie":true,"name":"BANQUE SAHELO-SAHARIENNE POUR L’INVESTISSEMENT ET LE COMMERCE","source":"Géoportail ANSTAT"}},{"type":"Feature","geometry":{"type":"Point","coordinates":[-5.632367099999954,9.458785100000055]},"properties":{"id":103742,"nom":"AFRILAND FIRST BANK","type":"bank","district_region":null,"departement_commune":null,"verifie":true,"name":"AFRILAND FIRST BANK","source":"Géoportail ANSTAT"}},{"type":"Feature","geometry":{"type":"Point","coordinates":[-5.632204999999942,9.457695900000031]},"properties":{"id":103745,"nom":"BANQUE ATLANTIQUE COTE D IVOIRE","type":"bank","district_region":null,"departement_commune":null,"verifie":true,"name":"BANQUE ATLANTIQUE COTE D IVOIRE","source":"Géoportail ANSTAT"}},{"type":"Feature","geometry":{"type":"Point","coordinates":[-5.635368799999981,9.458371000000056]},"properties":{"id":103746,"nom":"CREDIT ACESS","type":"bank","district_region":null,"departement_commune":null,"verifie":true,"name":"CREDIT ACESS","source":"Géoportail ANSTAT"}},{"type":"Feature","geometry":{"type":"Point","coordinates":[-5.63248109999995,9.45608640000006]},"properties":{"id":103749,"nom":"SOCIETE IVOIRIENNE DE BANQUE","type":"bank","district_region":null,"departement_commune":null,"verifie":true,"name":"SOCIETE IVOIRIENNE DE BANQUE","source":"Géoportail ANSTAT"}},{"type":"Feature","geometry":{"type":"Point","coordinates":[-5.631945999999971,9.457671300000072]},"properties":{"id":103752,"nom":"NSIA BANQUE COTE D IVOIRE","type":"bank","district_region":null,"departement_commune":null,"verifie":true,"name":"NSIA BANQUE COTE D IVOIRE","source":"Géoportail ANSTAT"}},{"type":"Feature","geometry":{"type":"Point","coordinates":[-5.632074999999929,9.455979300000024]},"properties":{"id":103757,"nom":"BANQUE INTERNATIONALE POUR LE COMMERCE ET L INDUSTRIE DE LA COTE D IVOIRE","type":"bank","district_region":null,"departement_commune":null,"verifie":true,"name":"BANQUE INTERNATIONALE POUR LE COMMERCE ET L INDUSTRIE DE LA COTE D IVOIRE","source":"Géoportail ANSTAT"}},{"type":"Feature","geometry":{"type":"Point","coordinates":[-5.63234609999995,9.458949000000077]},"properties":{"id":103761,"nom":"BANQUE DE L HABITAT DE COTE D IVOIRE","type":"bank","district_region":null,"departement_commune":null,"verifie":true,"name":"BANQUE DE L HABITAT DE COTE D IVOIRE","source":"Géoportail ANSTAT"}},{"type":"Feature","geometry":{"type":"Point","coordinates":[-5.606172199999946,9.46154720000004]},"properties":{"id":103771,"nom":"BANQUE","type":"bank","district_region":null,"departement_commune":null,"verifie":true,"name":"BANQUE","source":"Géoportail ANSTAT"}},{"type":"Feature","geometry":{"type":"Point","coordinates":[-5.632868299999927,9.454865300000051]},"properties":{"id":103772,"nom":"BANK OF AFRICA","type":"bank","district_region":null,"departement_commune":null,"verifie":true,"name":"BANK OF AFRICA","source":"Géoportail ANSTAT"}},{"type":"Feature","geometry":{"type":"Point","coordinates":[-5.632093899999973,9.456925400000046]},"properties":{"id":103790,"nom":"BANQUE NATIONALE D INVESTISSEMENT","type":"bank","district_region":null,"departement_commune":null,"verifie":true,"name":"BANQUE NATIONALE D INVESTISSEMENT","source":"Géoportail ANSTAT"}},{"type":"Feature","geometry":{"type":"Point","coordinates":[-5.632423299999971,9.457471600000076]},"properties":{"id":103791,"nom":"FIDRA","type":"bank","district_region":null,"departement_commune":null,"verifie":true,"name":"FIDRA","source":"Géoportail ANSTAT"}},{"type":"Feature","geometry":{"type":"Point","coordinates":[-5.632164799999941,9.45321770000004]},"properties":{"id":103793,"nom":"BCEAO","type":"bank","district_region":null,"departement_commune":null,"verifie":true,"name":"BCEAO","source":"Géoportail ANSTAT"}},{"type":"Feature","geometry":{"type":"Point","coordinates":[-5.619982899999968,9.466517800000076]},"properties":{"id":103796,"nom":"BANQUE","type":"bank","district_region":null,"departement_commune":null,"verifie":true,"name":"BANQUE","source":"Géoportail ANSTAT"}},{"type":"Feature","geometry":{"type":"Point","coordinates":[-2.800742299999968,8.040242400000068]},"properties":{"id":103821,"nom":"COOPEC BONDOUKOU","type":"bank","district_region":null,"departement_commune":null,"verifie":true,"name":"COOPEC BONDOUKOU","source":"Géoportail ANSTAT"}},{"type":"Feature","geometry":{"type":"Point","coordinates":[-5.584650599999975,5.097557300000062]},"properties":{"id":103822,"nom":"LA CAISSE D EPARGNE","type":"bank","district_region":null,"departement_commune":null,"verifie":true,"name":"LA CAISSE D EPARGNE","source":"Géoportail ANSTAT"}},{"type":"Feature","geometry":{"type":"Point","coordinates":[-6.083136799999977,4.952372300000036]},"properties":{"id":103823,"nom":"NSIA","type":"bank","district_region":null,"departement_commune":null,"verifie":true,"name":"NSIA","source":"Géoportail ANSTAT"}},{"type":"Feature","geometry":{"type":"Point","coordinates":[-5.255688199999952,6.806965400000024]},"properties":{"id":103827,"nom":"SOCIETE GENERALE COTE D’IVOIRE","type":"bank","district_region":null,"departement_commune":null,"verifie":true,"name":"SOCIETE GENERALE COTE D’IVOIRE","source":"Géoportail ANSTAT"}},{"type":"Feature","geometry":{"type":"Point","coordinates":[-5.230287299999929,6.881583900000066]},"properties":{"id":103828,"nom":"BANQUE INP","type":"bank","district_region":null,"departement_commune":null,"verifie":true,"name":"BANQUE INP","source":"Géoportail ANSTAT"}},{"type":"Feature","geometry":{"type":"Point","coordinates":[-5.293851399999937,6.811688400000037]},"properties":{"id":103829,"nom":"BANQUE","type":"bank","district_region":null,"departement_commune":null,"verifie":true,"name":"BANQUE","source":"Géoportail ANSTAT"}},{"type":"Feature","geometry":{"type":"Point","coordinates":[-5.01735489999993,6.555916900000057]},"properties":{"id":103831,"nom":"SOCIETE GENERALE COTE D’IVOIRE","type":"bank","district_region":null,"departement_commune":null,"verifie":true,"name":"SOCIETE GENERALE COTE D’IVOIRE","source":"Géoportail ANSTAT"}},{"type":"Feature","geometry":{"type":"Point","coordinates":[-5.258762599999955,6.807785800000033]},"properties":{"id":103833,"nom":"BANK OF AFRICA","type":"bank","district_region":null,"departement_commune":null,"verifie":true,"name":"BANK OF AFRICA","source":"Géoportail ANSTAT"}},{"type":"Feature","geometry":{"type":"Point","coordinates":[-5.264118399999973,6.811698700000022]},"properties":{"id":103834,"nom":"BANQUE POPULAIRE","type":"bank","district_region":null,"departement_commune":null,"verifie":true,"name":"BANQUE POPULAIRE","source":"Géoportail ANSTAT"}},{"type":"Feature","geometry":{"type":"Point","coordinates":[-5.268670899999961,6.813409500000034]},"properties":{"id":103835,"nom":"BNI","type":"bank","district_region":null,"departement_commune":null,"verifie":true,"name":"BNI","source":"Géoportail ANSTAT"}},{"type":"Feature","geometry":{"type":"Point","coordinates":[-5.269575499999974,6.813850800000068]},"properties":{"id":103836,"nom":"GUICHET AUTOMATIQUE","type":"bank","district_region":null,"departement_commune":null,"verifie":true,"name":"GUICHET AUTOMATIQUE","source":"Géoportail ANSTAT"}},{"type":"Feature","geometry":{"type":"Point","coordinates":[-5.263835099999937,6.811764800000049]},"properties":{"id":103837,"nom":"CORIS BANK","type":"bank","district_region":null,"departement_commune":null,"verifie":true,"name":"CORIS BANK","source":"Géoportail ANSTAT"}},{"type":"Feature","geometry":{"type":"Point","coordinates":[-5.278281999999933,6.821003100000041]},"properties":{"id":103838,"nom":"ECOBANK","type":"bank","district_region":null,"departement_commune":null,"verifie":true,"name":"ECOBANK","source":"Géoportail ANSTAT"}},{"type":"Feature","geometry":{"type":"Point","coordinates":[-5.252148799999929,6.802618700000039]},"properties":{"id":103839,"nom":"GUICHET AUTOMATIQUE","type":"bank","district_region":null,"departement_commune":null,"verifie":true,"name":"GUICHET AUTOMATIQUE","source":"Géoportail ANSTAT"}},{"type":"Feature","geometry":{"type":"Point","coordinates":[-6.48089699999997,9.520109200000036]},"properties":{"id":103840,"nom":"BANK","type":"bank","district_region":null,"departement_commune":null,"verifie":true,"name":"BANK","source":"Géoportail ANSTAT"}},{"type":"Feature","geometry":{"type":"Point","coordinates":[-4.706220999999971,6.648390800000072]},"properties":{"id":103841,"nom":"BANQUE ATLANTIQUE","type":"bank","district_region":null,"departement_commune":null,"verifie":true,"name":"BANQUE ATLANTIQUE","source":"Géoportail ANSTAT"}},{"type":"Feature","geometry":{"type":"Point","coordinates":[-4.705083899999977,6.645204900000067]},"properties":{"id":103842,"nom":"SGBCI","type":"bank","district_region":null,"departement_commune":null,"verifie":true,"name":"SGBCI","source":"Géoportail ANSTAT"}},{"type":"Feature","geometry":{"type":"Point","coordinates":[-5.41567619999995,6.383261550000043]},"properties":{"id":103843,"nom":"NSIA ASSURANCE BANQUE OUME","type":"bank","district_region":null,"departement_commune":null,"verifie":true,"name":"NSIA ASSURANCE BANQUE OUME","source":"Géoportail ANSTAT"}},{"type":"Feature","geometry":{"type":"Point","coordinates":[-3.490315043999942,6.730341045000046]},"properties":{"id":103844,"nom":"BIAO","type":"bank","district_region":null,"departement_commune":null,"verifie":true,"name":"BIAO","source":"Géoportail ANSTAT"}},{"type":"Feature","geometry":{"type":"Point","coordinates":[-5.028806584999927,7.681966027000044]},"properties":{"id":103845,"nom":"NSIA BANQUE - AGENCE BOUAKé","type":"bank","district_region":null,"departement_commune":null,"verifie":true,"name":"NSIA BANQUE - AGENCE BOUAKÃ©","source":"Géoportail ANSTAT"}},{"type":"Feature","geometry":{"type":"Point","coordinates":[-5.028585573999976,7.683053933000053]},"properties":{"id":103847,"nom":"SIB - AGENCE BOUAKé","type":"bank","district_region":null,"departement_commune":null,"verifie":true,"name":"SIB - AGENCE BOUAKÃ©","source":"Géoportail ANSTAT"}},{"type":"Feature","geometry":{"type":"Point","coordinates":[-5.042915512999969,7.699861724000073]},"properties":{"id":103849,"nom":"SIB - AGENCE","type":"bank","district_region":null,"departement_commune":null,"verifie":true,"name":"SIB - AGENCE","source":"Géoportail ANSTAT"}},{"type":"Feature","geometry":{"type":"Point","coordinates":[-5.022662770999943,7.697642253000026]},"properties":{"id":103850,"nom":"BANQUE NATIONALE D INVESTISSEMENTS","type":"bank","district_region":null,"departement_commune":null,"verifie":true,"name":"BANQUE NATIONALE D INVESTISSEMENTS","source":"Géoportail ANSTAT"}},{"type":"Feature","geometry":{"type":"Point","coordinates":[-8.008231355999953,6.571897616000058]},"properties":{"id":103851,"nom":"BNI BANQUE","type":"bank","district_region":null,"departement_commune":null,"verifie":true,"name":"BNI BANQUE","source":"Géoportail ANSTAT"}},{"type":"Feature","geometry":{"type":"Point","coordinates":[-7.501900873999944,6.545533500000033]},"properties":{"id":103852,"nom":"ECOBANK","type":"bank","district_region":null,"departement_commune":null,"verifie":true,"name":"ECOBANK","source":"Géoportail ANSTAT"}}],"metadata":{"dataset":"Bank — ANSTAT","source":"Géoportail ANSTAT","theme":"Finance","verified":true,"apercu":"complet"}}