{"type":"FeatureCollection","features":[{"type":"Feature","geometry":{"type":"Point","coordinates":[-6.083899999999971,4.951041000000032]},"properties":{"id":103891,"nom":"MP DE SASSANDRA_PRESCOLAIRE","type":"ecole maternelle","district_region":null,"departement_commune":null,"verifie":true,"name":"MP DE SASSANDRA_PRESCOLAIRE","source":"Géoportail ANSTAT"}},{"type":"Feature","geometry":{"type":"Point","coordinates":[-6.582816999999977,6.498108000000059]},"properties":{"id":103892,"nom":"MP ISSIA 2_PRESCOLAIRE","type":"ecole maternelle","district_region":null,"departement_commune":null,"verifie":true,"name":"MP ISSIA 2_PRESCOLAIRE","source":"Géoportail ANSTAT"}},{"type":"Feature","geometry":{"type":"Point","coordinates":[-5.264396999999974,6.826548000000059]},"properties":{"id":103893,"nom":"MP 1 N GOKRO_PRESCOLAIRE","type":"ecole maternelle","district_region":null,"departement_commune":null,"verifie":true,"name":"MP 1 N GOKRO_PRESCOLAIRE","source":"Géoportail ANSTAT"}},{"type":"Feature","geometry":{"type":"Point","coordinates":[-4.105330999999978,5.314607000000024]},"properties":{"id":103894,"nom":"MV KOUAME N DRI_PRESCOLAIRE","type":"ecole maternelle","district_region":null,"departement_commune":null,"verifie":true,"name":"MV KOUAME N DRI_PRESCOLAIRE","source":"Géoportail ANSTAT"}},{"type":"Feature","geometry":{"type":"Point","coordinates":[-5.580855999999926,6.285877000000028]},"properties":{"id":103895,"nom":"MP DIEGONEFLA RESIDENTIEL_PRESCOLAIRE","type":"ecole maternelle","district_region":null,"departement_commune":null,"verifie":true,"name":"MP DIEGONEFLA RESIDENTIEL_PRESCOLAIRE","source":"Géoportail ANSTAT"}},{"type":"Feature","geometry":{"type":"Point","coordinates":[-3.058534999999949,7.956051000000059]},"properties":{"id":103896,"nom":"MP HEREBO_PRESCOLAIRE","type":"ecole maternelle","district_region":null,"departement_commune":null,"verifie":true,"name":"MP HEREBO_PRESCOLAIRE","source":"Géoportail ANSTAT"}},{"type":"Feature","geometry":{"type":"Point","coordinates":[-7.568164999999965,9.508335000000043]},"properties":{"id":103897,"nom":"MP 2ABC DE ODIENNE_PRESCOLAIRE","type":"ecole maternelle","district_region":null,"departement_commune":null,"verifie":true,"name":"MP 2ABC DE ODIENNE_PRESCOLAIRE","source":"Géoportail ANSTAT"}},{"type":"Feature","geometry":{"type":"Point","coordinates":[-3.939597999999933,5.30607800000007]},"properties":{"id":103898,"nom":"MP FOFANA TIDIANE_PRESCOLAIRE","type":"ecole maternelle","district_region":null,"departement_commune":null,"verifie":true,"name":"MP FOFANA TIDIANE_PRESCOLAIRE","source":"Géoportail ANSTAT"}},{"type":"Feature","geometry":{"type":"Point","coordinates":[-4.324999999999932,5.481000000000051]},"properties":{"id":103899,"nom":"MP KOULIBALY MAMADOU_PRESCOLAIRE","type":"ecole maternelle","district_region":null,"departement_commune":null,"verifie":true,"name":"MP KOULIBALY MAMADOU_PRESCOLAIRE","source":"Géoportail ANSTAT"}},{"type":"Feature","geometry":{"type":"Point","coordinates":[-5.294379999999933,7.455590000000029]},"properties":{"id":103900,"nom":"MP SAKASSOU-CENTRE_PRESCOLAIRE","type":"ecole maternelle","district_region":null,"departement_commune":null,"verifie":true,"name":"MP SAKASSOU-CENTRE_PRESCOLAIRE","source":"Géoportail ANSTAT"}},{"type":"Feature","geometry":{"type":"Point","coordinates":[-6.691466999999932,4.755667000000074]},"properties":{"id":103901,"nom":"MP DIGBOUE_PRESCOLAIRE","type":"ecole maternelle","district_region":null,"departement_commune":null,"verifie":true,"name":"MP DIGBOUE_PRESCOLAIRE","source":"Géoportail ANSTAT"}},{"type":"Feature","geometry":{"type":"Point","coordinates":[-4.018867999999941,5.360344000000055]},"properties":{"id":103902,"nom":"MP ROLAND CISSE_PRESCOLAIRE","type":"ecole maternelle","district_region":null,"departement_commune":null,"verifie":true,"name":"MP ROLAND CISSE_PRESCOLAIRE","source":"Géoportail ANSTAT"}},{"type":"Feature","geometry":{"type":"Point","coordinates":[-4.084563999999943,5.345202000000029]},"properties":{"id":103903,"nom":"MV IDEP (INSTITUT DE DEVELOPPEMENT PERSONNEL)_PRESCOLAIRE","type":"ecole maternelle","district_region":null,"departement_commune":null,"verifie":true,"name":"MV IDEP (INSTITUT DE DEVELOPPEMENT PERSONNEL)_PRESCOLAIRE","source":"Géoportail ANSTAT"}},{"type":"Feature","geometry":{"type":"Point","coordinates":[-7.549732999999947,7.387150000000076]},"properties":{"id":103904,"nom":"MP QUARTIER LYCEE_PRESCOLAIRE","type":"ecole maternelle","district_region":null,"departement_commune":null,"verifie":true,"name":"MP QUARTIER LYCEE_PRESCOLAIRE","source":"Géoportail ANSTAT"}},{"type":"Feature","geometry":{"type":"Point","coordinates":[-5.059319999999957,7.679545000000076]},"properties":{"id":103905,"nom":"MP AHOUGNASSOU 1A_PRESCOLAIRE","type":"ecole maternelle","district_region":null,"departement_commune":null,"verifie":true,"name":"MP AHOUGNASSOU 1A_PRESCOLAIRE","source":"Géoportail ANSTAT"}},{"type":"Feature","geometry":{"type":"Point","coordinates":[-5.059456999999952,7.679568000000074]},"properties":{"id":103906,"nom":"MP BROUKRO 2_PRESCOLAIRE","type":"ecole maternelle","district_region":null,"departement_commune":null,"verifie":true,"name":"MP BROUKRO 2_PRESCOLAIRE","source":"Géoportail ANSTAT"}},{"type":"Feature","geometry":{"type":"Point","coordinates":[-3.86062899999996,6.087290000000053]},"properties":{"id":103907,"nom":"MP ODETTE KOUAME N GUESSAN_PRESCOLAIRE","type":"ecole maternelle","district_region":null,"departement_commune":null,"verifie":true,"name":"MP ODETTE KOUAME N GUESSAN_PRESCOLAIRE","source":"Géoportail ANSTAT"}},{"type":"Feature","geometry":{"type":"Point","coordinates":[-3.279999999999973,5.29000000000002]},"properties":{"id":103908,"nom":"MP ROA_PRESCOLAIRE","type":"ecole maternelle","district_region":null,"departement_commune":null,"verifie":true,"name":"MP ROA_PRESCOLAIRE","source":"Géoportail ANSTAT"}},{"type":"Feature","geometry":{"type":"Point","coordinates":[-4.123868999999956,5.561868000000061]},"properties":{"id":103909,"nom":"MP ARTISANAL_PRESCOLAIRE","type":"ecole maternelle","district_region":null,"departement_commune":null,"verifie":true,"name":"MP ARTISANAL_PRESCOLAIRE","source":"Géoportail ANSTAT"}},{"type":"Feature","geometry":{"type":"Point","coordinates":[-3.446306999999933,7.087225000000046]},"properties":{"id":103910,"nom":"MP DUFFREBO_PRESCOLAIRE","type":"ecole maternelle","district_region":null,"departement_commune":null,"verifie":true,"name":"MP DUFFREBO_PRESCOLAIRE","source":"Géoportail ANSTAT"}},{"type":"Feature","geometry":{"type":"Point","coordinates":[-4.009219999999971,5.444850000000031]},"properties":{"id":103911,"nom":"MV KAYELI_PRESCOLAIRE","type":"ecole maternelle","district_region":null,"departement_commune":null,"verifie":true,"name":"MV KAYELI_PRESCOLAIRE","source":"Géoportail ANSTAT"}},{"type":"Feature","geometry":{"type":"Point","coordinates":[-3.489539999999977,6.731378000000063]},"properties":{"id":103912,"nom":"MP AGNI 3_PRESCOLAIRE","type":"ecole maternelle","district_region":null,"departement_commune":null,"verifie":true,"name":"MP AGNI 3_PRESCOLAIRE","source":"Géoportail ANSTAT"}},{"type":"Feature","geometry":{"type":"Point","coordinates":[-6.338472999999965,6.272788000000048]},"properties":{"id":103913,"nom":"MP DRIBOUO_PRESCOLAIRE","type":"ecole maternelle","district_region":null,"departement_commune":null,"verifie":true,"name":"MP DRIBOUO_PRESCOLAIRE","source":"Géoportail ANSTAT"}},{"type":"Feature","geometry":{"type":"Point","coordinates":[-3.961309999999969,5.365470000000073]},"properties":{"id":103914,"nom":"MP EMINENCE_PRESCOLAIRE","type":"ecole maternelle","district_region":null,"departement_commune":null,"verifie":true,"name":"MP EMINENCE_PRESCOLAIRE","source":"Géoportail ANSTAT"}},{"type":"Feature","geometry":{"type":"Point","coordinates":[-3.17059299999994,5.295489000000032]},"properties":{"id":103915,"nom":"MP ABY_PRESCOLAIRE","type":"ecole maternelle","district_region":null,"departement_commune":null,"verifie":true,"name":"MP ABY_PRESCOLAIRE","source":"Géoportail ANSTAT"}},{"type":"Feature","geometry":{"type":"Point","coordinates":[-3.923006999999927,5.357458000000065]},"properties":{"id":103916,"nom":"MV BARAKAH LA BENEDICTION_PRESCOLAIRE","type":"ecole maternelle","district_region":null,"departement_commune":null,"verifie":true,"name":"MV BARAKAH LA BENEDICTION_PRESCOLAIRE","source":"Géoportail ANSTAT"}},{"type":"Feature","geometry":{"type":"Point","coordinates":[-5.03863999999993,7.706890000000044]},"properties":{"id":103917,"nom":"MP CENTRE SAS_PRESCOLAIRE","type":"ecole maternelle","district_region":null,"departement_commune":null,"verifie":true,"name":"MP CENTRE SAS_PRESCOLAIRE","source":"Géoportail ANSTAT"}},{"type":"Feature","geometry":{"type":"Point","coordinates":[-3.979701999999975,5.261019000000033]},"properties":{"id":103918,"nom":"MV LABION MAXIME_PRESCOLAIRE","type":"ecole maternelle","district_region":null,"departement_commune":null,"verifie":true,"name":"MV LABION MAXIME_PRESCOLAIRE","source":"Géoportail ANSTAT"}},{"type":"Feature","geometry":{"type":"Point","coordinates":[-3.979999999999961,5.395000000000039]},"properties":{"id":103919,"nom":"MV LA RUCHE_PRESCOLAIRE","type":"ecole maternelle","district_region":null,"departement_commune":null,"verifie":true,"name":"MV LA RUCHE_PRESCOLAIRE","source":"Géoportail ANSTAT"}},{"type":"Feature","geometry":{"type":"Point","coordinates":[-6.346071999999936,5.089386000000047]},"properties":{"id":103920,"nom":"MP DE LOBAKUYA_PRESCOLAIRE","type":"ecole maternelle","district_region":null,"departement_commune":null,"verifie":true,"name":"MP DE LOBAKUYA_PRESCOLAIRE","source":"Géoportail ANSTAT"}},{"type":"Feature","geometry":{"type":"Point","coordinates":[-3.924934999999948,5.369750000000067]},"properties":{"id":103921,"nom":"MV LES ANGES_PRESCOLAIRE","type":"ecole maternelle","district_region":null,"departement_commune":null,"verifie":true,"name":"MV LES ANGES_PRESCOLAIRE","source":"Géoportail ANSTAT"}},{"type":"Feature","geometry":{"type":"Point","coordinates":[-4.87695199999996,7.647528000000023]},"properties":{"id":103922,"nom":"MP SINANVESSOU_PRESCOLAIRE","type":"ecole maternelle","district_region":null,"departement_commune":null,"verifie":true,"name":"MP SINANVESSOU_PRESCOLAIRE","source":"Géoportail ANSTAT"}},{"type":"Feature","geometry":{"type":"Point","coordinates":[-4.019852999999955,5.404715000000067]},"properties":{"id":103923,"nom":"MP BANCO_PRESCOLAIRE","type":"ecole maternelle","district_region":null,"departement_commune":null,"verifie":true,"name":"MP BANCO_PRESCOLAIRE","source":"Géoportail ANSTAT"}},{"type":"Feature","geometry":{"type":"Point","coordinates":[-4.221533999999963,5.931415000000072]},"properties":{"id":103924,"nom":"MP DIOULAKRO_PRESCOLAIRE","type":"ecole maternelle","district_region":null,"departement_commune":null,"verifie":true,"name":"MP DIOULAKRO_PRESCOLAIRE","source":"Géoportail ANSTAT"}},{"type":"Feature","geometry":{"type":"Point","coordinates":[-5.797046999999964,6.965160000000026]},"properties":{"id":103925,"nom":"MP GARANGO A_PRESCOLAIRE","type":"ecole maternelle","district_region":null,"departement_commune":null,"verifie":true,"name":"MP GARANGO A_PRESCOLAIRE","source":"Géoportail ANSTAT"}},{"type":"Feature","geometry":{"type":"Point","coordinates":[-3.859922999999981,6.10232000000002]},"properties":{"id":103926,"nom":"MC NOTRE DAME DES APOTRES_PRESCOLAIRE","type":"ecole maternelle","district_region":null,"departement_commune":null,"verifie":true,"name":"MC NOTRE DAME DES APOTRES_PRESCOLAIRE","source":"Géoportail ANSTAT"}},{"type":"Feature","geometry":{"type":"Point","coordinates":[-2.91046799999998,8.119299000000069]},"properties":{"id":103927,"nom":"MP KOUASSI  N DAWA_PRESCOLAIRE","type":"ecole maternelle","district_region":null,"departement_commune":null,"verifie":true,"name":"MP KOUASSI  N DAWA_PRESCOLAIRE","source":"Géoportail ANSTAT"}},{"type":"Feature","geometry":{"type":"Point","coordinates":[-3.933999999999969,5.510000000000048]},"properties":{"id":103928,"nom":"MP BROFODOUME 1_PRESCOLAIRE","type":"ecole maternelle","district_region":null,"departement_commune":null,"verifie":true,"name":"MP BROFODOUME 1_PRESCOLAIRE","source":"Géoportail ANSTAT"}},{"type":"Feature","geometry":{"type":"Point","coordinates":[-4.018149999999935,5.355830000000026]},"properties":{"id":103929,"nom":"MP LIBERTE_PRESCOLAIRE","type":"ecole maternelle","district_region":null,"departement_commune":null,"verifie":true,"name":"MP LIBERTE_PRESCOLAIRE","source":"Géoportail ANSTAT"}},{"type":"Feature","geometry":{"type":"Point","coordinates":[-3.977821999999946,5.307382000000075]},"properties":{"id":103930,"nom":"MP ANOUMABO_PRESCOLAIRE","type":"ecole maternelle","district_region":null,"departement_commune":null,"verifie":true,"name":"MP ANOUMABO_PRESCOLAIRE","source":"Géoportail ANSTAT"}},{"type":"Feature","geometry":{"type":"Point","coordinates":[-4.024164999999925,5.452335000000062]},"properties":{"id":103931,"nom":"MV L AURORE ABOBO BC_PRESCOLAIRE","type":"ecole maternelle","district_region":null,"departement_commune":null,"verifie":true,"name":"MV L AURORE ABOBO BC_PRESCOLAIRE","source":"Géoportail ANSTAT"}},{"type":"Feature","geometry":{"type":"Point","coordinates":[-5.586461999999926,5.101645000000076]},"properties":{"id":103932,"nom":"MP DE FRESCO_PRESCOLAIRE","type":"ecole maternelle","district_region":null,"departement_commune":null,"verifie":true,"name":"MP DE FRESCO_PRESCOLAIRE","source":"Géoportail ANSTAT"}},{"type":"Feature","geometry":{"type":"Point","coordinates":[-3.482944999999972,6.864822000000061]},"properties":{"id":103933,"nom":"MP SANKADIOKRO_PRESCOLAIRE","type":"ecole maternelle","district_region":null,"departement_commune":null,"verifie":true,"name":"MP SANKADIOKRO_PRESCOLAIRE","source":"Géoportail ANSTAT"}},{"type":"Feature","geometry":{"type":"Point","coordinates":[-5.348072999999943,5.826095000000066]},"properties":{"id":103934,"nom":"MP DIVO-BADA 1_PRESCOLAIRE","type":"ecole maternelle","district_region":null,"departement_commune":null,"verifie":true,"name":"MP DIVO-BADA 1_PRESCOLAIRE","source":"Géoportail ANSTAT"}},{"type":"Feature","geometry":{"type":"Point","coordinates":[-5.652986999999939,9.48265200000003]},"properties":{"id":103935,"nom":"MP LES PINGOUINS DE COCODY 1_PRESCOLAIRE","type":"ecole maternelle","district_region":null,"departement_commune":null,"verifie":true,"name":"MP LES PINGOUINS DE COCODY 1_PRESCOLAIRE","source":"Géoportail ANSTAT"}},{"type":"Feature","geometry":{"type":"Point","coordinates":[-6.590399999999931,5.769700000000057]},"properties":{"id":103936,"nom":"MP GABON_PRESCOLAIRE","type":"ecole maternelle","district_region":null,"departement_commune":null,"verifie":true,"name":"MP GABON_PRESCOLAIRE","source":"Géoportail ANSTAT"}},{"type":"Feature","geometry":{"type":"Point","coordinates":[-4.088405999999964,5.318884000000025]},"properties":{"id":103937,"nom":"MV GLORIS_PRESCOLAIRE","type":"ecole maternelle","district_region":null,"departement_commune":null,"verifie":true,"name":"MV GLORIS_PRESCOLAIRE","source":"Géoportail ANSTAT"}},{"type":"Feature","geometry":{"type":"Point","coordinates":[-7.516814999999951,7.429590000000076]},"properties":{"id":103938,"nom":"MP SIA SANGA KPANGOUIN 1_PRESCOLAIRE","type":"ecole maternelle","district_region":null,"departement_commune":null,"verifie":true,"name":"MP SIA SANGA KPANGOUIN 1_PRESCOLAIRE","source":"Géoportail ANSTAT"}},{"type":"Feature","geometry":{"type":"Point","coordinates":[-3.888348999999948,6.379166000000055]},"properties":{"id":103939,"nom":"MC NOTRE DAME DE LA PAIX D AKOUPE_PRESCOLAIRE","type":"ecole maternelle","district_region":null,"departement_commune":null,"verifie":true,"name":"MC NOTRE DAME DE LA PAIX D AKOUPE_PRESCOLAIRE","source":"Géoportail ANSTAT"}},{"type":"Feature","geometry":{"type":"Point","coordinates":[-5.059366999999952,7.679650000000038]},"properties":{"id":103940,"nom":"MP BOUAKE-OUEST_PRESCOLAIRE","type":"ecole maternelle","district_region":null,"departement_commune":null,"verifie":true,"name":"MP BOUAKE-OUEST_PRESCOLAIRE","source":"Géoportail ANSTAT"}},{"type":"Feature","geometry":{"type":"Point","coordinates":[-2.80662099999995,8.055119000000047]},"properties":{"id":103941,"nom":"MP GOUN FRANCOIS GERMAIN_PRESCOLAIRE","type":"ecole maternelle","district_region":null,"departement_commune":null,"verifie":true,"name":"MP GOUN FRANCOIS GERMAIN_PRESCOLAIRE","source":"Géoportail ANSTAT"}},{"type":"Feature","geometry":{"type":"Point","coordinates":[-4.760666999999955,5.873682000000031]},"properties":{"id":103942,"nom":"MP N DOUCI  COMMERCE_PRESCOLAIRE","type":"ecole maternelle","district_region":null,"departement_commune":null,"verifie":true,"name":"MP N DOUCI  COMMERCE_PRESCOLAIRE","source":"Géoportail ANSTAT"}},{"type":"Feature","geometry":{"type":"Point","coordinates":[-5.263765999999976,6.816759000000047]},"properties":{"id":103943,"nom":"MP 2 ZAHER TAAN_PRESCOLAIRE","type":"ecole maternelle","district_region":null,"departement_commune":null,"verifie":true,"name":"MP 2 ZAHER TAAN_PRESCOLAIRE","source":"Géoportail ANSTAT"}},{"type":"Feature","geometry":{"type":"Point","coordinates":[-3.906192999999973,5.378236000000072]},"properties":{"id":103944,"nom":"MV FLEUR DE LYS 2_PRESCOLAIRE","type":"ecole maternelle","district_region":null,"departement_commune":null,"verifie":true,"name":"MV FLEUR DE LYS 2_PRESCOLAIRE","source":"Géoportail ANSTAT"}},{"type":"Feature","geometry":{"type":"Point","coordinates":[-7.766627999999969,7.155995000000075]},"properties":{"id":103945,"nom":"MP DAINE-BLOUNO_PRESCOLAIRE","type":"ecole maternelle","district_region":null,"departement_commune":null,"verifie":true,"name":"MP DAINE-BLOUNO_PRESCOLAIRE","source":"Géoportail ANSTAT"}},{"type":"Feature","geometry":{"type":"Point","coordinates":[-5.035338999999965,7.68527000000006]},"properties":{"id":103946,"nom":"MP VILLE-NORD_PRESCOLAIRE","type":"ecole maternelle","district_region":null,"departement_commune":null,"verifie":true,"name":"MP VILLE-NORD_PRESCOLAIRE","source":"Géoportail ANSTAT"}},{"type":"Feature","geometry":{"type":"Point","coordinates":[-4.688800999999955,5.17205000000007]},"properties":{"id":103947,"nom":"MP ADDAH_PRESCOLAIRE","type":"ecole maternelle","district_region":null,"departement_commune":null,"verifie":true,"name":"MP ADDAH_PRESCOLAIRE","source":"Géoportail ANSTAT"}},{"type":"Feature","geometry":{"type":"Point","coordinates":[-5.278553999999929,6.876731000000063]},"properties":{"id":103948,"nom":"MP KAMI 1_PRESCOLAIRE","type":"ecole maternelle","district_region":null,"departement_commune":null,"verifie":true,"name":"MP KAMI 1_PRESCOLAIRE","source":"Géoportail ANSTAT"}},{"type":"Feature","geometry":{"type":"Point","coordinates":[-5.099999999999966,5.234500000000025]},"properties":{"id":103949,"nom":"MV LA PEROUSE_PRESCOLAIRE","type":"ecole maternelle","district_region":null,"departement_commune":null,"verifie":true,"name":"MV LA PEROUSE_PRESCOLAIRE","source":"Géoportail ANSTAT"}},{"type":"Feature","geometry":{"type":"Point","coordinates":[-4.995411999999931,7.724622000000068]},"properties":{"id":103950,"nom":"MV LES JEUNES POUSSES_PRESCOLAIRE","type":"ecole maternelle","district_region":null,"departement_commune":null,"verifie":true,"name":"MV LES JEUNES POUSSES_PRESCOLAIRE","source":"Géoportail ANSTAT"}},{"type":"Feature","geometry":{"type":"Point","coordinates":[-3.359999999999957,6.420000000000073]},"properties":{"id":103951,"nom":"MP ZARANOU_PRESCOLAIRE","type":"ecole maternelle","district_region":null,"departement_commune":null,"verifie":true,"name":"MP ZARANOU_PRESCOLAIRE","source":"Géoportail ANSTAT"}},{"type":"Feature","geometry":{"type":"Point","coordinates":[-3.495913999999971,6.742406000000074]},"properties":{"id":103952,"nom":"MP INDENIE 2_PRESCOLAIRE","type":"ecole maternelle","district_region":null,"departement_commune":null,"verifie":true,"name":"MP INDENIE 2_PRESCOLAIRE","source":"Géoportail ANSTAT"}},{"type":"Feature","geometry":{"type":"Point","coordinates":[-6.589083999999957,5.13467600000007]},"properties":{"id":103953,"nom":"MP SCASO_PRESCOLAIRE","type":"ecole maternelle","district_region":null,"departement_commune":null,"verifie":true,"name":"MP SCASO_PRESCOLAIRE","source":"Géoportail ANSTAT"}},{"type":"Feature","geometry":{"type":"Point","coordinates":[-5.000526999999977,5.241603000000055]},"properties":{"id":103954,"nom":"MP MUNICIPALITE_PRESCOLAIRE","type":"ecole maternelle","district_region":null,"departement_commune":null,"verifie":true,"name":"MP MUNICIPALITE_PRESCOLAIRE","source":"Géoportail ANSTAT"}},{"type":"Feature","geometry":{"type":"Point","coordinates":[-6.448530999999946,6.883634000000029]},"properties":{"id":103955,"nom":"MC CHRIST ROI 1_PRESCOLAIRE","type":"ecole maternelle","district_region":null,"departement_commune":null,"verifie":true,"name":"MC CHRIST ROI 1_PRESCOLAIRE","source":"Géoportail ANSTAT"}},{"type":"Feature","geometry":{"type":"Point","coordinates":[-6.001372999999944,6.11270600000006]},"properties":{"id":103956,"nom":"MP GUESSIHIO_PRESCOLAIRE","type":"ecole maternelle","district_region":null,"departement_commune":null,"verifie":true,"name":"MP GUESSIHIO_PRESCOLAIRE","source":"Géoportail ANSTAT"}},{"type":"Feature","geometry":{"type":"Point","coordinates":[-7.199999999999932,10.01000000000005]},"properties":{"id":103957,"nom":"MP DE GOULIA_PRESCOLAIRE","type":"ecole maternelle","district_region":null,"departement_commune":null,"verifie":true,"name":"MP DE GOULIA_PRESCOLAIRE","source":"Géoportail ANSTAT"}},{"type":"Feature","geometry":{"type":"Point","coordinates":[-3.951061999999979,5.367763000000025]},"properties":{"id":103958,"nom":"MV LA PALMERAIE_PRESCOLAIRE","type":"ecole maternelle","district_region":null,"departement_commune":null,"verifie":true,"name":"MV LA PALMERAIE_PRESCOLAIRE","source":"Géoportail ANSTAT"}},{"type":"Feature","geometry":{"type":"Point","coordinates":[-3.544771999999966,5.507873000000075]},"properties":{"id":103959,"nom":"MP BONGO SAPH_PRESCOLAIRE","type":"ecole maternelle","district_region":null,"departement_commune":null,"verifie":true,"name":"MP BONGO SAPH_PRESCOLAIRE","source":"Géoportail ANSTAT"}},{"type":"Feature","geometry":{"type":"Point","coordinates":[-5.062533999999971,7.674538000000041]},"properties":{"id":103960,"nom":"MV ONG EDEN_PRESCOLAIRE","type":"ecole maternelle","district_region":null,"departement_commune":null,"verifie":true,"name":"MV ONG EDEN_PRESCOLAIRE","source":"Géoportail ANSTAT"}},{"type":"Feature","geometry":{"type":"Point","coordinates":[-7.875730999999973,7.146550000000047]},"properties":{"id":103961,"nom":"MP SINGOUINE_PRESCOLAIRE","type":"ecole maternelle","district_region":null,"departement_commune":null,"verifie":true,"name":"MP SINGOUINE_PRESCOLAIRE","source":"Géoportail ANSTAT"}},{"type":"Feature","geometry":{"type":"Point","coordinates":[-4.019987999999955,5.432619000000045]},"properties":{"id":103962,"nom":"MV LES TROIS CHATONS_PRESCOLAIRE","type":"ecole maternelle","district_region":null,"departement_commune":null,"verifie":true,"name":"MV LES TROIS CHATONS_PRESCOLAIRE","source":"Géoportail ANSTAT"}},{"type":"Feature","geometry":{"type":"Point","coordinates":[-5.020801999999946,7.692604000000074]},"properties":{"id":103963,"nom":"PRESCOLAIRE DE SOKOURA_PRESCOLAIRE","type":"ecole maternelle","district_region":null,"departement_commune":null,"verifie":true,"name":"PRESCOLAIRE DE SOKOURA_PRESCOLAIRE","source":"Géoportail ANSTAT"}},{"type":"Feature","geometry":{"type":"Point","coordinates":[-7.489631999999972,6.546351000000072]},"properties":{"id":103964,"nom":"MP GUIGLO 2_PRESCOLAIRE","type":"ecole maternelle","district_region":null,"departement_commune":null,"verifie":true,"name":"MP GUIGLO 2_PRESCOLAIRE","source":"Géoportail ANSTAT"}},{"type":"Feature","geometry":{"type":"Point","coordinates":[-5.037112999999977,7.686740000000043]},"properties":{"id":103965,"nom":"MP KOKO 2_PRESCOLAIRE","type":"ecole maternelle","district_region":null,"departement_commune":null,"verifie":true,"name":"MP KOKO 2_PRESCOLAIRE","source":"Géoportail ANSTAT"}},{"type":"Feature","geometry":{"type":"Point","coordinates":[-3.962854999999934,5.28893800000003]},"properties":{"id":103966,"nom":"MP LAC_PRESCOLAIRE","type":"ecole maternelle","district_region":null,"departement_commune":null,"verifie":true,"name":"MP LAC_PRESCOLAIRE","source":"Géoportail ANSTAT"}},{"type":"Feature","geometry":{"type":"Point","coordinates":[-4.025821999999948,5.370163000000048]},"properties":{"id":103967,"nom":"MP WILLIAMSVILLE-LABAT_PRESCOLAIRE","type":"ecole maternelle","district_region":null,"departement_commune":null,"verifie":true,"name":"MP WILLIAMSVILLE-LABAT_PRESCOLAIRE","source":"Géoportail ANSTAT"}},{"type":"Feature","geometry":{"type":"Point","coordinates":[-3.568879999999979,6.824418000000037]},"properties":{"id":103968,"nom":"MP AMELEKIA_PRESCOLAIRE","type":"ecole maternelle","district_region":null,"departement_commune":null,"verifie":true,"name":"MP AMELEKIA_PRESCOLAIRE","source":"Géoportail ANSTAT"}},{"type":"Feature","geometry":{"type":"Point","coordinates":[-6.558579999999949,5.019668000000024]},"properties":{"id":103969,"nom":"MP GABIADJI_PRESCOLAIRE","type":"ecole maternelle","district_region":null,"departement_commune":null,"verifie":true,"name":"MP GABIADJI_PRESCOLAIRE","source":"Géoportail ANSTAT"}},{"type":"Feature","geometry":{"type":"Point","coordinates":[-7.359166999999957,4.420112000000074]},"properties":{"id":103970,"nom":"MC SAINT CHARLES BORROMEE_PRESCOLAIRE","type":"ecole maternelle","district_region":null,"departement_commune":null,"verifie":true,"name":"MC SAINT CHARLES BORROMEE_PRESCOLAIRE","source":"Géoportail ANSTAT"}},{"type":"Feature","geometry":{"type":"Point","coordinates":[-7.486129999999946,6.546546000000035]},"properties":{"id":103971,"nom":"MC MARIE CONSOLATRICE_PRESCOLAIRE","type":"ecole maternelle","district_region":null,"departement_commune":null,"verifie":true,"name":"MC MARIE CONSOLATRICE_PRESCOLAIRE","source":"Géoportail ANSTAT"}},{"type":"Feature","geometry":{"type":"Point","coordinates":[-5.438065999999935,8.094715000000065]},"properties":{"id":103972,"nom":"MP MARABADIASSA_PRESCOLAIRE","type":"ecole maternelle","district_region":null,"departement_commune":null,"verifie":true,"name":"MP MARABADIASSA_PRESCOLAIRE","source":"Géoportail ANSTAT"}},{"type":"Feature","geometry":{"type":"Point","coordinates":[-6.331899999999962,10.08290000000005]},"properties":{"id":103973,"nom":"MP WORA 1_PRESCOLAIRE","type":"ecole maternelle","district_region":null,"departement_commune":null,"verifie":true,"name":"MP WORA 1_PRESCOLAIRE","source":"Géoportail ANSTAT"}},{"type":"Feature","geometry":{"type":"Point","coordinates":[-5.025989999999979,7.675790000000063]},"properties":{"id":103974,"nom":"MV LA SOURCE_PRESCOLAIRE","type":"ecole maternelle","district_region":null,"departement_commune":null,"verifie":true,"name":"MV LA SOURCE_PRESCOLAIRE","source":"Géoportail ANSTAT"}},{"type":"Feature","geometry":{"type":"Point","coordinates":[-5.958616999999947,6.139157000000068]},"properties":{"id":103975,"nom":"MP CHATEAU D EAU 2_PRESCOLAIRE","type":"ecole maternelle","district_region":null,"departement_commune":null,"verifie":true,"name":"MP CHATEAU D EAU 2_PRESCOLAIRE","source":"Géoportail ANSTAT"}},{"type":"Feature","geometry":{"type":"Point","coordinates":[-4.82775399999997,5.892139000000043]},"properties":{"id":103976,"nom":"MC LA SOURCE_PRESCOLAIRE","type":"ecole maternelle","district_region":null,"departement_commune":null,"verifie":true,"name":"MC LA SOURCE_PRESCOLAIRE","source":"Géoportail ANSTAT"}},{"type":"Feature","geometry":{"type":"Point","coordinates":[-7.554087999999979,7.401389000000052]},"properties":{"id":103977,"nom":"MP PERALDI_PRESCOLAIRE","type":"ecole maternelle","district_region":null,"departement_commune":null,"verifie":true,"name":"MP PERALDI_PRESCOLAIRE","source":"Géoportail ANSTAT"}},{"type":"Feature","geometry":{"type":"Point","coordinates":[-4.408210999999937,5.21006600000004]},"properties":{"id":103978,"nom":"MP JACQUEVILLE HABITAT_PRESCOLAIRE","type":"ecole maternelle","district_region":null,"departement_commune":null,"verifie":true,"name":"MP JACQUEVILLE HABITAT_PRESCOLAIRE","source":"Géoportail ANSTAT"}},{"type":"Feature","geometry":{"type":"Point","coordinates":[-7.552705999999944,9.495660000000044]},"properties":{"id":103979,"nom":"MP DE BROMAKOTE_PRESCOLAIRE","type":"ecole maternelle","district_region":null,"departement_commune":null,"verifie":true,"name":"MP DE BROMAKOTE_PRESCOLAIRE","source":"Géoportail ANSTAT"}},{"type":"Feature","geometry":{"type":"Point","coordinates":[-5.274436999999978,6.80201500000004]},"properties":{"id":103980,"nom":"MP DIOULAKRO_PRESCOLAIRE","type":"ecole maternelle","district_region":null,"departement_commune":null,"verifie":true,"name":"MP DIOULAKRO_PRESCOLAIRE","source":"Géoportail ANSTAT"}},{"type":"Feature","geometry":{"type":"Point","coordinates":[-5.064599999999928,7.72959000000003]},"properties":{"id":103981,"nom":"MP GNANKOUKRO_PRESCOLAIRE","type":"ecole maternelle","district_region":null,"departement_commune":null,"verifie":true,"name":"MP GNANKOUKRO_PRESCOLAIRE","source":"Géoportail ANSTAT"}},{"type":"Feature","geometry":{"type":"Point","coordinates":[-7.541506999999967,7.391314000000023]},"properties":{"id":103982,"nom":"MP QUARTIER LYCEE-CLUB_PRESCOLAIRE","type":"ecole maternelle","district_region":null,"departement_commune":null,"verifie":true,"name":"MP QUARTIER LYCEE-CLUB_PRESCOLAIRE","source":"Géoportail ANSTAT"}},{"type":"Feature","geometry":{"type":"Point","coordinates":[-5.227676999999971,5.786538000000064]},"properties":{"id":103983,"nom":"MP CNRA_PRESCOLAIRE","type":"ecole maternelle","district_region":null,"departement_commune":null,"verifie":true,"name":"MP CNRA_PRESCOLAIRE","source":"Géoportail ANSTAT"}},{"type":"Feature","geometry":{"type":"Point","coordinates":[-4.067222999999956,5.336150000000032]},"properties":{"id":103984,"nom":"MV FLAMBEAU_PRESCOLAIRE","type":"ecole maternelle","district_region":null,"departement_commune":null,"verifie":true,"name":"MV FLAMBEAU_PRESCOLAIRE","source":"Géoportail ANSTAT"}},{"type":"Feature","geometry":{"type":"Point","coordinates":[-4.497111999999959,5.396093000000064]},"properties":{"id":103985,"nom":"MP SAPH OUSROU V4_PRESCOLAIRE","type":"ecole maternelle","district_region":null,"departement_commune":null,"verifie":true,"name":"MP SAPH OUSROU V4_PRESCOLAIRE","source":"Géoportail ANSTAT"}},{"type":"Feature","geometry":{"type":"Point","coordinates":[-5.558026999999981,6.425223000000074]},"properties":{"id":103986,"nom":"MP DOUKOUYA 1_PRESCOLAIRE","type":"ecole maternelle","district_region":null,"departement_commune":null,"verifie":true,"name":"MP DOUKOUYA 1_PRESCOLAIRE","source":"Géoportail ANSTAT"}},{"type":"Feature","geometry":{"type":"Point","coordinates":[-7.549999999999955,9.500000000000057]},"properties":{"id":103987,"nom":"MP NIAMKE PATRICE DE ODIENNE_PRESCOLAIRE","type":"ecole maternelle","district_region":null,"departement_commune":null,"verifie":true,"name":"MP NIAMKE PATRICE DE ODIENNE_PRESCOLAIRE","source":"Géoportail ANSTAT"}},{"type":"Feature","geometry":{"type":"Point","coordinates":[-3.063201999999933,7.99052800000004]},"properties":{"id":103988,"nom":"MC CATHOLIQUE FILLES DES SACRES COEURS DE JESUS E_PRESCOLAIRE","type":"ecole maternelle","district_region":null,"departement_commune":null,"verifie":true,"name":"MC CATHOLIQUE FILLES DES SACRES COEURS DE JESUS E_PRESCOLAIRE","source":"Géoportail ANSTAT"}},{"type":"Feature","geometry":{"type":"Point","coordinates":[-6.624657999999954,6.544200000000046]},"properties":{"id":103989,"nom":"MP BOGUEDIA_PRESCOLAIRE","type":"ecole maternelle","district_region":null,"departement_commune":null,"verifie":true,"name":"MP BOGUEDIA_PRESCOLAIRE","source":"Géoportail ANSTAT"}},{"type":"Feature","geometry":{"type":"Point","coordinates":[-3.314386999999954,7.918401000000074]},"properties":{"id":103990,"nom":"MP ESSIKRO_PRESCOLAIRE","type":"ecole maternelle","district_region":null,"departement_commune":null,"verifie":true,"name":"MP ESSIKRO_PRESCOLAIRE","source":"Géoportail ANSTAT"}},{"type":"Feature","geometry":{"type":"Point","coordinates":[-7.541359999999941,7.410188000000062]},"properties":{"id":103991,"nom":"MP DOMAINE MISTROT_PRESCOLAIRE","type":"ecole maternelle","district_region":null,"departement_commune":null,"verifie":true,"name":"MP DOMAINE MISTROT_PRESCOLAIRE","source":"Géoportail ANSTAT"}},{"type":"Feature","geometry":{"type":"Point","coordinates":[-6.596239999999966,5.771570000000054]},"properties":{"id":103992,"nom":"MV GROUPE SCOLAIRE ANGE MICKAEL_PRESCOLAIRE","type":"ecole maternelle","district_region":null,"departement_commune":null,"verifie":true,"name":"MV GROUPE SCOLAIRE ANGE MICKAEL_PRESCOLAIRE","source":"Géoportail ANSTAT"}},{"type":"Feature","geometry":{"type":"Point","coordinates":[-5.111409999999978,8.138907000000074]},"properties":{"id":103993,"nom":"PRESCOLAIRE KONANKAHA_PRESCOLAIRE","type":"ecole maternelle","district_region":null,"departement_commune":null,"verifie":true,"name":"PRESCOLAIRE KONANKAHA_PRESCOLAIRE","source":"Géoportail ANSTAT"}},{"type":"Feature","geometry":{"type":"Point","coordinates":[-4.049999999999955,5.501000000000033]},"properties":{"id":103994,"nom":"MP  PLATEAU 5_PRESCOLAIRE","type":"ecole maternelle","district_region":null,"departement_commune":null,"verifie":true,"name":"MP  PLATEAU 5_PRESCOLAIRE","source":"Géoportail ANSTAT"}},{"type":"Feature","geometry":{"type":"Point","coordinates":[-7.481856999999934,6.531308000000024]},"properties":{"id":103995,"nom":"MP NICLA_PRESCOLAIRE","type":"ecole maternelle","district_region":null,"departement_commune":null,"verifie":true,"name":"MP NICLA_PRESCOLAIRE","source":"Géoportail ANSTAT"}},{"type":"Feature","geometry":{"type":"Point","coordinates":[-3.642849999999953,6.151180000000068]},"properties":{"id":103996,"nom":"MP LES COLOMBES DE DIANGOBO_PRESCOLAIRE","type":"ecole maternelle","district_region":null,"departement_commune":null,"verifie":true,"name":"MP LES COLOMBES DE DIANGOBO_PRESCOLAIRE","source":"Géoportail ANSTAT"}},{"type":"Feature","geometry":{"type":"Point","coordinates":[-4.031399999999962,5.425200000000075]},"properties":{"id":103997,"nom":"MV ABA_PRESCOLAIRE","type":"ecole maternelle","district_region":null,"departement_commune":null,"verifie":true,"name":"MV ABA_PRESCOLAIRE","source":"Géoportail ANSTAT"}},{"type":"Feature","geometry":{"type":"Point","coordinates":[-5.634957999999926,6.645552000000066]},"properties":{"id":103998,"nom":"MP KOUMOUDJI_PRESCOLAIRE","type":"ecole maternelle","district_region":null,"departement_commune":null,"verifie":true,"name":"MP KOUMOUDJI_PRESCOLAIRE","source":"Géoportail ANSTAT"}},{"type":"Feature","geometry":{"type":"Point","coordinates":[-3.484556999999938,6.729593000000023]},"properties":{"id":103999,"nom":"MP MUNICIPALE_PRESCOLAIRE","type":"ecole maternelle","district_region":null,"departement_commune":null,"verifie":true,"name":"MP MUNICIPALE_PRESCOLAIRE","source":"Géoportail ANSTAT"}},{"type":"Feature","geometry":{"type":"Point","coordinates":[-6.448327999999947,6.913602000000026]},"properties":{"id":104000,"nom":"MP GBOKORA 2_PRESCOLAIRE","type":"ecole maternelle","district_region":null,"departement_commune":null,"verifie":true,"name":"MP GBOKORA 2_PRESCOLAIRE","source":"Géoportail ANSTAT"}},{"type":"Feature","geometry":{"type":"Point","coordinates":[-3.973301999999933,5.354280000000074]},"properties":{"id":104001,"nom":"MP SOGEFIHA 2_PRESCOLAIRE","type":"ecole maternelle","district_region":null,"departement_commune":null,"verifie":true,"name":"MP SOGEFIHA 2_PRESCOLAIRE","source":"Géoportail ANSTAT"}},{"type":"Feature","geometry":{"type":"Point","coordinates":[-5.683424999999943,5.853772000000049]},"properties":{"id":104002,"nom":"MP DISPENSAIRE_PRESCOLAIRE","type":"ecole maternelle","district_region":null,"departement_commune":null,"verifie":true,"name":"MP DISPENSAIRE_PRESCOLAIRE","source":"Géoportail ANSTAT"}},{"type":"Feature","geometry":{"type":"Point","coordinates":[-4.194361999999956,5.318172000000061]},"properties":{"id":104003,"nom":"MP ORANGE ADIAPOTO_PRESCOLAIRE","type":"ecole maternelle","district_region":null,"departement_commune":null,"verifie":true,"name":"MP ORANGE ADIAPOTO_PRESCOLAIRE","source":"Géoportail ANSTAT"}},{"type":"Feature","geometry":{"type":"Point","coordinates":[-7.688199999999938,8.283210000000054]},"properties":{"id":104004,"nom":"MC PIERRE LEONARDI_PRESCOLAIRE","type":"ecole maternelle","district_region":null,"departement_commune":null,"verifie":true,"name":"MC PIERRE LEONARDI_PRESCOLAIRE","source":"Géoportail ANSTAT"}},{"type":"Feature","geometry":{"type":"Point","coordinates":[-5.308045999999933,6.845919000000038]},"properties":{"id":104005,"nom":"MP MOROFE 5_PRESCOLAIRE","type":"ecole maternelle","district_region":null,"departement_commune":null,"verifie":true,"name":"MP MOROFE 5_PRESCOLAIRE","source":"Géoportail ANSTAT"}},{"type":"Feature","geometry":{"type":"Point","coordinates":[-3.998662999999965,5.445165000000031]},"properties":{"id":104006,"nom":"MP PLAQUE 2 MUNICIPALITE_PRESCOLAIRE","type":"ecole maternelle","district_region":null,"departement_commune":null,"verifie":true,"name":"MP PLAQUE 2 MUNICIPALITE_PRESCOLAIRE","source":"Géoportail ANSTAT"}},{"type":"Feature","geometry":{"type":"Point","coordinates":[-7.55573499999997,7.403703000000064]},"properties":{"id":104007,"nom":"MV LA MADONE_PRESCOLAIRE","type":"ecole maternelle","district_region":null,"departement_commune":null,"verifie":true,"name":"MV LA MADONE_PRESCOLAIRE","source":"Géoportail ANSTAT"}},{"type":"Feature","geometry":{"type":"Point","coordinates":[-3.265411999999969,6.569784000000027]},"properties":{"id":104008,"nom":"MP ARRAH A_PRESCOLAIRE","type":"ecole maternelle","district_region":null,"departement_commune":null,"verifie":true,"name":"MP ARRAH A_PRESCOLAIRE","source":"Géoportail ANSTAT"}},{"type":"Feature","geometry":{"type":"Point","coordinates":[-5.687733999999978,5.850362000000075]},"properties":{"id":104009,"nom":"MP LAKOTA 3_PRESCOLAIRE","type":"ecole maternelle","district_region":null,"departement_commune":null,"verifie":true,"name":"MP LAKOTA 3_PRESCOLAIRE","source":"Géoportail ANSTAT"}},{"type":"Feature","geometry":{"type":"Point","coordinates":[-6.173161999999934,8.420600000000036]},"properties":{"id":104010,"nom":"MP LES NOUNOUS SARHALA_PRESCOLAIRE","type":"ecole maternelle","district_region":null,"departement_commune":null,"verifie":true,"name":"MP LES NOUNOUS SARHALA_PRESCOLAIRE","source":"Géoportail ANSTAT"}},{"type":"Feature","geometry":{"type":"Point","coordinates":[-3.660522999999955,5.40583300000003]},"properties":{"id":104011,"nom":"MP ANDOU-M BATTO_PRESCOLAIRE","type":"ecole maternelle","district_region":null,"departement_commune":null,"verifie":true,"name":"MP ANDOU-M BATTO_PRESCOLAIRE","source":"Géoportail ANSTAT"}},{"type":"Feature","geometry":{"type":"Point","coordinates":[-5.295392999999933,6.190464000000077]},"properties":{"id":104012,"nom":"MC SAINT JEAN BOSCO_PRESCOLAIRE","type":"ecole maternelle","district_region":null,"departement_commune":null,"verifie":true,"name":"MC SAINT JEAN BOSCO_PRESCOLAIRE","source":"Géoportail ANSTAT"}},{"type":"Feature","geometry":{"type":"Point","coordinates":[-6.620124999999973,8.697397000000024]},"properties":{"id":104013,"nom":"MP FADJADOUGOU_PRESCOLAIRE","type":"ecole maternelle","district_region":null,"departement_commune":null,"verifie":true,"name":"MP FADJADOUGOU_PRESCOLAIRE","source":"Géoportail ANSTAT"}},{"type":"Feature","geometry":{"type":"Point","coordinates":[-4.007514999999955,5.41700000000003]},"properties":{"id":104014,"nom":"MP KENNEDY 2_PRESCOLAIRE","type":"ecole maternelle","district_region":null,"departement_commune":null,"verifie":true,"name":"MP KENNEDY 2_PRESCOLAIRE","source":"Géoportail ANSTAT"}},{"type":"Feature","geometry":{"type":"Point","coordinates":[-5.069744999999955,6.273390000000063]},"properties":{"id":104015,"nom":"MC SAINT LAMBERT_PRESCOLAIRE","type":"ecole maternelle","district_region":null,"departement_commune":null,"verifie":true,"name":"MC SAINT LAMBERT_PRESCOLAIRE","source":"Géoportail ANSTAT"}},{"type":"Feature","geometry":{"type":"Point","coordinates":[-6.173396999999966,6.23593500000004]},"properties":{"id":104016,"nom":"MP ESPOIR GUIBEROUA_PRESCOLAIRE","type":"ecole maternelle","district_region":null,"departement_commune":null,"verifie":true,"name":"MP ESPOIR GUIBEROUA_PRESCOLAIRE","source":"Géoportail ANSTAT"}},{"type":"Feature","geometry":{"type":"Point","coordinates":[-4.04099999999994,5.481000000000051]},"properties":{"id":104017,"nom":"MV COURS SOCIAUX LES COCOTERAIES ANYAMA_PRESCOLAIRE","type":"ecole maternelle","district_region":null,"departement_commune":null,"verifie":true,"name":"MV COURS SOCIAUX LES COCOTERAIES ANYAMA_PRESCOLAIRE","source":"Géoportail ANSTAT"}},{"type":"Feature","geometry":{"type":"Point","coordinates":[-5.45999999999998,5.870000000000061]},"properties":{"id":104018,"nom":"PRESCOLAIRE 2 PLATEAU DE TIASSALE_PRESCOLAIRE","type":"ecole maternelle","district_region":null,"departement_commune":null,"verifie":true,"name":"PRESCOLAIRE 2 PLATEAU DE TIASSALE_PRESCOLAIRE","source":"Géoportail ANSTAT"}},{"type":"Feature","geometry":{"type":"Point","coordinates":[-5.72353899999996,8.181700000000035]},"properties":{"id":104019,"nom":"MP MUNICIPALE TIENINGBOUE_PRESCOLAIRE","type":"ecole maternelle","district_region":null,"departement_commune":null,"verifie":true,"name":"MP MUNICIPALE TIENINGBOUE_PRESCOLAIRE","source":"Géoportail ANSTAT"}},{"type":"Feature","geometry":{"type":"Point","coordinates":[-3.944999999999936,5.306200000000047]},"properties":{"id":104020,"nom":"MV ESPOIR_PRESCOLAIRE","type":"ecole maternelle","district_region":null,"departement_commune":null,"verifie":true,"name":"MV ESPOIR_PRESCOLAIRE","source":"Géoportail ANSTAT"}},{"type":"Feature","geometry":{"type":"Point","coordinates":[-4.053439999999966,5.509098000000051]},"properties":{"id":104021,"nom":"MP ANYAMA NORD_PRESCOLAIRE","type":"ecole maternelle","district_region":null,"departement_commune":null,"verifie":true,"name":"MP ANYAMA NORD_PRESCOLAIRE","source":"Géoportail ANSTAT"}},{"type":"Feature","geometry":{"type":"Point","coordinates":[-5.08972799999998,8.153590000000065]},"properties":{"id":104022,"nom":"MP NANDIEPLEKAHA_PRESCOLAIRE","type":"ecole maternelle","district_region":null,"departement_commune":null,"verifie":true,"name":"MP NANDIEPLEKAHA_PRESCOLAIRE","source":"Géoportail ANSTAT"}},{"type":"Feature","geometry":{"type":"Point","coordinates":[-6.678857999999934,5.443579000000057]},"properties":{"id":104023,"nom":"MP POGREAGUI_PRESCOLAIRE","type":"ecole maternelle","district_region":null,"departement_commune":null,"verifie":true,"name":"MP POGREAGUI_PRESCOLAIRE","source":"Géoportail ANSTAT"}},{"type":"Feature","geometry":{"type":"Point","coordinates":[-7.672282999999936,7.332669000000067]},"properties":{"id":104024,"nom":"MP GBANGBEGOUINE -YATI_PRESCOLAIRE","type":"ecole maternelle","district_region":null,"departement_commune":null,"verifie":true,"name":"MP GBANGBEGOUINE -YATI_PRESCOLAIRE","source":"Géoportail ANSTAT"}},{"type":"Feature","geometry":{"type":"Point","coordinates":[-5.896542999999951,6.943226000000038]},"properties":{"id":104025,"nom":"MV LA SENTINELLE_PRESCOLAIRE","type":"ecole maternelle","district_region":null,"departement_commune":null,"verifie":true,"name":"MV LA SENTINELLE_PRESCOLAIRE","source":"Géoportail ANSTAT"}},{"type":"Feature","geometry":{"type":"Point","coordinates":[-5.616390999999965,9.43491000000006]},"properties":{"id":104026,"nom":"MC LES TOUT PETITS DE SION_PRESCOLAIRE","type":"ecole maternelle","district_region":null,"departement_commune":null,"verifie":true,"name":"MC LES TOUT PETITS DE SION_PRESCOLAIRE","source":"Géoportail ANSTAT"}},{"type":"Feature","geometry":{"type":"Point","coordinates":[-5.533367999999939,6.915657000000067]},"properties":{"id":104027,"nom":"MP BOZI 1_PRESCOLAIRE","type":"ecole maternelle","district_region":null,"departement_commune":null,"verifie":true,"name":"MP BOZI 1_PRESCOLAIRE","source":"Géoportail ANSTAT"}},{"type":"Feature","geometry":{"type":"Point","coordinates":[-3.654522999999926,5.269878000000062]},"properties":{"id":104028,"nom":"MP SIRENE_PRESCOLAIRE","type":"ecole maternelle","district_region":null,"departement_commune":null,"verifie":true,"name":"MP SIRENE_PRESCOLAIRE","source":"Géoportail ANSTAT"}},{"type":"Feature","geometry":{"type":"Point","coordinates":[-3.666174999999953,5.441070000000025]},"properties":{"id":104029,"nom":"MP INGRAKON_PRESCOLAIRE","type":"ecole maternelle","district_region":null,"departement_commune":null,"verifie":true,"name":"MP INGRAKON_PRESCOLAIRE","source":"Géoportail ANSTAT"}},{"type":"Feature","geometry":{"type":"Point","coordinates":[-7.502417999999977,9.595255000000066]},"properties":{"id":104030,"nom":"MP DE MINIGNAN_PRESCOLAIRE","type":"ecole maternelle","district_region":null,"departement_commune":null,"verifie":true,"name":"MP DE MINIGNAN_PRESCOLAIRE","source":"Géoportail ANSTAT"}},{"type":"Feature","geometry":{"type":"Point","coordinates":[-5.657052999999962,6.637288000000069]},"properties":{"id":104031,"nom":"MP KOUAME BI ZOH EMILE_PRESCOLAIRE","type":"ecole maternelle","district_region":null,"departement_commune":null,"verifie":true,"name":"MP KOUAME BI ZOH EMILE_PRESCOLAIRE","source":"Géoportail ANSTAT"}},{"type":"Feature","geometry":{"type":"Point","coordinates":[-2.99653399999994,9.264519000000064]},"properties":{"id":104032,"nom":"MP BOUNA 2_PRESCOLAIRE","type":"ecole maternelle","district_region":null,"departement_commune":null,"verifie":true,"name":"MP BOUNA 2_PRESCOLAIRE","source":"Géoportail ANSTAT"}},{"type":"Feature","geometry":{"type":"Point","coordinates":[-3.956086999999968,5.289580000000058]},"properties":{"id":104033,"nom":"MC BAPTISTE_PRESCOLAIRE","type":"ecole maternelle","district_region":null,"departement_commune":null,"verifie":true,"name":"MC BAPTISTE_PRESCOLAIRE","source":"Géoportail ANSTAT"}},{"type":"Feature","geometry":{"type":"Point","coordinates":[-4.099999999999966,5.340000000000032]},"properties":{"id":104034,"nom":"MV SAINT JOSEPH_PRESCOLAIRE","type":"ecole maternelle","district_region":null,"departement_commune":null,"verifie":true,"name":"MV SAINT JOSEPH_PRESCOLAIRE","source":"Géoportail ANSTAT"}},{"type":"Feature","geometry":{"type":"Point","coordinates":[-4.034298999999976,5.357289000000037]},"properties":{"id":104035,"nom":"MP FAIRMONT_PRESCOLAIRE","type":"ecole maternelle","district_region":null,"departement_commune":null,"verifie":true,"name":"MP FAIRMONT_PRESCOLAIRE","source":"Géoportail ANSTAT"}},{"type":"Feature","geometry":{"type":"Point","coordinates":[-5.891288999999972,10.00925600000005]},"properties":{"id":104036,"nom":"MP HENRIETTE KONAN BEDIE_PRESCOLAIRE","type":"ecole maternelle","district_region":null,"departement_commune":null,"verifie":true,"name":"MP HENRIETTE KONAN BEDIE_PRESCOLAIRE","source":"Géoportail ANSTAT"}},{"type":"Feature","geometry":{"type":"Point","coordinates":[-5.641999999999939,9.455910000000074]},"properties":{"id":104037,"nom":"MP  LES ALOUETTES  DE KOKO 2_PRESCOLAIRE","type":"ecole maternelle","district_region":null,"departement_commune":null,"verifie":true,"name":"MP  LES ALOUETTES  DE KOKO 2_PRESCOLAIRE","source":"Géoportail ANSTAT"}},{"type":"Feature","geometry":{"type":"Point","coordinates":[-3.513972999999964,5.531277000000046]},"properties":{"id":104038,"nom":"MP BONGO G12_PRESCOLAIRE","type":"ecole maternelle","district_region":null,"departement_commune":null,"verifie":true,"name":"MP BONGO G12_PRESCOLAIRE","source":"Géoportail ANSTAT"}},{"type":"Feature","geometry":{"type":"Point","coordinates":[-6.645653999999979,4.739357000000041]},"properties":{"id":104039,"nom":"MV CLAIRE-ANGE_PRESCOLAIRE","type":"ecole maternelle","district_region":null,"departement_commune":null,"verifie":true,"name":"MV CLAIRE-ANGE_PRESCOLAIRE","source":"Géoportail ANSTAT"}},{"type":"Feature","geometry":{"type":"Point","coordinates":[-5.164658999999972,9.071987000000036]},"properties":{"id":104040,"nom":"MP KANAKAHA_PRESCOLAIRE","type":"ecole maternelle","district_region":null,"departement_commune":null,"verifie":true,"name":"MP KANAKAHA_PRESCOLAIRE","source":"Géoportail ANSTAT"}},{"type":"Feature","geometry":{"type":"Point","coordinates":[-6.443779999999947,6.872886000000051]},"properties":{"id":104041,"nom":"MP DALO LABIA 1_PRESCOLAIRE","type":"ecole maternelle","district_region":null,"departement_commune":null,"verifie":true,"name":"MP DALO LABIA 1_PRESCOLAIRE","source":"Géoportail ANSTAT"}},{"type":"Feature","geometry":{"type":"Point","coordinates":[-4.186102999999946,5.336216000000036]},"properties":{"id":104042,"nom":"MV JULES ET MARCELLE_PRESCOLAIRE","type":"ecole maternelle","district_region":null,"departement_commune":null,"verifie":true,"name":"MV JULES ET MARCELLE_PRESCOLAIRE","source":"Géoportail ANSTAT"}},{"type":"Feature","geometry":{"type":"Point","coordinates":[-5.662592999999958,9.45563500000003]},"properties":{"id":104043,"nom":"MP KORHOGO  ORDINAIRE_PRESCOLAIRE","type":"ecole maternelle","district_region":null,"departement_commune":null,"verifie":true,"name":"MP KORHOGO  ORDINAIRE_PRESCOLAIRE","source":"Géoportail ANSTAT"}},{"type":"Feature","geometry":{"type":"Point","coordinates":[-6.48532199999994,9.53333200000003]},"properties":{"id":104044,"nom":"MC NOTRE DAME DE LA PAIX_PRESCOLAIRE","type":"ecole maternelle","district_region":null,"departement_commune":null,"verifie":true,"name":"MC NOTRE DAME DE LA PAIX_PRESCOLAIRE","source":"Géoportail ANSTAT"}},{"type":"Feature","geometry":{"type":"Point","coordinates":[-3.584811999999943,5.284211000000028]},"properties":{"id":104045,"nom":"MV GS ISRAEL_PRESCOLAIRE","type":"ecole maternelle","district_region":null,"departement_commune":null,"verifie":true,"name":"MV GS ISRAEL_PRESCOLAIRE","source":"Géoportail ANSTAT"}},{"type":"Feature","geometry":{"type":"Point","coordinates":[-4.819999999999936,5.840000000000032]},"properties":{"id":104046,"nom":"MP  FRANCOIS KADJO_PRESCOLAIRE","type":"ecole maternelle","district_region":null,"departement_commune":null,"verifie":true,"name":"MP  FRANCOIS KADJO_PRESCOLAIRE","source":"Géoportail ANSTAT"}},{"type":"Feature","geometry":{"type":"Point","coordinates":[-4.61443799999995,9.153149000000042]},"properties":{"id":104047,"nom":"MP KONG_PRESCOLAIRE","type":"ecole maternelle","district_region":null,"departement_commune":null,"verifie":true,"name":"MP KONG_PRESCOLAIRE","source":"Géoportail ANSTAT"}},{"type":"Feature","geometry":{"type":"Point","coordinates":[-6.594852999999944,6.480062000000032]},"properties":{"id":104048,"nom":"MP ISSIA 5_PRESCOLAIRE","type":"ecole maternelle","district_region":null,"departement_commune":null,"verifie":true,"name":"MP ISSIA 5_PRESCOLAIRE","source":"Géoportail ANSTAT"}},{"type":"Feature","geometry":{"type":"Point","coordinates":[-3.123304999999959,7.14720200000005]},"properties":{"id":104049,"nom":"MP ASSUAME_PRESCOLAIRE","type":"ecole maternelle","district_region":null,"departement_commune":null,"verifie":true,"name":"MP ASSUAME_PRESCOLAIRE","source":"Géoportail ANSTAT"}},{"type":"Feature","geometry":{"type":"Point","coordinates":[-4.007514999999955,5.41751000000005]},"properties":{"id":104050,"nom":"MP KENNEDY_PRESCOLAIRE","type":"ecole maternelle","district_region":null,"departement_commune":null,"verifie":true,"name":"MP KENNEDY_PRESCOLAIRE","source":"Géoportail ANSTAT"}},{"type":"Feature","geometry":{"type":"Point","coordinates":[-6.892431999999928,9.116278000000024]},"properties":{"id":104051,"nom":"MP DE GBONGAHA_PRESCOLAIRE","type":"ecole maternelle","district_region":null,"departement_commune":null,"verifie":true,"name":"MP DE GBONGAHA_PRESCOLAIRE","source":"Géoportail ANSTAT"}},{"type":"Feature","geometry":{"type":"Point","coordinates":[-5.50358099999994,6.65317200000004]},"properties":{"id":104052,"nom":"MP KONONFLA_PRESCOLAIRE","type":"ecole maternelle","district_region":null,"departement_commune":null,"verifie":true,"name":"MP KONONFLA_PRESCOLAIRE","source":"Géoportail ANSTAT"}},{"type":"Feature","geometry":{"type":"Point","coordinates":[-6.590760999999929,5.798820000000035]},"properties":{"id":104053,"nom":"MP MUNICIPALITE_PRESCOLAIRE","type":"ecole maternelle","district_region":null,"departement_commune":null,"verifie":true,"name":"MP MUNICIPALITE_PRESCOLAIRE","source":"Géoportail ANSTAT"}},{"type":"Feature","geometry":{"type":"Point","coordinates":[-3.959261999999967,7.052724000000069]},"properties":{"id":104054,"nom":"MP TANOH TANOH_PRESCOLAIRE","type":"ecole maternelle","district_region":null,"departement_commune":null,"verifie":true,"name":"MP TANOH TANOH_PRESCOLAIRE","source":"Géoportail ANSTAT"}},{"type":"Feature","geometry":{"type":"Point","coordinates":[-5.653656999999953,9.483548000000042]},"properties":{"id":104055,"nom":"MP COCODY 2_PRESCOLAIRE","type":"ecole maternelle","district_region":null,"departement_commune":null,"verifie":true,"name":"MP COCODY 2_PRESCOLAIRE","source":"Géoportail ANSTAT"}},{"type":"Feature","geometry":{"type":"Point","coordinates":[-6.865599999999972,6.452560000000062]},"properties":{"id":104056,"nom":"MP CAMP MILITAIRE_PRESCOLAIRE","type":"ecole maternelle","district_region":null,"departement_commune":null,"verifie":true,"name":"MP CAMP MILITAIRE_PRESCOLAIRE","source":"Géoportail ANSTAT"}},{"type":"Feature","geometry":{"type":"Point","coordinates":[-4.377071999999941,5.304233000000067]},"properties":{"id":104057,"nom":"MP GBOUGBO_PRESCOLAIRE","type":"ecole maternelle","district_region":null,"departement_commune":null,"verifie":true,"name":"MP GBOUGBO_PRESCOLAIRE","source":"Géoportail ANSTAT"}},{"type":"Feature","geometry":{"type":"Point","coordinates":[-3.988775999999973,5.456798000000049]},"properties":{"id":104058,"nom":"MP PETIT-BASSAM_PRESCOLAIRE","type":"ecole maternelle","district_region":null,"departement_commune":null,"verifie":true,"name":"MP PETIT-BASSAM_PRESCOLAIRE","source":"Géoportail ANSTAT"}},{"type":"Feature","geometry":{"type":"Point","coordinates":[-6.570459999999969,6.487222000000031]},"properties":{"id":104059,"nom":"MP LUEHOUAN 2A_PRESCOLAIRE","type":"ecole maternelle","district_region":null,"departement_commune":null,"verifie":true,"name":"MP LUEHOUAN 2A_PRESCOLAIRE","source":"Géoportail ANSTAT"}},{"type":"Feature","geometry":{"type":"Point","coordinates":[-5.166999999999973,5.893000000000029]},"properties":{"id":104060,"nom":"MP TATA_PRESCOLAIRE","type":"ecole maternelle","district_region":null,"departement_commune":null,"verifie":true,"name":"MP TATA_PRESCOLAIRE","source":"Géoportail ANSTAT"}},{"type":"Feature","geometry":{"type":"Point","coordinates":[-5.606524999999976,6.661775000000034]},"properties":{"id":104061,"nom":"MP KONONFLA-DIOULABOUGOU_PRESCOLAIRE","type":"ecole maternelle","district_region":null,"departement_commune":null,"verifie":true,"name":"MP KONONFLA-DIOULABOUGOU_PRESCOLAIRE","source":"Géoportail ANSTAT"}},{"type":"Feature","geometry":{"type":"Point","coordinates":[-5.155750999999952,5.892035000000021]},"properties":{"id":104062,"nom":"MP BEHIRI_PRESCOLAIRE","type":"ecole maternelle","district_region":null,"departement_commune":null,"verifie":true,"name":"MP BEHIRI_PRESCOLAIRE","source":"Géoportail ANSTAT"}},{"type":"Feature","geometry":{"type":"Point","coordinates":[-5.011792999999955,7.680135000000064]},"properties":{"id":104063,"nom":"MP ANGOUATANOUKRO_PRESCOLAIRE","type":"ecole maternelle","district_region":null,"departement_commune":null,"verifie":true,"name":"MP ANGOUATANOUKRO_PRESCOLAIRE","source":"Géoportail ANSTAT"}},{"type":"Feature","geometry":{"type":"Point","coordinates":[-6.447999999999979,6.857000000000028]},"properties":{"id":104064,"nom":"MP ESCADRON_PRESCOLAIRE","type":"ecole maternelle","district_region":null,"departement_commune":null,"verifie":true,"name":"MP ESCADRON_PRESCOLAIRE","source":"Géoportail ANSTAT"}},{"type":"Feature","geometry":{"type":"Point","coordinates":[-6.399654999999939,5.054462000000058]},"properties":{"id":104065,"nom":"MP GROBONOU-DAN_PRESCOLAIRE","type":"ecole maternelle","district_region":null,"departement_commune":null,"verifie":true,"name":"MP GROBONOU-DAN_PRESCOLAIRE","source":"Géoportail ANSTAT"}},{"type":"Feature","geometry":{"type":"Point","coordinates":[-5.256076999999948,6.838787000000025]},"properties":{"id":104066,"nom":"MV NOTRE DAME DE LOURDES_PRESCOLAIRE","type":"ecole maternelle","district_region":null,"departement_commune":null,"verifie":true,"name":"MV NOTRE DAME DE LOURDES_PRESCOLAIRE","source":"Géoportail ANSTAT"}},{"type":"Feature","geometry":{"type":"Point","coordinates":[-5.622405999999955,6.650210000000072]},"properties":{"id":104067,"nom":"MP DIENEMBROUFLA_PRESCOLAIRE","type":"ecole maternelle","district_region":null,"departement_commune":null,"verifie":true,"name":"MP DIENEMBROUFLA_PRESCOLAIRE","source":"Géoportail ANSTAT"}},{"type":"Feature","geometry":{"type":"Point","coordinates":[-4.512847999999963,5.681940000000054]},"properties":{"id":104068,"nom":"MP ELLIBOU_PRESCOLAIRE","type":"ecole maternelle","district_region":null,"departement_commune":null,"verifie":true,"name":"MP ELLIBOU_PRESCOLAIRE","source":"Géoportail ANSTAT"}},{"type":"Feature","geometry":{"type":"Point","coordinates":[-5.920765999999958,6.608251000000052]},"properties":{"id":104069,"nom":"MV CHARLES JACOB_PRESCOLAIRE","type":"ecole maternelle","district_region":null,"departement_commune":null,"verifie":true,"name":"MV CHARLES JACOB_PRESCOLAIRE","source":"Géoportail ANSTAT"}},{"type":"Feature","geometry":{"type":"Point","coordinates":[-4.111951999999974,5.32964000000004]},"properties":{"id":104070,"nom":"MV SAINT CAMILLE_PRESCOLAIRE","type":"ecole maternelle","district_region":null,"departement_commune":null,"verifie":true,"name":"MV SAINT CAMILLE_PRESCOLAIRE","source":"Géoportail ANSTAT"}},{"type":"Feature","geometry":{"type":"Point","coordinates":[-2.99787699999996,5.537181000000032]},"properties":{"id":104071,"nom":"MP SAMUEL PITA DE BAFFIA_PRESCOLAIRE","type":"ecole maternelle","district_region":null,"departement_commune":null,"verifie":true,"name":"MP SAMUEL PITA DE BAFFIA_PRESCOLAIRE","source":"Géoportail ANSTAT"}},{"type":"Feature","geometry":{"type":"Point","coordinates":[-5.166499999999928,7.588800000000049]},"properties":{"id":104072,"nom":"MP ASRIKRO_PRESCOLAIRE","type":"ecole maternelle","district_region":null,"departement_commune":null,"verifie":true,"name":"MP ASRIKRO_PRESCOLAIRE","source":"Géoportail ANSTAT"}},{"type":"Feature","geometry":{"type":"Point","coordinates":[-4.080642999999952,5.334137000000055]},"properties":{"id":104073,"nom":"MP SOGEFIHA MAMIE  FATAI_PRESCOLAIRE","type":"ecole maternelle","district_region":null,"departement_commune":null,"verifie":true,"name":"MP SOGEFIHA MAMIE  FATAI_PRESCOLAIRE","source":"Géoportail ANSTAT"}},{"type":"Feature","geometry":{"type":"Point","coordinates":[-4.037705999999957,5.330535000000054]},"properties":{"id":104074,"nom":"MP LOCODJRO_PRESCOLAIRE","type":"ecole maternelle","district_region":null,"departement_commune":null,"verifie":true,"name":"MP LOCODJRO_PRESCOLAIRE","source":"Géoportail ANSTAT"}},{"type":"Feature","geometry":{"type":"Point","coordinates":[-3.958182999999963,7.060211000000038]},"properties":{"id":104075,"nom":"MP DIOULAKRO_PRESCOLAIRE","type":"ecole maternelle","district_region":null,"departement_commune":null,"verifie":true,"name":"MP DIOULAKRO_PRESCOLAIRE","source":"Géoportail ANSTAT"}},{"type":"Feature","geometry":{"type":"Point","coordinates":[-4.076004999999952,5.449277000000052]},"properties":{"id":104076,"nom":"MV PILOTE K.K.D_PRESCOLAIRE","type":"ecole maternelle","district_region":null,"departement_commune":null,"verifie":true,"name":"MV PILOTE K.K.D_PRESCOLAIRE","source":"Géoportail ANSTAT"}},{"type":"Feature","geometry":{"type":"Point","coordinates":[-5.670779999999979,9.448693000000048]},"properties":{"id":104077,"nom":"MV MOUSSA DOUMBIA_PRESCOLAIRE","type":"ecole maternelle","district_region":null,"departement_commune":null,"verifie":true,"name":"MV MOUSSA DOUMBIA_PRESCOLAIRE","source":"Géoportail ANSTAT"}},{"type":"Feature","geometry":{"type":"Point","coordinates":[-4.739999999999952,6.150000000000034]},"properties":{"id":104078,"nom":"MP KOYEKRO_PRESCOLAIRE","type":"ecole maternelle","district_region":null,"departement_commune":null,"verifie":true,"name":"MP KOYEKRO_PRESCOLAIRE","source":"Géoportail ANSTAT"}},{"type":"Feature","geometry":{"type":"Point","coordinates":[-3.329999999999927,5.32000000000005]},"properties":{"id":104079,"nom":"MP N ZE KOUTOUA AKOUNOUGBE_PRESCOLAIRE","type":"ecole maternelle","district_region":null,"departement_commune":null,"verifie":true,"name":"MP N ZE KOUTOUA AKOUNOUGBE_PRESCOLAIRE","source":"Géoportail ANSTAT"}},{"type":"Feature","geometry":{"type":"Point","coordinates":[-5.314237999999932,7.657443000000058]},"properties":{"id":104080,"nom":"MP ANDOKRO-KOUAKOU_PRESCOLAIRE","type":"ecole maternelle","district_region":null,"departement_commune":null,"verifie":true,"name":"MP ANDOKRO-KOUAKOU_PRESCOLAIRE","source":"Géoportail ANSTAT"}},{"type":"Feature","geometry":{"type":"Point","coordinates":[-3.982999999999947,5.301000000000045]},"properties":{"id":104081,"nom":"MV LES ALOUETTES_PRESCOLAIRE","type":"ecole maternelle","district_region":null,"departement_commune":null,"verifie":true,"name":"MV LES ALOUETTES_PRESCOLAIRE","source":"Géoportail ANSTAT"}},{"type":"Feature","geometry":{"type":"Point","coordinates":[-5.268279999999947,6.813004000000035]},"properties":{"id":104082,"nom":"MV LE PEDAGOGUE_PRESCOLAIRE","type":"ecole maternelle","district_region":null,"departement_commune":null,"verifie":true,"name":"MV LE PEDAGOGUE_PRESCOLAIRE","source":"Géoportail ANSTAT"}},{"type":"Feature","geometry":{"type":"Point","coordinates":[-3.254711999999927,5.587122000000022]},"properties":{"id":104083,"nom":"MP AKOURE_PRESCOLAIRE","type":"ecole maternelle","district_region":null,"departement_commune":null,"verifie":true,"name":"MP AKOURE_PRESCOLAIRE","source":"Géoportail ANSTAT"}},{"type":"Feature","geometry":{"type":"Point","coordinates":[-3.331824999999981,6.750537000000065]},"properties":{"id":104084,"nom":"MP ABRONAMOUE_PRESCOLAIRE","type":"ecole maternelle","district_region":null,"departement_commune":null,"verifie":true,"name":"MP ABRONAMOUE_PRESCOLAIRE","source":"Géoportail ANSTAT"}},{"type":"Feature","geometry":{"type":"Point","coordinates":[-5.349062999999944,5.84206400000005]},"properties":{"id":104085,"nom":"MP DIVO TP_PRESCOLAIRE","type":"ecole maternelle","district_region":null,"departement_commune":null,"verifie":true,"name":"MP DIVO TP_PRESCOLAIRE","source":"Géoportail ANSTAT"}},{"type":"Feature","geometry":{"type":"Point","coordinates":[-5.290929999999946,8.655640000000062]},"properties":{"id":104086,"nom":"MP NIAKARA 1 B_PRESCOLAIRE","type":"ecole maternelle","district_region":null,"departement_commune":null,"verifie":true,"name":"MP NIAKARA 1 B_PRESCOLAIRE","source":"Géoportail ANSTAT"}},{"type":"Feature","geometry":{"type":"Point","coordinates":[-4.690081999999961,5.908901000000071]},"properties":{"id":104087,"nom":"MP BODO_PRESCOLAIRE","type":"ecole maternelle","district_region":null,"departement_commune":null,"verifie":true,"name":"MP BODO_PRESCOLAIRE","source":"Géoportail ANSTAT"}},{"type":"Feature","geometry":{"type":"Point","coordinates":[-5.042055999999945,7.729594000000077]},"properties":{"id":104088,"nom":"MV LE PARFAIT_PRESCOLAIRE","type":"ecole maternelle","district_region":null,"departement_commune":null,"verifie":true,"name":"MV LE PARFAIT_PRESCOLAIRE","source":"Géoportail ANSTAT"}},{"type":"Feature","geometry":{"type":"Point","coordinates":[-4.060014999999964,5.318488000000059]},"properties":{"id":104089,"nom":"MV GRANDES MARIONNAISES_PRESCOLAIRE","type":"ecole maternelle","district_region":null,"departement_commune":null,"verifie":true,"name":"MV GRANDES MARIONNAISES_PRESCOLAIRE","source":"Géoportail ANSTAT"}},{"type":"Feature","geometry":{"type":"Point","coordinates":[-4.039934999999957,5.324121000000048]},"properties":{"id":104090,"nom":"MV LES SERAPHINS_PRESCOLAIRE","type":"ecole maternelle","district_region":null,"departement_commune":null,"verifie":true,"name":"MV LES SERAPHINS_PRESCOLAIRE","source":"Géoportail ANSTAT"}},{"type":"Feature","geometry":{"type":"Point","coordinates":[-4.006182999999965,5.402564000000041]},"properties":{"id":104091,"nom":"MP PLATEAU DOKUI 2_PRESCOLAIRE","type":"ecole maternelle","district_region":null,"departement_commune":null,"verifie":true,"name":"MP PLATEAU DOKUI 2_PRESCOLAIRE","source":"Géoportail ANSTAT"}},{"type":"Feature","geometry":{"type":"Point","coordinates":[-4.257709999999975,5.322970000000055]},"properties":{"id":104092,"nom":"MP M BRATHE_PRESCOLAIRE","type":"ecole maternelle","district_region":null,"departement_commune":null,"verifie":true,"name":"MP M BRATHE_PRESCOLAIRE","source":"Géoportail ANSTAT"}},{"type":"Feature","geometry":{"type":"Point","coordinates":[-6.629999999999939,5.71939100000003]},"properties":{"id":104093,"nom":"MP GNAKOREADJI_PRESCOLAIRE","type":"ecole maternelle","district_region":null,"departement_commune":null,"verifie":true,"name":"MP GNAKOREADJI_PRESCOLAIRE","source":"Géoportail ANSTAT"}},{"type":"Feature","geometry":{"type":"Point","coordinates":[-3.317199999999957,5.247800000000041]},"properties":{"id":104094,"nom":"MV LA BELLE FONTAINE_PRESCOLAIRE","type":"ecole maternelle","district_region":null,"departement_commune":null,"verifie":true,"name":"MV LA BELLE FONTAINE_PRESCOLAIRE","source":"Géoportail ANSTAT"}},{"type":"Feature","geometry":{"type":"Point","coordinates":[-4.548712999999964,5.194527000000051]},"properties":{"id":104095,"nom":"MP ADJUE_PRESCOLAIRE","type":"ecole maternelle","district_region":null,"departement_commune":null,"verifie":true,"name":"MP ADJUE_PRESCOLAIRE","source":"Géoportail ANSTAT"}},{"type":"Feature","geometry":{"type":"Point","coordinates":[-4.078012999999942,5.328597000000059]},"properties":{"id":104096,"nom":"MP SIDECI BAD_PRESCOLAIRE","type":"ecole maternelle","district_region":null,"departement_commune":null,"verifie":true,"name":"MP SIDECI BAD_PRESCOLAIRE","source":"Géoportail ANSTAT"}},{"type":"Feature","geometry":{"type":"Point","coordinates":[-3.919999999999959,5.510000000000048]},"properties":{"id":104097,"nom":"MP BROFODOUME 2_PRESCOLAIRE","type":"ecole maternelle","district_region":null,"departement_commune":null,"verifie":true,"name":"MP BROFODOUME 2_PRESCOLAIRE","source":"Géoportail ANSTAT"}},{"type":"Feature","geometry":{"type":"Point","coordinates":[-3.88382699999994,5.341662000000042]},"properties":{"id":104098,"nom":"MV EMMAUS_PRESCOLAIRE","type":"ecole maternelle","district_region":null,"departement_commune":null,"verifie":true,"name":"MV EMMAUS_PRESCOLAIRE","source":"Géoportail ANSTAT"}},{"type":"Feature","geometry":{"type":"Point","coordinates":[-6.316705999999954,5.730958000000044]},"properties":{"id":104099,"nom":"MP ZOGBODOUA_PRESCOLAIRE","type":"ecole maternelle","district_region":null,"departement_commune":null,"verifie":true,"name":"MP ZOGBODOUA_PRESCOLAIRE","source":"Géoportail ANSTAT"}},{"type":"Feature","geometry":{"type":"Point","coordinates":[-4.822139999999933,5.724363000000039]},"properties":{"id":104100,"nom":"MP BROUBROU_PRESCOLAIRE","type":"ecole maternelle","district_region":null,"departement_commune":null,"verifie":true,"name":"MP BROUBROU_PRESCOLAIRE","source":"Géoportail ANSTAT"}},{"type":"Feature","geometry":{"type":"Point","coordinates":[-4.320242238999981,5.289510047000022]},"properties":{"id":104101,"nom":"MV  SOSTHENE_PRESCOLAIRE","type":"ecole maternelle","district_region":null,"departement_commune":null,"verifie":true,"name":"MV  SOSTHENE_PRESCOLAIRE","source":"Géoportail ANSTAT"}},{"type":"Feature","geometry":{"type":"Point","coordinates":[-4.140739999999937,5.313420000000065]},"properties":{"id":104102,"nom":"MC SAINTE MARIA GORETTI_PRESCOLAIRE","type":"ecole maternelle","district_region":null,"departement_commune":null,"verifie":true,"name":"MC SAINTE MARIA GORETTI_PRESCOLAIRE","source":"Géoportail ANSTAT"}},{"type":"Feature","geometry":{"type":"Point","coordinates":[-3.743496999999934,5.410100000000057]},"properties":{"id":104103,"nom":"MP DOMOLON_PRESCOLAIRE","type":"ecole maternelle","district_region":null,"departement_commune":null,"verifie":true,"name":"MP DOMOLON_PRESCOLAIRE","source":"Géoportail ANSTAT"}},{"type":"Feature","geometry":{"type":"Point","coordinates":[-5.579592999999932,6.278373000000045]},"properties":{"id":104104,"nom":"MP DIEGONEFLA EXTENSION_PRESCOLAIRE","type":"ecole maternelle","district_region":null,"departement_commune":null,"verifie":true,"name":"MP DIEGONEFLA EXTENSION_PRESCOLAIRE","source":"Géoportail ANSTAT"}},{"type":"Feature","geometry":{"type":"Point","coordinates":[-4.855739999999969,6.328830000000039]},"properties":{"id":104105,"nom":"MP KPOUEBO_PRESCOLAIRE","type":"ecole maternelle","district_region":null,"departement_commune":null,"verifie":true,"name":"MP KPOUEBO_PRESCOLAIRE","source":"Géoportail ANSTAT"}},{"type":"Feature","geometry":{"type":"Point","coordinates":[-4.063938999999948,5.318821000000071]},"properties":{"id":104106,"nom":"MV LES BUCHERONS_PRESCOLAIRE","type":"ecole maternelle","district_region":null,"departement_commune":null,"verifie":true,"name":"MV LES BUCHERONS_PRESCOLAIRE","source":"Géoportail ANSTAT"}},{"type":"Feature","geometry":{"type":"Point","coordinates":[-3.234972999999968,7.589123000000029]},"properties":{"id":104107,"nom":"MP KOTOGANDA_PRESCOLAIRE","type":"ecole maternelle","district_region":null,"departement_commune":null,"verifie":true,"name":"MP KOTOGANDA_PRESCOLAIRE","source":"Géoportail ANSTAT"}},{"type":"Feature","geometry":{"type":"Point","coordinates":[-5.539999999999964,7.54000000000002]},"properties":{"id":104108,"nom":"MV SAINT ANDRE DES PRES_PRESCOLAIRE","type":"ecole maternelle","district_region":null,"departement_commune":null,"verifie":true,"name":"MV SAINT ANDRE DES PRES_PRESCOLAIRE","source":"Géoportail ANSTAT"}},{"type":"Feature","geometry":{"type":"Point","coordinates":[-6.442632999999944,6.633105000000057]},"properties":{"id":104109,"nom":"MP BEZOMA_PRESCOLAIRE","type":"ecole maternelle","district_region":null,"departement_commune":null,"verifie":true,"name":"MP BEZOMA_PRESCOLAIRE","source":"Géoportail ANSTAT"}},{"type":"Feature","geometry":{"type":"Point","coordinates":[-5.970332999999926,7.821050000000071]},"properties":{"id":104110,"nom":"CPC BAPLA_PRESCOLAIRE","type":"ecole maternelle","district_region":null,"departement_commune":null,"verifie":true,"name":"CPC BAPLA_PRESCOLAIRE","source":"Géoportail ANSTAT"}},{"type":"Feature","geometry":{"type":"Point","coordinates":[-4.04191899999995,5.305845000000033]},"properties":{"id":104111,"nom":"MP ABOBODOUME CAMP DOUANE_PRESCOLAIRE","type":"ecole maternelle","district_region":null,"departement_commune":null,"verifie":true,"name":"MP ABOBODOUME CAMP DOUANE_PRESCOLAIRE","source":"Géoportail ANSTAT"}},{"type":"Feature","geometry":{"type":"Point","coordinates":[-4.26499999999993,5.376000000000033]},"properties":{"id":104112,"nom":"MV KYTA_PRESCOLAIRE","type":"ecole maternelle","district_region":null,"departement_commune":null,"verifie":true,"name":"MV KYTA_PRESCOLAIRE","source":"Géoportail ANSTAT"}},{"type":"Feature","geometry":{"type":"Point","coordinates":[-4.561999999999955,5.484000000000037]},"properties":{"id":104113,"nom":"MC ANYAMA_PRESCOLAIRE","type":"ecole maternelle","district_region":null,"departement_commune":null,"verifie":true,"name":"MC ANYAMA_PRESCOLAIRE","source":"Géoportail ANSTAT"}},{"type":"Feature","geometry":{"type":"Point","coordinates":[-6.442518999999947,9.834783000000073]},"properties":{"id":104114,"nom":"CPC DOUASSO_PRESCOLAIRE","type":"ecole maternelle","district_region":null,"departement_commune":null,"verifie":true,"name":"CPC DOUASSO_PRESCOLAIRE","source":"Géoportail ANSTAT"}},{"type":"Feature","geometry":{"type":"Point","coordinates":[-7.427331999999979,6.568895000000055]},"properties":{"id":104115,"nom":"MP ZRO_PRESCOLAIRE","type":"ecole maternelle","district_region":null,"departement_commune":null,"verifie":true,"name":"MP ZRO_PRESCOLAIRE","source":"Géoportail ANSTAT"}},{"type":"Feature","geometry":{"type":"Point","coordinates":[-4.809999999999945,6.010000000000048]},"properties":{"id":104116,"nom":"MC AT-TARBYAT_PRESCOLAIRE","type":"ecole maternelle","district_region":null,"departement_commune":null,"verifie":true,"name":"MC AT-TARBYAT_PRESCOLAIRE","source":"Géoportail ANSTAT"}},{"type":"Feature","geometry":{"type":"Point","coordinates":[-5.823019999999929,6.088240000000042]},"properties":{"id":104117,"nom":"MP KABIA_PRESCOLAIRE","type":"ecole maternelle","district_region":null,"departement_commune":null,"verifie":true,"name":"MP KABIA_PRESCOLAIRE","source":"Géoportail ANSTAT"}},{"type":"Feature","geometry":{"type":"Point","coordinates":[-4.999999999999943,6.000000000000057]},"properties":{"id":104118,"nom":"MC METHODISTE UNIE_PRESCOLAIRE","type":"ecole maternelle","district_region":null,"departement_commune":null,"verifie":true,"name":"MC METHODISTE UNIE_PRESCOLAIRE","source":"Géoportail ANSTAT"}},{"type":"Feature","geometry":{"type":"Point","coordinates":[-6.627466999999967,9.36840600000005]},"properties":{"id":104119,"nom":"CPC KANIENE_PRESCOLAIRE","type":"ecole maternelle","district_region":null,"departement_commune":null,"verifie":true,"name":"CPC KANIENE_PRESCOLAIRE","source":"Géoportail ANSTAT"}},{"type":"Feature","geometry":{"type":"Point","coordinates":[-6.965616999999952,9.613973000000044]},"properties":{"id":104120,"nom":"CPC DE SANABA_PRESCOLAIRE","type":"ecole maternelle","district_region":null,"departement_commune":null,"verifie":true,"name":"CPC DE SANABA_PRESCOLAIRE","source":"Géoportail ANSTAT"}},{"type":"Feature","geometry":{"type":"Point","coordinates":[-6.045966999999962,7.427031000000056]},"properties":{"id":104121,"nom":"MC SAINTE BERNADETTE_PRESCOLAIRE","type":"ecole maternelle","district_region":null,"departement_commune":null,"verifie":true,"name":"MC SAINTE BERNADETTE_PRESCOLAIRE","source":"Géoportail ANSTAT"}},{"type":"Feature","geometry":{"type":"Point","coordinates":[-7.621535999999935,9.949527000000046]},"properties":{"id":104122,"nom":"CPC KEREBADOUGOU_PRESCOLAIRE","type":"ecole maternelle","district_region":null,"departement_commune":null,"verifie":true,"name":"CPC KEREBADOUGOU_PRESCOLAIRE","source":"Géoportail ANSTAT"}},{"type":"Feature","geometry":{"type":"Point","coordinates":[-5.060259999999971,6.178490000000068]},"properties":{"id":104123,"nom":"MP KOTIESSOU_PRESCOLAIRE","type":"ecole maternelle","district_region":null,"departement_commune":null,"verifie":true,"name":"MP KOTIESSOU_PRESCOLAIRE","source":"Géoportail ANSTAT"}},{"type":"Feature","geometry":{"type":"Point","coordinates":[-4.059480999999948,5.324310000000025]},"properties":{"id":104124,"nom":"MV GANDHI_PRESCOLAIRE","type":"ecole maternelle","district_region":null,"departement_commune":null,"verifie":true,"name":"MV GANDHI_PRESCOLAIRE","source":"Géoportail ANSTAT"}},{"type":"Feature","geometry":{"type":"Point","coordinates":[-4.072999999999979,5.337000000000046]},"properties":{"id":104125,"nom":"MV EXODE_PRESCOLAIRE","type":"ecole maternelle","district_region":null,"departement_commune":null,"verifie":true,"name":"MV EXODE_PRESCOLAIRE","source":"Géoportail ANSTAT"}},{"type":"Feature","geometry":{"type":"Point","coordinates":[-4.054700999999966,5.490802000000031]},"properties":{"id":104126,"nom":"MV DOMINIQUE SAVIO_PRESCOLAIRE","type":"ecole maternelle","district_region":null,"departement_commune":null,"verifie":true,"name":"MV DOMINIQUE SAVIO_PRESCOLAIRE","source":"Géoportail ANSTAT"}},{"type":"Feature","geometry":{"type":"Point","coordinates":[-4.983369999999979,6.084030000000041]},"properties":{"id":104127,"nom":"MP AMANI-MENOU_PRESCOLAIRE","type":"ecole maternelle","district_region":null,"departement_commune":null,"verifie":true,"name":"MP AMANI-MENOU_PRESCOLAIRE","source":"Géoportail ANSTAT"}},{"type":"Feature","geometry":{"type":"Point","coordinates":[-5.570551999999964,9.401022000000069]},"properties":{"id":104128,"nom":"CPC MOROVINE_PRESCOLAIRE","type":"ecole maternelle","district_region":null,"departement_commune":null,"verifie":true,"name":"CPC MOROVINE_PRESCOLAIRE","source":"Géoportail ANSTAT"}},{"type":"Feature","geometry":{"type":"Point","coordinates":[-5.677843999999936,5.884265000000028]},"properties":{"id":104129,"nom":"MP DAHIRI_PRESCOLAIRE","type":"ecole maternelle","district_region":null,"departement_commune":null,"verifie":true,"name":"MP DAHIRI_PRESCOLAIRE","source":"Géoportail ANSTAT"}},{"type":"Feature","geometry":{"type":"Point","coordinates":[-5.047345999999948,7.728419000000031]},"properties":{"id":104130,"nom":"MV SABAH_PRESCOLAIRE","type":"ecole maternelle","district_region":null,"departement_commune":null,"verifie":true,"name":"MV SABAH_PRESCOLAIRE","source":"Géoportail ANSTAT"}},{"type":"Feature","geometry":{"type":"Point","coordinates":[-5.354866999999956,10.06254400000006]},"properties":{"id":104131,"nom":"MCOM SORDI_PRESCOLAIRE","type":"ecole maternelle","district_region":null,"departement_commune":null,"verifie":true,"name":"MCOM SORDI_PRESCOLAIRE","source":"Géoportail ANSTAT"}},{"type":"Feature","geometry":{"type":"Point","coordinates":[-4.753766999999925,5.77795100000003]},"properties":{"id":104132,"nom":"MP BOTINDE_PRESCOLAIRE","type":"ecole maternelle","district_region":null,"departement_commune":null,"verifie":true,"name":"MP BOTINDE_PRESCOLAIRE","source":"Géoportail ANSTAT"}},{"type":"Feature","geometry":{"type":"Point","coordinates":[-5.266590999999949,6.814491000000032]},"properties":{"id":104133,"nom":"MP TOUMBOKRO-VILLAGE_PRESCOLAIRE","type":"ecole maternelle","district_region":null,"departement_commune":null,"verifie":true,"name":"MP TOUMBOKRO-VILLAGE_PRESCOLAIRE","source":"Géoportail ANSTAT"}},{"type":"Feature","geometry":{"type":"Point","coordinates":[-3.544771999999966,5.507873000000075]},"properties":{"id":104134,"nom":"MP SAPH V1_PRESCOLAIRE","type":"ecole maternelle","district_region":null,"departement_commune":null,"verifie":true,"name":"MP SAPH V1_PRESCOLAIRE","source":"Géoportail ANSTAT"}},{"type":"Feature","geometry":{"type":"Point","coordinates":[-5.517792999999926,9.690654000000052]},"properties":{"id":104135,"nom":"CPC  KPONGBOVOGO_PRESCOLAIRE","type":"ecole maternelle","district_region":null,"departement_commune":null,"verifie":true,"name":"CPC  KPONGBOVOGO_PRESCOLAIRE","source":"Géoportail ANSTAT"}},{"type":"Feature","geometry":{"type":"Point","coordinates":[-5.708559999999977,9.501300000000072]},"properties":{"id":104136,"nom":"CPC FONONFLA_PRESCOLAIRE","type":"ecole maternelle","district_region":null,"departement_commune":null,"verifie":true,"name":"CPC FONONFLA_PRESCOLAIRE","source":"Géoportail ANSTAT"}},{"type":"Feature","geometry":{"type":"Point","coordinates":[-5.44214299999993,8.004400000000032]},"properties":{"id":104137,"nom":"MP N GUESSSANKRO_PRESCOLAIRE","type":"ecole maternelle","district_region":null,"departement_commune":null,"verifie":true,"name":"MP N GUESSSANKRO_PRESCOLAIRE","source":"Géoportail ANSTAT"}},{"type":"Feature","geometry":{"type":"Point","coordinates":[-6.534842999999967,6.603830000000073]},"properties":{"id":104138,"nom":"MP IPAUD LAGO DE LIGA_PRESCOLAIRE","type":"ecole maternelle","district_region":null,"departement_commune":null,"verifie":true,"name":"MP IPAUD LAGO DE LIGA_PRESCOLAIRE","source":"Géoportail ANSTAT"}},{"type":"Feature","geometry":{"type":"Point","coordinates":[-7.608033999999975,9.252605000000074]},"properties":{"id":104139,"nom":"MP DE KAHANSO_PRESCOLAIRE","type":"ecole maternelle","district_region":null,"departement_commune":null,"verifie":true,"name":"MP DE KAHANSO_PRESCOLAIRE","source":"Géoportail ANSTAT"}},{"type":"Feature","geometry":{"type":"Point","coordinates":[-4.086455999999941,5.327312000000063]},"properties":{"id":104140,"nom":"MV SAINT CHARLES_PRESCOLAIRE","type":"ecole maternelle","district_region":null,"departement_commune":null,"verifie":true,"name":"MV SAINT CHARLES_PRESCOLAIRE","source":"Géoportail ANSTAT"}},{"type":"Feature","geometry":{"type":"Point","coordinates":[-6.501397999999938,9.40469900000005]},"properties":{"id":104141,"nom":"MP OUAZOMON_PRESCOLAIRE","type":"ecole maternelle","district_region":null,"departement_commune":null,"verifie":true,"name":"MP OUAZOMON_PRESCOLAIRE","source":"Géoportail ANSTAT"}},{"type":"Feature","geometry":{"type":"Point","coordinates":[-6.551951999999972,5.409477000000038]},"properties":{"id":104142,"nom":"MP MEAGUI EST_PRESCOLAIRE","type":"ecole maternelle","district_region":null,"departement_commune":null,"verifie":true,"name":"MP MEAGUI EST_PRESCOLAIRE","source":"Géoportail ANSTAT"}},{"type":"Feature","geometry":{"type":"Point","coordinates":[-5.62746199999998,9.898496000000025]},"properties":{"id":104143,"nom":"MP KOROKARA_PRESCOLAIRE","type":"ecole maternelle","district_region":null,"departement_commune":null,"verifie":true,"name":"MP KOROKARA_PRESCOLAIRE","source":"Géoportail ANSTAT"}},{"type":"Feature","geometry":{"type":"Point","coordinates":[-5.505529999999965,9.46476400000006]},"properties":{"id":104144,"nom":"CPC BLAGBOKAHA_PRESCOLAIRE","type":"ecole maternelle","district_region":null,"departement_commune":null,"verifie":true,"name":"CPC BLAGBOKAHA_PRESCOLAIRE","source":"Géoportail ANSTAT"}},{"type":"Feature","geometry":{"type":"Point","coordinates":[-7.511877999999967,9.40888300000006]},"properties":{"id":104145,"nom":"MP DE ODIENNE SIENSO_PRESCOLAIRE","type":"ecole maternelle","district_region":null,"departement_commune":null,"verifie":true,"name":"MP DE ODIENNE SIENSO_PRESCOLAIRE","source":"Géoportail ANSTAT"}},{"type":"Feature","geometry":{"type":"Point","coordinates":[-6.325887999999964,9.285127000000044]},"properties":{"id":104146,"nom":"MP GANAONI 1_PRESCOLAIRE","type":"ecole maternelle","district_region":null,"departement_commune":null,"verifie":true,"name":"MP GANAONI 1_PRESCOLAIRE","source":"Géoportail ANSTAT"}},{"type":"Feature","geometry":{"type":"Point","coordinates":[-5.515291999999931,9.410636000000068]},"properties":{"id":104147,"nom":"CPC LES BAMBINS DE POKAHA_PRESCOLAIRE","type":"ecole maternelle","district_region":null,"departement_commune":null,"verifie":true,"name":"CPC LES BAMBINS DE POKAHA_PRESCOLAIRE","source":"Géoportail ANSTAT"}},{"type":"Feature","geometry":{"type":"Point","coordinates":[-3.858053999999925,6.105389000000059]},"properties":{"id":104148,"nom":"MC  METHODISTE_PRESCOLAIRE","type":"ecole maternelle","district_region":null,"departement_commune":null,"verifie":true,"name":"MC  METHODISTE_PRESCOLAIRE","source":"Géoportail ANSTAT"}},{"type":"Feature","geometry":{"type":"Point","coordinates":[-6.021431999999947,9.321425000000032]},"properties":{"id":104149,"nom":"CPC NOUFRE_PRESCOLAIRE","type":"ecole maternelle","district_region":null,"departement_commune":null,"verifie":true,"name":"CPC NOUFRE_PRESCOLAIRE","source":"Géoportail ANSTAT"}},{"type":"Feature","geometry":{"type":"Point","coordinates":[-5.962976999999967,10.15730000000002]},"properties":{"id":104150,"nom":"MCOM NALOGO_PRESCOLAIRE","type":"ecole maternelle","district_region":null,"departement_commune":null,"verifie":true,"name":"MCOM NALOGO_PRESCOLAIRE","source":"Géoportail ANSTAT"}},{"type":"Feature","geometry":{"type":"Point","coordinates":[-4.085582999999929,5.406337000000065]},"properties":{"id":104151,"nom":"EPV MOFODA_PRESCOLAIRE","type":"ecole maternelle","district_region":null,"departement_commune":null,"verifie":true,"name":"EPV MOFODA_PRESCOLAIRE","source":"Géoportail ANSTAT"}},{"type":"Feature","geometry":{"type":"Point","coordinates":[-4.107678999999962,5.32830000000007]},"properties":{"id":104152,"nom":"MV LES MERVEILLES_PRESCOLAIRE","type":"ecole maternelle","district_region":null,"departement_commune":null,"verifie":true,"name":"MV LES MERVEILLES_PRESCOLAIRE","source":"Géoportail ANSTAT"}},{"type":"Feature","geometry":{"type":"Point","coordinates":[-3.061436999999955,7.408262000000036]},"properties":{"id":104153,"nom":"MP ARROSSUA_PRESCOLAIRE","type":"ecole maternelle","district_region":null,"departement_commune":null,"verifie":true,"name":"MP ARROSSUA_PRESCOLAIRE","source":"Géoportail ANSTAT"}},{"type":"Feature","geometry":{"type":"Point","coordinates":[-4.008534999999938,5.429272000000026]},"properties":{"id":104154,"nom":"MV LES SERAPHINS_PRESCOLAIRE","type":"ecole maternelle","district_region":null,"departement_commune":null,"verifie":true,"name":"MV LES SERAPHINS_PRESCOLAIRE","source":"Géoportail ANSTAT"}},{"type":"Feature","geometry":{"type":"Point","coordinates":[-2.816116999999963,8.020901000000038]},"properties":{"id":104155,"nom":"MP KANDIA CAMARA_PRESCOLAIRE","type":"ecole maternelle","district_region":null,"departement_commune":null,"verifie":true,"name":"MP KANDIA CAMARA_PRESCOLAIRE","source":"Géoportail ANSTAT"}},{"type":"Feature","geometry":{"type":"Point","coordinates":[-7.498577999999952,4.562596000000042]},"properties":{"id":104156,"nom":"MP BLIDOUBA V2_PRESCOLAIRE","type":"ecole maternelle","district_region":null,"departement_commune":null,"verifie":true,"name":"MP BLIDOUBA V2_PRESCOLAIRE","source":"Géoportail ANSTAT"}},{"type":"Feature","geometry":{"type":"Point","coordinates":[-4.42999999999995,8.340000000000032]},"properties":{"id":104157,"nom":"MP DE BAMBARASSO_PRESCOLAIRE","type":"ecole maternelle","district_region":null,"departement_commune":null,"verifie":true,"name":"MP DE BAMBARASSO_PRESCOLAIRE","source":"Géoportail ANSTAT"}},{"type":"Feature","geometry":{"type":"Point","coordinates":[-4.044999999999959,5.499000000000024]},"properties":{"id":104158,"nom":"MP  ANYAMA EST_PRESCOLAIRE","type":"ecole maternelle","district_region":null,"departement_commune":null,"verifie":true,"name":"MP  ANYAMA EST_PRESCOLAIRE","source":"Géoportail ANSTAT"}},{"type":"Feature","geometry":{"type":"Point","coordinates":[-5.786776999999972,5.184761000000037]},"properties":{"id":104159,"nom":"MP SOUCOU CRABE RENE DE GNAGO 2_PRESCOLAIRE","type":"ecole maternelle","district_region":null,"departement_commune":null,"verifie":true,"name":"MP SOUCOU CRABE RENE DE GNAGO 2_PRESCOLAIRE","source":"Géoportail ANSTAT"}},{"type":"Feature","geometry":{"type":"Point","coordinates":[-4.033999999999935,5.466000000000065]},"properties":{"id":104160,"nom":"MV DOUMBIA YAYA_PRESCOLAIRE","type":"ecole maternelle","district_region":null,"departement_commune":null,"verifie":true,"name":"MV DOUMBIA YAYA_PRESCOLAIRE","source":"Géoportail ANSTAT"}},{"type":"Feature","geometry":{"type":"Point","coordinates":[-5.114872999999932,6.506460000000061]},"properties":{"id":104161,"nom":"MP MOUGNAN_PRESCOLAIRE","type":"ecole maternelle","district_region":null,"departement_commune":null,"verifie":true,"name":"MP MOUGNAN_PRESCOLAIRE","source":"Géoportail ANSTAT"}},{"type":"Feature","geometry":{"type":"Point","coordinates":[-4.489381999999978,5.425735000000032]},"properties":{"id":104162,"nom":"MP YOUHOULIL_PRESCOLAIRE","type":"ecole maternelle","district_region":null,"departement_commune":null,"verifie":true,"name":"MP YOUHOULIL_PRESCOLAIRE","source":"Géoportail ANSTAT"}},{"type":"Feature","geometry":{"type":"Point","coordinates":[-5.954832999999951,6.474230000000034]},"properties":{"id":104163,"nom":"MP NOUVEAU SITE_PRESCOLAIRE","type":"ecole maternelle","district_region":null,"departement_commune":null,"verifie":true,"name":"MP NOUVEAU SITE_PRESCOLAIRE","source":"Géoportail ANSTAT"}},{"type":"Feature","geometry":{"type":"Point","coordinates":[-5.636169999999936,9.393004000000076]},"properties":{"id":104164,"nom":"MP TORGOKAHA_PRESCOLAIRE","type":"ecole maternelle","district_region":null,"departement_commune":null,"verifie":true,"name":"MP TORGOKAHA_PRESCOLAIRE","source":"Géoportail ANSTAT"}},{"type":"Feature","geometry":{"type":"Point","coordinates":[-5.10803199999998,9.411245000000063]},"properties":{"id":104165,"nom":"MCOM SAMBAKAHA_PRESCOLAIRE","type":"ecole maternelle","district_region":null,"departement_commune":null,"verifie":true,"name":"MCOM SAMBAKAHA_PRESCOLAIRE","source":"Géoportail ANSTAT"}},{"type":"Feature","geometry":{"type":"Point","coordinates":[-4.053999999999974,5.504000000000076]},"properties":{"id":104166,"nom":"MV FLEUR DORIANE_PRESCOLAIRE","type":"ecole maternelle","district_region":null,"departement_commune":null,"verifie":true,"name":"MV FLEUR DORIANE_PRESCOLAIRE","source":"Géoportail ANSTAT"}},{"type":"Feature","geometry":{"type":"Point","coordinates":[-4.055999999999926,5.45900000000006]},"properties":{"id":104167,"nom":"MV ADJA MABONGO TRAORE_PRESCOLAIRE","type":"ecole maternelle","district_region":null,"departement_commune":null,"verifie":true,"name":"MV ADJA MABONGO TRAORE_PRESCOLAIRE","source":"Géoportail ANSTAT"}},{"type":"Feature","geometry":{"type":"Point","coordinates":[-3.950939999999946,5.307950000000062]},"properties":{"id":104168,"nom":"MC BETHLEHEM_PRESCOLAIRE","type":"ecole maternelle","district_region":null,"departement_commune":null,"verifie":true,"name":"MC BETHLEHEM_PRESCOLAIRE","source":"Géoportail ANSTAT"}},{"type":"Feature","geometry":{"type":"Point","coordinates":[-3.913682999999935,8.623226000000045]},"properties":{"id":104169,"nom":"CPC GANSE_PRESCOLAIRE","type":"ecole maternelle","district_region":null,"departement_commune":null,"verifie":true,"name":"CPC GANSE_PRESCOLAIRE","source":"Géoportail ANSTAT"}},{"type":"Feature","geometry":{"type":"Point","coordinates":[-7.786859999999933,9.338672000000033]},"properties":{"id":104170,"nom":"MP DE  FOULLA_PRESCOLAIRE","type":"ecole maternelle","district_region":null,"departement_commune":null,"verifie":true,"name":"MP DE  FOULLA_PRESCOLAIRE","source":"Géoportail ANSTAT"}},{"type":"Feature","geometry":{"type":"Point","coordinates":[-6.999999999999943,10.00000000000006]},"properties":{"id":104171,"nom":"MP DE TAHARA_PRESCOLAIRE","type":"ecole maternelle","district_region":null,"departement_commune":null,"verifie":true,"name":"MP DE TAHARA_PRESCOLAIRE","source":"Géoportail ANSTAT"}},{"type":"Feature","geometry":{"type":"Point","coordinates":[-3.692841999999928,6.612124000000051]},"properties":{"id":104172,"nom":"MV SCB BANACOMOE_PRESCOLAIRE","type":"ecole maternelle","district_region":null,"departement_commune":null,"verifie":true,"name":"MV SCB BANACOMOE_PRESCOLAIRE","source":"Géoportail ANSTAT"}},{"type":"Feature","geometry":{"type":"Point","coordinates":[-7.607899999999972,7.640000000000043]},"properties":{"id":104173,"nom":"MP MANGOUIN_PRESCOLAIRE","type":"ecole maternelle","district_region":null,"departement_commune":null,"verifie":true,"name":"MP MANGOUIN_PRESCOLAIRE","source":"Géoportail ANSTAT"}},{"type":"Feature","geometry":{"type":"Point","coordinates":[-4.053619999999967,5.322600000000023]},"properties":{"id":104174,"nom":"MV LES PETITS SOLEILS_PRESCOLAIRE","type":"ecole maternelle","district_region":null,"departement_commune":null,"verifie":true,"name":"MV LES PETITS SOLEILS_PRESCOLAIRE","source":"Géoportail ANSTAT"}},{"type":"Feature","geometry":{"type":"Point","coordinates":[-5.580736999999942,10.00393300000007]},"properties":{"id":104175,"nom":"MCOM KOFIPLE_PRESCOLAIRE","type":"ecole maternelle","district_region":null,"departement_commune":null,"verifie":true,"name":"MCOM KOFIPLE_PRESCOLAIRE","source":"Géoportail ANSTAT"}},{"type":"Feature","geometry":{"type":"Point","coordinates":[-3.611607999999933,5.240093000000059]},"properties":{"id":104176,"nom":"MV SAINT ROSSINI_PRESCOLAIRE","type":"ecole maternelle","district_region":null,"departement_commune":null,"verifie":true,"name":"MV SAINT ROSSINI_PRESCOLAIRE","source":"Géoportail ANSTAT"}},{"type":"Feature","geometry":{"type":"Point","coordinates":[-5.012761999999952,6.586430000000064]},"properties":{"id":104177,"nom":"MP ABLI_PRESCOLAIRE","type":"ecole maternelle","district_region":null,"departement_commune":null,"verifie":true,"name":"MP ABLI_PRESCOLAIRE","source":"Géoportail ANSTAT"}},{"type":"Feature","geometry":{"type":"Point","coordinates":[-3.959083999999962,5.295637000000056]},"properties":{"id":104178,"nom":"MV UNION FORCE_PRESCOLAIRE","type":"ecole maternelle","district_region":null,"departement_commune":null,"verifie":true,"name":"MV UNION FORCE_PRESCOLAIRE","source":"Géoportail ANSTAT"}},{"type":"Feature","geometry":{"type":"Point","coordinates":[-4.998587999999927,5.26047200000005]},"properties":{"id":104179,"nom":"MP PAPA NOUVEAU_PRESCOLAIRE","type":"ecole maternelle","district_region":null,"departement_commune":null,"verifie":true,"name":"MP PAPA NOUVEAU_PRESCOLAIRE","source":"Géoportail ANSTAT"}},{"type":"Feature","geometry":{"type":"Point","coordinates":[-5.917791999999963,6.623531000000071]},"properties":{"id":104180,"nom":"MC SAINT MICHEL 1_PRESCOLAIRE","type":"ecole maternelle","district_region":null,"departement_commune":null,"verifie":true,"name":"MC SAINT MICHEL 1_PRESCOLAIRE","source":"Géoportail ANSTAT"}},{"type":"Feature","geometry":{"type":"Point","coordinates":[-5.042909999999949,8.909350000000074]},"properties":{"id":104181,"nom":"MP SEPIKAHA_PRESCOLAIRE","type":"ecole maternelle","district_region":null,"departement_commune":null,"verifie":true,"name":"MP SEPIKAHA_PRESCOLAIRE","source":"Géoportail ANSTAT"}},{"type":"Feature","geometry":{"type":"Point","coordinates":[-3.337504999999965,6.131748000000073]},"properties":{"id":104182,"nom":"MP BETTIE-SAPH V1_PRESCOLAIRE","type":"ecole maternelle","district_region":null,"departement_commune":null,"verifie":true,"name":"MP BETTIE-SAPH V1_PRESCOLAIRE","source":"Géoportail ANSTAT"}},{"type":"Feature","geometry":{"type":"Point","coordinates":[-5.267342999999926,6.782665000000065]},"properties":{"id":104183,"nom":"MV BERENICE_PRESCOLAIRE","type":"ecole maternelle","district_region":null,"departement_commune":null,"verifie":true,"name":"MV BERENICE_PRESCOLAIRE","source":"Géoportail ANSTAT"}},{"type":"Feature","geometry":{"type":"Point","coordinates":[-6.618088999999941,9.972909000000072]},"properties":{"id":104184,"nom":"MP N DEOU 1_PRESCOLAIRE","type":"ecole maternelle","district_region":null,"departement_commune":null,"verifie":true,"name":"MP N DEOU 1_PRESCOLAIRE","source":"Géoportail ANSTAT"}},{"type":"Feature","geometry":{"type":"Point","coordinates":[-5.013559999999927,7.676100000000076]},"properties":{"id":104185,"nom":"MC PROTESTANTE AIR-FRANCE 1_PRESCOLAIRE","type":"ecole maternelle","district_region":null,"departement_commune":null,"verifie":true,"name":"MC PROTESTANTE AIR-FRANCE 1_PRESCOLAIRE","source":"Géoportail ANSTAT"}},{"type":"Feature","geometry":{"type":"Point","coordinates":[-7.63999999999993,7.580000000000041]},"properties":{"id":104186,"nom":"MP GBOMBELO_PRESCOLAIRE","type":"ecole maternelle","district_region":null,"departement_commune":null,"verifie":true,"name":"MP GBOMBELO_PRESCOLAIRE","source":"Géoportail ANSTAT"}},{"type":"Feature","geometry":{"type":"Point","coordinates":[-3.937030999999934,5.363614000000041]},"properties":{"id":104187,"nom":"MV LES ALIZEES_PRESCOLAIRE","type":"ecole maternelle","district_region":null,"departement_commune":null,"verifie":true,"name":"MV LES ALIZEES_PRESCOLAIRE","source":"Géoportail ANSTAT"}},{"type":"Feature","geometry":{"type":"Point","coordinates":[-4.471392999999978,5.200983000000065]},"properties":{"id":104188,"nom":"MP GRAND-JACK_PRESCOLAIRE","type":"ecole maternelle","district_region":null,"departement_commune":null,"verifie":true,"name":"MP GRAND-JACK_PRESCOLAIRE","source":"Géoportail ANSTAT"}},{"type":"Feature","geometry":{"type":"Point","coordinates":[-3.510987999999941,5.354100000000074]},"properties":{"id":104189,"nom":"MP DZEUDJI_PRESCOLAIRE","type":"ecole maternelle","district_region":null,"departement_commune":null,"verifie":true,"name":"MP DZEUDJI_PRESCOLAIRE","source":"Géoportail ANSTAT"}},{"type":"Feature","geometry":{"type":"Point","coordinates":[-3.932219999999973,6.015240000000063]},"properties":{"id":104190,"nom":"MP DIAPE_PRESCOLAIRE","type":"ecole maternelle","district_region":null,"departement_commune":null,"verifie":true,"name":"MP DIAPE_PRESCOLAIRE","source":"Géoportail ANSTAT"}},{"type":"Feature","geometry":{"type":"Point","coordinates":[-3.946702999999957,5.311550000000068]},"properties":{"id":104191,"nom":"MV AKA EBA ELISABETH_PRESCOLAIRE","type":"ecole maternelle","district_region":null,"departement_commune":null,"verifie":true,"name":"MV AKA EBA ELISABETH_PRESCOLAIRE","source":"Géoportail ANSTAT"}},{"type":"Feature","geometry":{"type":"Point","coordinates":[-4.912211999999954,5.294586000000038]},"properties":{"id":104192,"nom":"MP NANDIBO 2_PRESCOLAIRE","type":"ecole maternelle","district_region":null,"departement_commune":null,"verifie":true,"name":"MP NANDIBO 2_PRESCOLAIRE","source":"Géoportail ANSTAT"}},{"type":"Feature","geometry":{"type":"Point","coordinates":[-3.069426999999962,7.740958000000035]},"properties":{"id":104193,"nom":"MP SIEDJA_PRESCOLAIRE","type":"ecole maternelle","district_region":null,"departement_commune":null,"verifie":true,"name":"MP SIEDJA_PRESCOLAIRE","source":"Géoportail ANSTAT"}},{"type":"Feature","geometry":{"type":"Point","coordinates":[-4.069893999999977,5.352873000000045]},"properties":{"id":104194,"nom":"MV ETRAN_PRESCOLAIRE","type":"ecole maternelle","district_region":null,"departement_commune":null,"verifie":true,"name":"MV ETRAN_PRESCOLAIRE","source":"Géoportail ANSTAT"}},{"type":"Feature","geometry":{"type":"Point","coordinates":[-4.035253999999952,5.432296000000065]},"properties":{"id":104195,"nom":"MV SAINT MATHIEU_PRESCOLAIRE","type":"ecole maternelle","district_region":null,"departement_commune":null,"verifie":true,"name":"MV SAINT MATHIEU_PRESCOLAIRE","source":"Géoportail ANSTAT"}},{"type":"Feature","geometry":{"type":"Point","coordinates":[-3.592002999999977,5.264300000000048]},"properties":{"id":104196,"nom":"MP ANDRE MAUD_PRESCOLAIRE","type":"ecole maternelle","district_region":null,"departement_commune":null,"verifie":true,"name":"MP ANDRE MAUD_PRESCOLAIRE","source":"Géoportail ANSTAT"}},{"type":"Feature","geometry":{"type":"Point","coordinates":[-4.037999999999954,5.464000000000055]},"properties":{"id":104197,"nom":"MC METHODISTE ANYAMA BELLEVILLE_PRESCOLAIRE","type":"ecole maternelle","district_region":null,"departement_commune":null,"verifie":true,"name":"MC METHODISTE ANYAMA BELLEVILLE_PRESCOLAIRE","source":"Géoportail ANSTAT"}},{"type":"Feature","geometry":{"type":"Point","coordinates":[-4.057099999999934,5.350153000000034]},"properties":{"id":104198,"nom":"MV SAINTE RUTH_PRESCOLAIRE","type":"ecole maternelle","district_region":null,"departement_commune":null,"verifie":true,"name":"MV SAINTE RUTH_PRESCOLAIRE","source":"Géoportail ANSTAT"}},{"type":"Feature","geometry":{"type":"Point","coordinates":[-3.95897199999996,5.294738000000052]},"properties":{"id":104199,"nom":"MV ILA_PRESCOLAIRE","type":"ecole maternelle","district_region":null,"departement_commune":null,"verifie":true,"name":"MV ILA_PRESCOLAIRE","source":"Géoportail ANSTAT"}},{"type":"Feature","geometry":{"type":"Point","coordinates":[-4.059132999999974,5.31939600000004]},"properties":{"id":104200,"nom":"MV KATANAN 2_PRESCOLAIRE","type":"ecole maternelle","district_region":null,"departement_commune":null,"verifie":true,"name":"MV KATANAN 2_PRESCOLAIRE","source":"Géoportail ANSTAT"}},{"type":"Feature","geometry":{"type":"Point","coordinates":[-5.349999999999966,9.440000000000056]},"properties":{"id":104201,"nom":"CPC FODONKAHA_PRESCOLAIRE","type":"ecole maternelle","district_region":null,"departement_commune":null,"verifie":true,"name":"CPC FODONKAHA_PRESCOLAIRE","source":"Géoportail ANSTAT"}},{"type":"Feature","geometry":{"type":"Point","coordinates":[-4.004696999999965,5.423729000000037]},"properties":{"id":104202,"nom":"MP  CLOUETCHA_PRESCOLAIRE","type":"ecole maternelle","district_region":null,"departement_commune":null,"verifie":true,"name":"MP  CLOUETCHA_PRESCOLAIRE","source":"Géoportail ANSTAT"}},{"type":"Feature","geometry":{"type":"Point","coordinates":[-5.127999999999929,7.652000000000044]},"properties":{"id":104203,"nom":"MP BENDEKOUASSIKRO_PRESCOLAIRE","type":"ecole maternelle","district_region":null,"departement_commune":null,"verifie":true,"name":"MP BENDEKOUASSIKRO_PRESCOLAIRE","source":"Géoportail ANSTAT"}},{"type":"Feature","geometry":{"type":"Point","coordinates":[-4.997232999999937,7.718535000000031]},"properties":{"id":104204,"nom":"MV ARCHANGE_PRESCOLAIRE","type":"ecole maternelle","district_region":null,"departement_commune":null,"verifie":true,"name":"MV ARCHANGE_PRESCOLAIRE","source":"Géoportail ANSTAT"}},{"type":"Feature","geometry":{"type":"Point","coordinates":[-6.471482999999978,7.018998000000067]},"properties":{"id":104205,"nom":"MP BOBOUA_PRESCOLAIRE","type":"ecole maternelle","district_region":null,"departement_commune":null,"verifie":true,"name":"MP BOBOUA_PRESCOLAIRE","source":"Géoportail ANSTAT"}},{"type":"Feature","geometry":{"type":"Point","coordinates":[-4.035321999999951,5.351745000000051]},"properties":{"id":104206,"nom":"MV SAINTE JOSETTE_PRESCOLAIRE","type":"ecole maternelle","district_region":null,"departement_commune":null,"verifie":true,"name":"MV SAINTE JOSETTE_PRESCOLAIRE","source":"Géoportail ANSTAT"}},{"type":"Feature","geometry":{"type":"Point","coordinates":[-7.532832999999926,7.395767000000035]},"properties":{"id":104207,"nom":"MP FRATERNITE_PRESCOLAIRE","type":"ecole maternelle","district_region":null,"departement_commune":null,"verifie":true,"name":"MP FRATERNITE_PRESCOLAIRE","source":"Géoportail ANSTAT"}},{"type":"Feature","geometry":{"type":"Point","coordinates":[-6.312892999999974,7.146026000000063]},"properties":{"id":104208,"nom":"MP OUROUTA_PRESCOLAIRE","type":"ecole maternelle","district_region":null,"departement_commune":null,"verifie":true,"name":"MP OUROUTA_PRESCOLAIRE","source":"Géoportail ANSTAT"}},{"type":"Feature","geometry":{"type":"Point","coordinates":[-6.67234899999994,4.771113000000071]},"properties":{"id":104209,"nom":"MC VICTOIRE CMA_PRESCOLAIRE","type":"ecole maternelle","district_region":null,"departement_commune":null,"verifie":true,"name":"MC VICTOIRE CMA_PRESCOLAIRE","source":"Géoportail ANSTAT"}},{"type":"Feature","geometry":{"type":"Point","coordinates":[-3.978546999999935,5.286930000000041]},"properties":{"id":104210,"nom":"MV LA VOLIERE_PRESCOLAIRE","type":"ecole maternelle","district_region":null,"departement_commune":null,"verifie":true,"name":"MV LA VOLIERE_PRESCOLAIRE","source":"Géoportail ANSTAT"}},{"type":"Feature","geometry":{"type":"Point","coordinates":[-4.086176999999964,5.359710000000064]},"properties":{"id":104211,"nom":"MV LA CITE_PRESCOLAIRE","type":"ecole maternelle","district_region":null,"departement_commune":null,"verifie":true,"name":"MV LA CITE_PRESCOLAIRE","source":"Géoportail ANSTAT"}},{"type":"Feature","geometry":{"type":"Point","coordinates":[-6.423946999999941,6.865638000000047]},"properties":{"id":104212,"nom":"MP HEREMANKONO_PRESCOLAIRE","type":"ecole maternelle","district_region":null,"departement_commune":null,"verifie":true,"name":"MP HEREMANKONO_PRESCOLAIRE","source":"Géoportail ANSTAT"}},{"type":"Feature","geometry":{"type":"Point","coordinates":[-8.410142999999948,6.468043000000023]},"properties":{"id":104213,"nom":"MP  BAKOUBLY_PRESCOLAIRE","type":"ecole maternelle","district_region":null,"departement_commune":null,"verifie":true,"name":"MP  BAKOUBLY_PRESCOLAIRE","source":"Géoportail ANSTAT"}},{"type":"Feature","geometry":{"type":"Point","coordinates":[-3.581839999999943,5.212693000000058]},"properties":{"id":104214,"nom":"MV LUMIERE DE LA VIE_PRESCOLAIRE","type":"ecole maternelle","district_region":null,"departement_commune":null,"verifie":true,"name":"MV LUMIERE DE LA VIE_PRESCOLAIRE","source":"Géoportail ANSTAT"}},{"type":"Feature","geometry":{"type":"Point","coordinates":[-5.051751999999965,7.748240000000067]},"properties":{"id":104215,"nom":"MV PROTESTANTE 1 ZONE_PRESCOLAIRE","type":"ecole maternelle","district_region":null,"departement_commune":null,"verifie":true,"name":"MV PROTESTANTE 1 ZONE_PRESCOLAIRE","source":"Géoportail ANSTAT"}},{"type":"Feature","geometry":{"type":"Point","coordinates":[-5.059380999999973,7.702903000000049]},"properties":{"id":104216,"nom":"MV PROTESTANTE 2 ZONE_PRESCOLAIRE","type":"ecole maternelle","district_region":null,"departement_commune":null,"verifie":true,"name":"MV PROTESTANTE 2 ZONE_PRESCOLAIRE","source":"Géoportail ANSTAT"}},{"type":"Feature","geometry":{"type":"Point","coordinates":[-5.59746599999994,7.380776000000026]},"properties":{"id":104217,"nom":"MP BONDOSSOU_PRESCOLAIRE","type":"ecole maternelle","district_region":null,"departement_commune":null,"verifie":true,"name":"MP BONDOSSOU_PRESCOLAIRE","source":"Géoportail ANSTAT"}},{"type":"Feature","geometry":{"type":"Point","coordinates":[-3.963993999999957,5.297473000000025]},"properties":{"id":104218,"nom":"MV RACINE_PRESCOLAIRE","type":"ecole maternelle","district_region":null,"departement_commune":null,"verifie":true,"name":"MV RACINE_PRESCOLAIRE","source":"Géoportail ANSTAT"}},{"type":"Feature","geometry":{"type":"Point","coordinates":[-4.471370999999976,9.113055000000031]},"properties":{"id":104219,"nom":"MP NAFANA_PRESCOLAIRE","type":"ecole maternelle","district_region":null,"departement_commune":null,"verifie":true,"name":"MP NAFANA_PRESCOLAIRE","source":"Géoportail ANSTAT"}},{"type":"Feature","geometry":{"type":"Point","coordinates":[-3.001350999999943,8.157034000000067]},"properties":{"id":104220,"nom":"MP SEPINGO_PRESCOLAIRE","type":"ecole maternelle","district_region":null,"departement_commune":null,"verifie":true,"name":"MP SEPINGO_PRESCOLAIRE","source":"Géoportail ANSTAT"}},{"type":"Feature","geometry":{"type":"Point","coordinates":[-4.03213999999997,5.41482000000002]},"properties":{"id":104221,"nom":"MV DJAGNON_PRESCOLAIRE","type":"ecole maternelle","district_region":null,"departement_commune":null,"verifie":true,"name":"MV DJAGNON_PRESCOLAIRE","source":"Géoportail ANSTAT"}},{"type":"Feature","geometry":{"type":"Point","coordinates":[-5.347024999999974,5.125132000000065]},"properties":{"id":104222,"nom":"MP EBOUNOU_PRESCOLAIRE","type":"ecole maternelle","district_region":null,"departement_commune":null,"verifie":true,"name":"MP EBOUNOU_PRESCOLAIRE","source":"Géoportail ANSTAT"}},{"type":"Feature","geometry":{"type":"Point","coordinates":[-4.011519999999962,5.43020000000007]},"properties":{"id":104223,"nom":"MV SAINT SMYTH_PRESCOLAIRE","type":"ecole maternelle","district_region":null,"departement_commune":null,"verifie":true,"name":"MV SAINT SMYTH_PRESCOLAIRE","source":"Géoportail ANSTAT"}},{"type":"Feature","geometry":{"type":"Point","coordinates":[-4.998719999999935,7.721347000000037]},"properties":{"id":104224,"nom":"MV LES MYRIADES_PRESCOLAIRE","type":"ecole maternelle","district_region":null,"departement_commune":null,"verifie":true,"name":"MV LES MYRIADES_PRESCOLAIRE","source":"Géoportail ANSTAT"}},{"type":"Feature","geometry":{"type":"Point","coordinates":[-3.329999999999927,5.340000000000032]},"properties":{"id":104225,"nom":"MP DJIMINIKOFFIKRO_PRESCOLAIRE","type":"ecole maternelle","district_region":null,"departement_commune":null,"verifie":true,"name":"MP DJIMINIKOFFIKRO_PRESCOLAIRE","source":"Géoportail ANSTAT"}},{"type":"Feature","geometry":{"type":"Point","coordinates":[-3.17670499999997,5.519045000000062]},"properties":{"id":104226,"nom":"MP KOUKOURANDOUMI_PRESCOLAIRE","type":"ecole maternelle","district_region":null,"departement_commune":null,"verifie":true,"name":"MP KOUKOURANDOUMI_PRESCOLAIRE","source":"Géoportail ANSTAT"}},{"type":"Feature","geometry":{"type":"Point","coordinates":[-2.88674199999997,8.001726000000076]},"properties":{"id":104227,"nom":"MP MERE_PRESCOLAIRE","type":"ecole maternelle","district_region":null,"departement_commune":null,"verifie":true,"name":"MP MERE_PRESCOLAIRE","source":"Géoportail ANSTAT"}},{"type":"Feature","geometry":{"type":"Point","coordinates":[-3.859911999999952,6.89484600000003]},"properties":{"id":104228,"nom":"MP EROBO_PRESCOLAIRE","type":"ecole maternelle","district_region":null,"departement_commune":null,"verifie":true,"name":"MP EROBO_PRESCOLAIRE","source":"Géoportail ANSTAT"}},{"type":"Feature","geometry":{"type":"Point","coordinates":[-5.061314999999979,7.707833000000051]},"properties":{"id":104229,"nom":"MP DIEZOU 2D_PRESCOLAIRE","type":"ecole maternelle","district_region":null,"departement_commune":null,"verifie":true,"name":"MP DIEZOU 2D_PRESCOLAIRE","source":"Géoportail ANSTAT"}},{"type":"Feature","geometry":{"type":"Point","coordinates":[-2.996777999999949,9.272492000000057]},"properties":{"id":104230,"nom":"MP KOUEDOUO_PRESCOLAIRE","type":"ecole maternelle","district_region":null,"departement_commune":null,"verifie":true,"name":"MP KOUEDOUO_PRESCOLAIRE","source":"Géoportail ANSTAT"}},{"type":"Feature","geometry":{"type":"Point","coordinates":[-5.379999999999939,9.56000000000006]},"properties":{"id":104231,"nom":"MP KPONGOKAHA_PRESCOLAIRE","type":"ecole maternelle","district_region":null,"departement_commune":null,"verifie":true,"name":"MP KPONGOKAHA_PRESCOLAIRE","source":"Géoportail ANSTAT"}},{"type":"Feature","geometry":{"type":"Point","coordinates":[-4.881212999999946,7.401038000000028]},"properties":{"id":104232,"nom":"MP EPP 2 DE RAVIART_PRESCOLAIRE","type":"ecole maternelle","district_region":null,"departement_commune":null,"verifie":true,"name":"MP EPP 2 DE RAVIART_PRESCOLAIRE","source":"Géoportail ANSTAT"}},{"type":"Feature","geometry":{"type":"Point","coordinates":[-3.331497999999954,5.403056000000049]},"properties":{"id":104233,"nom":"MP DIATOKRO DE L EPP DIATOKRO_PRESCOLAIRE","type":"ecole maternelle","district_region":null,"departement_commune":null,"verifie":true,"name":"MP DIATOKRO DE L EPP DIATOKRO_PRESCOLAIRE","source":"Géoportail ANSTAT"}},{"type":"Feature","geometry":{"type":"Point","coordinates":[-3.245181999999943,5.988818000000038]},"properties":{"id":104234,"nom":"MP KETESSO 4_PRESCOLAIRE","type":"ecole maternelle","district_region":null,"departement_commune":null,"verifie":true,"name":"MP KETESSO 4_PRESCOLAIRE","source":"Géoportail ANSTAT"}},{"type":"Feature","geometry":{"type":"Point","coordinates":[-4.612695999999971,5.281546000000048]},"properties":{"id":104235,"nom":"MP NIGUI-NANOU_PRESCOLAIRE","type":"ecole maternelle","district_region":null,"departement_commune":null,"verifie":true,"name":"MP NIGUI-NANOU_PRESCOLAIRE","source":"Géoportail ANSTAT"}},{"type":"Feature","geometry":{"type":"Point","coordinates":[-5.640088999999932,9.351204000000052]},"properties":{"id":104236,"nom":"MP PROJET ECOLE INTEGRE DE TIORO_PRESCOLAIRE","type":"ecole maternelle","district_region":null,"departement_commune":null,"verifie":true,"name":"MP PROJET ECOLE INTEGRE DE TIORO_PRESCOLAIRE","source":"Géoportail ANSTAT"}},{"type":"Feature","geometry":{"type":"Point","coordinates":[-5.218219999999974,6.233810000000062]},"properties":{"id":104237,"nom":"MP ANGELIKA DE LELEBLE_PRESCOLAIRE","type":"ecole maternelle","district_region":null,"departement_commune":null,"verifie":true,"name":"MP ANGELIKA DE LELEBLE_PRESCOLAIRE","source":"Géoportail ANSTAT"}},{"type":"Feature","geometry":{"type":"Point","coordinates":[-3.294958999999949,6.199893000000031]},"properties":{"id":104238,"nom":"MP BOROBO 2_PRESCOLAIRE","type":"ecole maternelle","district_region":null,"departement_commune":null,"verifie":true,"name":"MP BOROBO 2_PRESCOLAIRE","source":"Géoportail ANSTAT"}},{"type":"Feature","geometry":{"type":"Point","coordinates":[-3.342246999999929,6.377431000000058]},"properties":{"id":104239,"nom":"MP NEHO-EBILASSOKRO_PRESCOLAIRE","type":"ecole maternelle","district_region":null,"departement_commune":null,"verifie":true,"name":"MP NEHO-EBILASSOKRO_PRESCOLAIRE","source":"Géoportail ANSTAT"}},{"type":"Feature","geometry":{"type":"Point","coordinates":[-3.96393999999998,5.313314000000048]},"properties":{"id":104240,"nom":"MC SAINTE MARIE DES PAUVRES ET DES PETITS_PRESCOLAIRE","type":"ecole maternelle","district_region":null,"departement_commune":null,"verifie":true,"name":"MC SAINTE MARIE DES PAUVRES ET DES PETITS_PRESCOLAIRE","source":"Géoportail ANSTAT"}},{"type":"Feature","geometry":{"type":"Point","coordinates":[-4.098507999999981,5.382120000000043]},"properties":{"id":104241,"nom":"EPV  KAKADJE_PRESCOLAIRE","type":"ecole maternelle","district_region":null,"departement_commune":null,"verifie":true,"name":"EPV  KAKADJE_PRESCOLAIRE","source":"Géoportail ANSTAT"}},{"type":"Feature","geometry":{"type":"Point","coordinates":[-4.06171999999998,6.097504000000072]},"properties":{"id":104242,"nom":"MP ATTOBROU_PRESCOLAIRE","type":"ecole maternelle","district_region":null,"departement_commune":null,"verifie":true,"name":"MP ATTOBROU_PRESCOLAIRE","source":"Géoportail ANSTAT"}},{"type":"Feature","geometry":{"type":"Point","coordinates":[-4.081965999999966,6.774047000000053]},"properties":{"id":104243,"nom":"MP AGBOSSOU_PRESCOLAIRE","type":"ecole maternelle","district_region":null,"departement_commune":null,"verifie":true,"name":"MP AGBOSSOU_PRESCOLAIRE","source":"Géoportail ANSTAT"}},{"type":"Feature","geometry":{"type":"Point","coordinates":[-4.081965999999966,6.774047000000053]},"properties":{"id":104244,"nom":"MP BROU-AKPAOUSSOU_PRESCOLAIRE","type":"ecole maternelle","district_region":null,"departement_commune":null,"verifie":true,"name":"MP BROU-AKPAOUSSOU_PRESCOLAIRE","source":"Géoportail ANSTAT"}},{"type":"Feature","geometry":{"type":"Point","coordinates":[-5.04956999999996,7.699550000000045]},"properties":{"id":104245,"nom":"MP DIEZOU RAIL 3_PRESCOLAIRE","type":"ecole maternelle","district_region":null,"departement_commune":null,"verifie":true,"name":"MP DIEZOU RAIL 3_PRESCOLAIRE","source":"Géoportail ANSTAT"}},{"type":"Feature","geometry":{"type":"Point","coordinates":[-6.251477999999963,9.142536000000064]},"properties":{"id":104246,"nom":"MP BAYA_PRESCOLAIRE","type":"ecole maternelle","district_region":null,"departement_commune":null,"verifie":true,"name":"MP BAYA_PRESCOLAIRE","source":"Géoportail ANSTAT"}},{"type":"Feature","geometry":{"type":"Point","coordinates":[-6.325263999999947,10.08277300000003]},"properties":{"id":104247,"nom":"MP WORA 2_PRESCOLAIRE","type":"ecole maternelle","district_region":null,"departement_commune":null,"verifie":true,"name":"MP WORA 2_PRESCOLAIRE","source":"Géoportail ANSTAT"}},{"type":"Feature","geometry":{"type":"Point","coordinates":[-5.678761999999949,6.113427000000058]},"properties":{"id":104248,"nom":"MP EPP DOUSEBA 2_PRESCOLAIRE","type":"ecole maternelle","district_region":null,"departement_commune":null,"verifie":true,"name":"MP EPP DOUSEBA 2_PRESCOLAIRE","source":"Géoportail ANSTAT"}},{"type":"Feature","geometry":{"type":"Point","coordinates":[-5.584772999999927,6.016454000000067]},"properties":{"id":104249,"nom":"MP POURGO_PRESCOLAIRE","type":"ecole maternelle","district_region":null,"departement_commune":null,"verifie":true,"name":"MP POURGO_PRESCOLAIRE","source":"Géoportail ANSTAT"}},{"type":"Feature","geometry":{"type":"Point","coordinates":[-5.348832999999956,6.114386000000025]},"properties":{"id":104250,"nom":"MP DALIGUEPA 2_PRESCOLAIRE","type":"ecole maternelle","district_region":null,"departement_commune":null,"verifie":true,"name":"MP DALIGUEPA 2_PRESCOLAIRE","source":"Géoportail ANSTAT"}},{"type":"Feature","geometry":{"type":"Point","coordinates":[-5.570551999999964,9.401022000000069]},"properties":{"id":104251,"nom":"MP NAHOUOKAHA 2_PRESCOLAIRE","type":"ecole maternelle","district_region":null,"departement_commune":null,"verifie":true,"name":"MP NAHOUOKAHA 2_PRESCOLAIRE","source":"Géoportail ANSTAT"}},{"type":"Feature","geometry":{"type":"Point","coordinates":[-5.600705999999946,9.484915000000058]},"properties":{"id":104252,"nom":"MV LES BOUTS DE CHOUX SIRATEC_PRESCOLAIRE","type":"ecole maternelle","district_region":null,"departement_commune":null,"verifie":true,"name":"MV LES BOUTS DE CHOUX SIRATEC_PRESCOLAIRE","source":"Géoportail ANSTAT"}},{"type":"Feature","geometry":{"type":"Point","coordinates":[-7.805749999999932,7.364553000000058]},"properties":{"id":104253,"nom":"MELAGOUINE-KASSIAPLEU_PRESCOLAIRE","type":"ecole maternelle","district_region":null,"departement_commune":null,"verifie":true,"name":"MELAGOUINE-KASSIAPLEU_PRESCOLAIRE","source":"Géoportail ANSTAT"}},{"type":"Feature","geometry":{"type":"Point","coordinates":[-4.900040999999931,7.131846000000053]},"properties":{"id":104254,"nom":"MP CHATEAU 3_PRESCOLAIRE","type":"ecole maternelle","district_region":null,"departement_commune":null,"verifie":true,"name":"MP CHATEAU 3_PRESCOLAIRE","source":"Géoportail ANSTAT"}},{"type":"Feature","geometry":{"type":"Point","coordinates":[-5.233606999999949,6.885102000000074]},"properties":{"id":104255,"nom":"MP DJAHAKRO_PRESCOLAIRE","type":"ecole maternelle","district_region":null,"departement_commune":null,"verifie":true,"name":"MP DJAHAKRO_PRESCOLAIRE","source":"Géoportail ANSTAT"}},{"type":"Feature","geometry":{"type":"Point","coordinates":[-5.646281999999928,6.190901000000054]},"properties":{"id":104256,"nom":"MP BADIE_PRESCOLAIRE","type":"ecole maternelle","district_region":null,"departement_commune":null,"verifie":true,"name":"MP BADIE_PRESCOLAIRE","source":"Géoportail ANSTAT"}},{"type":"Feature","geometry":{"type":"Point","coordinates":[-5.419999999999959,9.54000000000002]},"properties":{"id":104257,"nom":"MP OUOLLO_PRESCOLAIRE","type":"ecole maternelle","district_region":null,"departement_commune":null,"verifie":true,"name":"MP OUOLLO_PRESCOLAIRE","source":"Géoportail ANSTAT"}},{"type":"Feature","geometry":{"type":"Point","coordinates":[-6.464972999999929,5.061272000000031]},"properties":{"id":104258,"nom":"MP BOIGNYKRO_PRESCOLAIRE","type":"ecole maternelle","district_region":null,"departement_commune":null,"verifie":true,"name":"MP BOIGNYKRO_PRESCOLAIRE","source":"Géoportail ANSTAT"}},{"type":"Feature","geometry":{"type":"Point","coordinates":[-6.478877999999952,5.784865000000025]},"properties":{"id":104259,"nom":"MV AL- ZAHRA_PRESCOLAIRE","type":"ecole maternelle","district_region":null,"departement_commune":null,"verifie":true,"name":"MV AL- ZAHRA_PRESCOLAIRE","source":"Géoportail ANSTAT"}},{"type":"Feature","geometry":{"type":"Point","coordinates":[-4.009729999999934,5.444745000000069]},"properties":{"id":104260,"nom":"MC MAKAZ AICHA_PRESCOLAIRE","type":"ecole maternelle","district_region":null,"departement_commune":null,"verifie":true,"name":"MC MAKAZ AICHA_PRESCOLAIRE","source":"Géoportail ANSTAT"}},{"type":"Feature","geometry":{"type":"Point","coordinates":[-3.207287999999949,6.114145000000065]},"properties":{"id":104261,"nom":"MP SONGAN 3_PRESCOLAIRE","type":"ecole maternelle","district_region":null,"departement_commune":null,"verifie":true,"name":"MP SONGAN 3_PRESCOLAIRE","source":"Géoportail ANSTAT"}},{"type":"Feature","geometry":{"type":"Point","coordinates":[-4.084392999999977,6.90526200000005]},"properties":{"id":104262,"nom":"MP AFFERE 2_PRESCOLAIRE","type":"ecole maternelle","district_region":null,"departement_commune":null,"verifie":true,"name":"MP AFFERE 2_PRESCOLAIRE","source":"Géoportail ANSTAT"}},{"type":"Feature","geometry":{"type":"Point","coordinates":[-3.971419999999966,6.662825000000055]},"properties":{"id":104263,"nom":"MP MUNICIPALITE 2_PRESCOLAIRE","type":"ecole maternelle","district_region":null,"departement_commune":null,"verifie":true,"name":"MP MUNICIPALITE 2_PRESCOLAIRE","source":"Géoportail ANSTAT"}},{"type":"Feature","geometry":{"type":"Point","coordinates":[-6.755122999999969,10.03666500000003]},"properties":{"id":104264,"nom":"MP KELEGBALA_PRESCOLAIRE","type":"ecole maternelle","district_region":null,"departement_commune":null,"verifie":true,"name":"MP KELEGBALA_PRESCOLAIRE","source":"Géoportail ANSTAT"}},{"type":"Feature","geometry":{"type":"Point","coordinates":[-5.248729999999966,5.895410000000027]},"properties":{"id":104265,"nom":"MP KOUASSILILIE_PRESCOLAIRE","type":"ecole maternelle","district_region":null,"departement_commune":null,"verifie":true,"name":"MP KOUASSILILIE_PRESCOLAIRE","source":"Géoportail ANSTAT"}},{"type":"Feature","geometry":{"type":"Point","coordinates":[-6.120699999999943,9.104700000000037]},"properties":{"id":104266,"nom":"MP KANOROBA 2_PRESCOLAIRE","type":"ecole maternelle","district_region":null,"departement_commune":null,"verifie":true,"name":"MP KANOROBA 2_PRESCOLAIRE","source":"Géoportail ANSTAT"}},{"type":"Feature","geometry":{"type":"Point","coordinates":[-5.539279999999962,9.472120000000077]},"properties":{"id":104267,"nom":"MP OLEOKAHA_PRESCOLAIRE","type":"ecole maternelle","district_region":null,"departement_commune":null,"verifie":true,"name":"MP OLEOKAHA_PRESCOLAIRE","source":"Géoportail ANSTAT"}},{"type":"Feature","geometry":{"type":"Point","coordinates":[-7.532999999999959,10.05000000000007]},"properties":{"id":104268,"nom":"MP DE SANANFEREDOUGOU_PRESCOLAIRE","type":"ecole maternelle","district_region":null,"departement_commune":null,"verifie":true,"name":"MP DE SANANFEREDOUGOU_PRESCOLAIRE","source":"Géoportail ANSTAT"}},{"type":"Feature","geometry":{"type":"Point","coordinates":[-6.673861999999929,4.768794000000071]},"properties":{"id":104269,"nom":"MC SAINT PIERRE_PRESCOLAIRE","type":"ecole maternelle","district_region":null,"departement_commune":null,"verifie":true,"name":"MC SAINT PIERRE_PRESCOLAIRE","source":"Géoportail ANSTAT"}},{"type":"Feature","geometry":{"type":"Point","coordinates":[-3.144972999999936,5.79084000000006]},"properties":{"id":104270,"nom":"MP 5 DE YAOU_PRESCOLAIRE","type":"ecole maternelle","district_region":null,"departement_commune":null,"verifie":true,"name":"MP 5 DE YAOU_PRESCOLAIRE","source":"Géoportail ANSTAT"}},{"type":"Feature","geometry":{"type":"Point","coordinates":[-3.086931999999933,8.074800000000039]},"properties":{"id":104271,"nom":"MP AMOITINI_PRESCOLAIRE","type":"ecole maternelle","district_region":null,"departement_commune":null,"verifie":true,"name":"MP AMOITINI_PRESCOLAIRE","source":"Géoportail ANSTAT"}},{"type":"Feature","geometry":{"type":"Point","coordinates":[-6.291941999999949,9.653648000000032]},"properties":{"id":104272,"nom":"MP SOGO_PRESCOLAIRE","type":"ecole maternelle","district_region":null,"departement_commune":null,"verifie":true,"name":"MP SOGO_PRESCOLAIRE","source":"Géoportail ANSTAT"}},{"type":"Feature","geometry":{"type":"Point","coordinates":[-4.169136999999978,7.198222000000044]},"properties":{"id":104273,"nom":"MP BROUKOFFIKRO_PRESCOLAIRE","type":"ecole maternelle","district_region":null,"departement_commune":null,"verifie":true,"name":"MP BROUKOFFIKRO_PRESCOLAIRE","source":"Géoportail ANSTAT"}},{"type":"Feature","geometry":{"type":"Point","coordinates":[-5.462249999999926,9.02474200000006]},"properties":{"id":104274,"nom":"MP BEMAVOGO_PRESCOLAIRE","type":"ecole maternelle","district_region":null,"departement_commune":null,"verifie":true,"name":"MP BEMAVOGO_PRESCOLAIRE","source":"Géoportail ANSTAT"}},{"type":"Feature","geometry":{"type":"Point","coordinates":[-6.655169999999941,4.740260000000035]},"properties":{"id":104275,"nom":"MP SONOUKO JERUSALEM_PRESCOLAIRE","type":"ecole maternelle","district_region":null,"departement_commune":null,"verifie":true,"name":"MP SONOUKO JERUSALEM_PRESCOLAIRE","source":"Géoportail ANSTAT"}},{"type":"Feature","geometry":{"type":"Point","coordinates":[-5.585181999999975,6.238701000000049]},"properties":{"id":104276,"nom":"MP BOMENEDA_PRESCOLAIRE","type":"ecole maternelle","district_region":null,"departement_commune":null,"verifie":true,"name":"MP BOMENEDA_PRESCOLAIRE","source":"Géoportail ANSTAT"}},{"type":"Feature","geometry":{"type":"Point","coordinates":[-3.167299999999955,8.60884500000003]},"properties":{"id":104277,"nom":"MP GOUMERE_PRESCOLAIRE","type":"ecole maternelle","district_region":null,"departement_commune":null,"verifie":true,"name":"MP GOUMERE_PRESCOLAIRE","source":"Géoportail ANSTAT"}},{"type":"Feature","geometry":{"type":"Point","coordinates":[-3.739847999999938,6.823358000000042]},"properties":{"id":104278,"nom":"MP SATIKRAN 3_PRESCOLAIRE","type":"ecole maternelle","district_region":null,"departement_commune":null,"verifie":true,"name":"MP SATIKRAN 3_PRESCOLAIRE","source":"Géoportail ANSTAT"}},{"type":"Feature","geometry":{"type":"Point","coordinates":[-4.048999999999978,5.499000000000024]},"properties":{"id":104279,"nom":"MC SABIL FALLAH AL MOHAMADIYA_PRESCOLAIRE","type":"ecole maternelle","district_region":null,"departement_commune":null,"verifie":true,"name":"MC SABIL FALLAH AL MOHAMADIYA_PRESCOLAIRE","source":"Géoportail ANSTAT"}},{"type":"Feature","geometry":{"type":"Point","coordinates":[-4.285057999999935,6.765405000000044]},"properties":{"id":104280,"nom":"MP EPP ASSIE-KOUMASSI 4_PRESCOLAIRE","type":"ecole maternelle","district_region":null,"departement_commune":null,"verifie":true,"name":"MP EPP ASSIE-KOUMASSI 4_PRESCOLAIRE","source":"Géoportail ANSTAT"}},{"type":"Feature","geometry":{"type":"Point","coordinates":[-6.292752999999948,9.780093000000022]},"properties":{"id":104281,"nom":"MP LANDIOUGOU_PRESCOLAIRE","type":"ecole maternelle","district_region":null,"departement_commune":null,"verifie":true,"name":"MP LANDIOUGOU_PRESCOLAIRE","source":"Géoportail ANSTAT"}},{"type":"Feature","geometry":{"type":"Point","coordinates":[-4.09682799999996,5.341247000000067]},"properties":{"id":104282,"nom":"MV RODIN_PRESCOLAIRE","type":"ecole maternelle","district_region":null,"departement_commune":null,"verifie":true,"name":"MV RODIN_PRESCOLAIRE","source":"Géoportail ANSTAT"}},{"type":"Feature","geometry":{"type":"Point","coordinates":[-3.970719999999972,5.299776000000065]},"properties":{"id":104283,"nom":"MV LA ROCHELLE_PRESCOLAIRE","type":"ecole maternelle","district_region":null,"departement_commune":null,"verifie":true,"name":"MV LA ROCHELLE_PRESCOLAIRE","source":"Géoportail ANSTAT"}},{"type":"Feature","geometry":{"type":"Point","coordinates":[-5.277347999999961,6.825660000000028]},"properties":{"id":104284,"nom":"MC SAINTE FAMILLE_PRESCOLAIRE","type":"ecole maternelle","district_region":null,"departement_commune":null,"verifie":true,"name":"MC SAINTE FAMILLE_PRESCOLAIRE","source":"Géoportail ANSTAT"}},{"type":"Feature","geometry":{"type":"Point","coordinates":[-4.09877199999994,5.348381000000074]},"properties":{"id":104285,"nom":"MP LIBANAISE A1_PRESCOLAIRE","type":"ecole maternelle","district_region":null,"departement_commune":null,"verifie":true,"name":"MP LIBANAISE A1_PRESCOLAIRE","source":"Géoportail ANSTAT"}},{"type":"Feature","geometry":{"type":"Point","coordinates":[-3.96193999999997,5.301269000000048]},"properties":{"id":104286,"nom":"MV ENTENTE_PRESCOLAIRE","type":"ecole maternelle","district_region":null,"departement_commune":null,"verifie":true,"name":"MV ENTENTE_PRESCOLAIRE","source":"Géoportail ANSTAT"}},{"type":"Feature","geometry":{"type":"Point","coordinates":[-3.899999999999977,5.240000000000066]},"properties":{"id":104287,"nom":"MP GONZAGUEVILLE_PRESCOLAIRE","type":"ecole maternelle","district_region":null,"departement_commune":null,"verifie":true,"name":"MP GONZAGUEVILLE_PRESCOLAIRE","source":"Géoportail ANSTAT"}},{"type":"Feature","geometry":{"type":"Point","coordinates":[-4.101016999999956,5.340925000000027]},"properties":{"id":104288,"nom":"MV WOBIN_PRESCOLAIRE","type":"ecole maternelle","district_region":null,"departement_commune":null,"verifie":true,"name":"MV WOBIN_PRESCOLAIRE","source":"Géoportail ANSTAT"}},{"type":"Feature","geometry":{"type":"Point","coordinates":[-3.597175999999934,5.272406000000046]},"properties":{"id":104289,"nom":"MP AKPA GNAGNE_PRESCOLAIRE","type":"ecole maternelle","district_region":null,"departement_commune":null,"verifie":true,"name":"MP AKPA GNAGNE_PRESCOLAIRE","source":"Géoportail ANSTAT"}},{"type":"Feature","geometry":{"type":"Point","coordinates":[-3.571876999999972,5.223875000000021]},"properties":{"id":104290,"nom":"MV NOTRE DAME DE LA PAIX_PRESCOLAIRE","type":"ecole maternelle","district_region":null,"departement_commune":null,"verifie":true,"name":"MV NOTRE DAME DE LA PAIX_PRESCOLAIRE","source":"Géoportail ANSTAT"}},{"type":"Feature","geometry":{"type":"Point","coordinates":[-3.88999999999993,5.240000000000066]},"properties":{"id":104291,"nom":"MP MUNICIPALITE B_PRESCOLAIRE","type":"ecole maternelle","district_region":null,"departement_commune":null,"verifie":true,"name":"MP MUNICIPALITE B_PRESCOLAIRE","source":"Géoportail ANSTAT"}},{"type":"Feature","geometry":{"type":"Point","coordinates":[-3.986599999999953,5.433500000000038]},"properties":{"id":104292,"nom":"MV LES MARTINETS_PRESCOLAIRE","type":"ecole maternelle","district_region":null,"departement_commune":null,"verifie":true,"name":"MV LES MARTINETS_PRESCOLAIRE","source":"Géoportail ANSTAT"}},{"type":"Feature","geometry":{"type":"Point","coordinates":[-3.943689999999947,5.500070000000051]},"properties":{"id":104293,"nom":"MP AHOUE_PRESCOLAIRE","type":"ecole maternelle","district_region":null,"departement_commune":null,"verifie":true,"name":"MP AHOUE_PRESCOLAIRE","source":"Géoportail ANSTAT"}},{"type":"Feature","geometry":{"type":"Point","coordinates":[-4.102286999999933,5.336345000000051]},"properties":{"id":104294,"nom":"MV ANADOR_PRESCOLAIRE","type":"ecole maternelle","district_region":null,"departement_commune":null,"verifie":true,"name":"MV ANADOR_PRESCOLAIRE","source":"Géoportail ANSTAT"}},{"type":"Feature","geometry":{"type":"Point","coordinates":[-4.465999999999951,5.351100000000031]},"properties":{"id":104295,"nom":"MP GFCI A_PRESCOLAIRE","type":"ecole maternelle","district_region":null,"departement_commune":null,"verifie":true,"name":"MP GFCI A_PRESCOLAIRE","source":"Géoportail ANSTAT"}},{"type":"Feature","geometry":{"type":"Point","coordinates":[-3.979446999999936,5.299600000000055]},"properties":{"id":104296,"nom":"MV LES MINIMES_PRESCOLAIRE","type":"ecole maternelle","district_region":null,"departement_commune":null,"verifie":true,"name":"MV LES MINIMES_PRESCOLAIRE","source":"Géoportail ANSTAT"}},{"type":"Feature","geometry":{"type":"Point","coordinates":[-4.023999999999944,5.444000000000074]},"properties":{"id":104297,"nom":"EPV L INNOVATEUR_PRESCOLAIRE","type":"ecole maternelle","district_region":null,"departement_commune":null,"verifie":true,"name":"EPV L INNOVATEUR_PRESCOLAIRE","source":"Géoportail ANSTAT"}},{"type":"Feature","geometry":{"type":"Point","coordinates":[-4.110631999999953,5.319810000000075]},"properties":{"id":104298,"nom":"MV ANTOINE DE SAINT EXUPERY_PRESCOLAIRE","type":"ecole maternelle","district_region":null,"departement_commune":null,"verifie":true,"name":"MV ANTOINE DE SAINT EXUPERY_PRESCOLAIRE","source":"Géoportail ANSTAT"}},{"type":"Feature","geometry":{"type":"Point","coordinates":[-3.970141999999953,5.296928000000037]},"properties":{"id":104299,"nom":"MV LES MIRABELLES_PRESCOLAIRE","type":"ecole maternelle","district_region":null,"departement_commune":null,"verifie":true,"name":"MV LES MIRABELLES_PRESCOLAIRE","source":"Géoportail ANSTAT"}},{"type":"Feature","geometry":{"type":"Point","coordinates":[-5.024854999999945,7.716400000000021]},"properties":{"id":104300,"nom":"MC CHEICK OUMAR_PRESCOLAIRE","type":"ecole maternelle","district_region":null,"departement_commune":null,"verifie":true,"name":"MC CHEICK OUMAR_PRESCOLAIRE","source":"Géoportail ANSTAT"}},{"type":"Feature","geometry":{"type":"Point","coordinates":[-5.617591999999945,9.443336000000045]},"properties":{"id":104301,"nom":"MP LES LUTINS DE KORHOGO EST_PRESCOLAIRE","type":"ecole maternelle","district_region":null,"departement_commune":null,"verifie":true,"name":"MP LES LUTINS DE KORHOGO EST_PRESCOLAIRE","source":"Géoportail ANSTAT"}},{"type":"Feature","geometry":{"type":"Point","coordinates":[-3.030633999999964,5.412382000000036]},"properties":{"id":104302,"nom":"MP MAFERE MUNICIPAL_PRESCOLAIRE","type":"ecole maternelle","district_region":null,"departement_commune":null,"verifie":true,"name":"MP MAFERE MUNICIPAL_PRESCOLAIRE","source":"Géoportail ANSTAT"}},{"type":"Feature","geometry":{"type":"Point","coordinates":[-3.89749999999998,5.365879000000064]},"properties":{"id":104303,"nom":"MP AKOUAI SANTAI_PRESCOLAIRE","type":"ecole maternelle","district_region":null,"departement_commune":null,"verifie":true,"name":"MP AKOUAI SANTAI_PRESCOLAIRE","source":"Géoportail ANSTAT"}},{"type":"Feature","geometry":{"type":"Point","coordinates":[-3.946756999999934,5.302670000000035]},"properties":{"id":104304,"nom":"MV LA SOURCE_PRESCOLAIRE","type":"ecole maternelle","district_region":null,"departement_commune":null,"verifie":true,"name":"MV LA SOURCE_PRESCOLAIRE","source":"Géoportail ANSTAT"}},{"type":"Feature","geometry":{"type":"Point","coordinates":[-3.599269999999933,5.276605000000075]},"properties":{"id":104305,"nom":"MC CATHOLIQUE SAINT LAURENT BONOUA_PRESCOLAIRE","type":"ecole maternelle","district_region":null,"departement_commune":null,"verifie":true,"name":"MC CATHOLIQUE SAINT LAURENT BONOUA_PRESCOLAIRE","source":"Géoportail ANSTAT"}},{"type":"Feature","geometry":{"type":"Point","coordinates":[-4.087411999999972,5.314351000000045]},"properties":{"id":104306,"nom":"MP NIANGON SUD SOGEFIHA LAGUNE_PRESCOLAIRE","type":"ecole maternelle","district_region":null,"departement_commune":null,"verifie":true,"name":"MP NIANGON SUD SOGEFIHA LAGUNE_PRESCOLAIRE","source":"Géoportail ANSTAT"}},{"type":"Feature","geometry":{"type":"Point","coordinates":[-3.98776799999996,5.304959000000053]},"properties":{"id":104307,"nom":"MP TSF_PRESCOLAIRE","type":"ecole maternelle","district_region":null,"departement_commune":null,"verifie":true,"name":"MP TSF_PRESCOLAIRE","source":"Géoportail ANSTAT"}},{"type":"Feature","geometry":{"type":"Point","coordinates":[-4.101312999999948,5.355578000000037]},"properties":{"id":104308,"nom":"MV LKM_PRESCOLAIRE","type":"ecole maternelle","district_region":null,"departement_commune":null,"verifie":true,"name":"MV LKM_PRESCOLAIRE","source":"Géoportail ANSTAT"}},{"type":"Feature","geometry":{"type":"Point","coordinates":[-4.018951999999956,5.410089000000028]},"properties":{"id":104309,"nom":"MV L INNOVATEUR 3_PRESCOLAIRE","type":"ecole maternelle","district_region":null,"departement_commune":null,"verifie":true,"name":"MV L INNOVATEUR 3_PRESCOLAIRE","source":"Géoportail ANSTAT"}},{"type":"Feature","geometry":{"type":"Point","coordinates":[-3.989412999999956,5.416279000000031]},"properties":{"id":104310,"nom":"MV LES FLORIANES_PRESCOLAIRE","type":"ecole maternelle","district_region":null,"departement_commune":null,"verifie":true,"name":"MV LES FLORIANES_PRESCOLAIRE","source":"Géoportail ANSTAT"}},{"type":"Feature","geometry":{"type":"Point","coordinates":[-4.104979999999955,5.334940000000074]},"properties":{"id":104311,"nom":"MV ARTHUR VERDIER_PRESCOLAIRE","type":"ecole maternelle","district_region":null,"departement_commune":null,"verifie":true,"name":"MV ARTHUR VERDIER_PRESCOLAIRE","source":"Géoportail ANSTAT"}},{"type":"Feature","geometry":{"type":"Point","coordinates":[-3.975879999999961,5.392720000000054]},"properties":{"id":104312,"nom":"MV GROUPE FRED ET POPPEE_PRESCOLAIRE","type":"ecole maternelle","district_region":null,"departement_commune":null,"verifie":true,"name":"MV GROUPE FRED ET POPPEE_PRESCOLAIRE","source":"Géoportail ANSTAT"}},{"type":"Feature","geometry":{"type":"Point","coordinates":[-4.09877199999994,5.348381000000074]},"properties":{"id":104313,"nom":"MP LIBANAISE B1_PRESCOLAIRE","type":"ecole maternelle","district_region":null,"departement_commune":null,"verifie":true,"name":"MP LIBANAISE B1_PRESCOLAIRE","source":"Géoportail ANSTAT"}},{"type":"Feature","geometry":{"type":"Point","coordinates":[-2.973999999999933,5.298965000000067]},"properties":{"id":104314,"nom":"MP MOPOHOU VICTOR_PRESCOLAIRE","type":"ecole maternelle","district_region":null,"departement_commune":null,"verifie":true,"name":"MP MOPOHOU VICTOR_PRESCOLAIRE","source":"Géoportail ANSTAT"}},{"type":"Feature","geometry":{"type":"Point","coordinates":[-4.057062999999971,5.638877000000036]},"properties":{"id":104315,"nom":"MP AZAGUIE AHOUA_PRESCOLAIRE","type":"ecole maternelle","district_region":null,"departement_commune":null,"verifie":true,"name":"MP AZAGUIE AHOUA_PRESCOLAIRE","source":"Géoportail ANSTAT"}},{"type":"Feature","geometry":{"type":"Point","coordinates":[-3.885469999999941,5.358959000000027]},"properties":{"id":104316,"nom":"MP MUNICIPALITE_PRESCOLAIRE","type":"ecole maternelle","district_region":null,"departement_commune":null,"verifie":true,"name":"MP MUNICIPALITE_PRESCOLAIRE","source":"Géoportail ANSTAT"}},{"type":"Feature","geometry":{"type":"Point","coordinates":[-3.885786999999937,5.358938000000023]},"properties":{"id":104317,"nom":"MP APLICATION_PRESCOLAIRE","type":"ecole maternelle","district_region":null,"departement_commune":null,"verifie":true,"name":"MP APLICATION_PRESCOLAIRE","source":"Géoportail ANSTAT"}},{"type":"Feature","geometry":{"type":"Point","coordinates":[-3.594845999999961,5.283380000000022]},"properties":{"id":104318,"nom":"MP BONOUA 2_PRESCOLAIRE","type":"ecole maternelle","district_region":null,"departement_commune":null,"verifie":true,"name":"MP BONOUA 2_PRESCOLAIRE","source":"Géoportail ANSTAT"}},{"type":"Feature","geometry":{"type":"Point","coordinates":[-3.88999999999993,5.240000000000066]},"properties":{"id":104319,"nom":"MP MUNICIPALITE A_PRESCOLAIRE","type":"ecole maternelle","district_region":null,"departement_commune":null,"verifie":true,"name":"MP MUNICIPALITE A_PRESCOLAIRE","source":"Géoportail ANSTAT"}},{"type":"Feature","geometry":{"type":"Point","coordinates":[-5.570619999999963,9.46522600000003]},"properties":{"id":104320,"nom":"MP LES HIRONDELLES DE KLOKAKAHA_PRESCOLAIRE","type":"ecole maternelle","district_region":null,"departement_commune":null,"verifie":true,"name":"MP LES HIRONDELLES DE KLOKAKAHA_PRESCOLAIRE","source":"Géoportail ANSTAT"}},{"type":"Feature","geometry":{"type":"Point","coordinates":[-3.980101999999931,5.396752000000049]},"properties":{"id":104321,"nom":"MV MARIE IMMACULEE_PRESCOLAIRE","type":"ecole maternelle","district_region":null,"departement_commune":null,"verifie":true,"name":"MV MARIE IMMACULEE_PRESCOLAIRE","source":"Géoportail ANSTAT"}},{"type":"Feature","geometry":{"type":"Point","coordinates":[-4.033458999999937,5.347583000000043]},"properties":{"id":104322,"nom":"MP DJE LOUKOU_PRESCOLAIRE","type":"ecole maternelle","district_region":null,"departement_commune":null,"verifie":true,"name":"MP DJE LOUKOU_PRESCOLAIRE","source":"Géoportail ANSTAT"}},{"type":"Feature","geometry":{"type":"Point","coordinates":[-3.259999999999934,5.259000000000071]},"properties":{"id":104323,"nom":"MV PIERRE ET MARIE CURIE_PRESCOLAIRE","type":"ecole maternelle","district_region":null,"departement_commune":null,"verifie":true,"name":"MV PIERRE ET MARIE CURIE_PRESCOLAIRE","source":"Géoportail ANSTAT"}},{"type":"Feature","geometry":{"type":"Point","coordinates":[-4.010862999999972,5.402523000000031]},"properties":{"id":104324,"nom":"MV SAINT MICHEL_PRESCOLAIRE","type":"ecole maternelle","district_region":null,"departement_commune":null,"verifie":true,"name":"MV SAINT MICHEL_PRESCOLAIRE","source":"Géoportail ANSTAT"}},{"type":"Feature","geometry":{"type":"Point","coordinates":[-3.88720399999994,5.355076000000054]},"properties":{"id":104325,"nom":"MP SICOGI 2_PRESCOLAIRE","type":"ecole maternelle","district_region":null,"departement_commune":null,"verifie":true,"name":"MP SICOGI 2_PRESCOLAIRE","source":"Géoportail ANSTAT"}},{"type":"Feature","geometry":{"type":"Point","coordinates":[-4.089502999999979,5.347357000000045]},"properties":{"id":104326,"nom":"MP PORT BOUET PLATEAU 1_PRESCOLAIRE","type":"ecole maternelle","district_region":null,"departement_commune":null,"verifie":true,"name":"MP PORT BOUET PLATEAU 1_PRESCOLAIRE","source":"Géoportail ANSTAT"}},{"type":"Feature","geometry":{"type":"Point","coordinates":[-3.501912999999945,6.728657000000055]},"properties":{"id":104327,"nom":"MP CHATEAU D EAU_PRESCOLAIRE","type":"ecole maternelle","district_region":null,"departement_commune":null,"verifie":true,"name":"MP CHATEAU D EAU_PRESCOLAIRE","source":"Géoportail ANSTAT"}},{"type":"Feature","geometry":{"type":"Point","coordinates":[-5.623612999999978,9.456485000000043]},"properties":{"id":104328,"nom":"MP LES ANGES DU SOBA 1_PRESCOLAIRE","type":"ecole maternelle","district_region":null,"departement_commune":null,"verifie":true,"name":"MP LES ANGES DU SOBA 1_PRESCOLAIRE","source":"Géoportail ANSTAT"}},{"type":"Feature","geometry":{"type":"Point","coordinates":[-4.072187999999926,5.345282000000054]},"properties":{"id":104329,"nom":"MP BIEGOUSSI_PRESCOLAIRE","type":"ecole maternelle","district_region":null,"departement_commune":null,"verifie":true,"name":"MP BIEGOUSSI_PRESCOLAIRE","source":"Géoportail ANSTAT"}},{"type":"Feature","geometry":{"type":"Point","coordinates":[-3.95257399999997,5.298277000000041]},"properties":{"id":104330,"nom":"MP LAGUNE_PRESCOLAIRE","type":"ecole maternelle","district_region":null,"departement_commune":null,"verifie":true,"name":"MP LAGUNE_PRESCOLAIRE","source":"Géoportail ANSTAT"}},{"type":"Feature","geometry":{"type":"Point","coordinates":[-3.945268999999939,5.281900000000064]},"properties":{"id":104331,"nom":"MV BAOBAB_PRESCOLAIRE","type":"ecole maternelle","district_region":null,"departement_commune":null,"verifie":true,"name":"MV BAOBAB_PRESCOLAIRE","source":"Géoportail ANSTAT"}},{"type":"Feature","geometry":{"type":"Point","coordinates":[-5.044369999999958,7.68099200000006]},"properties":{"id":104332,"nom":"MV SAINT-VIATEUR_PRESCOLAIRE","type":"ecole maternelle","district_region":null,"departement_commune":null,"verifie":true,"name":"MV SAINT-VIATEUR_PRESCOLAIRE","source":"Géoportail ANSTAT"}},{"type":"Feature","geometry":{"type":"Point","coordinates":[-4.105064999999968,5.320292000000052]},"properties":{"id":104333,"nom":"MP CAISTAB_PRESCOLAIRE","type":"ecole maternelle","district_region":null,"departement_commune":null,"verifie":true,"name":"MP CAISTAB_PRESCOLAIRE","source":"Géoportail ANSTAT"}},{"type":"Feature","geometry":{"type":"Point","coordinates":[-7.083184999999958,4.679760000000044]},"properties":{"id":104334,"nom":"MP TIEPE-SOGB_PRESCOLAIRE","type":"ecole maternelle","district_region":null,"departement_commune":null,"verifie":true,"name":"MP TIEPE-SOGB_PRESCOLAIRE","source":"Géoportail ANSTAT"}},{"type":"Feature","geometry":{"type":"Point","coordinates":[-3.95350899999994,5.326163000000065]},"properties":{"id":104335,"nom":"MP M POUTO_PRESCOLAIRE","type":"ecole maternelle","district_region":null,"departement_commune":null,"verifie":true,"name":"MP M POUTO_PRESCOLAIRE","source":"Géoportail ANSTAT"}},{"type":"Feature","geometry":{"type":"Point","coordinates":[-4.070986999999946,5.355713000000037]},"properties":{"id":104336,"nom":"MP GARE SUD_PRESCOLAIRE","type":"ecole maternelle","district_region":null,"departement_commune":null,"verifie":true,"name":"MP GARE SUD_PRESCOLAIRE","source":"Géoportail ANSTAT"}},{"type":"Feature","geometry":{"type":"Point","coordinates":[-3.947243999999955,5.306019000000049]},"properties":{"id":104337,"nom":"MP SOPIM_PRESCOLAIRE","type":"ecole maternelle","district_region":null,"departement_commune":null,"verifie":true,"name":"MP SOPIM_PRESCOLAIRE","source":"Géoportail ANSTAT"}},{"type":"Feature","geometry":{"type":"Point","coordinates":[-3.270235999999954,6.653504000000055]},"properties":{"id":104338,"nom":"MP KACOU JEROME_PRESCOLAIRE","type":"ecole maternelle","district_region":null,"departement_commune":null,"verifie":true,"name":"MP KACOU JEROME_PRESCOLAIRE","source":"Géoportail ANSTAT"}},{"type":"Feature","geometry":{"type":"Point","coordinates":[-4.07939099999993,5.321228000000076]},"properties":{"id":104339,"nom":"MP SICOGI 12_PRESCOLAIRE","type":"ecole maternelle","district_region":null,"departement_commune":null,"verifie":true,"name":"MP SICOGI 12_PRESCOLAIRE","source":"Géoportail ANSTAT"}},{"type":"Feature","geometry":{"type":"Point","coordinates":[-4.071966999999972,5.337196000000063]},"properties":{"id":104340,"nom":"MP SICOGI 7_PRESCOLAIRE","type":"ecole maternelle","district_region":null,"departement_commune":null,"verifie":true,"name":"MP SICOGI 7_PRESCOLAIRE","source":"Géoportail ANSTAT"}},{"type":"Feature","geometry":{"type":"Point","coordinates":[-8.10848199999998,6.587551000000076]},"properties":{"id":104341,"nom":"MP DOKE_PRESCOLAIRE","type":"ecole maternelle","district_region":null,"departement_commune":null,"verifie":true,"name":"MP DOKE_PRESCOLAIRE","source":"Géoportail ANSTAT"}},{"type":"Feature","geometry":{"type":"Point","coordinates":[-5.008099999999956,6.556060000000059]},"properties":{"id":104342,"nom":"MP DOMINIQUE OUATTARA_PRESCOLAIRE","type":"ecole maternelle","district_region":null,"departement_commune":null,"verifie":true,"name":"MP DOMINIQUE OUATTARA_PRESCOLAIRE","source":"Géoportail ANSTAT"}},{"type":"Feature","geometry":{"type":"Point","coordinates":[-4.988451999999938,5.534271000000047]},"properties":{"id":104343,"nom":"MP HABITAT_PRESCOLAIRE","type":"ecole maternelle","district_region":null,"departement_commune":null,"verifie":true,"name":"MP HABITAT_PRESCOLAIRE","source":"Géoportail ANSTAT"}},{"type":"Feature","geometry":{"type":"Point","coordinates":[-3.62389799999994,5.242362000000071]},"properties":{"id":104344,"nom":"MP YAOU PPU_PRESCOLAIRE","type":"ecole maternelle","district_region":null,"departement_commune":null,"verifie":true,"name":"MP YAOU PPU_PRESCOLAIRE","source":"Géoportail ANSTAT"}},{"type":"Feature","geometry":{"type":"Point","coordinates":[-4.110781999999972,5.332423000000063]},"properties":{"id":104345,"nom":"MP CITE VERTE_PRESCOLAIRE","type":"ecole maternelle","district_region":null,"departement_commune":null,"verifie":true,"name":"MP CITE VERTE_PRESCOLAIRE","source":"Géoportail ANSTAT"}},{"type":"Feature","geometry":{"type":"Point","coordinates":[-4.111861999999974,5.324073000000055]},"properties":{"id":104346,"nom":"MP CITE SODEFOR_PRESCOLAIRE","type":"ecole maternelle","district_region":null,"departement_commune":null,"verifie":true,"name":"MP CITE SODEFOR_PRESCOLAIRE","source":"Géoportail ANSTAT"}},{"type":"Feature","geometry":{"type":"Point","coordinates":[-3.965938999999935,5.378831000000048]},"properties":{"id":104347,"nom":"MP HOBA HELENE_PRESCOLAIRE","type":"ecole maternelle","district_region":null,"departement_commune":null,"verifie":true,"name":"MP HOBA HELENE_PRESCOLAIRE","source":"Géoportail ANSTAT"}},{"type":"Feature","geometry":{"type":"Point","coordinates":[-3.963088999999968,7.053710000000024]},"properties":{"id":104348,"nom":"MP KONGO LAGOU_PRESCOLAIRE","type":"ecole maternelle","district_region":null,"departement_commune":null,"verifie":true,"name":"MP KONGO LAGOU_PRESCOLAIRE","source":"Géoportail ANSTAT"}},{"type":"Feature","geometry":{"type":"Point","coordinates":[-3.97246999999993,5.376060000000052]},"properties":{"id":104349,"nom":"MV MUGUET_PRESCOLAIRE","type":"ecole maternelle","district_region":null,"departement_commune":null,"verifie":true,"name":"MV MUGUET_PRESCOLAIRE","source":"Géoportail ANSTAT"}},{"type":"Feature","geometry":{"type":"Point","coordinates":[-3.956115999999952,5.366672000000051]},"properties":{"id":104350,"nom":"MV MACI-CANADA_PRESCOLAIRE","type":"ecole maternelle","district_region":null,"departement_commune":null,"verifie":true,"name":"MV MACI-CANADA_PRESCOLAIRE","source":"Géoportail ANSTAT"}},{"type":"Feature","geometry":{"type":"Point","coordinates":[-3.984637999999961,5.424605000000042]},"properties":{"id":104351,"nom":"MV SAINTE MARIE_PRESCOLAIRE","type":"ecole maternelle","district_region":null,"departement_commune":null,"verifie":true,"name":"MV SAINTE MARIE_PRESCOLAIRE","source":"Géoportail ANSTAT"}},{"type":"Feature","geometry":{"type":"Point","coordinates":[-3.91227699999996,5.376015000000052]},"properties":{"id":104352,"nom":"MV LA PRUNELLE_PRESCOLAIRE","type":"ecole maternelle","district_region":null,"departement_commune":null,"verifie":true,"name":"MV LA PRUNELLE_PRESCOLAIRE","source":"Géoportail ANSTAT"}},{"type":"Feature","geometry":{"type":"Point","coordinates":[-3.985762999999963,5.438785000000053]},"properties":{"id":104353,"nom":"MP BIABOU 2_PRESCOLAIRE","type":"ecole maternelle","district_region":null,"departement_commune":null,"verifie":true,"name":"MP BIABOU 2_PRESCOLAIRE","source":"Géoportail ANSTAT"}},{"type":"Feature","geometry":{"type":"Point","coordinates":[-3.989921999999979,5.382116000000053]},"properties":{"id":104354,"nom":"MV LES PAPILLONS_PRESCOLAIRE","type":"ecole maternelle","district_region":null,"departement_commune":null,"verifie":true,"name":"MV LES PAPILLONS_PRESCOLAIRE","source":"Géoportail ANSTAT"}},{"type":"Feature","geometry":{"type":"Point","coordinates":[-5.094866999999965,8.140405000000044]},"properties":{"id":104355,"nom":"MP MUNICIPALE KATIOLA_PRESCOLAIRE","type":"ecole maternelle","district_region":null,"departement_commune":null,"verifie":true,"name":"MP MUNICIPALE KATIOLA_PRESCOLAIRE","source":"Géoportail ANSTAT"}},{"type":"Feature","geometry":{"type":"Point","coordinates":[-3.96908099999996,5.355128000000036]},"properties":{"id":104356,"nom":"MV EXTERNAT SAINTE FAMILLE_PRESCOLAIRE","type":"ecole maternelle","district_region":null,"departement_commune":null,"verifie":true,"name":"MV EXTERNAT SAINTE FAMILLE_PRESCOLAIRE","source":"Géoportail ANSTAT"}},{"type":"Feature","geometry":{"type":"Point","coordinates":[-4.072654999999941,5.321431000000075]},"properties":{"id":104357,"nom":"MP KOUTE_PRESCOLAIRE","type":"ecole maternelle","district_region":null,"departement_commune":null,"verifie":true,"name":"MP KOUTE_PRESCOLAIRE","source":"Géoportail ANSTAT"}},{"type":"Feature","geometry":{"type":"Point","coordinates":[-3.954999999999927,5.286000000000058]},"properties":{"id":104358,"nom":"MP SICOGI EST_PRESCOLAIRE","type":"ecole maternelle","district_region":null,"departement_commune":null,"verifie":true,"name":"MP SICOGI EST_PRESCOLAIRE","source":"Géoportail ANSTAT"}},{"type":"Feature","geometry":{"type":"Point","coordinates":[-5.252446999999961,6.811616000000072]},"properties":{"id":104359,"nom":"MC LE DISCIPOLAT_PRESCOLAIRE","type":"ecole maternelle","district_region":null,"departement_commune":null,"verifie":true,"name":"MC LE DISCIPOLAT_PRESCOLAIRE","source":"Géoportail ANSTAT"}},{"type":"Feature","geometry":{"type":"Point","coordinates":[-4.046149999999955,5.35207500000007]},"properties":{"id":104360,"nom":"MP MUNICIPALITE_PRESCOLAIRE","type":"ecole maternelle","district_region":null,"departement_commune":null,"verifie":true,"name":"MP MUNICIPALITE_PRESCOLAIRE","source":"Géoportail ANSTAT"}},{"type":"Feature","geometry":{"type":"Point","coordinates":[-4.107254999999952,5.327198000000067]},"properties":{"id":104361,"nom":"MP YVES LAMBELIN_PRESCOLAIRE","type":"ecole maternelle","district_region":null,"departement_commune":null,"verifie":true,"name":"MP YVES LAMBELIN_PRESCOLAIRE","source":"Géoportail ANSTAT"}},{"type":"Feature","geometry":{"type":"Point","coordinates":[-4.043764999999951,5.311276000000021]},"properties":{"id":104362,"nom":"MP MOBIO AKE CELESTIN_PRESCOLAIRE","type":"ecole maternelle","district_region":null,"departement_commune":null,"verifie":true,"name":"MP MOBIO AKE CELESTIN_PRESCOLAIRE","source":"Géoportail ANSTAT"}},{"type":"Feature","geometry":{"type":"Point","coordinates":[-4.099455999999975,5.317143000000044]},"properties":{"id":104363,"nom":"MP NIANGON SUD SICOGI TERMINUS_PRESCOLAIRE","type":"ecole maternelle","district_region":null,"departement_commune":null,"verifie":true,"name":"MP NIANGON SUD SICOGI TERMINUS_PRESCOLAIRE","source":"Géoportail ANSTAT"}},{"type":"Feature","geometry":{"type":"Point","coordinates":[-3.962016999999946,5.408772000000056]},"properties":{"id":104364,"nom":"MV METHODISTE JOHN WESLEY_PRESCOLAIRE","type":"ecole maternelle","district_region":null,"departement_commune":null,"verifie":true,"name":"MV METHODISTE JOHN WESLEY_PRESCOLAIRE","source":"Géoportail ANSTAT"}},{"type":"Feature","geometry":{"type":"Point","coordinates":[-3.885735999999952,5.245520000000056]},"properties":{"id":104365,"nom":"MV MATHEMESSAN ET FRERES_PRESCOLAIRE","type":"ecole maternelle","district_region":null,"departement_commune":null,"verifie":true,"name":"MV MATHEMESSAN ET FRERES_PRESCOLAIRE","source":"Géoportail ANSTAT"}},{"type":"Feature","geometry":{"type":"Point","coordinates":[-5.614903999999967,9.434249000000024]},"properties":{"id":104366,"nom":"MP LES LAPINS DE TIEKELEZO_PRESCOLAIRE","type":"ecole maternelle","district_region":null,"departement_commune":null,"verifie":true,"name":"MP LES LAPINS DE TIEKELEZO_PRESCOLAIRE","source":"Géoportail ANSTAT"}},{"type":"Feature","geometry":{"type":"Point","coordinates":[-3.968552999999929,5.257022000000063]},"properties":{"id":104367,"nom":"MP SELMER CAMP VRIDI_PRESCOLAIRE","type":"ecole maternelle","district_region":null,"departement_commune":null,"verifie":true,"name":"MP SELMER CAMP VRIDI_PRESCOLAIRE","source":"Géoportail ANSTAT"}},{"type":"Feature","geometry":{"type":"Point","coordinates":[-4.025586999999973,5.402365000000032]},"properties":{"id":104368,"nom":"MV ANADOR JUNIOR_PRESCOLAIRE","type":"ecole maternelle","district_region":null,"departement_commune":null,"verifie":true,"name":"MV ANADOR JUNIOR_PRESCOLAIRE","source":"Géoportail ANSTAT"}},{"type":"Feature","geometry":{"type":"Point","coordinates":[-4.094987999999944,5.361294000000044]},"properties":{"id":104369,"nom":"MP CITE MAMIE ADJOUA 1_PRESCOLAIRE","type":"ecole maternelle","district_region":null,"departement_commune":null,"verifie":true,"name":"MP CITE MAMIE ADJOUA 1_PRESCOLAIRE","source":"Géoportail ANSTAT"}},{"type":"Feature","geometry":{"type":"Point","coordinates":[-3.594845999999961,5.283380000000022]},"properties":{"id":104370,"nom":"MP BONOUA 1_PRESCOLAIRE","type":"ecole maternelle","district_region":null,"departement_commune":null,"verifie":true,"name":"MP BONOUA 1_PRESCOLAIRE","source":"Géoportail ANSTAT"}},{"type":"Feature","geometry":{"type":"Point","coordinates":[-5.634613999999942,9.446470000000032]},"properties":{"id":104371,"nom":"MP LA GR ACE DE L EPP ACACIA_PRESCOLAIRE","type":"ecole maternelle","district_region":null,"departement_commune":null,"verifie":true,"name":"MP LA GR ACE DE L EPP ACACIA_PRESCOLAIRE","source":"Géoportail ANSTAT"}},{"type":"Feature","geometry":{"type":"Point","coordinates":[-3.259999999999934,5.259000000000071]},"properties":{"id":104372,"nom":"MP SELMER HOPITAL_PRESCOLAIRE","type":"ecole maternelle","district_region":null,"departement_commune":null,"verifie":true,"name":"MP SELMER HOPITAL_PRESCOLAIRE","source":"Géoportail ANSTAT"}},{"type":"Feature","geometry":{"type":"Point","coordinates":[-4.53167899999994,5.194263000000035]},"properties":{"id":104373,"nom":"MV LE LYS DANS LA VALLEE_PRESCOLAIRE","type":"ecole maternelle","district_region":null,"departement_commune":null,"verifie":true,"name":"MV LE LYS DANS LA VALLEE_PRESCOLAIRE","source":"Géoportail ANSTAT"}},{"type":"Feature","geometry":{"type":"Point","coordinates":[-4.106937999999957,5.333003000000076]},"properties":{"id":104374,"nom":"MP BAD NIANGON NORD_PRESCOLAIRE","type":"ecole maternelle","district_region":null,"departement_commune":null,"verifie":true,"name":"MP BAD NIANGON NORD_PRESCOLAIRE","source":"Géoportail ANSTAT"}},{"type":"Feature","geometry":{"type":"Point","coordinates":[-4.041961999999955,5.320997000000034]},"properties":{"id":104375,"nom":"MP ABOBO DOUME JERUSALEM_PRESCOLAIRE","type":"ecole maternelle","district_region":null,"departement_commune":null,"verifie":true,"name":"MP ABOBO DOUME JERUSALEM_PRESCOLAIRE","source":"Géoportail ANSTAT"}},{"type":"Feature","geometry":{"type":"Point","coordinates":[-3.996099999999956,5.392200000000059]},"properties":{"id":104376,"nom":"MP RESIDENCES LATRILLE_PRESCOLAIRE","type":"ecole maternelle","district_region":null,"departement_commune":null,"verifie":true,"name":"MP RESIDENCES LATRILLE_PRESCOLAIRE","source":"Géoportail ANSTAT"}},{"type":"Feature","geometry":{"type":"Point","coordinates":[-4.048917999999958,5.345951000000071]},"properties":{"id":104377,"nom":"MP BAD NOUVEAU QUARTIER_PRESCOLAIRE","type":"ecole maternelle","district_region":null,"departement_commune":null,"verifie":true,"name":"MP BAD NOUVEAU QUARTIER_PRESCOLAIRE","source":"Géoportail ANSTAT"}},{"type":"Feature","geometry":{"type":"Point","coordinates":[-5.48679999999996,7.706260000000043]},"properties":{"id":104378,"nom":"MP DIEZOU 1_PRESCOLAIRE","type":"ecole maternelle","district_region":null,"departement_commune":null,"verifie":true,"name":"MP DIEZOU 1_PRESCOLAIRE","source":"Géoportail ANSTAT"}},{"type":"Feature","geometry":{"type":"Point","coordinates":[-4.06606899999997,5.322457000000043]},"properties":{"id":104379,"nom":"MV NATIVITE_PRESCOLAIRE","type":"ecole maternelle","district_region":null,"departement_commune":null,"verifie":true,"name":"MV NATIVITE_PRESCOLAIRE","source":"Géoportail ANSTAT"}},{"type":"Feature","geometry":{"type":"Point","coordinates":[-3.977149999999938,5.34048400000006]},"properties":{"id":104380,"nom":"MP RIVIERA GOLF 2_PRESCOLAIRE","type":"ecole maternelle","district_region":null,"departement_commune":null,"verifie":true,"name":"MP RIVIERA GOLF 2_PRESCOLAIRE","source":"Géoportail ANSTAT"}},{"type":"Feature","geometry":{"type":"Point","coordinates":[-3.989999999999952,5.397000000000048]},"properties":{"id":104381,"nom":"MV OKOIN ERNEST_PRESCOLAIRE","type":"ecole maternelle","district_region":null,"departement_commune":null,"verifie":true,"name":"MV OKOIN ERNEST_PRESCOLAIRE","source":"Géoportail ANSTAT"}},{"type":"Feature","geometry":{"type":"Point","coordinates":[-4.000008999999977,5.325536000000056]},"properties":{"id":104382,"nom":"MP DIAGOU GOMONT JEAN BAPTISTE_PRESCOLAIRE","type":"ecole maternelle","district_region":null,"departement_commune":null,"verifie":true,"name":"MP DIAGOU GOMONT JEAN BAPTISTE_PRESCOLAIRE","source":"Géoportail ANSTAT"}},{"type":"Feature","geometry":{"type":"Point","coordinates":[-3.147234999999966,7.321456000000069]},"properties":{"id":104383,"nom":"MP SAINT JEAN_PRESCOLAIRE","type":"ecole maternelle","district_region":null,"departement_commune":null,"verifie":true,"name":"MP SAINT JEAN_PRESCOLAIRE","source":"Géoportail ANSTAT"}},{"type":"Feature","geometry":{"type":"Point","coordinates":[-6.458103999999935,6.898942000000034]},"properties":{"id":104384,"nom":"MP LOBIA EXTENSION_PRESCOLAIRE","type":"ecole maternelle","district_region":null,"departement_commune":null,"verifie":true,"name":"MP LOBIA EXTENSION_PRESCOLAIRE","source":"Géoportail ANSTAT"}},{"type":"Feature","geometry":{"type":"Point","coordinates":[-4.079999999999927,5.330000000000041]},"properties":{"id":104385,"nom":"MP SOGEFIHA MAGASIN_PRESCOLAIRE","type":"ecole maternelle","district_region":null,"departement_commune":null,"verifie":true,"name":"MP SOGEFIHA MAGASIN_PRESCOLAIRE","source":"Géoportail ANSTAT"}},{"type":"Feature","geometry":{"type":"Point","coordinates":[-5.654317999999932,9.45551000000006]},"properties":{"id":104386,"nom":"MC JADIN DES SAINTS SERVITEURS_PRESCOLAIRE","type":"ecole maternelle","district_region":null,"departement_commune":null,"verifie":true,"name":"MC JADIN DES SAINTS SERVITEURS_PRESCOLAIRE","source":"Géoportail ANSTAT"}},{"type":"Feature","geometry":{"type":"Point","coordinates":[-4.063803999999948,5.981307000000072]},"properties":{"id":104387,"nom":"MV LES CANETONS_PRESCOLAIRE","type":"ecole maternelle","district_region":null,"departement_commune":null,"verifie":true,"name":"MV LES CANETONS_PRESCOLAIRE","source":"Géoportail ANSTAT"}},{"type":"Feature","geometry":{"type":"Point","coordinates":[-3.886199999999974,5.355832000000021]},"properties":{"id":104388,"nom":"MP PLATEAU_PRESCOLAIRE","type":"ecole maternelle","district_region":null,"departement_commune":null,"verifie":true,"name":"MP PLATEAU_PRESCOLAIRE","source":"Géoportail ANSTAT"}},{"type":"Feature","geometry":{"type":"Point","coordinates":[-3.95035699999994,5.286253000000045]},"properties":{"id":104389,"nom":"MP BAD 8_PRESCOLAIRE","type":"ecole maternelle","district_region":null,"departement_commune":null,"verifie":true,"name":"MP BAD 8_PRESCOLAIRE","source":"Géoportail ANSTAT"}},{"type":"Feature","geometry":{"type":"Point","coordinates":[-3.88720399999994,5.355076000000054]},"properties":{"id":104390,"nom":"MP SICOGI 1_PRESCOLAIRE","type":"ecole maternelle","district_region":null,"departement_commune":null,"verifie":true,"name":"MP SICOGI 1_PRESCOLAIRE","source":"Géoportail ANSTAT"}},{"type":"Feature","geometry":{"type":"Point","coordinates":[-3.898101527999927,5.296554797000056]},"properties":{"id":104391,"nom":"MP JEAN BAPTISTE MOCKEY 1_PRESCOLAIRE","type":"ecole maternelle","district_region":null,"departement_commune":null,"verifie":true,"name":"MP JEAN BAPTISTE MOCKEY 1_PRESCOLAIRE","source":"Géoportail ANSTAT"}},{"type":"Feature","geometry":{"type":"Point","coordinates":[-3.958159999999964,5.296747000000039]},"properties":{"id":104392,"nom":"MP KANKANKOURA_PRESCOLAIRE","type":"ecole maternelle","district_region":null,"departement_commune":null,"verifie":true,"name":"MP KANKANKOURA_PRESCOLAIRE","source":"Géoportail ANSTAT"}},{"type":"Feature","geometry":{"type":"Point","coordinates":[-5.049186999999961,7.110029000000054]},"properties":{"id":104393,"nom":"MC SAINT MARCELLIN CHAMPAGNAT_PRESCOLAIRE","type":"ecole maternelle","district_region":null,"departement_commune":null,"verifie":true,"name":"MC SAINT MARCELLIN CHAMPAGNAT_PRESCOLAIRE","source":"Géoportail ANSTAT"}},{"type":"Feature","geometry":{"type":"Point","coordinates":[-5.074194999999975,6.583545000000072]},"properties":{"id":104394,"nom":"MC L ANNONCIATION_PRESCOLAIRE","type":"ecole maternelle","district_region":null,"departement_commune":null,"verifie":true,"name":"MC L ANNONCIATION_PRESCOLAIRE","source":"Géoportail ANSTAT"}},{"type":"Feature","geometry":{"type":"Point","coordinates":[-3.963899999999967,5.285300000000063]},"properties":{"id":104395,"nom":"MV LA PEPINIERE_PRESCOLAIRE","type":"ecole maternelle","district_region":null,"departement_commune":null,"verifie":true,"name":"MV LA PEPINIERE_PRESCOLAIRE","source":"Géoportail ANSTAT"}},{"type":"Feature","geometry":{"type":"Point","coordinates":[-4.105866999999932,5.32546700000006]},"properties":{"id":104396,"nom":"MV SAINT CHALMEL_PRESCOLAIRE","type":"ecole maternelle","district_region":null,"departement_commune":null,"verifie":true,"name":"MV SAINT CHALMEL_PRESCOLAIRE","source":"Géoportail ANSTAT"}},{"type":"Feature","geometry":{"type":"Point","coordinates":[-5.627617999999927,9.443335000000047]},"properties":{"id":104397,"nom":"MP NATOGOMA GON COULIBALY 2_PRESCOLAIRE","type":"ecole maternelle","district_region":null,"departement_commune":null,"verifie":true,"name":"MP NATOGOMA GON COULIBALY 2_PRESCOLAIRE","source":"Géoportail ANSTAT"}},{"type":"Feature","geometry":{"type":"Point","coordinates":[-4.071721999999966,5.449137000000064]},"properties":{"id":104398,"nom":"MP SOGEFIHA  3_PRESCOLAIRE","type":"ecole maternelle","district_region":null,"departement_commune":null,"verifie":true,"name":"MP SOGEFIHA  3_PRESCOLAIRE","source":"Géoportail ANSTAT"}},{"type":"Feature","geometry":{"type":"Point","coordinates":[-3.916140999999925,5.326270000000022]},"properties":{"id":104399,"nom":"MP ABATTA_PRESCOLAIRE","type":"ecole maternelle","district_region":null,"departement_commune":null,"verifie":true,"name":"MP ABATTA_PRESCOLAIRE","source":"Géoportail ANSTAT"}},{"type":"Feature","geometry":{"type":"Point","coordinates":[-4.019039999999961,5.349431000000038]},"properties":{"id":104400,"nom":"MV CROIX ROUGE_PRESCOLAIRE","type":"ecole maternelle","district_region":null,"departement_commune":null,"verifie":true,"name":"MV CROIX ROUGE_PRESCOLAIRE","source":"Géoportail ANSTAT"}},{"type":"Feature","geometry":{"type":"Point","coordinates":[-3.999843999999939,5.413862000000051]},"properties":{"id":104401,"nom":"MC SAINT AUGUSTIN_PRESCOLAIRE","type":"ecole maternelle","district_region":null,"departement_commune":null,"verifie":true,"name":"MC SAINT AUGUSTIN_PRESCOLAIRE","source":"Géoportail ANSTAT"}},{"type":"Feature","geometry":{"type":"Point","coordinates":[-4.088784999999973,5.339223000000061]},"properties":{"id":104402,"nom":"MP BAD CITE EECI 1_PRESCOLAIRE","type":"ecole maternelle","district_region":null,"departement_commune":null,"verifie":true,"name":"MP BAD CITE EECI 1_PRESCOLAIRE","source":"Géoportail ANSTAT"}},{"type":"Feature","geometry":{"type":"Point","coordinates":[-5.613337999999942,9.461621000000036]},"properties":{"id":104403,"nom":"MP LES OISILLONS DE GBON COULIBALY_PRESCOLAIRE","type":"ecole maternelle","district_region":null,"departement_commune":null,"verifie":true,"name":"MP LES OISILLONS DE GBON COULIBALY_PRESCOLAIRE","source":"Géoportail ANSTAT"}},{"type":"Feature","geometry":{"type":"Point","coordinates":[-2.997244999999964,9.269326000000037]},"properties":{"id":104404,"nom":"MP BOUNA 1_PRESCOLAIRE","type":"ecole maternelle","district_region":null,"departement_commune":null,"verifie":true,"name":"MP BOUNA 1_PRESCOLAIRE","source":"Géoportail ANSTAT"}},{"type":"Feature","geometry":{"type":"Point","coordinates":[-5.627617999999927,9.443335000000047]},"properties":{"id":104405,"nom":"MP  NATOGOMA COULIBALY GON 1_PRESCOLAIRE","type":"ecole maternelle","district_region":null,"departement_commune":null,"verifie":true,"name":"MP  NATOGOMA COULIBALY GON 1_PRESCOLAIRE","source":"Géoportail ANSTAT"}},{"type":"Feature","geometry":{"type":"Point","coordinates":[-3.932471999999962,5.370300000000043]},"properties":{"id":104406,"nom":"MV SAINTE ANNE_PRESCOLAIRE","type":"ecole maternelle","district_region":null,"departement_commune":null,"verifie":true,"name":"MV SAINTE ANNE_PRESCOLAIRE","source":"Géoportail ANSTAT"}},{"type":"Feature","geometry":{"type":"Point","coordinates":[-4.091362999999944,5.353303000000039]},"properties":{"id":104407,"nom":"MP PALMERAIE_PRESCOLAIRE","type":"ecole maternelle","district_region":null,"departement_commune":null,"verifie":true,"name":"MP PALMERAIE_PRESCOLAIRE","source":"Géoportail ANSTAT"}},{"type":"Feature","geometry":{"type":"Point","coordinates":[-5.196752999999944,9.597714000000051]},"properties":{"id":104408,"nom":"MP LES COLOMBES_PRESCOLAIRE","type":"ecole maternelle","district_region":null,"departement_commune":null,"verifie":true,"name":"MP LES COLOMBES_PRESCOLAIRE","source":"Géoportail ANSTAT"}},{"type":"Feature","geometry":{"type":"Point","coordinates":[-3.979999999999961,5.301000000000045]},"properties":{"id":104409,"nom":"MP  JEAN BAPTISTE MOCKEY 2_PRESCOLAIRE","type":"ecole maternelle","district_region":null,"departement_commune":null,"verifie":true,"name":"MP  JEAN BAPTISTE MOCKEY 2_PRESCOLAIRE","source":"Géoportail ANSTAT"}},{"type":"Feature","geometry":{"type":"Point","coordinates":[-3.99964499999993,5.367200000000025]},"properties":{"id":104410,"nom":"MP DEUX PLATEAUX NORD_PRESCOLAIRE","type":"ecole maternelle","district_region":null,"departement_commune":null,"verifie":true,"name":"MP DEUX PLATEAUX NORD_PRESCOLAIRE","source":"Géoportail ANSTAT"}},{"type":"Feature","geometry":{"type":"Point","coordinates":[-4.027391999999963,5.343531000000041]},"properties":{"id":104411,"nom":"MP AVENUE DE LA BIA_PRESCOLAIRE","type":"ecole maternelle","district_region":null,"departement_commune":null,"verifie":true,"name":"MP AVENUE DE LA BIA_PRESCOLAIRE","source":"Géoportail ANSTAT"}},{"type":"Feature","geometry":{"type":"Point","coordinates":[-5.01297999999997,7.664070000000038]},"properties":{"id":104412,"nom":"MP TSF 4_PRESCOLAIRE","type":"ecole maternelle","district_region":null,"departement_commune":null,"verifie":true,"name":"MP TSF 4_PRESCOLAIRE","source":"Géoportail ANSTAT"}},{"type":"Feature","geometry":{"type":"Point","coordinates":[-3.950716999999941,5.311284000000057]},"properties":{"id":104413,"nom":"MP BAD 11_PRESCOLAIRE","type":"ecole maternelle","district_region":null,"departement_commune":null,"verifie":true,"name":"MP BAD 11_PRESCOLAIRE","source":"Géoportail ANSTAT"}},{"type":"Feature","geometry":{"type":"Point","coordinates":[-5.953530999999941,6.134809000000075]},"properties":{"id":104414,"nom":"MP DIOULABOUGOU 1_PRESCOLAIRE","type":"ecole maternelle","district_region":null,"departement_commune":null,"verifie":true,"name":"MP DIOULABOUGOU 1_PRESCOLAIRE","source":"Géoportail ANSTAT"}},{"type":"Feature","geometry":{"type":"Point","coordinates":[-3.362976999999944,7.005523000000039]},"properties":{"id":104415,"nom":"MP APPROMPRONOU_PRESCOLAIRE","type":"ecole maternelle","district_region":null,"departement_commune":null,"verifie":true,"name":"MP APPROMPRONOU_PRESCOLAIRE","source":"Géoportail ANSTAT"}},{"type":"Feature","geometry":{"type":"Point","coordinates":[-3.765780999999947,5.475293000000022]},"properties":{"id":104416,"nom":"MP GRAND ALEPE_PRESCOLAIRE","type":"ecole maternelle","district_region":null,"departement_commune":null,"verifie":true,"name":"MP GRAND ALEPE_PRESCOLAIRE","source":"Géoportail ANSTAT"}},{"type":"Feature","geometry":{"type":"Point","coordinates":[-5.04182099999997,7.665197000000035]},"properties":{"id":104417,"nom":"MP BANCO_PRESCOLAIRE","type":"ecole maternelle","district_region":null,"departement_commune":null,"verifie":true,"name":"MP BANCO_PRESCOLAIRE","source":"Géoportail ANSTAT"}},{"type":"Feature","geometry":{"type":"Point","coordinates":[-3.894999999999925,5.996800000000064]},"properties":{"id":104418,"nom":"MP BAD PLATEAU DOKUI_PRESCOLAIRE","type":"ecole maternelle","district_region":null,"departement_commune":null,"verifie":true,"name":"MP BAD PLATEAU DOKUI_PRESCOLAIRE","source":"Géoportail ANSTAT"}},{"type":"Feature","geometry":{"type":"Point","coordinates":[-3.45545599999997,5.255456000000038]},"properties":{"id":104419,"nom":"MP VRIDI CITE 2_PRESCOLAIRE","type":"ecole maternelle","district_region":null,"departement_commune":null,"verifie":true,"name":"MP VRIDI CITE 2_PRESCOLAIRE","source":"Géoportail ANSTAT"}},{"type":"Feature","geometry":{"type":"Point","coordinates":[-5.606339999999932,9.482162000000072]},"properties":{"id":104420,"nom":"MP LES LORIOTS DE NATIO_PRESCOLAIRE","type":"ecole maternelle","district_region":null,"departement_commune":null,"verifie":true,"name":"MP LES LORIOTS DE NATIO_PRESCOLAIRE","source":"Géoportail ANSTAT"}},{"type":"Feature","geometry":{"type":"Point","coordinates":[-4.361435999999969,5.32170300000007]},"properties":{"id":104421,"nom":"MP TCHOTCHORAFF_PRESCOLAIRE","type":"ecole maternelle","district_region":null,"departement_commune":null,"verifie":true,"name":"MP TCHOTCHORAFF_PRESCOLAIRE","source":"Géoportail ANSTAT"}},{"type":"Feature","geometry":{"type":"Point","coordinates":[-5.01577999999995,7.675610000000063]},"properties":{"id":104422,"nom":"MP TSF 1_PRESCOLAIRE","type":"ecole maternelle","district_region":null,"departement_commune":null,"verifie":true,"name":"MP TSF 1_PRESCOLAIRE","source":"Géoportail ANSTAT"}},{"type":"Feature","geometry":{"type":"Point","coordinates":[-6.672519999999963,7.961068000000068]},"properties":{"id":104423,"nom":"MP SEGUELA 2_PRESCOLAIRE","type":"ecole maternelle","district_region":null,"departement_commune":null,"verifie":true,"name":"MP SEGUELA 2_PRESCOLAIRE","source":"Géoportail ANSTAT"}},{"type":"Feature","geometry":{"type":"Point","coordinates":[-4.077799999999968,5.454000000000065]},"properties":{"id":104424,"nom":"MV DJIGUIYA DE OUAMELHORO_PRESCOLAIRE","type":"ecole maternelle","district_region":null,"departement_commune":null,"verifie":true,"name":"MV DJIGUIYA DE OUAMELHORO_PRESCOLAIRE","source":"Géoportail ANSTAT"}},{"type":"Feature","geometry":{"type":"Point","coordinates":[-5.056447999999932,7.679786000000036]},"properties":{"id":104425,"nom":"MV LES LILAS BLANCS_PRESCOLAIRE","type":"ecole maternelle","district_region":null,"departement_commune":null,"verifie":true,"name":"MV LES LILAS BLANCS_PRESCOLAIRE","source":"Géoportail ANSTAT"}},{"type":"Feature","geometry":{"type":"Point","coordinates":[-3.96999999999997,5.300000000000068]},"properties":{"id":104426,"nom":"MP GFCI_PRESCOLAIRE","type":"ecole maternelle","district_region":null,"departement_commune":null,"verifie":true,"name":"MP GFCI_PRESCOLAIRE","source":"Géoportail ANSTAT"}},{"type":"Feature","geometry":{"type":"Point","coordinates":[-4.00571199999996,5.407178000000044]},"properties":{"id":104427,"nom":"MV NOUVELLE ALLIANCE_PRESCOLAIRE","type":"ecole maternelle","district_region":null,"departement_commune":null,"verifie":true,"name":"MV NOUVELLE ALLIANCE_PRESCOLAIRE","source":"Géoportail ANSTAT"}},{"type":"Feature","geometry":{"type":"Point","coordinates":[-5.005074999999977,7.704928000000052]},"properties":{"id":104428,"nom":"MP BELLEVILLE 1_PRESCOLAIRE","type":"ecole maternelle","district_region":null,"departement_commune":null,"verifie":true,"name":"MP BELLEVILLE 1_PRESCOLAIRE","source":"Géoportail ANSTAT"}},{"type":"Feature","geometry":{"type":"Point","coordinates":[-4.077429999999936,5.340697000000034]},"properties":{"id":104429,"nom":"MP SICOGI 1_PRESCOLAIRE","type":"ecole maternelle","district_region":null,"departement_commune":null,"verifie":true,"name":"MP SICOGI 1_PRESCOLAIRE","source":"Géoportail ANSTAT"}},{"type":"Feature","geometry":{"type":"Point","coordinates":[-4.374263999999926,5.322596000000033]},"properties":{"id":104430,"nom":"MV METHODISTE EDEN_PRESCOLAIRE","type":"ecole maternelle","district_region":null,"departement_commune":null,"verifie":true,"name":"MV METHODISTE EDEN_PRESCOLAIRE","source":"Géoportail ANSTAT"}},{"type":"Feature","geometry":{"type":"Point","coordinates":[-4.10651299999995,5.338435000000061]},"properties":{"id":104431,"nom":"MV ADIKO NIAMKEY_PRESCOLAIRE","type":"ecole maternelle","district_region":null,"departement_commune":null,"verifie":true,"name":"MV ADIKO NIAMKEY_PRESCOLAIRE","source":"Géoportail ANSTAT"}},{"type":"Feature","geometry":{"type":"Point","coordinates":[-5.62367699999993,9.456496000000072]},"properties":{"id":104432,"nom":"MP LES ANGES DU SOBA 2_PRESCOLAIRE","type":"ecole maternelle","district_region":null,"departement_commune":null,"verifie":true,"name":"MP LES ANGES DU SOBA 2_PRESCOLAIRE","source":"Géoportail ANSTAT"}},{"type":"Feature","geometry":{"type":"Point","coordinates":[-3.600557999999978,5.267362000000048]},"properties":{"id":104433,"nom":"MV GS MANFVE ET TOWULI_PRESCOLAIRE","type":"ecole maternelle","district_region":null,"departement_commune":null,"verifie":true,"name":"MV GS MANFVE ET TOWULI_PRESCOLAIRE","source":"Géoportail ANSTAT"}},{"type":"Feature","geometry":{"type":"Point","coordinates":[-7.833879999999965,6.555340000000058]},"properties":{"id":104434,"nom":"MP ZEAGLO_PRESCOLAIRE","type":"ecole maternelle","district_region":null,"departement_commune":null,"verifie":true,"name":"MP ZEAGLO_PRESCOLAIRE","source":"Géoportail ANSTAT"}},{"type":"Feature","geometry":{"type":"Point","coordinates":[-4.427224999999964,8.365669000000025]},"properties":{"id":104435,"nom":"MP DE DABAKALA_PRESCOLAIRE","type":"ecole maternelle","district_region":null,"departement_commune":null,"verifie":true,"name":"MP DE DABAKALA_PRESCOLAIRE","source":"Géoportail ANSTAT"}},{"type":"Feature","geometry":{"type":"Point","coordinates":[-3.972226999999975,5.343812000000071]},"properties":{"id":104436,"nom":"MV SAINT FRANCOIS XAVIER D ANONO_PRESCOLAIRE","type":"ecole maternelle","district_region":null,"departement_commune":null,"verifie":true,"name":"MV SAINT FRANCOIS XAVIER D ANONO_PRESCOLAIRE","source":"Géoportail ANSTAT"}},{"type":"Feature","geometry":{"type":"Point","coordinates":[-3.91952699999996,5.332759000000067]},"properties":{"id":104437,"nom":"MV ETIMOE_PRESCOLAIRE","type":"ecole maternelle","district_region":null,"departement_commune":null,"verifie":true,"name":"MV ETIMOE_PRESCOLAIRE","source":"Géoportail ANSTAT"}},{"type":"Feature","geometry":{"type":"Point","coordinates":[-5.290929999999946,8.655640000000062]},"properties":{"id":104438,"nom":"MP NIAKARA 3_PRESCOLAIRE","type":"ecole maternelle","district_region":null,"departement_commune":null,"verifie":true,"name":"MP NIAKARA 3_PRESCOLAIRE","source":"Géoportail ANSTAT"}},{"type":"Feature","geometry":{"type":"Point","coordinates":[-4.051999999999964,5.46040000000005]},"properties":{"id":104439,"nom":"MC PMFA_PRESCOLAIRE","type":"ecole maternelle","district_region":null,"departement_commune":null,"verifie":true,"name":"MC PMFA_PRESCOLAIRE","source":"Géoportail ANSTAT"}},{"type":"Feature","geometry":{"type":"Point","coordinates":[-6.646533999999974,4.736632000000043]},"properties":{"id":104440,"nom":"MV TON KOFFI_PRESCOLAIRE","type":"ecole maternelle","district_region":null,"departement_commune":null,"verifie":true,"name":"MV TON KOFFI_PRESCOLAIRE","source":"Géoportail ANSTAT"}},{"type":"Feature","geometry":{"type":"Point","coordinates":[-4.044999999999959,5.321000000000026]},"properties":{"id":104441,"nom":"MV SAVANT 1_PRESCOLAIRE","type":"ecole maternelle","district_region":null,"departement_commune":null,"verifie":true,"name":"MV SAVANT 1_PRESCOLAIRE","source":"Géoportail ANSTAT"}},{"type":"Feature","geometry":{"type":"Point","coordinates":[-3.988814999999931,5.417898000000037]},"properties":{"id":104442,"nom":"MV PRIM ELITE_PRESCOLAIRE","type":"ecole maternelle","district_region":null,"departement_commune":null,"verifie":true,"name":"MV PRIM ELITE_PRESCOLAIRE","source":"Géoportail ANSTAT"}},{"type":"Feature","geometry":{"type":"Point","coordinates":[-5.364569999999958,5.824220000000025]},"properties":{"id":104443,"nom":"MP DIVO-DIOULABOUGOU 1_PRESCOLAIRE","type":"ecole maternelle","district_region":null,"departement_commune":null,"verifie":true,"name":"MP DIVO-DIOULABOUGOU 1_PRESCOLAIRE","source":"Géoportail ANSTAT"}},{"type":"Feature","geometry":{"type":"Point","coordinates":[-3.853312999999957,5.351540000000057]},"properties":{"id":104444,"nom":"MV LA COCCINELLE_PRESCOLAIRE","type":"ecole maternelle","district_region":null,"departement_commune":null,"verifie":true,"name":"MV LA COCCINELLE_PRESCOLAIRE","source":"Géoportail ANSTAT"}},{"type":"Feature","geometry":{"type":"Point","coordinates":[-4.340445999999929,7.462069000000042]},"properties":{"id":104445,"nom":"MP KOKO_PRESCOLAIRE","type":"ecole maternelle","district_region":null,"departement_commune":null,"verifie":true,"name":"MP KOKO_PRESCOLAIRE","source":"Géoportail ANSTAT"}},{"type":"Feature","geometry":{"type":"Point","coordinates":[-4.499999999999943,5.230000000000075]},"properties":{"id":104446,"nom":"MP ADAHOU-EXTENSION_PRESCOLAIRE","type":"ecole maternelle","district_region":null,"departement_commune":null,"verifie":true,"name":"MP ADAHOU-EXTENSION_PRESCOLAIRE","source":"Géoportail ANSTAT"}},{"type":"Feature","geometry":{"type":"Point","coordinates":[-6.629547999999943,4.748059000000069]},"properties":{"id":104447,"nom":"MC METHODISTE CITE_PRESCOLAIRE","type":"ecole maternelle","district_region":null,"departement_commune":null,"verifie":true,"name":"MC METHODISTE CITE_PRESCOLAIRE","source":"Géoportail ANSTAT"}},{"type":"Feature","geometry":{"type":"Point","coordinates":[-4.053999999999974,5.476000000000056]},"properties":{"id":104448,"nom":"MP ANYAMA RAN_PRESCOLAIRE","type":"ecole maternelle","district_region":null,"departement_commune":null,"verifie":true,"name":"MP ANYAMA RAN_PRESCOLAIRE","source":"Géoportail ANSTAT"}},{"type":"Feature","geometry":{"type":"Point","coordinates":[-6.466008999999929,6.877910000000043]},"properties":{"id":104449,"nom":"MP HUBERSON_PRESCOLAIRE","type":"ecole maternelle","district_region":null,"departement_commune":null,"verifie":true,"name":"MP HUBERSON_PRESCOLAIRE","source":"Géoportail ANSTAT"}},{"type":"Feature","geometry":{"type":"Point","coordinates":[-3.977810999999974,5.307382000000075]},"properties":{"id":104450,"nom":"MP MEA KOUADIO_PRESCOLAIRE","type":"ecole maternelle","district_region":null,"departement_commune":null,"verifie":true,"name":"MP MEA KOUADIO_PRESCOLAIRE","source":"Géoportail ANSTAT"}},{"type":"Feature","geometry":{"type":"Point","coordinates":[-3.921631999999931,5.369169000000056]},"properties":{"id":104451,"nom":"MV SAINTE ANNE 2_PRESCOLAIRE","type":"ecole maternelle","district_region":null,"departement_commune":null,"verifie":true,"name":"MV SAINTE ANNE 2_PRESCOLAIRE","source":"Géoportail ANSTAT"}},{"type":"Feature","geometry":{"type":"Point","coordinates":[-4.076047999999957,5.342412000000024]},"properties":{"id":104452,"nom":"MP SICOGI 3_PRESCOLAIRE","type":"ecole maternelle","district_region":null,"departement_commune":null,"verifie":true,"name":"MP SICOGI 3_PRESCOLAIRE","source":"Géoportail ANSTAT"}},{"type":"Feature","geometry":{"type":"Point","coordinates":[-3.973797999999931,5.295421000000033]},"properties":{"id":104453,"nom":"MC EXTERNAT SAINT PAUL_PRESCOLAIRE","type":"ecole maternelle","district_region":null,"departement_commune":null,"verifie":true,"name":"MC EXTERNAT SAINT PAUL_PRESCOLAIRE","source":"Géoportail ANSTAT"}},{"type":"Feature","geometry":{"type":"Point","coordinates":[-4.100154999999972,5.319604000000027]},"properties":{"id":104454,"nom":"MP NIANGON SUD SOGEFIHA ANTENNE_PRESCOLAIRE","type":"ecole maternelle","district_region":null,"departement_commune":null,"verifie":true,"name":"MP NIANGON SUD SOGEFIHA ANTENNE_PRESCOLAIRE","source":"Géoportail ANSTAT"}},{"type":"Feature","geometry":{"type":"Point","coordinates":[-4.010139999999978,5.365431000000058]},"properties":{"id":104455,"nom":"MV BETHANIE MIRACLE_PRESCOLAIRE","type":"ecole maternelle","district_region":null,"departement_commune":null,"verifie":true,"name":"MV BETHANIE MIRACLE_PRESCOLAIRE","source":"Géoportail ANSTAT"}},{"type":"Feature","geometry":{"type":"Point","coordinates":[-3.962524999999971,5.286158000000057]},"properties":{"id":104456,"nom":"MP DION ROBERT_PRESCOLAIRE","type":"ecole maternelle","district_region":null,"departement_commune":null,"verifie":true,"name":"MP DION ROBERT_PRESCOLAIRE","source":"Géoportail ANSTAT"}},{"type":"Feature","geometry":{"type":"Point","coordinates":[-5.631199999999978,9.478356000000076]},"properties":{"id":104457,"nom":"MP LES MESANGES DE HAOUSSABOUGOU_PRESCOLAIRE","type":"ecole maternelle","district_region":null,"departement_commune":null,"verifie":true,"name":"MP LES MESANGES DE HAOUSSABOUGOU_PRESCOLAIRE","source":"Géoportail ANSTAT"}},{"type":"Feature","geometry":{"type":"Point","coordinates":[-5.279275999999925,6.790224000000023]},"properties":{"id":104458,"nom":"MC SAINTE MONIQUE_PRESCOLAIRE","type":"ecole maternelle","district_region":null,"departement_commune":null,"verifie":true,"name":"MC SAINTE MONIQUE_PRESCOLAIRE","source":"Géoportail ANSTAT"}},{"type":"Feature","geometry":{"type":"Point","coordinates":[-4.370224999999948,5.326767000000075]},"properties":{"id":104459,"nom":"MP SODEPALM_PRESCOLAIRE","type":"ecole maternelle","district_region":null,"departement_commune":null,"verifie":true,"name":"MP SODEPALM_PRESCOLAIRE","source":"Géoportail ANSTAT"}},{"type":"Feature","geometry":{"type":"Point","coordinates":[-4.081387999999947,5.348986000000025]},"properties":{"id":104460,"nom":"MP BANCO  ATTIE_PRESCOLAIRE","type":"ecole maternelle","district_region":null,"departement_commune":null,"verifie":true,"name":"MP BANCO  ATTIE_PRESCOLAIRE","source":"Géoportail ANSTAT"}},{"type":"Feature","geometry":{"type":"Point","coordinates":[-5.060506999999973,7.707468000000063]},"properties":{"id":104461,"nom":"MP DIEZOU 2_PRESCOLAIRE","type":"ecole maternelle","district_region":null,"departement_commune":null,"verifie":true,"name":"MP DIEZOU 2_PRESCOLAIRE","source":"Géoportail ANSTAT"}},{"type":"Feature","geometry":{"type":"Point","coordinates":[-4.064482999999939,5.326717000000031]},"properties":{"id":104462,"nom":"MP SOGEFIHA 5_PRESCOLAIRE","type":"ecole maternelle","district_region":null,"departement_commune":null,"verifie":true,"name":"MP SOGEFIHA 5_PRESCOLAIRE","source":"Géoportail ANSTAT"}},{"type":"Feature","geometry":{"type":"Point","coordinates":[-3.966767999999945,5.282537000000048]},"properties":{"id":104463,"nom":"MP GENDARMERIE_PRESCOLAIRE","type":"ecole maternelle","district_region":null,"departement_commune":null,"verifie":true,"name":"MP GENDARMERIE_PRESCOLAIRE","source":"Géoportail ANSTAT"}},{"type":"Feature","geometry":{"type":"Point","coordinates":[-4.342527999999959,7.457048000000043]},"properties":{"id":104464,"nom":"MP MUNICIPALE_PRESCOLAIRE","type":"ecole maternelle","district_region":null,"departement_commune":null,"verifie":true,"name":"MP MUNICIPALE_PRESCOLAIRE","source":"Géoportail ANSTAT"}},{"type":"Feature","geometry":{"type":"Point","coordinates":[-4.417375999999933,5.202622000000076]},"properties":{"id":104465,"nom":"MP JACQUEVILLE_PRESCOLAIRE","type":"ecole maternelle","district_region":null,"departement_commune":null,"verifie":true,"name":"MP JACQUEVILLE_PRESCOLAIRE","source":"Géoportail ANSTAT"}},{"type":"Feature","geometry":{"type":"Point","coordinates":[-5.26360399999993,5.852325000000064]},"properties":{"id":104466,"nom":"MP DIVO KONANKRO AMITIE LES CHERUBINS_PRESCOLAIRE","type":"ecole maternelle","district_region":null,"departement_commune":null,"verifie":true,"name":"MP DIVO KONANKRO AMITIE LES CHERUBINS_PRESCOLAIRE","source":"Géoportail ANSTAT"}},{"type":"Feature","geometry":{"type":"Point","coordinates":[-3.935569999999927,5.373663000000022]},"properties":{"id":104467,"nom":"MP GENIE 2000 B_PRESCOLAIRE","type":"ecole maternelle","district_region":null,"departement_commune":null,"verifie":true,"name":"MP GENIE 2000 B_PRESCOLAIRE","source":"Géoportail ANSTAT"}},{"type":"Feature","geometry":{"type":"Point","coordinates":[-4.010327999999959,5.360201000000075]},"properties":{"id":104468,"nom":"MP AGBAN GENDARMERIE B_PRESCOLAIRE","type":"ecole maternelle","district_region":null,"departement_commune":null,"verifie":true,"name":"MP AGBAN GENDARMERIE B_PRESCOLAIRE","source":"Géoportail ANSTAT"}},{"type":"Feature","geometry":{"type":"Point","coordinates":[-3.980069999999955,5.417105000000049]},"properties":{"id":104469,"nom":"MV INSTITUT SCOLAIRE LAVOISIER_PRESCOLAIRE","type":"ecole maternelle","district_region":null,"departement_commune":null,"verifie":true,"name":"MV INSTITUT SCOLAIRE LAVOISIER_PRESCOLAIRE","source":"Géoportail ANSTAT"}},{"type":"Feature","geometry":{"type":"Point","coordinates":[-4.092353999999943,5.356601000000069]},"properties":{"id":104470,"nom":"MV SABA ET FILS_PRESCOLAIRE","type":"ecole maternelle","district_region":null,"departement_commune":null,"verifie":true,"name":"MV SABA ET FILS_PRESCOLAIRE","source":"Géoportail ANSTAT"}},{"type":"Feature","geometry":{"type":"Point","coordinates":[-5.942399999999964,6.14136000000002]},"properties":{"id":104471,"nom":"MP BABRE_PRESCOLAIRE","type":"ecole maternelle","district_region":null,"departement_commune":null,"verifie":true,"name":"MP BABRE_PRESCOLAIRE","source":"Géoportail ANSTAT"}},{"type":"Feature","geometry":{"type":"Point","coordinates":[-3.663329999999974,5.504972000000066]},"properties":{"id":104472,"nom":"MP MUNICIPALE ALEPE_PRESCOLAIRE","type":"ecole maternelle","district_region":null,"departement_commune":null,"verifie":true,"name":"MP MUNICIPALE ALEPE_PRESCOLAIRE","source":"Géoportail ANSTAT"}},{"type":"Feature","geometry":{"type":"Point","coordinates":[-4.096759999999961,5.36080000000004]},"properties":{"id":104473,"nom":"MP BATIM 3_PRESCOLAIRE","type":"ecole maternelle","district_region":null,"departement_commune":null,"verifie":true,"name":"MP BATIM 3_PRESCOLAIRE","source":"Géoportail ANSTAT"}},{"type":"Feature","geometry":{"type":"Point","coordinates":[-5.650991999999974,9.464732000000026]},"properties":{"id":104474,"nom":"MP LES TOUTERELLES DE MONGAHA_PRESCOLAIRE","type":"ecole maternelle","district_region":null,"departement_commune":null,"verifie":true,"name":"MP LES TOUTERELLES DE MONGAHA_PRESCOLAIRE","source":"Géoportail ANSTAT"}},{"type":"Feature","geometry":{"type":"Point","coordinates":[-4.362887999999941,6.472888000000069]},"properties":{"id":104475,"nom":"MV LE RESIDENTIEL_PRESCOLAIRE","type":"ecole maternelle","district_region":null,"departement_commune":null,"verifie":true,"name":"MV LE RESIDENTIEL_PRESCOLAIRE","source":"Géoportail ANSTAT"}},{"type":"Feature","geometry":{"type":"Point","coordinates":[-3.962174999999945,5.292205000000024]},"properties":{"id":104476,"nom":"MC SAINT FRANCOIS D ASSISE_PRESCOLAIRE","type":"ecole maternelle","district_region":null,"departement_commune":null,"verifie":true,"name":"MC SAINT FRANCOIS D ASSISE_PRESCOLAIRE","source":"Géoportail ANSTAT"}},{"type":"Feature","geometry":{"type":"Point","coordinates":[-4.014129999999966,5.437130000000025]},"properties":{"id":104477,"nom":"MC SAINT FRANCOIS XAVIER_PRESCOLAIRE","type":"ecole maternelle","district_region":null,"departement_commune":null,"verifie":true,"name":"MC SAINT FRANCOIS XAVIER_PRESCOLAIRE","source":"Géoportail ANSTAT"}},{"type":"Feature","geometry":{"type":"Point","coordinates":[-3.851303999999971,6.10779100000002]},"properties":{"id":104478,"nom":"MP HABITAT_PRESCOLAIRE","type":"ecole maternelle","district_region":null,"departement_commune":null,"verifie":true,"name":"MP HABITAT_PRESCOLAIRE","source":"Géoportail ANSTAT"}},{"type":"Feature","geometry":{"type":"Point","coordinates":[-4.073799999999949,5.32710000000003]},"properties":{"id":104479,"nom":"MP MUNICIPALITE_PRESCOLAIRE","type":"ecole maternelle","district_region":null,"departement_commune":null,"verifie":true,"name":"MP MUNICIPALITE_PRESCOLAIRE","source":"Géoportail ANSTAT"}},{"type":"Feature","geometry":{"type":"Point","coordinates":[-5.122999999999934,5.445500000000038]},"properties":{"id":104480,"nom":"MV LA MARRAINE_PRESCOLAIRE","type":"ecole maternelle","district_region":null,"departement_commune":null,"verifie":true,"name":"MV LA MARRAINE_PRESCOLAIRE","source":"Géoportail ANSTAT"}},{"type":"Feature","geometry":{"type":"Point","coordinates":[-5.94241999999997,6.136420000000044]},"properties":{"id":104481,"nom":"MP MUNICIPALE_PRESCOLAIRE","type":"ecole maternelle","district_region":null,"departement_commune":null,"verifie":true,"name":"MP MUNICIPALE_PRESCOLAIRE","source":"Géoportail ANSTAT"}},{"type":"Feature","geometry":{"type":"Point","coordinates":[-5.600332999999978,9.448878000000036]},"properties":{"id":104482,"nom":"MP LES TISSERINS DE KASSIRIME_PRESCOLAIRE","type":"ecole maternelle","district_region":null,"departement_commune":null,"verifie":true,"name":"MP LES TISSERINS DE KASSIRIME_PRESCOLAIRE","source":"Géoportail ANSTAT"}},{"type":"Feature","geometry":{"type":"Point","coordinates":[-3.010193999999956,7.482390000000066]},"properties":{"id":104483,"nom":"MP 2_PRESCOLAIRE","type":"ecole maternelle","district_region":null,"departement_commune":null,"verifie":true,"name":"MP 2_PRESCOLAIRE","source":"Géoportail ANSTAT"}},{"type":"Feature","geometry":{"type":"Point","coordinates":[-3.168283999999971,7.799509000000057]},"properties":{"id":104484,"nom":"MP MUNICIPALE TANDA_PRESCOLAIRE","type":"ecole maternelle","district_region":null,"departement_commune":null,"verifie":true,"name":"MP MUNICIPALE TANDA_PRESCOLAIRE","source":"Géoportail ANSTAT"}},{"type":"Feature","geometry":{"type":"Point","coordinates":[-5.273599999999931,6.788600000000031]},"properties":{"id":104485,"nom":"MV SANTA FAMILIA_PRESCOLAIRE","type":"ecole maternelle","district_region":null,"departement_commune":null,"verifie":true,"name":"MV SANTA FAMILIA_PRESCOLAIRE","source":"Géoportail ANSTAT"}},{"type":"Feature","geometry":{"type":"Point","coordinates":[-3.96999999999997,5.310000000000059]},"properties":{"id":104486,"nom":"MV INSTITUT FROEBEL LAT TULIPE_PRESCOLAIRE","type":"ecole maternelle","district_region":null,"departement_commune":null,"verifie":true,"name":"MV INSTITUT FROEBEL LAT TULIPE_PRESCOLAIRE","source":"Géoportail ANSTAT"}},{"type":"Feature","geometry":{"type":"Point","coordinates":[-5.944766999999956,6.134963000000027]},"properties":{"id":104487,"nom":"MP HENRIETTE DAGRI DIABATE_PRESCOLAIRE","type":"ecole maternelle","district_region":null,"departement_commune":null,"verifie":true,"name":"MP HENRIETTE DAGRI DIABATE_PRESCOLAIRE","source":"Géoportail ANSTAT"}},{"type":"Feature","geometry":{"type":"Point","coordinates":[-5.355874999999969,5.833927000000074]},"properties":{"id":104488,"nom":"MC METHODISTE_PRESCOLAIRE","type":"ecole maternelle","district_region":null,"departement_commune":null,"verifie":true,"name":"MC METHODISTE_PRESCOLAIRE","source":"Géoportail ANSTAT"}},{"type":"Feature","geometry":{"type":"Point","coordinates":[-3.358399999999961,5.968000000000075]},"properties":{"id":104489,"nom":"MV EXTERNAT SAINT JACQUES DEUX PLATEAUX_PRESCOLAIRE","type":"ecole maternelle","district_region":null,"departement_commune":null,"verifie":true,"name":"MV EXTERNAT SAINT JACQUES DEUX PLATEAUX_PRESCOLAIRE","source":"Géoportail ANSTAT"}},{"type":"Feature","geometry":{"type":"Point","coordinates":[-4.114202999999975,5.345110000000034]},"properties":{"id":104490,"nom":"MV RAMAT_PRESCOLAIRE","type":"ecole maternelle","district_region":null,"departement_commune":null,"verifie":true,"name":"MV RAMAT_PRESCOLAIRE","source":"Géoportail ANSTAT"}},{"type":"Feature","geometry":{"type":"Point","coordinates":[-4.550649999999962,5.193870000000061]},"properties":{"id":104491,"nom":"MP SICOGI PONT_PRESCOLAIRE","type":"ecole maternelle","district_region":null,"departement_commune":null,"verifie":true,"name":"MP SICOGI PONT_PRESCOLAIRE","source":"Géoportail ANSTAT"}},{"type":"Feature","geometry":{"type":"Point","coordinates":[-6.57925599999993,6.492459000000053]},"properties":{"id":104492,"nom":"MP LES COLOMBES_PRESCOLAIRE","type":"ecole maternelle","district_region":null,"departement_commune":null,"verifie":true,"name":"MP LES COLOMBES_PRESCOLAIRE","source":"Géoportail ANSTAT"}},{"type":"Feature","geometry":{"type":"Point","coordinates":[-4.337524999999971,7.456420000000037]},"properties":{"id":104493,"nom":"MP CENTRE_PRESCOLAIRE","type":"ecole maternelle","district_region":null,"departement_commune":null,"verifie":true,"name":"MP CENTRE_PRESCOLAIRE","source":"Géoportail ANSTAT"}},{"type":"Feature","geometry":{"type":"Point","coordinates":[-5.658527999999933,9.41144900000006]},"properties":{"id":104494,"nom":"MP DOKAHA_PRESCOLAIRE","type":"ecole maternelle","district_region":null,"departement_commune":null,"verifie":true,"name":"MP DOKAHA_PRESCOLAIRE","source":"Géoportail ANSTAT"}},{"type":"Feature","geometry":{"type":"Point","coordinates":[-3.929816999999957,5.369030000000066]},"properties":{"id":104495,"nom":"MV HENRI CARTAN_PRESCOLAIRE","type":"ecole maternelle","district_region":null,"departement_commune":null,"verifie":true,"name":"MV HENRI CARTAN_PRESCOLAIRE","source":"Géoportail ANSTAT"}},{"type":"Feature","geometry":{"type":"Point","coordinates":[-3.269699999999943,5.636900000000026]},"properties":{"id":104496,"nom":"MP MATERNELLE STAR 9B_PRESCOLAIRE","type":"ecole maternelle","district_region":null,"departement_commune":null,"verifie":true,"name":"MP MATERNELLE STAR 9B_PRESCOLAIRE","source":"Géoportail ANSTAT"}},{"type":"Feature","geometry":{"type":"Point","coordinates":[-5.093799999999931,8.139855000000068]},"properties":{"id":104497,"nom":"MC NOTRE DAME DE LA PAIX_PRESCOLAIRE","type":"ecole maternelle","district_region":null,"departement_commune":null,"verifie":true,"name":"MC NOTRE DAME DE LA PAIX_PRESCOLAIRE","source":"Géoportail ANSTAT"}},{"type":"Feature","geometry":{"type":"Point","coordinates":[-4.059999999999945,5.32000000000005]},"properties":{"id":104498,"nom":"MC METHODISTE_PRESCOLAIRE","type":"ecole maternelle","district_region":null,"departement_commune":null,"verifie":true,"name":"MC METHODISTE_PRESCOLAIRE","source":"Géoportail ANSTAT"}},{"type":"Feature","geometry":{"type":"Point","coordinates":[-6.449999999999932,6.86000000000007]},"properties":{"id":104499,"nom":"MP ORLY_PRESCOLAIRE","type":"ecole maternelle","district_region":null,"departement_commune":null,"verifie":true,"name":"MP ORLY_PRESCOLAIRE","source":"Géoportail ANSTAT"}},{"type":"Feature","geometry":{"type":"Point","coordinates":[-3.988664999999969,5.400196000000051]},"properties":{"id":104500,"nom":"MV NOTRE DAME DES DEUX PLATEAUX_PRESCOLAIRE","type":"ecole maternelle","district_region":null,"departement_commune":null,"verifie":true,"name":"MV NOTRE DAME DES DEUX PLATEAUX_PRESCOLAIRE","source":"Géoportail ANSTAT"}},{"type":"Feature","geometry":{"type":"Point","coordinates":[-5.366088999999931,5.83771500000006]},"properties":{"id":104501,"nom":"MP DIVO PLATEAU LES COLOMBES_PRESCOLAIRE","type":"ecole maternelle","district_region":null,"departement_commune":null,"verifie":true,"name":"MP DIVO PLATEAU LES COLOMBES_PRESCOLAIRE","source":"Géoportail ANSTAT"}},{"type":"Feature","geometry":{"type":"Point","coordinates":[-5.040570999999943,7.676019000000053]},"properties":{"id":104502,"nom":"MP N GATTAKRO 2_PRESCOLAIRE","type":"ecole maternelle","district_region":null,"departement_commune":null,"verifie":true,"name":"MP N GATTAKRO 2_PRESCOLAIRE","source":"Géoportail ANSTAT"}},{"type":"Feature","geometry":{"type":"Point","coordinates":[-3.943296999999973,5.981857000000048]},"properties":{"id":104503,"nom":"MP DOMINIQUE OUATTARA_PRESCOLAIRE","type":"ecole maternelle","district_region":null,"departement_commune":null,"verifie":true,"name":"MP DOMINIQUE OUATTARA_PRESCOLAIRE","source":"Géoportail ANSTAT"}},{"type":"Feature","geometry":{"type":"Point","coordinates":[-6.136547999999948,7.355436000000054]},"properties":{"id":104504,"nom":"MP SODESUCRE_PRESCOLAIRE","type":"ecole maternelle","district_region":null,"departement_commune":null,"verifie":true,"name":"MP SODESUCRE_PRESCOLAIRE","source":"Géoportail ANSTAT"}},{"type":"Feature","geometry":{"type":"Point","coordinates":[-3.973797999999931,8.295421000000033]},"properties":{"id":104505,"nom":"MP ASSAMOI ALPHONSE_PRESCOLAIRE","type":"ecole maternelle","district_region":null,"departement_commune":null,"verifie":true,"name":"MP ASSAMOI ALPHONSE_PRESCOLAIRE","source":"Géoportail ANSTAT"}},{"type":"Feature","geometry":{"type":"Point","coordinates":[-4.03297699999996,5.361045000000047]},"properties":{"id":104506,"nom":"MP AGBAN VILLAGE_PRESCOLAIRE","type":"ecole maternelle","district_region":null,"departement_commune":null,"verifie":true,"name":"MP AGBAN VILLAGE_PRESCOLAIRE","source":"Géoportail ANSTAT"}},{"type":"Feature","geometry":{"type":"Point","coordinates":[-3.96663899999993,5.28471600000006]},"properties":{"id":104507,"nom":"MP COLLECTIF_PRESCOLAIRE","type":"ecole maternelle","district_region":null,"departement_commune":null,"verifie":true,"name":"MP COLLECTIF_PRESCOLAIRE","source":"Géoportail ANSTAT"}},{"type":"Feature","geometry":{"type":"Point","coordinates":[-5.27342699999997,9.296303000000025]},"properties":{"id":104508,"nom":"MP EXTENSION SODESUCRE FERKE 2_PRESCOLAIRE","type":"ecole maternelle","district_region":null,"departement_commune":null,"verifie":true,"name":"MP EXTENSION SODESUCRE FERKE 2_PRESCOLAIRE","source":"Géoportail ANSTAT"}},{"type":"Feature","geometry":{"type":"Point","coordinates":[-6.607114999999965,8.476755000000026]},"properties":{"id":104509,"nom":"PRESCOLAIRE DE KANI_PRESCOLAIRE","type":"ecole maternelle","district_region":null,"departement_commune":null,"verifie":true,"name":"PRESCOLAIRE DE KANI_PRESCOLAIRE","source":"Géoportail ANSTAT"}},{"type":"Feature","geometry":{"type":"Point","coordinates":[-3.956159999999954,5.356970000000047]},"properties":{"id":104510,"nom":"MV LES AMIS DE SAINT JOSEPH_PRESCOLAIRE","type":"ecole maternelle","district_region":null,"departement_commune":null,"verifie":true,"name":"MV LES AMIS DE SAINT JOSEPH_PRESCOLAIRE","source":"Géoportail ANSTAT"}},{"type":"Feature","geometry":{"type":"Point","coordinates":[-3.935569999999927,5.373663000000022]},"properties":{"id":104511,"nom":"MP GENIE 2000 A_PRESCOLAIRE","type":"ecole maternelle","district_region":null,"departement_commune":null,"verifie":true,"name":"MP GENIE 2000 A_PRESCOLAIRE","source":"Géoportail ANSTAT"}},{"type":"Feature","geometry":{"type":"Point","coordinates":[-3.977149999999938,5.34048400000006]},"properties":{"id":104512,"nom":"MP RIVIERA GOLF 1_PRESCOLAIRE","type":"ecole maternelle","district_region":null,"departement_commune":null,"verifie":true,"name":"MP RIVIERA GOLF 1_PRESCOLAIRE","source":"Géoportail ANSTAT"}},{"type":"Feature","geometry":{"type":"Point","coordinates":[-5.001480999999956,7.719889000000023]},"properties":{"id":104513,"nom":"MP BELLEVILLE NORD_PRESCOLAIRE","type":"ecole maternelle","district_region":null,"departement_commune":null,"verifie":true,"name":"MP BELLEVILLE NORD_PRESCOLAIRE","source":"Géoportail ANSTAT"}},{"type":"Feature","geometry":{"type":"Point","coordinates":[-3.96115199999997,5.371168000000068]},"properties":{"id":104514,"nom":"MV DIVINE GRACE_PRESCOLAIRE","type":"ecole maternelle","district_region":null,"departement_commune":null,"verifie":true,"name":"MV DIVINE GRACE_PRESCOLAIRE","source":"Géoportail ANSTAT"}},{"type":"Feature","geometry":{"type":"Point","coordinates":[-3.96999999999997,5.300000000000068]},"properties":{"id":104515,"nom":"MP MAGIC SYSTEM_PRESCOLAIRE","type":"ecole maternelle","district_region":null,"departement_commune":null,"verifie":true,"name":"MP MAGIC SYSTEM_PRESCOLAIRE","source":"Géoportail ANSTAT"}},{"type":"Feature","geometry":{"type":"Point","coordinates":[-5.098999999999933,8.133000000000038]},"properties":{"id":104516,"nom":"PRESCOLAIRE KATIOLA SUD_PRESCOLAIRE","type":"ecole maternelle","district_region":null,"departement_commune":null,"verifie":true,"name":"PRESCOLAIRE KATIOLA SUD_PRESCOLAIRE","source":"Géoportail ANSTAT"}},{"type":"Feature","geometry":{"type":"Point","coordinates":[-6.45832299999995,6.888619000000062]},"properties":{"id":104517,"nom":"MP STADE_PRESCOLAIRE","type":"ecole maternelle","district_region":null,"departement_commune":null,"verifie":true,"name":"MP STADE_PRESCOLAIRE","source":"Géoportail ANSTAT"}},{"type":"Feature","geometry":{"type":"Point","coordinates":[-3.662717999999927,5.502003000000059]},"properties":{"id":104518,"nom":"MP LA COLOMBE ALEPE_PRESCOLAIRE","type":"ecole maternelle","district_region":null,"departement_commune":null,"verifie":true,"name":"MP LA COLOMBE ALEPE_PRESCOLAIRE","source":"Géoportail ANSTAT"}},{"type":"Feature","geometry":{"type":"Point","coordinates":[-3.154907999999978,5.607605000000035]},"properties":{"id":104519,"nom":"MP MUNICIPALE AYAME_PRESCOLAIRE","type":"ecole maternelle","district_region":null,"departement_commune":null,"verifie":true,"name":"MP MUNICIPALE AYAME_PRESCOLAIRE","source":"Géoportail ANSTAT"}},{"type":"Feature","geometry":{"type":"Point","coordinates":[-4.020563999999979,5.363799000000029]},"properties":{"id":104520,"nom":"MP JEAN PORQUET_PRESCOLAIRE","type":"ecole maternelle","district_region":null,"departement_commune":null,"verifie":true,"name":"MP JEAN PORQUET_PRESCOLAIRE","source":"Géoportail ANSTAT"}},{"type":"Feature","geometry":{"type":"Point","coordinates":[-5.046160999999927,7.718087000000025]},"properties":{"id":104521,"nom":"MP WALEBO_PRESCOLAIRE","type":"ecole maternelle","district_region":null,"departement_commune":null,"verifie":true,"name":"MP WALEBO_PRESCOLAIRE","source":"Géoportail ANSTAT"}},{"type":"Feature","geometry":{"type":"Point","coordinates":[-5.007309999999961,6.562980000000039]},"properties":{"id":104522,"nom":"MP SIMONE TCHINAH_PRESCOLAIRE","type":"ecole maternelle","district_region":null,"departement_commune":null,"verifie":true,"name":"MP SIMONE TCHINAH_PRESCOLAIRE","source":"Géoportail ANSTAT"}},{"type":"Feature","geometry":{"type":"Point","coordinates":[-3.967064999999934,5.390722000000039]},"properties":{"id":104523,"nom":"MP ROSIERS 5_PRESCOLAIRE","type":"ecole maternelle","district_region":null,"departement_commune":null,"verifie":true,"name":"MP ROSIERS 5_PRESCOLAIRE","source":"Géoportail ANSTAT"}},{"type":"Feature","geometry":{"type":"Point","coordinates":[-3.949659999999938,6.322565000000054]},"properties":{"id":104524,"nom":"MP MUNICIPALE AFFERY_PRESCOLAIRE","type":"ecole maternelle","district_region":null,"departement_commune":null,"verifie":true,"name":"MP MUNICIPALE AFFERY_PRESCOLAIRE","source":"Géoportail ANSTAT"}},{"type":"Feature","geometry":{"type":"Point","coordinates":[-3.403617999999938,6.079078000000038]},"properties":{"id":104525,"nom":"MP MUNICIPALE BETTIE_PRESCOLAIRE","type":"ecole maternelle","district_region":null,"departement_commune":null,"verifie":true,"name":"MP MUNICIPALE BETTIE_PRESCOLAIRE","source":"Géoportail ANSTAT"}},{"type":"Feature","geometry":{"type":"Point","coordinates":[-5.055619999999976,7.724750000000029]},"properties":{"id":104526,"nom":"MP GONFREVILLE 1_PRESCOLAIRE","type":"ecole maternelle","district_region":null,"departement_commune":null,"verifie":true,"name":"MP GONFREVILLE 1_PRESCOLAIRE","source":"Géoportail ANSTAT"}},{"type":"Feature","geometry":{"type":"Point","coordinates":[-6.437639999999931,6.894332000000077]},"properties":{"id":104527,"nom":"MP BOUABRE KIPRE RAPHAEL_PRESCOLAIRE","type":"ecole maternelle","district_region":null,"departement_commune":null,"verifie":true,"name":"MP BOUABRE KIPRE RAPHAEL_PRESCOLAIRE","source":"Géoportail ANSTAT"}},{"type":"Feature","geometry":{"type":"Point","coordinates":[-3.641217999999981,5.309223000000031]},"properties":{"id":104528,"nom":"MP MOTOBE_PRESCOLAIRE","type":"ecole maternelle","district_region":null,"departement_commune":null,"verifie":true,"name":"MP MOTOBE_PRESCOLAIRE","source":"Géoportail ANSTAT"}},{"type":"Feature","geometry":{"type":"Point","coordinates":[-4.079610999999943,5.32996600000007]},"properties":{"id":104529,"nom":"MP SICOGI 11_PRESCOLAIRE","type":"ecole maternelle","district_region":null,"departement_commune":null,"verifie":true,"name":"MP SICOGI 11_PRESCOLAIRE","source":"Géoportail ANSTAT"}},{"type":"Feature","geometry":{"type":"Point","coordinates":[-6.43805999999995,9.151499000000058]},"properties":{"id":104530,"nom":"MP FATOUMATA GON COULIBALY_PRESCOLAIRE","type":"ecole maternelle","district_region":null,"departement_commune":null,"verifie":true,"name":"MP FATOUMATA GON COULIBALY_PRESCOLAIRE","source":"Géoportail ANSTAT"}},{"type":"Feature","geometry":{"type":"Point","coordinates":[-4.704743999999948,6.659830000000056]},"properties":{"id":104531,"nom":"MP MUNICIPALE PLATEAU 1_PRESCOLAIRE","type":"ecole maternelle","district_region":null,"departement_commune":null,"verifie":true,"name":"MP MUNICIPALE PLATEAU 1_PRESCOLAIRE","source":"Géoportail ANSTAT"}},{"type":"Feature","geometry":{"type":"Point","coordinates":[-5.152582999999936,9.97763100000003]},"properties":{"id":104532,"nom":"MP AVIATION_PRESCOLAIRE","type":"ecole maternelle","district_region":null,"departement_commune":null,"verifie":true,"name":"MP AVIATION_PRESCOLAIRE","source":"Géoportail ANSTAT"}},{"type":"Feature","geometry":{"type":"Point","coordinates":[-4.047919999999976,5.449488000000031]},"properties":{"id":104533,"nom":"MP RESIDENCE CONCORDE A_PRESCOLAIRE","type":"ecole maternelle","district_region":null,"departement_commune":null,"verifie":true,"name":"MP RESIDENCE CONCORDE A_PRESCOLAIRE","source":"Géoportail ANSTAT"}},{"type":"Feature","geometry":{"type":"Point","coordinates":[-3.599345999999969,5.277179000000046]},"properties":{"id":104534,"nom":"MP MOULO BROU_PRESCOLAIRE","type":"ecole maternelle","district_region":null,"departement_commune":null,"verifie":true,"name":"MP MOULO BROU_PRESCOLAIRE","source":"Géoportail ANSTAT"}},{"type":"Feature","geometry":{"type":"Point","coordinates":[-4.099109999999939,5.336288000000025]},"properties":{"id":104535,"nom":"MP BAD ANANERAIE_PRESCOLAIRE","type":"ecole maternelle","district_region":null,"departement_commune":null,"verifie":true,"name":"MP BAD ANANERAIE_PRESCOLAIRE","source":"Géoportail ANSTAT"}},{"type":"Feature","geometry":{"type":"Point","coordinates":[-7.544944999999927,7.408822000000043]},"properties":{"id":104536,"nom":"MP KOKO_PRESCOLAIRE","type":"ecole maternelle","district_region":null,"departement_commune":null,"verifie":true,"name":"MP KOKO_PRESCOLAIRE","source":"Géoportail ANSTAT"}},{"type":"Feature","geometry":{"type":"Point","coordinates":[-4.385351999999955,5.319414000000052]},"properties":{"id":104537,"nom":"MP AGNIMEL YACE_PRESCOLAIRE","type":"ecole maternelle","district_region":null,"departement_commune":null,"verifie":true,"name":"MP AGNIMEL YACE_PRESCOLAIRE","source":"Géoportail ANSTAT"}},{"type":"Feature","geometry":{"type":"Point","coordinates":[-4.078303999999946,5.337593000000027]},"properties":{"id":104538,"nom":"MP SICOGI 2_PRESCOLAIRE","type":"ecole maternelle","district_region":null,"departement_commune":null,"verifie":true,"name":"MP SICOGI 2_PRESCOLAIRE","source":"Géoportail ANSTAT"}},{"type":"Feature","geometry":{"type":"Point","coordinates":[-3.295354999999972,5.263998000000072]},"properties":{"id":104539,"nom":"MP MUNICIPALITE_PRESCOLAIRE","type":"ecole maternelle","district_region":null,"departement_commune":null,"verifie":true,"name":"MP MUNICIPALITE_PRESCOLAIRE","source":"Géoportail ANSTAT"}},{"type":"Feature","geometry":{"type":"Point","coordinates":[-4.153579999999977,5.313600000000065]},"properties":{"id":104540,"nom":"MP ABADJIN DOUME_PRESCOLAIRE","type":"ecole maternelle","district_region":null,"departement_commune":null,"verifie":true,"name":"MP ABADJIN DOUME_PRESCOLAIRE","source":"Géoportail ANSTAT"}},{"type":"Feature","geometry":{"type":"Point","coordinates":[-4.386229999999955,5.321610000000021]},"properties":{"id":104541,"nom":"MP LEBOUTOU_PRESCOLAIRE","type":"ecole maternelle","district_region":null,"departement_commune":null,"verifie":true,"name":"MP LEBOUTOU_PRESCOLAIRE","source":"Géoportail ANSTAT"}},{"type":"Feature","geometry":{"type":"Point","coordinates":[-5.638612999999964,9.464101000000028]},"properties":{"id":104542,"nom":"MP LES CHERUBINS DE NANGUIN_PRESCOLAIRE","type":"ecole maternelle","district_region":null,"departement_commune":null,"verifie":true,"name":"MP LES CHERUBINS DE NANGUIN_PRESCOLAIRE","source":"Géoportail ANSTAT"}},{"type":"Feature","geometry":{"type":"Point","coordinates":[-5.050401999999963,7.667680000000075]},"properties":{"id":104543,"nom":"MP BROUKRO 1B_PRESCOLAIRE","type":"ecole maternelle","district_region":null,"departement_commune":null,"verifie":true,"name":"MP BROUKRO 1B_PRESCOLAIRE","source":"Géoportail ANSTAT"}},{"type":"Feature","geometry":{"type":"Point","coordinates":[-3.206289999999967,5.471031000000039]},"properties":{"id":104544,"nom":"MP ABOISSO 2_PRESCOLAIRE","type":"ecole maternelle","district_region":null,"departement_commune":null,"verifie":true,"name":"MP ABOISSO 2_PRESCOLAIRE","source":"Géoportail ANSTAT"}},{"type":"Feature","geometry":{"type":"Point","coordinates":[-3.254199999999969,7.47968000000003]},"properties":{"id":104545,"nom":"MP KOUN-FAO 2_PRESCOLAIRE","type":"ecole maternelle","district_region":null,"departement_commune":null,"verifie":true,"name":"MP KOUN-FAO 2_PRESCOLAIRE","source":"Géoportail ANSTAT"}},{"type":"Feature","geometry":{"type":"Point","coordinates":[-5.95999999999998,6.130000000000052]},"properties":{"id":104546,"nom":"MP BELLE VILLE_PRESCOLAIRE","type":"ecole maternelle","district_region":null,"departement_commune":null,"verifie":true,"name":"MP BELLE VILLE_PRESCOLAIRE","source":"Géoportail ANSTAT"}},{"type":"Feature","geometry":{"type":"Point","coordinates":[-5.963869999999929,6.119133000000033]},"properties":{"id":104547,"nom":"MP BAROUHIO_PRESCOLAIRE","type":"ecole maternelle","district_region":null,"departement_commune":null,"verifie":true,"name":"MP BAROUHIO_PRESCOLAIRE","source":"Géoportail ANSTAT"}},{"type":"Feature","geometry":{"type":"Point","coordinates":[-5.540197999999975,7.035100000000057]},"properties":{"id":104548,"nom":"MP DEHITA_PRESCOLAIRE","type":"ecole maternelle","district_region":null,"departement_commune":null,"verifie":true,"name":"MP DEHITA_PRESCOLAIRE","source":"Géoportail ANSTAT"}},{"type":"Feature","geometry":{"type":"Point","coordinates":[-3.961999999999932,5.537000000000035]},"properties":{"id":104549,"nom":"MP ATTIEKOI_PRESCOLAIRE","type":"ecole maternelle","district_region":null,"departement_commune":null,"verifie":true,"name":"MP ATTIEKOI_PRESCOLAIRE","source":"Géoportail ANSTAT"}},{"type":"Feature","geometry":{"type":"Point","coordinates":[-5.176175999999941,7.787460000000067]},"properties":{"id":104550,"nom":"MP NANAN KOUASSI BATTEY_PRESCOLAIRE","type":"ecole maternelle","district_region":null,"departement_commune":null,"verifie":true,"name":"MP NANAN KOUASSI BATTEY_PRESCOLAIRE","source":"Géoportail ANSTAT"}},{"type":"Feature","geometry":{"type":"Point","coordinates":[-5.605619999999931,9.460690000000056]},"properties":{"id":104551,"nom":"MP LES BAMBINS DE PETIT-PARIS_PRESCOLAIRE","type":"ecole maternelle","district_region":null,"departement_commune":null,"verifie":true,"name":"MP LES BAMBINS DE PETIT-PARIS_PRESCOLAIRE","source":"Géoportail ANSTAT"}},{"type":"Feature","geometry":{"type":"Point","coordinates":[-3.944770999999946,5.328863000000069]},"properties":{"id":104552,"nom":"MV ALGHADIR_PRESCOLAIRE","type":"ecole maternelle","district_region":null,"departement_commune":null,"verifie":true,"name":"MV ALGHADIR_PRESCOLAIRE","source":"Géoportail ANSTAT"}},{"type":"Feature","geometry":{"type":"Point","coordinates":[-5.016389999999944,7.67381000000006]},"properties":{"id":104553,"nom":"MV ERE NOUVELLE_PRESCOLAIRE","type":"ecole maternelle","district_region":null,"departement_commune":null,"verifie":true,"name":"MV ERE NOUVELLE_PRESCOLAIRE","source":"Géoportail ANSTAT"}},{"type":"Feature","geometry":{"type":"Point","coordinates":[-2.794744999999978,8.028976000000057]},"properties":{"id":104554,"nom":"MC  EL BANITEIM_PRESCOLAIRE","type":"ecole maternelle","district_region":null,"departement_commune":null,"verifie":true,"name":"MC  EL BANITEIM_PRESCOLAIRE","source":"Géoportail ANSTAT"}},{"type":"Feature","geometry":{"type":"Point","coordinates":[-4.00794499999995,5.369356000000039]},"properties":{"id":104555,"nom":"MV SHALOM_PRESCOLAIRE","type":"ecole maternelle","district_region":null,"departement_commune":null,"verifie":true,"name":"MV SHALOM_PRESCOLAIRE","source":"Géoportail ANSTAT"}},{"type":"Feature","geometry":{"type":"Point","coordinates":[-5.64072699999997,9.48538000000002]},"properties":{"id":104556,"nom":"MC SAKAFAT ISLAMIAT_PRESCOLAIRE","type":"ecole maternelle","district_region":null,"departement_commune":null,"verifie":true,"name":"MC SAKAFAT ISLAMIAT_PRESCOLAIRE","source":"Géoportail ANSTAT"}},{"type":"Feature","geometry":{"type":"Point","coordinates":[-4.124442999999928,5.551078000000075]},"properties":{"id":104557,"nom":"MP 4 APPLICATION_PRESCOLAIRE","type":"ecole maternelle","district_region":null,"departement_commune":null,"verifie":true,"name":"MP 4 APPLICATION_PRESCOLAIRE","source":"Géoportail ANSTAT"}},{"type":"Feature","geometry":{"type":"Point","coordinates":[-4.080311999999935,5.35348300000004]},"properties":{"id":104558,"nom":"MP BANCO 2_PRESCOLAIRE","type":"ecole maternelle","district_region":null,"departement_commune":null,"verifie":true,"name":"MP BANCO 2_PRESCOLAIRE","source":"Géoportail ANSTAT"}},{"type":"Feature","geometry":{"type":"Point","coordinates":[-3.966774999999927,5.310250000000053]},"properties":{"id":104559,"nom":"MP  ALIODAN BAD_PRESCOLAIRE","type":"ecole maternelle","district_region":null,"departement_commune":null,"verifie":true,"name":"MP  ALIODAN BAD_PRESCOLAIRE","source":"Géoportail ANSTAT"}},{"type":"Feature","geometry":{"type":"Point","coordinates":[-4.064093999999955,5.320648000000062]},"properties":{"id":104560,"nom":"MP SIPOREX 7_PRESCOLAIRE","type":"ecole maternelle","district_region":null,"departement_commune":null,"verifie":true,"name":"MP SIPOREX 7_PRESCOLAIRE","source":"Géoportail ANSTAT"}},{"type":"Feature","geometry":{"type":"Point","coordinates":[-5.065287999999953,7.668279000000041]},"properties":{"id":104561,"nom":"MP N DAKRO 2_PRESCOLAIRE","type":"ecole maternelle","district_region":null,"departement_commune":null,"verifie":true,"name":"MP N DAKRO 2_PRESCOLAIRE","source":"Géoportail ANSTAT"}},{"type":"Feature","geometry":{"type":"Point","coordinates":[-3.509566999999947,6.733593000000042]},"properties":{"id":104562,"nom":"MP HENRI KONAN BEDIE_PRESCOLAIRE","type":"ecole maternelle","district_region":null,"departement_commune":null,"verifie":true,"name":"MP HENRI KONAN BEDIE_PRESCOLAIRE","source":"Géoportail ANSTAT"}},{"type":"Feature","geometry":{"type":"Point","coordinates":[-5.017275999999981,6.558385000000044]},"properties":{"id":104563,"nom":"MP AKLOMIANBLA_PRESCOLAIRE","type":"ecole maternelle","district_region":null,"departement_commune":null,"verifie":true,"name":"MP AKLOMIANBLA_PRESCOLAIRE","source":"Géoportail ANSTAT"}},{"type":"Feature","geometry":{"type":"Point","coordinates":[-3.686599999999942,5.996800000000064]},"properties":{"id":104564,"nom":"MP AGHIEN_PRESCOLAIRE","type":"ecole maternelle","district_region":null,"departement_commune":null,"verifie":true,"name":"MP AGHIEN_PRESCOLAIRE","source":"Géoportail ANSTAT"}},{"type":"Feature","geometry":{"type":"Point","coordinates":[-4.045099999999934,5.315800000000024]},"properties":{"id":104565,"nom":"MV IRIS DE YOPOUGON AGBAYATE_PRESCOLAIRE","type":"ecole maternelle","district_region":null,"departement_commune":null,"verifie":true,"name":"MV IRIS DE YOPOUGON AGBAYATE_PRESCOLAIRE","source":"Géoportail ANSTAT"}},{"type":"Feature","geometry":{"type":"Point","coordinates":[-3.985348999999928,5.265399000000059]},"properties":{"id":104566,"nom":"MP VRIDI CHAPELLE_PRESCOLAIRE","type":"ecole maternelle","district_region":null,"departement_commune":null,"verifie":true,"name":"MP VRIDI CHAPELLE_PRESCOLAIRE","source":"Géoportail ANSTAT"}},{"type":"Feature","geometry":{"type":"Point","coordinates":[-5.932665999999926,6.11349000000007]},"properties":{"id":104567,"nom":"MP LONACI_PRESCOLAIRE","type":"ecole maternelle","district_region":null,"departement_commune":null,"verifie":true,"name":"MP LONACI_PRESCOLAIRE","source":"Géoportail ANSTAT"}},{"type":"Feature","geometry":{"type":"Point","coordinates":[-5.264606999999955,6.775355000000047]},"properties":{"id":104568,"nom":"MV THOMAS Q AQUIN_PRESCOLAIRE","type":"ecole maternelle","district_region":null,"departement_commune":null,"verifie":true,"name":"MV THOMAS Q AQUIN_PRESCOLAIRE","source":"Géoportail ANSTAT"}},{"type":"Feature","geometry":{"type":"Point","coordinates":[-3.381447999999978,5.406158000000062]},"properties":{"id":104569,"nom":"MP KOFFIKRO BASSAM_PRESCOLAIRE","type":"ecole maternelle","district_region":null,"departement_commune":null,"verifie":true,"name":"MP KOFFIKRO BASSAM_PRESCOLAIRE","source":"Géoportail ANSTAT"}},{"type":"Feature","geometry":{"type":"Point","coordinates":[-5.568439999999953,5.860630000000072]},"properties":{"id":104570,"nom":"MP LAKOTA 1_PRESCOLAIRE","type":"ecole maternelle","district_region":null,"departement_commune":null,"verifie":true,"name":"MP LAKOTA 1_PRESCOLAIRE","source":"Géoportail ANSTAT"}},{"type":"Feature","geometry":{"type":"Point","coordinates":[-5.010313999999937,7.689962000000037]},"properties":{"id":104571,"nom":"PRESCOLAIRE ANNEXE A DE SOKOURA_PRESCOLAIRE","type":"ecole maternelle","district_region":null,"departement_commune":null,"verifie":true,"name":"PRESCOLAIRE ANNEXE A DE SOKOURA_PRESCOLAIRE","source":"Géoportail ANSTAT"}},{"type":"Feature","geometry":{"type":"Point","coordinates":[-5.669711999999947,9.475659000000064]},"properties":{"id":104572,"nom":"MP WAWONVOGO_PRESCOLAIRE","type":"ecole maternelle","district_region":null,"departement_commune":null,"verifie":true,"name":"MP WAWONVOGO_PRESCOLAIRE","source":"Géoportail ANSTAT"}},{"type":"Feature","geometry":{"type":"Point","coordinates":[-6.650826999999936,4.769186000000047]},"properties":{"id":104573,"nom":"MP BARDOT CENTRE_PRESCOLAIRE","type":"ecole maternelle","district_region":null,"departement_commune":null,"verifie":true,"name":"MP BARDOT CENTRE_PRESCOLAIRE","source":"Géoportail ANSTAT"}},{"type":"Feature","geometry":{"type":"Point","coordinates":[-4.145299999999963,5.366390000000024]},"properties":{"id":104574,"nom":"MP IRCA-IRFA_PRESCOLAIRE","type":"ecole maternelle","district_region":null,"departement_commune":null,"verifie":true,"name":"MP IRCA-IRFA_PRESCOLAIRE","source":"Géoportail ANSTAT"}},{"type":"Feature","geometry":{"type":"Point","coordinates":[-4.207869999999957,5.320626000000061]},"properties":{"id":104575,"nom":"MP KASSEMBLE_PRESCOLAIRE","type":"ecole maternelle","district_region":null,"departement_commune":null,"verifie":true,"name":"MP KASSEMBLE_PRESCOLAIRE","source":"Géoportail ANSTAT"}},{"type":"Feature","geometry":{"type":"Point","coordinates":[-4.001472999999976,5.306763000000046]},"properties":{"id":104576,"nom":"MP REGIONALE_PRESCOLAIRE","type":"ecole maternelle","district_region":null,"departement_commune":null,"verifie":true,"name":"MP REGIONALE_PRESCOLAIRE","source":"Géoportail ANSTAT"}},{"type":"Feature","geometry":{"type":"Point","coordinates":[-4.011169999999936,5.406367000000046]},"properties":{"id":104577,"nom":"MV NANTI_PRESCOLAIRE","type":"ecole maternelle","district_region":null,"departement_commune":null,"verifie":true,"name":"MV NANTI_PRESCOLAIRE","source":"Géoportail ANSTAT"}},{"type":"Feature","geometry":{"type":"Point","coordinates":[-3.738839999999925,5.481270000000052]},"properties":{"id":104578,"nom":"MP MONTEZO_PRESCOLAIRE","type":"ecole maternelle","district_region":null,"departement_commune":null,"verifie":true,"name":"MP MONTEZO_PRESCOLAIRE","source":"Géoportail ANSTAT"}},{"type":"Feature","geometry":{"type":"Point","coordinates":[-6.571863999999948,6.490942000000075]},"properties":{"id":104579,"nom":"MP ISSIA EST BAD_PRESCOLAIRE","type":"ecole maternelle","district_region":null,"departement_commune":null,"verifie":true,"name":"MP ISSIA EST BAD_PRESCOLAIRE","source":"Géoportail ANSTAT"}},{"type":"Feature","geometry":{"type":"Point","coordinates":[-3.921468999999945,5.347209000000021]},"properties":{"id":104580,"nom":"MV ASSEMBLEES DE DIEU LES AGNEAUX AKOUEDO SYDES_PRESCOLAIRE","type":"ecole maternelle","district_region":null,"departement_commune":null,"verifie":true,"name":"MV ASSEMBLEES DE DIEU LES AGNEAUX AKOUEDO SYDES_PRESCOLAIRE","source":"Géoportail ANSTAT"}},{"type":"Feature","geometry":{"type":"Point","coordinates":[-6.405347999999947,10.47884200000004]},"properties":{"id":104581,"nom":"MP LES ALOUETTES_PRESCOLAIRE","type":"ecole maternelle","district_region":null,"departement_commune":null,"verifie":true,"name":"MP LES ALOUETTES_PRESCOLAIRE","source":"Géoportail ANSTAT"}},{"type":"Feature","geometry":{"type":"Point","coordinates":[-5.942262999999969,6.151172000000031]},"properties":{"id":104582,"nom":"MP AFRIDOUGOU_PRESCOLAIRE","type":"ecole maternelle","district_region":null,"departement_commune":null,"verifie":true,"name":"MP AFRIDOUGOU_PRESCOLAIRE","source":"Géoportail ANSTAT"}},{"type":"Feature","geometry":{"type":"Point","coordinates":[-4.54308599999996,5.393933000000061]},"properties":{"id":104583,"nom":"MP OKPOYOU_PRESCOLAIRE","type":"ecole maternelle","district_region":null,"departement_commune":null,"verifie":true,"name":"MP OKPOYOU_PRESCOLAIRE","source":"Géoportail ANSTAT"}},{"type":"Feature","geometry":{"type":"Point","coordinates":[-3.998649999999941,5.423778000000027]},"properties":{"id":104584,"nom":"MC IMMACULEE CONCEPTION_PRESCOLAIRE","type":"ecole maternelle","district_region":null,"departement_commune":null,"verifie":true,"name":"MC IMMACULEE CONCEPTION_PRESCOLAIRE","source":"Géoportail ANSTAT"}},{"type":"Feature","geometry":{"type":"Point","coordinates":[-3.887420999999961,5.335033000000067]},"properties":{"id":104585,"nom":"MP MARCHOUX_PRESCOLAIRE","type":"ecole maternelle","district_region":null,"departement_commune":null,"verifie":true,"name":"MP MARCHOUX_PRESCOLAIRE","source":"Géoportail ANSTAT"}},{"type":"Feature","geometry":{"type":"Point","coordinates":[-4.063111999999933,5.319276000000059]},"properties":{"id":104586,"nom":"MV MARIE PAULE_PRESCOLAIRE","type":"ecole maternelle","district_region":null,"departement_commune":null,"verifie":true,"name":"MV MARIE PAULE_PRESCOLAIRE","source":"Géoportail ANSTAT"}},{"type":"Feature","geometry":{"type":"Point","coordinates":[-4.070199999999943,5.341900000000066]},"properties":{"id":104587,"nom":"MP SICOGI 4_PRESCOLAIRE","type":"ecole maternelle","district_region":null,"departement_commune":null,"verifie":true,"name":"MP SICOGI 4_PRESCOLAIRE","source":"Géoportail ANSTAT"}},{"type":"Feature","geometry":{"type":"Point","coordinates":[-3.979999999999961,5.29000000000002]},"properties":{"id":104588,"nom":"MP BIAKA BODA_PRESCOLAIRE","type":"ecole maternelle","district_region":null,"departement_commune":null,"verifie":true,"name":"MP BIAKA BODA_PRESCOLAIRE","source":"Géoportail ANSTAT"}},{"type":"Feature","geometry":{"type":"Point","coordinates":[-3.967019999999934,7.058717000000058]},"properties":{"id":104589,"nom":"MP GRAVIER D OR_PRESCOLAIRE","type":"ecole maternelle","district_region":null,"departement_commune":null,"verifie":true,"name":"MP GRAVIER D OR_PRESCOLAIRE","source":"Géoportail ANSTAT"}},{"type":"Feature","geometry":{"type":"Point","coordinates":[-4.996999999999957,5.247000000000071]},"properties":{"id":104590,"nom":"MP LAHOU 2_PRESCOLAIRE","type":"ecole maternelle","district_region":null,"departement_commune":null,"verifie":true,"name":"MP LAHOU 2_PRESCOLAIRE","source":"Géoportail ANSTAT"}},{"type":"Feature","geometry":{"type":"Point","coordinates":[-6.672519999999963,7.961068000000068]},"properties":{"id":104591,"nom":"MP SEGUELA 1_PRESCOLAIRE","type":"ecole maternelle","district_region":null,"departement_commune":null,"verifie":true,"name":"MP SEGUELA 1_PRESCOLAIRE","source":"Géoportail ANSTAT"}},{"type":"Feature","geometry":{"type":"Point","coordinates":[-3.252253999999937,7.486328000000071]},"properties":{"id":104592,"nom":"MP KOUN-FAO 1_PRESCOLAIRE","type":"ecole maternelle","district_region":null,"departement_commune":null,"verifie":true,"name":"MP KOUN-FAO 1_PRESCOLAIRE","source":"Géoportail ANSTAT"}},{"type":"Feature","geometry":{"type":"Point","coordinates":[-3.942769999999939,5.364835000000028]},"properties":{"id":104593,"nom":"MV HENRI BARBUSSE_PRESCOLAIRE","type":"ecole maternelle","district_region":null,"departement_commune":null,"verifie":true,"name":"MV HENRI BARBUSSE_PRESCOLAIRE","source":"Géoportail ANSTAT"}},{"type":"Feature","geometry":{"type":"Point","coordinates":[-5.409999999999968,6.380000000000052]},"properties":{"id":104594,"nom":"MP OUME 2_PRESCOLAIRE","type":"ecole maternelle","district_region":null,"departement_commune":null,"verifie":true,"name":"MP OUME 2_PRESCOLAIRE","source":"Géoportail ANSTAT"}},{"type":"Feature","geometry":{"type":"Point","coordinates":[-3.869999999999948,5.350000000000023]},"properties":{"id":104595,"nom":"MP AKOUAI DJEMIN 2_PRESCOLAIRE","type":"ecole maternelle","district_region":null,"departement_commune":null,"verifie":true,"name":"MP AKOUAI DJEMIN 2_PRESCOLAIRE","source":"Géoportail ANSTAT"}},{"type":"Feature","geometry":{"type":"Point","coordinates":[-5.375409999999931,5.832003000000043]},"properties":{"id":104596,"nom":"MP DIVO-GREMIAN 2_PRESCOLAIRE","type":"ecole maternelle","district_region":null,"departement_commune":null,"verifie":true,"name":"MP DIVO-GREMIAN 2_PRESCOLAIRE","source":"Géoportail ANSTAT"}},{"type":"Feature","geometry":{"type":"Point","coordinates":[-6.436366999999962,6.894878000000062]},"properties":{"id":104597,"nom":"MP BOUABRE KIPRE RAPHAEL 4_PRESCOLAIRE","type":"ecole maternelle","district_region":null,"departement_commune":null,"verifie":true,"name":"MP BOUABRE KIPRE RAPHAEL 4_PRESCOLAIRE","source":"Géoportail ANSTAT"}},{"type":"Feature","geometry":{"type":"Point","coordinates":[-4.030104999999935,5.373887000000025]},"properties":{"id":104598,"nom":"MP CHATEAU_PRESCOLAIRE","type":"ecole maternelle","district_region":null,"departement_commune":null,"verifie":true,"name":"MP CHATEAU_PRESCOLAIRE","source":"Géoportail ANSTAT"}},{"type":"Feature","geometry":{"type":"Point","coordinates":[-6.484124999999949,9.519750000000045]},"properties":{"id":104599,"nom":"MP PUBLIQUE 1_PRESCOLAIRE","type":"ecole maternelle","district_region":null,"departement_commune":null,"verifie":true,"name":"MP PUBLIQUE 1_PRESCOLAIRE","source":"Géoportail ANSTAT"}},{"type":"Feature","geometry":{"type":"Point","coordinates":[-6.648926999999958,4.740784000000076]},"properties":{"id":104600,"nom":"MC NOTRE DAME DE LA PAIX_PRESCOLAIRE","type":"ecole maternelle","district_region":null,"departement_commune":null,"verifie":true,"name":"MC NOTRE DAME DE LA PAIX_PRESCOLAIRE","source":"Géoportail ANSTAT"}},{"type":"Feature","geometry":{"type":"Point","coordinates":[-5.050780999999972,7.670115000000067]},"properties":{"id":104601,"nom":"MP BROUKRO 1A_PRESCOLAIRE","type":"ecole maternelle","district_region":null,"departement_commune":null,"verifie":true,"name":"MP BROUKRO 1A_PRESCOLAIRE","source":"Géoportail ANSTAT"}},{"type":"Feature","geometry":{"type":"Point","coordinates":[-6.481263999999953,7.384858000000065]},"properties":{"id":104602,"nom":"MP VAVOUA 1-4-6_PRESCOLAIRE","type":"ecole maternelle","district_region":null,"departement_commune":null,"verifie":true,"name":"MP VAVOUA 1-4-6_PRESCOLAIRE","source":"Géoportail ANSTAT"}},{"type":"Feature","geometry":{"type":"Point","coordinates":[-4.045777999999927,5.309429000000023]},"properties":{"id":104603,"nom":"MP YOPOUGON SANTE_PRESCOLAIRE","type":"ecole maternelle","district_region":null,"departement_commune":null,"verifie":true,"name":"MP YOPOUGON SANTE_PRESCOLAIRE","source":"Géoportail ANSTAT"}},{"type":"Feature","geometry":{"type":"Point","coordinates":[-4.021697999999958,5.366684000000021]},"properties":{"id":104604,"nom":"MV SAINT KIZITO_PRESCOLAIRE","type":"ecole maternelle","district_region":null,"departement_commune":null,"verifie":true,"name":"MV SAINT KIZITO_PRESCOLAIRE","source":"Géoportail ANSTAT"}},{"type":"Feature","geometry":{"type":"Point","coordinates":[-4.033975999999939,5.349884000000031]},"properties":{"id":104605,"nom":"MV LE PETIT POUCET 2_PRESCOLAIRE","type":"ecole maternelle","district_region":null,"departement_commune":null,"verifie":true,"name":"MV LE PETIT POUCET 2_PRESCOLAIRE","source":"Géoportail ANSTAT"}},{"type":"Feature","geometry":{"type":"Point","coordinates":[-6.447437999999977,6.894237000000032]},"properties":{"id":104606,"nom":"PRESCOLAIRE DOUX BAI LAURENT_PRESCOLAIRE","type":"ecole maternelle","district_region":null,"departement_commune":null,"verifie":true,"name":"PRESCOLAIRE DOUX BAI LAURENT_PRESCOLAIRE","source":"Géoportail ANSTAT"}},{"type":"Feature","geometry":{"type":"Point","coordinates":[-7.569151999999974,9.496544000000029]},"properties":{"id":104607,"nom":"MP DE HABITAT_PRESCOLAIRE","type":"ecole maternelle","district_region":null,"departement_commune":null,"verifie":true,"name":"MP DE HABITAT_PRESCOLAIRE","source":"Géoportail ANSTAT"}},{"type":"Feature","geometry":{"type":"Point","coordinates":[-4.02610999999996,5.358635000000049]},"properties":{"id":104608,"nom":"MV LES ALOUETTES_PRESCOLAIRE","type":"ecole maternelle","district_region":null,"departement_commune":null,"verifie":true,"name":"MV LES ALOUETTES_PRESCOLAIRE","source":"Géoportail ANSTAT"}},{"type":"Feature","geometry":{"type":"Point","coordinates":[-5.010313999999937,7.689962000000037]},"properties":{"id":104609,"nom":"PRESCOLAIRE  ANNEXE B DE SOKOURA_PRESCOLAIRE","type":"ecole maternelle","district_region":null,"departement_commune":null,"verifie":true,"name":"PRESCOLAIRE  ANNEXE B DE SOKOURA_PRESCOLAIRE","source":"Géoportail ANSTAT"}},{"type":"Feature","geometry":{"type":"Point","coordinates":[-5.276712999999972,6.773235000000057]},"properties":{"id":104610,"nom":"MV MES PREMIERS PAS_PRESCOLAIRE","type":"ecole maternelle","district_region":null,"departement_commune":null,"verifie":true,"name":"MV MES PREMIERS PAS_PRESCOLAIRE","source":"Géoportail ANSTAT"}},{"type":"Feature","geometry":{"type":"Point","coordinates":[-5.287999999999954,8.65500000000003]},"properties":{"id":104611,"nom":"MP MUNICIPALE NIAKARA_PRESCOLAIRE","type":"ecole maternelle","district_region":null,"departement_commune":null,"verifie":true,"name":"MP MUNICIPALE NIAKARA_PRESCOLAIRE","source":"Géoportail ANSTAT"}},{"type":"Feature","geometry":{"type":"Point","coordinates":[-5.360699999999952,5.852800000000059]},"properties":{"id":104612,"nom":"MP DIVO KONANKRO LES HIRONDELLES_PRESCOLAIRE","type":"ecole maternelle","district_region":null,"departement_commune":null,"verifie":true,"name":"MP DIVO KONANKRO LES HIRONDELLES_PRESCOLAIRE","source":"Géoportail ANSTAT"}},{"type":"Feature","geometry":{"type":"Point","coordinates":[-5.659888999999964,9.46392700000007]},"properties":{"id":104613,"nom":"MV COULIBALY  SONA HABIB_PRESCOLAIRE","type":"ecole maternelle","district_region":null,"departement_commune":null,"verifie":true,"name":"MV COULIBALY  SONA HABIB_PRESCOLAIRE","source":"Géoportail ANSTAT"}},{"type":"Feature","geometry":{"type":"Point","coordinates":[-3.948442999999941,5.312823000000037]},"properties":{"id":104614,"nom":"MP PANGOLIN_PRESCOLAIRE","type":"ecole maternelle","district_region":null,"departement_commune":null,"verifie":true,"name":"MP PANGOLIN_PRESCOLAIRE","source":"Géoportail ANSTAT"}},{"type":"Feature","geometry":{"type":"Point","coordinates":[-2.991731999999956,9.27503500000006]},"properties":{"id":104615,"nom":"MC NOTRE DAME DE LA PAIX_PRESCOLAIRE","type":"ecole maternelle","district_region":null,"departement_commune":null,"verifie":true,"name":"MC NOTRE DAME DE LA PAIX_PRESCOLAIRE","source":"Géoportail ANSTAT"}},{"type":"Feature","geometry":{"type":"Point","coordinates":[-7.122825999999975,9.356143000000031]},"properties":{"id":104616,"nom":"MP DE SEGUELON_PRESCOLAIRE","type":"ecole maternelle","district_region":null,"departement_commune":null,"verifie":true,"name":"MP DE SEGUELON_PRESCOLAIRE","source":"Géoportail ANSTAT"}},{"type":"Feature","geometry":{"type":"Point","coordinates":[-3.97945999999996,5.30121500000007]},"properties":{"id":104617,"nom":"MP NZI ALPHONSE_PRESCOLAIRE","type":"ecole maternelle","district_region":null,"departement_commune":null,"verifie":true,"name":"MP NZI ALPHONSE_PRESCOLAIRE","source":"Géoportail ANSTAT"}},{"type":"Feature","geometry":{"type":"Point","coordinates":[-5.624116999999956,9.42552900000004]},"properties":{"id":104618,"nom":"MV LE PARADIS DES ANGES_PRESCOLAIRE","type":"ecole maternelle","district_region":null,"departement_commune":null,"verifie":true,"name":"MV LE PARADIS DES ANGES_PRESCOLAIRE","source":"Géoportail ANSTAT"}},{"type":"Feature","geometry":{"type":"Point","coordinates":[-3.96999999999997,5.900000000000034]},"properties":{"id":104619,"nom":"MC LE JOURDAIN_PRESCOLAIRE","type":"ecole maternelle","district_region":null,"departement_commune":null,"verifie":true,"name":"MC LE JOURDAIN_PRESCOLAIRE","source":"Géoportail ANSTAT"}},{"type":"Feature","geometry":{"type":"Point","coordinates":[-3.489536999999928,6.73157800000007]},"properties":{"id":104620,"nom":"MV LA PROVIDENCE_PRESCOLAIRE","type":"ecole maternelle","district_region":null,"departement_commune":null,"verifie":true,"name":"MV LA PROVIDENCE_PRESCOLAIRE","source":"Géoportail ANSTAT"}},{"type":"Feature","geometry":{"type":"Point","coordinates":[-2.787682999999959,8.038852000000077]},"properties":{"id":104621,"nom":"MP  BONDOUKOU EST_PRESCOLAIRE","type":"ecole maternelle","district_region":null,"departement_commune":null,"verifie":true,"name":"MP  BONDOUKOU EST_PRESCOLAIRE","source":"Géoportail ANSTAT"}},{"type":"Feature","geometry":{"type":"Point","coordinates":[-4.06186299999996,5.325728000000026]},"properties":{"id":104622,"nom":"MP SOGEFIHA 4_PRESCOLAIRE","type":"ecole maternelle","district_region":null,"departement_commune":null,"verifie":true,"name":"MP SOGEFIHA 4_PRESCOLAIRE","source":"Géoportail ANSTAT"}},{"type":"Feature","geometry":{"type":"Point","coordinates":[-3.986581999999942,5.441900000000032]},"properties":{"id":104623,"nom":"MC ASSEMBLEE DE DIEU ANTOICHE_PRESCOLAIRE","type":"ecole maternelle","district_region":null,"departement_commune":null,"verifie":true,"name":"MC ASSEMBLEE DE DIEU ANTOICHE_PRESCOLAIRE","source":"Géoportail ANSTAT"}},{"type":"Feature","geometry":{"type":"Point","coordinates":[-4.809299999999951,5.415523000000064]},"properties":{"id":104624,"nom":"MP TAMABO_PRESCOLAIRE","type":"ecole maternelle","district_region":null,"departement_commune":null,"verifie":true,"name":"MP TAMABO_PRESCOLAIRE","source":"Géoportail ANSTAT"}},{"type":"Feature","geometry":{"type":"Point","coordinates":[-5.065971999999931,9.483370000000036]},"properties":{"id":104625,"nom":"MV LES ROSSIGNOLS DE BLAISE COMPAORE_PRESCOLAIRE","type":"ecole maternelle","district_region":null,"departement_commune":null,"verifie":true,"name":"MV LES ROSSIGNOLS DE BLAISE COMPAORE_PRESCOLAIRE","source":"Géoportail ANSTAT"}},{"type":"Feature","geometry":{"type":"Point","coordinates":[-6.461139999999943,6.85449200000005]},"properties":{"id":104626,"nom":"MP ORLY EXTENSION_PRESCOLAIRE","type":"ecole maternelle","district_region":null,"departement_commune":null,"verifie":true,"name":"MP ORLY EXTENSION_PRESCOLAIRE","source":"Géoportail ANSTAT"}},{"type":"Feature","geometry":{"type":"Point","coordinates":[-4.562746999999945,5.319855000000075]},"properties":{"id":104627,"nom":"MP SAPH TOUPAH USINE_PRESCOLAIRE","type":"ecole maternelle","district_region":null,"departement_commune":null,"verifie":true,"name":"MP SAPH TOUPAH USINE_PRESCOLAIRE","source":"Géoportail ANSTAT"}},{"type":"Feature","geometry":{"type":"Point","coordinates":[-3.377959999999973,5.214600000000075]},"properties":{"id":104628,"nom":"MP KOUAME AKA HOUMAN_PRESCOLAIRE","type":"ecole maternelle","district_region":null,"departement_commune":null,"verifie":true,"name":"MP KOUAME AKA HOUMAN_PRESCOLAIRE","source":"Géoportail ANSTAT"}},{"type":"Feature","geometry":{"type":"Point","coordinates":[-5.953530999999941,6.134809000000075]},"properties":{"id":104629,"nom":"MP DIOULABOUGOU 2_PRESCOLAIRE","type":"ecole maternelle","district_region":null,"departement_commune":null,"verifie":true,"name":"MP DIOULABOUGOU 2_PRESCOLAIRE","source":"Géoportail ANSTAT"}},{"type":"Feature","geometry":{"type":"Point","coordinates":[-4.009499999999946,5.444230000000061]},"properties":{"id":104630,"nom":"MP GUY NAIRAY_PRESCOLAIRE","type":"ecole maternelle","district_region":null,"departement_commune":null,"verifie":true,"name":"MP GUY NAIRAY_PRESCOLAIRE","source":"Géoportail ANSTAT"}},{"type":"Feature","geometry":{"type":"Point","coordinates":[-6.405524999999955,10.47937500000006]},"properties":{"id":104631,"nom":"MP TENGRELA_PRESCOLAIRE","type":"ecole maternelle","district_region":null,"departement_commune":null,"verifie":true,"name":"MP TENGRELA_PRESCOLAIRE","source":"Géoportail ANSTAT"}},{"type":"Feature","geometry":{"type":"Point","coordinates":[-5.25018799999998,6.856987000000061]},"properties":{"id":104632,"nom":"MP 3 SINZIBO_PRESCOLAIRE","type":"ecole maternelle","district_region":null,"departement_commune":null,"verifie":true,"name":"MP 3 SINZIBO_PRESCOLAIRE","source":"Géoportail ANSTAT"}},{"type":"Feature","geometry":{"type":"Point","coordinates":[-6.822589999999934,5.284430000000043]},"properties":{"id":104633,"nom":"MC MERE HELENE_PRESCOLAIRE","type":"ecole maternelle","district_region":null,"departement_commune":null,"verifie":true,"name":"MC MERE HELENE_PRESCOLAIRE","source":"Géoportail ANSTAT"}},{"type":"Feature","geometry":{"type":"Point","coordinates":[-5.955372999999952,6.144680000000051]},"properties":{"id":104634,"nom":"MP SOKOULA_PRESCOLAIRE","type":"ecole maternelle","district_region":null,"departement_commune":null,"verifie":true,"name":"MP SOKOULA_PRESCOLAIRE","source":"Géoportail ANSTAT"}},{"type":"Feature","geometry":{"type":"Point","coordinates":[-3.888978999999949,5.357808000000034]},"properties":{"id":104635,"nom":"MP EMPT_PRESCOLAIRE","type":"ecole maternelle","district_region":null,"departement_commune":null,"verifie":true,"name":"MP EMPT_PRESCOLAIRE","source":"Géoportail ANSTAT"}},{"type":"Feature","geometry":{"type":"Point","coordinates":[-4.378374999999949,5.318235000000072]},"properties":{"id":104636,"nom":"MP DABOU PLATEAU_PRESCOLAIRE","type":"ecole maternelle","district_region":null,"departement_commune":null,"verifie":true,"name":"MP DABOU PLATEAU_PRESCOLAIRE","source":"Géoportail ANSTAT"}},{"type":"Feature","geometry":{"type":"Point","coordinates":[-4.069999999999936,5.345000000000027]},"properties":{"id":104637,"nom":"MP SIPOREX 8_PRESCOLAIRE","type":"ecole maternelle","district_region":null,"departement_commune":null,"verifie":true,"name":"MP SIPOREX 8_PRESCOLAIRE","source":"Géoportail ANSTAT"}},{"type":"Feature","geometry":{"type":"Point","coordinates":[-3.972576999999944,5.377285000000029]},"properties":{"id":104638,"nom":"MP ABRI 2000_PRESCOLAIRE","type":"ecole maternelle","district_region":null,"departement_commune":null,"verifie":true,"name":"MP ABRI 2000_PRESCOLAIRE","source":"Géoportail ANSTAT"}},{"type":"Feature","geometry":{"type":"Point","coordinates":[-3.165145999999936,7.802515000000028]},"properties":{"id":104639,"nom":"MP 1 TANDA_PRESCOLAIRE","type":"ecole maternelle","district_region":null,"departement_commune":null,"verifie":true,"name":"MP 1 TANDA_PRESCOLAIRE","source":"Géoportail ANSTAT"}},{"type":"Feature","geometry":{"type":"Point","coordinates":[-5.898701999999957,9.992820000000052]},"properties":{"id":104640,"nom":"MP M BENGUE 2_PRESCOLAIRE","type":"ecole maternelle","district_region":null,"departement_commune":null,"verifie":true,"name":"MP M BENGUE 2_PRESCOLAIRE","source":"Géoportail ANSTAT"}},{"type":"Feature","geometry":{"type":"Point","coordinates":[-4.054265999999927,5.314379000000031]},"properties":{"id":104641,"nom":"MV LES ADORABLES_PRESCOLAIRE","type":"ecole maternelle","district_region":null,"departement_commune":null,"verifie":true,"name":"MV LES ADORABLES_PRESCOLAIRE","source":"Géoportail ANSTAT"}},{"type":"Feature","geometry":{"type":"Point","coordinates":[-5.641999999999939,9.487100000000057]},"properties":{"id":104642,"nom":"MP LES PETITS FUTES DE DJEGBE_PRESCOLAIRE","type":"ecole maternelle","district_region":null,"departement_commune":null,"verifie":true,"name":"MP LES PETITS FUTES DE DJEGBE_PRESCOLAIRE","source":"Géoportail ANSTAT"}},{"type":"Feature","geometry":{"type":"Point","coordinates":[-3.507580999999959,6.742495000000076]},"properties":{"id":104643,"nom":"MC LE JUBILE ABENGOUROU_PRESCOLAIRE","type":"ecole maternelle","district_region":null,"departement_commune":null,"verifie":true,"name":"MC LE JUBILE ABENGOUROU_PRESCOLAIRE","source":"Géoportail ANSTAT"}},{"type":"Feature","geometry":{"type":"Point","coordinates":[-5.647274999999979,9.457110000000055]},"properties":{"id":104644,"nom":"MP LES HIRONDELLES DE LA MONTAGNE (MP MONTAGNE 1)_PRESCOLAIRE","type":"ecole maternelle","district_region":null,"departement_commune":null,"verifie":true,"name":"MP LES HIRONDELLES DE LA MONTAGNE (MP MONTAGNE 1)_PRESCOLAIRE","source":"Géoportail ANSTAT"}},{"type":"Feature","geometry":{"type":"Point","coordinates":[-5.153811999999959,9.97238900000002]},"properties":{"id":104645,"nom":"MV LES OISILLONS_PRESCOLAIRE","type":"ecole maternelle","district_region":null,"departement_commune":null,"verifie":true,"name":"MV LES OISILLONS_PRESCOLAIRE","source":"Géoportail ANSTAT"}},{"type":"Feature","geometry":{"type":"Point","coordinates":[-6.152059999999949,5.035224000000028]},"properties":{"id":104646,"nom":"MP DE GAOULOU_PRESCOLAIRE","type":"ecole maternelle","district_region":null,"departement_commune":null,"verifie":true,"name":"MP DE GAOULOU_PRESCOLAIRE","source":"Géoportail ANSTAT"}},{"type":"Feature","geometry":{"type":"Point","coordinates":[-3.919839999999965,5.253142000000025]},"properties":{"id":104647,"nom":"MC BAPTISTE SHALOM_PRESCOLAIRE","type":"ecole maternelle","district_region":null,"departement_commune":null,"verifie":true,"name":"MC BAPTISTE SHALOM_PRESCOLAIRE","source":"Géoportail ANSTAT"}},{"type":"Feature","geometry":{"type":"Point","coordinates":[-4.062082999999973,5.331887000000052]},"properties":{"id":104648,"nom":"MV LES PHALENES_PRESCOLAIRE","type":"ecole maternelle","district_region":null,"departement_commune":null,"verifie":true,"name":"MV LES PHALENES_PRESCOLAIRE","source":"Géoportail ANSTAT"}},{"type":"Feature","geometry":{"type":"Point","coordinates":[-3.943968999999925,5.312907000000052]},"properties":{"id":104649,"nom":"MV LA COLOMBE_PRESCOLAIRE","type":"ecole maternelle","district_region":null,"departement_commune":null,"verifie":true,"name":"MV LA COLOMBE_PRESCOLAIRE","source":"Géoportail ANSTAT"}},{"type":"Feature","geometry":{"type":"Point","coordinates":[-4.097439999999949,5.316190000000063]},"properties":{"id":104650,"nom":"MP BAD LAURIERS_PRESCOLAIRE","type":"ecole maternelle","district_region":null,"departement_commune":null,"verifie":true,"name":"MP BAD LAURIERS_PRESCOLAIRE","source":"Géoportail ANSTAT"}},{"type":"Feature","geometry":{"type":"Point","coordinates":[-5.280634999999961,6.817047000000059]},"properties":{"id":104651,"nom":"MP KOUACOU GNRANGBE KOUADIO JEAN 1_PRESCOLAIRE","type":"ecole maternelle","district_region":null,"departement_commune":null,"verifie":true,"name":"MP KOUACOU GNRANGBE KOUADIO JEAN 1_PRESCOLAIRE","source":"Géoportail ANSTAT"}},{"type":"Feature","geometry":{"type":"Point","coordinates":[-3.982899999999972,5.43966000000006]},"properties":{"id":104652,"nom":"MP BIABOU 3_PRESCOLAIRE","type":"ecole maternelle","district_region":null,"departement_commune":null,"verifie":true,"name":"MP BIABOU 3_PRESCOLAIRE","source":"Géoportail ANSTAT"}},{"type":"Feature","geometry":{"type":"Point","coordinates":[-4.010127999999952,5.360201000000075]},"properties":{"id":104653,"nom":"MP AGBAN GENDARMERIE A_PRESCOLAIRE","type":"ecole maternelle","district_region":null,"departement_commune":null,"verifie":true,"name":"MP AGBAN GENDARMERIE A_PRESCOLAIRE","source":"Géoportail ANSTAT"}},{"type":"Feature","geometry":{"type":"Point","coordinates":[-3.973797999999931,5.295421000000033]},"properties":{"id":104654,"nom":"MP CHAMPROUX 1_PRESCOLAIRE","type":"ecole maternelle","district_region":null,"departement_commune":null,"verifie":true,"name":"MP CHAMPROUX 1_PRESCOLAIRE","source":"Géoportail ANSTAT"}},{"type":"Feature","geometry":{"type":"Point","coordinates":[-3.973301999999933,5.354280000000074]},"properties":{"id":104655,"nom":"MP SOGEFIHA 1_PRESCOLAIRE","type":"ecole maternelle","district_region":null,"departement_commune":null,"verifie":true,"name":"MP SOGEFIHA 1_PRESCOLAIRE","source":"Géoportail ANSTAT"}},{"type":"Feature","geometry":{"type":"Point","coordinates":[-7.563721999999927,7.406815000000051]},"properties":{"id":104656,"nom":"MC NOTRE DAME DE L INCARNATION_PRESCOLAIRE","type":"ecole maternelle","district_region":null,"departement_commune":null,"verifie":true,"name":"MC NOTRE DAME DE L INCARNATION_PRESCOLAIRE","source":"Géoportail ANSTAT"}},{"type":"Feature","geometry":{"type":"Point","coordinates":[-3.983294999999941,5.261424000000034]},"properties":{"id":104657,"nom":"MP MUNICIPALE_PRESCOLAIRE","type":"ecole maternelle","district_region":null,"departement_commune":null,"verifie":true,"name":"MP MUNICIPALE_PRESCOLAIRE","source":"Géoportail ANSTAT"}},{"type":"Feature","geometry":{"type":"Point","coordinates":[-4.003088999999932,5.304051000000072]},"properties":{"id":104658,"nom":"MC NOTRE DAME DE LA PAIX_PRESCOLAIRE","type":"ecole maternelle","district_region":null,"departement_commune":null,"verifie":true,"name":"MC NOTRE DAME DE LA PAIX_PRESCOLAIRE","source":"Géoportail ANSTAT"}},{"type":"Feature","geometry":{"type":"Point","coordinates":[-5.646057999999925,9.474425000000052]},"properties":{"id":104659,"nom":"MP LES CHERUBINS DE SOZORIBOUGOU 2_PRESCOLAIRE","type":"ecole maternelle","district_region":null,"departement_commune":null,"verifie":true,"name":"MP LES CHERUBINS DE SOZORIBOUGOU 2_PRESCOLAIRE","source":"Géoportail ANSTAT"}},{"type":"Feature","geometry":{"type":"Point","coordinates":[-3.403309999999976,5.396260000000041]},"properties":{"id":104660,"nom":"MP N ZIKRO_PRESCOLAIRE","type":"ecole maternelle","district_region":null,"departement_commune":null,"verifie":true,"name":"MP N ZIKRO_PRESCOLAIRE","source":"Géoportail ANSTAT"}},{"type":"Feature","geometry":{"type":"Point","coordinates":[-5.600476999999955,9.458497000000024]},"properties":{"id":104661,"nom":"MP LES DAUPHINS D OSSIENE_PRESCOLAIRE","type":"ecole maternelle","district_region":null,"departement_commune":null,"verifie":true,"name":"MP LES DAUPHINS D OSSIENE_PRESCOLAIRE","source":"Géoportail ANSTAT"}},{"type":"Feature","geometry":{"type":"Point","coordinates":[-3.21078799999998,5.397314000000051]},"properties":{"id":104662,"nom":"MP KRINJABO_PRESCOLAIRE","type":"ecole maternelle","district_region":null,"departement_commune":null,"verifie":true,"name":"MP KRINJABO_PRESCOLAIRE","source":"Géoportail ANSTAT"}},{"type":"Feature","geometry":{"type":"Point","coordinates":[-4.044674999999927,5.329810000000066]},"properties":{"id":104663,"nom":"MV BELLE MARISE_PRESCOLAIRE","type":"ecole maternelle","district_region":null,"departement_commune":null,"verifie":true,"name":"MV BELLE MARISE_PRESCOLAIRE","source":"Géoportail ANSTAT"}},{"type":"Feature","geometry":{"type":"Point","coordinates":[-3.321520999999962,7.213252000000068]},"properties":{"id":104664,"nom":"MP AGNI_PRESCOLAIRE","type":"ecole maternelle","district_region":null,"departement_commune":null,"verifie":true,"name":"MP AGNI_PRESCOLAIRE","source":"Géoportail ANSTAT"}},{"type":"Feature","geometry":{"type":"Point","coordinates":[-5.634112999999957,9.45329300000003]},"properties":{"id":104665,"nom":"MP CENTRE 2_PRESCOLAIRE","type":"ecole maternelle","district_region":null,"departement_commune":null,"verifie":true,"name":"MP CENTRE 2_PRESCOLAIRE","source":"Géoportail ANSTAT"}},{"type":"Feature","geometry":{"type":"Point","coordinates":[-3.081100999999933,5.411230000000046]},"properties":{"id":104666,"nom":"MP HOROKIA KEITA_PRESCOLAIRE","type":"ecole maternelle","district_region":null,"departement_commune":null,"verifie":true,"name":"MP HOROKIA KEITA_PRESCOLAIRE","source":"Géoportail ANSTAT"}},{"type":"Feature","geometry":{"type":"Point","coordinates":[-5.659887999999967,9.487892000000045]},"properties":{"id":104667,"nom":"MP  KLOFOUAKAHA_PRESCOLAIRE","type":"ecole maternelle","district_region":null,"departement_commune":null,"verifie":true,"name":"MP  KLOFOUAKAHA_PRESCOLAIRE","source":"Géoportail ANSTAT"}},{"type":"Feature","geometry":{"type":"Point","coordinates":[-5.105117999999948,8.146822000000043]},"properties":{"id":104668,"nom":"PRESCOLAIRE GBEDEKAHA_PRESCOLAIRE","type":"ecole maternelle","district_region":null,"departement_commune":null,"verifie":true,"name":"PRESCOLAIRE GBEDEKAHA_PRESCOLAIRE","source":"Géoportail ANSTAT"}},{"type":"Feature","geometry":{"type":"Point","coordinates":[-5.642397999999957,9.456520000000069]},"properties":{"id":104669,"nom":"MP LES BAMBINS DE KOKO_PRESCOLAIRE","type":"ecole maternelle","district_region":null,"departement_commune":null,"verifie":true,"name":"MP LES BAMBINS DE KOKO_PRESCOLAIRE","source":"Géoportail ANSTAT"}},{"type":"Feature","geometry":{"type":"Point","coordinates":[-3.942177999999956,5.327017000000069]},"properties":{"id":104670,"nom":"MV SAINT ROSAIRE M POUTO_PRESCOLAIRE","type":"ecole maternelle","district_region":null,"departement_commune":null,"verifie":true,"name":"MV SAINT ROSAIRE M POUTO_PRESCOLAIRE","source":"Géoportail ANSTAT"}},{"type":"Feature","geometry":{"type":"Point","coordinates":[-3.561999999999955,5.968000000000075]},"properties":{"id":104671,"nom":"MV CLAIRE FONTAINE_PRESCOLAIRE","type":"ecole maternelle","district_region":null,"departement_commune":null,"verifie":true,"name":"MV CLAIRE FONTAINE_PRESCOLAIRE","source":"Géoportail ANSTAT"}},{"type":"Feature","geometry":{"type":"Point","coordinates":[-5.962451999999928,6.154040000000066]},"properties":{"id":104672,"nom":"MP DELBO_PRESCOLAIRE","type":"ecole maternelle","district_region":null,"departement_commune":null,"verifie":true,"name":"MP DELBO_PRESCOLAIRE","source":"Géoportail ANSTAT"}},{"type":"Feature","geometry":{"type":"Point","coordinates":[-5.246082999999942,6.858638000000042]},"properties":{"id":104673,"nom":"MP 4 SINZIBO_PRESCOLAIRE","type":"ecole maternelle","district_region":null,"departement_commune":null,"verifie":true,"name":"MP 4 SINZIBO_PRESCOLAIRE","source":"Géoportail ANSTAT"}},{"type":"Feature","geometry":{"type":"Point","coordinates":[-5.051496999999927,7.686630000000036]},"properties":{"id":104674,"nom":"MP PIERRE MAGNE_PRESCOLAIRE","type":"ecole maternelle","district_region":null,"departement_commune":null,"verifie":true,"name":"MP PIERRE MAGNE_PRESCOLAIRE","source":"Géoportail ANSTAT"}},{"type":"Feature","geometry":{"type":"Point","coordinates":[-3.289302999999961,5.135017000000062]},"properties":{"id":104675,"nom":"MP ADJIRI PETER_PRESCOLAIRE","type":"ecole maternelle","district_region":null,"departement_commune":null,"verifie":true,"name":"MP ADJIRI PETER_PRESCOLAIRE","source":"Géoportail ANSTAT"}},{"type":"Feature","geometry":{"type":"Point","coordinates":[-5.06196099999994,7.663246000000072]},"properties":{"id":104676,"nom":"MP BROUKRO 4_PRESCOLAIRE","type":"ecole maternelle","district_region":null,"departement_commune":null,"verifie":true,"name":"MP BROUKRO 4_PRESCOLAIRE","source":"Géoportail ANSTAT"}},{"type":"Feature","geometry":{"type":"Point","coordinates":[-6.455062999999939,6.873714000000064]},"properties":{"id":104677,"nom":"MP GBEULIVILLE_PRESCOLAIRE","type":"ecole maternelle","district_region":null,"departement_commune":null,"verifie":true,"name":"MP GBEULIVILLE_PRESCOLAIRE","source":"Géoportail ANSTAT"}},{"type":"Feature","geometry":{"type":"Point","coordinates":[-3.976425999999947,5.261934000000053]},"properties":{"id":104678,"nom":"MV ANNAN_PRESCOLAIRE","type":"ecole maternelle","district_region":null,"departement_commune":null,"verifie":true,"name":"MV ANNAN_PRESCOLAIRE","source":"Géoportail ANSTAT"}},{"type":"Feature","geometry":{"type":"Point","coordinates":[-4.052980999999932,5.482458000000065]},"properties":{"id":104679,"nom":"MP ANYAMA SUD_PRESCOLAIRE","type":"ecole maternelle","district_region":null,"departement_commune":null,"verifie":true,"name":"MP ANYAMA SUD_PRESCOLAIRE","source":"Géoportail ANSTAT"}},{"type":"Feature","geometry":{"type":"Point","coordinates":[-4.055970999999943,5.344000000000051]},"properties":{"id":104680,"nom":"MV LA MERECI_PRESCOLAIRE","type":"ecole maternelle","district_region":null,"departement_commune":null,"verifie":true,"name":"MV LA MERECI_PRESCOLAIRE","source":"Géoportail ANSTAT"}},{"type":"Feature","geometry":{"type":"Point","coordinates":[-6.654893999999956,4.77191700000003]},"properties":{"id":104681,"nom":"MP GRAND BARDOT_PRESCOLAIRE","type":"ecole maternelle","district_region":null,"departement_commune":null,"verifie":true,"name":"MP GRAND BARDOT_PRESCOLAIRE","source":"Géoportail ANSTAT"}},{"type":"Feature","geometry":{"type":"Point","coordinates":[-4.57104499999997,5.665481000000057]},"properties":{"id":104682,"nom":"MP SIKENSI_PRESCOLAIRE","type":"ecole maternelle","district_region":null,"departement_commune":null,"verifie":true,"name":"MP SIKENSI_PRESCOLAIRE","source":"Géoportail ANSTAT"}},{"type":"Feature","geometry":{"type":"Point","coordinates":[-3.206339999999955,5.471273000000053]},"properties":{"id":104683,"nom":"MP ABOISSO 1_PRESCOLAIRE","type":"ecole maternelle","district_region":null,"departement_commune":null,"verifie":true,"name":"MP ABOISSO 1_PRESCOLAIRE","source":"Géoportail ANSTAT"}},{"type":"Feature","geometry":{"type":"Point","coordinates":[-4.71999999999997,8.370000000000061]},"properties":{"id":104684,"nom":"MP BONIEREDOUGOU_PRESCOLAIRE","type":"ecole maternelle","district_region":null,"departement_commune":null,"verifie":true,"name":"MP BONIEREDOUGOU_PRESCOLAIRE","source":"Géoportail ANSTAT"}},{"type":"Feature","geometry":{"type":"Point","coordinates":[-3.946630999999968,5.308644000000072]},"properties":{"id":104685,"nom":"MC GRACE DIVINE_PRESCOLAIRE","type":"ecole maternelle","district_region":null,"departement_commune":null,"verifie":true,"name":"MC GRACE DIVINE_PRESCOLAIRE","source":"Géoportail ANSTAT"}},{"type":"Feature","geometry":{"type":"Point","coordinates":[-4.051005999999973,5.328509000000054]},"properties":{"id":104686,"nom":"MP SIPOREX 5_PRESCOLAIRE","type":"ecole maternelle","district_region":null,"departement_commune":null,"verifie":true,"name":"MP SIPOREX 5_PRESCOLAIRE","source":"Géoportail ANSTAT"}},{"type":"Feature","geometry":{"type":"Point","coordinates":[-4.373381999999935,5.332100000000025]},"properties":{"id":104687,"nom":"MP WROD_PRESCOLAIRE","type":"ecole maternelle","district_region":null,"departement_commune":null,"verifie":true,"name":"MP WROD_PRESCOLAIRE","source":"Géoportail ANSTAT"}},{"type":"Feature","geometry":{"type":"Point","coordinates":[-5.024925999999937,7.687069000000065]},"properties":{"id":104688,"nom":"MP MUNICIPALITE 1_PRESCOLAIRE","type":"ecole maternelle","district_region":null,"departement_commune":null,"verifie":true,"name":"MP MUNICIPALITE 1_PRESCOLAIRE","source":"Géoportail ANSTAT"}},{"type":"Feature","geometry":{"type":"Point","coordinates":[-5.952257999999972,6.124499000000071]},"properties":{"id":104689,"nom":"MC NDA_PRESCOLAIRE","type":"ecole maternelle","district_region":null,"departement_commune":null,"verifie":true,"name":"MC NDA_PRESCOLAIRE","source":"Géoportail ANSTAT"}},{"type":"Feature","geometry":{"type":"Point","coordinates":[-7.39314799999994,4.674652000000037]},"properties":{"id":104690,"nom":"MP IBOKE V2_PRESCOLAIRE","type":"ecole maternelle","district_region":null,"departement_commune":null,"verifie":true,"name":"MP IBOKE V2_PRESCOLAIRE","source":"Géoportail ANSTAT"}},{"type":"Feature","geometry":{"type":"Point","coordinates":[-4.013736999999935,5.422767000000022]},"properties":{"id":104691,"nom":"MP  OUEST 2_PRESCOLAIRE","type":"ecole maternelle","district_region":null,"departement_commune":null,"verifie":true,"name":"MP  OUEST 2_PRESCOLAIRE","source":"Géoportail ANSTAT"}},{"type":"Feature","geometry":{"type":"Point","coordinates":[-4.989999999999952,5.410000000000025]},"properties":{"id":104692,"nom":"MP ABOBOTE 1_PRESCOLAIRE","type":"ecole maternelle","district_region":null,"departement_commune":null,"verifie":true,"name":"MP ABOBOTE 1_PRESCOLAIRE","source":"Géoportail ANSTAT"}},{"type":"Feature","geometry":{"type":"Point","coordinates":[-5.016996999999947,7.693892000000062]},"properties":{"id":104693,"nom":"PRESCOLAIRE BAKASSA TRAORE DE SOKOURA_PRESCOLAIRE","type":"ecole maternelle","district_region":null,"departement_commune":null,"verifie":true,"name":"PRESCOLAIRE BAKASSA TRAORE DE SOKOURA_PRESCOLAIRE","source":"Géoportail ANSTAT"}},{"type":"Feature","geometry":{"type":"Point","coordinates":[-3.949999999999932,5.250000000000057]},"properties":{"id":104694,"nom":"MV SENY FOFANA_PRESCOLAIRE","type":"ecole maternelle","district_region":null,"departement_commune":null,"verifie":true,"name":"MV SENY FOFANA_PRESCOLAIRE","source":"Géoportail ANSTAT"}},{"type":"Feature","geometry":{"type":"Point","coordinates":[-5.035091999999963,7.730075000000056]},"properties":{"id":104695,"nom":"MP BINKADI_PRESCOLAIRE","type":"ecole maternelle","district_region":null,"departement_commune":null,"verifie":true,"name":"MP BINKADI_PRESCOLAIRE","source":"Géoportail ANSTAT"}},{"type":"Feature","geometry":{"type":"Point","coordinates":[-4.066925999999967,5.351754000000028]},"properties":{"id":104696,"nom":"MP MOSQUEE_PRESCOLAIRE","type":"ecole maternelle","district_region":null,"departement_commune":null,"verifie":true,"name":"MP MOSQUEE_PRESCOLAIRE","source":"Géoportail ANSTAT"}},{"type":"Feature","geometry":{"type":"Point","coordinates":[-5.038309999999967,7.688015000000064]},"properties":{"id":104697,"nom":"MP KOKO 1_PRESCOLAIRE","type":"ecole maternelle","district_region":null,"departement_commune":null,"verifie":true,"name":"MP KOKO 1_PRESCOLAIRE","source":"Géoportail ANSTAT"}},{"type":"Feature","geometry":{"type":"Point","coordinates":[-3.996659999999963,7.647917000000064]},"properties":{"id":104698,"nom":"MP CACE DE PRIKRO_PRESCOLAIRE","type":"ecole maternelle","district_region":null,"departement_commune":null,"verifie":true,"name":"MP CACE DE PRIKRO_PRESCOLAIRE","source":"Géoportail ANSTAT"}},{"type":"Feature","geometry":{"type":"Point","coordinates":[-4.123651999999936,5.554780000000051]},"properties":{"id":104699,"nom":"MC NOTRE D AME DES  APOTRES_PRESCOLAIRE","type":"ecole maternelle","district_region":null,"departement_commune":null,"verifie":true,"name":"MC NOTRE D AME DES  APOTRES_PRESCOLAIRE","source":"Géoportail ANSTAT"}},{"type":"Feature","geometry":{"type":"Point","coordinates":[-6.593637999999942,5.572215000000028]},"properties":{"id":104700,"nom":"MP OUPOYO 3_PRESCOLAIRE","type":"ecole maternelle","district_region":null,"departement_commune":null,"verifie":true,"name":"MP OUPOYO 3_PRESCOLAIRE","source":"Géoportail ANSTAT"}},{"type":"Feature","geometry":{"type":"Point","coordinates":[-2.740748999999937,7.990688000000034]},"properties":{"id":104701,"nom":"MP  SOKO_PRESCOLAIRE","type":"ecole maternelle","district_region":null,"departement_commune":null,"verifie":true,"name":"MP  SOKO_PRESCOLAIRE","source":"Géoportail ANSTAT"}},{"type":"Feature","geometry":{"type":"Point","coordinates":[-5.955299999999966,6.462950000000035]},"properties":{"id":104702,"nom":"MP BAYOTA_PRESCOLAIRE","type":"ecole maternelle","district_region":null,"departement_commune":null,"verifie":true,"name":"MP BAYOTA_PRESCOLAIRE","source":"Géoportail ANSTAT"}},{"type":"Feature","geometry":{"type":"Point","coordinates":[-4.04869999999994,5.496000000000038]},"properties":{"id":104703,"nom":"MV GDS FLICA ZOSSONKOI_PRESCOLAIRE","type":"ecole maternelle","district_region":null,"departement_commune":null,"verifie":true,"name":"MV GDS FLICA ZOSSONKOI_PRESCOLAIRE","source":"Géoportail ANSTAT"}},{"type":"Feature","geometry":{"type":"Point","coordinates":[-5.064260999999931,7.726190000000031]},"properties":{"id":104704,"nom":"MP KONANKANKRO_PRESCOLAIRE","type":"ecole maternelle","district_region":null,"departement_commune":null,"verifie":true,"name":"MP KONANKANKRO_PRESCOLAIRE","source":"Géoportail ANSTAT"}},{"type":"Feature","geometry":{"type":"Point","coordinates":[-4.070113999999933,5.367666000000042]},"properties":{"id":104705,"nom":"EPV L EMMANUEL_PRESCOLAIRE","type":"ecole maternelle","district_region":null,"departement_commune":null,"verifie":true,"name":"EPV L EMMANUEL_PRESCOLAIRE","source":"Géoportail ANSTAT"}},{"type":"Feature","geometry":{"type":"Point","coordinates":[-5.249799999999937,6.856000000000051]},"properties":{"id":104706,"nom":"MP 5 SINZIBO_PRESCOLAIRE","type":"ecole maternelle","district_region":null,"departement_commune":null,"verifie":true,"name":"MP 5 SINZIBO_PRESCOLAIRE","source":"Géoportail ANSTAT"}},{"type":"Feature","geometry":{"type":"Point","coordinates":[-4.046839999999975,5.327343000000042]},"properties":{"id":104707,"nom":"MP MOUTRILLE_PRESCOLAIRE","type":"ecole maternelle","district_region":null,"departement_commune":null,"verifie":true,"name":"MP MOUTRILLE_PRESCOLAIRE","source":"Géoportail ANSTAT"}},{"type":"Feature","geometry":{"type":"Point","coordinates":[-5.420908999999938,6.377107000000024]},"properties":{"id":104708,"nom":"MP OUME 1_PRESCOLAIRE","type":"ecole maternelle","district_region":null,"departement_commune":null,"verifie":true,"name":"MP OUME 1_PRESCOLAIRE","source":"Géoportail ANSTAT"}},{"type":"Feature","geometry":{"type":"Point","coordinates":[-4.580849999999941,5.645049000000029]},"properties":{"id":104709,"nom":"MP BECEDI_PRESCOLAIRE","type":"ecole maternelle","district_region":null,"departement_commune":null,"verifie":true,"name":"MP BECEDI_PRESCOLAIRE","source":"Géoportail ANSTAT"}},{"type":"Feature","geometry":{"type":"Point","coordinates":[-5.647334999999941,9.45653900000002]},"properties":{"id":104710,"nom":"MP MONTAGNE 2_PRESCOLAIRE","type":"ecole maternelle","district_region":null,"departement_commune":null,"verifie":true,"name":"MP MONTAGNE 2_PRESCOLAIRE","source":"Géoportail ANSTAT"}},{"type":"Feature","geometry":{"type":"Point","coordinates":[-5.96315199999998,6.146728000000053]},"properties":{"id":104711,"nom":"MP SOKOURADJAN_PRESCOLAIRE","type":"ecole maternelle","district_region":null,"departement_commune":null,"verifie":true,"name":"MP SOKOURADJAN_PRESCOLAIRE","source":"Géoportail ANSTAT"}},{"type":"Feature","geometry":{"type":"Point","coordinates":[-5.249799999999937,6.856000000000051]},"properties":{"id":104712,"nom":"MP 7 SINZIBO_PRESCOLAIRE","type":"ecole maternelle","district_region":null,"departement_commune":null,"verifie":true,"name":"MP 7 SINZIBO_PRESCOLAIRE","source":"Géoportail ANSTAT"}},{"type":"Feature","geometry":{"type":"Point","coordinates":[-5.092753999999957,8.129373000000044]},"properties":{"id":104713,"nom":"MP DIMBEKAHA_PRESCOLAIRE","type":"ecole maternelle","district_region":null,"departement_commune":null,"verifie":true,"name":"MP DIMBEKAHA_PRESCOLAIRE","source":"Géoportail ANSTAT"}},{"type":"Feature","geometry":{"type":"Point","coordinates":[-3.54882299999997,5.242102000000045]},"properties":{"id":104714,"nom":"MP DJIBI 3_PRESCOLAIRE","type":"ecole maternelle","district_region":null,"departement_commune":null,"verifie":true,"name":"MP DJIBI 3_PRESCOLAIRE","source":"Géoportail ANSTAT"}},{"type":"Feature","geometry":{"type":"Point","coordinates":[-5.19451799999996,9.59076600000003]},"properties":{"id":104715,"nom":"MC LE JARDIN DE LA PAIX_PRESCOLAIRE","type":"ecole maternelle","district_region":null,"departement_commune":null,"verifie":true,"name":"MC LE JARDIN DE LA PAIX_PRESCOLAIRE","source":"Géoportail ANSTAT"}},{"type":"Feature","geometry":{"type":"Point","coordinates":[-5.280580999999927,6.849651000000051]},"properties":{"id":104716,"nom":"MP HERMANN GMEINER_PRESCOLAIRE","type":"ecole maternelle","district_region":null,"departement_commune":null,"verifie":true,"name":"MP HERMANN GMEINER_PRESCOLAIRE","source":"Géoportail ANSTAT"}},{"type":"Feature","geometry":{"type":"Point","coordinates":[-3.512406999999939,6.717532000000062]},"properties":{"id":104717,"nom":"MP ADAHOU_PRESCOLAIRE","type":"ecole maternelle","district_region":null,"departement_commune":null,"verifie":true,"name":"MP ADAHOU_PRESCOLAIRE","source":"Géoportail ANSTAT"}},{"type":"Feature","geometry":{"type":"Point","coordinates":[-4.210287999999935,6.654553000000021]},"properties":{"id":104718,"nom":"MP HOPITAL_PRESCOLAIRE","type":"ecole maternelle","district_region":null,"departement_commune":null,"verifie":true,"name":"MP HOPITAL_PRESCOLAIRE","source":"Géoportail ANSTAT"}},{"type":"Feature","geometry":{"type":"Point","coordinates":[-4.088404999999966,5.360427000000072]},"properties":{"id":104719,"nom":"MV NOTRE DAME DE LA DIVINE GRACE_PRESCOLAIRE","type":"ecole maternelle","district_region":null,"departement_commune":null,"verifie":true,"name":"MV NOTRE DAME DE LA DIVINE GRACE_PRESCOLAIRE","source":"Géoportail ANSTAT"}},{"type":"Feature","geometry":{"type":"Point","coordinates":[-5.969297999999981,6.139452000000063]},"properties":{"id":104720,"nom":"MP SOKOURA_PRESCOLAIRE","type":"ecole maternelle","district_region":null,"departement_commune":null,"verifie":true,"name":"MP SOKOURA_PRESCOLAIRE","source":"Géoportail ANSTAT"}},{"type":"Feature","geometry":{"type":"Point","coordinates":[-6.173396999999966,6.23593500000004]},"properties":{"id":104721,"nom":"MP LES ANGES GUIBEROUA1_PRESCOLAIRE","type":"ecole maternelle","district_region":null,"departement_commune":null,"verifie":true,"name":"MP LES ANGES GUIBEROUA1_PRESCOLAIRE","source":"Géoportail ANSTAT"}},{"type":"Feature","geometry":{"type":"Point","coordinates":[-6.275331999999935,5.66235000000006]},"properties":{"id":104722,"nom":"MP SIPEF-CI ESPOIR_PRESCOLAIRE","type":"ecole maternelle","district_region":null,"departement_commune":null,"verifie":true,"name":"MP SIPEF-CI ESPOIR_PRESCOLAIRE","source":"Géoportail ANSTAT"}},{"type":"Feature","geometry":{"type":"Point","coordinates":[-4.07155599999993,5.328602000000046]},"properties":{"id":104723,"nom":"MV SAINT ETIENNE_PRESCOLAIRE","type":"ecole maternelle","district_region":null,"departement_commune":null,"verifie":true,"name":"MV SAINT ETIENNE_PRESCOLAIRE","source":"Géoportail ANSTAT"}},{"type":"Feature","geometry":{"type":"Point","coordinates":[-4.037365999999963,5.31041300000004]},"properties":{"id":104724,"nom":"MV LES CHERUBINS ABOBO DOUME_PRESCOLAIRE","type":"ecole maternelle","district_region":null,"departement_commune":null,"verifie":true,"name":"MV LES CHERUBINS ABOBO DOUME_PRESCOLAIRE","source":"Géoportail ANSTAT"}},{"type":"Feature","geometry":{"type":"Point","coordinates":[-5.364562999999976,5.824217000000033]},"properties":{"id":104725,"nom":"MP DIVO-DIOULABOUGOU 2_PRESCOLAIRE","type":"ecole maternelle","district_region":null,"departement_commune":null,"verifie":true,"name":"MP DIVO-DIOULABOUGOU 2_PRESCOLAIRE","source":"Géoportail ANSTAT"}},{"type":"Feature","geometry":{"type":"Point","coordinates":[-3.423455999999931,7.453256000000067]},"properties":{"id":104726,"nom":"MP AGNIKRO_PRESCOLAIRE","type":"ecole maternelle","district_region":null,"departement_commune":null,"verifie":true,"name":"MP AGNIKRO_PRESCOLAIRE","source":"Géoportail ANSTAT"}},{"type":"Feature","geometry":{"type":"Point","coordinates":[-2.989165999999955,9.270186000000024]},"properties":{"id":104727,"nom":"MP BOUNA CENTRE_PRESCOLAIRE","type":"ecole maternelle","district_region":null,"departement_commune":null,"verifie":true,"name":"MP BOUNA CENTRE_PRESCOLAIRE","source":"Géoportail ANSTAT"}},{"type":"Feature","geometry":{"type":"Point","coordinates":[-6.598039999999969,5.876500000000021]},"properties":{"id":104728,"nom":"MV OLYMPAFRICA_PRESCOLAIRE","type":"ecole maternelle","district_region":null,"departement_commune":null,"verifie":true,"name":"MV OLYMPAFRICA_PRESCOLAIRE","source":"Géoportail ANSTAT"}},{"type":"Feature","geometry":{"type":"Point","coordinates":[-4.040960999999925,5.30822500000005]},"properties":{"id":104729,"nom":"MP ABOBO DOUME LAGUNE_PRESCOLAIRE","type":"ecole maternelle","district_region":null,"departement_commune":null,"verifie":true,"name":"MP ABOBO DOUME LAGUNE_PRESCOLAIRE","source":"Géoportail ANSTAT"}},{"type":"Feature","geometry":{"type":"Point","coordinates":[-4.025162999999964,5.347110000000043]},"properties":{"id":104730,"nom":"MP SATIGUI SANGARE_PRESCOLAIRE","type":"ecole maternelle","district_region":null,"departement_commune":null,"verifie":true,"name":"MP SATIGUI SANGARE_PRESCOLAIRE","source":"Géoportail ANSTAT"}},{"type":"Feature","geometry":{"type":"Point","coordinates":[-5.445101999999963,9.47409200000004]},"properties":{"id":104731,"nom":"MP  SOZORIBOUGOU 1_PRESCOLAIRE","type":"ecole maternelle","district_region":null,"departement_commune":null,"verifie":true,"name":"MP  SOZORIBOUGOU 1_PRESCOLAIRE","source":"Géoportail ANSTAT"}},{"type":"Feature","geometry":{"type":"Point","coordinates":[-4.276577999999972,5.217775000000074]},"properties":{"id":104732,"nom":"MP SASSAKO_PRESCOLAIRE","type":"ecole maternelle","district_region":null,"departement_commune":null,"verifie":true,"name":"MP SASSAKO_PRESCOLAIRE","source":"Géoportail ANSTAT"}},{"type":"Feature","geometry":{"type":"Point","coordinates":[-6.422587999999962,6.856172000000072]},"properties":{"id":104733,"nom":"MP DALOA SUD B EXTENSION_PRESCOLAIRE","type":"ecole maternelle","district_region":null,"departement_commune":null,"verifie":true,"name":"MP DALOA SUD B EXTENSION_PRESCOLAIRE","source":"Géoportail ANSTAT"}},{"type":"Feature","geometry":{"type":"Point","coordinates":[-4.004566999999952,5.390368000000024]},"properties":{"id":104734,"nom":"MV ARC EN CIEL_PRESCOLAIRE","type":"ecole maternelle","district_region":null,"departement_commune":null,"verifie":true,"name":"MV ARC EN CIEL_PRESCOLAIRE","source":"Géoportail ANSTAT"}},{"type":"Feature","geometry":{"type":"Point","coordinates":[-5.623243999999943,9.43752900000004]},"properties":{"id":104735,"nom":"MV TENIN KARNA_PRESCOLAIRE","type":"ecole maternelle","district_region":null,"departement_commune":null,"verifie":true,"name":"MV TENIN KARNA_PRESCOLAIRE","source":"Géoportail ANSTAT"}},{"type":"Feature","geometry":{"type":"Point","coordinates":[-4.518758740999942,5.263519356000074]},"properties":{"id":104736,"nom":"MV LA METHODE_PRESCOLAIRE","type":"ecole maternelle","district_region":null,"departement_commune":null,"verifie":true,"name":"MV LA METHODE_PRESCOLAIRE","source":"Géoportail ANSTAT"}},{"type":"Feature","geometry":{"type":"Point","coordinates":[-5.361677999999927,5.841365000000053]},"properties":{"id":104737,"nom":"MP DIVO COMMERCE LES DAUPHINS_PRESCOLAIRE","type":"ecole maternelle","district_region":null,"departement_commune":null,"verifie":true,"name":"MP DIVO COMMERCE LES DAUPHINS_PRESCOLAIRE","source":"Géoportail ANSTAT"}},{"type":"Feature","geometry":{"type":"Point","coordinates":[-5.958616999999947,6.139157000000068]},"properties":{"id":104738,"nom":"MP CHATEAU D EAU 1_PRESCOLAIRE","type":"ecole maternelle","district_region":null,"departement_commune":null,"verifie":true,"name":"MP CHATEAU D EAU 1_PRESCOLAIRE","source":"Géoportail ANSTAT"}},{"type":"Feature","geometry":{"type":"Point","coordinates":[-5.250476999999933,6.855984000000035]},"properties":{"id":104739,"nom":"MP 6 SINZIBO_PRESCOLAIRE","type":"ecole maternelle","district_region":null,"departement_commune":null,"verifie":true,"name":"MP 6 SINZIBO_PRESCOLAIRE","source":"Géoportail ANSTAT"}},{"type":"Feature","geometry":{"type":"Point","coordinates":[-5.662326999999948,9.455701000000031]},"properties":{"id":104740,"nom":"MP LES PAPILLONS DE BAD_PRESCOLAIRE","type":"ecole maternelle","district_region":null,"departement_commune":null,"verifie":true,"name":"MP LES PAPILLONS DE BAD_PRESCOLAIRE","source":"Géoportail ANSTAT"}},{"type":"Feature","geometry":{"type":"Point","coordinates":[-6.439999999999941,5.120000000000061]},"properties":{"id":104741,"nom":"MV LES SCHTROUMPFS_PRESCOLAIRE","type":"ecole maternelle","district_region":null,"departement_commune":null,"verifie":true,"name":"MV LES SCHTROUMPFS_PRESCOLAIRE","source":"Géoportail ANSTAT"}},{"type":"Feature","geometry":{"type":"Point","coordinates":[-3.495597999999973,6.741865000000075]},"properties":{"id":104742,"nom":"MP INDENIE 1_PRESCOLAIRE","type":"ecole maternelle","district_region":null,"departement_commune":null,"verifie":true,"name":"MP INDENIE 1_PRESCOLAIRE","source":"Géoportail ANSTAT"}},{"type":"Feature","geometry":{"type":"Point","coordinates":[-7.554899999999975,7.105140000000063]},"properties":{"id":104743,"nom":"MP BAIN DE BRETAGNE DE LOGOUALE_PRESCOLAIRE","type":"ecole maternelle","district_region":null,"departement_commune":null,"verifie":true,"name":"MP BAIN DE BRETAGNE DE LOGOUALE_PRESCOLAIRE","source":"Géoportail ANSTAT"}},{"type":"Feature","geometry":{"type":"Point","coordinates":[-4.772999999999968,5.22300000000007]},"properties":{"id":104744,"nom":"MP POUSSINS 2_PRESCOLAIRE","type":"ecole maternelle","district_region":null,"departement_commune":null,"verifie":true,"name":"MP POUSSINS 2_PRESCOLAIRE","source":"Géoportail ANSTAT"}},{"type":"Feature","geometry":{"type":"Point","coordinates":[-3.495249999999942,6.722510000000057]},"properties":{"id":104745,"nom":"MP BOKO KOUAO EUGENE 1_PRESCOLAIRE","type":"ecole maternelle","district_region":null,"departement_commune":null,"verifie":true,"name":"MP BOKO KOUAO EUGENE 1_PRESCOLAIRE","source":"Géoportail ANSTAT"}},{"type":"Feature","geometry":{"type":"Point","coordinates":[-4.003564999999981,5.309830000000034]},"properties":{"id":104746,"nom":"MP AVENUE 8/B_PRESCOLAIRE","type":"ecole maternelle","district_region":null,"departement_commune":null,"verifie":true,"name":"MP AVENUE 8/B_PRESCOLAIRE","source":"Géoportail ANSTAT"}},{"type":"Feature","geometry":{"type":"Point","coordinates":[-6.42999999999995,6.86000000000007]},"properties":{"id":104747,"nom":"MC ST JOSEPH 3_PRESCOLAIRE","type":"ecole maternelle","district_region":null,"departement_commune":null,"verifie":true,"name":"MC ST JOSEPH 3_PRESCOLAIRE","source":"Géoportail ANSTAT"}},{"type":"Feature","geometry":{"type":"Point","coordinates":[-4.819999999999936,5.890000000000043]},"properties":{"id":104748,"nom":"MP MUNICIPALITE_PRESCOLAIRE","type":"ecole maternelle","district_region":null,"departement_commune":null,"verifie":true,"name":"MP MUNICIPALITE_PRESCOLAIRE","source":"Géoportail ANSTAT"}},{"type":"Feature","geometry":{"type":"Point","coordinates":[-4.221192999999971,5.931393000000071]},"properties":{"id":104749,"nom":"MP GANTOIS_PRESCOLAIRE","type":"ecole maternelle","district_region":null,"departement_commune":null,"verifie":true,"name":"MP GANTOIS_PRESCOLAIRE","source":"Géoportail ANSTAT"}},{"type":"Feature","geometry":{"type":"Point","coordinates":[-4.003451999999925,5.301246000000049]},"properties":{"id":104750,"nom":"MC SAINT JEAN BOSCO 1_PRESCOLAIRE","type":"ecole maternelle","district_region":null,"departement_commune":null,"verifie":true,"name":"MC SAINT JEAN BOSCO 1_PRESCOLAIRE","source":"Géoportail ANSTAT"}},{"type":"Feature","geometry":{"type":"Point","coordinates":[-5.540197999999975,7.035010000000057]},"properties":{"id":104751,"nom":"MP ANGOVIA_PRESCOLAIRE","type":"ecole maternelle","district_region":null,"departement_commune":null,"verifie":true,"name":"MP ANGOVIA_PRESCOLAIRE","source":"Géoportail ANSTAT"}},{"type":"Feature","geometry":{"type":"Point","coordinates":[-5.375921999999946,5.831754000000046]},"properties":{"id":104752,"nom":"MP DIVO-GREMIAN 1_PRESCOLAIRE","type":"ecole maternelle","district_region":null,"departement_commune":null,"verifie":true,"name":"MP DIVO-GREMIAN 1_PRESCOLAIRE","source":"Géoportail ANSTAT"}},{"type":"Feature","geometry":{"type":"Point","coordinates":[-3.944649999999967,5.305417000000034]},"properties":{"id":104753,"nom":"MP ABRI 2000_PRESCOLAIRE","type":"ecole maternelle","district_region":null,"departement_commune":null,"verifie":true,"name":"MP ABRI 2000_PRESCOLAIRE","source":"Géoportail ANSTAT"}},{"type":"Feature","geometry":{"type":"Point","coordinates":[-5.702920999999947,9.785653000000025]},"properties":{"id":104754,"nom":"MP LES ALOUETTES_PRESCOLAIRE","type":"ecole maternelle","district_region":null,"departement_commune":null,"verifie":true,"name":"MP LES ALOUETTES_PRESCOLAIRE","source":"Géoportail ANSTAT"}},{"type":"Feature","geometry":{"type":"Point","coordinates":[-5.18254799999994,9.58047300000004]},"properties":{"id":104755,"nom":"MP RESIDENTIEL_PRESCOLAIRE","type":"ecole maternelle","district_region":null,"departement_commune":null,"verifie":true,"name":"MP RESIDENTIEL_PRESCOLAIRE","source":"Géoportail ANSTAT"}},{"type":"Feature","geometry":{"type":"Point","coordinates":[-5.911959999999965,6.625991000000056]},"properties":{"id":104756,"nom":"MP SINFRA_PRESCOLAIRE","type":"ecole maternelle","district_region":null,"departement_commune":null,"verifie":true,"name":"MP SINFRA_PRESCOLAIRE","source":"Géoportail ANSTAT"}},{"type":"Feature","geometry":{"type":"Point","coordinates":[-5.062915999999973,7.669901000000038]},"properties":{"id":104757,"nom":"MP N DAKRO 1_PRESCOLAIRE","type":"ecole maternelle","district_region":null,"departement_commune":null,"verifie":true,"name":"MP N DAKRO 1_PRESCOLAIRE","source":"Géoportail ANSTAT"}},{"type":"Feature","geometry":{"type":"Point","coordinates":[-6.639722999999947,4.745800000000031]},"properties":{"id":104758,"nom":"MP LAC_PRESCOLAIRE","type":"ecole maternelle","district_region":null,"departement_commune":null,"verifie":true,"name":"MP LAC_PRESCOLAIRE","source":"Géoportail ANSTAT"}},{"type":"Feature","geometry":{"type":"Point","coordinates":[-5.250182999999936,6.856175000000064]},"properties":{"id":104759,"nom":"MP 2 SINZIBO_PRESCOLAIRE","type":"ecole maternelle","district_region":null,"departement_commune":null,"verifie":true,"name":"MP 2 SINZIBO_PRESCOLAIRE","source":"Géoportail ANSTAT"}},{"type":"Feature","geometry":{"type":"Point","coordinates":[-3.899999999999977,5.400000000000034]},"properties":{"id":104760,"nom":"MP GROUPEMENT 4000_PRESCOLAIRE","type":"ecole maternelle","district_region":null,"departement_commune":null,"verifie":true,"name":"MP GROUPEMENT 4000_PRESCOLAIRE","source":"Géoportail ANSTAT"}},{"type":"Feature","geometry":{"type":"Point","coordinates":[-4.556963999999937,5.400985000000048]},"properties":{"id":104761,"nom":"MV PETIT BAOBAB_PRESCOLAIRE","type":"ecole maternelle","district_region":null,"departement_commune":null,"verifie":true,"name":"MV PETIT BAOBAB_PRESCOLAIRE","source":"Géoportail ANSTAT"}},{"type":"Feature","geometry":{"type":"Point","coordinates":[-6.46398199999993,6.88547200000005]},"properties":{"id":104762,"nom":"MP GBOBELE_PRESCOLAIRE","type":"ecole maternelle","district_region":null,"departement_commune":null,"verifie":true,"name":"MP GBOBELE_PRESCOLAIRE","source":"Géoportail ANSTAT"}},{"type":"Feature","geometry":{"type":"Point","coordinates":[-3.600152999999978,5.268255000000067]},"properties":{"id":104763,"nom":"MP ASSAMOI KOFFI_PRESCOLAIRE","type":"ecole maternelle","district_region":null,"departement_commune":null,"verifie":true,"name":"MP ASSAMOI KOFFI_PRESCOLAIRE","source":"Géoportail ANSTAT"}},{"type":"Feature","geometry":{"type":"Point","coordinates":[-3.944829999999968,5.304871000000048]},"properties":{"id":104764,"nom":"MC BETHANIE_PRESCOLAIRE","type":"ecole maternelle","district_region":null,"departement_commune":null,"verifie":true,"name":"MC BETHANIE_PRESCOLAIRE","source":"Géoportail ANSTAT"}},{"type":"Feature","geometry":{"type":"Point","coordinates":[-3.897134999999935,5.978231000000051]},"properties":{"id":104765,"nom":"MP BIABOU 2_PRESCOLAIRE","type":"ecole maternelle","district_region":null,"departement_commune":null,"verifie":true,"name":"MP BIABOU 2_PRESCOLAIRE","source":"Géoportail ANSTAT"}},{"type":"Feature","geometry":{"type":"Point","coordinates":[-4.034999999999968,5.487000000000023]},"properties":{"id":104766,"nom":"MP ANYAMA ADJAME_PRESCOLAIRE","type":"ecole maternelle","district_region":null,"departement_commune":null,"verifie":true,"name":"MP ANYAMA ADJAME_PRESCOLAIRE","source":"Géoportail ANSTAT"}},{"type":"Feature","geometry":{"type":"Point","coordinates":[-5.030536999999981,7.694405000000074]},"properties":{"id":104767,"nom":"MP ABOLIBA_PRESCOLAIRE","type":"ecole maternelle","district_region":null,"departement_commune":null,"verifie":true,"name":"MP ABOLIBA_PRESCOLAIRE","source":"Géoportail ANSTAT"}},{"type":"Feature","geometry":{"type":"Point","coordinates":[-5.058072999999979,7.711880000000065]},"properties":{"id":104768,"nom":"MP GONFREVILLE 2_PRESCOLAIRE","type":"ecole maternelle","district_region":null,"departement_commune":null,"verifie":true,"name":"MP GONFREVILLE 2_PRESCOLAIRE","source":"Géoportail ANSTAT"}},{"type":"Feature","geometry":{"type":"Point","coordinates":[-5.316232999999954,5.635063000000059]},"properties":{"id":104769,"nom":"MP PALM BOUBO_PRESCOLAIRE","type":"ecole maternelle","district_region":null,"departement_commune":null,"verifie":true,"name":"MP PALM BOUBO_PRESCOLAIRE","source":"Géoportail ANSTAT"}},{"type":"Feature","geometry":{"type":"Point","coordinates":[-3.476819999999975,5.169424000000049]},"properties":{"id":104770,"nom":"MP ASSOUINDE_PRESCOLAIRE","type":"ecole maternelle","district_region":null,"departement_commune":null,"verifie":true,"name":"MP ASSOUINDE_PRESCOLAIRE","source":"Géoportail ANSTAT"}},{"type":"Feature","geometry":{"type":"Point","coordinates":[-3.980519999999956,5.366200000000049]},"properties":{"id":104771,"nom":"MV METHODISTE BONOUMIN_PRESCOLAIRE","type":"ecole maternelle","district_region":null,"departement_commune":null,"verifie":true,"name":"MV METHODISTE BONOUMIN_PRESCOLAIRE","source":"Géoportail ANSTAT"}},{"type":"Feature","geometry":{"type":"Point","coordinates":[-3.25543399999998,5.267856000000052]},"properties":{"id":104772,"nom":"MP ATLANTIDE_PRESCOLAIRE","type":"ecole maternelle","district_region":null,"departement_commune":null,"verifie":true,"name":"MP ATLANTIDE_PRESCOLAIRE","source":"Géoportail ANSTAT"}},{"type":"Feature","geometry":{"type":"Point","coordinates":[-3.949999999999932,5.807000000000073]},"properties":{"id":104773,"nom":"MP YAKASSE-ME_PRESCOLAIRE","type":"ecole maternelle","district_region":null,"departement_commune":null,"verifie":true,"name":"MP YAKASSE-ME_PRESCOLAIRE","source":"Géoportail ANSTAT"}},{"type":"Feature","geometry":{"type":"Point","coordinates":[-5.013809999999978,7.671130000000062]},"properties":{"id":104774,"nom":"MV RESIE_PRESCOLAIRE","type":"ecole maternelle","district_region":null,"departement_commune":null,"verifie":true,"name":"MV RESIE_PRESCOLAIRE","source":"Géoportail ANSTAT"}},{"type":"Feature","geometry":{"type":"Point","coordinates":[-5.278251999999952,6.785612000000071]},"properties":{"id":104775,"nom":"MP KOKRENOU_PRESCOLAIRE","type":"ecole maternelle","district_region":null,"departement_commune":null,"verifie":true,"name":"MP KOKRENOU_PRESCOLAIRE","source":"Géoportail ANSTAT"}},{"type":"Feature","geometry":{"type":"Point","coordinates":[-3.932262999999978,5.363876000000062]},"properties":{"id":104776,"nom":"MP LES LAURIERS_PRESCOLAIRE","type":"ecole maternelle","district_region":null,"departement_commune":null,"verifie":true,"name":"MP LES LAURIERS_PRESCOLAIRE","source":"Géoportail ANSTAT"}},{"type":"Feature","geometry":{"type":"Point","coordinates":[-6.048753999999974,7.427452000000073]},"properties":{"id":104777,"nom":"MP LES POUSSINS_PRESCOLAIRE","type":"ecole maternelle","district_region":null,"departement_commune":null,"verifie":true,"name":"MP LES POUSSINS_PRESCOLAIRE","source":"Géoportail ANSTAT"}},{"type":"Feature","geometry":{"type":"Point","coordinates":[-5.63094899999993,9.46847800000006]},"properties":{"id":104778,"nom":"MP LES ROSSIGNOLS JEAN DELAFOSSE_PRESCOLAIRE","type":"ecole maternelle","district_region":null,"departement_commune":null,"verifie":true,"name":"MP LES ROSSIGNOLS JEAN DELAFOSSE_PRESCOLAIRE","source":"Géoportail ANSTAT"}},{"type":"Feature","geometry":{"type":"Point","coordinates":[-6.648553999999933,4.784568000000036]},"properties":{"id":104779,"nom":"MP SOTREF_PRESCOLAIRE","type":"ecole maternelle","district_region":null,"departement_commune":null,"verifie":true,"name":"MP SOTREF_PRESCOLAIRE","source":"Géoportail ANSTAT"}},{"type":"Feature","geometry":{"type":"Point","coordinates":[-5.250016999999957,6.856094000000041]},"properties":{"id":104780,"nom":"MP 1 SINZIBO_PRESCOLAIRE","type":"ecole maternelle","district_region":null,"departement_commune":null,"verifie":true,"name":"MP 1 SINZIBO_PRESCOLAIRE","source":"Géoportail ANSTAT"}},{"type":"Feature","geometry":{"type":"Point","coordinates":[-3.921223999999938,5.341180000000065]},"properties":{"id":104781,"nom":"MV LA REGLE D ORIBAT_PRESCOLAIRE","type":"ecole maternelle","district_region":null,"departement_commune":null,"verifie":true,"name":"MV LA REGLE D ORIBAT_PRESCOLAIRE","source":"Géoportail ANSTAT"}},{"type":"Feature","geometry":{"type":"Point","coordinates":[-3.972361999999976,5.383371000000068]},"properties":{"id":104782,"nom":"MV SAINT MARC_PRESCOLAIRE","type":"ecole maternelle","district_region":null,"departement_commune":null,"verifie":true,"name":"MV SAINT MARC_PRESCOLAIRE","source":"Géoportail ANSTAT"}},{"type":"Feature","geometry":{"type":"Point","coordinates":[-3.996879999999976,7.646337000000074]},"properties":{"id":104783,"nom":"MP LES HIRONDELLES_PRESCOLAIRE","type":"ecole maternelle","district_region":null,"departement_commune":null,"verifie":true,"name":"MP LES HIRONDELLES_PRESCOLAIRE","source":"Géoportail ANSTAT"}},{"type":"Feature","geometry":{"type":"Point","coordinates":[-4.053215999999964,5.490954000000045]},"properties":{"id":104784,"nom":"MV LES CHERUBINS_PRESCOLAIRE","type":"ecole maternelle","district_region":null,"departement_commune":null,"verifie":true,"name":"MV LES CHERUBINS_PRESCOLAIRE","source":"Géoportail ANSTAT"}},{"type":"Feature","geometry":{"type":"Point","coordinates":[-2.809659999999951,8.030492000000038]},"properties":{"id":104785,"nom":"MP  MUNICIPALITE 1_PRESCOLAIRE","type":"ecole maternelle","district_region":null,"departement_commune":null,"verifie":true,"name":"MP  MUNICIPALITE 1_PRESCOLAIRE","source":"Géoportail ANSTAT"}},{"type":"Feature","geometry":{"type":"Point","coordinates":[-4.089941999999951,5.342790000000036]},"properties":{"id":104786,"nom":"MV LES LIBELLULES_PRESCOLAIRE","type":"ecole maternelle","district_region":null,"departement_commune":null,"verifie":true,"name":"MV LES LIBELLULES_PRESCOLAIRE","source":"Géoportail ANSTAT"}},{"type":"Feature","geometry":{"type":"Point","coordinates":[-6.660347999999942,4.766937000000041]},"properties":{"id":104787,"nom":"PRESCOLAIRE CATHOLIQUE ENFANT JESUS_PRESCOLAIRE","type":"ecole maternelle","district_region":null,"departement_commune":null,"verifie":true,"name":"PRESCOLAIRE CATHOLIQUE ENFANT JESUS_PRESCOLAIRE","source":"Géoportail ANSTAT"}},{"type":"Feature","geometry":{"type":"Point","coordinates":[-5.649749999999926,9.486394000000075]},"properties":{"id":104788,"nom":"MP DE NAGNENEFOUN_PRESCOLAIRE","type":"ecole maternelle","district_region":null,"departement_commune":null,"verifie":true,"name":"MP DE NAGNENEFOUN_PRESCOLAIRE","source":"Géoportail ANSTAT"}},{"type":"Feature","geometry":{"type":"Point","coordinates":[-3.533984999999973,8.457546000000036]},"properties":{"id":104789,"nom":"MP PARHADI_PRESCOLAIRE","type":"ecole maternelle","district_region":null,"departement_commune":null,"verifie":true,"name":"MP PARHADI_PRESCOLAIRE","source":"Géoportail ANSTAT"}},{"type":"Feature","geometry":{"type":"Point","coordinates":[-3.885964999999942,5.35807600000004]},"properties":{"id":104790,"nom":"MC SAINT AUGUSTIN_PRESCOLAIRE","type":"ecole maternelle","district_region":null,"departement_commune":null,"verifie":true,"name":"MC SAINT AUGUSTIN_PRESCOLAIRE","source":"Géoportail ANSTAT"}},{"type":"Feature","geometry":{"type":"Point","coordinates":[-6.754599999999925,6.523147000000051]},"properties":{"id":104791,"nom":"MP ZOUKOUGBEU_PRESCOLAIRE","type":"ecole maternelle","district_region":null,"departement_commune":null,"verifie":true,"name":"MP ZOUKOUGBEU_PRESCOLAIRE","source":"Géoportail ANSTAT"}},{"type":"Feature","geometry":{"type":"Point","coordinates":[-3.947218999999961,5.305056000000036]},"properties":{"id":104792,"nom":"MP PRODOMO SELMER_PRESCOLAIRE","type":"ecole maternelle","district_region":null,"departement_commune":null,"verifie":true,"name":"MP PRODOMO SELMER_PRESCOLAIRE","source":"Géoportail ANSTAT"}},{"type":"Feature","geometry":{"type":"Point","coordinates":[-5.753807999999935,6.990973000000054]},"properties":{"id":104793,"nom":"MP BIAKA_PRESCOLAIRE","type":"ecole maternelle","district_region":null,"departement_commune":null,"verifie":true,"name":"MP BIAKA_PRESCOLAIRE","source":"Géoportail ANSTAT"}},{"type":"Feature","geometry":{"type":"Point","coordinates":[-4.759022999999956,5.862275000000068]},"properties":{"id":104794,"nom":"MP N DOUCI PLATEAU_PRESCOLAIRE","type":"ecole maternelle","district_region":null,"departement_commune":null,"verifie":true,"name":"MP N DOUCI PLATEAU_PRESCOLAIRE","source":"Géoportail ANSTAT"}},{"type":"Feature","geometry":{"type":"Point","coordinates":[-5.024967999999944,7.686873000000048]},"properties":{"id":104795,"nom":"MP MUNICIPALITE 2_PRESCOLAIRE","type":"ecole maternelle","district_region":null,"departement_commune":null,"verifie":true,"name":"MP MUNICIPALITE 2_PRESCOLAIRE","source":"Géoportail ANSTAT"}},{"type":"Feature","geometry":{"type":"Point","coordinates":[-5.347100999999952,5.851270000000056]},"properties":{"id":104796,"nom":"MP DIVO KONANKRO VATICAN \"LES ALOUETTES\"_PRESCOLAIRE","type":"ecole maternelle","district_region":null,"departement_commune":null,"verifie":true,"name":"MP DIVO KONANKRO VATICAN \"LES ALOUETTES\"_PRESCOLAIRE","source":"Géoportail ANSTAT"}},{"type":"Feature","geometry":{"type":"Point","coordinates":[-3.93394399999994,5.380939000000069]},"properties":{"id":104797,"nom":"MV EPHRATA_PRESCOLAIRE","type":"ecole maternelle","district_region":null,"departement_commune":null,"verifie":true,"name":"MV EPHRATA_PRESCOLAIRE","source":"Géoportail ANSTAT"}},{"type":"Feature","geometry":{"type":"Point","coordinates":[-3.07749999999993,5.665113000000076]},"properties":{"id":104798,"nom":"MC LES BAMBINOS DE SANHOUKRO_PRESCOLAIRE","type":"ecole maternelle","district_region":null,"departement_commune":null,"verifie":true,"name":"MC LES BAMBINOS DE SANHOUKRO_PRESCOLAIRE","source":"Géoportail ANSTAT"}},{"type":"Feature","geometry":{"type":"Point","coordinates":[-5.024985999999956,7.686873000000048]},"properties":{"id":104799,"nom":"MP MUNICIPALITE 3_PRESCOLAIRE","type":"ecole maternelle","district_region":null,"departement_commune":null,"verifie":true,"name":"MP MUNICIPALITE 3_PRESCOLAIRE","source":"Géoportail ANSTAT"}},{"type":"Feature","geometry":{"type":"Point","coordinates":[-5.038105999999971,7.666120000000035]},"properties":{"id":104800,"nom":"MV ASSEMBLEE DE DIEU BROUKRO_PRESCOLAIRE","type":"ecole maternelle","district_region":null,"departement_commune":null,"verifie":true,"name":"MV ASSEMBLEE DE DIEU BROUKRO_PRESCOLAIRE","source":"Géoportail ANSTAT"}},{"type":"Feature","geometry":{"type":"Point","coordinates":[-2.799050999999963,8.047777000000053]},"properties":{"id":104801,"nom":"MC NOTRE DAME_PRESCOLAIRE","type":"ecole maternelle","district_region":null,"departement_commune":null,"verifie":true,"name":"MC NOTRE DAME_PRESCOLAIRE","source":"Géoportail ANSTAT"}},{"type":"Feature","geometry":{"type":"Point","coordinates":[-4.122973999999942,5.553455000000042]},"properties":{"id":104802,"nom":"MP 4 OBODJIKRO_PRESCOLAIRE","type":"ecole maternelle","district_region":null,"departement_commune":null,"verifie":true,"name":"MP 4 OBODJIKRO_PRESCOLAIRE","source":"Géoportail ANSTAT"}},{"type":"Feature","geometry":{"type":"Point","coordinates":[-4.095116999999959,5.343589000000065]},"properties":{"id":104803,"nom":"MV AYEWA_PRESCOLAIRE","type":"ecole maternelle","district_region":null,"departement_commune":null,"verifie":true,"name":"MV AYEWA_PRESCOLAIRE","source":"Géoportail ANSTAT"}},{"type":"Feature","geometry":{"type":"Point","coordinates":[-4.063364999999976,5.338733000000047]},"properties":{"id":104804,"nom":"MV VICTOR SCHOELCHER_PRESCOLAIRE","type":"ecole maternelle","district_region":null,"departement_commune":null,"verifie":true,"name":"MV VICTOR SCHOELCHER_PRESCOLAIRE","source":"Géoportail ANSTAT"}},{"type":"Feature","geometry":{"type":"Point","coordinates":[-3.977619999999945,7.056568000000027]},"properties":{"id":104805,"nom":"MV LES COLOMBES_PRESCOLAIRE","type":"ecole maternelle","district_region":null,"departement_commune":null,"verifie":true,"name":"MV LES COLOMBES_PRESCOLAIRE","source":"Géoportail ANSTAT"}},{"type":"Feature","geometry":{"type":"Point","coordinates":[-5.599714999999946,9.438724000000036]},"properties":{"id":104806,"nom":"MP YEFOUNGNIGUI_PRESCOLAIRE","type":"ecole maternelle","district_region":null,"departement_commune":null,"verifie":true,"name":"MP YEFOUNGNIGUI_PRESCOLAIRE","source":"Géoportail ANSTAT"}},{"type":"Feature","geometry":{"type":"Point","coordinates":[-3.936099999999954,5.417015000000049]},"properties":{"id":104807,"nom":"MP ABOBO BAOULE 2_PRESCOLAIRE","type":"ecole maternelle","district_region":null,"departement_commune":null,"verifie":true,"name":"MP ABOBO BAOULE 2_PRESCOLAIRE","source":"Géoportail ANSTAT"}},{"type":"Feature","geometry":{"type":"Point","coordinates":[-6.461498999999947,6.873414000000025]},"properties":{"id":104808,"nom":"MP CENTRE 3_PRESCOLAIRE","type":"ecole maternelle","district_region":null,"departement_commune":null,"verifie":true,"name":"MP CENTRE 3_PRESCOLAIRE","source":"Géoportail ANSTAT"}},{"type":"Feature","geometry":{"type":"Point","coordinates":[-5.174849999999935,8.51938000000007]},"properties":{"id":104809,"nom":"MP ANGOLOKAHA_PRESCOLAIRE","type":"ecole maternelle","district_region":null,"departement_commune":null,"verifie":true,"name":"MP ANGOLOKAHA_PRESCOLAIRE","source":"Géoportail ANSTAT"}},{"type":"Feature","geometry":{"type":"Point","coordinates":[-4.002446999999961,5.40614400000004]},"properties":{"id":104810,"nom":"MP ABOBOTE ANNEXE 2_PRESCOLAIRE","type":"ecole maternelle","district_region":null,"departement_commune":null,"verifie":true,"name":"MP ABOBOTE ANNEXE 2_PRESCOLAIRE","source":"Géoportail ANSTAT"}},{"type":"Feature","geometry":{"type":"Point","coordinates":[-4.06069599999995,5.451567000000068]},"properties":{"id":104811,"nom":"MV SELODESIR_PRESCOLAIRE","type":"ecole maternelle","district_region":null,"departement_commune":null,"verifie":true,"name":"MV SELODESIR_PRESCOLAIRE","source":"Géoportail ANSTAT"}},{"type":"Feature","geometry":{"type":"Point","coordinates":[-5.663379999999961,9.42966000000007]},"properties":{"id":104812,"nom":"MP LES COLOMBES DE WARANIENE_PRESCOLAIRE","type":"ecole maternelle","district_region":null,"departement_commune":null,"verifie":true,"name":"MP LES COLOMBES DE WARANIENE_PRESCOLAIRE","source":"Géoportail ANSTAT"}},{"type":"Feature","geometry":{"type":"Point","coordinates":[-4.094116999999926,5.359722000000033]},"properties":{"id":104813,"nom":"MV LES JARDINS SALEM_PRESCOLAIRE","type":"ecole maternelle","district_region":null,"departement_commune":null,"verifie":true,"name":"MV LES JARDINS SALEM_PRESCOLAIRE","source":"Géoportail ANSTAT"}},{"type":"Feature","geometry":{"type":"Point","coordinates":[-6.430866999999978,6.898957000000053]},"properties":{"id":104814,"nom":"MP TAZIBOUO UNIVERSITE_PRESCOLAIRE","type":"ecole maternelle","district_region":null,"departement_commune":null,"verifie":true,"name":"MP TAZIBOUO UNIVERSITE_PRESCOLAIRE","source":"Géoportail ANSTAT"}},{"type":"Feature","geometry":{"type":"Point","coordinates":[-3.350872999999979,6.383215000000064]},"properties":{"id":104815,"nom":"MP EBILASSOKRO_PRESCOLAIRE","type":"ecole maternelle","district_region":null,"departement_commune":null,"verifie":true,"name":"MP EBILASSOKRO_PRESCOLAIRE","source":"Géoportail ANSTAT"}},{"type":"Feature","geometry":{"type":"Point","coordinates":[-7.484727999999961,7.003356000000053]},"properties":{"id":104816,"nom":"MP MUNICIPALITE_PRESCOLAIRE","type":"ecole maternelle","district_region":null,"departement_commune":null,"verifie":true,"name":"MP MUNICIPALITE_PRESCOLAIRE","source":"Géoportail ANSTAT"}},{"type":"Feature","geometry":{"type":"Point","coordinates":[-5.958991999999967,6.176402000000053]},"properties":{"id":104817,"nom":"MP ONY-BABRE_PRESCOLAIRE","type":"ecole maternelle","district_region":null,"departement_commune":null,"verifie":true,"name":"MP ONY-BABRE_PRESCOLAIRE","source":"Géoportail ANSTAT"}},{"type":"Feature","geometry":{"type":"Point","coordinates":[-4.101899999999944,5.329253000000051]},"properties":{"id":104818,"nom":"MV GBAEGUI_PRESCOLAIRE","type":"ecole maternelle","district_region":null,"departement_commune":null,"verifie":true,"name":"MV GBAEGUI_PRESCOLAIRE","source":"Géoportail ANSTAT"}},{"type":"Feature","geometry":{"type":"Point","coordinates":[-4.087277999999969,5.336602000000028]},"properties":{"id":104819,"nom":"MV ACE JUNIOR_PRESCOLAIRE","type":"ecole maternelle","district_region":null,"departement_commune":null,"verifie":true,"name":"MV ACE JUNIOR_PRESCOLAIRE","source":"Géoportail ANSTAT"}},{"type":"Feature","geometry":{"type":"Point","coordinates":[-7.573036999999943,9.513045000000034]},"properties":{"id":104820,"nom":"MP MUNICIPALITE DE ODIENNE_PRESCOLAIRE","type":"ecole maternelle","district_region":null,"departement_commune":null,"verifie":true,"name":"MP MUNICIPALITE DE ODIENNE_PRESCOLAIRE","source":"Géoportail ANSTAT"}},{"type":"Feature","geometry":{"type":"Point","coordinates":[-3.96999999999997,5.390000000000043]},"properties":{"id":104821,"nom":"MV LES ROSIERS DE LA DJIBI_PRESCOLAIRE","type":"ecole maternelle","district_region":null,"departement_commune":null,"verifie":true,"name":"MV LES ROSIERS DE LA DJIBI_PRESCOLAIRE","source":"Géoportail ANSTAT"}},{"type":"Feature","geometry":{"type":"Point","coordinates":[-4.017833999999937,5.414943000000051]},"properties":{"id":104822,"nom":"MV LES ANGES NOIRES_PRESCOLAIRE","type":"ecole maternelle","district_region":null,"departement_commune":null,"verifie":true,"name":"MV LES ANGES NOIRES_PRESCOLAIRE","source":"Géoportail ANSTAT"}},{"type":"Feature","geometry":{"type":"Point","coordinates":[-4.044999999999959,5.454000000000065]},"properties":{"id":104823,"nom":"MV LOUIS PALAZZOLO_PRESCOLAIRE","type":"ecole maternelle","district_region":null,"departement_commune":null,"verifie":true,"name":"MV LOUIS PALAZZOLO_PRESCOLAIRE","source":"Géoportail ANSTAT"}},{"type":"Feature","geometry":{"type":"Point","coordinates":[-3.252987999999959,7.487950000000069]},"properties":{"id":104824,"nom":"MP KOUN-ABRONSO_PRESCOLAIRE","type":"ecole maternelle","district_region":null,"departement_commune":null,"verifie":true,"name":"MP KOUN-ABRONSO_PRESCOLAIRE","source":"Géoportail ANSTAT"}},{"type":"Feature","geometry":{"type":"Point","coordinates":[-4.092903999999976,5.326470000000029]},"properties":{"id":104825,"nom":"MV NANAN YEBOUA_PRESCOLAIRE","type":"ecole maternelle","district_region":null,"departement_commune":null,"verifie":true,"name":"MV NANAN YEBOUA_PRESCOLAIRE","source":"Géoportail ANSTAT"}},{"type":"Feature","geometry":{"type":"Point","coordinates":[-3.366578999999945,6.747728000000052]},"properties":{"id":104826,"nom":"MP BRINDOUKRO_PRESCOLAIRE","type":"ecole maternelle","district_region":null,"departement_commune":null,"verifie":true,"name":"MP BRINDOUKRO_PRESCOLAIRE","source":"Géoportail ANSTAT"}},{"type":"Feature","geometry":{"type":"Point","coordinates":[-5.753807999999935,6.990973000000054]},"properties":{"id":104827,"nom":"MP HORTENSE YOMAN YAO N DRE 2_PRESCOLAIRE","type":"ecole maternelle","district_region":null,"departement_commune":null,"verifie":true,"name":"MP HORTENSE YOMAN YAO N DRE 2_PRESCOLAIRE","source":"Géoportail ANSTAT"}},{"type":"Feature","geometry":{"type":"Point","coordinates":[-4.114721999999972,5.564722000000074]},"properties":{"id":104828,"nom":"MP TP_PRESCOLAIRE","type":"ecole maternelle","district_region":null,"departement_commune":null,"verifie":true,"name":"MP TP_PRESCOLAIRE","source":"Géoportail ANSTAT"}},{"type":"Feature","geometry":{"type":"Point","coordinates":[-7.357496999999967,6.73172100000005]},"properties":{"id":104829,"nom":"MP RESIDENTIEL 1_PRESCOLAIRE","type":"ecole maternelle","district_region":null,"departement_commune":null,"verifie":true,"name":"MP RESIDENTIEL 1_PRESCOLAIRE","source":"Géoportail ANSTAT"}},{"type":"Feature","geometry":{"type":"Point","coordinates":[-3.123124999999959,7.321456000000069]},"properties":{"id":104830,"nom":"MP DAME_PRESCOLAIRE","type":"ecole maternelle","district_region":null,"departement_commune":null,"verifie":true,"name":"MP DAME_PRESCOLAIRE","source":"Géoportail ANSTAT"}},{"type":"Feature","geometry":{"type":"Point","coordinates":[-4.365253999999936,5.362565000000075]},"properties":{"id":104831,"nom":"MP DEBRIMOU_PRESCOLAIRE","type":"ecole maternelle","district_region":null,"departement_commune":null,"verifie":true,"name":"MP DEBRIMOU_PRESCOLAIRE","source":"Géoportail ANSTAT"}},{"type":"Feature","geometry":{"type":"Point","coordinates":[-7.493424999999945,6.550941000000023]},"properties":{"id":104832,"nom":"MP SEA YORO_PRESCOLAIRE","type":"ecole maternelle","district_region":null,"departement_commune":null,"verifie":true,"name":"MP SEA YORO_PRESCOLAIRE","source":"Géoportail ANSTAT"}},{"type":"Feature","geometry":{"type":"Point","coordinates":[-4.039318999999978,5.452660000000037]},"properties":{"id":104833,"nom":"MV MARIE ROSE DE LIMA_PRESCOLAIRE","type":"ecole maternelle","district_region":null,"departement_commune":null,"verifie":true,"name":"MV MARIE ROSE DE LIMA_PRESCOLAIRE","source":"Géoportail ANSTAT"}},{"type":"Feature","geometry":{"type":"Point","coordinates":[-5.999999999999943,5.000000000000057]},"properties":{"id":104834,"nom":"MV LE PANORAMA ABOBO_PRESCOLAIRE","type":"ecole maternelle","district_region":null,"departement_commune":null,"verifie":true,"name":"MV LE PANORAMA ABOBO_PRESCOLAIRE","source":"Géoportail ANSTAT"}},{"type":"Feature","geometry":{"type":"Point","coordinates":[-6.448368999999957,6.871264000000053]},"properties":{"id":104835,"nom":"MP DALO LABIA 4_PRESCOLAIRE","type":"ecole maternelle","district_region":null,"departement_commune":null,"verifie":true,"name":"MP DALO LABIA 4_PRESCOLAIRE","source":"Géoportail ANSTAT"}},{"type":"Feature","geometry":{"type":"Point","coordinates":[-6.478383999999949,9.526271000000063]},"properties":{"id":104836,"nom":"MP MUNICIPALE 1_PRESCOLAIRE","type":"ecole maternelle","district_region":null,"departement_commune":null,"verifie":true,"name":"MP MUNICIPALE 1_PRESCOLAIRE","source":"Géoportail ANSTAT"}},{"type":"Feature","geometry":{"type":"Point","coordinates":[-3.951999999999941,5.378000000000043]},"properties":{"id":104837,"nom":"MV ISMAT_PRESCOLAIRE","type":"ecole maternelle","district_region":null,"departement_commune":null,"verifie":true,"name":"MV ISMAT_PRESCOLAIRE","source":"Géoportail ANSTAT"}},{"type":"Feature","geometry":{"type":"Point","coordinates":[-4.230464999999981,5.319718000000023]},"properties":{"id":104838,"nom":"MP DAGBE_PRESCOLAIRE","type":"ecole maternelle","district_region":null,"departement_commune":null,"verifie":true,"name":"MP DAGBE_PRESCOLAIRE","source":"Géoportail ANSTAT"}},{"type":"Feature","geometry":{"type":"Point","coordinates":[-3.50966399999993,6.730012000000045]},"properties":{"id":104839,"nom":"MC SAINT JEAN_PRESCOLAIRE","type":"ecole maternelle","district_region":null,"departement_commune":null,"verifie":true,"name":"MC SAINT JEAN_PRESCOLAIRE","source":"Géoportail ANSTAT"}},{"type":"Feature","geometry":{"type":"Point","coordinates":[-7.609999999999957,7.730000000000075]},"properties":{"id":104840,"nom":"MP BIANKOUMA_PRESCOLAIRE","type":"ecole maternelle","district_region":null,"departement_commune":null,"verifie":true,"name":"MP BIANKOUMA_PRESCOLAIRE","source":"Géoportail ANSTAT"}},{"type":"Feature","geometry":{"type":"Point","coordinates":[-4.054700999999966,5.490802000000031]},"properties":{"id":104841,"nom":"MV GRACE ESTHER_PRESCOLAIRE","type":"ecole maternelle","district_region":null,"departement_commune":null,"verifie":true,"name":"MV GRACE ESTHER_PRESCOLAIRE","source":"Géoportail ANSTAT"}},{"type":"Feature","geometry":{"type":"Point","coordinates":[-4.448971999999969,5.214558000000068]},"properties":{"id":104842,"nom":"MP DOMINIQUE OUATTARA_PRESCOLAIRE","type":"ecole maternelle","district_region":null,"departement_commune":null,"verifie":true,"name":"MP DOMINIQUE OUATTARA_PRESCOLAIRE","source":"Géoportail ANSTAT"}},{"type":"Feature","geometry":{"type":"Point","coordinates":[-4.088822999999934,5.323445000000049]},"properties":{"id":104843,"nom":"MP NIANGON SICOGI CANAL_PRESCOLAIRE","type":"ecole maternelle","district_region":null,"departement_commune":null,"verifie":true,"name":"MP NIANGON SICOGI CANAL_PRESCOLAIRE","source":"Géoportail ANSTAT"}},{"type":"Feature","geometry":{"type":"Point","coordinates":[-5.291743999999937,6.854712000000063]},"properties":{"id":104844,"nom":"MP MOROFE MATERNELLE_PRESCOLAIRE","type":"ecole maternelle","district_region":null,"departement_commune":null,"verifie":true,"name":"MP MOROFE MATERNELLE_PRESCOLAIRE","source":"Géoportail ANSTAT"}},{"type":"Feature","geometry":{"type":"Point","coordinates":[-3.997882999999945,5.323880000000031]},"properties":{"id":104845,"nom":"MV NDA BLOCKHAUSS_PRESCOLAIRE","type":"ecole maternelle","district_region":null,"departement_commune":null,"verifie":true,"name":"MV NDA BLOCKHAUSS_PRESCOLAIRE","source":"Géoportail ANSTAT"}},{"type":"Feature","geometry":{"type":"Point","coordinates":[-4.071616999999947,5.32000000000005]},"properties":{"id":104846,"nom":"MP SOGEFIHA 6_PRESCOLAIRE","type":"ecole maternelle","district_region":null,"departement_commune":null,"verifie":true,"name":"MP SOGEFIHA 6_PRESCOLAIRE","source":"Géoportail ANSTAT"}},{"type":"Feature","geometry":{"type":"Point","coordinates":[-4.049999999999955,5.501000000000033]},"properties":{"id":104847,"nom":"MP  ANYAMA PLATEAU_PRESCOLAIRE","type":"ecole maternelle","district_region":null,"departement_commune":null,"verifie":true,"name":"MP  ANYAMA PLATEAU_PRESCOLAIRE","source":"Géoportail ANSTAT"}},{"type":"Feature","geometry":{"type":"Point","coordinates":[-5.095921999999973,8.147677000000044]},"properties":{"id":104848,"nom":"MP NANGNIAKAHA_PRESCOLAIRE","type":"ecole maternelle","district_region":null,"departement_commune":null,"verifie":true,"name":"MP NANGNIAKAHA_PRESCOLAIRE","source":"Géoportail ANSTAT"}},{"type":"Feature","geometry":{"type":"Point","coordinates":[-5.744240999999931,6.992168000000049]},"properties":{"id":104849,"nom":"MP BAD 3_PRESCOLAIRE","type":"ecole maternelle","district_region":null,"departement_commune":null,"verifie":true,"name":"MP BAD 3_PRESCOLAIRE","source":"Géoportail ANSTAT"}},{"type":"Feature","geometry":{"type":"Point","coordinates":[-4.066614999999956,5.31294500000007]},"properties":{"id":104850,"nom":"MV LES NENUPHARS_PRESCOLAIRE","type":"ecole maternelle","district_region":null,"departement_commune":null,"verifie":true,"name":"MV LES NENUPHARS_PRESCOLAIRE","source":"Géoportail ANSTAT"}},{"type":"Feature","geometry":{"type":"Point","coordinates":[-4.437891999999977,5.37897700000002]},"properties":{"id":104851,"nom":"MP KOFFI FULGENCE_PRESCOLAIRE","type":"ecole maternelle","district_region":null,"departement_commune":null,"verifie":true,"name":"MP KOFFI FULGENCE_PRESCOLAIRE","source":"Géoportail ANSTAT"}},{"type":"Feature","geometry":{"type":"Point","coordinates":[-4.025999999999954,5.503000000000043]},"properties":{"id":104852,"nom":"MC AURELIA CANCARINI_PRESCOLAIRE","type":"ecole maternelle","district_region":null,"departement_commune":null,"verifie":true,"name":"MC AURELIA CANCARINI_PRESCOLAIRE","source":"Géoportail ANSTAT"}},{"type":"Feature","geometry":{"type":"Point","coordinates":[-3.305733999999973,7.15989600000006]},"properties":{"id":104853,"nom":"MP TANGUELAN_PRESCOLAIRE","type":"ecole maternelle","district_region":null,"departement_commune":null,"verifie":true,"name":"MP TANGUELAN_PRESCOLAIRE","source":"Géoportail ANSTAT"}},{"type":"Feature","geometry":{"type":"Point","coordinates":[-4.125569999999925,5.552956000000052]},"properties":{"id":104854,"nom":"MP 2 APPLICATION_PRESCOLAIRE","type":"ecole maternelle","district_region":null,"departement_commune":null,"verifie":true,"name":"MP 2 APPLICATION_PRESCOLAIRE","source":"Géoportail ANSTAT"}},{"type":"Feature","geometry":{"type":"Point","coordinates":[-6.164586999999926,9.52548500000006]},"properties":{"id":104855,"nom":"MP MUNICIPALE KASSERE_PRESCOLAIRE","type":"ecole maternelle","district_region":null,"departement_commune":null,"verifie":true,"name":"MP MUNICIPALE KASSERE_PRESCOLAIRE","source":"Géoportail ANSTAT"}},{"type":"Feature","geometry":{"type":"Point","coordinates":[-4.613293999999939,6.495764000000065]},"properties":{"id":104856,"nom":"MC MARIA RAFOLS_PRESCOLAIRE","type":"ecole maternelle","district_region":null,"departement_commune":null,"verifie":true,"name":"MC MARIA RAFOLS_PRESCOLAIRE","source":"Géoportail ANSTAT"}},{"type":"Feature","geometry":{"type":"Point","coordinates":[-6.44033799999994,6.860227000000066]},"properties":{"id":104857,"nom":"MP ZONE INDUSTRIELLE_PRESCOLAIRE","type":"ecole maternelle","district_region":null,"departement_commune":null,"verifie":true,"name":"MP ZONE INDUSTRIELLE_PRESCOLAIRE","source":"Géoportail ANSTAT"}},{"type":"Feature","geometry":{"type":"Point","coordinates":[-3.925755999999978,5.360055000000045]},"properties":{"id":104858,"nom":"MV JOSEPH EPOUX_PRESCOLAIRE","type":"ecole maternelle","district_region":null,"departement_commune":null,"verifie":true,"name":"MV JOSEPH EPOUX_PRESCOLAIRE","source":"Géoportail ANSTAT"}},{"type":"Feature","geometry":{"type":"Point","coordinates":[-3.941929999999957,5.347464000000059]},"properties":{"id":104859,"nom":"EPV LE MONT DES OLIVIERS_PRESCOLAIRE","type":"ecole maternelle","district_region":null,"departement_commune":null,"verifie":true,"name":"EPV LE MONT DES OLIVIERS_PRESCOLAIRE","source":"Géoportail ANSTAT"}},{"type":"Feature","geometry":{"type":"Point","coordinates":[-6.43133899999998,6.886180000000024]},"properties":{"id":104860,"nom":"MC SAINTE FAMILLE DE L ENFANT JESUS_PRESCOLAIRE","type":"ecole maternelle","district_region":null,"departement_commune":null,"verifie":true,"name":"MC SAINTE FAMILLE DE L ENFANT JESUS_PRESCOLAIRE","source":"Géoportail ANSTAT"}},{"type":"Feature","geometry":{"type":"Point","coordinates":[-5.250279999999975,6.856153000000063]},"properties":{"id":104861,"nom":"MP 8 SINZIBO_PRESCOLAIRE","type":"ecole maternelle","district_region":null,"departement_commune":null,"verifie":true,"name":"MP 8 SINZIBO_PRESCOLAIRE","source":"Géoportail ANSTAT"}},{"type":"Feature","geometry":{"type":"Point","coordinates":[-4.998587999999927,5.26047200000005]},"properties":{"id":104862,"nom":"MP LOWA BEUGRE_PRESCOLAIRE","type":"ecole maternelle","district_region":null,"departement_commune":null,"verifie":true,"name":"MP LOWA BEUGRE_PRESCOLAIRE","source":"Géoportail ANSTAT"}},{"type":"Feature","geometry":{"type":"Point","coordinates":[-6.606009999999969,5.784920000000056]},"properties":{"id":104863,"nom":"MC SAINT CHARLES 2_PRESCOLAIRE","type":"ecole maternelle","district_region":null,"departement_commune":null,"verifie":true,"name":"MC SAINT CHARLES 2_PRESCOLAIRE","source":"Géoportail ANSTAT"}},{"type":"Feature","geometry":{"type":"Point","coordinates":[-6.644749999999931,7.723294000000067]},"properties":{"id":104864,"nom":"MP VAVOUA 3_PRESCOLAIRE","type":"ecole maternelle","district_region":null,"departement_commune":null,"verifie":true,"name":"MP VAVOUA 3_PRESCOLAIRE","source":"Géoportail ANSTAT"}},{"type":"Feature","geometry":{"type":"Point","coordinates":[-3.211559999999963,5.462560000000053]},"properties":{"id":104865,"nom":"MP SOKOURA_PRESCOLAIRE","type":"ecole maternelle","district_region":null,"departement_commune":null,"verifie":true,"name":"MP SOKOURA_PRESCOLAIRE","source":"Géoportail ANSTAT"}},{"type":"Feature","geometry":{"type":"Point","coordinates":[-5.647464999999954,9.438907000000029]},"properties":{"id":104866,"nom":"MP LES PAPILLONS DE TEGUERE_PRESCOLAIRE","type":"ecole maternelle","district_region":null,"departement_commune":null,"verifie":true,"name":"MP LES PAPILLONS DE TEGUERE_PRESCOLAIRE","source":"Géoportail ANSTAT"}},{"type":"Feature","geometry":{"type":"Point","coordinates":[-3.966861999999935,5.368934000000024]},"properties":{"id":104867,"nom":"MV EPC LE FIGUIER_PRESCOLAIRE","type":"ecole maternelle","district_region":null,"departement_commune":null,"verifie":true,"name":"MV EPC LE FIGUIER_PRESCOLAIRE","source":"Géoportail ANSTAT"}},{"type":"Feature","geometry":{"type":"Point","coordinates":[-7.560603999999955,9.499043000000029]},"properties":{"id":104868,"nom":"MP DE ODIENNE SUD 1_PRESCOLAIRE","type":"ecole maternelle","district_region":null,"departement_commune":null,"verifie":true,"name":"MP DE ODIENNE SUD 1_PRESCOLAIRE","source":"Géoportail ANSTAT"}},{"type":"Feature","geometry":{"type":"Point","coordinates":[-7.560603999999955,9.499043000000029]},"properties":{"id":104869,"nom":"MP DE ODIENNE SUD 2_PRESCOLAIRE","type":"ecole maternelle","district_region":null,"departement_commune":null,"verifie":true,"name":"MP DE ODIENNE SUD 2_PRESCOLAIRE","source":"Géoportail ANSTAT"}},{"type":"Feature","geometry":{"type":"Point","coordinates":[-7.357496999999967,6.73172100000005]},"properties":{"id":104870,"nom":"MP RESIDENTIEL 2_PRESCOLAIRE","type":"ecole maternelle","district_region":null,"departement_commune":null,"verifie":true,"name":"MP RESIDENTIEL 2_PRESCOLAIRE","source":"Géoportail ANSTAT"}},{"type":"Feature","geometry":{"type":"Point","coordinates":[-3.985659999999939,5.405742000000032]},"properties":{"id":104871,"nom":"MV COMMANDANT COUSTEAU_PRESCOLAIRE","type":"ecole maternelle","district_region":null,"departement_commune":null,"verifie":true,"name":"MV COMMANDANT COUSTEAU_PRESCOLAIRE","source":"Géoportail ANSTAT"}},{"type":"Feature","geometry":{"type":"Point","coordinates":[-5.033429999999953,7.71140900000006]},"properties":{"id":104872,"nom":"PRESCOLAIRE YAMOUSSO MARIE-THERESE_PRESCOLAIRE","type":"ecole maternelle","district_region":null,"departement_commune":null,"verifie":true,"name":"PRESCOLAIRE YAMOUSSO MARIE-THERESE_PRESCOLAIRE","source":"Géoportail ANSTAT"}},{"type":"Feature","geometry":{"type":"Point","coordinates":[-3.972081999999943,5.271497000000068]},"properties":{"id":104873,"nom":"MP KOMASSI BIETRY_PRESCOLAIRE","type":"ecole maternelle","district_region":null,"departement_commune":null,"verifie":true,"name":"MP KOMASSI BIETRY_PRESCOLAIRE","source":"Géoportail ANSTAT"}},{"type":"Feature","geometry":{"type":"Point","coordinates":[-3.998952999999972,5.307312000000024]},"properties":{"id":104874,"nom":"MP AMY TOUNGARA_PRESCOLAIRE","type":"ecole maternelle","district_region":null,"departement_commune":null,"verifie":true,"name":"MP AMY TOUNGARA_PRESCOLAIRE","source":"Géoportail ANSTAT"}},{"type":"Feature","geometry":{"type":"Point","coordinates":[-3.499383999999964,6.722464000000059]},"properties":{"id":104875,"nom":"MP BOKO KOUAO EUGENE 2_PRESCOLAIRE","type":"ecole maternelle","district_region":null,"departement_commune":null,"verifie":true,"name":"MP BOKO KOUAO EUGENE 2_PRESCOLAIRE","source":"Géoportail ANSTAT"}},{"type":"Feature","geometry":{"type":"Point","coordinates":[-4.07479799999993,5.332553000000075]},"properties":{"id":104876,"nom":"MP SICOGI 9_PRESCOLAIRE","type":"ecole maternelle","district_region":null,"departement_commune":null,"verifie":true,"name":"MP SICOGI 9_PRESCOLAIRE","source":"Géoportail ANSTAT"}},{"type":"Feature","geometry":{"type":"Point","coordinates":[-5.419999999999959,9.490000000000066]},"properties":{"id":104877,"nom":"MP MME N DABIAN DE PEGUEKAHA_PRESCOLAIRE","type":"ecole maternelle","district_region":null,"departement_commune":null,"verifie":true,"name":"MP MME N DABIAN DE PEGUEKAHA_PRESCOLAIRE","source":"Géoportail ANSTAT"}},{"type":"Feature","geometry":{"type":"Point","coordinates":[-4.878158999999926,5.634482000000048]},"properties":{"id":104878,"nom":"MP BACANDA 1_PRESCOLAIRE","type":"ecole maternelle","district_region":null,"departement_commune":null,"verifie":true,"name":"MP BACANDA 1_PRESCOLAIRE","source":"Géoportail ANSTAT"}},{"type":"Feature","geometry":{"type":"Point","coordinates":[-7.346280999999976,6.739360000000033]},"properties":{"id":104879,"nom":"MP  MUNICIPALITE 1_PRESCOLAIRE","type":"ecole maternelle","district_region":null,"departement_commune":null,"verifie":true,"name":"MP  MUNICIPALITE 1_PRESCOLAIRE","source":"Géoportail ANSTAT"}},{"type":"Feature","geometry":{"type":"Point","coordinates":[-6.657999999999959,4.744707000000062]},"properties":{"id":104880,"nom":"MP SICOGI LAC_PRESCOLAIRE","type":"ecole maternelle","district_region":null,"departement_commune":null,"verifie":true,"name":"MP SICOGI LAC_PRESCOLAIRE","source":"Géoportail ANSTAT"}},{"type":"Feature","geometry":{"type":"Point","coordinates":[-3.964154999999948,5.298864000000037]},"properties":{"id":104881,"nom":"MP GABRIEL DADIE B_PRESCOLAIRE","type":"ecole maternelle","district_region":null,"departement_commune":null,"verifie":true,"name":"MP GABRIEL DADIE B_PRESCOLAIRE","source":"Géoportail ANSTAT"}},{"type":"Feature","geometry":{"type":"Point","coordinates":[-3.935187999999926,5.309563000000026]},"properties":{"id":104882,"nom":"MP NOUVEAU QUARTIER_PRESCOLAIRE","type":"ecole maternelle","district_region":null,"departement_commune":null,"verifie":true,"name":"MP NOUVEAU QUARTIER_PRESCOLAIRE","source":"Géoportail ANSTAT"}},{"type":"Feature","geometry":{"type":"Point","coordinates":[-4.201729999999941,5.403115000000071]},"properties":{"id":104883,"nom":"MP ANGUEDEDOU PALM AFRIQUE V1_PRESCOLAIRE","type":"ecole maternelle","district_region":null,"departement_commune":null,"verifie":true,"name":"MP ANGUEDEDOU PALM AFRIQUE V1_PRESCOLAIRE","source":"Géoportail ANSTAT"}},{"type":"Feature","geometry":{"type":"Point","coordinates":[-3.977836999999965,5.372537000000023]},"properties":{"id":104884,"nom":"MP LAURIERS 3 ET 4_PRESCOLAIRE","type":"ecole maternelle","district_region":null,"departement_commune":null,"verifie":true,"name":"MP LAURIERS 3 ET 4_PRESCOLAIRE","source":"Géoportail ANSTAT"}},{"type":"Feature","geometry":{"type":"Point","coordinates":[-5.263765999999976,6.816759000000047]},"properties":{"id":104885,"nom":"MP 1 ZAHER TAAN_PRESCOLAIRE","type":"ecole maternelle","district_region":null,"departement_commune":null,"verifie":true,"name":"MP 1 ZAHER TAAN_PRESCOLAIRE","source":"Géoportail ANSTAT"}},{"type":"Feature","geometry":{"type":"Point","coordinates":[-3.177199999999971,5.687800000000038]},"properties":{"id":104886,"nom":"MV THOMAS EDISON_PRESCOLAIRE","type":"ecole maternelle","district_region":null,"departement_commune":null,"verifie":true,"name":"MV THOMAS EDISON_PRESCOLAIRE","source":"Géoportail ANSTAT"}},{"type":"Feature","geometry":{"type":"Point","coordinates":[-3.929322999999954,5.369438000000059]},"properties":{"id":104887,"nom":"MV ALBERT LEY_PRESCOLAIRE","type":"ecole maternelle","district_region":null,"departement_commune":null,"verifie":true,"name":"MV ALBERT LEY_PRESCOLAIRE","source":"Géoportail ANSTAT"}},{"type":"Feature","geometry":{"type":"Point","coordinates":[-5.086679999999944,7.688255000000026]},"properties":{"id":104888,"nom":"MP 133 LOGEMENTS_PRESCOLAIRE","type":"ecole maternelle","district_region":null,"departement_commune":null,"verifie":true,"name":"MP 133 LOGEMENTS_PRESCOLAIRE","source":"Géoportail ANSTAT"}},{"type":"Feature","geometry":{"type":"Point","coordinates":[-5.740907999999934,6.984846000000061]},"properties":{"id":104889,"nom":"MP MUNICIPALE 4_PRESCOLAIRE","type":"ecole maternelle","district_region":null,"departement_commune":null,"verifie":true,"name":"MP MUNICIPALE 4_PRESCOLAIRE","source":"Géoportail ANSTAT"}},{"type":"Feature","geometry":{"type":"Point","coordinates":[-3.974173999999948,5.387440000000026]},"properties":{"id":104890,"nom":"MV MAREL_PRESCOLAIRE","type":"ecole maternelle","district_region":null,"departement_commune":null,"verifie":true,"name":"MV MAREL_PRESCOLAIRE","source":"Géoportail ANSTAT"}}],"metadata":{"dataset":"Ecole maternelle — ANSTAT","source":"Géoportail ANSTAT","theme":"Éducation","verified":true,"apercu":"limité à 1000 entités"}}