{"type":"FeatureCollection","features":[{"type":"Feature","geometry":{"type":"Point","coordinates":[-4.420746999999949,5.204696000000069]},"properties":{"id":35921,"nom":"3 A TRANSPORT","type":"gare","district_region":null,"departement_commune":null,"verifie":true,"name":"3 A TRANSPORT","source":"Géoportail ANSTAT"}},{"type":"Feature","geometry":{"type":"Point","coordinates":[-4.380634999999927,5.324829000000022]},"properties":{"id":35922,"nom":"ABIDJAN","type":"gare","district_region":null,"departement_commune":null,"verifie":true,"name":"ABIDJAN","source":"Géoportail ANSTAT"}},{"type":"Feature","geometry":{"type":"Point","coordinates":[-6.480372999999929,7.376105000000052]},"properties":{"id":35975,"nom":"ABASS TRANSPORT","type":"gare","district_region":null,"departement_commune":null,"verifie":true,"name":"ABASS TRANSPORT","source":"Géoportail ANSTAT"}},{"type":"Feature","geometry":{"type":"Point","coordinates":[-4.214337999999941,5.930728000000045]},"properties":{"id":35982,"nom":"ABOUSSOUAN TRANSPORT","type":"gare","district_region":null,"departement_commune":null,"verifie":true,"name":"ABOUSSOUAN TRANSPORT","source":"Géoportail ANSTAT"}},{"type":"Feature","geometry":{"type":"Point","coordinates":[-5.216692999999964,6.079832000000067]},"properties":{"id":35992,"nom":"AGBAHOU","type":"gare","district_region":null,"departement_commune":null,"verifie":true,"name":"AGBAHOU","source":"Géoportail ANSTAT"}},{"type":"Feature","geometry":{"type":"Point","coordinates":[-5.101560999999947,8.138825000000054]},"properties":{"id":36026,"nom":"ABASS TRANSPORT","type":"gare","district_region":null,"departement_commune":null,"verifie":true,"name":"ABASS TRANSPORT","source":"Géoportail ANSTAT"}},{"type":"Feature","geometry":{"type":"Point","coordinates":[-6.651187999999934,4.779008000000033]},"properties":{"id":36033,"nom":"AL IZZA VOYAGE","type":"gare","district_region":null,"departement_commune":null,"verifie":true,"name":"AL IZZA VOYAGE","source":"Géoportail ANSTAT"}},{"type":"Feature","geometry":{"type":"Point","coordinates":[-6.651174999999967,4.779031000000032]},"properties":{"id":36034,"nom":"ALL IZZA VOYAGES","type":"gare","district_region":null,"departement_commune":null,"verifie":true,"name":"ALL IZZA VOYAGES","source":"Géoportail ANSTAT"}},{"type":"Feature","geometry":{"type":"Point","coordinates":[-6.791589999999928,5.756508000000053]},"properties":{"id":36038,"nom":"ALLAH KABO","type":"gare","district_region":null,"departement_commune":null,"verifie":true,"name":"ALLAH KABO","source":"Géoportail ANSTAT"}},{"type":"Feature","geometry":{"type":"Point","coordinates":[-6.603853999999956,5.779039000000068]},"properties":{"id":36039,"nom":"AL IZZA VOYAGE COTE D IVOIRE NIGER","type":"gare","district_region":null,"departement_commune":null,"verifie":true,"name":"AL IZZA VOYAGE COTE D IVOIRE NIGER","source":"Géoportail ANSTAT"}},{"type":"Feature","geometry":{"type":"Point","coordinates":[-6.59858799999995,5.788894000000028]},"properties":{"id":36040,"nom":"ALINO TRANSPORT","type":"gare","district_region":null,"departement_commune":null,"verifie":true,"name":"ALINO TRANSPORT","source":"Géoportail ANSTAT"}},{"type":"Feature","geometry":{"type":"Point","coordinates":[-2.804604999999981,8.03688900000003]},"properties":{"id":36042,"nom":"ANCIEN GARE STB","type":"gare","district_region":null,"departement_commune":null,"verifie":true,"name":"ANCIEN GARE STB","source":"Géoportail ANSTAT"}},{"type":"Feature","geometry":{"type":"Point","coordinates":[-5.03071099999994,7.732537000000036]},"properties":{"id":36045,"nom":"AL IZZA VOYAGE","type":"gare","district_region":null,"departement_commune":null,"verifie":true,"name":"AL IZZA VOYAGE","source":"Géoportail ANSTAT"}},{"type":"Feature","geometry":{"type":"Point","coordinates":[-7.489293999999973,6.549470000000042]},"properties":{"id":36048,"nom":"ANCIENNE GARE ROUTIERE GUIGLO","type":"gare","district_region":null,"departement_commune":null,"verifie":true,"name":"ANCIENNE GARE ROUTIERE GUIGLO","source":"Géoportail ANSTAT"}},{"type":"Feature","geometry":{"type":"Point","coordinates":[-7.505317999999932,6.543855000000065]},"properties":{"id":36049,"nom":"APARCHE TRANSPORT","type":"gare","district_region":null,"departement_commune":null,"verifie":true,"name":"APARCHE TRANSPORT","source":"Géoportail ANSTAT"}},{"type":"Feature","geometry":{"type":"Point","coordinates":[-6.463867999999934,6.883021000000042]},"properties":{"id":36051,"nom":"APACHE TRANSPORT","type":"gare","district_region":null,"departement_commune":null,"verifie":true,"name":"APACHE TRANSPORT","source":"Géoportail ANSTAT"}},{"type":"Feature","geometry":{"type":"Point","coordinates":[-8.154416999999967,7.260181000000046]},"properties":{"id":36054,"nom":"ANCIENNE GARE  ST","type":"gare","district_region":null,"departement_commune":null,"verifie":true,"name":"ANCIENNE GARE  ST","source":"Géoportail ANSTAT"}},{"type":"Feature","geometry":{"type":"Point","coordinates":[-5.272319999999979,6.815848000000074]},"properties":{"id":36073,"nom":"GARE DE MASSA","type":"gare","district_region":null,"departement_commune":null,"verifie":true,"name":"GARE DE MASSA","source":"Géoportail ANSTAT"}},{"type":"Feature","geometry":{"type":"Point","coordinates":[-8.154814999999928,7.259869000000037]},"properties":{"id":36084,"nom":"ATD","type":"gare","district_region":null,"departement_commune":null,"verifie":true,"name":"ATD","source":"Géoportail ANSTAT"}},{"type":"Feature","geometry":{"type":"Point","coordinates":[-4.21806399999997,5.929304000000059]},"properties":{"id":36115,"nom":"AUFFORIDJE","type":"gare","district_region":null,"departement_commune":null,"verifie":true,"name":"AUFFORIDJE","source":"Géoportail ANSTAT"}},{"type":"Feature","geometry":{"type":"Point","coordinates":[-5.259307999999976,6.807934000000046]},"properties":{"id":36132,"nom":"AVS","type":"gare","district_region":null,"departement_commune":null,"verifie":true,"name":"AVS","source":"Géoportail ANSTAT"}},{"type":"Feature","geometry":{"type":"Point","coordinates":[-5.633171999999945,9.478822000000036]},"properties":{"id":36161,"nom":"BINKADI TRANSPORT","type":"gare","district_region":null,"departement_commune":null,"verifie":true,"name":"BINKADI TRANSPORT","source":"Géoportail ANSTAT"}},{"type":"Feature","geometry":{"type":"Point","coordinates":[-6.611073999999974,5.788493000000074]},"properties":{"id":36175,"nom":"BOCANDA","type":"gare","district_region":null,"departement_commune":null,"verifie":true,"name":"BOCANDA","source":"Géoportail ANSTAT"}},{"type":"Feature","geometry":{"type":"Point","coordinates":[-7.352011999999945,6.747765000000072]},"properties":{"id":36180,"nom":"AVS","type":"gare","district_region":null,"departement_commune":null,"verifie":true,"name":"AVS","source":"Géoportail ANSTAT"}},{"type":"Feature","geometry":{"type":"Point","coordinates":[-5.027904999999976,7.724512000000061]},"properties":{"id":36193,"nom":"BANI TRANSPORT","type":"gare","district_region":null,"departement_commune":null,"verifie":true,"name":"BANI TRANSPORT","source":"Géoportail ANSTAT"}},{"type":"Feature","geometry":{"type":"Point","coordinates":[-5.027618999999959,7.723441000000037]},"properties":{"id":36194,"nom":"BIN KADI","type":"gare","district_region":null,"departement_commune":null,"verifie":true,"name":"BIN KADI","source":"Géoportail ANSTAT"}},{"type":"Feature","geometry":{"type":"Point","coordinates":[-6.480418999999927,7.376142000000073]},"properties":{"id":36209,"nom":"BON DJOULA","type":"gare","district_region":null,"departement_commune":null,"verifie":true,"name":"BON DJOULA","source":"Géoportail ANSTAT"}},{"type":"Feature","geometry":{"type":"Point","coordinates":[-6.588963999999976,6.484482000000071]},"properties":{"id":36219,"nom":"BEBE LOLO TRANSPORT","type":"gare","district_region":null,"departement_commune":null,"verifie":true,"name":"BEBE LOLO TRANSPORT","source":"Géoportail ANSTAT"}},{"type":"Feature","geometry":{"type":"Point","coordinates":[-5.295721999999955,6.187807000000021]},"properties":{"id":36222,"nom":"BG","type":"gare","district_region":null,"departement_commune":null,"verifie":true,"name":"BG","source":"Géoportail ANSTAT"}},{"type":"Feature","geometry":{"type":"Point","coordinates":[-7.558406999999931,9.506519000000026]},"properties":{"id":36242,"nom":"BON DIOULA SERVICE","type":"gare","district_region":null,"departement_commune":null,"verifie":true,"name":"BON DIOULA SERVICE","source":"Géoportail ANSTAT"}},{"type":"Feature","geometry":{"type":"Point","coordinates":[-8.15509899999995,7.259495000000072]},"properties":{"id":36261,"nom":"BAN","type":"gare","district_region":null,"departement_commune":null,"verifie":true,"name":"BAN","source":"Géoportail ANSTAT"}},{"type":"Feature","geometry":{"type":"Point","coordinates":[-5.118051999999977,6.776370000000043]},"properties":{"id":36275,"nom":"GARE","type":"gare","district_region":null,"departement_commune":null,"verifie":true,"name":"GARE","source":"Géoportail ANSTAT"}},{"type":"Feature","geometry":{"type":"Point","coordinates":[-5.26132599999994,6.808925000000045]},"properties":{"id":36280,"nom":"MALEX","type":"gare","district_region":null,"departement_commune":null,"verifie":true,"name":"MALEX","source":"Géoportail ANSTAT"}},{"type":"Feature","geometry":{"type":"Point","coordinates":[-5.684072999999955,5.850405000000023]},"properties":{"id":36360,"nom":"BURKINA","type":"gare","district_region":null,"departement_commune":null,"verifie":true,"name":"BURKINA","source":"Géoportail ANSTAT"}},{"type":"Feature","geometry":{"type":"Point","coordinates":[-5.240208999999936,5.518316000000027]},"properties":{"id":36361,"nom":"BV","type":"gare","district_region":null,"departement_commune":null,"verifie":true,"name":"BV","source":"Géoportail ANSTAT"}},{"type":"Feature","geometry":{"type":"Point","coordinates":[-6.868593999999973,6.62300300000004]},"properties":{"id":36447,"nom":"CARREFFOURE DE DANGBE","type":"gare","district_region":null,"departement_commune":null,"verifie":true,"name":"CARREFFOURE DE DANGBE","source":"Géoportail ANSTAT"}},{"type":"Feature","geometry":{"type":"Point","coordinates":[-5.630033999999966,9.457161000000042]},"properties":{"id":36553,"nom":"CK","type":"gare","district_region":null,"departement_commune":null,"verifie":true,"name":"CK","source":"Géoportail ANSTAT"}},{"type":"Feature","geometry":{"type":"Point","coordinates":[-2.994527999999946,9.272407000000044]},"properties":{"id":36612,"nom":"COMPAGNIE TRANSPORT BOUNA","type":"gare","district_region":null,"departement_commune":null,"verifie":true,"name":"COMPAGNIE TRANSPORT BOUNA","source":"Géoportail ANSTAT"}},{"type":"Feature","geometry":{"type":"Point","coordinates":[-6.443888999999956,6.870157000000063]},"properties":{"id":36626,"nom":"COMPAGNIE DE TRANSPORT EXPRESSE","type":"gare","district_region":null,"departement_commune":null,"verifie":true,"name":"COMPAGNIE DE TRANSPORT EXPRESSE","source":"Géoportail ANSTAT"}},{"type":"Feature","geometry":{"type":"Point","coordinates":[-5.640956999999958,9.47465600000004]},"properties":{"id":36825,"nom":"DANAYA TRANSPORT","type":"gare","district_region":null,"departement_commune":null,"verifie":true,"name":"DANAYA TRANSPORT","source":"Géoportail ANSTAT"}},{"type":"Feature","geometry":{"type":"Point","coordinates":[-5.629924999999957,9.455457000000024]},"properties":{"id":36826,"nom":"CTHK","type":"gare","district_region":null,"departement_commune":null,"verifie":true,"name":"CTHK","source":"Géoportail ANSTAT"}},{"type":"Feature","geometry":{"type":"Point","coordinates":[-5.450261999999952,5.190898000000061]},"properties":{"id":36828,"nom":"DEKPODON","type":"gare","district_region":null,"departement_commune":null,"verifie":true,"name":"DEKPODON","source":"Géoportail ANSTAT"}},{"type":"Feature","geometry":{"type":"Point","coordinates":[-7.55129299999993,7.411450000000059]},"properties":{"id":36832,"nom":"CTB","type":"gare","district_region":null,"departement_commune":null,"verifie":true,"name":"CTB","source":"Géoportail ANSTAT"}},{"type":"Feature","geometry":{"type":"Point","coordinates":[-7.547774999999945,7.412296000000026]},"properties":{"id":36833,"nom":"D D MAN SEGUELA","type":"gare","district_region":null,"departement_commune":null,"verifie":true,"name":"D D MAN SEGUELA","source":"Géoportail ANSTAT"}},{"type":"Feature","geometry":{"type":"Point","coordinates":[-3.964407999999935,7.058130000000062]},"properties":{"id":36834,"nom":"CTE","type":"gare","district_region":null,"departement_commune":null,"verifie":true,"name":"CTE","source":"Géoportail ANSTAT"}},{"type":"Feature","geometry":{"type":"Point","coordinates":[-3.964400999999953,7.058123000000023]},"properties":{"id":36835,"nom":"CTE","type":"gare","district_region":null,"departement_commune":null,"verifie":true,"name":"CTE","source":"Géoportail ANSTAT"}},{"type":"Feature","geometry":{"type":"Point","coordinates":[-5.86416799999995,6.085328000000061]},"properties":{"id":36865,"nom":"DIKOUEHIPALEGNOA","type":"gare","district_region":null,"departement_commune":null,"verifie":true,"name":"DIKOUEHIPALEGNOA","source":"Géoportail ANSTAT"}},{"type":"Feature","geometry":{"type":"Point","coordinates":[-5.26132199999995,6.808929000000035]},"properties":{"id":36945,"nom":"GARE MALEX TRANSPORT","type":"gare","district_region":null,"departement_commune":null,"verifie":true,"name":"GARE MALEX TRANSPORT","source":"Géoportail ANSTAT"}},{"type":"Feature","geometry":{"type":"Point","coordinates":[-5.264961999999969,6.812101000000041]},"properties":{"id":36946,"nom":"UTB","type":"gare","district_region":null,"departement_commune":null,"verifie":true,"name":"UTB","source":"Géoportail ANSTAT"}},{"type":"Feature","geometry":{"type":"Point","coordinates":[-7.008833999999979,6.250642000000028]},"properties":{"id":36957,"nom":"ESPOIR VOYAGE","type":"gare","district_region":null,"departement_commune":null,"verifie":true,"name":"ESPOIR VOYAGE","source":"Géoportail ANSTAT"}},{"type":"Feature","geometry":{"type":"Point","coordinates":[-4.218417999999929,5.929658000000074]},"properties":{"id":36964,"nom":"ESPERANCE TRANSPORT","type":"gare","district_region":null,"departement_commune":null,"verifie":true,"name":"ESPERANCE TRANSPORT","source":"Géoportail ANSTAT"}},{"type":"Feature","geometry":{"type":"Point","coordinates":[-5.296079999999961,6.187114000000065]},"properties":{"id":36968,"nom":"ESPOIR TRANSPORT","type":"gare","district_region":null,"departement_commune":null,"verifie":true,"name":"ESPOIR TRANSPORT","source":"Géoportail ANSTAT"}},{"type":"Feature","geometry":{"type":"Point","coordinates":[-6.561546999999962,5.017455000000041]},"properties":{"id":36977,"nom":"FAHE SCAF","type":"gare","district_region":null,"departement_commune":null,"verifie":true,"name":"FAHE SCAF","source":"Géoportail ANSTAT"}},{"type":"Feature","geometry":{"type":"Point","coordinates":[-5.684516999999971,5.853968000000066]},"properties":{"id":36984,"nom":"EXPRESS RANCH","type":"gare","district_region":null,"departement_commune":null,"verifie":true,"name":"EXPRESS RANCH","source":"Géoportail ANSTAT"}},{"type":"Feature","geometry":{"type":"Point","coordinates":[-5.354186999999968,5.840454000000022]},"properties":{"id":36985,"nom":"EX BG","type":"gare","district_region":null,"departement_commune":null,"verifie":true,"name":"EX BG","source":"Géoportail ANSTAT"}},{"type":"Feature","geometry":{"type":"Point","coordinates":[-5.028836999999953,7.689694000000031]},"properties":{"id":36995,"nom":"FFA","type":"gare","district_region":null,"departement_commune":null,"verifie":true,"name":"FFA","source":"Géoportail ANSTAT"}},{"type":"Feature","geometry":{"type":"Point","coordinates":[-5.263720999999975,6.812274000000059]},"properties":{"id":37001,"nom":"COMPAGNIE DE TRANSPORT EXPRESS","type":"gare","district_region":null,"departement_commune":null,"verifie":true,"name":"COMPAGNIE DE TRANSPORT EXPRESS","source":"Géoportail ANSTAT"}},{"type":"Feature","geometry":{"type":"Point","coordinates":[-4.623728999999969,9.156444000000022]},"properties":{"id":37003,"nom":"GARE ROUTIERE DE KONG","type":"gare","district_region":null,"departement_commune":null,"verifie":true,"name":"GARE ROUTIERE DE KONG","source":"Géoportail ANSTAT"}},{"type":"Feature","geometry":{"type":"Point","coordinates":[-5.204658999999936,9.579854000000068]},"properties":{"id":37004,"nom":"GARE CTT","type":"gare","district_region":null,"departement_commune":null,"verifie":true,"name":"GARE CTT","source":"Géoportail ANSTAT"}},{"type":"Feature","geometry":{"type":"Point","coordinates":[-5.15676899999994,9.967187000000024]},"properties":{"id":37005,"nom":"GARE DE TCHOLOGO","type":"gare","district_region":null,"departement_commune":null,"verifie":true,"name":"GARE DE TCHOLOGO","source":"Géoportail ANSTAT"}},{"type":"Feature","geometry":{"type":"Point","coordinates":[-5.15421299999997,9.968536000000029]},"properties":{"id":37006,"nom":"GARE SAMA","type":"gare","district_region":null,"departement_commune":null,"verifie":true,"name":"GARE SAMA","source":"Géoportail ANSTAT"}},{"type":"Feature","geometry":{"type":"Point","coordinates":[-5.15546999999998,9.964037000000076]},"properties":{"id":37007,"nom":"GARE SAMA","type":"gare","district_region":null,"departement_commune":null,"verifie":true,"name":"GARE SAMA","source":"Géoportail ANSTAT"}},{"type":"Feature","geometry":{"type":"Point","coordinates":[-5.471643999999969,10.10867900000005]},"properties":{"id":37008,"nom":"GARE ROUTIERE","type":"gare","district_region":null,"departement_commune":null,"verifie":true,"name":"GARE ROUTIERE","source":"Géoportail ANSTAT"}},{"type":"Feature","geometry":{"type":"Point","coordinates":[-5.630407999999932,10.43309900000003]},"properties":{"id":37009,"nom":"GARE ETV","type":"gare","district_region":null,"departement_commune":null,"verifie":true,"name":"GARE ETV","source":"Géoportail ANSTAT"}},{"type":"Feature","geometry":{"type":"Point","coordinates":[-5.631456999999955,10.43673100000007]},"properties":{"id":37010,"nom":"GARE SITO","type":"gare","district_region":null,"departement_commune":null,"verifie":true,"name":"GARE SITO","source":"Géoportail ANSTAT"}},{"type":"Feature","geometry":{"type":"Point","coordinates":[-5.197977999999978,9.59165500000006]},"properties":{"id":37011,"nom":"GARE MVST","type":"gare","district_region":null,"departement_commune":null,"verifie":true,"name":"GARE MVST","source":"Géoportail ANSTAT"}},{"type":"Feature","geometry":{"type":"Point","coordinates":[-6.569670999999971,4.911446000000069]},"properties":{"id":37012,"nom":"GARE DE CARREFOUR KPETE","type":"gare","district_region":null,"departement_commune":null,"verifie":true,"name":"GARE DE CARREFOUR KPETE","source":"Géoportail ANSTAT"}},{"type":"Feature","geometry":{"type":"Point","coordinates":[-6.646702999999945,4.778828000000033]},"properties":{"id":37013,"nom":"FST","type":"gare","district_region":null,"departement_commune":null,"verifie":true,"name":"FST","source":"Géoportail ANSTAT"}},{"type":"Feature","geometry":{"type":"Point","coordinates":[-6.92467199999993,4.650788000000034]},"properties":{"id":37014,"nom":"GARE ROUTIERE DE GRAND BEREBY","type":"gare","district_region":null,"departement_commune":null,"verifie":true,"name":"GARE ROUTIERE DE GRAND BEREBY","source":"Géoportail ANSTAT"}},{"type":"Feature","geometry":{"type":"Point","coordinates":[-6.533604999999966,5.261417000000051]},"properties":{"id":37015,"nom":"GARE SBTA","type":"gare","district_region":null,"departement_commune":null,"verifie":true,"name":"GARE SBTA","source":"Géoportail ANSTAT"}},{"type":"Feature","geometry":{"type":"Point","coordinates":[-6.534217999999953,5.255893000000071]},"properties":{"id":37016,"nom":"GARE UTB","type":"gare","district_region":null,"departement_commune":null,"verifie":true,"name":"GARE UTB","source":"Géoportail ANSTAT"}},{"type":"Feature","geometry":{"type":"Point","coordinates":[-6.72758099999993,5.13310800000005]},"properties":{"id":37017,"nom":"GARE DU BURKINA FASO","type":"gare","district_region":null,"departement_commune":null,"verifie":true,"name":"GARE DU BURKINA FASO","source":"Géoportail ANSTAT"}},{"type":"Feature","geometry":{"type":"Point","coordinates":[-7.059910999999943,5.097573000000068]},"properties":{"id":37019,"nom":"GARE COTE DIVOIRE  BURKINA","type":"gare","district_region":null,"departement_commune":null,"verifie":true,"name":"GARE COTE DIVOIRE  BURKINA","source":"Géoportail ANSTAT"}},{"type":"Feature","geometry":{"type":"Point","coordinates":[-7.081059999999979,4.670481000000052]},"properties":{"id":37020,"nom":"GARE ROUTIERE DE SOGB","type":"gare","district_region":null,"departement_commune":null,"verifie":true,"name":"GARE ROUTIERE DE SOGB","source":"Géoportail ANSTAT"}},{"type":"Feature","geometry":{"type":"Point","coordinates":[-7.278927999999951,4.511228000000074]},"properties":{"id":37021,"nom":"GARE BG","type":"gare","district_region":null,"departement_commune":null,"verifie":true,"name":"GARE BG","source":"Géoportail ANSTAT"}},{"type":"Feature","geometry":{"type":"Point","coordinates":[-7.355036999999925,4.413650000000075]},"properties":{"id":37022,"nom":"GARE DE TAXI","type":"gare","district_region":null,"departement_commune":null,"verifie":true,"name":"GARE DE TAXI","source":"Géoportail ANSTAT"}},{"type":"Feature","geometry":{"type":"Point","coordinates":[-7.355362999999954,4.413628000000074]},"properties":{"id":37023,"nom":"GARE GBT DE TABOU","type":"gare","district_region":null,"departement_commune":null,"verifie":true,"name":"GARE GBT DE TABOU","source":"Géoportail ANSTAT"}},{"type":"Feature","geometry":{"type":"Point","coordinates":[-7.491091999999981,4.977178000000038]},"properties":{"id":37025,"nom":"GARE ROUTIERE DE GBAPET","type":"gare","district_region":null,"departement_commune":null,"verifie":true,"name":"GARE ROUTIERE DE GBAPET","source":"Géoportail ANSTAT"}},{"type":"Feature","geometry":{"type":"Point","coordinates":[-7.351696999999945,5.194103000000041]},"properties":{"id":37026,"nom":"GARE HANNIER","type":"gare","district_region":null,"departement_commune":null,"verifie":true,"name":"GARE HANNIER","source":"Géoportail ANSTAT"}},{"type":"Feature","geometry":{"type":"Point","coordinates":[-6.34824999999995,4.910330000000044]},"properties":{"id":37028,"nom":"GARE DE MOUSSADOUGOU","type":"gare","district_region":null,"departement_commune":null,"verifie":true,"name":"GARE DE MOUSSADOUGOU","source":"Géoportail ANSTAT"}},{"type":"Feature","geometry":{"type":"Point","coordinates":[-6.558713999999952,5.06791000000004]},"properties":{"id":37029,"nom":"GARE DE NIANMIKEKRO","type":"gare","district_region":null,"departement_commune":null,"verifie":true,"name":"GARE DE NIANMIKEKRO","source":"Géoportail ANSTAT"}},{"type":"Feature","geometry":{"type":"Point","coordinates":[-5.629883999999947,9.456440000000043]},"properties":{"id":37031,"nom":"FSGST","type":"gare","district_region":null,"departement_commune":null,"verifie":true,"name":"FSGST","source":"Géoportail ANSTAT"}},{"type":"Feature","geometry":{"type":"Point","coordinates":[-5.629324999999938,9.458076000000062]},"properties":{"id":37032,"nom":"GARE CK","type":"gare","district_region":null,"departement_commune":null,"verifie":true,"name":"GARE CK","source":"Géoportail ANSTAT"}},{"type":"Feature","geometry":{"type":"Point","coordinates":[-5.628550999999959,9.456740000000025]},"properties":{"id":37033,"nom":"GARE DKD","type":"gare","district_region":null,"departement_commune":null,"verifie":true,"name":"GARE DKD","source":"Géoportail ANSTAT"}},{"type":"Feature","geometry":{"type":"Point","coordinates":[-5.630355999999949,9.455483000000072]},"properties":{"id":37034,"nom":"GARE GTKA","type":"gare","district_region":null,"departement_commune":null,"verifie":true,"name":"GARE GTKA","source":"Géoportail ANSTAT"}},{"type":"Feature","geometry":{"type":"Point","coordinates":[-5.424765999999977,9.548676000000055]},"properties":{"id":37035,"nom":"GARE ROUTIERE DE OUOLO","type":"gare","district_region":null,"departement_commune":null,"verifie":true,"name":"GARE ROUTIERE DE OUOLO","source":"Géoportail ANSTAT"}},{"type":"Feature","geometry":{"type":"Point","coordinates":[-6.557423999999969,5.409657000000038]},"properties":{"id":37036,"nom":"FTB TRANSPORT","type":"gare","district_region":null,"departement_commune":null,"verifie":true,"name":"FTB TRANSPORT","source":"Géoportail ANSTAT"}},{"type":"Feature","geometry":{"type":"Point","coordinates":[-6.34389299999998,5.99586000000005]},"properties":{"id":37037,"nom":"GARE ROUTIERE CARREFOUR SAYO","type":"gare","district_region":null,"departement_commune":null,"verifie":true,"name":"GARE ROUTIERE CARREFOUR SAYO","source":"Géoportail ANSTAT"}},{"type":"Feature","geometry":{"type":"Point","coordinates":[-6.400217999999938,6.088734000000045]},"properties":{"id":37038,"nom":"GARE ROUTIERE DE MAYO","type":"gare","district_region":null,"departement_commune":null,"verifie":true,"name":"GARE ROUTIERE DE MAYO","source":"Géoportail ANSTAT"}},{"type":"Feature","geometry":{"type":"Point","coordinates":[-6.599455999999975,5.788716000000022]},"properties":{"id":37039,"nom":"GARE  FLAME DE LA PAIX","type":"gare","district_region":null,"departement_commune":null,"verifie":true,"name":"GARE  FLAME DE LA PAIX","source":"Géoportail ANSTAT"}},{"type":"Feature","geometry":{"type":"Point","coordinates":[-6.597817999999961,5.78898300000003]},"properties":{"id":37040,"nom":"GARE DE MANGALA","type":"gare","district_region":null,"departement_commune":null,"verifie":true,"name":"GARE DE MANGALA","source":"Géoportail ANSTAT"}},{"type":"Feature","geometry":{"type":"Point","coordinates":[-6.600803999999926,5.788723000000061]},"properties":{"id":37041,"nom":"GARE DE VILLAGE","type":"gare","district_region":null,"departement_commune":null,"verifie":true,"name":"GARE DE VILLAGE","source":"Géoportail ANSTAT"}},{"type":"Feature","geometry":{"type":"Point","coordinates":[-6.599146999999959,5.788804000000027]},"properties":{"id":37042,"nom":"GARE UTB","type":"gare","district_region":null,"departement_commune":null,"verifie":true,"name":"GARE UTB","source":"Géoportail ANSTAT"}},{"type":"Feature","geometry":{"type":"Point","coordinates":[-6.538145999999927,6.119195000000047]},"properties":{"id":37044,"nom":"GARE TAF","type":"gare","district_region":null,"departement_commune":null,"verifie":true,"name":"GARE TAF","source":"Géoportail ANSTAT"}},{"type":"Feature","geometry":{"type":"Point","coordinates":[-4.217861999999968,6.656884000000048]},"properties":{"id":37046,"nom":"GARE ROUTIERE DE BONGOUANON","type":"gare","district_region":null,"departement_commune":null,"verifie":true,"name":"GARE ROUTIERE DE BONGOUANON","source":"Géoportail ANSTAT"}},{"type":"Feature","geometry":{"type":"Point","coordinates":[-4.51785899999993,6.335970000000032]},"properties":{"id":37047,"nom":"GARE ROUTIERE D ANOUMAOBA","type":"gare","district_region":null,"departement_commune":null,"verifie":true,"name":"GARE ROUTIERE D ANOUMAOBA","source":"Géoportail ANSTAT"}},{"type":"Feature","geometry":{"type":"Point","coordinates":[-4.361062999999945,6.469773000000032]},"properties":{"id":37049,"nom":"GARE GDF TRANSPORT DE MBATTO","type":"gare","district_region":null,"departement_commune":null,"verifie":true,"name":"GARE GDF TRANSPORT DE MBATTO","source":"Géoportail ANSTAT"}},{"type":"Feature","geometry":{"type":"Point","coordinates":[-4.361286999999948,6.470416000000057]},"properties":{"id":37050,"nom":"GARE TOURIERE DE MBATTO","type":"gare","district_region":null,"departement_commune":null,"verifie":true,"name":"GARE TOURIERE DE MBATTO","source":"Géoportail ANSTAT"}},{"type":"Feature","geometry":{"type":"Point","coordinates":[-4.361050999999975,6.47313900000006]},"properties":{"id":37051,"nom":"GARE TSF","type":"gare","district_region":null,"departement_commune":null,"verifie":true,"name":"GARE TSF","source":"Géoportail ANSTAT"}},{"type":"Feature","geometry":{"type":"Point","coordinates":[-4.130602999999951,6.696076000000062]},"properties":{"id":37052,"nom":"GARE ROUTIER DE KOTOBI","type":"gare","district_region":null,"departement_commune":null,"verifie":true,"name":"GARE ROUTIER DE KOTOBI","source":"Géoportail ANSTAT"}},{"type":"Feature","geometry":{"type":"Point","coordinates":[-4.130166999999972,6.695771000000036]},"properties":{"id":37053,"nom":"GARE ROUTIER GDF","type":"gare","district_region":null,"departement_commune":null,"verifie":true,"name":"GARE ROUTIER GDF","source":"Géoportail ANSTAT"}},{"type":"Feature","geometry":{"type":"Point","coordinates":[-3.972118999999964,6.67061300000006]},"properties":{"id":37056,"nom":"GARE DE GROS CAMION","type":"gare","district_region":null,"departement_commune":null,"verifie":true,"name":"GARE DE GROS CAMION","source":"Géoportail ANSTAT"}},{"type":"Feature","geometry":{"type":"Point","coordinates":[-3.973925999999949,6.673680000000047]},"properties":{"id":37057,"nom":"GARE GDF","type":"gare","district_region":null,"departement_commune":null,"verifie":true,"name":"GARE GDF","source":"Géoportail ANSTAT"}},{"type":"Feature","geometry":{"type":"Point","coordinates":[-3.972162999999966,6.673051000000044]},"properties":{"id":37058,"nom":"GARE UTB","type":"gare","district_region":null,"departement_commune":null,"verifie":true,"name":"GARE UTB","source":"Géoportail ANSTAT"}},{"type":"Feature","geometry":{"type":"Point","coordinates":[-7.375538999999947,7.390258000000074]},"properties":{"id":37060,"nom":"GARE ROUTIERE DE FACOBLY","type":"gare","district_region":null,"departement_commune":null,"verifie":true,"name":"GARE ROUTIERE DE FACOBLY","source":"Géoportail ANSTAT"}},{"type":"Feature","geometry":{"type":"Point","coordinates":[-7.024645999999962,6.741962000000058]},"properties":{"id":37061,"nom":"GARE UTB","type":"gare","district_region":null,"departement_commune":null,"verifie":true,"name":"GARE UTB","source":"Géoportail ANSTAT"}},{"type":"Feature","geometry":{"type":"Point","coordinates":[-7.120150999999964,6.739783000000045]},"properties":{"id":37062,"nom":"GARE RAKIETA","type":"gare","district_region":null,"departement_commune":null,"verifie":true,"name":"GARE RAKIETA","source":"Géoportail ANSTAT"}},{"type":"Feature","geometry":{"type":"Point","coordinates":[-7.118314999999939,6.739394000000061]},"properties":{"id":37063,"nom":"GARE UTB","type":"gare","district_region":null,"departement_commune":null,"verifie":true,"name":"GARE UTB","source":"Géoportail ANSTAT"}},{"type":"Feature","geometry":{"type":"Point","coordinates":[-7.335294999999974,6.745455000000049]},"properties":{"id":37064,"nom":"GARE CTI","type":"gare","district_region":null,"departement_commune":null,"verifie":true,"name":"GARE CTI","source":"Géoportail ANSTAT"}},{"type":"Feature","geometry":{"type":"Point","coordinates":[-7.344218999999953,6.74553700000007]},"properties":{"id":37065,"nom":"GARE DE GUIGLO","type":"gare","district_region":null,"departement_commune":null,"verifie":true,"name":"GARE DE GUIGLO","source":"Géoportail ANSTAT"}},{"type":"Feature","geometry":{"type":"Point","coordinates":[-7.19167699999997,6.889424000000076]},"properties":{"id":37066,"nom":"GARE DE BAGOHOUO A BURKINA FASO","type":"gare","district_region":null,"departement_commune":null,"verifie":true,"name":"GARE DE BAGOHOUO A BURKINA FASO","source":"Géoportail ANSTAT"}},{"type":"Feature","geometry":{"type":"Point","coordinates":[-4.796899999999937,5.294868000000065]},"properties":{"id":37067,"nom":"GARE ROUTIERE D IROBO","type":"gare","district_region":null,"departement_commune":null,"verifie":true,"name":"GARE ROUTIERE D IROBO","source":"Géoportail ANSTAT"}},{"type":"Feature","geometry":{"type":"Point","coordinates":[-4.792647999999929,5.293371000000036]},"properties":{"id":37068,"nom":"GARE ROUTUERE DE  IROBOR","type":"gare","district_region":null,"departement_commune":null,"verifie":true,"name":"GARE ROUTUERE DE  IROBOR","source":"Géoportail ANSTAT"}},{"type":"Feature","geometry":{"type":"Point","coordinates":[-4.787164999999959,5.23000600000006]},"properties":{"id":37069,"nom":"GARE ROUTIETE DU VILLAGE","type":"gare","district_region":null,"departement_commune":null,"verifie":true,"name":"GARE ROUTIETE DU VILLAGE","source":"Géoportail ANSTAT"}},{"type":"Feature","geometry":{"type":"Point","coordinates":[-4.323710999999946,5.214503000000036]},"properties":{"id":37070,"nom":"GARE D AVAGOU","type":"gare","district_region":null,"departement_commune":null,"verifie":true,"name":"GARE D AVAGOU","source":"Géoportail ANSTAT"}},{"type":"Feature","geometry":{"type":"Point","coordinates":[-4.874791999999957,5.310335000000066]},"properties":{"id":37072,"nom":"GARE ROUTIERE","type":"gare","district_region":null,"departement_commune":null,"verifie":true,"name":"GARE ROUTIERE","source":"Géoportail ANSTAT"}},{"type":"Feature","geometry":{"type":"Point","coordinates":[-4.511946999999964,5.410147000000052]},"properties":{"id":37073,"nom":"GARE","type":"gare","district_region":null,"departement_commune":null,"verifie":true,"name":"GARE","source":"Géoportail ANSTAT"}},{"type":"Feature","geometry":{"type":"Point","coordinates":[-4.361603999999943,5.436321000000021]},"properties":{"id":37074,"nom":"GARE ROUTIERE","type":"gare","district_region":null,"departement_commune":null,"verifie":true,"name":"GARE ROUTIERE","source":"Géoportail ANSTAT"}},{"type":"Feature","geometry":{"type":"Point","coordinates":[-4.35275299999995,5.414694000000054]},"properties":{"id":37075,"nom":"GARE ROUTIERE","type":"gare","district_region":null,"departement_commune":null,"verifie":true,"name":"GARE ROUTIERE","source":"Géoportail ANSTAT"}},{"type":"Feature","geometry":{"type":"Point","coordinates":[-4.390492999999935,5.367076000000054]},"properties":{"id":37076,"nom":"GARE ROUTIERE DE DEBRIMOU","type":"gare","district_region":null,"departement_commune":null,"verifie":true,"name":"GARE ROUTIERE DE DEBRIMOU","source":"Géoportail ANSTAT"}},{"type":"Feature","geometry":{"type":"Point","coordinates":[-4.344561999999939,5.29348600000003]},"properties":{"id":37077,"nom":"GARE ROUTIERE DE NGATTY","type":"gare","district_region":null,"departement_commune":null,"verifie":true,"name":"GARE ROUTIERE DE NGATTY","source":"Géoportail ANSTAT"}},{"type":"Feature","geometry":{"type":"Point","coordinates":[-5.934710999999936,5.990428000000065]},"properties":{"id":37080,"nom":"GARE DE DOUGROUPALEGNOA","type":"gare","district_region":null,"departement_commune":null,"verifie":true,"name":"GARE DE DOUGROUPALEGNOA","source":"Géoportail ANSTAT"}},{"type":"Feature","geometry":{"type":"Point","coordinates":[-5.945978999999966,6.127010000000041]},"properties":{"id":37081,"nom":"GARE KAT","type":"gare","district_region":null,"departement_commune":null,"verifie":true,"name":"GARE KAT","source":"Géoportail ANSTAT"}},{"type":"Feature","geometry":{"type":"Point","coordinates":[-5.94860099999994,6.125122000000033]},"properties":{"id":37082,"nom":"GARE KS DE GAGNOA","type":"gare","district_region":null,"departement_commune":null,"verifie":true,"name":"GARE KS DE GAGNOA","source":"Géoportail ANSTAT"}},{"type":"Feature","geometry":{"type":"Point","coordinates":[-5.947500999999932,6.126573000000064]},"properties":{"id":37083,"nom":"GARE ROUTIERE","type":"gare","district_region":null,"departement_commune":null,"verifie":true,"name":"GARE ROUTIERE","source":"Géoportail ANSTAT"}},{"type":"Feature","geometry":{"type":"Point","coordinates":[-5.941281999999944,6.127918000000022]},"properties":{"id":37084,"nom":"GARE SBTA","type":"gare","district_region":null,"departement_commune":null,"verifie":true,"name":"GARE SBTA","source":"Géoportail ANSTAT"}},{"type":"Feature","geometry":{"type":"Point","coordinates":[-5.947446999999954,6.126240000000053]},"properties":{"id":37085,"nom":"GARE UTB DE GAGNOA","type":"gare","district_region":null,"departement_commune":null,"verifie":true,"name":"GARE UTB DE GAGNOA","source":"Géoportail ANSTAT"}},{"type":"Feature","geometry":{"type":"Point","coordinates":[-6.179486999999938,6.318789000000038]},"properties":{"id":37086,"nom":"GARE GAT","type":"gare","district_region":null,"departement_commune":null,"verifie":true,"name":"GARE GAT","source":"Géoportail ANSTAT"}},{"type":"Feature","geometry":{"type":"Point","coordinates":[-6.275553999999943,6.291710000000023]},"properties":{"id":37087,"nom":"GARE UTB","type":"gare","district_region":null,"departement_commune":null,"verifie":true,"name":"GARE UTB","source":"Géoportail ANSTAT"}},{"type":"Feature","geometry":{"type":"Point","coordinates":[-6.355827999999974,6.195520000000045]},"properties":{"id":37088,"nom":"GARE ROUTIERE","type":"gare","district_region":null,"departement_commune":null,"verifie":true,"name":"GARE ROUTIERE","source":"Géoportail ANSTAT"}},{"type":"Feature","geometry":{"type":"Point","coordinates":[-6.170192999999927,6.233757000000026]},"properties":{"id":37089,"nom":"GARE ROUTIERE GUIBEROUA","type":"gare","district_region":null,"departement_commune":null,"verifie":true,"name":"GARE ROUTIERE GUIBEROUA","source":"Géoportail ANSTAT"}},{"type":"Feature","geometry":{"type":"Point","coordinates":[-5.558488999999952,6.426672000000053]},"properties":{"id":37091,"nom":"GARE DE DOUKOUYA","type":"gare","district_region":null,"departement_commune":null,"verifie":true,"name":"GARE DE DOUKOUYA","source":"Géoportail ANSTAT"}},{"type":"Feature","geometry":{"type":"Point","coordinates":[-5.575345999999968,6.285260000000051]},"properties":{"id":37093,"nom":"GARE DOUKOURE","type":"gare","district_region":null,"departement_commune":null,"verifie":true,"name":"GARE DOUKOURE","source":"Géoportail ANSTAT"}},{"type":"Feature","geometry":{"type":"Point","coordinates":[-5.574738999999965,6.285555000000045]},"properties":{"id":37094,"nom":"GARE SOUM EXPRESS 007","type":"gare","district_region":null,"departement_commune":null,"verifie":true,"name":"GARE SOUM EXPRESS 007","source":"Géoportail ANSTAT"}},{"type":"Feature","geometry":{"type":"Point","coordinates":[-5.916262999999958,5.268153000000041]},"properties":{"id":37095,"nom":"GARE ROUTIERE","type":"gare","district_region":null,"departement_commune":null,"verifie":true,"name":"GARE ROUTIERE","source":"Géoportail ANSTAT"}},{"type":"Feature","geometry":{"type":"Point","coordinates":[-5.590322999999955,5.468706000000054]},"properties":{"id":37096,"nom":"GARE ROUTIERE","type":"gare","district_region":null,"departement_commune":null,"verifie":true,"name":"GARE ROUTIERE","source":"Géoportail ANSTAT"}},{"type":"Feature","geometry":{"type":"Point","coordinates":[-4.808473999999933,7.225800000000049]},"properties":{"id":37097,"nom":"GARE","type":"gare","district_region":null,"departement_commune":null,"verifie":true,"name":"GARE","source":"Géoportail ANSTAT"}},{"type":"Feature","geometry":{"type":"Point","coordinates":[-4.837013999999954,6.965897000000041]},"properties":{"id":37099,"nom":"GARE ROUTIERE","type":"gare","district_region":null,"departement_commune":null,"verifie":true,"name":"GARE ROUTIERE","source":"Géoportail ANSTAT"}},{"type":"Feature","geometry":{"type":"Point","coordinates":[-5.019547999999929,6.556840000000022]},"properties":{"id":37100,"nom":"GAR DE DJEKANOU","type":"gare","district_region":null,"departement_commune":null,"verifie":true,"name":"GAR DE DJEKANOU","source":"Géoportail ANSTAT"}},{"type":"Feature","geometry":{"type":"Point","coordinates":[-5.017685999999969,6.555389000000048]},"properties":{"id":37101,"nom":"GARE DE YAMOUSSOYKRO","type":"gare","district_region":null,"departement_commune":null,"verifie":true,"name":"GARE DE YAMOUSSOYKRO","source":"Géoportail ANSTAT"}},{"type":"Feature","geometry":{"type":"Point","coordinates":[-5.016457999999943,6.555556000000024]},"properties":{"id":37102,"nom":"GARE ROUTIERE","type":"gare","district_region":null,"departement_commune":null,"verifie":true,"name":"GARE ROUTIERE","source":"Géoportail ANSTAT"}},{"type":"Feature","geometry":{"type":"Point","coordinates":[-5.224980999999957,7.158022000000074]},"properties":{"id":37104,"nom":"GARE CTE","type":"gare","district_region":null,"departement_commune":null,"verifie":true,"name":"GARE CTE","source":"Géoportail ANSTAT"}},{"type":"Feature","geometry":{"type":"Point","coordinates":[-5.224017999999944,7.158916000000033]},"properties":{"id":37105,"nom":"GARE DE DIDIEVI","type":"gare","district_region":null,"departement_commune":null,"verifie":true,"name":"GARE DE DIDIEVI","source":"Géoportail ANSTAT"}},{"type":"Feature","geometry":{"type":"Point","coordinates":[-5.223851999999965,7.158997000000056]},"properties":{"id":37106,"nom":"GARE DE DIDIEVI","type":"gare","district_region":null,"departement_commune":null,"verifie":true,"name":"GARE DE DIDIEVI","source":"Géoportail ANSTAT"}},{"type":"Feature","geometry":{"type":"Point","coordinates":[-4.896157999999957,7.128752000000077]},"properties":{"id":37108,"nom":"GARE UTT","type":"gare","district_region":null,"departement_commune":null,"verifie":true,"name":"GARE UTT","source":"Géoportail ANSTAT"}},{"type":"Feature","geometry":{"type":"Point","coordinates":[-4.18505799999997,5.467014000000063]},"properties":{"id":37110,"nom":"GARE ROUTIERE ATTINGUIE","type":"gare","district_region":null,"departement_commune":null,"verifie":true,"name":"GARE ROUTIERE ATTINGUIE","source":"Géoportail ANSTAT"}},{"type":"Feature","geometry":{"type":"Point","coordinates":[-3.966103999999973,5.538500000000056]},"properties":{"id":37111,"nom":"GARE ROUTIERE","type":"gare","district_region":null,"departement_commune":null,"verifie":true,"name":"GARE ROUTIERE","source":"Géoportail ANSTAT"}},{"type":"Feature","geometry":{"type":"Point","coordinates":[-2.798809999999946,8.042953000000068]},"properties":{"id":37112,"nom":"GARE CTE","type":"gare","district_region":null,"departement_commune":null,"verifie":true,"name":"GARE CTE","source":"Géoportail ANSTAT"}},{"type":"Feature","geometry":{"type":"Point","coordinates":[-2.814993999999956,8.05798100000004]},"properties":{"id":37113,"nom":"GARE DE BOUNA","type":"gare","district_region":null,"departement_commune":null,"verifie":true,"name":"GARE DE BOUNA","source":"Géoportail ANSTAT"}},{"type":"Feature","geometry":{"type":"Point","coordinates":[-2.796879999999931,8.040674000000024]},"properties":{"id":37114,"nom":"GARE DE UTB","type":"gare","district_region":null,"departement_commune":null,"verifie":true,"name":"GARE DE UTB","source":"Géoportail ANSTAT"}},{"type":"Feature","geometry":{"type":"Point","coordinates":[-3.628354999999942,8.111846000000071]},"properties":{"id":37116,"nom":"GARE ROUTIERE DE BANDAKAGNI","type":"gare","district_region":null,"departement_commune":null,"verifie":true,"name":"GARE ROUTIERE DE BANDAKAGNI","source":"Géoportail ANSTAT"}},{"type":"Feature","geometry":{"type":"Point","coordinates":[-3.92099799999994,8.297515000000033]},"properties":{"id":37118,"nom":"GARE ROUTIERE DE MASSADOUGOU","type":"gare","district_region":null,"departement_commune":null,"verifie":true,"name":"GARE ROUTIERE DE MASSADOUGOU","source":"Géoportail ANSTAT"}},{"type":"Feature","geometry":{"type":"Point","coordinates":[-2.83958599999994,8.330344000000025]},"properties":{"id":37119,"nom":"GARE ROUTIERE DE BOZANGUI","type":"gare","district_region":null,"departement_commune":null,"verifie":true,"name":"GARE ROUTIERE DE BOZANGUI","source":"Géoportail ANSTAT"}},{"type":"Feature","geometry":{"type":"Point","coordinates":[-3.10554099999996,8.40710400000006]},"properties":{"id":37120,"nom":"GARE ROUTIERE DE BROGODON","type":"gare","district_region":null,"departement_commune":null,"verifie":true,"name":"GARE ROUTIERE DE BROGODON","source":"Géoportail ANSTAT"}},{"type":"Feature","geometry":{"type":"Point","coordinates":[-3.584302999999977,7.953634000000022]},"properties":{"id":37121,"nom":"GARE ROUTIERE DE SANDEGUE","type":"gare","district_region":null,"departement_commune":null,"verifie":true,"name":"GARE ROUTIERE DE SANDEGUE","source":"Géoportail ANSTAT"}},{"type":"Feature","geometry":{"type":"Point","coordinates":[-3.434683999999947,8.137012000000027]},"properties":{"id":37122,"nom":"GARE ROUTIERE DE TAOUDI","type":"gare","district_region":null,"departement_commune":null,"verifie":true,"name":"GARE ROUTIERE DE TAOUDI","source":"Géoportail ANSTAT"}},{"type":"Feature","geometry":{"type":"Point","coordinates":[-2.982914999999934,7.897714000000065]},"properties":{"id":37123,"nom":"GARE BSC GOUMERE","type":"gare","district_region":null,"departement_commune":null,"verifie":true,"name":"GARE BSC GOUMERE","source":"Géoportail ANSTAT"}},{"type":"Feature","geometry":{"type":"Point","coordinates":[-2.981537999999944,7.898752000000059]},"properties":{"id":37124,"nom":"GARE ROUTIERRE DE GOUMERE","type":"gare","district_region":null,"departement_commune":null,"verifie":true,"name":"GARE ROUTIERRE DE GOUMERE","source":"Géoportail ANSTAT"}},{"type":"Feature","geometry":{"type":"Point","coordinates":[-3.170709999999929,7.801559000000054]},"properties":{"id":37125,"nom":"GARE BSC TRANSPORT","type":"gare","district_region":null,"departement_commune":null,"verifie":true,"name":"GARE BSC TRANSPORT","source":"Géoportail ANSTAT"}},{"type":"Feature","geometry":{"type":"Point","coordinates":[-3.172976999999946,7.802454000000068]},"properties":{"id":37126,"nom":"GARE DE SANDEGUE","type":"gare","district_region":null,"departement_commune":null,"verifie":true,"name":"GARE DE SANDEGUE","source":"Géoportail ANSTAT"}},{"type":"Feature","geometry":{"type":"Point","coordinates":[-3.253761999999938,7.491294000000039]},"properties":{"id":37127,"nom":"GARE ROUTIERE DE KOUN FAO","type":"gare","district_region":null,"departement_commune":null,"verifie":true,"name":"GARE ROUTIERE DE KOUN FAO","source":"Géoportail ANSTAT"}},{"type":"Feature","geometry":{"type":"Point","coordinates":[-3.254040999999972,7.490882000000056]},"properties":{"id":37128,"nom":"GARE ROUTIERE DE KOUN FAO","type":"gare","district_region":null,"departement_commune":null,"verifie":true,"name":"GARE ROUTIERE DE KOUN FAO","source":"Géoportail ANSTAT"}},{"type":"Feature","geometry":{"type":"Point","coordinates":[-6.602195999999935,8.476844000000028]},"properties":{"id":37130,"nom":"GARE LADJI VICE","type":"gare","district_region":null,"departement_commune":null,"verifie":true,"name":"GARE LADJI VICE","source":"Géoportail ANSTAT"}},{"type":"Feature","geometry":{"type":"Point","coordinates":[-6.602634999999964,8.477742000000035]},"properties":{"id":37131,"nom":"GARE ROUTIERE KANY","type":"gare","district_region":null,"departement_commune":null,"verifie":true,"name":"GARE ROUTIERE KANY","source":"Géoportail ANSTAT"}},{"type":"Feature","geometry":{"type":"Point","coordinates":[-6.664833999999928,7.952089000000058]},"properties":{"id":37133,"nom":"GARE ROUTIERE DE SEGUELA","type":"gare","district_region":null,"departement_commune":null,"verifie":true,"name":"GARE ROUTIERE DE SEGUELA","source":"Géoportail ANSTAT"}},{"type":"Feature","geometry":{"type":"Point","coordinates":[-6.039912999999956,6.927747000000068]},"properties":{"id":37135,"nom":"GARE DE GONAN","type":"gare","district_region":null,"departement_commune":null,"verifie":true,"name":"GARE DE GONAN","source":"Géoportail ANSTAT"}},{"type":"Feature","geometry":{"type":"Point","coordinates":[-6.047554999999932,7.432991000000072]},"properties":{"id":37138,"nom":"GARE D ABIDJAN CTI","type":"gare","district_region":null,"departement_commune":null,"verifie":true,"name":"GARE D ABIDJAN CTI","source":"Géoportail ANSTAT"}},{"type":"Feature","geometry":{"type":"Point","coordinates":[-5.880874999999946,7.491761000000054]},"properties":{"id":37139,"nom":"GARE DE GOHITAFLA","type":"gare","district_region":null,"departement_commune":null,"verifie":true,"name":"GARE DE GOHITAFLA","source":"Géoportail ANSTAT"}},{"type":"Feature","geometry":{"type":"Point","coordinates":[-5.919970999999975,6.611827000000062]},"properties":{"id":37140,"nom":"GARE ROUTIERE D3 SINFRA","type":"gare","district_region":null,"departement_commune":null,"verifie":true,"name":"GARE ROUTIERE D3 SINFRA","source":"Géoportail ANSTAT"}},{"type":"Feature","geometry":{"type":"Point","coordinates":[-5.911074999999926,6.624512000000038]},"properties":{"id":37141,"nom":"GARE TSR","type":"gare","district_region":null,"departement_commune":null,"verifie":true,"name":"GARE TSR","source":"Géoportail ANSTAT"}},{"type":"Feature","geometry":{"type":"Point","coordinates":[-4.873636999999974,7.651668000000029]},"properties":{"id":37142,"nom":"GARE SINANVESSOU","type":"gare","district_region":null,"departement_commune":null,"verifie":true,"name":"GARE SINANVESSOU","source":"Géoportail ANSTAT"}},{"type":"Feature","geometry":{"type":"Point","coordinates":[-5.028698999999961,7.725543000000073]},"properties":{"id":37144,"nom":"GARE CITR","type":"gare","district_region":null,"departement_commune":null,"verifie":true,"name":"GARE CITR","source":"Géoportail ANSTAT"}},{"type":"Feature","geometry":{"type":"Point","coordinates":[-5.028131999999971,7.723051000000055]},"properties":{"id":37145,"nom":"GARE DE STAF","type":"gare","district_region":null,"departement_commune":null,"verifie":true,"name":"GARE DE STAF","source":"Géoportail ANSTAT"}},{"type":"Feature","geometry":{"type":"Point","coordinates":[-5.028149999999926,7.725234000000057]},"properties":{"id":37146,"nom":"GARE JEUNESSE TRANSPOT DE BOUAKE    JTB","type":"gare","district_region":null,"departement_commune":null,"verifie":true,"name":"GARE JEUNESSE TRANSPOT DE BOUAKE    JTB","source":"Géoportail ANSTAT"}},{"type":"Feature","geometry":{"type":"Point","coordinates":[-5.027917999999943,7.722291000000041]},"properties":{"id":37147,"nom":"GARE ROUTIERE DE KORHOGO","type":"gare","district_region":null,"departement_commune":null,"verifie":true,"name":"GARE ROUTIERE DE KORHOGO","source":"Géoportail ANSTAT"}},{"type":"Feature","geometry":{"type":"Point","coordinates":[-5.024103999999966,7.68313900000004]},"properties":{"id":37150,"nom":"GARE B TRANS","type":"gare","district_region":null,"departement_commune":null,"verifie":true,"name":"GARE B TRANS","source":"Géoportail ANSTAT"}},{"type":"Feature","geometry":{"type":"Point","coordinates":[-5.032088999999928,7.695358000000056]},"properties":{"id":37151,"nom":"GARE DE DIABO","type":"gare","district_region":null,"departement_commune":null,"verifie":true,"name":"GARE DE DIABO","source":"Géoportail ANSTAT"}},{"type":"Feature","geometry":{"type":"Point","coordinates":[-5.023491999999976,7.688654000000042]},"properties":{"id":37152,"nom":"GARE DE MORONOU","type":"gare","district_region":null,"departement_commune":null,"verifie":true,"name":"GARE DE MORONOU","source":"Géoportail ANSTAT"}},{"type":"Feature","geometry":{"type":"Point","coordinates":[-5.027795999999967,7.68934100000007]},"properties":{"id":37153,"nom":"GARE ROUTIERE","type":"gare","district_region":null,"departement_commune":null,"verifie":true,"name":"GARE ROUTIERE","source":"Géoportail ANSTAT"}},{"type":"Feature","geometry":{"type":"Point","coordinates":[-5.026118999999937,7.691923000000031]},"properties":{"id":37154,"nom":"GARE SIFF","type":"gare","district_region":null,"departement_commune":null,"verifie":true,"name":"GARE SIFF","source":"Géoportail ANSTAT"}},{"type":"Feature","geometry":{"type":"Point","coordinates":[-5.026414999999929,7.713513000000034]},"properties":{"id":37155,"nom":"GARE TSR","type":"gare","district_region":null,"departement_commune":null,"verifie":true,"name":"GARE TSR","source":"Géoportail ANSTAT"}},{"type":"Feature","geometry":{"type":"Point","coordinates":[-5.026790999999946,7.687515000000076]},"properties":{"id":37156,"nom":"GARE UTB BOUAKE","type":"gare","district_region":null,"departement_commune":null,"verifie":true,"name":"GARE UTB BOUAKE","source":"Géoportail ANSTAT"}},{"type":"Feature","geometry":{"type":"Point","coordinates":[-5.29244099999994,7.451539000000025]},"properties":{"id":37158,"nom":"GARE ROUTIERE DE SAKASSOU","type":"gare","district_region":null,"departement_commune":null,"verifie":true,"name":"GARE ROUTIERE DE SAKASSOU","source":"Géoportail ANSTAT"}},{"type":"Feature","geometry":{"type":"Point","coordinates":[-5.440641999999968,8.005205000000046]},"properties":{"id":37159,"nom":"GARE ROUTIERE DE N GUESSANKRO","type":"gare","district_region":null,"departement_commune":null,"verifie":true,"name":"GARE ROUTIERE DE N GUESSANKRO","source":"Géoportail ANSTAT"}},{"type":"Feature","geometry":{"type":"Point","coordinates":[-5.308158999999932,7.842847000000063]},"properties":{"id":37160,"nom":"GARE ROUTIERE DE BOTRO","type":"gare","district_region":null,"departement_commune":null,"verifie":true,"name":"GARE ROUTIERE DE BOTRO","source":"Géoportail ANSTAT"}},{"type":"Feature","geometry":{"type":"Point","coordinates":[-4.136400999999978,9.762679000000048]},"properties":{"id":37161,"nom":"GARE ROUTIERE DE TOUGBO","type":"gare","district_region":null,"departement_commune":null,"verifie":true,"name":"GARE ROUTIERE DE TOUGBO","source":"Géoportail ANSTAT"}},{"type":"Feature","geometry":{"type":"Point","coordinates":[-3.00052299999993,9.272058000000072]},"properties":{"id":37162,"nom":"GARE CENTRALE","type":"gare","district_region":null,"departement_commune":null,"verifie":true,"name":"GARE CENTRALE","source":"Géoportail ANSTAT"}},{"type":"Feature","geometry":{"type":"Point","coordinates":[-3.00005699999997,9.27154100000007]},"properties":{"id":37163,"nom":"GARE FANTA GBE","type":"gare","district_region":null,"departement_commune":null,"verifie":true,"name":"GARE FANTA GBE","source":"Géoportail ANSTAT"}},{"type":"Feature","geometry":{"type":"Point","coordinates":[-3.001192999999944,9.272350000000074]},"properties":{"id":37164,"nom":"GARE ROUTIERE DE SABE TRANSPORT","type":"gare","district_region":null,"departement_commune":null,"verifie":true,"name":"GARE ROUTIERE DE SABE TRANSPORT","source":"Géoportail ANSTAT"}},{"type":"Feature","geometry":{"type":"Point","coordinates":[-4.495410999999933,7.063414000000023]},"properties":{"id":37165,"nom":"GARE  DE BOCANDA","type":"gare","district_region":null,"departement_commune":null,"verifie":true,"name":"GARE  DE BOCANDA","source":"Géoportail ANSTAT"}},{"type":"Feature","geometry":{"type":"Point","coordinates":[-4.496347999999955,7.063466000000062]},"properties":{"id":37166,"nom":"GARE ATK","type":"gare","district_region":null,"departement_commune":null,"verifie":true,"name":"GARE ATK","source":"Géoportail ANSTAT"}},{"type":"Feature","geometry":{"type":"Point","coordinates":[-4.495521999999937,7.063228000000038]},"properties":{"id":37167,"nom":"GARE DE BOCANDA","type":"gare","district_region":null,"departement_commune":null,"verifie":true,"name":"GARE DE BOCANDA","source":"Géoportail ANSTAT"}},{"type":"Feature","geometry":{"type":"Point","coordinates":[-7.486114999999927,6.546024000000045]},"properties":{"id":37169,"nom":"GARE AVS TRANSPORT","type":"gare","district_region":null,"departement_commune":null,"verifie":true,"name":"GARE AVS TRANSPORT","source":"Géoportail ANSTAT"}},{"type":"Feature","geometry":{"type":"Point","coordinates":[-7.508293999999978,6.543211000000042]},"properties":{"id":37170,"nom":"GARE DE TAI","type":"gare","district_region":null,"departement_commune":null,"verifie":true,"name":"GARE DE TAI","source":"Géoportail ANSTAT"}},{"type":"Feature","geometry":{"type":"Point","coordinates":[-6.953218999999933,6.73858800000005]},"properties":{"id":37173,"nom":"GARE UTB","type":"gare","district_region":null,"departement_commune":null,"verifie":true,"name":"GARE UTB","source":"Géoportail ANSTAT"}},{"type":"Feature","geometry":{"type":"Point","coordinates":[-6.178780999999958,7.228261000000032]},"properties":{"id":37175,"nom":"GARE DE BROHOUTA 2","type":"gare","district_region":null,"departement_commune":null,"verifie":true,"name":"GARE DE BROHOUTA 2","source":"Géoportail ANSTAT"}},{"type":"Feature","geometry":{"type":"Point","coordinates":[-6.243532999999957,6.905327000000057]},"properties":{"id":37176,"nom":"GARE UTB","type":"gare","district_region":null,"departement_commune":null,"verifie":true,"name":"GARE UTB","source":"Géoportail ANSTAT"}},{"type":"Feature","geometry":{"type":"Point","coordinates":[-6.309753999999941,7.15702200000004]},"properties":{"id":37177,"nom":"GARE ROUTIERE DE BEDIALA","type":"gare","district_region":null,"departement_commune":null,"verifie":true,"name":"GARE ROUTIERE DE BEDIALA","source":"Géoportail ANSTAT"}},{"type":"Feature","geometry":{"type":"Point","coordinates":[-6.439313999999968,6.891539000000023]},"properties":{"id":37179,"nom":"GARE AVS","type":"gare","district_region":null,"departement_commune":null,"verifie":true,"name":"GARE AVS","source":"Géoportail ANSTAT"}},{"type":"Feature","geometry":{"type":"Point","coordinates":[-6.467217999999946,6.881875000000036]},"properties":{"id":37180,"nom":"GARE DE GUESSABO","type":"gare","district_region":null,"departement_commune":null,"verifie":true,"name":"GARE DE GUESSABO","source":"Géoportail ANSTAT"}},{"type":"Feature","geometry":{"type":"Point","coordinates":[-6.446531999999934,6.884003000000064]},"properties":{"id":37181,"nom":"GARE TRANSPORT LASSINE CISSE","type":"gare","district_region":null,"departement_commune":null,"verifie":true,"name":"GARE TRANSPORT LASSINE CISSE","source":"Géoportail ANSTAT"}},{"type":"Feature","geometry":{"type":"Point","coordinates":[-6.271135999999956,6.477662000000066]},"properties":{"id":37184,"nom":"GAR DE NAHIO","type":"gare","district_region":null,"departement_commune":null,"verifie":true,"name":"GAR DE NAHIO","source":"Géoportail ANSTAT"}},{"type":"Feature","geometry":{"type":"Point","coordinates":[-6.271092999999951,6.47847500000006]},"properties":{"id":37185,"nom":"GARE DE SINFRA","type":"gare","district_region":null,"departement_commune":null,"verifie":true,"name":"GARE DE SINFRA","source":"Géoportail ANSTAT"}},{"type":"Feature","geometry":{"type":"Point","coordinates":[-6.593969999999956,6.486393000000021]},"properties":{"id":37186,"nom":"GARE NIAMBOUA","type":"gare","district_region":null,"departement_commune":null,"verifie":true,"name":"GARE NIAMBOUA","source":"Géoportail ANSTAT"}},{"type":"Feature","geometry":{"type":"Point","coordinates":[-4.825313999999935,6.012029000000041]},"properties":{"id":37187,"nom":"GARE SCB","type":"gare","district_region":null,"departement_commune":null,"verifie":true,"name":"GARE SCB","source":"Géoportail ANSTAT"}},{"type":"Feature","geometry":{"type":"Point","coordinates":[-4.793344999999931,5.930845000000033]},"properties":{"id":37189,"nom":"GARE DE KANGA NIANZE","type":"gare","district_region":null,"departement_commune":null,"verifie":true,"name":"GARE DE KANGA NIANZE","source":"Géoportail ANSTAT"}},{"type":"Feature","geometry":{"type":"Point","coordinates":[-4.764279999999928,5.865932000000043]},"properties":{"id":37190,"nom":"GARE CITR N DOUCI ABIDJAN","type":"gare","district_region":null,"departement_commune":null,"verifie":true,"name":"GARE CITR N DOUCI ABIDJAN","source":"Géoportail ANSTAT"}},{"type":"Feature","geometry":{"type":"Point","coordinates":[-4.762536999999952,5.863869000000022]},"properties":{"id":37191,"nom":"GARE DE GAMON","type":"gare","district_region":null,"departement_commune":null,"verifie":true,"name":"GARE DE GAMON","source":"Géoportail ANSTAT"}},{"type":"Feature","geometry":{"type":"Point","coordinates":[-4.439482999999939,5.723853000000076]},"properties":{"id":37192,"nom":"GARE ROUTIERE DE GOMON","type":"gare","district_region":null,"departement_commune":null,"verifie":true,"name":"GARE ROUTIERE DE GOMON","source":"Géoportail ANSTAT"}},{"type":"Feature","geometry":{"type":"Point","coordinates":[-4.512401999999952,5.686090000000036]},"properties":{"id":37193,"nom":"GARE ROUTIERE","type":"gare","district_region":null,"departement_commune":null,"verifie":true,"name":"GARE ROUTIERE","source":"Géoportail ANSTAT"}},{"type":"Feature","geometry":{"type":"Point","coordinates":[-5.073869999999943,6.280854000000033]},"properties":{"id":37194,"nom":"GARE ROUTIERE DE TAABO","type":"gare","district_region":null,"departement_commune":null,"verifie":true,"name":"GARE ROUTIERE DE TAABO","source":"Géoportail ANSTAT"}},{"type":"Feature","geometry":{"type":"Point","coordinates":[-4.825008999999966,5.893201000000033]},"properties":{"id":37195,"nom":"GAMON TRANSPORT","type":"gare","district_region":null,"departement_commune":null,"verifie":true,"name":"GAMON TRANSPORT","source":"Géoportail ANSTAT"}},{"type":"Feature","geometry":{"type":"Point","coordinates":[-4.569606999999962,5.675558000000024]},"properties":{"id":37196,"nom":"GARE TSR","type":"gare","district_region":null,"departement_commune":null,"verifie":true,"name":"GARE TSR","source":"Géoportail ANSTAT"}},{"type":"Feature","geometry":{"type":"Point","coordinates":[-4.290187999999944,5.79922300000004]},"properties":{"id":37198,"nom":"GARE WAHIN","type":"gare","district_region":null,"departement_commune":null,"verifie":true,"name":"GARE WAHIN","source":"Géoportail ANSTAT"}},{"type":"Feature","geometry":{"type":"Point","coordinates":[-4.347569999999962,5.927196000000038]},"properties":{"id":37199,"nom":"GARE ROUTIERE DE OFFA","type":"gare","district_region":null,"departement_commune":null,"verifie":true,"name":"GARE ROUTIERE DE OFFA","source":"Géoportail ANSTAT"}},{"type":"Feature","geometry":{"type":"Point","coordinates":[-4.061662999999953,6.092700000000036]},"properties":{"id":37200,"nom":"GARE ROUTIERE DE ATTOBROU","type":"gare","district_region":null,"departement_commune":null,"verifie":true,"name":"GARE ROUTIERE DE ATTOBROU","source":"Géoportail ANSTAT"}},{"type":"Feature","geometry":{"type":"Point","coordinates":[-4.217988999999932,5.929862000000071]},"properties":{"id":37201,"nom":"GARE ATTIGUEI","type":"gare","district_region":null,"departement_commune":null,"verifie":true,"name":"GARE ATTIGUEI","source":"Géoportail ANSTAT"}},{"type":"Feature","geometry":{"type":"Point","coordinates":[-4.213781999999981,5.930376000000024]},"properties":{"id":37202,"nom":"GARE DE YAPO","type":"gare","district_region":null,"departement_commune":null,"verifie":true,"name":"GARE DE YAPO","source":"Géoportail ANSTAT"}},{"type":"Feature","geometry":{"type":"Point","coordinates":[-7.68288199999995,8.284651000000054]},"properties":{"id":37205,"nom":"GARE MT TRANSPORT  GARE TLC","type":"gare","district_region":null,"departement_commune":null,"verifie":true,"name":"GARE MT TRANSPORT  GARE TLC","source":"Géoportail ANSTAT"}},{"type":"Feature","geometry":{"type":"Point","coordinates":[-7.681195999999943,8.287784000000045]},"properties":{"id":37206,"nom":"GARE ROUTIERE DE TOUBA","type":"gare","district_region":null,"departement_commune":null,"verifie":true,"name":"GARE ROUTIERE DE TOUBA","source":"Géoportail ANSTAT"}},{"type":"Feature","geometry":{"type":"Point","coordinates":[-7.868492999999944,8.239485000000059]},"properties":{"id":37207,"nom":"GARE ROUTIERE DE OUANINOU","type":"gare","district_region":null,"departement_commune":null,"verifie":true,"name":"GARE ROUTIERE DE OUANINOU","source":"Géoportail ANSTAT"}},{"type":"Feature","geometry":{"type":"Point","coordinates":[-5.817704999999933,5.858188000000041]},"properties":{"id":37208,"nom":"GARE DE LIGROHOIN","type":"gare","district_region":null,"departement_commune":null,"verifie":true,"name":"GARE DE LIGROHOIN","source":"Géoportail ANSTAT"}},{"type":"Feature","geometry":{"type":"Point","coordinates":[-5.683090999999934,5.851003000000048]},"properties":{"id":37209,"nom":"GARE SUD BANDAMAN","type":"gare","district_region":null,"departement_commune":null,"verifie":true,"name":"GARE SUD BANDAMAN","source":"Géoportail ANSTAT"}},{"type":"Feature","geometry":{"type":"Point","coordinates":[-5.296114999999929,6.186254000000076]},"properties":{"id":37211,"nom":"GARE DE DIVO","type":"gare","district_region":null,"departement_commune":null,"verifie":true,"name":"GARE DE DIVO","source":"Géoportail ANSTAT"}},{"type":"Feature","geometry":{"type":"Point","coordinates":[-5.295896999999968,6.188672000000054]},"properties":{"id":37212,"nom":"GARE UTB HIRE","type":"gare","district_region":null,"departement_commune":null,"verifie":true,"name":"GARE UTB HIRE","source":"Géoportail ANSTAT"}},{"type":"Feature","geometry":{"type":"Point","coordinates":[-5.24292399999996,5.526210000000049]},"properties":{"id":37213,"nom":"GARE DE DIVO","type":"gare","district_region":null,"departement_commune":null,"verifie":true,"name":"GARE DE DIVO","source":"Géoportail ANSTAT"}},{"type":"Feature","geometry":{"type":"Point","coordinates":[-5.44326499999994,5.762143000000037]},"properties":{"id":37214,"nom":"GARE ROUTIERE DE ZIKI DIES","type":"gare","district_region":null,"departement_commune":null,"verifie":true,"name":"GARE ROUTIERE DE ZIKI DIES","source":"Géoportail ANSTAT"}},{"type":"Feature","geometry":{"type":"Point","coordinates":[-5.375263999999959,5.834957000000031]},"properties":{"id":37215,"nom":"GAGNOA","type":"gare","district_region":null,"departement_commune":null,"verifie":true,"name":"GAGNOA","source":"Géoportail ANSTAT"}},{"type":"Feature","geometry":{"type":"Point","coordinates":[-5.346981999999969,5.830745000000036]},"properties":{"id":37216,"nom":"GARE DE BADJAN","type":"gare","district_region":null,"departement_commune":null,"verifie":true,"name":"GARE DE BADJAN","source":"Géoportail ANSTAT"}},{"type":"Feature","geometry":{"type":"Point","coordinates":[-5.360369999999932,5.83061600000002]},"properties":{"id":37217,"nom":"GARE DE KORHOGO","type":"gare","district_region":null,"departement_commune":null,"verifie":true,"name":"GARE DE KORHOGO","source":"Géoportail ANSTAT"}},{"type":"Feature","geometry":{"type":"Point","coordinates":[-5.358412999999928,5.82941900000003]},"properties":{"id":37218,"nom":"GARE DE MT","type":"gare","district_region":null,"departement_commune":null,"verifie":true,"name":"GARE DE MT","source":"Géoportail ANSTAT"}},{"type":"Feature","geometry":{"type":"Point","coordinates":[-5.346619999999973,5.835957000000064]},"properties":{"id":37219,"nom":"GARE ROUTIERE  DE GARO","type":"gare","district_region":null,"departement_commune":null,"verifie":true,"name":"GARE ROUTIERE  DE GARO","source":"Géoportail ANSTAT"}},{"type":"Feature","geometry":{"type":"Point","coordinates":[-5.360295999999948,5.83122000000003]},"properties":{"id":37220,"nom":"GARE ST","type":"gare","district_region":null,"departement_commune":null,"verifie":true,"name":"GARE ST","source":"Géoportail ANSTAT"}},{"type":"Feature","geometry":{"type":"Point","coordinates":[-5.362194999999929,5.832278000000031]},"properties":{"id":37221,"nom":"GARE TSR","type":"gare","district_region":null,"departement_commune":null,"verifie":true,"name":"GARE TSR","source":"Géoportail ANSTAT"}},{"type":"Feature","geometry":{"type":"Point","coordinates":[-5.360213999999928,5.830402000000049]},"properties":{"id":37222,"nom":"GARE UTB","type":"gare","district_region":null,"departement_commune":null,"verifie":true,"name":"GARE UTB","source":"Géoportail ANSTAT"}},{"type":"Feature","geometry":{"type":"Point","coordinates":[-5.360777999999925,5.830794000000026]},"properties":{"id":37223,"nom":"GARE UTD","type":"gare","district_region":null,"departement_commune":null,"verifie":true,"name":"GARE UTD","source":"Géoportail ANSTAT"}},{"type":"Feature","geometry":{"type":"Point","coordinates":[-5.928909999999973,5.675520000000063]},"properties":{"id":37226,"nom":"GARE","type":"gare","district_region":null,"departement_commune":null,"verifie":true,"name":"GARE","source":"Géoportail ANSTAT"}},{"type":"Feature","geometry":{"type":"Point","coordinates":[-6.412027999999964,9.893813000000025]},"properties":{"id":37227,"nom":"GARE CTF","type":"gare","district_region":null,"departement_commune":null,"verifie":true,"name":"GARE CTF","source":"Géoportail ANSTAT"}},{"type":"Feature","geometry":{"type":"Point","coordinates":[-6.48104799999993,9.520746000000033]},"properties":{"id":37229,"nom":"GARE KST","type":"gare","district_region":null,"departement_commune":null,"verifie":true,"name":"GARE KST","source":"Géoportail ANSTAT"}},{"type":"Feature","geometry":{"type":"Point","coordinates":[-6.436695999999927,10.29861600000004]},"properties":{"id":37230,"nom":"GARE ROUTIERE","type":"gare","district_region":null,"departement_commune":null,"verifie":true,"name":"GARE ROUTIERE","source":"Géoportail ANSTAT"}},{"type":"Feature","geometry":{"type":"Point","coordinates":[-6.409022999999934,10.48350600000003]},"properties":{"id":37231,"nom":"GARE UTRAKO DE TENGRELA","type":"gare","district_region":null,"departement_commune":null,"verifie":true,"name":"GARE UTRAKO DE TENGRELA","source":"Géoportail ANSTAT"}},{"type":"Feature","geometry":{"type":"Point","coordinates":[-5.911885999999981,8.252658000000054]},"properties":{"id":37232,"nom":"GARE ROUTIERE","type":"gare","district_region":null,"departement_commune":null,"verifie":true,"name":"GARE ROUTIERE","source":"Géoportail ANSTAT"}},{"type":"Feature","geometry":{"type":"Point","coordinates":[-6.188714999999945,8.053711000000021]},"properties":{"id":37233,"nom":"GARRE ROUTIERE DE MANKONO","type":"gare","district_region":null,"departement_commune":null,"verifie":true,"name":"GARRE ROUTIERE DE MANKONO","source":"Géoportail ANSTAT"}},{"type":"Feature","geometry":{"type":"Point","coordinates":[-6.246025999999972,8.765410000000031]},"properties":{"id":37234,"nom":"GARE ROUTIERE","type":"gare","district_region":null,"departement_commune":null,"verifie":true,"name":"GARE ROUTIERE","source":"Géoportail ANSTAT"}},{"type":"Feature","geometry":{"type":"Point","coordinates":[-5.836227999999949,7.790884000000062]},"properties":{"id":37236,"nom":"GARE ROUTIERE DE KONAHIRI","type":"gare","district_region":null,"departement_commune":null,"verifie":true,"name":"GARE ROUTIERE DE KONAHIRI","source":"Géoportail ANSTAT"}},{"type":"Feature","geometry":{"type":"Point","coordinates":[-6.936072999999965,10.30853700000006]},"properties":{"id":37237,"nom":"GARE PERIODIQUE DE GOUEYA","type":"gare","district_region":null,"departement_commune":null,"verifie":true,"name":"GARE PERIODIQUE DE GOUEYA","source":"Géoportail ANSTAT"}},{"type":"Feature","geometry":{"type":"Point","coordinates":[-3.487001999999961,6.71684300000004]},"properties":{"id":37239,"nom":"GARE DE NIABLE","type":"gare","district_region":null,"departement_commune":null,"verifie":true,"name":"GARE DE NIABLE","source":"Géoportail ANSTAT"}},{"type":"Feature","geometry":{"type":"Point","coordinates":[-3.307848999999976,7.166453000000047]},"properties":{"id":37240,"nom":"GARE DE TANGUELAN","type":"gare","district_region":null,"departement_commune":null,"verifie":true,"name":"GARE DE TANGUELAN","source":"Géoportail ANSTAT"}},{"type":"Feature","geometry":{"type":"Point","coordinates":[-3.409959999999955,7.075216000000069]},"properties":{"id":37241,"nom":"GARE ROUTIERE DE NGRAH","type":"gare","district_region":null,"departement_commune":null,"verifie":true,"name":"GARE ROUTIERE DE NGRAH","source":"Géoportail ANSTAT"}},{"type":"Feature","geometry":{"type":"Point","coordinates":[-3.446724999999958,7.090444000000048]},"properties":{"id":37242,"nom":"GARE ROUTIERE DE DUFFREBO","type":"gare","district_region":null,"departement_commune":null,"verifie":true,"name":"GARE ROUTIERE DE DUFFREBO","source":"Géoportail ANSTAT"}},{"type":"Feature","geometry":{"type":"Point","coordinates":[-3.202078999999969,7.130828000000065]},"properties":{"id":37243,"nom":"GARE AT TRANSPORT","type":"gare","district_region":null,"departement_commune":null,"verifie":true,"name":"GARE AT TRANSPORT","source":"Géoportail ANSTAT"}},{"type":"Feature","geometry":{"type":"Point","coordinates":[-3.202311999999949,7.131264000000044]},"properties":{"id":37244,"nom":"GARE CTE","type":"gare","district_region":null,"departement_commune":null,"verifie":true,"name":"GARE CTE","source":"Géoportail ANSTAT"}},{"type":"Feature","geometry":{"type":"Point","coordinates":[-3.201518999999962,7.127974000000052]},"properties":{"id":37245,"nom":"GARE INTERVILLAGE","type":"gare","district_region":null,"departement_commune":null,"verifie":true,"name":"GARE INTERVILLAGE","source":"Géoportail ANSTAT"}},{"type":"Feature","geometry":{"type":"Point","coordinates":[-3.409102999999959,6.07505100000003]},"properties":{"id":37246,"nom":"GARE ROUTIERE DE  BETTIE","type":"gare","district_region":null,"departement_commune":null,"verifie":true,"name":"GARE ROUTIERE DE  BETTIE","source":"Géoportail ANSTAT"}},{"type":"Feature","geometry":{"type":"Point","coordinates":[-7.562769999999944,9.506583000000036]},"properties":{"id":37247,"nom":"GARE TCF","type":"gare","district_region":null,"departement_commune":null,"verifie":true,"name":"GARE TCF","source":"Géoportail ANSTAT"}},{"type":"Feature","geometry":{"type":"Point","coordinates":[-7.317504999999926,9.546615000000031]},"properties":{"id":37248,"nom":"GARE BON DJOULA","type":"gare","district_region":null,"departement_commune":null,"verifie":true,"name":"GARE BON DJOULA","source":"Géoportail ANSTAT"}},{"type":"Feature","geometry":{"type":"Point","coordinates":[-3.784786999999938,6.110831000000076]},"properties":{"id":37253,"nom":"GARE ROUTIERE DE BIASSO","type":"gare","district_region":null,"departement_commune":null,"verifie":true,"name":"GARE ROUTIERE DE BIASSO","source":"Géoportail ANSTAT"}},{"type":"Feature","geometry":{"type":"Point","coordinates":[-3.951088999999968,6.32140400000003]},"properties":{"id":37256,"nom":"GARE ROUTIERE DE AFFERY","type":"gare","district_region":null,"departement_commune":null,"verifie":true,"name":"GARE ROUTIERE DE AFFERY","source":"Géoportail ANSTAT"}},{"type":"Feature","geometry":{"type":"Point","coordinates":[-3.549134999999978,5.174014000000057]},"properties":{"id":37257,"nom":"GARE ROUTIERE DE MOHAME","type":"gare","district_region":null,"departement_commune":null,"verifie":true,"name":"GARE ROUTIERE DE MOHAME","source":"Géoportail ANSTAT"}},{"type":"Feature","geometry":{"type":"Point","coordinates":[-3.516535999999974,5.283817000000056]},"properties":{"id":37258,"nom":"GARE ROUTIERE DE SAMO","type":"gare","district_region":null,"departement_commune":null,"verifie":true,"name":"GARE ROUTIERE DE SAMO","source":"Géoportail ANSTAT"}},{"type":"Feature","geometry":{"type":"Point","coordinates":[-3.566968999999972,5.381461000000058]},"properties":{"id":37259,"nom":"GARE ROUTIERE DE ONO SALCI","type":"gare","district_region":null,"departement_commune":null,"verifie":true,"name":"GARE ROUTIERE DE ONO SALCI","source":"Géoportail ANSTAT"}},{"type":"Feature","geometry":{"type":"Point","coordinates":[-3.55083099999996,5.507685000000038]},"properties":{"id":37260,"nom":"GARE","type":"gare","district_region":null,"departement_commune":null,"verifie":true,"name":"GARE","source":"Géoportail ANSTAT"}},{"type":"Feature","geometry":{"type":"Point","coordinates":[-3.735840999999937,5.206050000000062]},"properties":{"id":37262,"nom":"GARE DE MODESTE","type":"gare","district_region":null,"departement_commune":null,"verifie":true,"name":"GARE DE MODESTE","source":"Géoportail ANSTAT"}},{"type":"Feature","geometry":{"type":"Point","coordinates":[-3.734082999999941,5.210196000000053]},"properties":{"id":37263,"nom":"GARE UTGB","type":"gare","district_region":null,"departement_commune":null,"verifie":true,"name":"GARE UTGB","source":"Géoportail ANSTAT"}},{"type":"Feature","geometry":{"type":"Point","coordinates":[-3.274245999999948,5.128186000000028]},"properties":{"id":37265,"nom":"GARE ROUTIERRE DE ASSINIE FRANCE","type":"gare","district_region":null,"departement_commune":null,"verifie":true,"name":"GARE ROUTIERRE DE ASSINIE FRANCE","source":"Géoportail ANSTAT"}},{"type":"Feature","geometry":{"type":"Point","coordinates":[-3.302062999999976,5.142877000000055]},"properties":{"id":37266,"nom":"GARE ROUTIERE DE ASSINIE","type":"gare","district_region":null,"departement_commune":null,"verifie":true,"name":"GARE ROUTIERE DE ASSINIE","source":"Géoportail ANSTAT"}},{"type":"Feature","geometry":{"type":"Point","coordinates":[-3.475844999999936,5.171691000000067]},"properties":{"id":37268,"nom":"GARE DE ASSOUINDE","type":"gare","district_region":null,"departement_commune":null,"verifie":true,"name":"GARE DE ASSOUINDE","source":"Géoportail ANSTAT"}},{"type":"Feature","geometry":{"type":"Point","coordinates":[-3.308418999999958,5.290872000000036]},"properties":{"id":37269,"nom":"GARE ROUTIER ADIAKE","type":"gare","district_region":null,"departement_commune":null,"verifie":true,"name":"GARE ROUTIER ADIAKE","source":"Géoportail ANSTAT"}},{"type":"Feature","geometry":{"type":"Point","coordinates":[-3.020614999999964,5.143084000000044]},"properties":{"id":37270,"nom":"GARE ROUTIERE DE TIAPOUM","type":"gare","district_region":null,"departement_commune":null,"verifie":true,"name":"GARE ROUTIERE DE TIAPOUM","source":"Géoportail ANSTAT"}},{"type":"Feature","geometry":{"type":"Point","coordinates":[-2.980893999999978,5.658474000000069]},"properties":{"id":37271,"nom":"GARE ROUTIERE","type":"gare","district_region":null,"departement_commune":null,"verifie":true,"name":"GARE ROUTIERE","source":"Géoportail ANSTAT"}},{"type":"Feature","geometry":{"type":"Point","coordinates":[-3.155584999999974,5.60649200000006]},"properties":{"id":37272,"nom":"GARE ROUTIERE NGALIEH ALAKHNKA","type":"gare","district_region":null,"departement_commune":null,"verifie":true,"name":"GARE ROUTIERE NGALIEH ALAKHNKA","source":"Géoportail ANSTAT"}},{"type":"Feature","geometry":{"type":"Point","coordinates":[-3.208942999999977,5.468840000000057]},"properties":{"id":37274,"nom":"GARE NOE","type":"gare","district_region":null,"departement_commune":null,"verifie":true,"name":"GARE NOE","source":"Géoportail ANSTAT"}},{"type":"Feature","geometry":{"type":"Point","coordinates":[-5.164294999999925,9.13421100000005]},"properties":{"id":37276,"nom":"GARE ROUTIERE","type":"gare","district_region":null,"departement_commune":null,"verifie":true,"name":"GARE ROUTIERE","source":"Géoportail ANSTAT"}},{"type":"Feature","geometry":{"type":"Point","coordinates":[-5.685300999999981,8.769835000000057]},"properties":{"id":37280,"nom":"GARE ROUTIERE DE TORTIYA","type":"gare","district_region":null,"departement_commune":null,"verifie":true,"name":"GARE ROUTIERE DE TORTIYA","source":"Géoportail ANSTAT"}},{"type":"Feature","geometry":{"type":"Point","coordinates":[-5.101084999999955,8.136563000000024]},"properties":{"id":37281,"nom":"GARE DE KATIOLA","type":"gare","district_region":null,"departement_commune":null,"verifie":true,"name":"GARE DE KATIOLA","source":"Géoportail ANSTAT"}},{"type":"Feature","geometry":{"type":"Point","coordinates":[-4.427970999999957,8.362991000000022]},"properties":{"id":37285,"nom":"GARE UGF DE DABAKALA","type":"gare","district_region":null,"departement_commune":null,"verifie":true,"name":"GARE UGF DE DABAKALA","source":"Géoportail ANSTAT"}},{"type":"Feature","geometry":{"type":"Point","coordinates":[-5.276982999999973,9.293164000000049]},"properties":{"id":37287,"nom":"GARE","type":"gare","district_region":null,"departement_commune":null,"verifie":true,"name":"GARE","source":"Géoportail ANSTAT"}},{"type":"Feature","geometry":{"type":"Point","coordinates":[-7.775772999999958,7.274784000000068]},"properties":{"id":37288,"nom":"GARE DE MOTO TAXI","type":"gare","district_region":null,"departement_commune":null,"verifie":true,"name":"GARE DE MOTO TAXI","source":"Géoportail ANSTAT"}},{"type":"Feature","geometry":{"type":"Point","coordinates":[-7.546958999999958,7.413932000000045]},"properties":{"id":37289,"nom":"GARE CTHK","type":"gare","district_region":null,"departement_commune":null,"verifie":true,"name":"GARE CTHK","source":"Géoportail ANSTAT"}},{"type":"Feature","geometry":{"type":"Point","coordinates":[-7.555994999999939,7.415814000000069]},"properties":{"id":37290,"nom":"GARE DE TOUBA","type":"gare","district_region":null,"departement_commune":null,"verifie":true,"name":"GARE DE TOUBA","source":"Géoportail ANSTAT"}},{"type":"Feature","geometry":{"type":"Point","coordinates":[-7.55621199999996,7.415614000000062]},"properties":{"id":37291,"nom":"GARE DE TOUBA","type":"gare","district_region":null,"departement_commune":null,"verifie":true,"name":"GARE DE TOUBA","source":"Géoportail ANSTAT"}},{"type":"Feature","geometry":{"type":"Point","coordinates":[-7.551613999999972,7.407677000000035]},"properties":{"id":37292,"nom":"GARE INTERNATIONAL MT","type":"gare","district_region":null,"departement_commune":null,"verifie":true,"name":"GARE INTERNATIONAL MT","source":"Géoportail ANSTAT"}},{"type":"Feature","geometry":{"type":"Point","coordinates":[-7.548094999999932,7.412884000000076]},"properties":{"id":37293,"nom":"GARE TCL","type":"gare","district_region":null,"departement_commune":null,"verifie":true,"name":"GARE TCL","source":"Géoportail ANSTAT"}},{"type":"Feature","geometry":{"type":"Point","coordinates":[-7.546830999999941,7.414152000000058]},"properties":{"id":37294,"nom":"GARE TINGRELA GROSSO NANE","type":"gare","district_region":null,"departement_commune":null,"verifie":true,"name":"GARE TINGRELA GROSSO NANE","source":"Géoportail ANSTAT"}},{"type":"Feature","geometry":{"type":"Point","coordinates":[-8.156341999999938,7.255090000000052]},"properties":{"id":37296,"nom":"GARE CITADINE TRANSPORT DANANE","type":"gare","district_region":null,"departement_commune":null,"verifie":true,"name":"GARE CITADINE TRANSPORT DANANE","source":"Géoportail ANSTAT"}},{"type":"Feature","geometry":{"type":"Point","coordinates":[-8.157411999999965,7.248038000000065]},"properties":{"id":37297,"nom":"GARE ROUTIERE DANANE ZOUAN HOUNIEN","type":"gare","district_region":null,"departement_commune":null,"verifie":true,"name":"GARE ROUTIERE DANANE ZOUAN HOUNIEN","source":"Géoportail ANSTAT"}},{"type":"Feature","geometry":{"type":"Point","coordinates":[-4.34163899999993,7.453475000000026]},"properties":{"id":37298,"nom":"GARE ROUTIERE DE M BAHIAKRO","type":"gare","district_region":null,"departement_commune":null,"verifie":true,"name":"GARE ROUTIERE DE M BAHIAKRO","source":"Géoportail ANSTAT"}},{"type":"Feature","geometry":{"type":"Point","coordinates":[-4.25325399999997,7.28389500000003]},"properties":{"id":37299,"nom":"GARE D ANANDA","type":"gare","district_region":null,"departement_commune":null,"verifie":true,"name":"GARE D ANANDA","source":"Géoportail ANSTAT"}},{"type":"Feature","geometry":{"type":"Point","coordinates":[-4.315597999999966,7.359279000000072]},"properties":{"id":37300,"nom":"GARE D ANGOUAKRO","type":"gare","district_region":null,"departement_commune":null,"verifie":true,"name":"GARE D ANGOUAKRO","source":"Géoportail ANSTAT"}},{"type":"Feature","geometry":{"type":"Point","coordinates":[-5.618909999999971,9.466720000000066]},"properties":{"id":37365,"nom":"GARE ROUTIERE","type":"gare","district_region":null,"departement_commune":null,"verifie":true,"name":"GARE ROUTIERE","source":"Géoportail ANSTAT"}},{"type":"Feature","geometry":{"type":"Point","coordinates":[-5.640713999999946,9.460262000000055]},"properties":{"id":37366,"nom":"GRANDE GARE DE KOKO","type":"gare","district_region":null,"departement_commune":null,"verifie":true,"name":"GRANDE GARE DE KOKO","source":"Géoportail ANSTAT"}},{"type":"Feature","geometry":{"type":"Point","coordinates":[-4.163649999999961,6.752182000000062]},"properties":{"id":37367,"nom":"GARE ROUTIERE","type":"gare","district_region":null,"departement_commune":null,"verifie":true,"name":"GARE ROUTIERE","source":"Géoportail ANSTAT"}},{"type":"Feature","geometry":{"type":"Point","coordinates":[-7.349136999999928,6.746596000000068]},"properties":{"id":37368,"nom":"GRANDE GARE DE DUEKOUE","type":"gare","district_region":null,"departement_commune":null,"verifie":true,"name":"GRANDE GARE DE DUEKOUE","source":"Géoportail ANSTAT"}},{"type":"Feature","geometry":{"type":"Point","coordinates":[-5.959909999999979,6.468279000000052]},"properties":{"id":37369,"nom":"GARE ROUTIERE DE BAYOTA","type":"gare","district_region":null,"departement_commune":null,"verifie":true,"name":"GARE ROUTIERE DE BAYOTA","source":"Géoportail ANSTAT"}},{"type":"Feature","geometry":{"type":"Point","coordinates":[-4.894607999999948,7.128006000000028]},"properties":{"id":37370,"nom":"GRANDE GARE DE DIDIEVI","type":"gare","district_region":null,"departement_commune":null,"verifie":true,"name":"GRANDE GARE DE DIDIEVI","source":"Géoportail ANSTAT"}},{"type":"Feature","geometry":{"type":"Point","coordinates":[-3.205718999999931,7.350541000000021]},"properties":{"id":37371,"nom":"GARE ROUTIERE DE TANKESSE","type":"gare","district_region":null,"departement_commune":null,"verifie":true,"name":"GARE ROUTIERE DE TANKESSE","source":"Géoportail ANSTAT"}},{"type":"Feature","geometry":{"type":"Point","coordinates":[-6.650099999999952,7.953000000000031]},"properties":{"id":37372,"nom":"GARE ROUTIERE DE FIZANIGORO","type":"gare","district_region":null,"departement_commune":null,"verifie":true,"name":"GARE ROUTIERE DE FIZANIGORO","source":"Géoportail ANSTAT"}},{"type":"Feature","geometry":{"type":"Point","coordinates":[-5.581085999999971,7.672849000000042]},"properties":{"id":37373,"nom":"GARE ROUTIERE DE BEOUMI","type":"gare","district_region":null,"departement_commune":null,"verifie":true,"name":"GARE ROUTIERE DE BEOUMI","source":"Géoportail ANSTAT"}},{"type":"Feature","geometry":{"type":"Point","coordinates":[-3.339276999999925,9.807556000000034]},"properties":{"id":37374,"nom":"GARE ROUTIERE","type":"gare","district_region":null,"departement_commune":null,"verifie":true,"name":"GARE ROUTIERE","source":"Géoportail ANSTAT"}},{"type":"Feature","geometry":{"type":"Point","coordinates":[-4.702995999999928,7.407403000000045]},"properties":{"id":37375,"nom":"GARE ROUTIERE","type":"gare","district_region":null,"departement_commune":null,"verifie":true,"name":"GARE ROUTIERE","source":"Géoportail ANSTAT"}},{"type":"Feature","geometry":{"type":"Point","coordinates":[-4.823297999999966,6.011746000000073]},"properties":{"id":37378,"nom":"GARE ROUTIERE","type":"gare","district_region":null,"departement_commune":null,"verifie":true,"name":"GARE ROUTIERE","source":"Géoportail ANSTAT"}},{"type":"Feature","geometry":{"type":"Point","coordinates":[-7.681030999999962,8.286825000000022]},"properties":{"id":37379,"nom":"GARE ROUTIERE","type":"gare","district_region":null,"departement_commune":null,"verifie":true,"name":"GARE ROUTIERE","source":"Géoportail ANSTAT"}},{"type":"Feature","geometry":{"type":"Point","coordinates":[-5.690956999999969,5.842839000000026]},"properties":{"id":37380,"nom":"GARE ROUTIERE","type":"gare","district_region":null,"departement_commune":null,"verifie":true,"name":"GARE ROUTIERE","source":"Géoportail ANSTAT"}},{"type":"Feature","geometry":{"type":"Point","coordinates":[-5.657708999999954,6.001657000000023]},"properties":{"id":37381,"nom":"GARE ROUTIERE","type":"gare","district_region":null,"departement_commune":null,"verifie":true,"name":"GARE ROUTIERE","source":"Géoportail ANSTAT"}},{"type":"Feature","geometry":{"type":"Point","coordinates":[-5.106269999999938,5.26598800000005]},"properties":{"id":37382,"nom":"GARE ROUTIERE","type":"gare","district_region":null,"departement_commune":null,"verifie":true,"name":"GARE ROUTIERE","source":"Géoportail ANSTAT"}},{"type":"Feature","geometry":{"type":"Point","coordinates":[-5.310316999999941,6.018422000000044]},"properties":{"id":37384,"nom":"GARE ROUTIERE","type":"gare","district_region":null,"departement_commune":null,"verifie":true,"name":"GARE ROUTIERE","source":"Géoportail ANSTAT"}},{"type":"Feature","geometry":{"type":"Point","coordinates":[-6.408092999999951,10.48642700000005]},"properties":{"id":37385,"nom":"GARE ROUTIERE","type":"gare","district_region":null,"departement_commune":null,"verifie":true,"name":"GARE ROUTIERE","source":"Géoportail ANSTAT"}},{"type":"Feature","geometry":{"type":"Point","coordinates":[-5.723952999999938,8.176920000000052]},"properties":{"id":37386,"nom":"GARE ROUTIERE DE TIENIGBOUE","type":"gare","district_region":null,"departement_commune":null,"verifie":true,"name":"GARE ROUTIERE DE TIENIGBOUE","source":"Géoportail ANSTAT"}},{"type":"Feature","geometry":{"type":"Point","coordinates":[-3.664740999999935,6.185791000000052]},"properties":{"id":37389,"nom":"GARE ROUTIERE","type":"gare","district_region":null,"departement_commune":null,"verifie":true,"name":"GARE ROUTIERE","source":"Géoportail ANSTAT"}},{"type":"Feature","geometry":{"type":"Point","coordinates":[-3.854195999999945,6.100081000000046]},"properties":{"id":37391,"nom":"GRANDE GARE ROUTIERE D ADZOPE","type":"gare","district_region":null,"departement_commune":null,"verifie":true,"name":"GRANDE GARE ROUTIERE D ADZOPE","source":"Géoportail ANSTAT"}},{"type":"Feature","geometry":{"type":"Point","coordinates":[-6.552566999999954,5.403444000000036]},"properties":{"id":37395,"nom":"GT MOLOMOLO","type":"gare","district_region":null,"departement_commune":null,"verifie":true,"name":"GT MOLOMOLO","source":"Géoportail ANSTAT"}},{"type":"Feature","geometry":{"type":"Point","coordinates":[-6.55416299999996,5.406497000000059]},"properties":{"id":37396,"nom":"HANTA TRANSPORT ET TSD","type":"gare","district_region":null,"departement_commune":null,"verifie":true,"name":"HANTA TRANSPORT ET TSD","source":"Géoportail ANSTAT"}},{"type":"Feature","geometry":{"type":"Point","coordinates":[-7.028042999999968,6.137759000000074]},"properties":{"id":37397,"nom":"GT MOLO MOLO TRANSPORT INTER","type":"gare","district_region":null,"departement_commune":null,"verifie":true,"name":"GT MOLO MOLO TRANSPORT INTER","source":"Géoportail ANSTAT"}},{"type":"Feature","geometry":{"type":"Point","coordinates":[-2.802970999999957,8.038436000000047]},"properties":{"id":37398,"nom":"GTT","type":"gare","district_region":null,"departement_commune":null,"verifie":true,"name":"GTT","source":"Géoportail ANSTAT"}},{"type":"Feature","geometry":{"type":"Point","coordinates":[-6.480015999999978,9.522727000000032]},"properties":{"id":37402,"nom":"GTI","type":"gare","district_region":null,"departement_commune":null,"verifie":true,"name":"GTI","source":"Géoportail ANSTAT"}},{"type":"Feature","geometry":{"type":"Point","coordinates":[-3.508671999999933,6.725348000000054]},"properties":{"id":37403,"nom":"GTI","type":"gare","district_region":null,"departement_commune":null,"verifie":true,"name":"GTI","source":"Géoportail ANSTAT"}},{"type":"Feature","geometry":{"type":"Point","coordinates":[-7.55847099999994,9.50715800000006]},"properties":{"id":37404,"nom":"GTI","type":"gare","district_region":null,"departement_commune":null,"verifie":true,"name":"GTI","source":"Géoportail ANSTAT"}},{"type":"Feature","geometry":{"type":"Point","coordinates":[-5.259344999999939,6.808202000000051]},"properties":{"id":37418,"nom":"AVS TRANSPORT","type":"gare","district_region":null,"departement_commune":null,"verifie":true,"name":"AVS TRANSPORT","source":"Géoportail ANSTAT"}},{"type":"Feature","geometry":{"type":"Point","coordinates":[-6.276262999999972,6.487044000000026]},"properties":{"id":37434,"nom":"ITCI","type":"gare","district_region":null,"departement_commune":null,"verifie":true,"name":"ITCI","source":"Géoportail ANSTAT"}},{"type":"Feature","geometry":{"type":"Point","coordinates":[-5.640476999999976,9.461287000000029]},"properties":{"id":37437,"nom":"JTB TRANSPORT","type":"gare","district_region":null,"departement_commune":null,"verifie":true,"name":"JTB TRANSPORT","source":"Géoportail ANSTAT"}},{"type":"Feature","geometry":{"type":"Point","coordinates":[-6.557331999999974,5.409572000000026]},"properties":{"id":37438,"nom":"JT JEUNESSE TRANSPORT","type":"gare","district_region":null,"departement_commune":null,"verifie":true,"name":"JT JEUNESSE TRANSPORT","source":"Géoportail ANSTAT"}},{"type":"Feature","geometry":{"type":"Point","coordinates":[-3.208155999999974,5.469396000000074]},"properties":{"id":37442,"nom":"JM TRANSPORT","type":"gare","district_region":null,"departement_commune":null,"verifie":true,"name":"JM TRANSPORT","source":"Géoportail ANSTAT"}},{"type":"Feature","geometry":{"type":"Point","coordinates":[-7.552010999999936,7.407562000000041]},"properties":{"id":37443,"nom":"JEUNE TRANSPORTEUR","type":"gare","district_region":null,"departement_commune":null,"verifie":true,"name":"JEUNE TRANSPORTEUR","source":"Géoportail ANSTAT"}},{"type":"Feature","geometry":{"type":"Point","coordinates":[-8.154602999999952,7.260508000000073]},"properties":{"id":37444,"nom":"KAT TRANSPORT","type":"gare","district_region":null,"departement_commune":null,"verifie":true,"name":"KAT TRANSPORT","source":"Géoportail ANSTAT"}},{"type":"Feature","geometry":{"type":"Point","coordinates":[-6.648299999999949,4.778472000000022]},"properties":{"id":37446,"nom":"KLO AMTCI","type":"gare","district_region":null,"departement_commune":null,"verifie":true,"name":"KLO AMTCI","source":"Géoportail ANSTAT"}},{"type":"Feature","geometry":{"type":"Point","coordinates":[-6.661382999999944,4.778119000000061]},"properties":{"id":37448,"nom":"LA GARE ORANGE BLANC VERT","type":"gare","district_region":null,"departement_commune":null,"verifie":true,"name":"LA GARE ORANGE BLANC VERT","source":"Géoportail ANSTAT"}},{"type":"Feature","geometry":{"type":"Point","coordinates":[-4.824123999999927,5.893645000000049]},"properties":{"id":37461,"nom":"LA GARE ROUTIERE","type":"gare","district_region":null,"departement_commune":null,"verifie":true,"name":"LA GARE ROUTIERE","source":"Géoportail ANSTAT"}},{"type":"Feature","geometry":{"type":"Point","coordinates":[-5.729163999999969,9.90134100000006]},"properties":{"id":37465,"nom":"LA GARE ROUTIERE","type":"gare","district_region":null,"departement_commune":null,"verifie":true,"name":"LA GARE ROUTIERE","source":"Géoportail ANSTAT"}},{"type":"Feature","geometry":{"type":"Point","coordinates":[-6.357406999999967,5.995994000000053]},"properties":{"id":37466,"nom":"LA GARE ROUTIERE DE LILIYO","type":"gare","district_region":null,"departement_commune":null,"verifie":true,"name":"LA GARE ROUTIERE DE LILIYO","source":"Géoportail ANSTAT"}},{"type":"Feature","geometry":{"type":"Point","coordinates":[-5.636022999999966,9.458593000000064]},"properties":{"id":37474,"nom":"LEOPARD TRANSPORT","type":"gare","district_region":null,"departement_commune":null,"verifie":true,"name":"LEOPARD TRANSPORT","source":"Géoportail ANSTAT"}},{"type":"Feature","geometry":{"type":"Point","coordinates":[-6.611407999999926,5.788608000000067]},"properties":{"id":37475,"nom":"LES BADJAN","type":"gare","district_region":null,"departement_commune":null,"verifie":true,"name":"LES BADJAN","source":"Géoportail ANSTAT"}},{"type":"Feature","geometry":{"type":"Point","coordinates":[-7.34408499999995,6.746072000000026]},"properties":{"id":37477,"nom":"LABELLE TRANSPORT","type":"gare","district_region":null,"departement_commune":null,"verifie":true,"name":"LABELLE TRANSPORT","source":"Géoportail ANSTAT"}},{"type":"Feature","geometry":{"type":"Point","coordinates":[-4.384042999999963,5.318530000000067]},"properties":{"id":37478,"nom":"LE FONCTIONNAIRE","type":"gare","district_region":null,"departement_commune":null,"verifie":true,"name":"LE FONCTIONNAIRE","source":"Géoportail ANSTAT"}},{"type":"Feature","geometry":{"type":"Point","coordinates":[-5.028748999999948,7.725663000000054]},"properties":{"id":37479,"nom":"LEOPARD TRANSPORT","type":"gare","district_region":null,"departement_commune":null,"verifie":true,"name":"LEOPARD TRANSPORT","source":"Géoportail ANSTAT"}},{"type":"Feature","geometry":{"type":"Point","coordinates":[-6.478980999999976,7.126832000000036]},"properties":{"id":37480,"nom":"LABELLE TRANSPORT","type":"gare","district_region":null,"departement_commune":null,"verifie":true,"name":"LABELLE TRANSPORT","source":"Géoportail ANSTAT"}},{"type":"Feature","geometry":{"type":"Point","coordinates":[-6.481337999999937,9.522148000000072]},"properties":{"id":37482,"nom":"LEOPARD TRANSPORT","type":"gare","district_region":null,"departement_commune":null,"verifie":true,"name":"LEOPARD TRANSPORT","source":"Géoportail ANSTAT"}},{"type":"Feature","geometry":{"type":"Point","coordinates":[-7.563098999999966,9.50455500000004]},"properties":{"id":37483,"nom":"LAMINE SANTIA","type":"gare","district_region":null,"departement_commune":null,"verifie":true,"name":"LAMINE SANTIA","source":"Géoportail ANSTAT"}},{"type":"Feature","geometry":{"type":"Point","coordinates":[-5.272430999999926,6.814645000000041]},"properties":{"id":37485,"nom":"GARE ST","type":"gare","district_region":null,"departement_commune":null,"verifie":true,"name":"GARE ST","source":"Géoportail ANSTAT"}},{"type":"Feature","geometry":{"type":"Point","coordinates":[-5.362301999999943,5.831707000000051]},"properties":{"id":37541,"nom":"MAINDEBA TRANSPORT","type":"gare","district_region":null,"departement_commune":null,"verifie":true,"name":"MAINDEBA TRANSPORT","source":"Géoportail ANSTAT"}},{"type":"Feature","geometry":{"type":"Point","coordinates":[-7.931204999999977,7.223705000000052]},"properties":{"id":37575,"nom":"MAINDEBA TRANSPORT","type":"gare","district_region":null,"departement_commune":null,"verifie":true,"name":"MAINDEBA TRANSPORT","source":"Géoportail ANSTAT"}},{"type":"Feature","geometry":{"type":"Point","coordinates":[-5.027312999999936,7.686191000000065]},"properties":{"id":37613,"nom":"MALEX TRANSPORT","type":"gare","district_region":null,"departement_commune":null,"verifie":true,"name":"MALEX TRANSPORT","source":"Géoportail ANSTAT"}},{"type":"Feature","geometry":{"type":"Point","coordinates":[-8.154725999999926,7.259713000000033]},"properties":{"id":37658,"nom":"MASSA COURRIER EXPRESS","type":"gare","district_region":null,"departement_commune":null,"verifie":true,"name":"MASSA COURRIER EXPRESS","source":"Géoportail ANSTAT"}},{"type":"Feature","geometry":{"type":"Point","coordinates":[-5.027320999999972,7.722908000000075]},"properties":{"id":37679,"nom":"MIEUX VOUS SERVIR TRANSPORT       MVST","type":"gare","district_region":null,"departement_commune":null,"verifie":true,"name":"MIEUX VOUS SERVIR TRANSPORT       MVST","source":"Géoportail ANSTAT"}},{"type":"Feature","geometry":{"type":"Point","coordinates":[-5.273027999999954,6.815360000000055]},"properties":{"id":37741,"nom":"GARE","type":"gare","district_region":null,"departement_commune":null,"verifie":true,"name":"GARE","source":"Géoportail ANSTAT"}},{"type":"Feature","geometry":{"type":"Point","coordinates":[-5.279303999999968,6.800970000000063]},"properties":{"id":37743,"nom":"GARE DE BURKINA","type":"gare","district_region":null,"departement_commune":null,"verifie":true,"name":"GARE DE BURKINA","source":"Géoportail ANSTAT"}},{"type":"Feature","geometry":{"type":"Point","coordinates":[-5.629737999999975,9.457362000000046]},"properties":{"id":37748,"nom":"MTK","type":"gare","district_region":null,"departement_commune":null,"verifie":true,"name":"MTK","source":"Géoportail ANSTAT"}},{"type":"Feature","geometry":{"type":"Point","coordinates":[-6.443132999999932,6.870745000000056]},"properties":{"id":37803,"nom":"MOUSSA TRAORE TRANSPORT","type":"gare","district_region":null,"departement_commune":null,"verifie":true,"name":"MOUSSA TRAORE TRANSPORT","source":"Géoportail ANSTAT"}},{"type":"Feature","geometry":{"type":"Point","coordinates":[-6.443419999999946,6.871090000000038]},"properties":{"id":37804,"nom":"MTK","type":"gare","district_region":null,"departement_commune":null,"verifie":true,"name":"MTK","source":"Géoportail ANSTAT"}},{"type":"Feature","geometry":{"type":"Point","coordinates":[-4.623536999999942,9.156773000000044]},"properties":{"id":37855,"nom":"NOUVELLE GARE ROUTIERE","type":"gare","district_region":null,"departement_commune":null,"verifie":true,"name":"NOUVELLE GARE ROUTIERE","source":"Géoportail ANSTAT"}},{"type":"Feature","geometry":{"type":"Point","coordinates":[-5.566925999999967,6.290781000000038]},"properties":{"id":37869,"nom":"NOUVELLE GARE DE DIEGONEFLA","type":"gare","district_region":null,"departement_commune":null,"verifie":true,"name":"NOUVELLE GARE DE DIEGONEFLA","source":"Géoportail ANSTAT"}},{"type":"Feature","geometry":{"type":"Point","coordinates":[-4.767287999999951,7.424098000000072]},"properties":{"id":37870,"nom":"NOUVELLE GARE ROUTIERE DE TIE NDIEKRO","type":"gare","district_region":null,"departement_commune":null,"verifie":true,"name":"NOUVELLE GARE ROUTIERE DE TIE NDIEKRO","source":"Géoportail ANSTAT"}},{"type":"Feature","geometry":{"type":"Point","coordinates":[-2.808777999999961,8.027952000000028]},"properties":{"id":37871,"nom":"NOUVELLE GARE ROUTIERE","type":"gare","district_region":null,"departement_commune":null,"verifie":true,"name":"NOUVELLE GARE ROUTIERE","source":"Géoportail ANSTAT"}},{"type":"Feature","geometry":{"type":"Point","coordinates":[-6.604150999999945,8.48069700000002]},"properties":{"id":37873,"nom":"NOGOYA TRANSPORT DE KANI","type":"gare","district_region":null,"departement_commune":null,"verifie":true,"name":"NOGOYA TRANSPORT DE KANI","source":"Géoportail ANSTAT"}},{"type":"Feature","geometry":{"type":"Point","coordinates":[-4.678394999999966,7.341314000000068]},"properties":{"id":37876,"nom":"NOUVELLE GARE DABIDJAN","type":"gare","district_region":null,"departement_commune":null,"verifie":true,"name":"NOUVELLE GARE DABIDJAN","source":"Géoportail ANSTAT"}},{"type":"Feature","geometry":{"type":"Point","coordinates":[-6.480738999999971,7.375296000000048]},"properties":{"id":37878,"nom":"NOUVELLE GARE","type":"gare","district_region":null,"departement_commune":null,"verifie":true,"name":"NOUVELLE GARE","source":"Géoportail ANSTAT"}},{"type":"Feature","geometry":{"type":"Point","coordinates":[-4.084079999999972,5.629693000000032]},"properties":{"id":37883,"nom":"NOUVELLE GARE AZAGUIE","type":"gare","district_region":null,"departement_commune":null,"verifie":true,"name":"NOUVELLE GARE AZAGUIE","source":"Géoportail ANSTAT"}},{"type":"Feature","geometry":{"type":"Point","coordinates":[-3.963253999999949,7.057937000000038]},"properties":{"id":37899,"nom":"NTOBENI","type":"gare","district_region":null,"departement_commune":null,"verifie":true,"name":"NTOBENI","source":"Géoportail ANSTAT"}},{"type":"Feature","geometry":{"type":"Point","coordinates":[-4.21527999999995,5.930158000000063]},"properties":{"id":38191,"nom":"ORIGINALE TRANSPORT AGBOVILLEBOUAKE","type":"gare","district_region":null,"departement_commune":null,"verifie":true,"name":"ORIGINALE TRANSPORT AGBOVILLEBOUAKE","source":"Géoportail ANSTAT"}},{"type":"Feature","geometry":{"type":"Point","coordinates":[-7.551238999999953,7.410045000000025]},"properties":{"id":38285,"nom":"OUEST TRANSPORT","type":"gare","district_region":null,"departement_commune":null,"verifie":true,"name":"OUEST TRANSPORT","source":"Géoportail ANSTAT"}},{"type":"Feature","geometry":{"type":"Point","coordinates":[-8.154954999999973,7.259759000000031]},"properties":{"id":38293,"nom":"OUEST TRANSPORT","type":"gare","district_region":null,"departement_commune":null,"verifie":true,"name":"OUEST TRANSPORT","source":"Géoportail ANSTAT"}},{"type":"Feature","geometry":{"type":"Point","coordinates":[-7.930838999999935,7.223500000000058]},"properties":{"id":38297,"nom":"OT DE MAHAPLEU","type":"gare","district_region":null,"departement_commune":null,"verifie":true,"name":"OT DE MAHAPLEU","source":"Géoportail ANSTAT"}},{"type":"Feature","geometry":{"type":"Point","coordinates":[-5.266283999999928,6.811523000000022]},"properties":{"id":38618,"nom":"TRANSPORT SANA RASMANE","type":"gare","district_region":null,"departement_commune":null,"verifie":true,"name":"TRANSPORT SANA RASMANE","source":"Géoportail ANSTAT"}},{"type":"Feature","geometry":{"type":"Point","coordinates":[-6.660665999999935,4.778302000000053]},"properties":{"id":38651,"nom":"RDV DE SAN PEDRO","type":"gare","district_region":null,"departement_commune":null,"verifie":true,"name":"RDV DE SAN PEDRO","source":"Géoportail ANSTAT"}},{"type":"Feature","geometry":{"type":"Point","coordinates":[-3.115057999999976,7.825220000000058]},"properties":{"id":38658,"nom":"RESERVE GARE ROUTIERE BELEOULE","type":"gare","district_region":null,"departement_commune":null,"verifie":true,"name":"RESERVE GARE ROUTIERE BELEOULE","source":"Géoportail ANSTAT"}},{"type":"Feature","geometry":{"type":"Point","coordinates":[-5.266255999999942,6.809910000000059]},"properties":{"id":38660,"nom":"SOUTRA TRANSPORT","type":"gare","district_region":null,"departement_commune":null,"verifie":true,"name":"SOUTRA TRANSPORT","source":"Géoportail ANSTAT"}},{"type":"Feature","geometry":{"type":"Point","coordinates":[-6.597499999999968,5.78922300000005]},"properties":{"id":38663,"nom":"ROND POINT","type":"gare","district_region":null,"departement_commune":null,"verifie":true,"name":"ROND POINT","source":"Géoportail ANSTAT"}},{"type":"Feature","geometry":{"type":"Point","coordinates":[-3.732800999999938,5.216744000000062]},"properties":{"id":38668,"nom":"RIMBO TRANSPORT VOYAGEUR","type":"gare","district_region":null,"departement_commune":null,"verifie":true,"name":"RIMBO TRANSPORT VOYAGEUR","source":"Géoportail ANSTAT"}},{"type":"Feature","geometry":{"type":"Point","coordinates":[-5.206054999999935,9.579351000000033]},"properties":{"id":38670,"nom":"SAMA TRANSPORT","type":"gare","district_region":null,"departement_commune":null,"verifie":true,"name":"SAMA TRANSPORT","source":"Géoportail ANSTAT"}},{"type":"Feature","geometry":{"type":"Point","coordinates":[-5.632573999999977,10.43974400000008]},"properties":{"id":38671,"nom":"SAMA TRANSPORT","type":"gare","district_region":null,"departement_commune":null,"verifie":true,"name":"SAMA TRANSPORT","source":"Géoportail ANSTAT"}},{"type":"Feature","geometry":{"type":"Point","coordinates":[-6.646546999999941,4.778503000000057]},"properties":{"id":38672,"nom":"SAMAN EXPRSS","type":"gare","district_region":null,"departement_commune":null,"verifie":true,"name":"SAMAN EXPRSS","source":"Géoportail ANSTAT"}},{"type":"Feature","geometry":{"type":"Point","coordinates":[-6.647618999999963,4.778093000000069]},"properties":{"id":38673,"nom":"SBTA","type":"gare","district_region":null,"departement_commune":null,"verifie":true,"name":"SBTA","source":"Géoportail ANSTAT"}},{"type":"Feature","geometry":{"type":"Point","coordinates":[-6.599650999999938,5.788974000000053]},"properties":{"id":38674,"nom":"SBTA","type":"gare","district_region":null,"departement_commune":null,"verifie":true,"name":"SBTA","source":"Géoportail ANSTAT"}},{"type":"Feature","geometry":{"type":"Point","coordinates":[-5.406743999999946,6.385151000000064]},"properties":{"id":38676,"nom":"SBTA","type":"gare","district_region":null,"departement_commune":null,"verifie":true,"name":"SBTA","source":"Géoportail ANSTAT"}},{"type":"Feature","geometry":{"type":"Point","coordinates":[-5.35967299999993,5.832831000000056]},"properties":{"id":38681,"nom":"SAMA","type":"gare","district_region":null,"departement_commune":null,"verifie":true,"name":"SAMA","source":"Géoportail ANSTAT"}},{"type":"Feature","geometry":{"type":"Point","coordinates":[-5.357771999999954,5.829384000000061]},"properties":{"id":38682,"nom":"SBTA DE DIVO","type":"gare","district_region":null,"departement_commune":null,"verifie":true,"name":"SBTA DE DIVO","source":"Géoportail ANSTAT"}},{"type":"Feature","geometry":{"type":"Point","coordinates":[-7.347640999999953,6.746439000000066]},"properties":{"id":38774,"nom":"SITO","type":"gare","district_region":null,"departement_commune":null,"verifie":true,"name":"SITO","source":"Géoportail ANSTAT"}},{"type":"Feature","geometry":{"type":"Point","coordinates":[-7.347418999999945,6.74628400000006]},"properties":{"id":38775,"nom":"SOUM TRANSPORT","type":"gare","district_region":null,"departement_commune":null,"verifie":true,"name":"SOUM TRANSPORT","source":"Géoportail ANSTAT"}},{"type":"Feature","geometry":{"type":"Point","coordinates":[-5.027304999999956,7.722968000000037]},"properties":{"id":38802,"nom":"SOCIETE BONKOUNGOU TRANSPORT DE L AGNEBY     SBTA","type":"gare","district_region":null,"departement_commune":null,"verifie":true,"name":"SOCIETE BONKOUNGOU TRANSPORT DE L AGNEBY     SBTA","source":"Géoportail ANSTAT"}},{"type":"Feature","geometry":{"type":"Point","coordinates":[-6.444586999999956,6.888860000000022]},"properties":{"id":38822,"nom":"SITO TRANPORT","type":"gare","district_region":null,"departement_commune":null,"verifie":true,"name":"SITO TRANPORT","source":"Géoportail ANSTAT"}},{"type":"Feature","geometry":{"type":"Point","coordinates":[-7.549219999999934,7.41125500000004]},"properties":{"id":38884,"nom":"SITO","type":"gare","district_region":null,"departement_commune":null,"verifie":true,"name":"SITO","source":"Géoportail ANSTAT"}},{"type":"Feature","geometry":{"type":"Point","coordinates":[-6.64996199999996,4.778558000000032]},"properties":{"id":38906,"nom":"SOUTRA VAYAGE HAJJ OUMARA","type":"gare","district_region":null,"departement_commune":null,"verifie":true,"name":"SOUTRA VAYAGE HAJJ OUMARA","source":"Géoportail ANSTAT"}},{"type":"Feature","geometry":{"type":"Point","coordinates":[-6.553800999999964,5.405850000000044]},"properties":{"id":38927,"nom":"ST","type":"gare","district_region":null,"departement_commune":null,"verifie":true,"name":"ST","source":"Géoportail ANSTAT"}},{"type":"Feature","geometry":{"type":"Point","coordinates":[-6.586595999999929,6.482998000000066]},"properties":{"id":39049,"nom":"ST AVS","type":"gare","district_region":null,"departement_commune":null,"verifie":true,"name":"ST AVS","source":"Géoportail ANSTAT"}},{"type":"Feature","geometry":{"type":"Point","coordinates":[-7.551551999999958,7.408774000000051]},"properties":{"id":39139,"nom":"ST","type":"gare","district_region":null,"departement_commune":null,"verifie":true,"name":"ST","source":"Géoportail ANSTAT"}},{"type":"Feature","geometry":{"type":"Point","coordinates":[-7.551179999999931,7.407410000000027]},"properties":{"id":39140,"nom":"ST","type":"gare","district_region":null,"departement_commune":null,"verifie":true,"name":"ST","source":"Géoportail ANSTAT"}},{"type":"Feature","geometry":{"type":"Point","coordinates":[-8.155707999999947,7.259644000000037]},"properties":{"id":39142,"nom":"ST   SOUMAHORO TRANSPORT","type":"gare","district_region":null,"departement_commune":null,"verifie":true,"name":"ST   SOUMAHORO TRANSPORT","source":"Géoportail ANSTAT"}},{"type":"Feature","geometry":{"type":"Point","coordinates":[-6.560214999999971,5.018252000000075]},"properties":{"id":39159,"nom":"STTT","type":"gare","district_region":null,"departement_commune":null,"verifie":true,"name":"STTT","source":"Géoportail ANSTAT"}},{"type":"Feature","geometry":{"type":"Point","coordinates":[-6.447891999999968,6.886532000000045]},"properties":{"id":39161,"nom":"STIF","type":"gare","district_region":null,"departement_commune":null,"verifie":true,"name":"STIF","source":"Géoportail ANSTAT"}},{"type":"Feature","geometry":{"type":"Point","coordinates":[-6.275029999999958,6.485704000000055]},"properties":{"id":39162,"nom":"STTF","type":"gare","district_region":null,"departement_commune":null,"verifie":true,"name":"STTF","source":"Géoportail ANSTAT"}},{"type":"Feature","geometry":{"type":"Point","coordinates":[-6.646308999999974,4.777811000000042]},"properties":{"id":39168,"nom":"T K R","type":"gare","district_region":null,"departement_commune":null,"verifie":true,"name":"T K R","source":"Géoportail ANSTAT"}},{"type":"Feature","geometry":{"type":"Point","coordinates":[-7.357396999999935,4.427355000000034]},"properties":{"id":39170,"nom":"TBK","type":"gare","district_region":null,"departement_commune":null,"verifie":true,"name":"TBK","source":"Géoportail ANSTAT"}},{"type":"Feature","geometry":{"type":"Point","coordinates":[-6.597833999999978,5.789235000000076]},"properties":{"id":39174,"nom":"TAF TRANSPORT","type":"gare","district_region":null,"departement_commune":null,"verifie":true,"name":"TAF TRANSPORT","source":"Géoportail ANSTAT"}},{"type":"Feature","geometry":{"type":"Point","coordinates":[-7.007820999999979,6.250276000000042]},"properties":{"id":39175,"nom":"TDF","type":"gare","district_region":null,"departement_commune":null,"verifie":true,"name":"TDF","source":"Géoportail ANSTAT"}},{"type":"Feature","geometry":{"type":"Point","coordinates":[-5.01707799999997,6.556107000000054]},"properties":{"id":39177,"nom":"TCF","type":"gare","district_region":null,"departement_commune":null,"verifie":true,"name":"TCF","source":"Géoportail ANSTAT"}},{"type":"Feature","geometry":{"type":"Point","coordinates":[-5.913014999999973,7.398550000000057]},"properties":{"id":39178,"nom":"SYNTTCI","type":"gare","district_region":null,"departement_commune":null,"verifie":true,"name":"SYNTTCI","source":"Géoportail ANSTAT"}},{"type":"Feature","geometry":{"type":"Point","coordinates":[-5.028366999999946,7.724090000000047]},"properties":{"id":39179,"nom":"TCV","type":"gare","district_region":null,"departement_commune":null,"verifie":true,"name":"TCV","source":"Géoportail ANSTAT"}},{"type":"Feature","geometry":{"type":"Point","coordinates":[-6.510861999999975,6.385126000000071]},"properties":{"id":39182,"nom":"TDF TAPEGUIA ABIDJAN","type":"gare","district_region":null,"departement_commune":null,"verifie":true,"name":"TDF TAPEGUIA ABIDJAN","source":"Géoportail ANSTAT"}},{"type":"Feature","geometry":{"type":"Point","coordinates":[-6.847495999999978,6.552153000000033]},"properties":{"id":39183,"nom":"T D F","type":"gare","district_region":null,"departement_commune":null,"verifie":true,"name":"T D F","source":"Géoportail ANSTAT"}},{"type":"Feature","geometry":{"type":"Point","coordinates":[-6.589182999999935,6.484564000000034]},"properties":{"id":39184,"nom":"SYVO TRANSPORT","type":"gare","district_region":null,"departement_commune":null,"verifie":true,"name":"SYVO TRANSPORT","source":"Géoportail ANSTAT"}},{"type":"Feature","geometry":{"type":"Point","coordinates":[-6.651009999999928,4.778613000000064]},"properties":{"id":39191,"nom":"TRANPORT CONFORT VOYAGE","type":"gare","district_region":null,"departement_commune":null,"verifie":true,"name":"TRANPORT CONFORT VOYAGE","source":"Géoportail ANSTAT"}},{"type":"Feature","geometry":{"type":"Point","coordinates":[-6.559334999999976,5.020358000000044]},"properties":{"id":39194,"nom":"TSR","type":"gare","district_region":null,"departement_commune":null,"verifie":true,"name":"TSR","source":"Géoportail ANSTAT"}},{"type":"Feature","geometry":{"type":"Point","coordinates":[-7.345035999999936,6.745255000000043]},"properties":{"id":39198,"nom":"TSR","type":"gare","district_region":null,"departement_commune":null,"verifie":true,"name":"TSR","source":"Géoportail ANSTAT"}},{"type":"Feature","geometry":{"type":"Point","coordinates":[-7.350057999999933,6.747495000000072]},"properties":{"id":39199,"nom":"TRANSPORT  AVS","type":"gare","district_region":null,"departement_commune":null,"verifie":true,"name":"TRANSPORT  AVS","source":"Géoportail ANSTAT"}},{"type":"Feature","geometry":{"type":"Point","coordinates":[-5.02791499999995,7.724726000000032]},"properties":{"id":39207,"nom":"TRANSPORT WEND PANGA  TWP  INTERNATIONAL","type":"gare","district_region":null,"departement_commune":null,"verifie":true,"name":"TRANSPORT WEND PANGA  TWP  INTERNATIONAL","source":"Géoportail ANSTAT"}},{"type":"Feature","geometry":{"type":"Point","coordinates":[-5.026404999999954,7.713571000000059]},"properties":{"id":39208,"nom":"TRANSPORTEUR VOYAGEURS SONEF","type":"gare","district_region":null,"departement_commune":null,"verifie":true,"name":"TRANSPORTEUR VOYAGEURS SONEF","source":"Géoportail ANSTAT"}},{"type":"Feature","geometry":{"type":"Point","coordinates":[-4.216951999999935,5.930031000000042]},"properties":{"id":39213,"nom":"TFK","type":"gare","district_region":null,"departement_commune":null,"verifie":true,"name":"TFK","source":"Géoportail ANSTAT"}},{"type":"Feature","geometry":{"type":"Point","coordinates":[-7.549472999999978,7.412385000000029]},"properties":{"id":39224,"nom":"TWP","type":"gare","district_region":null,"departement_commune":null,"verifie":true,"name":"TWP","source":"Géoportail ANSTAT"}},{"type":"Feature","geometry":{"type":"Point","coordinates":[-8.154851999999948,7.260271000000046]},"properties":{"id":39225,"nom":"TRANS CAVALLY","type":"gare","district_region":null,"departement_commune":null,"verifie":true,"name":"TRANS CAVALLY","source":"Géoportail ANSTAT"}},{"type":"Feature","geometry":{"type":"Point","coordinates":[-5.205506999999955,9.57852200000002]},"properties":{"id":39230,"nom":"UTRAKO","type":"gare","district_region":null,"departement_commune":null,"verifie":true,"name":"UTRAKO","source":"Géoportail ANSTAT"}},{"type":"Feature","geometry":{"type":"Point","coordinates":[-6.647315999999933,4.778532000000041]},"properties":{"id":39232,"nom":"UTB","type":"gare","district_region":null,"departement_commune":null,"verifie":true,"name":"UTB","source":"Géoportail ANSTAT"}},{"type":"Feature","geometry":{"type":"Point","coordinates":[-6.650117999999964,4.778664000000049]},"properties":{"id":39233,"nom":"UTRAKO","type":"gare","district_region":null,"departement_commune":null,"verifie":true,"name":"UTRAKO","source":"Géoportail ANSTAT"}},{"type":"Feature","geometry":{"type":"Point","coordinates":[-6.561465999999939,5.017635000000041]},"properties":{"id":39234,"nom":"UTB GARE DE GABIADJI","type":"gare","district_region":null,"departement_commune":null,"verifie":true,"name":"UTB GARE DE GABIADJI","source":"Géoportail ANSTAT"}},{"type":"Feature","geometry":{"type":"Point","coordinates":[-6.601089999999942,5.949936000000037]},"properties":{"id":39235,"nom":"UTB","type":"gare","district_region":null,"departement_commune":null,"verifie":true,"name":"UTB","source":"Géoportail ANSTAT"}},{"type":"Feature","geometry":{"type":"Point","coordinates":[-7.343626999999969,6.744948000000022]},"properties":{"id":39236,"nom":"UTB TRANSPORT","type":"gare","district_region":null,"departement_commune":null,"verifie":true,"name":"UTB TRANSPORT","source":"Géoportail ANSTAT"}},{"type":"Feature","geometry":{"type":"Point","coordinates":[-5.020588999999973,6.555080000000032]},"properties":{"id":39237,"nom":"UTB","type":"gare","district_region":null,"departement_commune":null,"verifie":true,"name":"UTB","source":"Géoportail ANSTAT"}},{"type":"Feature","geometry":{"type":"Point","coordinates":[-5.224471999999935,7.159416000000022]},"properties":{"id":39238,"nom":"UTB","type":"gare","district_region":null,"departement_commune":null,"verifie":true,"name":"UTB","source":"Géoportail ANSTAT"}},{"type":"Feature","geometry":{"type":"Point","coordinates":[-5.683135999999934,5.854783000000054]},"properties":{"id":39241,"nom":"VICTOR LOBA","type":"gare","district_region":null,"departement_commune":null,"verifie":true,"name":"VICTOR LOBA","source":"Géoportail ANSTAT"}},{"type":"Feature","geometry":{"type":"Point","coordinates":[-5.697990999999945,5.852015000000051]},"properties":{"id":39242,"nom":"VICTOR LOBAD","type":"gare","district_region":null,"departement_commune":null,"verifie":true,"name":"VICTOR LOBAD","source":"Géoportail ANSTAT"}},{"type":"Feature","geometry":{"type":"Point","coordinates":[-6.481280999999967,9.522786000000051]},"properties":{"id":39243,"nom":"UTS","type":"gare","district_region":null,"departement_commune":null,"verifie":true,"name":"UTS","source":"Géoportail ANSTAT"}},{"type":"Feature","geometry":{"type":"Point","coordinates":[-7.553936999999962,7.409214000000077]},"properties":{"id":39244,"nom":"UTB","type":"gare","district_region":null,"departement_commune":null,"verifie":true,"name":"UTB","source":"Géoportail ANSTAT"}},{"type":"Feature","geometry":{"type":"Point","coordinates":[-6.559239999999932,5.411588000000052]},"properties":{"id":39249,"nom":"YYTB","type":"gare","district_region":null,"departement_commune":null,"verifie":true,"name":"YYTB","source":"Géoportail ANSTAT"}},{"type":"Feature","geometry":{"type":"Point","coordinates":[-3.876753999999949,5.353329000000031]},"properties":{"id":39427,"nom":"BINGERVILLE","type":"gare","district_region":null,"departement_commune":null,"verifie":true,"name":"BINGERVILLE","source":"Géoportail ANSTAT"}},{"type":"Feature","geometry":{"type":"Point","coordinates":[-4.072178999999949,5.356246000000056]},"properties":{"id":39440,"nom":"ABASS TRANSPORT","type":"gare","district_region":null,"departement_commune":null,"verifie":true,"name":"ABASS TRANSPORT","source":"Géoportail ANSTAT"}},{"type":"Feature","geometry":{"type":"Point","coordinates":[-4.089057999999966,5.353022000000067]},"properties":{"id":39474,"nom":"AL IZZA VOYAGE","type":"gare","district_region":null,"departement_commune":null,"verifie":true,"name":"AL IZZA VOYAGE","source":"Géoportail ANSTAT"}},{"type":"Feature","geometry":{"type":"Point","coordinates":[-4.025906999999961,5.35783900000007]},"properties":{"id":39490,"nom":"ABASS TRANSPORT","type":"gare","district_region":null,"departement_commune":null,"verifie":true,"name":"ABASS TRANSPORT","source":"Géoportail ANSTAT"}},{"type":"Feature","geometry":{"type":"Point","coordinates":[-4.029299999999978,5.361968000000047]},"properties":{"id":39491,"nom":"AFRICA TOURS TRANSRJD3","type":"gare","district_region":null,"departement_commune":null,"verifie":true,"name":"AFRICA TOURS TRANSRJD3","source":"Géoportail ANSTAT"}},{"type":"Feature","geometry":{"type":"Point","coordinates":[-4.02918399999993,5.362207000000069]},"properties":{"id":39492,"nom":"AIR GNEDE","type":"gare","district_region":null,"departement_commune":null,"verifie":true,"name":"AIR GNEDE","source":"Géoportail ANSTAT"}},{"type":"Feature","geometry":{"type":"Point","coordinates":[-4.029770999999926,5.362371000000053]},"properties":{"id":39493,"nom":"ALIZZA TRANSPORT","type":"gare","district_region":null,"departement_commune":null,"verifie":true,"name":"ALIZZA TRANSPORT","source":"Géoportail ANSTAT"}},{"type":"Feature","geometry":{"type":"Point","coordinates":[-4.029037999999957,5.361908000000028]},"properties":{"id":39494,"nom":"AVIKAM ESPOIR UTG","type":"gare","district_region":null,"departement_commune":null,"verifie":true,"name":"AVIKAM ESPOIR UTG","source":"Géoportail ANSTAT"}},{"type":"Feature","geometry":{"type":"Point","coordinates":[-4.022228999999925,5.35101700000007]},"properties":{"id":39497,"nom":"AICHA NI MORY","type":"gare","district_region":null,"departement_commune":null,"verifie":true,"name":"AICHA NI MORY","source":"Géoportail ANSTAT"}},{"type":"Feature","geometry":{"type":"Point","coordinates":[-4.021656999999948,5.352737000000047]},"properties":{"id":39498,"nom":"AT TRANSPORT","type":"gare","district_region":null,"departement_commune":null,"verifie":true,"name":"AT TRANSPORT","source":"Géoportail ANSTAT"}},{"type":"Feature","geometry":{"type":"Point","coordinates":[-4.021709999999928,5.35208300000005]},"properties":{"id":39508,"nom":"AT TRANSPORT","type":"gare","district_region":null,"departement_commune":null,"verifie":true,"name":"AT TRANSPORT","source":"Géoportail ANSTAT"}},{"type":"Feature","geometry":{"type":"Point","coordinates":[-4.02156999999994,5.351170000000025]},"properties":{"id":39509,"nom":"BOB LASS TRANSPORT","type":"gare","district_region":null,"departement_commune":null,"verifie":true,"name":"BOB LASS TRANSPORT","source":"Géoportail ANSTAT"}},{"type":"Feature","geometry":{"type":"Point","coordinates":[-4.00357699999995,5.299158000000034]},"properties":{"id":39606,"nom":"BASSAM","type":"gare","district_region":null,"departement_commune":null,"verifie":true,"name":"BASSAM","source":"Géoportail ANSTAT"}},{"type":"Feature","geometry":{"type":"Point","coordinates":[-4.008803999999941,5.312246000000073]},"properties":{"id":39608,"nom":"3STV COTE D IVOIRE","type":"gare","district_region":null,"departement_commune":null,"verifie":true,"name":"3STV COTE D IVOIRE","source":"Géoportail ANSTAT"}},{"type":"Feature","geometry":{"type":"Point","coordinates":[-4.012908999999979,5.366283000000067]},"properties":{"id":39693,"nom":"CFA","type":"gare","district_region":null,"departement_commune":null,"verifie":true,"name":"CFA","source":"Géoportail ANSTAT"}},{"type":"Feature","geometry":{"type":"Point","coordinates":[-4.072108999999955,5.355946000000074]},"properties":{"id":39736,"nom":"CITADINE TRANSPORT","type":"gare","district_region":null,"departement_commune":null,"verifie":true,"name":"CITADINE TRANSPORT","source":"Géoportail ANSTAT"}},{"type":"Feature","geometry":{"type":"Point","coordinates":[-4.088787999999965,5.351833000000056]},"properties":{"id":39742,"nom":"CTAC TRANSPORY","type":"gare","district_region":null,"departement_commune":null,"verifie":true,"name":"CTAC TRANSPORY","source":"Géoportail ANSTAT"}},{"type":"Feature","geometry":{"type":"Point","coordinates":[-4.029719999999941,5.362236000000053]},"properties":{"id":39755,"nom":"CITADINE TRANSPORT","type":"gare","district_region":null,"departement_commune":null,"verifie":true,"name":"CITADINE TRANSPORT","source":"Géoportail ANSTAT"}},{"type":"Feature","geometry":{"type":"Point","coordinates":[-4.029549999999972,5.362039000000038]},"properties":{"id":39756,"nom":"CITK","type":"gare","district_region":null,"departement_commune":null,"verifie":true,"name":"CITK","source":"Géoportail ANSTAT"}},{"type":"Feature","geometry":{"type":"Point","coordinates":[-4.023018999999977,5.351742000000058]},"properties":{"id":39760,"nom":"CITD","type":"gare","district_region":null,"departement_commune":null,"verifie":true,"name":"CITD","source":"Géoportail ANSTAT"}},{"type":"Feature","geometry":{"type":"Point","coordinates":[-4.02291699999995,5.354648000000054]},"properties":{"id":39761,"nom":"CITR","type":"gare","district_region":null,"departement_commune":null,"verifie":true,"name":"CITR","source":"Géoportail ANSTAT"}},{"type":"Feature","geometry":{"type":"Point","coordinates":[-4.022201999999936,5.355829000000028]},"properties":{"id":39762,"nom":"CK TRANSPORT","type":"gare","district_region":null,"departement_commune":null,"verifie":true,"name":"CK TRANSPORT","source":"Géoportail ANSTAT"}},{"type":"Feature","geometry":{"type":"Point","coordinates":[-4.021942999999965,5.353349000000037]},"properties":{"id":39764,"nom":"COMPAGNIE AIR DOROPO","type":"gare","district_region":null,"departement_commune":null,"verifie":true,"name":"COMPAGNIE AIR DOROPO","source":"Géoportail ANSTAT"}},{"type":"Feature","geometry":{"type":"Point","coordinates":[-4.022366999999974,5.35078100000004]},"properties":{"id":39765,"nom":"COMPAGNIE KLO TRANSPORT","type":"gare","district_region":null,"departement_commune":null,"verifie":true,"name":"COMPAGNIE KLO TRANSPORT","source":"Géoportail ANSTAT"}},{"type":"Feature","geometry":{"type":"Point","coordinates":[-4.021916999999974,5.352775000000065]},"properties":{"id":39766,"nom":"CTE","type":"gare","district_region":null,"departement_commune":null,"verifie":true,"name":"CTE","source":"Géoportail ANSTAT"}},{"type":"Feature","geometry":{"type":"Point","coordinates":[-3.978175999999962,5.304147000000057]},"properties":{"id":39805,"nom":"CTMEM","type":"gare","district_region":null,"departement_commune":null,"verifie":true,"name":"CTMEM","source":"Géoportail ANSTAT"}},{"type":"Feature","geometry":{"type":"Point","coordinates":[-4.015583999999933,5.305937000000029]},"properties":{"id":39830,"nom":"CENTRAL TRANSPORT INTERNATIONAL","type":"gare","district_region":null,"departement_commune":null,"verifie":true,"name":"CENTRAL TRANSPORT INTERNATIONAL","source":"Géoportail ANSTAT"}},{"type":"Feature","geometry":{"type":"Point","coordinates":[-3.952954999999974,5.286628000000064]},"properties":{"id":39835,"nom":"DEPOT SOTRA","type":"gare","district_region":null,"departement_commune":null,"verifie":true,"name":"DEPOT SOTRA","source":"Géoportail ANSTAT"}},{"type":"Feature","geometry":{"type":"Point","coordinates":[-4.053222999999946,5.506748000000073]},"properties":{"id":39856,"nom":"GARE SOTRA","type":"gare","district_region":null,"departement_commune":null,"verifie":true,"name":"GARE SOTRA","source":"Géoportail ANSTAT"}},{"type":"Feature","geometry":{"type":"Point","coordinates":[-4.049603999999931,5.499025000000074]},"properties":{"id":39858,"nom":"GARE AHOUABOU","type":"gare","district_region":null,"departement_commune":null,"verifie":true,"name":"GARE AHOUABOU","source":"Géoportail ANSTAT"}},{"type":"Feature","geometry":{"type":"Point","coordinates":[-4.053163999999981,5.480865000000051]},"properties":{"id":39859,"nom":"GARE ROUTIERE D ANYAMA","type":"gare","district_region":null,"departement_commune":null,"verifie":true,"name":"GARE ROUTIERE D ANYAMA","source":"Géoportail ANSTAT"}},{"type":"Feature","geometry":{"type":"Point","coordinates":[-4.032512999999938,5.472276000000022]},"properties":{"id":39860,"nom":"GARE DES VEHICULES DE TRANSPORTS","type":"gare","district_region":null,"departement_commune":null,"verifie":true,"name":"GARE DES VEHICULES DE TRANSPORTS","source":"Géoportail ANSTAT"}},{"type":"Feature","geometry":{"type":"Point","coordinates":[-4.018460999999945,5.402864000000022]},"properties":{"id":39863,"nom":"ETS SOLO VENTE DE PIECES DETACHEES","type":"gare","district_region":null,"departement_commune":null,"verifie":true,"name":"ETS SOLO VENTE DE PIECES DETACHEES","source":"Géoportail ANSTAT"}},{"type":"Feature","geometry":{"type":"Point","coordinates":[-3.882777999999973,5.357996000000071]},"properties":{"id":39897,"nom":"GARE ACHOKA","type":"gare","district_region":null,"departement_commune":null,"verifie":true,"name":"GARE ACHOKA","source":"Géoportail ANSTAT"}},{"type":"Feature","geometry":{"type":"Point","coordinates":[-3.898257999999942,5.360371000000043]},"properties":{"id":39898,"nom":"GARE MOTO TAXI TRICYCLE","type":"gare","district_region":null,"departement_commune":null,"verifie":true,"name":"GARE MOTO TAXI TRICYCLE","source":"Géoportail ANSTAT"}},{"type":"Feature","geometry":{"type":"Point","coordinates":[-3.911339999999939,5.374058000000048]},"properties":{"id":39899,"nom":"GARE DE TAXI","type":"gare","district_region":null,"departement_commune":null,"verifie":true,"name":"GARE DE TAXI","source":"Géoportail ANSTAT"}},{"type":"Feature","geometry":{"type":"Point","coordinates":[-4.068711999999948,5.355289000000027]},"properties":{"id":39902,"nom":"DOUMBIA FRERE TRANSPORT","type":"gare","district_region":null,"departement_commune":null,"verifie":true,"name":"DOUMBIA FRERE TRANSPORT","source":"Géoportail ANSTAT"}},{"type":"Feature","geometry":{"type":"Point","coordinates":[-4.074960999999973,5.347011000000066]},"properties":{"id":39906,"nom":"GAR EAT","type":"gare","district_region":null,"departement_commune":null,"verifie":true,"name":"GAR EAT","source":"Géoportail ANSTAT"}},{"type":"Feature","geometry":{"type":"Point","coordinates":[-4.066979999999944,5.357149000000049]},"properties":{"id":39907,"nom":"GARE AVS","type":"gare","district_region":null,"departement_commune":null,"verifie":true,"name":"GARE AVS","source":"Géoportail ANSTAT"}},{"type":"Feature","geometry":{"type":"Point","coordinates":[-4.073811999999975,5.34810600000003]},"properties":{"id":39908,"nom":"GARE CITR","type":"gare","district_region":null,"departement_commune":null,"verifie":true,"name":"GARE CITR","source":"Géoportail ANSTAT"}},{"type":"Feature","geometry":{"type":"Point","coordinates":[-4.068690999999944,5.355160000000069]},"properties":{"id":39909,"nom":"GARE LC","type":"gare","district_region":null,"departement_commune":null,"verifie":true,"name":"GARE LC","source":"Géoportail ANSTAT"}},{"type":"Feature","geometry":{"type":"Point","coordinates":[-4.071703999999954,5.356183000000044]},"properties":{"id":39910,"nom":"GARE MICAO","type":"gare","district_region":null,"departement_commune":null,"verifie":true,"name":"GARE MICAO","source":"Géoportail ANSTAT"}},{"type":"Feature","geometry":{"type":"Point","coordinates":[-4.067081999999971,5.356118000000038]},"properties":{"id":39911,"nom":"GARE OT    OUEST TRANSPORT","type":"gare","district_region":null,"departement_commune":null,"verifie":true,"name":"GARE OT    OUEST TRANSPORT","source":"Géoportail ANSTAT"}},{"type":"Feature","geometry":{"type":"Point","coordinates":[-4.068490999999938,5.356006000000036]},"properties":{"id":39912,"nom":"GARE ST","type":"gare","district_region":null,"departement_commune":null,"verifie":true,"name":"GARE ST","source":"Géoportail ANSTAT"}},{"type":"Feature","geometry":{"type":"Point","coordinates":[-4.071939999999927,5.356217000000072]},"properties":{"id":39913,"nom":"GARE TFF TOULEPLEU","type":"gare","district_region":null,"departement_commune":null,"verifie":true,"name":"GARE TFF TOULEPLEU","source":"Géoportail ANSTAT"}},{"type":"Feature","geometry":{"type":"Point","coordinates":[-4.086021999999957,5.339780000000076]},"properties":{"id":39914,"nom":"GARE SOTRA","type":"gare","district_region":null,"departement_commune":null,"verifie":true,"name":"GARE SOTRA","source":"Géoportail ANSTAT"}},{"type":"Feature","geometry":{"type":"Point","coordinates":[-4.028709999999933,5.360716000000025]},"properties":{"id":39921,"nom":"E C M","type":"gare","district_region":null,"departement_commune":null,"verifie":true,"name":"E C M","source":"Géoportail ANSTAT"}},{"type":"Feature","geometry":{"type":"Point","coordinates":[-4.028818999999942,5.360926000000063]},"properties":{"id":39922,"nom":"EXPRESS DU RANCH","type":"gare","district_region":null,"departement_commune":null,"verifie":true,"name":"EXPRESS DU RANCH","source":"Géoportail ANSTAT"}},{"type":"Feature","geometry":{"type":"Point","coordinates":[-4.029428999999936,5.361669000000063]},"properties":{"id":39923,"nom":"FANDASSO","type":"gare","district_region":null,"departement_commune":null,"verifie":true,"name":"FANDASSO","source":"Géoportail ANSTAT"}},{"type":"Feature","geometry":{"type":"Point","coordinates":[-4.024369999999976,5.35680700000006]},"properties":{"id":39924,"nom":"GARE ADZOPE SAN PEDRO","type":"gare","district_region":null,"departement_commune":null,"verifie":true,"name":"GARE ADZOPE SAN PEDRO","source":"Géoportail ANSTAT"}},{"type":"Feature","geometry":{"type":"Point","coordinates":[-4.027500999999972,5.358921000000066]},"properties":{"id":39925,"nom":"GARE NORD SOTRA","type":"gare","district_region":null,"departement_commune":null,"verifie":true,"name":"GARE NORD SOTRA","source":"Géoportail ANSTAT"}},{"type":"Feature","geometry":{"type":"Point","coordinates":[-4.022391999999968,5.350513000000035]},"properties":{"id":39927,"nom":"FFA TRANSPORT","type":"gare","district_region":null,"departement_commune":null,"verifie":true,"name":"FFA TRANSPORT","source":"Géoportail ANSTAT"}},{"type":"Feature","geometry":{"type":"Point","coordinates":[-4.021159999999952,5.354827000000057]},"properties":{"id":39928,"nom":"GARE AVS","type":"gare","district_region":null,"departement_commune":null,"verifie":true,"name":"GARE AVS","source":"Géoportail ANSTAT"}},{"type":"Feature","geometry":{"type":"Point","coordinates":[-4.021604999999965,5.352982000000054]},"properties":{"id":39929,"nom":"GARE CITR","type":"gare","district_region":null,"departement_commune":null,"verifie":true,"name":"GARE CITR","source":"Géoportail ANSTAT"}},{"type":"Feature","geometry":{"type":"Point","coordinates":[-4.021760999999969,5.353750000000048]},"properties":{"id":39930,"nom":"GARE DES SOCIETE DE TRANSPORT DE BONOUA","type":"gare","district_region":null,"departement_commune":null,"verifie":true,"name":"GARE DES SOCIETE DE TRANSPORT DE BONOUA","source":"Géoportail ANSTAT"}},{"type":"Feature","geometry":{"type":"Point","coordinates":[-4.022887999999966,5.352103000000056]},"properties":{"id":39931,"nom":"GARE ETO","type":"gare","district_region":null,"departement_commune":null,"verifie":true,"name":"GARE ETO","source":"Géoportail ANSTAT"}},{"type":"Feature","geometry":{"type":"Point","coordinates":[-4.022921999999937,5.355582000000027]},"properties":{"id":39932,"nom":"GARE FOTAMANA","type":"gare","district_region":null,"departement_commune":null,"verifie":true,"name":"GARE FOTAMANA","source":"Géoportail ANSTAT"}},{"type":"Feature","geometry":{"type":"Point","coordinates":[-4.021099999999933,5.355286000000035]},"properties":{"id":39933,"nom":"GARE STIF","type":"gare","district_region":null,"departement_commune":null,"verifie":true,"name":"GARE STIF","source":"Géoportail ANSTAT"}},{"type":"Feature","geometry":{"type":"Point","coordinates":[-4.022375999999952,5.351574000000028]},"properties":{"id":39934,"nom":"GARE TCF  TRANSPORT CAMARA ET FRERES","type":"gare","district_region":null,"departement_commune":null,"verifie":true,"name":"GARE TCF  TRANSPORT CAMARA ET FRERES","source":"Géoportail ANSTAT"}},{"type":"Feature","geometry":{"type":"Point","coordinates":[-4.02240299999994,5.355443000000037]},"properties":{"id":39935,"nom":"GARE TTF","type":"gare","district_region":null,"departement_commune":null,"verifie":true,"name":"GARE TTF","source":"Géoportail ANSTAT"}},{"type":"Feature","geometry":{"type":"Point","coordinates":[-4.021972999999946,5.352026000000023]},"properties":{"id":39936,"nom":"GARE UTB","type":"gare","district_region":null,"departement_commune":null,"verifie":true,"name":"GARE UTB","source":"Géoportail ANSTAT"}},{"type":"Feature","geometry":{"type":"Point","coordinates":[-4.020995999999968,5.35264200000006]},"properties":{"id":39937,"nom":"GARE EXPRESS FORD","type":"gare","district_region":null,"departement_commune":null,"verifie":true,"name":"GARE EXPRESS FORD","source":"Géoportail ANSTAT"}},{"type":"Feature","geometry":{"type":"Point","coordinates":[-4.021409999999946,5.353177000000073]},"properties":{"id":39938,"nom":"GARE MT","type":"gare","district_region":null,"departement_commune":null,"verifie":true,"name":"GARE MT","source":"Géoportail ANSTAT"}},{"type":"Feature","geometry":{"type":"Point","coordinates":[-4.021269999999959,5.352716000000044]},"properties":{"id":39939,"nom":"GARE OUEST TRANSATION","type":"gare","district_region":null,"departement_commune":null,"verifie":true,"name":"GARE OUEST TRANSATION","source":"Géoportail ANSTAT"}},{"type":"Feature","geometry":{"type":"Point","coordinates":[-4.021026999999947,5.353386000000057]},"properties":{"id":39940,"nom":"GARE TSD GTD ET DS","type":"gare","district_region":null,"departement_commune":null,"verifie":true,"name":"GARE TSD GTD ET DS","source":"Géoportail ANSTAT"}},{"type":"Feature","geometry":{"type":"Point","coordinates":[-4.017416999999966,5.362119000000064]},"properties":{"id":39942,"nom":"GARE DE GBAKA D AGBAN","type":"gare","district_region":null,"departement_commune":null,"verifie":true,"name":"GARE DE GBAKA D AGBAN","source":"Géoportail ANSTAT"}},{"type":"Feature","geometry":{"type":"Point","coordinates":[-4.018501999999955,5.314746000000071]},"properties":{"id":39950,"nom":"GARE SUD","type":"gare","district_region":null,"departement_commune":null,"verifie":true,"name":"GARE SUD","source":"Géoportail ANSTAT"}},{"type":"Feature","geometry":{"type":"Point","coordinates":[-4.023685999999941,5.330993000000035]},"properties":{"id":39953,"nom":"GARE CITE ADMISTRATIVE","type":"gare","district_region":null,"departement_commune":null,"verifie":true,"name":"GARE CITE ADMISTRATIVE","source":"Géoportail ANSTAT"}},{"type":"Feature","geometry":{"type":"Point","coordinates":[-3.989300999999955,5.300796000000048]},"properties":{"id":39955,"nom":"GARE ROUTIERE","type":"gare","district_region":null,"departement_commune":null,"verifie":true,"name":"GARE ROUTIERE","source":"Géoportail ANSTAT"}},{"type":"Feature","geometry":{"type":"Point","coordinates":[-4.035210999999947,5.310318000000052]},"properties":{"id":39973,"nom":"GARE DE BUS SOTRA","type":"gare","district_region":null,"departement_commune":null,"verifie":true,"name":"GARE DE BUS SOTRA","source":"Géoportail ANSTAT"}},{"type":"Feature","geometry":{"type":"Point","coordinates":[-4.032717999999932,5.355275000000063]},"properties":{"id":39974,"nom":"GARE DE KASIM COULIBALI","type":"gare","district_region":null,"departement_commune":null,"verifie":true,"name":"GARE DE KASIM COULIBALI","source":"Géoportail ANSTAT"}},{"type":"Feature","geometry":{"type":"Point","coordinates":[-3.950655999999981,5.286884000000043]},"properties":{"id":39975,"nom":"GARE CTE DE KOUMASSI SOWETO","type":"gare","district_region":null,"departement_commune":null,"verifie":true,"name":"GARE CTE DE KOUMASSI SOWETO","source":"Géoportail ANSTAT"}},{"type":"Feature","geometry":{"type":"Point","coordinates":[-3.94677699999994,5.29662600000006]},"properties":{"id":39978,"nom":"GARE UTB","type":"gare","district_region":null,"departement_commune":null,"verifie":true,"name":"GARE UTB","source":"Géoportail ANSTAT"}},{"type":"Feature","geometry":{"type":"Point","coordinates":[-3.943533999999943,5.302002000000073]},"properties":{"id":39979,"nom":"ENBADEHAUT TT","type":"gare","district_region":null,"departement_commune":null,"verifie":true,"name":"ENBADEHAUT TT","source":"Géoportail ANSTAT"}},{"type":"Feature","geometry":{"type":"Point","coordinates":[-3.911241999999959,5.241848000000061]},"properties":{"id":39987,"nom":"DIT","type":"gare","district_region":null,"departement_commune":null,"verifie":true,"name":"DIT","source":"Géoportail ANSTAT"}},{"type":"Feature","geometry":{"type":"Point","coordinates":[-3.884403999999961,5.356889000000024]},"properties":{"id":39988,"nom":"GARE DE TAXI","type":"gare","district_region":null,"departement_commune":null,"verifie":true,"name":"GARE DE TAXI","source":"Géoportail ANSTAT"}},{"type":"Feature","geometry":{"type":"Point","coordinates":[-4.02393399999994,5.356723000000045]},"properties":{"id":40005,"nom":"LE  LABELLE TRANSPORT","type":"gare","district_region":null,"departement_commune":null,"verifie":true,"name":"LE  LABELLE TRANSPORT","source":"Géoportail ANSTAT"}},{"type":"Feature","geometry":{"type":"Point","coordinates":[-4.029229999999927,5.360649000000024]},"properties":{"id":40006,"nom":"GTD TRANSPORT","type":"gare","district_region":null,"departement_commune":null,"verifie":true,"name":"GTD TRANSPORT","source":"Géoportail ANSTAT"}},{"type":"Feature","geometry":{"type":"Point","coordinates":[-4.02958499999994,5.361825000000067]},"properties":{"id":40007,"nom":"GTKA TRANSPORT","type":"gare","district_region":null,"departement_commune":null,"verifie":true,"name":"GTKA TRANSPORT","source":"Géoportail ANSTAT"}},{"type":"Feature","geometry":{"type":"Point","coordinates":[-4.025462999999945,5.35709300000002]},"properties":{"id":40008,"nom":"GYE NYAME TRANSPORT","type":"gare","district_region":null,"departement_commune":null,"verifie":true,"name":"GYE NYAME TRANSPORT","source":"Géoportail ANSTAT"}},{"type":"Feature","geometry":{"type":"Point","coordinates":[-4.028549999999939,5.361226000000045]},"properties":{"id":40009,"nom":"KFT","type":"gare","district_region":null,"departement_commune":null,"verifie":true,"name":"KFT","source":"Géoportail ANSTAT"}},{"type":"Feature","geometry":{"type":"Point","coordinates":[-4.029139999999927,5.360497000000066]},"properties":{"id":40010,"nom":"KS TRANSPORT","type":"gare","district_region":null,"departement_commune":null,"verifie":true,"name":"KS TRANSPORT","source":"Géoportail ANSTAT"}},{"type":"Feature","geometry":{"type":"Point","coordinates":[-4.029063999999948,5.360480000000052]},"properties":{"id":40011,"nom":"KS TRANSPORT","type":"gare","district_region":null,"departement_commune":null,"verifie":true,"name":"KS TRANSPORT","source":"Géoportail ANSTAT"}},{"type":"Feature","geometry":{"type":"Point","coordinates":[-4.029319999999927,5.360881000000063]},"properties":{"id":40012,"nom":"LC TRANSPORT","type":"gare","district_region":null,"departement_commune":null,"verifie":true,"name":"LC TRANSPORT","source":"Géoportail ANSTAT"}},{"type":"Feature","geometry":{"type":"Point","coordinates":[-4.029365999999925,5.361522000000036]},"properties":{"id":40013,"nom":"LEOPARD TRANSPORT","type":"gare","district_region":null,"departement_commune":null,"verifie":true,"name":"LEOPARD TRANSPORT","source":"Géoportail ANSTAT"}},{"type":"Feature","geometry":{"type":"Point","coordinates":[-4.028682999999944,5.36103600000007]},"properties":{"id":40014,"nom":"LST","type":"gare","district_region":null,"departement_commune":null,"verifie":true,"name":"LST","source":"Géoportail ANSTAT"}},{"type":"Feature","geometry":{"type":"Point","coordinates":[-4.02274099999994,5.352366000000075]},"properties":{"id":40017,"nom":"GTF","type":"gare","district_region":null,"departement_commune":null,"verifie":true,"name":"GTF","source":"Géoportail ANSTAT"}},{"type":"Feature","geometry":{"type":"Point","coordinates":[-4.023812999999961,5.355349000000047]},"properties":{"id":40018,"nom":"GTI","type":"gare","district_region":null,"departement_commune":null,"verifie":true,"name":"GTI","source":"Géoportail ANSTAT"}},{"type":"Feature","geometry":{"type":"Point","coordinates":[-4.022708999999963,5.351324000000034]},"properties":{"id":40019,"nom":"LEOPARD TRANSPORT","type":"gare","district_region":null,"departement_commune":null,"verifie":true,"name":"LEOPARD TRANSPORT","source":"Géoportail ANSTAT"}},{"type":"Feature","geometry":{"type":"Point","coordinates":[-4.021582999999964,5.352394000000061]},"properties":{"id":40020,"nom":"GT TRANSPORT","type":"gare","district_region":null,"departement_commune":null,"verifie":true,"name":"GT TRANSPORT","source":"Géoportail ANSTAT"}},{"type":"Feature","geometry":{"type":"Point","coordinates":[-4.020856999999978,5.355043000000023]},"properties":{"id":40021,"nom":"ITP ABJ","type":"gare","district_region":null,"departement_commune":null,"verifie":true,"name":"ITP ABJ","source":"Géoportail ANSTAT"}},{"type":"Feature","geometry":{"type":"Point","coordinates":[-4.021306999999979,5.353361000000064]},"properties":{"id":40022,"nom":"JACK MANGALA TRANSPORT","type":"gare","district_region":null,"departement_commune":null,"verifie":true,"name":"JACK MANGALA TRANSPORT","source":"Géoportail ANSTAT"}},{"type":"Feature","geometry":{"type":"Point","coordinates":[-3.946859999999958,5.296913000000075]},"properties":{"id":40049,"nom":"GTT","type":"gare","district_region":null,"departement_commune":null,"verifie":true,"name":"GTT","source":"Géoportail ANSTAT"}},{"type":"Feature","geometry":{"type":"Point","coordinates":[-4.029083999999955,5.362040000000036]},"properties":{"id":40251,"nom":"MAINDEBA TRANSPORT","type":"gare","district_region":null,"departement_commune":null,"verifie":true,"name":"MAINDEBA TRANSPORT","source":"Géoportail ANSTAT"}},{"type":"Feature","geometry":{"type":"Point","coordinates":[-4.02953999999994,5.361595000000023]},"properties":{"id":40252,"nom":"MINIGNAN TRANSPORT","type":"gare","district_region":null,"departement_commune":null,"verifie":true,"name":"MINIGNAN TRANSPORT","source":"Géoportail ANSTAT"}},{"type":"Feature","geometry":{"type":"Point","coordinates":[-4.029379999999946,5.36113400000005]},"properties":{"id":40253,"nom":"MTK TRANSPORT","type":"gare","district_region":null,"departement_commune":null,"verifie":true,"name":"MTK TRANSPORT","source":"Géoportail ANSTAT"}},{"type":"Feature","geometry":{"type":"Point","coordinates":[-4.028586999999959,5.361309000000062]},"properties":{"id":40255,"nom":"NOUR TRANSPORT VOYAGEUR","type":"gare","district_region":null,"departement_commune":null,"verifie":true,"name":"NOUR TRANSPORT VOYAGEUR","source":"Géoportail ANSTAT"}},{"type":"Feature","geometry":{"type":"Point","coordinates":[-4.002975999999933,5.299207000000024]},"properties":{"id":40320,"nom":"MUGCP CEDEAO","type":"gare","district_region":null,"departement_commune":null,"verifie":true,"name":"MUGCP CEDEAO","source":"Géoportail ANSTAT"}},{"type":"Feature","geometry":{"type":"Point","coordinates":[-4.015901999999926,5.308786000000055]},"properties":{"id":40330,"nom":"NOUR TRANSPORT INTERNATIONAL","type":"gare","district_region":null,"departement_commune":null,"verifie":true,"name":"NOUR TRANSPORT INTERNATIONAL","source":"Géoportail ANSTAT"}},{"type":"Feature","geometry":{"type":"Point","coordinates":[-3.955267999999933,5.296459000000027]},"properties":{"id":40376,"nom":"NOUVELLE GARE DE T1XIS DE KOUMASSI","type":"gare","district_region":null,"departement_commune":null,"verifie":true,"name":"NOUVELLE GARE DE T1XIS DE KOUMASSI","source":"Géoportail ANSTAT"}},{"type":"Feature","geometry":{"type":"Point","coordinates":[-4.00209899999993,5.323080000000061]},"properties":{"id":40440,"nom":"SOTRA","type":"gare","district_region":null,"departement_commune":null,"verifie":true,"name":"SOTRA","source":"Géoportail ANSTAT"}},{"type":"Feature","geometry":{"type":"Point","coordinates":[-3.987317999999959,5.35125800000003]},"properties":{"id":40447,"nom":"SOTRA","type":"gare","district_region":null,"departement_commune":null,"verifie":true,"name":"SOTRA","source":"Géoportail ANSTAT"}},{"type":"Feature","geometry":{"type":"Point","coordinates":[-3.889638999999931,5.369898000000035]},"properties":{"id":40464,"nom":"TAXI GARE","type":"gare","district_region":null,"departement_commune":null,"verifie":true,"name":"TAXI GARE","source":"Géoportail ANSTAT"}},{"type":"Feature","geometry":{"type":"Point","coordinates":[-3.89411599999994,5.360775000000046]},"properties":{"id":40466,"nom":"TAXI","type":"gare","district_region":null,"departement_commune":null,"verifie":true,"name":"TAXI","source":"Géoportail ANSTAT"}},{"type":"Feature","geometry":{"type":"Point","coordinates":[-4.089265999999952,5.354244000000051]},"properties":{"id":40497,"nom":"SITROF","type":"gare","district_region":null,"departement_commune":null,"verifie":true,"name":"SITROF","source":"Géoportail ANSTAT"}},{"type":"Feature","geometry":{"type":"Point","coordinates":[-4.02362299999993,5.356678000000045]},"properties":{"id":40504,"nom":"SBTA","type":"gare","district_region":null,"departement_commune":null,"verifie":true,"name":"SBTA","source":"Géoportail ANSTAT"}},{"type":"Feature","geometry":{"type":"Point","coordinates":[-4.029325999999969,5.360974000000056]},"properties":{"id":40505,"nom":"PELESSI TRANSPORT","type":"gare","district_region":null,"departement_commune":null,"verifie":true,"name":"PELESSI TRANSPORT","source":"Géoportail ANSTAT"}},{"type":"Feature","geometry":{"type":"Point","coordinates":[-4.03004599999997,5.362949000000071]},"properties":{"id":40506,"nom":"RIMBO TRANSPORT DE VOYAGEURS","type":"gare","district_region":null,"departement_commune":null,"verifie":true,"name":"RIMBO TRANSPORT DE VOYAGEURS","source":"Géoportail ANSTAT"}},{"type":"Feature","geometry":{"type":"Point","coordinates":[-4.02939699999996,5.362653000000023]},"properties":{"id":40507,"nom":"SAMA TRANSPORT","type":"gare","district_region":null,"departement_commune":null,"verifie":true,"name":"SAMA TRANSPORT","source":"Géoportail ANSTAT"}},{"type":"Feature","geometry":{"type":"Point","coordinates":[-4.029977999999971,5.362732000000051]},"properties":{"id":40508,"nom":"SAMA TRANSPORT","type":"gare","district_region":null,"departement_commune":null,"verifie":true,"name":"SAMA TRANSPORT","source":"Géoportail ANSTAT"}},{"type":"Feature","geometry":{"type":"Point","coordinates":[-4.029556999999954,5.362169000000051]},"properties":{"id":40509,"nom":"SAMA TRANSPORT","type":"gare","district_region":null,"departement_commune":null,"verifie":true,"name":"SAMA TRANSPORT","source":"Géoportail ANSTAT"}},{"type":"Feature","geometry":{"type":"Point","coordinates":[-4.029683999999975,5.362895000000037]},"properties":{"id":40510,"nom":"SONITRAV","type":"gare","district_region":null,"departement_commune":null,"verifie":true,"name":"SONITRAV","source":"Géoportail ANSTAT"}},{"type":"Feature","geometry":{"type":"Point","coordinates":[-4.028972999999951,5.361789000000044]},"properties":{"id":40511,"nom":"ST","type":"gare","district_region":null,"departement_commune":null,"verifie":true,"name":"ST","source":"Géoportail ANSTAT"}},{"type":"Feature","geometry":{"type":"Point","coordinates":[-4.028672999999969,5.360175000000027]},"properties":{"id":40512,"nom":"ST","type":"gare","district_region":null,"departement_commune":null,"verifie":true,"name":"ST","source":"Géoportail ANSTAT"}},{"type":"Feature","geometry":{"type":"Point","coordinates":[-4.029613999999981,5.362374000000045]},"properties":{"id":40513,"nom":"STM","type":"gare","district_region":null,"departement_commune":null,"verifie":true,"name":"STM","source":"Géoportail ANSTAT"}},{"type":"Feature","geometry":{"type":"Point","coordinates":[-4.030528999999945,5.34661200000005]},"properties":{"id":40515,"nom":"RAHIMO","type":"gare","district_region":null,"departement_commune":null,"verifie":true,"name":"RAHIMO","source":"Géoportail ANSTAT"}},{"type":"Feature","geometry":{"type":"Point","coordinates":[-4.022354999999948,5.350619000000052]},"properties":{"id":40517,"nom":"SAD TRANSPORT","type":"gare","district_region":null,"departement_commune":null,"verifie":true,"name":"SAD TRANSPORT","source":"Géoportail ANSTAT"}},{"type":"Feature","geometry":{"type":"Point","coordinates":[-4.023926999999958,5.354166000000021]},"properties":{"id":40518,"nom":"SAMA TRANSPORT","type":"gare","district_region":null,"departement_commune":null,"verifie":true,"name":"SAMA TRANSPORT","source":"Géoportail ANSTAT"}},{"type":"Feature","geometry":{"type":"Point","coordinates":[-4.021398999999974,5.354958000000067]},"properties":{"id":40519,"nom":"SAMAN TRANSPORT","type":"gare","district_region":null,"departement_commune":null,"verifie":true,"name":"SAMAN TRANSPORT","source":"Géoportail ANSTAT"}},{"type":"Feature","geometry":{"type":"Point","coordinates":[-4.022174999999947,5.351103000000023]},"properties":{"id":40520,"nom":"SBTA EXPRESS ABIDJAN","type":"gare","district_region":null,"departement_commune":null,"verifie":true,"name":"SBTA EXPRESS ABIDJAN","source":"Géoportail ANSTAT"}},{"type":"Feature","geometry":{"type":"Point","coordinates":[-4.022654999999929,5.350810000000024]},"properties":{"id":40521,"nom":"SBTA TRANSPORT","type":"gare","district_region":null,"departement_commune":null,"verifie":true,"name":"SBTA TRANSPORT","source":"Géoportail ANSTAT"}},{"type":"Feature","geometry":{"type":"Point","coordinates":[-4.024366999999927,5.354939000000059]},"properties":{"id":40523,"nom":"SITO TRANSPORT","type":"gare","district_region":null,"departement_commune":null,"verifie":true,"name":"SITO TRANSPORT","source":"Géoportail ANSTAT"}},{"type":"Feature","geometry":{"type":"Point","coordinates":[-4.022229999999979,5.382474000000059]},"properties":{"id":40527,"nom":"SONITRA","type":"gare","district_region":null,"departement_commune":null,"verifie":true,"name":"SONITRA","source":"Géoportail ANSTAT"}},{"type":"Feature","geometry":{"type":"Point","coordinates":[-4.003344999999968,5.299127000000055]},"properties":{"id":40558,"nom":"STB","type":"gare","district_region":null,"departement_commune":null,"verifie":true,"name":"STB","source":"Géoportail ANSTAT"}},{"type":"Feature","geometry":{"type":"Point","coordinates":[-4.032967999999926,5.355202000000077]},"properties":{"id":40572,"nom":"TCV","type":"gare","district_region":null,"departement_commune":null,"verifie":true,"name":"TCV","source":"Géoportail ANSTAT"}},{"type":"Feature","geometry":{"type":"Point","coordinates":[-3.947081999999966,5.296676000000048]},"properties":{"id":40577,"nom":"SONEF TRANSPORT VOYAYEURS","type":"gare","district_region":null,"departement_commune":null,"verifie":true,"name":"SONEF TRANSPORT VOYAYEURS","source":"Géoportail ANSTAT"}},{"type":"Feature","geometry":{"type":"Point","coordinates":[-3.942764999999952,5.251982000000055]},"properties":{"id":40583,"nom":"SOTRA","type":"gare","district_region":null,"departement_commune":null,"verifie":true,"name":"SOTRA","source":"Géoportail ANSTAT"}},{"type":"Feature","geometry":{"type":"Point","coordinates":[-3.892095999999981,5.239057000000059]},"properties":{"id":40588,"nom":"SOCIETE PENDIS CI","type":"gare","district_region":null,"departement_commune":null,"verifie":true,"name":"SOCIETE PENDIS CI","source":"Géoportail ANSTAT"}},{"type":"Feature","geometry":{"type":"Point","coordinates":[-3.963860999999952,5.35759100000007]},"properties":{"id":40604,"nom":"WAREN COCODY","type":"gare","district_region":null,"departement_commune":null,"verifie":true,"name":"WAREN COCODY","source":"Géoportail ANSTAT"}},{"type":"Feature","geometry":{"type":"Point","coordinates":[-4.073663999999951,5.32950900000003]},"properties":{"id":40614,"nom":"TERMINUS 40 DE LA SOTRA","type":"gare","district_region":null,"departement_commune":null,"verifie":true,"name":"TERMINUS 40 DE LA SOTRA","source":"Géoportail ANSTAT"}},{"type":"Feature","geometry":{"type":"Point","coordinates":[-4.089282999999966,5.352758000000051]},"properties":{"id":40616,"nom":"TILEMSI TRANSPORT","type":"gare","district_region":null,"departement_commune":null,"verifie":true,"name":"TILEMSI TRANSPORT","source":"Géoportail ANSTAT"}},{"type":"Feature","geometry":{"type":"Point","coordinates":[-4.029087999999945,5.360238000000038]},"properties":{"id":40618,"nom":"TDF TRANSPORT","type":"gare","district_region":null,"departement_commune":null,"verifie":true,"name":"TDF TRANSPORT","source":"Géoportail ANSTAT"}},{"type":"Feature","geometry":{"type":"Point","coordinates":[-4.029182999999932,5.361719000000051]},"properties":{"id":40619,"nom":"TILEMSI TRANSPORT","type":"gare","district_region":null,"departement_commune":null,"verifie":true,"name":"TILEMSI TRANSPORT","source":"Géoportail ANSTAT"}},{"type":"Feature","geometry":{"type":"Point","coordinates":[-4.029190999999969,5.361004000000037]},"properties":{"id":40620,"nom":"TSF BIT","type":"gare","district_region":null,"departement_commune":null,"verifie":true,"name":"TSF BIT","source":"Géoportail ANSTAT"}},{"type":"Feature","geometry":{"type":"Point","coordinates":[-4.029427999999939,5.361241000000064]},"properties":{"id":40621,"nom":"UTNA TRANSPORT","type":"gare","district_region":null,"departement_commune":null,"verifie":true,"name":"UTNA TRANSPORT","source":"Géoportail ANSTAT"}},{"type":"Feature","geometry":{"type":"Point","coordinates":[-4.02944999999994,5.36191800000006]},"properties":{"id":40622,"nom":"UTRAKO","type":"gare","district_region":null,"departement_commune":null,"verifie":true,"name":"UTRAKO","source":"Géoportail ANSTAT"}},{"type":"Feature","geometry":{"type":"Point","coordinates":[-4.029460999999969,5.361369000000025]},"properties":{"id":40623,"nom":"UTRAKO TRANSPORT","type":"gare","district_region":null,"departement_commune":null,"verifie":true,"name":"UTRAKO TRANSPORT","source":"Géoportail ANSTAT"}},{"type":"Feature","geometry":{"type":"Point","coordinates":[-4.029088999999942,5.36083700000006]},"properties":{"id":40624,"nom":"UTS","type":"gare","district_region":null,"departement_commune":null,"verifie":true,"name":"UTS","source":"Géoportail ANSTAT"}},{"type":"Feature","geometry":{"type":"Point","coordinates":[-4.023319999999956,5.351515000000063]},"properties":{"id":40625,"nom":"TRANSPORT BG","type":"gare","district_region":null,"departement_commune":null,"verifie":true,"name":"TRANSPORT BG","source":"Géoportail ANSTAT"}},{"type":"Feature","geometry":{"type":"Point","coordinates":[-4.02406899999994,5.354583000000048]},"properties":{"id":40626,"nom":"UTI SICATRAN","type":"gare","district_region":null,"departement_commune":null,"verifie":true,"name":"UTI SICATRAN","source":"Géoportail ANSTAT"}},{"type":"Feature","geometry":{"type":"Point","coordinates":[-4.022421999999949,5.350177000000031]},"properties":{"id":40627,"nom":"UTRAKO","type":"gare","district_region":null,"departement_commune":null,"verifie":true,"name":"UTRAKO","source":"Géoportail ANSTAT"}},{"type":"Feature","geometry":{"type":"Point","coordinates":[-4.023498999999958,5.367105000000038]},"properties":{"id":40629,"nom":"TERMINUS DE BUS SOTRA","type":"gare","district_region":null,"departement_commune":null,"verifie":true,"name":"TERMINUS DE BUS SOTRA","source":"Géoportail ANSTAT"}},{"type":"Feature","geometry":{"type":"Point","coordinates":[-3.975440999999933,5.293019000000072]},"properties":{"id":40636,"nom":"UTB","type":"gare","district_region":null,"departement_commune":null,"verifie":true,"name":"UTB","source":"Géoportail ANSTAT"}},{"type":"Feature","geometry":{"type":"Point","coordinates":[-3.975464999999929,5.293043000000068]},"properties":{"id":40637,"nom":"UTB","type":"gare","district_region":null,"departement_commune":null,"verifie":true,"name":"UTB","source":"Géoportail ANSTAT"}},{"type":"Feature","geometry":{"type":"Point","coordinates":[-4.008739999999932,5.312099000000046]},"properties":{"id":40642,"nom":"V DE YOUNG SHALL GROW","type":"gare","district_region":null,"departement_commune":null,"verifie":true,"name":"V DE YOUNG SHALL GROW","source":"Géoportail ANSTAT"}},{"type":"Feature","geometry":{"type":"Point","coordinates":[-4.016700999999955,5.308583000000056]},"properties":{"id":40647,"nom":"TNF","type":"gare","district_region":null,"departement_commune":null,"verifie":true,"name":"TNF","source":"Géoportail ANSTAT"}},{"type":"Feature","geometry":{"type":"Point","coordinates":[-3.968011999999931,5.296017000000063]},"properties":{"id":40651,"nom":"TCV","type":"gare","district_region":null,"departement_commune":null,"verifie":true,"name":"TCV","source":"Géoportail ANSTAT"}},{"type":"Feature","geometry":{"type":"Point","coordinates":[-3.894616999999926,5.23937600000005]},"properties":{"id":40656,"nom":"UTB","type":"gare","district_region":null,"departement_commune":null,"verifie":true,"name":"UTB","source":"Géoportail ANSTAT"}},{"type":"Feature","geometry":{"type":"Point","coordinates":[-5.748863799999981,6.981270600000073]},"properties":{"id":103222,"nom":"EMERGENT TRANSPORT MARAHOUE","type":"gare","district_region":null,"departement_commune":null,"verifie":true,"name":"EMERGENT TRANSPORT MARAHOUE","source":"Géoportail ANSTAT"}},{"type":"Feature","geometry":{"type":"Point","coordinates":[-5.746969999999976,6.980203200000062]},"properties":{"id":103223,"nom":"GARE CTE","type":"gare","district_region":null,"departement_commune":null,"verifie":true,"name":"GARE CTE","source":"Géoportail ANSTAT"}},{"type":"Feature","geometry":{"type":"Point","coordinates":[-5.750410299999942,6.981671500000061]},"properties":{"id":103224,"nom":"GARE UTB","type":"gare","district_region":null,"departement_commune":null,"verifie":true,"name":"GARE UTB","source":"Géoportail ANSTAT"}},{"type":"Feature","geometry":{"type":"Point","coordinates":[-5.744889799999953,6.979688600000031]},"properties":{"id":103225,"nom":"LABELLE TRANSPORT","type":"gare","district_region":null,"departement_commune":null,"verifie":true,"name":"LABELLE TRANSPORT","source":"Géoportail ANSTAT"}},{"type":"Feature","geometry":{"type":"Point","coordinates":[-2.995072319999963,9.274602800000023]},"properties":{"id":103228,"nom":"GARE MT","type":"gare","district_region":null,"departement_commune":null,"verifie":true,"name":"GARE MT","source":"Géoportail ANSTAT"}},{"type":"Feature","geometry":{"type":"Point","coordinates":[-3.959858399999973,7.055185000000051]},"properties":{"id":103231,"nom":"GARE EDEN","type":"gare","district_region":null,"departement_commune":null,"verifie":true,"name":"GARE EDEN","source":"Géoportail ANSTAT"}},{"type":"Feature","geometry":{"type":"Point","coordinates":[-3.95942569999994,7.061971100000051]},"properties":{"id":103232,"nom":"GRANDE GARE","type":"gare","district_region":null,"departement_commune":null,"verifie":true,"name":"GRANDE GARE","source":"Géoportail ANSTAT"}},{"type":"Feature","geometry":{"type":"Point","coordinates":[-4.705796599999928,6.648810300000036]},"properties":{"id":103236,"nom":"COMPAGNIE DE TRANSPORT EXPRESS","type":"gare","district_region":null,"departement_commune":null,"verifie":true,"name":"COMPAGNIE DE TRANSPORT EXPRESS","source":"Géoportail ANSTAT"}},{"type":"Feature","geometry":{"type":"Point","coordinates":[-7.344188699999961,6.746004500000026]},"properties":{"id":103241,"nom":"GARE","type":"gare","district_region":null,"departement_commune":null,"verifie":true,"name":"GARE","source":"Géoportail ANSTAT"}},{"type":"Feature","geometry":{"type":"Point","coordinates":[-7.349114899999961,6.746705600000041]},"properties":{"id":103242,"nom":"GARE","type":"gare","district_region":null,"departement_commune":null,"verifie":true,"name":"GARE","source":"Géoportail ANSTAT"}},{"type":"Feature","geometry":{"type":"Point","coordinates":[-7.349942299999952,6.747389800000064]},"properties":{"id":103245,"nom":"GARE TRANSPORT AVS","type":"gare","district_region":null,"departement_commune":null,"verifie":true,"name":"GARE TRANSPORT AVS","source":"Géoportail ANSTAT"}},{"type":"Feature","geometry":{"type":"Point","coordinates":[-7.505297199999973,6.543648300000029]},"properties":{"id":103252,"nom":"GARE DU BURKINA","type":"gare","district_region":null,"departement_commune":null,"verifie":true,"name":"GARE DU BURKINA","source":"Géoportail ANSTAT"}},{"type":"Feature","geometry":{"type":"Point","coordinates":[-7.486254599999938,6.545769800000073]},"properties":{"id":103254,"nom":"GARE TRANSPORT AVS","type":"gare","district_region":null,"departement_commune":null,"verifie":true,"name":"GARE TRANSPORT AVS","source":"Géoportail ANSTAT"}},{"type":"Feature","geometry":{"type":"Point","coordinates":[-7.55133399999994,7.411251100000072]},"properties":{"id":103264,"nom":"GARE CTM-TCY","type":"gare","district_region":null,"departement_commune":null,"verifie":true,"name":"GARE CTM-TCY","source":"Géoportail ANSTAT"}},{"type":"Feature","geometry":{"type":"Point","coordinates":[-7.551403099999959,7.411528300000043]},"properties":{"id":103265,"nom":"GARE MTK","type":"gare","district_region":null,"departement_commune":null,"verifie":true,"name":"GARE MTK","source":"Géoportail ANSTAT"}},{"type":"Feature","geometry":{"type":"Point","coordinates":[-7.551711799999964,7.407238100000029]},"properties":{"id":103266,"nom":"GARE SDS","type":"gare","district_region":null,"departement_commune":null,"verifie":true,"name":"GARE SDS","source":"Géoportail ANSTAT"}},{"type":"Feature","geometry":{"type":"Point","coordinates":[-7.557942699999955,7.402333800000065]},"properties":{"id":103267,"nom":"GARE UTB","type":"gare","district_region":null,"departement_commune":null,"verifie":true,"name":"GARE UTB","source":"Géoportail ANSTAT"}},{"type":"Feature","geometry":{"type":"Point","coordinates":[-7.554158049999955,7.409258900000054]},"properties":{"id":103268,"nom":"GARE UTB","type":"gare","district_region":null,"departement_commune":null,"verifie":true,"name":"GARE UTB","source":"Géoportail ANSTAT"}},{"type":"Feature","geometry":{"type":"Point","coordinates":[-6.18792899999994,8.053241400000047]},"properties":{"id":103273,"nom":"GARE","type":"gare","district_region":null,"departement_commune":null,"verifie":true,"name":"GARE","source":"Géoportail ANSTAT"}},{"type":"Feature","geometry":{"type":"Point","coordinates":[-4.337547099999938,7.45506800000004]},"properties":{"id":103278,"nom":"GARE ASDKT","type":"gare","district_region":null,"departement_commune":null,"verifie":true,"name":"GARE ASDKT","source":"Géoportail ANSTAT"}},{"type":"Feature","geometry":{"type":"Point","coordinates":[-7.564661899999976,9.498803400000044]},"properties":{"id":103282,"nom":"GARE TKB","type":"gare","district_region":null,"departement_commune":null,"verifie":true,"name":"GARE TKB","source":"Géoportail ANSTAT"}},{"type":"Feature","geometry":{"type":"Point","coordinates":[-5.911742099999969,6.615993300000071]},"properties":{"id":103289,"nom":"GARE UTB","type":"gare","district_region":null,"departement_commune":null,"verifie":true,"name":"GARE UTB","source":"Géoportail ANSTAT"}},{"type":"Feature","geometry":{"type":"Point","coordinates":[-5.911858799999948,6.615851600000042]},"properties":{"id":103290,"nom":"GARE UTB","type":"gare","district_region":null,"departement_commune":null,"verifie":true,"name":"GARE UTB","source":"Géoportail ANSTAT"}},{"type":"Feature","geometry":{"type":"Point","coordinates":[-5.017517809999958,6.555462900000066]},"properties":{"id":103294,"nom":"GARE DE YAMOUSSOUKRO","type":"gare","district_region":null,"departement_commune":null,"verifie":true,"name":"GARE DE YAMOUSSOUKRO","source":"Géoportail ANSTAT"}},{"type":"Feature","geometry":{"type":"Point","coordinates":[-5.020511699999929,6.555088300000023]},"properties":{"id":103295,"nom":"GARE UTB","type":"gare","district_region":null,"departement_commune":null,"verifie":true,"name":"GARE UTB","source":"Géoportail ANSTAT"}},{"type":"Feature","geometry":{"type":"Point","coordinates":[-5.26223159999995,6.809316100000046]},"properties":{"id":103305,"nom":"ABASS TRANSPORT","type":"gare","district_region":null,"departement_commune":null,"verifie":true,"name":"ABASS TRANSPORT","source":"Géoportail ANSTAT"}},{"type":"Feature","geometry":{"type":"Point","coordinates":[-5.259137199999941,6.807683500000053]},"properties":{"id":103306,"nom":"AVS TRANSPORT","type":"gare","district_region":null,"departement_commune":null,"verifie":true,"name":"AVS TRANSPORT","source":"Géoportail ANSTAT"}},{"type":"Feature","geometry":{"type":"Point","coordinates":[-5.271916899999951,6.814656600000035]},"properties":{"id":103310,"nom":"GARE","type":"gare","district_region":null,"departement_commune":null,"verifie":true,"name":"GARE","source":"Géoportail ANSTAT"}},{"type":"Feature","geometry":{"type":"Point","coordinates":[-5.272909099999936,6.815083200000061]},"properties":{"id":103311,"nom":"GARE","type":"gare","district_region":null,"departement_commune":null,"verifie":true,"name":"GARE","source":"Géoportail ANSTAT"}},{"type":"Feature","geometry":{"type":"Point","coordinates":[-5.278836099999978,6.843995300000074]},"properties":{"id":103312,"nom":"GARE","type":"gare","district_region":null,"departement_commune":null,"verifie":true,"name":"GARE","source":"Géoportail ANSTAT"}},{"type":"Feature","geometry":{"type":"Point","coordinates":[-5.263730499999951,6.812005300000067]},"properties":{"id":103313,"nom":"GARE CTE","type":"gare","district_region":null,"departement_commune":null,"verifie":true,"name":"GARE CTE","source":"Géoportail ANSTAT"}},{"type":"Feature","geometry":{"type":"Point","coordinates":[-5.274148099999934,6.812782700000071]},"properties":{"id":103314,"nom":"GARE STAFF","type":"gare","district_region":null,"departement_commune":null,"verifie":true,"name":"GARE STAFF","source":"Géoportail ANSTAT"}},{"type":"Feature","geometry":{"type":"Point","coordinates":[-5.22471429999996,6.762745500000051]},"properties":{"id":103315,"nom":"GARE UTILE","type":"gare","district_region":null,"departement_commune":null,"verifie":true,"name":"GARE UTILE","source":"Géoportail ANSTAT"}},{"type":"Feature","geometry":{"type":"Point","coordinates":[-5.273215499999935,6.815187300000048]},"properties":{"id":103318,"nom":"LE LABELLE TRANSPORT","type":"gare","district_region":null,"departement_commune":null,"verifie":true,"name":"LE LABELLE TRANSPORT","source":"Géoportail ANSTAT"}},{"type":"Feature","geometry":{"type":"Point","coordinates":[-4.49665269999997,7.063175000000058]},"properties":{"id":103344,"nom":"GARE CTB","type":"gare","district_region":null,"departement_commune":null,"verifie":true,"name":"GARE CTB","source":"Géoportail ANSTAT"}},{"type":"Feature","geometry":{"type":"Point","coordinates":[-5.224623699999938,7.159425300000066]},"properties":{"id":103346,"nom":"GARE UTB","type":"gare","district_region":null,"departement_commune":null,"verifie":true,"name":"GARE UTB","source":"Géoportail ANSTAT"}},{"type":"Feature","geometry":{"type":"Point","coordinates":[-8.005716399999926,6.571343500000069]},"properties":{"id":103347,"nom":"SMT GARE DE BUS","type":"gare","district_region":null,"departement_commune":null,"verifie":true,"name":"SMT GARE DE BUS","source":"Géoportail ANSTAT"}},{"type":"Feature","geometry":{"type":"Point","coordinates":[-3.92020088299995,8.616279744000053]},"properties":{"id":103351,"nom":"TRANSPORT","type":"gare","district_region":null,"departement_commune":null,"verifie":true,"name":"TRANSPORT","source":"Géoportail ANSTAT"}},{"type":"Feature","geometry":{"type":"Point","coordinates":[-3.993805499999951,7.646294200000057]},"properties":{"id":103355,"nom":"GARE ROUTIE�RE","type":"gare","district_region":null,"departement_commune":null,"verifie":true,"name":"GARE ROUTIE�RE","source":"Géoportail ANSTAT"}},{"type":"Feature","geometry":{"type":"Point","coordinates":[-8.32685887699995,6.806121519000044]},"properties":{"id":103359,"nom":"TRANSPORT","type":"gare","district_region":null,"departement_commune":null,"verifie":true,"name":"TRANSPORT","source":"Géoportail ANSTAT"}},{"type":"Feature","geometry":{"type":"Point","coordinates":[-6.943767669999943,9.609993900000063]},"properties":{"id":103361,"nom":"GARE DE MADINANI","type":"gare","district_region":null,"departement_commune":null,"verifie":true,"name":"GARE DE MADINANI","source":"Géoportail ANSTAT"}},{"type":"Feature","geometry":{"type":"Point","coordinates":[-7.868195999999955,8.23930480000007]},"properties":{"id":103368,"nom":"GARE OUANINOU","type":"gare","district_region":null,"departement_commune":null,"verifie":true,"name":"GARE OUANINOU","source":"Géoportail ANSTAT"}},{"type":"Feature","geometry":{"type":"Point","coordinates":[-6.040976399999977,6.927753600000074]},"properties":{"id":103380,"nom":"GARE UTB","type":"gare","district_region":null,"departement_commune":null,"verifie":true,"name":"GARE UTB","source":"Géoportail ANSTAT"}}],"metadata":{"dataset":"Gare — ANSTAT","source":"Géoportail ANSTAT","theme":"Transport & mobilité","verified":true,"apercu":"complet"}}