{"type":"FeatureCollection","features":[{"type":"Feature","geometry":{"type":"Point","coordinates":[-5.200875999999937,6.889798000000042]},"properties":{"id":1,"nom":"EGLISE EVANGELIQUE LA VOIX DE CHRIST","type":"eglise","district_region":null,"departement_commune":null,"verifie":true,"name":"EGLISE EVANGELIQUE LA VOIX DE CHRIST","source":"Géoportail ANSTAT"}},{"type":"Feature","geometry":{"type":"Point","coordinates":[-5.230036999999925,6.669362000000035]},"properties":{"id":2,"nom":"AECI","type":"eglise","district_region":null,"departement_commune":null,"verifie":true,"name":"AECI","source":"Géoportail ANSTAT"}},{"type":"Feature","geometry":{"type":"Point","coordinates":[-5.242382999999961,6.782608000000039]},"properties":{"id":3,"nom":"EGLISE MEG VIE","type":"eglise","district_region":null,"departement_commune":null,"verifie":true,"name":"EGLISE MEG VIE","source":"Géoportail ANSTAT"}},{"type":"Feature","geometry":{"type":"Point","coordinates":[-5.260927999999979,6.960904000000028]},"properties":{"id":4,"nom":"GESTHEMANE","type":"eglise","district_region":null,"departement_commune":null,"verifie":true,"name":"GESTHEMANE","source":"Géoportail ANSTAT"}},{"type":"Feature","geometry":{"type":"Point","coordinates":[-5.257350999999971,6.818695000000048]},"properties":{"id":5,"nom":"WINNERS CHAPEL INTERNATIONAL YAMOUSSOUKRO","type":"eglise","district_region":null,"departement_commune":null,"verifie":true,"name":"WINNERS CHAPEL INTERNATIONAL YAMOUSSOUKRO","source":"Géoportail ANSTAT"}},{"type":"Feature","geometry":{"type":"Point","coordinates":[-5.254568999999947,6.818314000000044]},"properties":{"id":7,"nom":"MINISTERE DE LA PRIERE VIVANTE","type":"eglise","district_region":null,"departement_commune":null,"verifie":true,"name":"MINISTERE DE LA PRIERE VIVANTE","source":"Géoportail ANSTAT"}},{"type":"Feature","geometry":{"type":"Point","coordinates":[-5.25426299999998,6.82166600000005]},"properties":{"id":8,"nom":"EGLISE DU CHRISTE INTERNATIONALE","type":"eglise","district_region":null,"departement_commune":null,"verifie":true,"name":"EGLISE DU CHRISTE INTERNATIONALE","source":"Géoportail ANSTAT"}},{"type":"Feature","geometry":{"type":"Point","coordinates":[-5.271904999999947,6.816945000000032]},"properties":{"id":9,"nom":"EGLISE CMA DE YAMOUSSOKRO","type":"eglise","district_region":null,"departement_commune":null,"verifie":true,"name":"EGLISE CMA DE YAMOUSSOKRO","source":"Géoportail ANSTAT"}},{"type":"Feature","geometry":{"type":"Point","coordinates":[-5.272433999999976,6.80854400000004]},"properties":{"id":10,"nom":"EGLISE BAPTISTE AEBECI","type":"eglise","district_region":null,"departement_commune":null,"verifie":true,"name":"EGLISE BAPTISTE AEBECI","source":"Géoportail ANSTAT"}},{"type":"Feature","geometry":{"type":"Point","coordinates":[-5.29323299999993,6.894749000000047]},"properties":{"id":11,"nom":"EGLISE PROTESTANTE","type":"eglise","district_region":null,"departement_commune":null,"verifie":true,"name":"EGLISE PROTESTANTE","source":"Géoportail ANSTAT"}},{"type":"Feature","geometry":{"type":"Point","coordinates":[-5.434141999999952,6.994400000000041]},"properties":{"id":12,"nom":"EGLISE CATHOLIQUE SAINT PAUL DE BOCABO","type":"eglise","district_region":null,"departement_commune":null,"verifie":true,"name":"EGLISE CATHOLIQUE SAINT PAUL DE BOCABO","source":"Géoportail ANSTAT"}},{"type":"Feature","geometry":{"type":"Point","coordinates":[-5.480080999999927,7.00129000000004]},"properties":{"id":13,"nom":"AEECI","type":"eglise","district_region":null,"departement_commune":null,"verifie":true,"name":"AEECI","source":"Géoportail ANSTAT"}},{"type":"Feature","geometry":{"type":"Point","coordinates":[-4.942166999999927,9.325636000000031]},"properties":{"id":14,"nom":"AEBECI","type":"eglise","district_region":null,"departement_commune":null,"verifie":true,"name":"AEBECI","source":"Géoportail ANSTAT"}},{"type":"Feature","geometry":{"type":"Point","coordinates":[-4.486215999999956,9.401952000000051]},"properties":{"id":15,"nom":"AEBEVI","type":"eglise","district_region":null,"departement_commune":null,"verifie":true,"name":"AEBEVI","source":"Géoportail ANSTAT"}},{"type":"Feature","geometry":{"type":"Point","coordinates":[-5.274426999999946,9.502268000000072]},"properties":{"id":16,"nom":"AEEBCI","type":"eglise","district_region":null,"departement_commune":null,"verifie":true,"name":"AEEBCI","source":"Géoportail ANSTAT"}},{"type":"Feature","geometry":{"type":"Point","coordinates":[-5.215607999999975,9.586714000000027]},"properties":{"id":17,"nom":"AEBECI","type":"eglise","district_region":null,"departement_commune":null,"verifie":true,"name":"AEBECI","source":"Géoportail ANSTAT"}},{"type":"Feature","geometry":{"type":"Point","coordinates":[-5.342249999999979,10.09898400000003]},"properties":{"id":18,"nom":"AEEBCI","type":"eglise","district_region":null,"departement_commune":null,"verifie":true,"name":"AEEBCI","source":"Géoportail ANSTAT"}},{"type":"Feature","geometry":{"type":"Point","coordinates":[-5.529602999999952,10.17700400000007]},"properties":{"id":19,"nom":"AEEBCI","type":"eglise","district_region":null,"departement_commune":null,"verifie":true,"name":"AEEBCI","source":"Géoportail ANSTAT"}},{"type":"Feature","geometry":{"type":"Point","coordinates":[-5.620587999999941,10.19634800000006]},"properties":{"id":20,"nom":"AEBECI","type":"eglise","district_region":null,"departement_commune":null,"verifie":true,"name":"AEBECI","source":"Géoportail ANSTAT"}},{"type":"Feature","geometry":{"type":"Point","coordinates":[-7.236149999999952,4.600371000000052]},"properties":{"id":21,"nom":"AEPECI","type":"eglise","district_region":null,"departement_commune":null,"verifie":true,"name":"AEPECI","source":"Géoportail ANSTAT"}},{"type":"Feature","geometry":{"type":"Point","coordinates":[-6.555222999999955,4.933334000000059]},"properties":{"id":23,"nom":"AEECI","type":"eglise","district_region":null,"departement_commune":null,"verifie":true,"name":"AEECI","source":"Géoportail ANSTAT"}},{"type":"Feature","geometry":{"type":"Point","coordinates":[-7.370535999999959,4.415081000000043]},"properties":{"id":24,"nom":"ADVENTISTE","type":"eglise","district_region":null,"departement_commune":null,"verifie":true,"name":"ADVENTISTE","source":"Géoportail ANSTAT"}},{"type":"Feature","geometry":{"type":"Point","coordinates":[-6.043185999999935,9.03786400000007]},"properties":{"id":25,"nom":"ABECHIOU","type":"eglise","district_region":null,"departement_commune":null,"verifie":true,"name":"ABECHIOU","source":"Géoportail ANSTAT"}},{"type":"Feature","geometry":{"type":"Point","coordinates":[-6.056137999999976,9.760023000000048]},"properties":{"id":26,"nom":"AEBECT DE PITIANGOMON","type":"eglise","district_region":null,"departement_commune":null,"verifie":true,"name":"AEBECT DE PITIANGOMON","source":"Géoportail ANSTAT"}},{"type":"Feature","geometry":{"type":"Point","coordinates":[-5.611384999999927,9.430386000000055]},"properties":{"id":27,"nom":"AEBECI ASSOCIATION DES EGLISE BAPTISE DE COTE D IVOIRE KORHOGO BELLE VILLE","type":"eglise","district_region":null,"departement_commune":null,"verifie":true,"name":"AEBECI ASSOCIATION DES EGLISE BAPTISE DE COTE D IVOIRE KORHOGO BELLE VILLE","source":"Géoportail ANSTAT"}},{"type":"Feature","geometry":{"type":"Point","coordinates":[-5.707392999999968,9.203583000000036]},"properties":{"id":28,"nom":"AEBECI","type":"eglise","district_region":null,"departement_commune":null,"verifie":true,"name":"AEBECI","source":"Géoportail ANSTAT"}},{"type":"Feature","geometry":{"type":"Point","coordinates":[-5.709595999999976,9.24554500000005]},"properties":{"id":29,"nom":"AEBECI","type":"eglise","district_region":null,"departement_commune":null,"verifie":true,"name":"AEBECI","source":"Géoportail ANSTAT"}},{"type":"Feature","geometry":{"type":"Point","coordinates":[-6.073939999999936,9.606025000000043]},"properties":{"id":30,"nom":"AEBECI DE NIOFOIN","type":"eglise","district_region":null,"departement_commune":null,"verifie":true,"name":"AEBECI DE NIOFOIN","source":"Géoportail ANSTAT"}},{"type":"Feature","geometry":{"type":"Point","coordinates":[-5.508966999999927,9.680457000000048]},"properties":{"id":31,"nom":"AEBECI","type":"eglise","district_region":null,"departement_commune":null,"verifie":true,"name":"AEBECI","source":"Géoportail ANSTAT"}},{"type":"Feature","geometry":{"type":"Point","coordinates":[-6.346368999999925,5.664328000000069]},"properties":{"id":32,"nom":"AECI","type":"eglise","district_region":null,"departement_commune":null,"verifie":true,"name":"AECI","source":"Géoportail ANSTAT"}},{"type":"Feature","geometry":{"type":"Point","coordinates":[-6.361833999999931,5.611856000000046]},"properties":{"id":33,"nom":"AECM","type":"eglise","district_region":null,"departement_commune":null,"verifie":true,"name":"AECM","source":"Géoportail ANSTAT"}},{"type":"Feature","geometry":{"type":"Point","coordinates":[-4.351160999999934,6.477557000000047]},"properties":{"id":34,"nom":"ADVENTIS DU 7EME JOUR","type":"eglise","district_region":null,"departement_commune":null,"verifie":true,"name":"ADVENTIS DU 7EME JOUR","source":"Géoportail ANSTAT"}},{"type":"Feature","geometry":{"type":"Point","coordinates":[-4.655397999999934,6.349047000000041]},"properties":{"id":35,"nom":"A D","type":"eglise","district_region":null,"departement_commune":null,"verifie":true,"name":"A D","source":"Géoportail ANSTAT"}},{"type":"Feature","geometry":{"type":"Point","coordinates":[-4.113656999999932,6.704020000000071]},"properties":{"id":36,"nom":"AFRICAN FAITH TABERNACLE DE COTE D IVOIRE","type":"eglise","district_region":null,"departement_commune":null,"verifie":true,"name":"AFRICAN FAITH TABERNACLE DE COTE D IVOIRE","source":"Géoportail ANSTAT"}},{"type":"Feature","geometry":{"type":"Point","coordinates":[-7.051623999999947,7.541158000000053]},"properties":{"id":37,"nom":"AEECI","type":"eglise","district_region":null,"departement_commune":null,"verifie":true,"name":"AEECI","source":"Géoportail ANSTAT"}},{"type":"Feature","geometry":{"type":"Point","coordinates":[-7.133493999999928,7.603990000000067]},"properties":{"id":38,"nom":"AEECI","type":"eglise","district_region":null,"departement_commune":null,"verifie":true,"name":"AEECI","source":"Géoportail ANSTAT"}},{"type":"Feature","geometry":{"type":"Point","coordinates":[-7.120864999999981,6.739426000000037]},"properties":{"id":39,"nom":"AEECI","type":"eglise","district_region":null,"departement_commune":null,"verifie":true,"name":"AEECI","source":"Géoportail ANSTAT"}},{"type":"Feature","geometry":{"type":"Point","coordinates":[-7.437388999999939,6.890178000000049]},"properties":{"id":40,"nom":"ABIKABA","type":"eglise","district_region":null,"departement_commune":null,"verifie":true,"name":"ABIKABA","source":"Géoportail ANSTAT"}},{"type":"Feature","geometry":{"type":"Point","coordinates":[-7.371651999999926,6.623024000000044]},"properties":{"id":41,"nom":"A ET CI","type":"eglise","district_region":null,"departement_commune":null,"verifie":true,"name":"A ET CI","source":"Géoportail ANSTAT"}},{"type":"Feature","geometry":{"type":"Point","coordinates":[-7.357543999999962,6.743529000000024]},"properties":{"id":42,"nom":"AEECI","type":"eglise","district_region":null,"departement_commune":null,"verifie":true,"name":"AEECI","source":"Géoportail ANSTAT"}},{"type":"Feature","geometry":{"type":"Point","coordinates":[-4.721795999999927,5.315484000000026]},"properties":{"id":43,"nom":"ADVENTICE DU SEPTIEME JOURS","type":"eglise","district_region":null,"departement_commune":null,"verifie":true,"name":"ADVENTICE DU SEPTIEME JOURS","source":"Géoportail ANSTAT"}},{"type":"Feature","geometry":{"type":"Point","coordinates":[-4.834980999999971,5.367452000000071]},"properties":{"id":44,"nom":"AD","type":"eglise","district_region":null,"departement_commune":null,"verifie":true,"name":"AD","source":"Géoportail ANSTAT"}},{"type":"Feature","geometry":{"type":"Point","coordinates":[-4.799407999999971,5.417219000000046]},"properties":{"id":45,"nom":"AD","type":"eglise","district_region":null,"departement_commune":null,"verifie":true,"name":"AD","source":"Géoportail ANSTAT"}},{"type":"Feature","geometry":{"type":"Point","coordinates":[-5.339149999999961,5.109884000000022]},"properties":{"id":46,"nom":"12 APOTRE","type":"eglise","district_region":null,"departement_commune":null,"verifie":true,"name":"12 APOTRE","source":"Géoportail ANSTAT"}},{"type":"Feature","geometry":{"type":"Point","coordinates":[-5.788514999999961,6.187797000000046]},"properties":{"id":48,"nom":"AASSEMBLEE DE DIEU","type":"eglise","district_region":null,"departement_commune":null,"verifie":true,"name":"AASSEMBLEE DE DIEU","source":"Géoportail ANSTAT"}},{"type":"Feature","geometry":{"type":"Point","coordinates":[-5.883216999999945,6.141034000000047]},"properties":{"id":49,"nom":"AEECI","type":"eglise","district_region":null,"departement_commune":null,"verifie":true,"name":"AEECI","source":"Géoportail ANSTAT"}},{"type":"Feature","geometry":{"type":"Point","coordinates":[-6.337978999999962,6.274292000000059]},"properties":{"id":50,"nom":"2ME","type":"eglise","district_region":null,"departement_commune":null,"verifie":true,"name":"2ME","source":"Géoportail ANSTAT"}},{"type":"Feature","geometry":{"type":"Point","coordinates":[-6.001585999999975,5.810072000000048]},"properties":{"id":51,"nom":"AEECI","type":"eglise","district_region":null,"departement_commune":null,"verifie":true,"name":"AEECI","source":"Géoportail ANSTAT"}},{"type":"Feature","geometry":{"type":"Point","coordinates":[-6.070183999999927,6.185798000000034]},"properties":{"id":52,"nom":"AFRIQUE SEMEURS","type":"eglise","district_region":null,"departement_commune":null,"verifie":true,"name":"AFRIQUE SEMEURS","source":"Géoportail ANSTAT"}},{"type":"Feature","geometry":{"type":"Point","coordinates":[-5.457216999999957,6.437338000000068]},"properties":{"id":53,"nom":"AEECI PENIEL","type":"eglise","district_region":null,"departement_commune":null,"verifie":true,"name":"AEECI PENIEL","source":"Géoportail ANSTAT"}},{"type":"Feature","geometry":{"type":"Point","coordinates":[-5.555610999999942,6.427351000000044]},"properties":{"id":54,"nom":"AEECI","type":"eglise","district_region":null,"departement_commune":null,"verifie":true,"name":"AEECI","source":"Géoportail ANSTAT"}},{"type":"Feature","geometry":{"type":"Point","coordinates":[-5.608673999999951,6.438732000000073]},"properties":{"id":55,"nom":"AECI","type":"eglise","district_region":null,"departement_commune":null,"verifie":true,"name":"AECI","source":"Géoportail ANSTAT"}},{"type":"Feature","geometry":{"type":"Point","coordinates":[-5.641107999999974,6.447528000000034]},"properties":{"id":56,"nom":"AICI","type":"eglise","district_region":null,"departement_commune":null,"verifie":true,"name":"AICI","source":"Géoportail ANSTAT"}},{"type":"Feature","geometry":{"type":"Point","coordinates":[-5.703608999999972,6.471704000000045]},"properties":{"id":57,"nom":"AEECI","type":"eglise","district_region":null,"departement_commune":null,"verifie":true,"name":"AEECI","source":"Géoportail ANSTAT"}},{"type":"Feature","geometry":{"type":"Point","coordinates":[-5.71344199999993,6.443699000000038]},"properties":{"id":58,"nom":"AEECI","type":"eglise","district_region":null,"departement_commune":null,"verifie":true,"name":"AEECI","source":"Géoportail ANSTAT"}},{"type":"Feature","geometry":{"type":"Point","coordinates":[-5.412218999999936,6.386934000000053]},"properties":{"id":59,"nom":"AEECI","type":"eglise","district_region":null,"departement_commune":null,"verifie":true,"name":"AEECI","source":"Géoportail ANSTAT"}},{"type":"Feature","geometry":{"type":"Point","coordinates":[-5.658521999999948,6.320999000000029]},"properties":{"id":60,"nom":"A ISI","type":"eglise","district_region":null,"departement_commune":null,"verifie":true,"name":"A ISI","source":"Géoportail ANSTAT"}},{"type":"Feature","geometry":{"type":"Point","coordinates":[-5.669207999999969,6.227441000000056]},"properties":{"id":61,"nom":"AICI","type":"eglise","district_region":null,"departement_commune":null,"verifie":true,"name":"AICI","source":"Géoportail ANSTAT"}},{"type":"Feature","geometry":{"type":"Point","coordinates":[-5.689842999999939,6.358725000000049]},"properties":{"id":62,"nom":"AEECI","type":"eglise","district_region":null,"departement_commune":null,"verifie":true,"name":"AEECI","source":"Géoportail ANSTAT"}},{"type":"Feature","geometry":{"type":"Point","coordinates":[-5.737005999999951,6.332023000000049]},"properties":{"id":63,"nom":"AEECI","type":"eglise","district_region":null,"departement_commune":null,"verifie":true,"name":"AEECI","source":"Géoportail ANSTAT"}},{"type":"Feature","geometry":{"type":"Point","coordinates":[-5.703004999999962,6.190818000000036]},"properties":{"id":64,"nom":"3GLISE DU CHRIST MISSION HARRIS DITE EGLISE HARRISTE","type":"eglise","district_region":null,"departement_commune":null,"verifie":true,"name":"3GLISE DU CHRIST MISSION HARRIS DITE EGLISE HARRISTE","source":"Géoportail ANSTAT"}},{"type":"Feature","geometry":{"type":"Point","coordinates":[-5.956614999999942,5.053545000000042]},"properties":{"id":66,"nom":"AD","type":"eglise","district_region":null,"departement_commune":null,"verifie":true,"name":"AD","source":"Géoportail ANSTAT"}},{"type":"Feature","geometry":{"type":"Point","coordinates":[-5.888343999999961,5.427904000000069]},"properties":{"id":67,"nom":"AICI","type":"eglise","district_region":null,"departement_commune":null,"verifie":true,"name":"AICI","source":"Géoportail ANSTAT"}},{"type":"Feature","geometry":{"type":"Point","coordinates":[-4.817900999999949,6.430666000000031]},"properties":{"id":68,"nom":"AECI","type":"eglise","district_region":null,"departement_commune":null,"verifie":true,"name":"AECI","source":"Géoportail ANSTAT"}},{"type":"Feature","geometry":{"type":"Point","coordinates":[-4.882104999999967,6.92974300000003]},"properties":{"id":69,"nom":"AEECI","type":"eglise","district_region":null,"departement_commune":null,"verifie":true,"name":"AEECI","source":"Géoportail ANSTAT"}},{"type":"Feature","geometry":{"type":"Point","coordinates":[-4.951956999999936,7.069834000000071]},"properties":{"id":70,"nom":"AEECI","type":"eglise","district_region":null,"departement_commune":null,"verifie":true,"name":"AEECI","source":"Géoportail ANSTAT"}},{"type":"Feature","geometry":{"type":"Point","coordinates":[-4.971848999999963,7.048623000000021]},"properties":{"id":71,"nom":"AE CI","type":"eglise","district_region":null,"departement_commune":null,"verifie":true,"name":"AE CI","source":"Géoportail ANSTAT"}},{"type":"Feature","geometry":{"type":"Point","coordinates":[-5.110768999999948,6.476141000000041]},"properties":{"id":72,"nom":"2ME","type":"eglise","district_region":null,"departement_commune":null,"verifie":true,"name":"2ME","source":"Géoportail ANSTAT"}},{"type":"Feature","geometry":{"type":"Point","coordinates":[-4.220698999999968,5.532886000000076]},"properties":{"id":73,"nom":"A D","type":"eglise","district_region":null,"departement_commune":null,"verifie":true,"name":"A D","source":"Géoportail ANSTAT"}},{"type":"Feature","geometry":{"type":"Point","coordinates":[-6.70823699999994,8.376139000000023]},"properties":{"id":76,"nom":"AECI","type":"eglise","district_region":null,"departement_commune":null,"verifie":true,"name":"AECI","source":"Géoportail ANSTAT"}},{"type":"Feature","geometry":{"type":"Point","coordinates":[-6.754785999999967,8.328726000000074]},"properties":{"id":77,"nom":"AEECI DE PAULKRO","type":"eglise","district_region":null,"departement_commune":null,"verifie":true,"name":"AEECI DE PAULKRO","source":"Géoportail ANSTAT"}},{"type":"Feature","geometry":{"type":"Point","coordinates":[-7.074903999999947,8.03957500000007]},"properties":{"id":78,"nom":"AEBCI","type":"eglise","district_region":null,"departement_commune":null,"verifie":true,"name":"AEBCI","source":"Géoportail ANSTAT"}},{"type":"Feature","geometry":{"type":"Point","coordinates":[-6.705929999999967,7.79001100000005]},"properties":{"id":79,"nom":"AEECI","type":"eglise","district_region":null,"departement_commune":null,"verifie":true,"name":"AEECI","source":"Géoportail ANSTAT"}},{"type":"Feature","geometry":{"type":"Point","coordinates":[-6.290454999999952,7.823507000000063]},"properties":{"id":80,"nom":"AEECI","type":"eglise","district_region":null,"departement_commune":null,"verifie":true,"name":"AEECI","source":"Géoportail ANSTAT"}},{"type":"Feature","geometry":{"type":"Point","coordinates":[-6.664611999999977,8.353105000000028]},"properties":{"id":81,"nom":"AEECI DE NGOKRO","type":"eglise","district_region":null,"departement_commune":null,"verifie":true,"name":"AEECI DE NGOKRO","source":"Géoportail ANSTAT"}},{"type":"Feature","geometry":{"type":"Point","coordinates":[-6.050955999999928,6.934593000000064]},"properties":{"id":83,"nom":"AEBECI","type":"eglise","district_region":null,"departement_commune":null,"verifie":true,"name":"AEBECI","source":"Géoportail ANSTAT"}},{"type":"Feature","geometry":{"type":"Point","coordinates":[-5.73948699999994,7.002477000000056]},"properties":{"id":84,"nom":"AEECI","type":"eglise","district_region":null,"departement_commune":null,"verifie":true,"name":"AEECI","source":"Géoportail ANSTAT"}},{"type":"Feature","geometry":{"type":"Point","coordinates":[-5.730703999999946,6.988120000000038]},"properties":{"id":85,"nom":"AEECI","type":"eglise","district_region":null,"departement_commune":null,"verifie":true,"name":"AEECI","source":"Géoportail ANSTAT"}},{"type":"Feature","geometry":{"type":"Point","coordinates":[-5.600914999999929,6.647650000000056]},"properties":{"id":86,"nom":"AECI","type":"eglise","district_region":null,"departement_commune":null,"verifie":true,"name":"AECI","source":"Géoportail ANSTAT"}},{"type":"Feature","geometry":{"type":"Point","coordinates":[-5.60178499999995,6.652671000000055]},"properties":{"id":87,"nom":"AEECI","type":"eglise","district_region":null,"departement_commune":null,"verifie":true,"name":"AEECI","source":"Géoportail ANSTAT"}},{"type":"Feature","geometry":{"type":"Point","coordinates":[-5.827754999999968,7.42126200000007]},"properties":{"id":88,"nom":"AEECI","type":"eglise","district_region":null,"departement_commune":null,"verifie":true,"name":"AEECI","source":"Géoportail ANSTAT"}},{"type":"Feature","geometry":{"type":"Point","coordinates":[-5.830576999999948,7.512714000000074]},"properties":{"id":89,"nom":"AEECI","type":"eglise","district_region":null,"departement_commune":null,"verifie":true,"name":"AEECI","source":"Géoportail ANSTAT"}},{"type":"Feature","geometry":{"type":"Point","coordinates":[-5.852218999999934,7.671554000000071]},"properties":{"id":90,"nom":"AECI","type":"eglise","district_region":null,"departement_commune":null,"verifie":true,"name":"AECI","source":"Géoportail ANSTAT"}},{"type":"Feature","geometry":{"type":"Point","coordinates":[-5.884181999999953,7.531878000000063]},"properties":{"id":91,"nom":"AEECI","type":"eglise","district_region":null,"departement_commune":null,"verifie":true,"name":"AEECI","source":"Géoportail ANSTAT"}},{"type":"Feature","geometry":{"type":"Point","coordinates":[-5.916508999999962,7.482942000000037]},"properties":{"id":92,"nom":"AECCI","type":"eglise","district_region":null,"departement_commune":null,"verifie":true,"name":"AECCI","source":"Géoportail ANSTAT"}},{"type":"Feature","geometry":{"type":"Point","coordinates":[-5.931178999999929,7.711760000000027]},"properties":{"id":93,"nom":"AD","type":"eglise","district_region":null,"departement_commune":null,"verifie":true,"name":"AD","source":"Géoportail ANSTAT"}},{"type":"Feature","geometry":{"type":"Point","coordinates":[-5.932341999999949,7.706652000000076]},"properties":{"id":94,"nom":"AEECI","type":"eglise","district_region":null,"departement_commune":null,"verifie":true,"name":"AEECI","source":"Géoportail ANSTAT"}},{"type":"Feature","geometry":{"type":"Point","coordinates":[-5.935926999999936,7.68711200000007]},"properties":{"id":95,"nom":"AEECI","type":"eglise","district_region":null,"departement_commune":null,"verifie":true,"name":"AEECI","source":"Géoportail ANSTAT"}},{"type":"Feature","geometry":{"type":"Point","coordinates":[-5.939803999999981,7.655015000000049]},"properties":{"id":96,"nom":"AEECI","type":"eglise","district_region":null,"departement_commune":null,"verifie":true,"name":"AEECI","source":"Géoportail ANSTAT"}},{"type":"Feature","geometry":{"type":"Point","coordinates":[-5.945343999999977,7.635254000000032]},"properties":{"id":97,"nom":"AEECI","type":"eglise","district_region":null,"departement_commune":null,"verifie":true,"name":"AEECI","source":"Géoportail ANSTAT"}},{"type":"Feature","geometry":{"type":"Point","coordinates":[-5.974332999999945,7.532295000000033]},"properties":{"id":98,"nom":"AEECI","type":"eglise","district_region":null,"departement_commune":null,"verifie":true,"name":"AEECI","source":"Géoportail ANSTAT"}},{"type":"Feature","geometry":{"type":"Point","coordinates":[-5.978504999999927,7.519959000000028]},"properties":{"id":99,"nom":"A   E   E   C  I","type":"eglise","district_region":null,"departement_commune":null,"verifie":true,"name":"A   E   E   C  I","source":"Géoportail ANSTAT"}},{"type":"Feature","geometry":{"type":"Point","coordinates":[-5.975597999999934,7.46540600000003]},"properties":{"id":100,"nom":"AEECI","type":"eglise","district_region":null,"departement_commune":null,"verifie":true,"name":"AEECI","source":"Géoportail ANSTAT"}},{"type":"Feature","geometry":{"type":"Point","coordinates":[-6.095583999999974,7.457715000000064]},"properties":{"id":101,"nom":"AEECI","type":"eglise","district_region":null,"departement_commune":null,"verifie":true,"name":"AEECI","source":"Géoportail ANSTAT"}},{"type":"Feature","geometry":{"type":"Point","coordinates":[-6.144873999999959,7.60199700000004]},"properties":{"id":102,"nom":"AECI","type":"eglise","district_region":null,"departement_commune":null,"verifie":true,"name":"AECI","source":"Géoportail ANSTAT"}},{"type":"Feature","geometry":{"type":"Point","coordinates":[-6.176541999999927,7.349368000000027]},"properties":{"id":103,"nom":"AEECI DHEZRA1","type":"eglise","district_region":null,"departement_commune":null,"verifie":true,"name":"AEECI DHEZRA1","source":"Géoportail ANSTAT"}},{"type":"Feature","geometry":{"type":"Point","coordinates":[-6.206891999999925,7.477839000000074]},"properties":{"id":104,"nom":"AD","type":"eglise","district_region":null,"departement_commune":null,"verifie":true,"name":"AD","source":"Géoportail ANSTAT"}},{"type":"Feature","geometry":{"type":"Point","coordinates":[-6.21885999999995,7.324049000000059]},"properties":{"id":105,"nom":"AEECI","type":"eglise","district_region":null,"departement_commune":null,"verifie":true,"name":"AEECI","source":"Géoportail ANSTAT"}},{"type":"Feature","geometry":{"type":"Point","coordinates":[-6.234400999999934,7.302204000000074]},"properties":{"id":106,"nom":"AEECI SRAZRA","type":"eglise","district_region":null,"departement_commune":null,"verifie":true,"name":"AEECI SRAZRA","source":"Géoportail ANSTAT"}},{"type":"Feature","geometry":{"type":"Point","coordinates":[-6.247836999999947,7.28007400000007]},"properties":{"id":107,"nom":"AEECI","type":"eglise","district_region":null,"departement_commune":null,"verifie":true,"name":"AEECI","source":"Géoportail ANSTAT"}},{"type":"Feature","geometry":{"type":"Point","coordinates":[-6.247846999999979,7.278924000000075]},"properties":{"id":108,"nom":"AEECI","type":"eglise","district_region":null,"departement_commune":null,"verifie":true,"name":"AEECI","source":"Géoportail ANSTAT"}},{"type":"Feature","geometry":{"type":"Point","coordinates":[-6.366767999999979,7.267541000000051]},"properties":{"id":109,"nom":"AEECI","type":"eglise","district_region":null,"departement_commune":null,"verifie":true,"name":"AEECI","source":"Géoportail ANSTAT"}},{"type":"Feature","geometry":{"type":"Point","coordinates":[-5.538677999999948,6.914250000000038]},"properties":{"id":110,"nom":"AEECI","type":"eglise","district_region":null,"departement_commune":null,"verifie":true,"name":"AEECI","source":"Géoportail ANSTAT"}},{"type":"Feature","geometry":{"type":"Point","coordinates":[-5.584341999999936,6.954939000000024]},"properties":{"id":111,"nom":"AEECI","type":"eglise","district_region":null,"departement_commune":null,"verifie":true,"name":"AEECI","source":"Géoportail ANSTAT"}},{"type":"Feature","geometry":{"type":"Point","coordinates":[-5.584010999999975,6.92228700000004]},"properties":{"id":112,"nom":"AEECI TEMPLE DU REPOS SINAI","type":"eglise","district_region":null,"departement_commune":null,"verifie":true,"name":"AEECI TEMPLE DU REPOS SINAI","source":"Géoportail ANSTAT"}},{"type":"Feature","geometry":{"type":"Point","coordinates":[-5.608115999999939,6.921187000000032]},"properties":{"id":113,"nom":"AEECI","type":"eglise","district_region":null,"departement_commune":null,"verifie":true,"name":"AEECI","source":"Géoportail ANSTAT"}},{"type":"Feature","geometry":{"type":"Point","coordinates":[-5.649495999999942,6.995058000000029]},"properties":{"id":114,"nom":"AIICI","type":"eglise","district_region":null,"departement_commune":null,"verifie":true,"name":"AIICI","source":"Géoportail ANSTAT"}},{"type":"Feature","geometry":{"type":"Point","coordinates":[-5.680999999999926,7.063243000000057]},"properties":{"id":115,"nom":"A E E CI","type":"eglise","district_region":null,"departement_commune":null,"verifie":true,"name":"A E E CI","source":"Géoportail ANSTAT"}},{"type":"Feature","geometry":{"type":"Point","coordinates":[-5.793362999999943,6.843863000000056]},"properties":{"id":116,"nom":"AEECI","type":"eglise","district_region":null,"departement_commune":null,"verifie":true,"name":"AEECI","source":"Géoportail ANSTAT"}},{"type":"Feature","geometry":{"type":"Point","coordinates":[-5.834389999999928,6.918496000000061]},"properties":{"id":117,"nom":"AEECI","type":"eglise","district_region":null,"departement_commune":null,"verifie":true,"name":"AEECI","source":"Géoportail ANSTAT"}},{"type":"Feature","geometry":{"type":"Point","coordinates":[-5.864387999999963,7.293540000000064]},"properties":{"id":118,"nom":"AEBCI","type":"eglise","district_region":null,"departement_commune":null,"verifie":true,"name":"AEBCI","source":"Géoportail ANSTAT"}},{"type":"Feature","geometry":{"type":"Point","coordinates":[-5.872127999999975,6.945292000000052]},"properties":{"id":119,"nom":"AEECI","type":"eglise","district_region":null,"departement_commune":null,"verifie":true,"name":"AEECI","source":"Géoportail ANSTAT"}},{"type":"Feature","geometry":{"type":"Point","coordinates":[-5.869393999999943,6.790124000000048]},"properties":{"id":120,"nom":"AEECI","type":"eglise","district_region":null,"departement_commune":null,"verifie":true,"name":"AEECI","source":"Géoportail ANSTAT"}},{"type":"Feature","geometry":{"type":"Point","coordinates":[-5.950440999999955,6.690588000000048]},"properties":{"id":121,"nom":"ACTION MISSIONNAIRE MEAMCI","type":"eglise","district_region":null,"departement_commune":null,"verifie":true,"name":"ACTION MISSIONNAIRE MEAMCI","source":"Géoportail ANSTAT"}},{"type":"Feature","geometry":{"type":"Point","coordinates":[-6.014397999999971,7.01431400000007]},"properties":{"id":122,"nom":"AEECI2","type":"eglise","district_region":null,"departement_commune":null,"verifie":true,"name":"AEECI2","source":"Géoportail ANSTAT"}},{"type":"Feature","geometry":{"type":"Point","coordinates":[-6.116500999999971,6.836196000000029]},"properties":{"id":123,"nom":"AECI CAMP DE PRIERE","type":"eglise","district_region":null,"departement_commune":null,"verifie":true,"name":"AECI CAMP DE PRIERE","source":"Géoportail ANSTAT"}},{"type":"Feature","geometry":{"type":"Point","coordinates":[-6.061562999999978,6.790936000000045]},"properties":{"id":124,"nom":"AECI DE ZAGUIETA","type":"eglise","district_region":null,"departement_commune":null,"verifie":true,"name":"AECI DE ZAGUIETA","source":"Géoportail ANSTAT"}},{"type":"Feature","geometry":{"type":"Point","coordinates":[-6.066067999999973,6.785249000000022]},"properties":{"id":125,"nom":"AFRICAINE DU REVEIL DE SAYETA","type":"eglise","district_region":null,"departement_commune":null,"verifie":true,"name":"AFRICAINE DU REVEIL DE SAYETA","source":"Géoportail ANSTAT"}},{"type":"Feature","geometry":{"type":"Point","coordinates":[-5.921675999999934,6.952078000000029]},"properties":{"id":126,"nom":"AECI","type":"eglise","district_region":null,"departement_commune":null,"verifie":true,"name":"AECI","source":"Géoportail ANSTAT"}},{"type":"Feature","geometry":{"type":"Point","coordinates":[-5.956798999999933,6.893979000000058]},"properties":{"id":127,"nom":"AECI","type":"eglise","district_region":null,"departement_commune":null,"verifie":true,"name":"AECI","source":"Géoportail ANSTAT"}},{"type":"Feature","geometry":{"type":"Point","coordinates":[-5.743100999999967,6.526053000000047]},"properties":{"id":128,"nom":"AEECI","type":"eglise","district_region":null,"departement_commune":null,"verifie":true,"name":"AEECI","source":"Géoportail ANSTAT"}},{"type":"Feature","geometry":{"type":"Point","coordinates":[-5.803722999999934,6.564923000000022]},"properties":{"id":129,"nom":"2ME MONDIAL EVANGELICO","type":"eglise","district_region":null,"departement_commune":null,"verifie":true,"name":"2ME MONDIAL EVANGELICO","source":"Géoportail ANSTAT"}},{"type":"Feature","geometry":{"type":"Point","coordinates":[-5.824573999999927,6.644392000000039]},"properties":{"id":130,"nom":"AEECI","type":"eglise","district_region":null,"departement_commune":null,"verifie":true,"name":"AEECI","source":"Géoportail ANSTAT"}},{"type":"Feature","geometry":{"type":"Point","coordinates":[-6.031694999999957,6.614944000000037]},"properties":{"id":131,"nom":"AEECI","type":"eglise","district_region":null,"departement_commune":null,"verifie":true,"name":"AEECI","source":"Géoportail ANSTAT"}},{"type":"Feature","geometry":{"type":"Point","coordinates":[-5.562783999999965,6.612403000000029]},"properties":{"id":132,"nom":"AEECI","type":"eglise","district_region":null,"departement_commune":null,"verifie":true,"name":"AEECI","source":"Géoportail ANSTAT"}},{"type":"Feature","geometry":{"type":"Point","coordinates":[-5.558731999999964,6.583946000000026]},"properties":{"id":133,"nom":"AECI","type":"eglise","district_region":null,"departement_commune":null,"verifie":true,"name":"AECI","source":"Géoportail ANSTAT"}},{"type":"Feature","geometry":{"type":"Point","coordinates":[-5.446587999999963,6.66222700000003]},"properties":{"id":134,"nom":"AEECI","type":"eglise","district_region":null,"departement_commune":null,"verifie":true,"name":"AEECI","source":"Géoportail ANSTAT"}},{"type":"Feature","geometry":{"type":"Point","coordinates":[-5.91873899999996,6.630814000000044]},"properties":{"id":135,"nom":"AECI","type":"eglise","district_region":null,"departement_commune":null,"verifie":true,"name":"AECI","source":"Géoportail ANSTAT"}},{"type":"Feature","geometry":{"type":"Point","coordinates":[-4.995755999999972,7.731523000000038]},"properties":{"id":136,"nom":"AEB DE BOUAKE","type":"eglise","district_region":null,"departement_commune":null,"verifie":true,"name":"AEB DE BOUAKE","source":"Géoportail ANSTAT"}},{"type":"Feature","geometry":{"type":"Point","coordinates":[-5.067252999999937,7.672466000000043]},"properties":{"id":137,"nom":"AEECI","type":"eglise","district_region":null,"departement_commune":null,"verifie":true,"name":"AEECI","source":"Géoportail ANSTAT"}},{"type":"Feature","geometry":{"type":"Point","coordinates":[-5.61949999999996,7.417867000000058]},"properties":{"id":138,"nom":"AEECI","type":"eglise","district_region":null,"departement_commune":null,"verifie":true,"name":"AEECI","source":"Géoportail ANSTAT"}},{"type":"Feature","geometry":{"type":"Point","coordinates":[-5.505042999999944,7.95817500000004]},"properties":{"id":139,"nom":"ACM","type":"eglise","district_region":null,"departement_commune":null,"verifie":true,"name":"ACM","source":"Géoportail ANSTAT"}},{"type":"Feature","geometry":{"type":"Point","coordinates":[-5.457439999999963,8.096120000000042]},"properties":{"id":140,"nom":"AESI","type":"eglise","district_region":null,"departement_commune":null,"verifie":true,"name":"AESI","source":"Géoportail ANSTAT"}},{"type":"Feature","geometry":{"type":"Point","coordinates":[-4.318818999999962,6.868955000000028]},"properties":{"id":141,"nom":"AD","type":"eglise","district_region":null,"departement_commune":null,"verifie":true,"name":"AD","source":"Géoportail ANSTAT"}},{"type":"Feature","geometry":{"type":"Point","coordinates":[-4.241773999999964,6.891602000000034]},"properties":{"id":142,"nom":"3CE","type":"eglise","district_region":null,"departement_commune":null,"verifie":true,"name":"3CE","source":"Géoportail ANSTAT"}},{"type":"Feature","geometry":{"type":"Point","coordinates":[-4.334209999999928,7.11266100000006]},"properties":{"id":143,"nom":"ADVENTISTE","type":"eglise","district_region":null,"departement_commune":null,"verifie":true,"name":"ADVENTISTE","source":"Géoportail ANSTAT"}},{"type":"Feature","geometry":{"type":"Point","coordinates":[-4.713505999999938,6.65910800000006]},"properties":{"id":144,"nom":"ACTION DU CIEL","type":"eglise","district_region":null,"departement_commune":null,"verifie":true,"name":"ACTION DU CIEL","source":"Géoportail ANSTAT"}},{"type":"Feature","geometry":{"type":"Point","coordinates":[-4.699110999999959,6.660777000000053]},"properties":{"id":145,"nom":"AEECI DIMBOKRO","type":"eglise","district_region":null,"departement_commune":null,"verifie":true,"name":"AEECI DIMBOKRO","source":"Géoportail ANSTAT"}},{"type":"Feature","geometry":{"type":"Point","coordinates":[-4.701340999999957,6.664144000000022]},"properties":{"id":146,"nom":"AERECI","type":"eglise","district_region":null,"departement_commune":null,"verifie":true,"name":"AERECI","source":"Géoportail ANSTAT"}},{"type":"Feature","geometry":{"type":"Point","coordinates":[-4.364285999999936,6.889282000000037]},"properties":{"id":147,"nom":"3CE","type":"eglise","district_region":null,"departement_commune":null,"verifie":true,"name":"3CE","source":"Géoportail ANSTAT"}},{"type":"Feature","geometry":{"type":"Point","coordinates":[-4.404015999999956,7.14734100000004]},"properties":{"id":148,"nom":"ADVENTISTE","type":"eglise","district_region":null,"departement_commune":null,"verifie":true,"name":"ADVENTISTE","source":"Géoportail ANSTAT"}},{"type":"Feature","geometry":{"type":"Point","coordinates":[-7.924391999999955,6.542418000000055]},"properties":{"id":149,"nom":"AEECI DE POHAN","type":"eglise","district_region":null,"departement_commune":null,"verifie":true,"name":"AEECI DE POHAN","source":"Géoportail ANSTAT"}},{"type":"Feature","geometry":{"type":"Point","coordinates":[-8.492899999999963,6.540606000000025]},"properties":{"id":150,"nom":"ADVENTISTE","type":"eglise","district_region":null,"departement_commune":null,"verifie":true,"name":"ADVENTISTE","source":"Géoportail ANSTAT"}},{"type":"Feature","geometry":{"type":"Point","coordinates":[-6.416007999999977,7.321186000000068]},"properties":{"id":151,"nom":"AEECI","type":"eglise","district_region":null,"departement_commune":null,"verifie":true,"name":"AEECI","source":"Géoportail ANSTAT"}},{"type":"Feature","geometry":{"type":"Point","coordinates":[-6.402422999999942,7.253971000000035]},"properties":{"id":152,"nom":"AEECI","type":"eglise","district_region":null,"departement_commune":null,"verifie":true,"name":"AEECI","source":"Géoportail ANSTAT"}},{"type":"Feature","geometry":{"type":"Point","coordinates":[-6.521670999999969,7.238883000000044]},"properties":{"id":153,"nom":"AEECI","type":"eglise","district_region":null,"departement_commune":null,"verifie":true,"name":"AEECI","source":"Géoportail ANSTAT"}},{"type":"Feature","geometry":{"type":"Point","coordinates":[-6.469883999999979,7.233418000000029]},"properties":{"id":154,"nom":"AEECI","type":"eglise","district_region":null,"departement_commune":null,"verifie":true,"name":"AEECI","source":"Géoportail ANSTAT"}},{"type":"Feature","geometry":{"type":"Point","coordinates":[-6.483237999999972,7.130985000000067]},"properties":{"id":155,"nom":"AEBECI","type":"eglise","district_region":null,"departement_commune":null,"verifie":true,"name":"AEBECI","source":"Géoportail ANSTAT"}},{"type":"Feature","geometry":{"type":"Point","coordinates":[-6.478991999999948,7.12846600000006]},"properties":{"id":156,"nom":"AEECI","type":"eglise","district_region":null,"departement_commune":null,"verifie":true,"name":"AEECI","source":"Géoportail ANSTAT"}},{"type":"Feature","geometry":{"type":"Point","coordinates":[-6.429653999999971,7.317289000000073]},"properties":{"id":157,"nom":"AEECI","type":"eglise","district_region":null,"departement_commune":null,"verifie":true,"name":"AEECI","source":"Géoportail ANSTAT"}},{"type":"Feature","geometry":{"type":"Point","coordinates":[-6.398334999999975,7.290231000000063]},"properties":{"id":158,"nom":"AEECI","type":"eglise","district_region":null,"departement_commune":null,"verifie":true,"name":"AEECI","source":"Géoportail ANSTAT"}},{"type":"Feature","geometry":{"type":"Point","coordinates":[-6.508816999999965,7.302781000000039]},"properties":{"id":159,"nom":"AEECI","type":"eglise","district_region":null,"departement_commune":null,"verifie":true,"name":"AEECI","source":"Géoportail ANSTAT"}},{"type":"Feature","geometry":{"type":"Point","coordinates":[-6.463818999999944,7.612294000000077]},"properties":{"id":160,"nom":"AEBECI","type":"eglise","district_region":null,"departement_commune":null,"verifie":true,"name":"AEBECI","source":"Géoportail ANSTAT"}},{"type":"Feature","geometry":{"type":"Point","coordinates":[-6.515107999999941,7.456656000000066]},"properties":{"id":161,"nom":"AEECI","type":"eglise","district_region":null,"departement_commune":null,"verifie":true,"name":"AEECI","source":"Géoportail ANSTAT"}},{"type":"Feature","geometry":{"type":"Point","coordinates":[-6.560615999999925,7.456994000000066]},"properties":{"id":162,"nom":"AEECI","type":"eglise","district_region":null,"departement_commune":null,"verifie":true,"name":"AEECI","source":"Géoportail ANSTAT"}},{"type":"Feature","geometry":{"type":"Point","coordinates":[-6.519133999999951,7.613758000000075]},"properties":{"id":163,"nom":"AEBECI","type":"eglise","district_region":null,"departement_commune":null,"verifie":true,"name":"AEBECI","source":"Géoportail ANSTAT"}},{"type":"Feature","geometry":{"type":"Point","coordinates":[-6.519879999999944,7.605183000000068]},"properties":{"id":164,"nom":"AEECI","type":"eglise","district_region":null,"departement_commune":null,"verifie":true,"name":"AEECI","source":"Géoportail ANSTAT"}},{"type":"Feature","geometry":{"type":"Point","coordinates":[-6.571301999999946,7.716686000000038]},"properties":{"id":165,"nom":"AEECI","type":"eglise","district_region":null,"departement_commune":null,"verifie":true,"name":"AEECI","source":"Géoportail ANSTAT"}},{"type":"Feature","geometry":{"type":"Point","coordinates":[-6.589179999999942,7.286913000000027]},"properties":{"id":166,"nom":"AEECI","type":"eglise","district_region":null,"departement_commune":null,"verifie":true,"name":"AEECI","source":"Géoportail ANSTAT"}},{"type":"Feature","geometry":{"type":"Point","coordinates":[-6.622479999999939,7.297376000000042]},"properties":{"id":167,"nom":"AEECI DE DJANGO KOUAMEKRO","type":"eglise","district_region":null,"departement_commune":null,"verifie":true,"name":"AEECI DE DJANGO KOUAMEKRO","source":"Géoportail ANSTAT"}},{"type":"Feature","geometry":{"type":"Point","coordinates":[-6.641210999999942,7.184789000000023]},"properties":{"id":168,"nom":"AEECI","type":"eglise","district_region":null,"departement_commune":null,"verifie":true,"name":"AEECI","source":"Géoportail ANSTAT"}},{"type":"Feature","geometry":{"type":"Point","coordinates":[-6.674337999999977,7.168444000000022]},"properties":{"id":169,"nom":"AEECI","type":"eglise","district_region":null,"departement_commune":null,"verifie":true,"name":"AEECI","source":"Géoportail ANSTAT"}},{"type":"Feature","geometry":{"type":"Point","coordinates":[-6.685179999999946,7.245630000000062]},"properties":{"id":170,"nom":"AEECI","type":"eglise","district_region":null,"departement_commune":null,"verifie":true,"name":"AEECI","source":"Géoportail ANSTAT"}},{"type":"Feature","geometry":{"type":"Point","coordinates":[-6.497534999999971,7.697719000000063]},"properties":{"id":171,"nom":"AEBCI","type":"eglise","district_region":null,"departement_commune":null,"verifie":true,"name":"AEBCI","source":"Géoportail ANSTAT"}},{"type":"Feature","geometry":{"type":"Point","coordinates":[-6.605795999999941,7.397729000000027]},"properties":{"id":172,"nom":"AECI","type":"eglise","district_region":null,"departement_commune":null,"verifie":true,"name":"AECI","source":"Géoportail ANSTAT"}},{"type":"Feature","geometry":{"type":"Point","coordinates":[-6.586663999999928,7.464184000000046]},"properties":{"id":173,"nom":"AEECI","type":"eglise","district_region":null,"departement_commune":null,"verifie":true,"name":"AEECI","source":"Géoportail ANSTAT"}},{"type":"Feature","geometry":{"type":"Point","coordinates":[-6.623543999999981,7.373309000000063]},"properties":{"id":174,"nom":"AEECI","type":"eglise","district_region":null,"departement_commune":null,"verifie":true,"name":"AEECI","source":"Géoportail ANSTAT"}},{"type":"Feature","geometry":{"type":"Point","coordinates":[-6.650643999999943,7.414082000000064]},"properties":{"id":175,"nom":"AECI","type":"eglise","district_region":null,"departement_commune":null,"verifie":true,"name":"AECI","source":"Géoportail ANSTAT"}},{"type":"Feature","geometry":{"type":"Point","coordinates":[-6.742085999999972,7.455730000000074]},"properties":{"id":176,"nom":"AECI","type":"eglise","district_region":null,"departement_commune":null,"verifie":true,"name":"AECI","source":"Géoportail ANSTAT"}},{"type":"Feature","geometry":{"type":"Point","coordinates":[-6.701809999999966,7.525321000000076]},"properties":{"id":177,"nom":"AEECI","type":"eglise","district_region":null,"departement_commune":null,"verifie":true,"name":"AEECI","source":"Géoportail ANSTAT"}},{"type":"Feature","geometry":{"type":"Point","coordinates":[-6.783225999999956,7.504962000000035]},"properties":{"id":178,"nom":"AEECI","type":"eglise","district_region":null,"departement_commune":null,"verifie":true,"name":"AEECI","source":"Géoportail ANSTAT"}},{"type":"Feature","geometry":{"type":"Point","coordinates":[-6.861921999999936,7.291203000000053]},"properties":{"id":179,"nom":"AEECI","type":"eglise","district_region":null,"departement_commune":null,"verifie":true,"name":"AEECI","source":"Géoportail ANSTAT"}},{"type":"Feature","geometry":{"type":"Point","coordinates":[-6.860429999999951,7.295443000000034]},"properties":{"id":180,"nom":"AEECI","type":"eglise","district_region":null,"departement_commune":null,"verifie":true,"name":"AEECI","source":"Géoportail ANSTAT"}},{"type":"Feature","geometry":{"type":"Point","coordinates":[-6.809990999999968,7.284774000000027]},"properties":{"id":181,"nom":"AEECI","type":"eglise","district_region":null,"departement_commune":null,"verifie":true,"name":"AEECI","source":"Géoportail ANSTAT"}},{"type":"Feature","geometry":{"type":"Point","coordinates":[-6.994243999999981,7.476852000000065]},"properties":{"id":182,"nom":"AEECI","type":"eglise","district_region":null,"departement_commune":null,"verifie":true,"name":"AEECI","source":"Géoportail ANSTAT"}},{"type":"Feature","geometry":{"type":"Point","coordinates":[-6.934144999999944,7.417151000000047]},"properties":{"id":183,"nom":"AEECI DE MOISEKRO","type":"eglise","district_region":null,"departement_commune":null,"verifie":true,"name":"AEECI DE MOISEKRO","source":"Géoportail ANSTAT"}},{"type":"Feature","geometry":{"type":"Point","coordinates":[-6.475410999999951,7.388309000000049]},"properties":{"id":184,"nom":"AEECI  CHATEAU TEMPLE DES VAINQUEURS","type":"eglise","district_region":null,"departement_commune":null,"verifie":true,"name":"AEECI  CHATEAU TEMPLE DES VAINQUEURS","source":"Géoportail ANSTAT"}},{"type":"Feature","geometry":{"type":"Point","coordinates":[-6.144841999999926,7.211864000000048]},"properties":{"id":185,"nom":"AEECI","type":"eglise","district_region":null,"departement_commune":null,"verifie":true,"name":"AEECI","source":"Géoportail ANSTAT"}},{"type":"Feature","geometry":{"type":"Point","coordinates":[-6.184200999999973,7.207100000000025]},"properties":{"id":186,"nom":"AEECI GOUROUNIANI","type":"eglise","district_region":null,"departement_commune":null,"verifie":true,"name":"AEECI GOUROUNIANI","source":"Géoportail ANSTAT"}},{"type":"Feature","geometry":{"type":"Point","coordinates":[-6.30666599999995,7.154747000000043]},"properties":{"id":188,"nom":"A E E C I","type":"eglise","district_region":null,"departement_commune":null,"verifie":true,"name":"A E E C I","source":"Géoportail ANSTAT"}},{"type":"Feature","geometry":{"type":"Point","coordinates":[-4.766069999999957,5.872844000000043]},"properties":{"id":190,"nom":"ACPE","type":"eglise","district_region":null,"departement_commune":null,"verifie":true,"name":"ACPE","source":"Géoportail ANSTAT"}},{"type":"Feature","geometry":{"type":"Point","coordinates":[-7.687945999999954,8.28187900000006]},"properties":{"id":191,"nom":"AEECI","type":"eglise","district_region":null,"departement_commune":null,"verifie":true,"name":"AEECI","source":"Géoportail ANSTAT"}},{"type":"Feature","geometry":{"type":"Point","coordinates":[-5.966284999999971,5.720560000000035]},"properties":{"id":192,"nom":"2ME MISSION MONDIAL EVANGELICO","type":"eglise","district_region":null,"departement_commune":null,"verifie":true,"name":"2ME MISSION MONDIAL EVANGELICO","source":"Géoportail ANSTAT"}},{"type":"Feature","geometry":{"type":"Point","coordinates":[-5.599477999999976,5.819530000000043]},"properties":{"id":193,"nom":"AIME TON PROCHAIN","type":"eglise","district_region":null,"departement_commune":null,"verifie":true,"name":"AIME TON PROCHAIN","source":"Géoportail ANSTAT"}},{"type":"Feature","geometry":{"type":"Point","coordinates":[-5.109248999999977,5.271037000000035]},"properties":{"id":194,"nom":"ADAI DE  COTE DIVOIRE","type":"eglise","district_region":null,"departement_commune":null,"verifie":true,"name":"ADAI DE  COTE DIVOIRE","source":"Géoportail ANSTAT"}},{"type":"Feature","geometry":{"type":"Point","coordinates":[-5.419602999999938,5.838694000000032]},"properties":{"id":195,"nom":"AIME TON PROCHAIN","type":"eglise","district_region":null,"departement_commune":null,"verifie":true,"name":"AIME TON PROCHAIN","source":"Géoportail ANSTAT"}},{"type":"Feature","geometry":{"type":"Point","coordinates":[-5.375133999999946,5.837204000000042]},"properties":{"id":196,"nom":"AD","type":"eglise","district_region":null,"departement_commune":null,"verifie":true,"name":"AD","source":"Géoportail ANSTAT"}},{"type":"Feature","geometry":{"type":"Point","coordinates":[-5.191020999999978,5.880375000000072]},"properties":{"id":197,"nom":"ADVENTIS 7EME JOURS","type":"eglise","district_region":null,"departement_commune":null,"verifie":true,"name":"ADVENTIS 7EME JOURS","source":"Géoportail ANSTAT"}},{"type":"Feature","geometry":{"type":"Point","coordinates":[-5.31732599999998,6.016990000000021]},"properties":{"id":198,"nom":"ADVANTISTE","type":"eglise","district_region":null,"departement_commune":null,"verifie":true,"name":"ADVANTISTE","source":"Géoportail ANSTAT"}},{"type":"Feature","geometry":{"type":"Point","coordinates":[-5.219294999999931,6.077068000000054]},"properties":{"id":199,"nom":"ADVENTISTE","type":"eglise","district_region":null,"departement_commune":null,"verifie":true,"name":"ADVENTISTE","source":"Géoportail ANSTAT"}},{"type":"Feature","geometry":{"type":"Point","coordinates":[-5.928675999999939,5.672464000000048]},"properties":{"id":200,"nom":"A D","type":"eglise","district_region":null,"departement_commune":null,"verifie":true,"name":"A D","source":"Géoportail ANSTAT"}},{"type":"Feature","geometry":{"type":"Point","coordinates":[-6.391783999999973,9.20840000000004]},"properties":{"id":201,"nom":"AEBECI","type":"eglise","district_region":null,"departement_commune":null,"verifie":true,"name":"AEBECI","source":"Géoportail ANSTAT"}},{"type":"Feature","geometry":{"type":"Point","coordinates":[-6.400240999999937,9.459350000000027]},"properties":{"id":202,"nom":"AEBECCI","type":"eglise","district_region":null,"departement_commune":null,"verifie":true,"name":"AEBECCI","source":"Géoportail ANSTAT"}},{"type":"Feature","geometry":{"type":"Point","coordinates":[-5.686146999999949,8.44991200000004]},"properties":{"id":203,"nom":"AEBECI","type":"eglise","district_region":null,"departement_commune":null,"verifie":true,"name":"AEBECI","source":"Géoportail ANSTAT"}},{"type":"Feature","geometry":{"type":"Point","coordinates":[-6.219604999999945,7.818501000000026]},"properties":{"id":204,"nom":"AEECI","type":"eglise","district_region":null,"departement_commune":null,"verifie":true,"name":"AEECI","source":"Géoportail ANSTAT"}},{"type":"Feature","geometry":{"type":"Point","coordinates":[-6.251802999999938,8.654710000000023]},"properties":{"id":205,"nom":"AEBECI","type":"eglise","district_region":null,"departement_commune":null,"verifie":true,"name":"AEBECI","source":"Géoportail ANSTAT"}},{"type":"Feature","geometry":{"type":"Point","coordinates":[-6.371749999999963,8.732227000000023]},"properties":{"id":206,"nom":"AEBECI","type":"eglise","district_region":null,"departement_commune":null,"verifie":true,"name":"AEBECI","source":"Géoportail ANSTAT"}},{"type":"Feature","geometry":{"type":"Point","coordinates":[-6.369089999999971,8.732542000000024]},"properties":{"id":207,"nom":"AEBECI","type":"eglise","district_region":null,"departement_commune":null,"verifie":true,"name":"AEBECI","source":"Géoportail ANSTAT"}},{"type":"Feature","geometry":{"type":"Point","coordinates":[-6.212254999999971,8.852846000000056]},"properties":{"id":208,"nom":"AEBECI","type":"eglise","district_region":null,"departement_commune":null,"verifie":true,"name":"AEBECI","source":"Géoportail ANSTAT"}},{"type":"Feature","geometry":{"type":"Point","coordinates":[-6.220380999999975,8.802773000000059]},"properties":{"id":209,"nom":"AEBECII","type":"eglise","district_region":null,"departement_commune":null,"verifie":true,"name":"AEBECII","source":"Géoportail ANSTAT"}},{"type":"Feature","geometry":{"type":"Point","coordinates":[-5.859477999999967,7.994176000000039]},"properties":{"id":210,"nom":"AEECI","type":"eglise","district_region":null,"departement_commune":null,"verifie":true,"name":"AEECI","source":"Géoportail ANSTAT"}},{"type":"Feature","geometry":{"type":"Point","coordinates":[-6.102395999999942,7.846676000000059]},"properties":{"id":211,"nom":"AEECI","type":"eglise","district_region":null,"departement_commune":null,"verifie":true,"name":"AEECI","source":"Géoportail ANSTAT"}},{"type":"Feature","geometry":{"type":"Point","coordinates":[-5.829033999999979,7.885352000000069]},"properties":{"id":212,"nom":"AEECI","type":"eglise","district_region":null,"departement_commune":null,"verifie":true,"name":"AEECI","source":"Géoportail ANSTAT"}},{"type":"Feature","geometry":{"type":"Point","coordinates":[-5.716086999999959,7.612216000000046]},"properties":{"id":213,"nom":"AEECI","type":"eglise","district_region":null,"departement_commune":null,"verifie":true,"name":"AEECI","source":"Géoportail ANSTAT"}},{"type":"Feature","geometry":{"type":"Point","coordinates":[-5.715468999999928,7.612248000000022]},"properties":{"id":214,"nom":"AGLISE EVANGELIQUE","type":"eglise","district_region":null,"departement_commune":null,"verifie":true,"name":"AGLISE EVANGELIQUE","source":"Géoportail ANSTAT"}},{"type":"Feature","geometry":{"type":"Point","coordinates":[-3.359329999999943,7.008172000000059]},"properties":{"id":215,"nom":"AFRICA NISH LA GLOIRE DE DIEU","type":"eglise","district_region":null,"departement_commune":null,"verifie":true,"name":"AFRICA NISH LA GLOIRE DE DIEU","source":"Géoportail ANSTAT"}},{"type":"Feature","geometry":{"type":"Point","coordinates":[-3.511228999999958,6.731696000000056]},"properties":{"id":216,"nom":"ADONAI","type":"eglise","district_region":null,"departement_commune":null,"verifie":true,"name":"ADONAI","source":"Géoportail ANSTAT"}},{"type":"Feature","geometry":{"type":"Point","coordinates":[-3.56588899999997,6.72096700000003]},"properties":{"id":217,"nom":"AHARIS","type":"eglise","district_region":null,"departement_commune":null,"verifie":true,"name":"AHARIS","source":"Géoportail ANSTAT"}},{"type":"Feature","geometry":{"type":"Point","coordinates":[-3.445480999999972,6.608165000000042]},"properties":{"id":219,"nom":"AD","type":"eglise","district_region":null,"departement_commune":null,"verifie":true,"name":"AD","source":"Géoportail ANSTAT"}},{"type":"Feature","geometry":{"type":"Point","coordinates":[-3.85066299999994,6.481849000000068]},"properties":{"id":220,"nom":"AFRIC AFRIC","type":"eglise","district_region":null,"departement_commune":null,"verifie":true,"name":"AFRIC AFRIC","source":"Géoportail ANSTAT"}},{"type":"Feature","geometry":{"type":"Point","coordinates":[-3.91432999999995,6.364312000000041]},"properties":{"id":221,"nom":"AFRICAN FAITH MISSION INTERNATIONAL","type":"eglise","district_region":null,"departement_commune":null,"verifie":true,"name":"AFRICAN FAITH MISSION INTERNATIONAL","source":"Géoportail ANSTAT"}},{"type":"Feature","geometry":{"type":"Point","coordinates":[-3.736565999999925,5.212680000000034]},"properties":{"id":222,"nom":"ACTION","type":"eglise","district_region":null,"departement_commune":null,"verifie":true,"name":"ACTION","source":"Géoportail ANSTAT"}},{"type":"Feature","geometry":{"type":"Point","coordinates":[-3.051219999999944,5.145803000000058]},"properties":{"id":223,"nom":"12 APOTRES","type":"eglise","district_region":null,"departement_commune":null,"verifie":true,"name":"12 APOTRES","source":"Géoportail ANSTAT"}},{"type":"Feature","geometry":{"type":"Point","coordinates":[-3.025727999999958,5.413387000000057]},"properties":{"id":224,"nom":"ADVENTISTE DU SEPTIEME JOUR","type":"eglise","district_region":null,"departement_commune":null,"verifie":true,"name":"ADVENTISTE DU SEPTIEME JOUR","source":"Géoportail ANSTAT"}},{"type":"Feature","geometry":{"type":"Point","coordinates":[-7.597023999999976,7.262722000000053]},"properties":{"id":225,"nom":"AIBCI","type":"eglise","district_region":null,"departement_commune":null,"verifie":true,"name":"AIBCI","source":"Géoportail ANSTAT"}},{"type":"Feature","geometry":{"type":"Point","coordinates":[-7.323142999999959,7.813132000000053]},"properties":{"id":226,"nom":"AEPECI","type":"eglise","district_region":null,"departement_commune":null,"verifie":true,"name":"AEPECI","source":"Géoportail ANSTAT"}},{"type":"Feature","geometry":{"type":"Point","coordinates":[-7.927208999999948,7.225177000000031]},"properties":{"id":227,"nom":"A E B BETHANIE","type":"eglise","district_region":null,"departement_commune":null,"verifie":true,"name":"A E B BETHANIE","source":"Géoportail ANSTAT"}},{"type":"Feature","geometry":{"type":"Point","coordinates":[-3.764806999999962,7.258276000000023]},"properties":{"id":228,"nom":"A D","type":"eglise","district_region":null,"departement_commune":null,"verifie":true,"name":"A D","source":"Géoportail ANSTAT"}},{"type":"Feature","geometry":{"type":"Point","coordinates":[-4.973268999999959,6.792605000000037]},"properties":{"id":229,"nom":"CMA","type":"eglise","district_region":null,"departement_commune":null,"verifie":true,"name":"CMA","source":"Géoportail ANSTAT"}},{"type":"Feature","geometry":{"type":"Point","coordinates":[-5.200586999999928,6.886826000000042]},"properties":{"id":230,"nom":"EGLISE CATHOLIQUE","type":"eglise","district_region":null,"departement_commune":null,"verifie":true,"name":"EGLISE CATHOLIQUE","source":"Géoportail ANSTAT"}},{"type":"Feature","geometry":{"type":"Point","coordinates":[-5.201944999999967,6.887428000000057]},"properties":{"id":231,"nom":"EGLISE CMA","type":"eglise","district_region":null,"departement_commune":null,"verifie":true,"name":"EGLISE CMA","source":"Géoportail ANSTAT"}},{"type":"Feature","geometry":{"type":"Point","coordinates":[-5.220460999999943,6.709898000000067]},"properties":{"id":232,"nom":"EGLISE CMA","type":"eglise","district_region":null,"departement_commune":null,"verifie":true,"name":"EGLISE CMA","source":"Géoportail ANSTAT"}},{"type":"Feature","geometry":{"type":"Point","coordinates":[-5.242545999999948,6.803457000000037]},"properties":{"id":233,"nom":"EGLISE ASSEMBLEES DE DIEU","type":"eglise","district_region":null,"departement_commune":null,"verifie":true,"name":"EGLISE ASSEMBLEES DE DIEU","source":"Géoportail ANSTAT"}},{"type":"Feature","geometry":{"type":"Point","coordinates":[-5.243974999999978,6.798666000000026]},"properties":{"id":234,"nom":"EGLISE CATHOLIQUE IMMACULE","type":"eglise","district_region":null,"departement_commune":null,"verifie":true,"name":"EGLISE CATHOLIQUE IMMACULE","source":"Géoportail ANSTAT"}},{"type":"Feature","geometry":{"type":"Point","coordinates":[-5.25839899999994,6.817451000000062]},"properties":{"id":238,"nom":"EGLISE EVANGELIQUE BETHESDA","type":"eglise","district_region":null,"departement_commune":null,"verifie":true,"name":"EGLISE EVANGELIQUE BETHESDA","source":"Géoportail ANSTAT"}},{"type":"Feature","geometry":{"type":"Point","coordinates":[-5.435762999999952,6.996403000000043]},"properties":{"id":239,"nom":"CEMA","type":"eglise","district_region":null,"departement_commune":null,"verifie":true,"name":"CEMA","source":"Géoportail ANSTAT"}},{"type":"Feature","geometry":{"type":"Point","coordinates":[-5.205338999999981,9.59269800000004]},"properties":{"id":243,"nom":"AMEN","type":"eglise","district_region":null,"departement_commune":null,"verifie":true,"name":"AMEN","source":"Géoportail ANSTAT"}},{"type":"Feature","geometry":{"type":"Point","coordinates":[-6.654020999999943,4.746057000000064]},"properties":{"id":244,"nom":"ALLIANCE BIBLIQUE MISSIONNAIRE COTE D IVOIRE","type":"eglise","district_region":null,"departement_commune":null,"verifie":true,"name":"ALLIANCE BIBLIQUE MISSIONNAIRE COTE D IVOIRE","source":"Géoportail ANSTAT"}},{"type":"Feature","geometry":{"type":"Point","coordinates":[-6.635245999999938,4.748740000000055]},"properties":{"id":245,"nom":"AMBASSADE DES MIRACLES DE SAN PEDRO","type":"eglise","district_region":null,"departement_commune":null,"verifie":true,"name":"AMBASSADE DES MIRACLES DE SAN PEDRO","source":"Géoportail ANSTAT"}},{"type":"Feature","geometry":{"type":"Point","coordinates":[-6.941300999999953,4.658576000000039]},"properties":{"id":246,"nom":"AIME TON PROCHAIN COMME TOI MEME","type":"eglise","district_region":null,"departement_commune":null,"verifie":true,"name":"AIME TON PROCHAIN COMME TOI MEME","source":"Géoportail ANSTAT"}},{"type":"Feature","geometry":{"type":"Point","coordinates":[-6.805937999999969,4.760882000000038]},"properties":{"id":247,"nom":"ALLIACE DES EGLISES EVANGELIQUE DE COTE D IVOIRE A PETIT NADO","type":"eglise","district_region":null,"departement_commune":null,"verifie":true,"name":"ALLIACE DES EGLISES EVANGELIQUE DE COTE D IVOIRE A PETIT NADO","source":"Géoportail ANSTAT"}},{"type":"Feature","geometry":{"type":"Point","coordinates":[-5.60637799999995,9.477854000000036]},"properties":{"id":249,"nom":"ALLIANCE DSE ECLISES EVANGELIQUES DE COTE  IVOIRE","type":"eglise","district_region":null,"departement_commune":null,"verifie":true,"name":"ALLIANCE DSE ECLISES EVANGELIQUES DE COTE  IVOIRE","source":"Géoportail ANSTAT"}},{"type":"Feature","geometry":{"type":"Point","coordinates":[-5.64660699999996,9.44012200000003]},"properties":{"id":250,"nom":"ALLIANCE  DES EGLISES EVANGELIQUES DE COTE D IVOIRE","type":"eglise","district_region":null,"departement_commune":null,"verifie":true,"name":"ALLIANCE  DES EGLISES EVANGELIQUES DE COTE D IVOIRE","source":"Géoportail ANSTAT"}},{"type":"Feature","geometry":{"type":"Point","coordinates":[-6.60095999999993,5.788273000000061]},"properties":{"id":254,"nom":"AMBASSADE DES MIRACLES","type":"eglise","district_region":null,"departement_commune":null,"verifie":true,"name":"AMBASSADE DES MIRACLES","source":"Géoportail ANSTAT"}},{"type":"Feature","geometry":{"type":"Point","coordinates":[-6.863231999999925,6.155371000000059]},"properties":{"id":255,"nom":"ALLIANCE DES EGLISES EVANGELIQUES DE COTE DIVOIRE","type":"eglise","district_region":null,"departement_commune":null,"verifie":true,"name":"ALLIANCE DES EGLISES EVANGELIQUES DE COTE DIVOIRE","source":"Géoportail ANSTAT"}},{"type":"Feature","geometry":{"type":"Point","coordinates":[-4.081375999999977,6.773803000000044]},"properties":{"id":257,"nom":"AMBASSADE DES VAINQUEURS","type":"eglise","district_region":null,"departement_commune":null,"verifie":true,"name":"AMBASSADE DES VAINQUEURS","source":"Géoportail ANSTAT"}},{"type":"Feature","geometry":{"type":"Point","coordinates":[-4.193988999999931,6.64326200000005]},"properties":{"id":258,"nom":"ALLIANCE BIBLIQUE DE COTE D IVOIRE","type":"eglise","district_region":null,"departement_commune":null,"verifie":true,"name":"ALLIANCE BIBLIQUE DE COTE D IVOIRE","source":"Géoportail ANSTAT"}},{"type":"Feature","geometry":{"type":"Point","coordinates":[-7.663694999999962,7.058421000000067]},"properties":{"id":260,"nom":"AMANY","type":"eglise","district_region":null,"departement_commune":null,"verifie":true,"name":"AMANY","source":"Géoportail ANSTAT"}},{"type":"Feature","geometry":{"type":"Point","coordinates":[-4.278264999999976,5.215162000000021]},"properties":{"id":261,"nom":"ANCIENNE EGLISE HARRISTE DE SASSAKO BEGNINI","type":"eglise","district_region":null,"departement_commune":null,"verifie":true,"name":"ANCIENNE EGLISE HARRISTE DE SASSAKO BEGNINI","source":"Géoportail ANSTAT"}},{"type":"Feature","geometry":{"type":"Point","coordinates":[-4.233591999999931,5.220008000000064]},"properties":{"id":262,"nom":"ANCIENNE EGLISE METHODISTE UNIE DE ABREBY","type":"eglise","district_region":null,"departement_commune":null,"verifie":true,"name":"ANCIENNE EGLISE METHODISTE UNIE DE ABREBY","source":"Géoportail ANSTAT"}},{"type":"Feature","geometry":{"type":"Point","coordinates":[-4.854513999999938,5.506350000000054]},"properties":{"id":263,"nom":"AMBASSADE DE LA PUISSANCE DE DIEU","type":"eglise","district_region":null,"departement_commune":null,"verifie":true,"name":"AMBASSADE DE LA PUISSANCE DE DIEU","source":"Géoportail ANSTAT"}},{"type":"Feature","geometry":{"type":"Point","coordinates":[-4.984230999999966,5.149308000000076]},"properties":{"id":264,"nom":"ANCIENNE EGLISE HARRISTE","type":"eglise","district_region":null,"departement_commune":null,"verifie":true,"name":"ANCIENNE EGLISE HARRISTE","source":"Géoportail ANSTAT"}},{"type":"Feature","geometry":{"type":"Point","coordinates":[-4.640243999999939,5.257302000000038]},"properties":{"id":265,"nom":"ANCIENNE EGLISE CATHOLIQUE","type":"eglise","district_region":null,"departement_commune":null,"verifie":true,"name":"ANCIENNE EGLISE CATHOLIQUE","source":"Géoportail ANSTAT"}},{"type":"Feature","geometry":{"type":"Point","coordinates":[-4.591407999999944,5.282858000000033]},"properties":{"id":266,"nom":"AMBASSADE DE ROYAUME","type":"eglise","district_region":null,"departement_commune":null,"verifie":true,"name":"AMBASSADE DE ROYAUME","source":"Géoportail ANSTAT"}},{"type":"Feature","geometry":{"type":"Point","coordinates":[-4.366056999999955,5.317174000000023]},"properties":{"id":267,"nom":"AMBASSADE DES MIRACLES DABOU","type":"eglise","district_region":null,"departement_commune":null,"verifie":true,"name":"AMBASSADE DES MIRACLES DABOU","source":"Géoportail ANSTAT"}},{"type":"Feature","geometry":{"type":"Point","coordinates":[-5.952703999999926,6.141910000000053]},"properties":{"id":268,"nom":"ALLIANCE DES EGLISES EVANGELIQUES DE GAGNOA","type":"eglise","district_region":null,"departement_commune":null,"verifie":true,"name":"ALLIANCE DES EGLISES EVANGELIQUES DE GAGNOA","source":"Géoportail ANSTAT"}},{"type":"Feature","geometry":{"type":"Point","coordinates":[-5.930633999999941,6.31578200000007]},"properties":{"id":270,"nom":"ALLIANCE DES EGLISES EVANGELIQUES DE COTE D IVOIRE","type":"eglise","district_region":null,"departement_commune":null,"verifie":true,"name":"ALLIANCE DES EGLISES EVANGELIQUES DE COTE D IVOIRE","source":"Géoportail ANSTAT"}},{"type":"Feature","geometry":{"type":"Point","coordinates":[-5.356416999999965,6.435853000000066]},"properties":{"id":271,"nom":"AMBASSADE GLORIEUSE","type":"eglise","district_region":null,"departement_commune":null,"verifie":true,"name":"AMBASSADE GLORIEUSE","source":"Géoportail ANSTAT"}},{"type":"Feature","geometry":{"type":"Point","coordinates":[-5.369674999999972,6.636587000000077]},"properties":{"id":272,"nom":"EGLISE CMA","type":"eglise","district_region":null,"departement_commune":null,"verifie":true,"name":"EGLISE CMA","source":"Géoportail ANSTAT"}},{"type":"Feature","geometry":{"type":"Point","coordinates":[-5.423163999999929,6.376264000000049]},"properties":{"id":273,"nom":"AMBASSADE GLORIEUSE DE L EVANGILE","type":"eglise","district_region":null,"departement_commune":null,"verifie":true,"name":"AMBASSADE GLORIEUSE DE L EVANGILE","source":"Géoportail ANSTAT"}},{"type":"Feature","geometry":{"type":"Point","coordinates":[-5.610244999999964,6.260964000000058]},"properties":{"id":275,"nom":"ALLIANCE DES EGLISES EVANGELIQUE DE COTE D IVOIRE","type":"eglise","district_region":null,"departement_commune":null,"verifie":true,"name":"ALLIANCE DES EGLISES EVANGELIQUE DE COTE D IVOIRE","source":"Géoportail ANSTAT"}},{"type":"Feature","geometry":{"type":"Point","coordinates":[-5.58796499999994,6.19231700000006]},"properties":{"id":276,"nom":"ANCIENNE EGLISE CMA","type":"eglise","district_region":null,"departement_commune":null,"verifie":true,"name":"ANCIENNE EGLISE CMA","source":"Géoportail ANSTAT"}},{"type":"Feature","geometry":{"type":"Point","coordinates":[-5.57833299999993,6.282435000000021]},"properties":{"id":277,"nom":"ALLIANCE DES EGLISES EVANGELIQUES DE COTE D IVOIRE","type":"eglise","district_region":null,"departement_commune":null,"verifie":true,"name":"ALLIANCE DES EGLISES EVANGELIQUES DE COTE D IVOIRE","source":"Géoportail ANSTAT"}},{"type":"Feature","geometry":{"type":"Point","coordinates":[-5.64582299999995,6.190123000000028]},"properties":{"id":278,"nom":"AIME TON PROCHAIN COMME TOI MEME","type":"eglise","district_region":null,"departement_commune":null,"verifie":true,"name":"AIME TON PROCHAIN COMME TOI MEME","source":"Géoportail ANSTAT"}},{"type":"Feature","geometry":{"type":"Point","coordinates":[-5.010103999999956,6.557045000000073]},"properties":{"id":279,"nom":"AMBASSADE DES MIRACLES","type":"eglise","district_region":null,"departement_commune":null,"verifie":true,"name":"AMBASSADE DES MIRACLES","source":"Géoportail ANSTAT"}},{"type":"Feature","geometry":{"type":"Point","coordinates":[-5.010108999999943,6.557035000000042]},"properties":{"id":280,"nom":"AMBASSADE DES MIRACLES DE TOUMODI","type":"eglise","district_region":null,"departement_commune":null,"verifie":true,"name":"AMBASSADE DES MIRACLES DE TOUMODI","source":"Géoportail ANSTAT"}},{"type":"Feature","geometry":{"type":"Point","coordinates":[-2.835938999999939,7.936621000000059]},"properties":{"id":281,"nom":"ANCIENNE EGLISE CATHOLIQUE","type":"eglise","district_region":null,"departement_commune":null,"verifie":true,"name":"ANCIENNE EGLISE CATHOLIQUE","source":"Géoportail ANSTAT"}},{"type":"Feature","geometry":{"type":"Point","coordinates":[-2.874275999999952,8.046778000000074]},"properties":{"id":283,"nom":"ANCIENNE EGLISE CATHOLIQUE","type":"eglise","district_region":null,"departement_commune":null,"verifie":true,"name":"ANCIENNE EGLISE CATHOLIQUE","source":"Géoportail ANSTAT"}},{"type":"Feature","geometry":{"type":"Point","coordinates":[-2.948057999999946,8.079230000000052]},"properties":{"id":285,"nom":"ANCIENNE EGLISE CATHOLIQUE DE SEREOUDE","type":"eglise","district_region":null,"departement_commune":null,"verifie":true,"name":"ANCIENNE EGLISE CATHOLIQUE DE SEREOUDE","source":"Géoportail ANSTAT"}},{"type":"Feature","geometry":{"type":"Point","coordinates":[-3.211132999999961,8.118464000000074]},"properties":{"id":287,"nom":"ANTIENNE EGLISE CATHOLIQUE","type":"eglise","district_region":null,"departement_commune":null,"verifie":true,"name":"ANTIENNE EGLISE CATHOLIQUE","source":"Géoportail ANSTAT"}},{"type":"Feature","geometry":{"type":"Point","coordinates":[-3.444267999999965,8.220243000000039]},"properties":{"id":288,"nom":"ANCIENNE EGLISE CATHOLIQUE","type":"eglise","district_region":null,"departement_commune":null,"verifie":true,"name":"ANCIENNE EGLISE CATHOLIQUE","source":"Géoportail ANSTAT"}},{"type":"Feature","geometry":{"type":"Point","coordinates":[-2.579047999999943,8.233050000000048]},"properties":{"id":289,"nom":"ANCIENNE EGLISE CATHOLIQUE DE TAMBI","type":"eglise","district_region":null,"departement_commune":null,"verifie":true,"name":"ANCIENNE EGLISE CATHOLIQUE DE TAMBI","source":"Géoportail ANSTAT"}},{"type":"Feature","geometry":{"type":"Point","coordinates":[-3.114180999999974,8.40071800000004]},"properties":{"id":290,"nom":"ANCIEN CULTE","type":"eglise","district_region":null,"departement_commune":null,"verifie":true,"name":"ANCIEN CULTE","source":"Géoportail ANSTAT"}},{"type":"Feature","geometry":{"type":"Point","coordinates":[-3.436574999999948,8.138562000000036]},"properties":{"id":291,"nom":"ANCIENNE EGLISE CATHOLIQUE DE TAOUDI","type":"eglise","district_region":null,"departement_commune":null,"verifie":true,"name":"ANCIENNE EGLISE CATHOLIQUE DE TAOUDI","source":"Géoportail ANSTAT"}},{"type":"Feature","geometry":{"type":"Point","coordinates":[-3.067177999999956,7.219617000000028]},"properties":{"id":292,"nom":"ANCIENNE EGLISE CATHOLIQUE","type":"eglise","district_region":null,"departement_commune":null,"verifie":true,"name":"ANCIENNE EGLISE CATHOLIQUE","source":"Géoportail ANSTAT"}},{"type":"Feature","geometry":{"type":"Point","coordinates":[-2.983245999999951,7.584203000000059]},"properties":{"id":297,"nom":"ANCIENNE EGLISE CATHOLIQUE","type":"eglise","district_region":null,"departement_commune":null,"verifie":true,"name":"ANCIENNE EGLISE CATHOLIQUE","source":"Géoportail ANSTAT"}},{"type":"Feature","geometry":{"type":"Point","coordinates":[-2.898690999999928,7.721961000000022]},"properties":{"id":301,"nom":"ANCIENNE EGLISE CATHOLIQUE","type":"eglise","district_region":null,"departement_commune":null,"verifie":true,"name":"ANCIENNE EGLISE CATHOLIQUE","source":"Géoportail ANSTAT"}},{"type":"Feature","geometry":{"type":"Point","coordinates":[-2.986263999999949,7.837662000000023]},"properties":{"id":303,"nom":"ANCIENNE EGLISE CATHOLIQUE DE AMATA","type":"eglise","district_region":null,"departement_commune":null,"verifie":true,"name":"ANCIENNE EGLISE CATHOLIQUE DE AMATA","source":"Géoportail ANSTAT"}},{"type":"Feature","geometry":{"type":"Point","coordinates":[-3.281143999999927,7.881662000000063]},"properties":{"id":304,"nom":"ANCIENNE EGLISE CATHOLIQUE","type":"eglise","district_region":null,"departement_commune":null,"verifie":true,"name":"ANCIENNE EGLISE CATHOLIQUE","source":"Géoportail ANSTAT"}},{"type":"Feature","geometry":{"type":"Point","coordinates":[-3.239266999999927,7.914470000000051]},"properties":{"id":305,"nom":"ANCIENNE EGLISE CATHOLIQUE DE SIASSO","type":"eglise","district_region":null,"departement_commune":null,"verifie":true,"name":"ANCIENNE EGLISE CATHOLIQUE DE SIASSO","source":"Géoportail ANSTAT"}},{"type":"Feature","geometry":{"type":"Point","coordinates":[-6.673418999999967,7.967165000000023]},"properties":{"id":309,"nom":"ALLIANCE DES EGLISES EVANGELIQUES DE COTE D IVOIRE","type":"eglise","district_region":null,"departement_commune":null,"verifie":true,"name":"ALLIANCE DES EGLISES EVANGELIQUES DE COTE D IVOIRE","source":"Géoportail ANSTAT"}},{"type":"Feature","geometry":{"type":"Point","coordinates":[-6.682628999999963,7.960055000000068]},"properties":{"id":310,"nom":"ALLIANCE DES EGLISES EVANGELIQUES DE COTE DD IVOIRE","type":"eglise","district_region":null,"departement_commune":null,"verifie":true,"name":"ALLIANCE DES EGLISES EVANGELIQUES DE COTE DD IVOIRE","source":"Géoportail ANSTAT"}},{"type":"Feature","geometry":{"type":"Point","coordinates":[-5.540711999999928,6.914509000000066]},"properties":{"id":312,"nom":"AMECI","type":"eglise","district_region":null,"departement_commune":null,"verifie":true,"name":"AMECI","source":"Géoportail ANSTAT"}},{"type":"Feature","geometry":{"type":"Point","coordinates":[-5.716817999999932,6.967436000000021]},"properties":{"id":313,"nom":"ALLIANCE DES EGLISES PROTESTANTES DE COTE DIVOIRE","type":"eglise","district_region":null,"departement_commune":null,"verifie":true,"name":"ALLIANCE DES EGLISES PROTESTANTES DE COTE DIVOIRE","source":"Géoportail ANSTAT"}},{"type":"Feature","geometry":{"type":"Point","coordinates":[-5.739061999999933,7.143394000000058]},"properties":{"id":314,"nom":"ALLIANCE DES EGLISES EVANGELIQUE DE COTE D IVOIRE","type":"eglise","district_region":null,"departement_commune":null,"verifie":true,"name":"ALLIANCE DES EGLISES EVANGELIQUE DE COTE D IVOIRE","source":"Géoportail ANSTAT"}},{"type":"Feature","geometry":{"type":"Point","coordinates":[-5.806116999999972,7.135972000000038]},"properties":{"id":315,"nom":"ALLIANCE DES EGLISES EVANGELIQUE DE COTE D IVOIRE","type":"eglise","district_region":null,"departement_commune":null,"verifie":true,"name":"ALLIANCE DES EGLISES EVANGELIQUE DE COTE D IVOIRE","source":"Géoportail ANSTAT"}},{"type":"Feature","geometry":{"type":"Point","coordinates":[-5.853762999999958,6.822335000000066]},"properties":{"id":316,"nom":"ALLIANCES DES EGLISES EVANGELIQUES DE COTE DIVOIRE","type":"eglise","district_region":null,"departement_commune":null,"verifie":true,"name":"ALLIANCES DES EGLISES EVANGELIQUES DE COTE DIVOIRE","source":"Géoportail ANSTAT"}},{"type":"Feature","geometry":{"type":"Point","coordinates":[-6.016225999999961,6.798619000000031]},"properties":{"id":317,"nom":"ALLIANCE DES EGLISES EVANGELIQUE DE COTE DIVOIRE","type":"eglise","district_region":null,"departement_commune":null,"verifie":true,"name":"ALLIANCE DES EGLISES EVANGELIQUE DE COTE DIVOIRE","source":"Géoportail ANSTAT"}},{"type":"Feature","geometry":{"type":"Point","coordinates":[-5.922314999999969,6.950153000000057]},"properties":{"id":318,"nom":"ALLIANCE DES EGLISE EVANGELIQUES DE COTE DIVOIRE AEECI","type":"eglise","district_region":null,"departement_commune":null,"verifie":true,"name":"ALLIANCE DES EGLISE EVANGELIQUES DE COTE DIVOIRE AEECI","source":"Géoportail ANSTAT"}},{"type":"Feature","geometry":{"type":"Point","coordinates":[-6.043418999999972,6.620935000000031]},"properties":{"id":319,"nom":"ALLIANCE DES EGLISE EVANGELIQUES DE COTE D IVOIRE","type":"eglise","district_region":null,"departement_commune":null,"verifie":true,"name":"ALLIANCE DES EGLISE EVANGELIQUES DE COTE D IVOIRE","source":"Géoportail ANSTAT"}},{"type":"Feature","geometry":{"type":"Point","coordinates":[-5.100201999999967,7.473852000000022]},"properties":{"id":320,"nom":"ANCIENNE EGLISE CATHOLIQUE DE ADJOUASSOU","type":"eglise","district_region":null,"departement_commune":null,"verifie":true,"name":"ANCIENNE EGLISE CATHOLIQUE DE ADJOUASSOU","source":"Géoportail ANSTAT"}},{"type":"Feature","geometry":{"type":"Point","coordinates":[-5.051928999999973,7.706242000000032]},"properties":{"id":322,"nom":"ALLIANCE DES EGLISE EVANGELIQUE DE COTE D IVOIRE   AEECI","type":"eglise","district_region":null,"departement_commune":null,"verifie":true,"name":"ALLIANCE DES EGLISE EVANGELIQUE DE COTE D IVOIRE   AEECI","source":"Géoportail ANSTAT"}},{"type":"Feature","geometry":{"type":"Point","coordinates":[-5.049419999999941,7.673265000000072]},"properties":{"id":323,"nom":"ALLIANCE DES EGLISES MISSIONNAIRE EN AFRIQUE","type":"eglise","district_region":null,"departement_commune":null,"verifie":true,"name":"ALLIANCE DES EGLISES MISSIONNAIRE EN AFRIQUE","source":"Géoportail ANSTAT"}},{"type":"Feature","geometry":{"type":"Point","coordinates":[-5.570452999999929,7.678057000000024]},"properties":{"id":325,"nom":"ANCIEN ET MISTIQUE ORDRE DE LA ROSE CROIX","type":"eglise","district_region":null,"departement_commune":null,"verifie":true,"name":"ANCIEN ET MISTIQUE ORDRE DE LA ROSE CROIX","source":"Géoportail ANSTAT"}},{"type":"Feature","geometry":{"type":"Point","coordinates":[-6.513405999999975,7.371407000000033]},"properties":{"id":331,"nom":"ALLIANC3 DES EGLISES EVANGELIQUES DE COTE D IVOIRE AEECI GATIFLA","type":"eglise","district_region":null,"departement_commune":null,"verifie":true,"name":"ALLIANC3 DES EGLISES EVANGELIQUES DE COTE D IVOIRE AEECI GATIFLA","source":"Géoportail ANSTAT"}},{"type":"Feature","geometry":{"type":"Point","coordinates":[-6.756789999999967,7.301249000000041]},"properties":{"id":332,"nom":"ALLIANCE DES EGLISES EVANGELIQUE DE COTE DIVOIRE","type":"eglise","district_region":null,"departement_commune":null,"verifie":true,"name":"ALLIANCE DES EGLISES EVANGELIQUE DE COTE DIVOIRE","source":"Géoportail ANSTAT"}},{"type":"Feature","geometry":{"type":"Point","coordinates":[-6.87291399999998,7.386119000000065]},"properties":{"id":333,"nom":"ALLIACE DES EGLISES EVANGELIQUES DE COTE DIVOIRE","type":"eglise","district_region":null,"departement_commune":null,"verifie":true,"name":"ALLIACE DES EGLISES EVANGELIQUES DE COTE DIVOIRE","source":"Géoportail ANSTAT"}},{"type":"Feature","geometry":{"type":"Point","coordinates":[-6.91878399999996,7.400943000000041]},"properties":{"id":334,"nom":"ALLIANCE DES EGLISES EVANGELIQUES DE COTE DIVOIRE","type":"eglise","district_region":null,"departement_commune":null,"verifie":true,"name":"ALLIANCE DES EGLISES EVANGELIQUES DE COTE DIVOIRE","source":"Géoportail ANSTAT"}},{"type":"Feature","geometry":{"type":"Point","coordinates":[-6.880504999999971,7.286099000000036]},"properties":{"id":335,"nom":"ALLIANCE DES EGLISES EVANGELIQUE DE COTE D IVOIRE","type":"eglise","district_region":null,"departement_commune":null,"verifie":true,"name":"ALLIANCE DES EGLISES EVANGELIQUE DE COTE D IVOIRE","source":"Géoportail ANSTAT"}},{"type":"Feature","geometry":{"type":"Point","coordinates":[-6.421483999999964,6.869435000000067]},"properties":{"id":336,"nom":"ALLIANCE DES EGLISES EVANGELIQUE DE COTE D IVOIRE","type":"eglise","district_region":null,"departement_commune":null,"verifie":true,"name":"ALLIANCE DES EGLISES EVANGELIQUE DE COTE D IVOIRE","source":"Géoportail ANSTAT"}},{"type":"Feature","geometry":{"type":"Point","coordinates":[-6.314002999999957,7.144914000000028]},"properties":{"id":337,"nom":"ALLIANCE DES EGLISES EVANGELIQUES EN COTE D IVOIRE","type":"eglise","district_region":null,"departement_commune":null,"verifie":true,"name":"ALLIANCE DES EGLISES EVANGELIQUES EN COTE D IVOIRE","source":"Géoportail ANSTAT"}},{"type":"Feature","geometry":{"type":"Point","coordinates":[-6.318920999999932,7.142116000000044]},"properties":{"id":338,"nom":"ALLIANCE DES EGLISES EVANGELIQUES DE COTE D IVOIRE","type":"eglise","district_region":null,"departement_commune":null,"verifie":true,"name":"ALLIANCE DES EGLISES EVANGELIQUES DE COTE D IVOIRE","source":"Géoportail ANSTAT"}},{"type":"Feature","geometry":{"type":"Point","coordinates":[-6.331022999999959,7.019974000000047]},"properties":{"id":339,"nom":"ALLIANCE EVANGELIQUE DE COTE D IVOIRE","type":"eglise","district_region":null,"departement_commune":null,"verifie":true,"name":"ALLIANCE EVANGELIQUE DE COTE D IVOIRE","source":"Géoportail ANSTAT"}},{"type":"Feature","geometry":{"type":"Point","coordinates":[-6.454649999999958,6.893681000000072]},"properties":{"id":340,"nom":"ALLIANCE DES EGLISES EVANGELIQUES DE COTE D IVOIRE","type":"eglise","district_region":null,"departement_commune":null,"verifie":true,"name":"ALLIANCE DES EGLISES EVANGELIQUES DE COTE D IVOIRE","source":"Géoportail ANSTAT"}},{"type":"Feature","geometry":{"type":"Point","coordinates":[-6.472731999999951,6.887218000000075]},"properties":{"id":341,"nom":"ALLIANCE DES EGLISES EVANGELIQUES DE COTE D IVOIRE","type":"eglise","district_region":null,"departement_commune":null,"verifie":true,"name":"ALLIANCE DES EGLISES EVANGELIQUES DE COTE D IVOIRE","source":"Géoportail ANSTAT"}},{"type":"Feature","geometry":{"type":"Point","coordinates":[-6.753436999999963,6.293631000000062]},"properties":{"id":342,"nom":"AMES","type":"eglise","district_region":null,"departement_commune":null,"verifie":true,"name":"AMES","source":"Géoportail ANSTAT"}},{"type":"Feature","geometry":{"type":"Point","coordinates":[-4.521775999999932,5.681487000000061]},"properties":{"id":344,"nom":"ANCIENNE EGLISE CATHOLIQUE","type":"eglise","district_region":null,"departement_commune":null,"verifie":true,"name":"ANCIENNE EGLISE CATHOLIQUE","source":"Géoportail ANSTAT"}},{"type":"Feature","geometry":{"type":"Point","coordinates":[-4.827004999999929,5.89339300000006]},"properties":{"id":345,"nom":"AMBASSADE DES VRAIS ADORATEURS DES ROIS","type":"eglise","district_region":null,"departement_commune":null,"verifie":true,"name":"AMBASSADE DES VRAIS ADORATEURS DES ROIS","source":"Géoportail ANSTAT"}},{"type":"Feature","geometry":{"type":"Point","coordinates":[-4.829987999999958,5.89367100000004]},"properties":{"id":346,"nom":"AME","type":"eglise","district_region":null,"departement_commune":null,"verifie":true,"name":"AME","source":"Géoportail ANSTAT"}},{"type":"Feature","geometry":{"type":"Point","coordinates":[-4.396365999999944,5.731058000000075]},"properties":{"id":347,"nom":"ANCIEN EGLISE CATHOLIQUE","type":"eglise","district_region":null,"departement_commune":null,"verifie":true,"name":"ANCIEN EGLISE CATHOLIQUE","source":"Géoportail ANSTAT"}},{"type":"Feature","geometry":{"type":"Point","coordinates":[-4.218358999999964,5.927774000000056]},"properties":{"id":348,"nom":"AMBASSADE DES MIRACLES DAGBOVILLE","type":"eglise","district_region":null,"departement_commune":null,"verifie":true,"name":"AMBASSADE DES MIRACLES DAGBOVILLE","source":"Géoportail ANSTAT"}},{"type":"Feature","geometry":{"type":"Point","coordinates":[-4.214362999999935,5.939017000000035]},"properties":{"id":349,"nom":"AMORC","type":"eglise","district_region":null,"departement_commune":null,"verifie":true,"name":"AMORC","source":"Géoportail ANSTAT"}},{"type":"Feature","geometry":{"type":"Point","coordinates":[-7.188775999999962,8.477441000000056]},"properties":{"id":350,"nom":"ALLIANCES DES EGLISES EVANGELIQUES DE COTE DIVOIRE","type":"eglise","district_region":null,"departement_commune":null,"verifie":true,"name":"ALLIANCES DES EGLISES EVANGELIQUES DE COTE DIVOIRE","source":"Géoportail ANSTAT"}},{"type":"Feature","geometry":{"type":"Point","coordinates":[-5.534758999999951,6.019892000000027]},"properties":{"id":351,"nom":"AIME TON PROCHAIN","type":"eglise","district_region":null,"departement_commune":null,"verifie":true,"name":"AIME TON PROCHAIN","source":"Géoportail ANSTAT"}},{"type":"Feature","geometry":{"type":"Point","coordinates":[-5.346631999999943,5.823694000000046]},"properties":{"id":353,"nom":"AIME TON PROCHAIN COMME TOI MEME","type":"eglise","district_region":null,"departement_commune":null,"verifie":true,"name":"AIME TON PROCHAIN COMME TOI MEME","source":"Géoportail ANSTAT"}},{"type":"Feature","geometry":{"type":"Point","coordinates":[-5.369069999999965,5.837204000000042]},"properties":{"id":354,"nom":"ALIANCE DES EGLISES EVANGELIQUE","type":"eglise","district_region":null,"departement_commune":null,"verifie":true,"name":"ALIANCE DES EGLISES EVANGELIQUE","source":"Géoportail ANSTAT"}},{"type":"Feature","geometry":{"type":"Point","coordinates":[-5.351578999999958,5.840176000000042]},"properties":{"id":355,"nom":"ALVANTISTE","type":"eglise","district_region":null,"departement_commune":null,"verifie":true,"name":"ALVANTISTE","source":"Géoportail ANSTAT"}},{"type":"Feature","geometry":{"type":"Point","coordinates":[-5.202232999999978,5.897522000000038]},"properties":{"id":356,"nom":"AMBASSADE DES MIRACLES DE BLE","type":"eglise","district_region":null,"departement_commune":null,"verifie":true,"name":"AMBASSADE DES MIRACLES DE BLE","source":"Géoportail ANSTAT"}},{"type":"Feature","geometry":{"type":"Point","coordinates":[-5.207610999999929,5.71962000000002]},"properties":{"id":357,"nom":"AMBASSADE","type":"eglise","district_region":null,"departement_commune":null,"verifie":true,"name":"AMBASSADE","source":"Géoportail ANSTAT"}},{"type":"Feature","geometry":{"type":"Point","coordinates":[-3.293647999999962,6.613342000000046]},"properties":{"id":362,"nom":"ANCIENNE EGLISE CATHOLIQUE","type":"eglise","district_region":null,"departement_commune":null,"verifie":true,"name":"ANCIENNE EGLISE CATHOLIQUE","source":"Géoportail ANSTAT"}},{"type":"Feature","geometry":{"type":"Point","coordinates":[-3.50750899999997,6.731457000000034]},"properties":{"id":363,"nom":"ALLIANCE BIBLIQUE MISSIONNAIRE CI","type":"eglise","district_region":null,"departement_commune":null,"verifie":true,"name":"ALLIANCE BIBLIQUE MISSIONNAIRE CI","source":"Géoportail ANSTAT"}},{"type":"Feature","geometry":{"type":"Point","coordinates":[-3.412394999999947,7.072762000000068]},"properties":{"id":364,"nom":"ANCIENNE EGLISE CATHOLIQUE","type":"eglise","district_region":null,"departement_commune":null,"verifie":true,"name":"ANCIENNE EGLISE CATHOLIQUE","source":"Géoportail ANSTAT"}},{"type":"Feature","geometry":{"type":"Point","coordinates":[-3.960201999999981,6.320012000000077]},"properties":{"id":365,"nom":"ANGE SION","type":"eglise","district_region":null,"departement_commune":null,"verifie":true,"name":"ANGE SION","source":"Géoportail ANSTAT"}},{"type":"Feature","geometry":{"type":"Point","coordinates":[-3.177726999999948,5.18048200000004]},"properties":{"id":366,"nom":"ANCIENNE EGLISE CATHOLIQUE ST MICHEL","type":"eglise","district_region":null,"departement_commune":null,"verifie":true,"name":"ANCIENNE EGLISE CATHOLIQUE ST MICHEL","source":"Géoportail ANSTAT"}},{"type":"Feature","geometry":{"type":"Point","coordinates":[-3.307084999999972,5.28235200000006]},"properties":{"id":367,"nom":"AMBASSADE DES MIRACLES ADIAKE","type":"eglise","district_region":null,"departement_commune":null,"verifie":true,"name":"AMBASSADE DES MIRACLES ADIAKE","source":"Géoportail ANSTAT"}},{"type":"Feature","geometry":{"type":"Point","coordinates":[-3.207827999999949,5.467234000000076]},"properties":{"id":369,"nom":"ANCIENNE EGLISE CATHOLIQUE","type":"eglise","district_region":null,"departement_commune":null,"verifie":true,"name":"ANCIENNE EGLISE CATHOLIQUE","source":"Géoportail ANSTAT"}},{"type":"Feature","geometry":{"type":"Point","coordinates":[-7.799163999999962,7.358847000000026]},"properties":{"id":373,"nom":"AMANI","type":"eglise","district_region":null,"departement_commune":null,"verifie":true,"name":"AMANI","source":"Géoportail ANSTAT"}},{"type":"Feature","geometry":{"type":"Point","coordinates":[-7.572350999999969,7.406770000000051]},"properties":{"id":374,"nom":"ALLIANCE DES EGLISES EVANGELIQUES DE COTE DIVOIRE","type":"eglise","district_region":null,"departement_commune":null,"verifie":true,"name":"ALLIANCE DES EGLISES EVANGELIQUES DE COTE DIVOIRE","source":"Géoportail ANSTAT"}},{"type":"Feature","geometry":{"type":"Point","coordinates":[-7.551809999999932,7.39164500000004]},"properties":{"id":375,"nom":"AMBASSADE DES MIRACLES DE MAN","type":"eglise","district_region":null,"departement_commune":null,"verifie":true,"name":"AMBASSADE DES MIRACLES DE MAN","source":"Géoportail ANSTAT"}},{"type":"Feature","geometry":{"type":"Point","coordinates":[-7.623470999999938,7.753880000000038]},"properties":{"id":376,"nom":"AMECI DE BIANCOUMA","type":"eglise","district_region":null,"departement_commune":null,"verifie":true,"name":"AMECI DE BIANCOUMA","source":"Géoportail ANSTAT"}},{"type":"Feature","geometry":{"type":"Point","coordinates":[-3.997747999999945,7.647432000000038]},"properties":{"id":377,"nom":"ANCIENNE CHAPELE","type":"eglise","district_region":null,"departement_commune":null,"verifie":true,"name":"ANCIENNE CHAPELE","source":"Géoportail ANSTAT"}},{"type":"Feature","geometry":{"type":"Point","coordinates":[-5.220779999999934,6.712166000000025]},"properties":{"id":381,"nom":"EGLISE CATHOLIQUE","type":"eglise","district_region":null,"departement_commune":null,"verifie":true,"name":"EGLISE CATHOLIQUE","source":"Géoportail ANSTAT"}},{"type":"Feature","geometry":{"type":"Point","coordinates":[-5.41700899999995,6.381436000000065]},"properties":{"id":382,"nom":"ALLIANCE DES EGLISES PROTESTANTESBDEBCOTE D IVOIRE","type":"eglise","district_region":null,"departement_commune":null,"verifie":true,"name":"ALLIANCE DES EGLISES PROTESTANTESBDEBCOTE D IVOIRE","source":"Géoportail ANSTAT"}},{"type":"Feature","geometry":{"type":"Point","coordinates":[-2.951820999999939,7.942307000000028]},"properties":{"id":383,"nom":"ANCIENNE EGLISE DE SIAGO","type":"eglise","district_region":null,"departement_commune":null,"verifie":true,"name":"ANCIENNE EGLISE DE SIAGO","source":"Géoportail ANSTAT"}},{"type":"Feature","geometry":{"type":"Point","coordinates":[-2.979224999999929,7.891101000000049]},"properties":{"id":384,"nom":"ANCIENNE EGLISE CATHOLIQUE","type":"eglise","district_region":null,"departement_commune":null,"verifie":true,"name":"ANCIENNE EGLISE CATHOLIQUE","source":"Géoportail ANSTAT"}},{"type":"Feature","geometry":{"type":"Point","coordinates":[-6.862191999999936,7.416915000000074]},"properties":{"id":385,"nom":"ALLIANCE DES EGLISES EVANGELIQUE DE CTECTE D IVOIRE","type":"eglise","district_region":null,"departement_commune":null,"verifie":true,"name":"ALLIANCE DES EGLISES EVANGELIQUE DE CTECTE D IVOIRE","source":"Géoportail ANSTAT"}},{"type":"Feature","geometry":{"type":"Point","coordinates":[-3.128372999999954,7.071259000000055]},"properties":{"id":386,"nom":"ANCIENNE EGLISE CATHOLIQUE   MUSEE","type":"eglise","district_region":null,"departement_commune":null,"verifie":true,"name":"ANCIENNE EGLISE CATHOLIQUE   MUSEE","source":"Géoportail ANSTAT"}},{"type":"Feature","geometry":{"type":"Point","coordinates":[-5.472991999999977,10.11501000000004]},"properties":{"id":387,"nom":"ASSEMBLE DE DIEU","type":"eglise","district_region":null,"departement_commune":null,"verifie":true,"name":"ASSEMBLE DE DIEU","source":"Géoportail ANSTAT"}},{"type":"Feature","geometry":{"type":"Point","coordinates":[-6.709197999999958,4.695308000000068]},"properties":{"id":388,"nom":"ASSEMBLEE DE DIEU","type":"eglise","district_region":null,"departement_commune":null,"verifie":true,"name":"ASSEMBLEE DE DIEU","source":"Géoportail ANSTAT"}},{"type":"Feature","geometry":{"type":"Point","coordinates":[-7.132596999999976,4.803344000000038]},"properties":{"id":389,"nom":"ASSEMBLEE DE DIEU","type":"eglise","district_region":null,"departement_commune":null,"verifie":true,"name":"ASSEMBLEE DE DIEU","source":"Géoportail ANSTAT"}},{"type":"Feature","geometry":{"type":"Point","coordinates":[-7.165583999999967,4.687790000000064]},"properties":{"id":390,"nom":"ASSEMBLE DE DIEU","type":"eglise","district_region":null,"departement_commune":null,"verifie":true,"name":"ASSEMBLE DE DIEU","source":"Géoportail ANSTAT"}},{"type":"Feature","geometry":{"type":"Point","coordinates":[-7.165259999999932,4.563289000000054]},"properties":{"id":391,"nom":"ASSEMBLE DE DIEU","type":"eglise","district_region":null,"departement_commune":null,"verifie":true,"name":"ASSEMBLE DE DIEU","source":"Géoportail ANSTAT"}},{"type":"Feature","geometry":{"type":"Point","coordinates":[-7.201741999999967,4.589394000000027]},"properties":{"id":392,"nom":"ASSEMBLEE DE DIEU","type":"eglise","district_region":null,"departement_commune":null,"verifie":true,"name":"ASSEMBLEE DE DIEU","source":"Géoportail ANSTAT"}},{"type":"Feature","geometry":{"type":"Point","coordinates":[-7.264480999999932,4.661858000000052]},"properties":{"id":393,"nom":"ASSEMBLE DE DIEU","type":"eglise","district_region":null,"departement_commune":null,"verifie":true,"name":"ASSEMBLE DE DIEU","source":"Géoportail ANSTAT"}},{"type":"Feature","geometry":{"type":"Point","coordinates":[-6.97618499999993,5.018488000000048]},"properties":{"id":394,"nom":"ASSEMBLEE DE DIEU","type":"eglise","district_region":null,"departement_commune":null,"verifie":true,"name":"ASSEMBLEE DE DIEU","source":"Géoportail ANSTAT"}},{"type":"Feature","geometry":{"type":"Point","coordinates":[-6.885546999999974,4.832826000000068]},"properties":{"id":395,"nom":"ASSEMBLEE DE DIEU","type":"eglise","district_region":null,"departement_commune":null,"verifie":true,"name":"ASSEMBLEE DE DIEU","source":"Géoportail ANSTAT"}},{"type":"Feature","geometry":{"type":"Point","coordinates":[-6.711893999999972,4.723209000000054]},"properties":{"id":396,"nom":"ASSEMBLEE DE DIEU","type":"eglise","district_region":null,"departement_commune":null,"verifie":true,"name":"ASSEMBLEE DE DIEU","source":"Géoportail ANSTAT"}},{"type":"Feature","geometry":{"type":"Point","coordinates":[-6.417393999999945,5.168542000000059]},"properties":{"id":397,"nom":"ASSAMBLEE DE DIEU","type":"eglise","district_region":null,"departement_commune":null,"verifie":true,"name":"ASSAMBLEE DE DIEU","source":"Géoportail ANSTAT"}},{"type":"Feature","geometry":{"type":"Point","coordinates":[-6.40064499999994,5.054632000000026]},"properties":{"id":398,"nom":"ASSEMBLE DE DIEU","type":"eglise","district_region":null,"departement_commune":null,"verifie":true,"name":"ASSEMBLE DE DIEU","source":"Géoportail ANSTAT"}},{"type":"Feature","geometry":{"type":"Point","coordinates":[-6.908270999999957,5.178905000000043]},"properties":{"id":399,"nom":"ASSEMBLE DE DIEU","type":"eglise","district_region":null,"departement_commune":null,"verifie":true,"name":"ASSEMBLE DE DIEU","source":"Géoportail ANSTAT"}},{"type":"Feature","geometry":{"type":"Point","coordinates":[-6.879573999999934,4.672855000000027]},"properties":{"id":400,"nom":"ARRISTE","type":"eglise","district_region":null,"departement_commune":null,"verifie":true,"name":"ARRISTE","source":"Géoportail ANSTAT"}},{"type":"Feature","geometry":{"type":"Point","coordinates":[-6.909049999999979,4.779865000000029]},"properties":{"id":401,"nom":"ASSEMBLEE DE DIEU","type":"eglise","district_region":null,"departement_commune":null,"verifie":true,"name":"ASSEMBLEE DE DIEU","source":"Géoportail ANSTAT"}},{"type":"Feature","geometry":{"type":"Point","coordinates":[-6.909036999999955,4.779904000000045]},"properties":{"id":402,"nom":"ASSEMBLEE DE DIEU","type":"eglise","district_region":null,"departement_commune":null,"verifie":true,"name":"ASSEMBLEE DE DIEU","source":"Géoportail ANSTAT"}},{"type":"Feature","geometry":{"type":"Point","coordinates":[-6.961785999999961,4.780639000000065]},"properties":{"id":403,"nom":"ASSEMBLEE DE DIEU","type":"eglise","district_region":null,"departement_commune":null,"verifie":true,"name":"ASSEMBLEE DE DIEU","source":"Géoportail ANSTAT"}},{"type":"Feature","geometry":{"type":"Point","coordinates":[-7.022925999999927,4.773953000000063]},"properties":{"id":404,"nom":"ASSEMBLEE DE DIEU","type":"eglise","district_region":null,"departement_commune":null,"verifie":true,"name":"ASSEMBLEE DE DIEU","source":"Géoportail ANSTAT"}},{"type":"Feature","geometry":{"type":"Point","coordinates":[-7.022452999999928,4.635716000000059]},"properties":{"id":405,"nom":"ASSEMBLE DE DIEU","type":"eglise","district_region":null,"departement_commune":null,"verifie":true,"name":"ASSEMBLE DE DIEU","source":"Géoportail ANSTAT"}},{"type":"Feature","geometry":{"type":"Point","coordinates":[-7.022380999999939,4.570978000000025]},"properties":{"id":406,"nom":"ASSEMBLEE DE DIEU","type":"eglise","district_region":null,"departement_commune":null,"verifie":true,"name":"ASSEMBLEE DE DIEU","source":"Géoportail ANSTAT"}},{"type":"Feature","geometry":{"type":"Point","coordinates":[-7.028871999999978,5.125062000000071]},"properties":{"id":407,"nom":"ASSEMBLE E DIEU DE PETIT OUAGA","type":"eglise","district_region":null,"departement_commune":null,"verifie":true,"name":"ASSEMBLE E DIEU DE PETIT OUAGA","source":"Géoportail ANSTAT"}},{"type":"Feature","geometry":{"type":"Point","coordinates":[-7.230156999999963,5.050392000000045]},"properties":{"id":408,"nom":"ASSEMBLEE DE DIEU","type":"eglise","district_region":null,"departement_commune":null,"verifie":true,"name":"ASSEMBLEE DE DIEU","source":"Géoportail ANSTAT"}},{"type":"Feature","geometry":{"type":"Point","coordinates":[-7.231000999999935,5.050694000000021]},"properties":{"id":409,"nom":"ASSEMBLEE DE DIEU","type":"eglise","district_region":null,"departement_commune":null,"verifie":true,"name":"ASSEMBLEE DE DIEU","source":"Géoportail ANSTAT"}},{"type":"Feature","geometry":{"type":"Point","coordinates":[-7.102424999999926,4.624818000000062]},"properties":{"id":410,"nom":"ASSEMBLE DE DIEU","type":"eglise","district_region":null,"departement_commune":null,"verifie":true,"name":"ASSEMBLE DE DIEU","source":"Géoportail ANSTAT"}},{"type":"Feature","geometry":{"type":"Point","coordinates":[-7.102337999999975,4.768257000000062]},"properties":{"id":411,"nom":"ASSEMBLEE DE DIEU","type":"eglise","district_region":null,"departement_commune":null,"verifie":true,"name":"ASSEMBLEE DE DIEU","source":"Géoportail ANSTAT"}},{"type":"Feature","geometry":{"type":"Point","coordinates":[-7.558359999999936,4.558814000000041]},"properties":{"id":412,"nom":"ASSEMBLEE DE DIEU","type":"eglise","district_region":null,"departement_commune":null,"verifie":true,"name":"ASSEMBLEE DE DIEU","source":"Géoportail ANSTAT"}},{"type":"Feature","geometry":{"type":"Point","coordinates":[-7.35534999999993,4.859009000000071]},"properties":{"id":413,"nom":"ASSEMBLEE DE DIEU","type":"eglise","district_region":null,"departement_commune":null,"verifie":true,"name":"ASSEMBLEE DE DIEU","source":"Géoportail ANSTAT"}},{"type":"Feature","geometry":{"type":"Point","coordinates":[-7.322175999999956,4.435563000000059]},"properties":{"id":414,"nom":"ASSEMBLE DE DIEU","type":"eglise","district_region":null,"departement_commune":null,"verifie":true,"name":"ASSEMBLE DE DIEU","source":"Géoportail ANSTAT"}},{"type":"Feature","geometry":{"type":"Point","coordinates":[-7.485564999999951,4.364242000000047]},"properties":{"id":415,"nom":"ASSEMBLEE DE DIEU","type":"eglise","district_region":null,"departement_commune":null,"verifie":true,"name":"ASSEMBLEE DE DIEU","source":"Géoportail ANSTAT"}},{"type":"Feature","geometry":{"type":"Point","coordinates":[-7.521390999999937,4.364112000000034]},"properties":{"id":416,"nom":"ASSEMBLEE DE DIEU","type":"eglise","district_region":null,"departement_commune":null,"verifie":true,"name":"ASSEMBLEE DE DIEU","source":"Géoportail ANSTAT"}},{"type":"Feature","geometry":{"type":"Point","coordinates":[-7.508060999999941,4.417814000000021]},"properties":{"id":417,"nom":"ASSEMBLEE DE DIEU","type":"eglise","district_region":null,"departement_commune":null,"verifie":true,"name":"ASSEMBLEE DE DIEU","source":"Géoportail ANSTAT"}},{"type":"Feature","geometry":{"type":"Point","coordinates":[-7.323918999999933,4.545794000000058]},"properties":{"id":418,"nom":"ASSEMBLEE DE DIEU","type":"eglise","district_region":null,"departement_commune":null,"verifie":true,"name":"ASSEMBLEE DE DIEU","source":"Géoportail ANSTAT"}},{"type":"Feature","geometry":{"type":"Point","coordinates":[-7.526008999999931,4.587659000000031]},"properties":{"id":419,"nom":"ASSEMBLEE DE DIEU","type":"eglise","district_region":null,"departement_commune":null,"verifie":true,"name":"ASSEMBLEE DE DIEU","source":"Géoportail ANSTAT"}},{"type":"Feature","geometry":{"type":"Point","coordinates":[-7.538253999999938,4.608493000000067]},"properties":{"id":420,"nom":"ASSEMBLEE DE DIEU","type":"eglise","district_region":null,"departement_commune":null,"verifie":true,"name":"ASSEMBLEE DE DIEU","source":"Géoportail ANSTAT"}},{"type":"Feature","geometry":{"type":"Point","coordinates":[-7.342689999999948,4.634279000000049]},"properties":{"id":421,"nom":"ASSEMBLE DE DIEU","type":"eglise","district_region":null,"departement_commune":null,"verifie":true,"name":"ASSEMBLE DE DIEU","source":"Géoportail ANSTAT"}},{"type":"Feature","geometry":{"type":"Point","coordinates":[-7.306605999999931,4.685390000000041]},"properties":{"id":422,"nom":"ASSEMBLEE DE DIEU","type":"eglise","district_region":null,"departement_commune":null,"verifie":true,"name":"ASSEMBLEE DE DIEU","source":"Géoportail ANSTAT"}},{"type":"Feature","geometry":{"type":"Point","coordinates":[-7.309360999999967,4.480829000000028]},"properties":{"id":423,"nom":"ASSEMBLE DE DIEU","type":"eglise","district_region":null,"departement_commune":null,"verifie":true,"name":"ASSEMBLE DE DIEU","source":"Géoportail ANSTAT"}},{"type":"Feature","geometry":{"type":"Point","coordinates":[-7.348744999999951,4.420803000000035]},"properties":{"id":424,"nom":"ASSEMBLE OF GOD","type":"eglise","district_region":null,"departement_commune":null,"verifie":true,"name":"ASSEMBLE OF GOD","source":"Géoportail ANSTAT"}},{"type":"Feature","geometry":{"type":"Point","coordinates":[-7.381169999999941,5.149157000000059]},"properties":{"id":425,"nom":"ASSEMBLE DE DIEU","type":"eglise","district_region":null,"departement_commune":null,"verifie":true,"name":"ASSEMBLE DE DIEU","source":"Géoportail ANSTAT"}},{"type":"Feature","geometry":{"type":"Point","coordinates":[-7.549633999999969,4.822215000000028]},"properties":{"id":426,"nom":"ASSEMBLEE DE DIEU","type":"eglise","district_region":null,"departement_commune":null,"verifie":true,"name":"ASSEMBLEE DE DIEU","source":"Géoportail ANSTAT"}},{"type":"Feature","geometry":{"type":"Point","coordinates":[-7.402128999999945,5.234909000000073]},"properties":{"id":427,"nom":"ASSEMBLE DE DIEU","type":"eglise","district_region":null,"departement_commune":null,"verifie":true,"name":"ASSEMBLE DE DIEU","source":"Géoportail ANSTAT"}},{"type":"Feature","geometry":{"type":"Point","coordinates":[-7.365493999999956,5.232723000000021]},"properties":{"id":428,"nom":"ASSEMBLEE DE DIEU","type":"eglise","district_region":null,"departement_commune":null,"verifie":true,"name":"ASSEMBLEE DE DIEU","source":"Géoportail ANSTAT"}},{"type":"Feature","geometry":{"type":"Point","coordinates":[-7.371432999999968,5.293297000000052]},"properties":{"id":429,"nom":"ASSEMBLEE DE DIEU","type":"eglise","district_region":null,"departement_commune":null,"verifie":true,"name":"ASSEMBLEE DE DIEU","source":"Géoportail ANSTAT"}},{"type":"Feature","geometry":{"type":"Point","coordinates":[-7.285165999999947,5.358639000000039]},"properties":{"id":430,"nom":"ASSEMBLE DE DIEU DE DJOUROUTOU","type":"eglise","district_region":null,"departement_commune":null,"verifie":true,"name":"ASSEMBLE DE DIEU DE DJOUROUTOU","source":"Géoportail ANSTAT"}},{"type":"Feature","geometry":{"type":"Point","coordinates":[-7.492897999999968,4.927234000000055]},"properties":{"id":431,"nom":"ASSEMBLEE DE DIEU","type":"eglise","district_region":null,"departement_commune":null,"verifie":true,"name":"ASSEMBLEE DE DIEU","source":"Géoportail ANSTAT"}},{"type":"Feature","geometry":{"type":"Point","coordinates":[-6.48136999999997,5.023767000000021]},"properties":{"id":432,"nom":"ASSEMBLE DE DIEU","type":"eglise","district_region":null,"departement_commune":null,"verifie":true,"name":"ASSEMBLE DE DIEU","source":"Géoportail ANSTAT"}},{"type":"Feature","geometry":{"type":"Point","coordinates":[-6.449289999999962,5.239603000000045]},"properties":{"id":433,"nom":"ASSAMBLEE DE DIEU","type":"eglise","district_region":null,"departement_commune":null,"verifie":true,"name":"ASSAMBLEE DE DIEU","source":"Géoportail ANSTAT"}},{"type":"Feature","geometry":{"type":"Point","coordinates":[-5.75876999999997,9.661127000000022]},"properties":{"id":434,"nom":"ASSEMBLE DE DIEU","type":"eglise","district_region":null,"departement_commune":null,"verifie":true,"name":"ASSEMBLE DE DIEU","source":"Géoportail ANSTAT"}},{"type":"Feature","geometry":{"type":"Point","coordinates":[-6.83634399999994,6.022410000000036]},"properties":{"id":435,"nom":"ASSAMBLE DE DIEU","type":"eglise","district_region":null,"departement_commune":null,"verifie":true,"name":"ASSAMBLE DE DIEU","source":"Géoportail ANSTAT"}},{"type":"Feature","geometry":{"type":"Point","coordinates":[-6.842063999999937,5.776534000000026]},"properties":{"id":436,"nom":"ASSEMBLE DE DIEU","type":"eglise","district_region":null,"departement_commune":null,"verifie":true,"name":"ASSEMBLE DE DIEU","source":"Géoportail ANSTAT"}},{"type":"Feature","geometry":{"type":"Point","coordinates":[-6.734218999999939,5.664585000000045]},"properties":{"id":437,"nom":"ASSEMBLEE DE DIEU","type":"eglise","district_region":null,"departement_commune":null,"verifie":true,"name":"ASSEMBLEE DE DIEU","source":"Géoportail ANSTAT"}},{"type":"Feature","geometry":{"type":"Point","coordinates":[-6.671378999999945,5.444134000000076]},"properties":{"id":438,"nom":"ASSEMBLEE DE DIEU","type":"eglise","district_region":null,"departement_commune":null,"verifie":true,"name":"ASSEMBLEE DE DIEU","source":"Géoportail ANSTAT"}},{"type":"Feature","geometry":{"type":"Point","coordinates":[-6.590856999999971,5.861182000000042]},"properties":{"id":439,"nom":"ASSEMBLE DE DIEUX","type":"eglise","district_region":null,"departement_commune":null,"verifie":true,"name":"ASSEMBLE DE DIEUX","source":"Géoportail ANSTAT"}},{"type":"Feature","geometry":{"type":"Point","coordinates":[-6.294801999999947,5.611631000000045]},"properties":{"id":440,"nom":"ASSEMBLE DE DIEU","type":"eglise","district_region":null,"departement_commune":null,"verifie":true,"name":"ASSEMBLE DE DIEU","source":"Géoportail ANSTAT"}},{"type":"Feature","geometry":{"type":"Point","coordinates":[-6.386429999999962,5.815576000000021]},"properties":{"id":441,"nom":"ASSEBLE DE DIEU","type":"eglise","district_region":null,"departement_commune":null,"verifie":true,"name":"ASSEBLE DE DIEU","source":"Géoportail ANSTAT"}},{"type":"Feature","geometry":{"type":"Point","coordinates":[-6.347361999999976,5.812369000000047]},"properties":{"id":442,"nom":"ASSEMBLEASSEMBLE DE DIEU","type":"eglise","district_region":null,"departement_commune":null,"verifie":true,"name":"ASSEMBLEASSEMBLE DE DIEU","source":"Géoportail ANSTAT"}},{"type":"Feature","geometry":{"type":"Point","coordinates":[-6.542082999999934,6.111781000000065]},"properties":{"id":443,"nom":"ASSEMBLEE DE DIEU","type":"eglise","district_region":null,"departement_commune":null,"verifie":true,"name":"ASSEMBLEE DE DIEU","source":"Géoportail ANSTAT"}},{"type":"Feature","geometry":{"type":"Point","coordinates":[-6.70573799999994,6.071738000000039]},"properties":{"id":444,"nom":"ASSEMBLEE DE DIEU","type":"eglise","district_region":null,"departement_commune":null,"verifie":true,"name":"ASSEMBLEE DE DIEU","source":"Géoportail ANSTAT"}},{"type":"Feature","geometry":{"type":"Point","coordinates":[-6.908496999999954,6.392575000000022]},"properties":{"id":445,"nom":"ASSEMBLEE DE DIEU","type":"eglise","district_region":null,"departement_commune":null,"verifie":true,"name":"ASSEMBLEE DE DIEU","source":"Géoportail ANSTAT"}},{"type":"Feature","geometry":{"type":"Point","coordinates":[-6.961524999999938,6.307561000000021]},"properties":{"id":446,"nom":"ASSEMBLEE DE DIEU","type":"eglise","district_region":null,"departement_commune":null,"verifie":true,"name":"ASSEMBLEE DE DIEU","source":"Géoportail ANSTAT"}},{"type":"Feature","geometry":{"type":"Point","coordinates":[-7.002656999999942,6.255296000000044]},"properties":{"id":447,"nom":"ASSEMBLEE DE DIEU","type":"eglise","district_region":null,"departement_commune":null,"verifie":true,"name":"ASSEMBLEE DE DIEU","source":"Géoportail ANSTAT"}},{"type":"Feature","geometry":{"type":"Point","coordinates":[-6.996253999999965,6.244279000000063]},"properties":{"id":448,"nom":"ASSEMBLEE DE DIEU","type":"eglise","district_region":null,"departement_commune":null,"verifie":true,"name":"ASSEMBLEE DE DIEU","source":"Géoportail ANSTAT"}},{"type":"Feature","geometry":{"type":"Point","coordinates":[-6.278200999999967,5.665309000000036]},"properties":{"id":449,"nom":"ASSEMBLEE DE DIEU","type":"eglise","district_region":null,"departement_commune":null,"verifie":true,"name":"ASSEMBLEE DE DIEU","source":"Géoportail ANSTAT"}},{"type":"Feature","geometry":{"type":"Point","coordinates":[-4.448476999999968,6.269526000000042]},"properties":{"id":450,"nom":"ASSEMBLE DE DIEU","type":"eglise","district_region":null,"departement_commune":null,"verifie":true,"name":"ASSEMBLE DE DIEU","source":"Géoportail ANSTAT"}},{"type":"Feature","geometry":{"type":"Point","coordinates":[-4.353381999999954,6.475917000000038]},"properties":{"id":451,"nom":"ASSEMBLE DE DIEU","type":"eglise","district_region":null,"departement_commune":null,"verifie":true,"name":"ASSEMBLE DE DIEU","source":"Géoportail ANSTAT"}},{"type":"Feature","geometry":{"type":"Point","coordinates":[-4.425581999999963,6.600048000000072]},"properties":{"id":452,"nom":"ASSEMBLE DE DIEU","type":"eglise","district_region":null,"departement_commune":null,"verifie":true,"name":"ASSEMBLE DE DIEU","source":"Géoportail ANSTAT"}},{"type":"Feature","geometry":{"type":"Point","coordinates":[-4.539054999999962,6.355407000000071]},"properties":{"id":453,"nom":"ASSEMBLE DE DIEU","type":"eglise","district_region":null,"departement_commune":null,"verifie":true,"name":"ASSEMBLE DE DIEU","source":"Géoportail ANSTAT"}},{"type":"Feature","geometry":{"type":"Point","coordinates":[-4.090038999999933,6.779005000000041]},"properties":{"id":454,"nom":"ASSEMBLEE DE DIEU","type":"eglise","district_region":null,"departement_commune":null,"verifie":true,"name":"ASSEMBLEE DE DIEU","source":"Géoportail ANSTAT"}},{"type":"Feature","geometry":{"type":"Point","coordinates":[-3.911151999999959,6.968278000000055]},"properties":{"id":455,"nom":"ASSEMBLEE DE DIEU","type":"eglise","district_region":null,"departement_commune":null,"verifie":true,"name":"ASSEMBLEE DE DIEU","source":"Géoportail ANSTAT"}},{"type":"Feature","geometry":{"type":"Point","coordinates":[-4.113198999999952,6.70440300000007]},"properties":{"id":456,"nom":"ASSEMBLE DE DIEU","type":"eglise","district_region":null,"departement_commune":null,"verifie":true,"name":"ASSEMBLE DE DIEU","source":"Géoportail ANSTAT"}},{"type":"Feature","geometry":{"type":"Point","coordinates":[-4.095949999999959,6.648747000000071]},"properties":{"id":457,"nom":"ASSAMBLEE DE DIEU","type":"eglise","district_region":null,"departement_commune":null,"verifie":true,"name":"ASSAMBLEE DE DIEU","source":"Géoportail ANSTAT"}},{"type":"Feature","geometry":{"type":"Point","coordinates":[-4.375944999999945,6.707874000000061]},"properties":{"id":458,"nom":"ASSEMBLE DE DIEU","type":"eglise","district_region":null,"departement_commune":null,"verifie":true,"name":"ASSEMBLE DE DIEU","source":"Géoportail ANSTAT"}},{"type":"Feature","geometry":{"type":"Point","coordinates":[-4.570046999999931,6.289374000000066]},"properties":{"id":459,"nom":"ASSAMBLEE DE DIEU","type":"eglise","district_region":null,"departement_commune":null,"verifie":true,"name":"ASSAMBLEE DE DIEU","source":"Géoportail ANSTAT"}},{"type":"Feature","geometry":{"type":"Point","coordinates":[-7.133882999999969,7.610023000000069]},"properties":{"id":460,"nom":"ASSEMBLE DE DIEU","type":"eglise","district_region":null,"departement_commune":null,"verifie":true,"name":"ASSEMBLE DE DIEU","source":"Géoportail ANSTAT"}},{"type":"Feature","geometry":{"type":"Point","coordinates":[-7.13232499999998,7.491191000000072]},"properties":{"id":461,"nom":"ASSEMBLE DA DIEU","type":"eglise","district_region":null,"departement_commune":null,"verifie":true,"name":"ASSEMBLE DA DIEU","source":"Géoportail ANSTAT"}},{"type":"Feature","geometry":{"type":"Point","coordinates":[-7.135725999999977,7.477802000000054]},"properties":{"id":462,"nom":"ASSEMBLEASSEMBLE DE DIEU","type":"eglise","district_region":null,"departement_commune":null,"verifie":true,"name":"ASSEMBLEASSEMBLE DE DIEU","source":"Géoportail ANSTAT"}},{"type":"Feature","geometry":{"type":"Point","coordinates":[-7.238078999999971,7.259615000000053]},"properties":{"id":463,"nom":"ASSEMBLEE DE DIEU","type":"eglise","district_region":null,"departement_commune":null,"verifie":true,"name":"ASSEMBLEE DE DIEU","source":"Géoportail ANSTAT"}},{"type":"Feature","geometry":{"type":"Point","coordinates":[-7.600713999999925,6.900815000000023]},"properties":{"id":464,"nom":"ASSEMBLE DE DIEU DE TIE NIE ZARABAON","type":"eglise","district_region":null,"departement_commune":null,"verifie":true,"name":"ASSEMBLE DE DIEU DE TIE NIE ZARABAON","source":"Géoportail ANSTAT"}},{"type":"Feature","geometry":{"type":"Point","coordinates":[-7.951430999999957,6.98324400000007]},"properties":{"id":465,"nom":"ASSEMBLE DE DIEU","type":"eglise","district_region":null,"departement_commune":null,"verifie":true,"name":"ASSEMBLE DE DIEU","source":"Géoportail ANSTAT"}},{"type":"Feature","geometry":{"type":"Point","coordinates":[-7.407895999999937,7.006284000000051]},"properties":{"id":466,"nom":"ASSEMBLE DE DIEU","type":"eglise","district_region":null,"departement_commune":null,"verifie":true,"name":"ASSEMBLE DE DIEU","source":"Géoportail ANSTAT"}},{"type":"Feature","geometry":{"type":"Point","coordinates":[-7.302066999999965,7.131414000000063]},"properties":{"id":467,"nom":"ASSEMBLEE DE DIEU","type":"eglise","district_region":null,"departement_commune":null,"verifie":true,"name":"ASSEMBLEE DE DIEU","source":"Géoportail ANSTAT"}},{"type":"Feature","geometry":{"type":"Point","coordinates":[-7.329915999999969,7.133533000000057]},"properties":{"id":468,"nom":"ASSEMBLE DE DIEU DE DOUEKPE","type":"eglise","district_region":null,"departement_commune":null,"verifie":true,"name":"ASSEMBLE DE DIEU DE DOUEKPE","source":"Géoportail ANSTAT"}},{"type":"Feature","geometry":{"type":"Point","coordinates":[-7.321716999999978,7.154309000000069]},"properties":{"id":469,"nom":"ASSEMBLEE DE DIEU","type":"eglise","district_region":null,"departement_commune":null,"verifie":true,"name":"ASSEMBLEE DE DIEU","source":"Géoportail ANSTAT"}},{"type":"Feature","geometry":{"type":"Point","coordinates":[-7.013210999999956,6.742545000000064]},"properties":{"id":470,"nom":"ASSEMBLE DE DIEU","type":"eglise","district_region":null,"departement_commune":null,"verifie":true,"name":"ASSEMBLE DE DIEU","source":"Géoportail ANSTAT"}},{"type":"Feature","geometry":{"type":"Point","coordinates":[-7.280150999999933,6.524245000000064]},"properties":{"id":471,"nom":"ASSEMBLE DE DIEU","type":"eglise","district_region":null,"departement_commune":null,"verifie":true,"name":"ASSEMBLE DE DIEU","source":"Géoportail ANSTAT"}},{"type":"Feature","geometry":{"type":"Point","coordinates":[-7.292925999999966,6.823240000000055]},"properties":{"id":472,"nom":"ASSEMBLE DE DIEU","type":"eglise","district_region":null,"departement_commune":null,"verifie":true,"name":"ASSEMBLE DE DIEU","source":"Géoportail ANSTAT"}},{"type":"Feature","geometry":{"type":"Point","coordinates":[-7.299171999999942,6.792304000000058]},"properties":{"id":473,"nom":"ASSEMBLE DE DIEU","type":"eglise","district_region":null,"departement_commune":null,"verifie":true,"name":"ASSEMBLE DE DIEU","source":"Géoportail ANSTAT"}},{"type":"Feature","geometry":{"type":"Point","coordinates":[-7.284400999999946,6.799699000000032]},"properties":{"id":474,"nom":"ASSEMBLE DE DIEU DE DOBOBY","type":"eglise","district_region":null,"departement_commune":null,"verifie":true,"name":"ASSEMBLE DE DIEU DE DOBOBY","source":"Géoportail ANSTAT"}},{"type":"Feature","geometry":{"type":"Point","coordinates":[-7.324966999999958,6.847780000000057]},"properties":{"id":475,"nom":"ASSEMBLE DE DIEU","type":"eglise","district_region":null,"departement_commune":null,"verifie":true,"name":"ASSEMBLE DE DIEU","source":"Géoportail ANSTAT"}},{"type":"Feature","geometry":{"type":"Point","coordinates":[-7.338304999999934,6.74007000000006]},"properties":{"id":476,"nom":"ASSEMBLE DE DIEU","type":"eglise","district_region":null,"departement_commune":null,"verifie":true,"name":"ASSEMBLE DE DIEU","source":"Géoportail ANSTAT"}},{"type":"Feature","geometry":{"type":"Point","coordinates":[-7.356366999999977,6.742764000000022]},"properties":{"id":477,"nom":"ASSEMBLE DE DIEU","type":"eglise","district_region":null,"departement_commune":null,"verifie":true,"name":"ASSEMBLE DE DIEU","source":"Géoportail ANSTAT"}},{"type":"Feature","geometry":{"type":"Point","coordinates":[-7.143109999999979,6.816687000000059]},"properties":{"id":478,"nom":"ASSEMBLE DE DIEU","type":"eglise","district_region":null,"departement_commune":null,"verifie":true,"name":"ASSEMBLE DE DIEU","source":"Géoportail ANSTAT"}},{"type":"Feature","geometry":{"type":"Point","coordinates":[-4.587380999999937,5.27108000000004]},"properties":{"id":479,"nom":"ASSEMBLE DE DIEU","type":"eglise","district_region":null,"departement_commune":null,"verifie":true,"name":"ASSEMBLE DE DIEU","source":"Géoportail ANSTAT"}},{"type":"Feature","geometry":{"type":"Point","coordinates":[-4.58741299999997,5.271127000000035]},"properties":{"id":480,"nom":"ASSEMBLE DE DIEU","type":"eglise","district_region":null,"departement_commune":null,"verifie":true,"name":"ASSEMBLE DE DIEU","source":"Géoportail ANSTAT"}},{"type":"Feature","geometry":{"type":"Point","coordinates":[-4.964115999999933,5.636479000000065]},"properties":{"id":481,"nom":"ASSEMBLEE DE DIEU","type":"eglise","district_region":null,"departement_commune":null,"verifie":true,"name":"ASSEMBLEE DE DIEU","source":"Géoportail ANSTAT"}},{"type":"Feature","geometry":{"type":"Point","coordinates":[-5.410353999999927,5.217189000000076]},"properties":{"id":482,"nom":"ASSEMBLE DE DIEU","type":"eglise","district_region":null,"departement_commune":null,"verifie":true,"name":"ASSEMBLE DE DIEU","source":"Géoportail ANSTAT"}},{"type":"Feature","geometry":{"type":"Point","coordinates":[-5.428237999999965,5.138055000000065]},"properties":{"id":483,"nom":"ASSEMBLE DE DIEU","type":"eglise","district_region":null,"departement_commune":null,"verifie":true,"name":"ASSEMBLE DE DIEU","source":"Géoportail ANSTAT"}},{"type":"Feature","geometry":{"type":"Point","coordinates":[-5.350603999999976,5.123501000000033]},"properties":{"id":484,"nom":"ARISTE","type":"eglise","district_region":null,"departement_commune":null,"verifie":true,"name":"ARISTE","source":"Géoportail ANSTAT"}},{"type":"Feature","geometry":{"type":"Point","coordinates":[-5.190115999999932,5.219884000000036]},"properties":{"id":485,"nom":"ASSEMBLE DE DIEU","type":"eglise","district_region":null,"departement_commune":null,"verifie":true,"name":"ASSEMBLE DE DIEU","source":"Géoportail ANSTAT"}},{"type":"Feature","geometry":{"type":"Point","coordinates":[-5.15017899999998,5.210340000000031]},"properties":{"id":486,"nom":"ARISSE","type":"eglise","district_region":null,"departement_commune":null,"verifie":true,"name":"ARISSE","source":"Géoportail ANSTAT"}},{"type":"Feature","geometry":{"type":"Point","coordinates":[-4.978767999999945,5.14733300000006]},"properties":{"id":487,"nom":"ASSEMBLE DE DIEU","type":"eglise","district_region":null,"departement_commune":null,"verifie":true,"name":"ASSEMBLE DE DIEU","source":"Géoportail ANSTAT"}},{"type":"Feature","geometry":{"type":"Point","coordinates":[-4.771439999999927,5.38876700000003]},"properties":{"id":488,"nom":"ASSEMBLE DE DIEU","type":"eglise","district_region":null,"departement_commune":null,"verifie":true,"name":"ASSEMBLE DE DIEU","source":"Géoportail ANSTAT"}},{"type":"Feature","geometry":{"type":"Point","coordinates":[-4.863516999999945,5.359772000000021]},"properties":{"id":489,"nom":"ASSEMBLE DE DIEU","type":"eglise","district_region":null,"departement_commune":null,"verifie":true,"name":"ASSEMBLE DE DIEU","source":"Géoportail ANSTAT"}},{"type":"Feature","geometry":{"type":"Point","coordinates":[-4.573984999999936,5.520666000000062]},"properties":{"id":490,"nom":"ASSEM LEE DE DIEU","type":"eglise","district_region":null,"departement_commune":null,"verifie":true,"name":"ASSEM LEE DE DIEU","source":"Géoportail ANSTAT"}},{"type":"Feature","geometry":{"type":"Point","coordinates":[-4.46571199999994,5.314801000000045]},"properties":{"id":491,"nom":"ASSEMBLE DE DIEU","type":"eglise","district_region":null,"departement_commune":null,"verifie":true,"name":"ASSEMBLE DE DIEU","source":"Géoportail ANSTAT"}},{"type":"Feature","geometry":{"type":"Point","coordinates":[-4.370707999999979,5.331822000000045]},"properties":{"id":492,"nom":"APOSTOLIQUE","type":"eglise","district_region":null,"departement_commune":null,"verifie":true,"name":"APOSTOLIQUE","source":"Géoportail ANSTAT"}},{"type":"Feature","geometry":{"type":"Point","coordinates":[-5.007222999999954,5.397840000000031]},"properties":{"id":493,"nom":"ARISS","type":"eglise","district_region":null,"departement_commune":null,"verifie":true,"name":"ARISS","source":"Géoportail ANSTAT"}},{"type":"Feature","geometry":{"type":"Point","coordinates":[-5.829966999999954,6.162085000000047]},"properties":{"id":494,"nom":"ASSEMBLEE DE DIEU","type":"eglise","district_region":null,"departement_commune":null,"verifie":true,"name":"ASSEMBLEE DE DIEU","source":"Géoportail ANSTAT"}},{"type":"Feature","geometry":{"type":"Point","coordinates":[-5.834308999999962,6.072731000000033]},"properties":{"id":495,"nom":"ASSEMBLE DE DIEU MAD BOBIA","type":"eglise","district_region":null,"departement_commune":null,"verifie":true,"name":"ASSEMBLE DE DIEU MAD BOBIA","source":"Géoportail ANSTAT"}},{"type":"Feature","geometry":{"type":"Point","coordinates":[-5.834308999999962,6.072730000000035]},"properties":{"id":496,"nom":"ASSEMBLE DE DIEU MAD BOBIA","type":"eglise","district_region":null,"departement_commune":null,"verifie":true,"name":"ASSEMBLE DE DIEU MAD BOBIA","source":"Géoportail ANSTAT"}},{"type":"Feature","geometry":{"type":"Point","coordinates":[-5.850145999999938,6.159082000000069]},"properties":{"id":497,"nom":"ASSEMBLEE DE DIEU","type":"eglise","district_region":null,"departement_commune":null,"verifie":true,"name":"ASSEMBLEE DE DIEU","source":"Géoportail ANSTAT"}},{"type":"Feature","geometry":{"type":"Point","coordinates":[-5.902538999999933,6.046475000000044]},"properties":{"id":498,"nom":"ASSEMBLEE DE DIEU","type":"eglise","district_region":null,"departement_commune":null,"verifie":true,"name":"ASSEMBLEE DE DIEU","source":"Géoportail ANSTAT"}},{"type":"Feature","geometry":{"type":"Point","coordinates":[-5.946000999999967,6.042048000000023]},"properties":{"id":499,"nom":"ASSEMBLEE DE DIEU","type":"eglise","district_region":null,"departement_commune":null,"verifie":true,"name":"ASSEMBLEE DE DIEU","source":"Géoportail ANSTAT"}},{"type":"Feature","geometry":{"type":"Point","coordinates":[-6.005563999999936,6.110709000000043]},"properties":{"id":500,"nom":"ASEMBLEE DE DIEU","type":"eglise","district_region":null,"departement_commune":null,"verifie":true,"name":"ASEMBLEE DE DIEU","source":"Géoportail ANSTAT"}},{"type":"Feature","geometry":{"type":"Point","coordinates":[-6.067848999999967,5.978289000000075]},"properties":{"id":501,"nom":"ASSEMBLE DE DIEU","type":"eglise","district_region":null,"departement_commune":null,"verifie":true,"name":"ASSEMBLE DE DIEU","source":"Géoportail ANSTAT"}},{"type":"Feature","geometry":{"type":"Point","coordinates":[-6.125066999999945,5.941185000000075]},"properties":{"id":502,"nom":"ASSEMBLEE DE DIEU","type":"eglise","district_region":null,"departement_commune":null,"verifie":true,"name":"ASSEMBLEE DE DIEU","source":"Géoportail ANSTAT"}},{"type":"Feature","geometry":{"type":"Point","coordinates":[-6.111165999999969,5.875450000000058]},"properties":{"id":503,"nom":"ASSEMBLEE DE DIEU","type":"eglise","district_region":null,"departement_commune":null,"verifie":true,"name":"ASSEMBLEE DE DIEU","source":"Géoportail ANSTAT"}},{"type":"Feature","geometry":{"type":"Point","coordinates":[-6.107812999999965,5.794594000000075]},"properties":{"id":504,"nom":"ASSAMBLE DE DIEU","type":"eglise","district_region":null,"departement_commune":null,"verifie":true,"name":"ASSAMBLE DE DIEU","source":"Géoportail ANSTAT"}},{"type":"Feature","geometry":{"type":"Point","coordinates":[-6.146625999999969,6.145078000000069]},"properties":{"id":505,"nom":"ASSEMBLEE DE DIEU","type":"eglise","district_region":null,"departement_commune":null,"verifie":true,"name":"ASSEMBLEE DE DIEU","source":"Géoportail ANSTAT"}},{"type":"Feature","geometry":{"type":"Point","coordinates":[-6.158497999999952,5.961932000000047]},"properties":{"id":506,"nom":"ASSEMBLEE DE DIEU","type":"eglise","district_region":null,"departement_commune":null,"verifie":true,"name":"ASSEMBLEE DE DIEU","source":"Géoportail ANSTAT"}},{"type":"Feature","geometry":{"type":"Point","coordinates":[-6.205230999999969,5.949062000000026]},"properties":{"id":507,"nom":"ASSEMBLEE DE DIEU","type":"eglise","district_region":null,"departement_commune":null,"verifie":true,"name":"ASSEMBLEE DE DIEU","source":"Géoportail ANSTAT"}},{"type":"Feature","geometry":{"type":"Point","coordinates":[-6.14852899999994,5.924320000000023]},"properties":{"id":508,"nom":"ASSEMBLEE DE DIEU","type":"eglise","district_region":null,"departement_commune":null,"verifie":true,"name":"ASSEMBLEE DE DIEU","source":"Géoportail ANSTAT"}},{"type":"Feature","geometry":{"type":"Point","coordinates":[-5.947467999999958,6.14362600000004]},"properties":{"id":509,"nom":"ARCHIDIOCESE DE GAGNOA PAROISSE SAINTE MARIE MERE DE DIEU DE BABRE","type":"eglise","district_region":null,"departement_commune":null,"verifie":true,"name":"ARCHIDIOCESE DE GAGNOA PAROISSE SAINTE MARIE MERE DE DIEU DE BABRE","source":"Géoportail ANSTAT"}},{"type":"Feature","geometry":{"type":"Point","coordinates":[-5.958266999999978,6.143197000000043]},"properties":{"id":510,"nom":"ASSEMBLE DE DIEU","type":"eglise","district_region":null,"departement_commune":null,"verifie":true,"name":"ASSEMBLE DE DIEU","source":"Géoportail ANSTAT"}},{"type":"Feature","geometry":{"type":"Point","coordinates":[-5.944514999999967,6.104566000000034]},"properties":{"id":511,"nom":"ASSEMBLEE DE DIEU","type":"eglise","district_region":null,"departement_commune":null,"verifie":true,"name":"ASSEMBLEE DE DIEU","source":"Géoportail ANSTAT"}},{"type":"Feature","geometry":{"type":"Point","coordinates":[-6.130933999999968,6.252001000000064]},"properties":{"id":512,"nom":"ASSEMBLEE DE DIEU","type":"eglise","district_region":null,"departement_commune":null,"verifie":true,"name":"ASSEMBLEE DE DIEU","source":"Géoportail ANSTAT"}},{"type":"Feature","geometry":{"type":"Point","coordinates":[-6.098420999999973,6.288381000000072]},"properties":{"id":513,"nom":"ASSEMBLEE DE DIEU","type":"eglise","district_region":null,"departement_commune":null,"verifie":true,"name":"ASSEMBLEE DE DIEU","source":"Géoportail ANSTAT"}},{"type":"Feature","geometry":{"type":"Point","coordinates":[-6.142915999999957,6.27001000000007]},"properties":{"id":514,"nom":"ASSEMBLEE DE DIEU","type":"eglise","district_region":null,"departement_commune":null,"verifie":true,"name":"ASSEMBLEE DE DIEU","source":"Géoportail ANSTAT"}},{"type":"Feature","geometry":{"type":"Point","coordinates":[-6.150431999999967,6.168612000000053]},"properties":{"id":515,"nom":"ASSEMBLEE DE DIEU","type":"eglise","district_region":null,"departement_commune":null,"verifie":true,"name":"ASSEMBLEE DE DIEU","source":"Géoportail ANSTAT"}},{"type":"Feature","geometry":{"type":"Point","coordinates":[-6.181196999999941,6.313720000000046]},"properties":{"id":516,"nom":"ASSEMBLE DE DIEU","type":"eglise","district_region":null,"departement_commune":null,"verifie":true,"name":"ASSEMBLE DE DIEU","source":"Géoportail ANSTAT"}},{"type":"Feature","geometry":{"type":"Point","coordinates":[-6.196394999999939,6.26515500000005]},"properties":{"id":517,"nom":"ASSEMBLEE DE DIEU","type":"eglise","district_region":null,"departement_commune":null,"verifie":true,"name":"ASSEMBLEE DE DIEU","source":"Géoportail ANSTAT"}},{"type":"Feature","geometry":{"type":"Point","coordinates":[-6.206537999999966,6.273336000000029]},"properties":{"id":518,"nom":"ASSEMBLEE DE DIEU","type":"eglise","district_region":null,"departement_commune":null,"verifie":true,"name":"ASSEMBLEE DE DIEU","source":"Géoportail ANSTAT"}},{"type":"Feature","geometry":{"type":"Point","coordinates":[-6.222828999999933,6.121046000000035]},"properties":{"id":519,"nom":"ASSEMBLE DE DIEU","type":"eglise","district_region":null,"departement_commune":null,"verifie":true,"name":"ASSEMBLE DE DIEU","source":"Géoportail ANSTAT"}},{"type":"Feature","geometry":{"type":"Point","coordinates":[-6.247670999999968,6.014560000000074]},"properties":{"id":520,"nom":"ASSEMBLE DE DIEU","type":"eglise","district_region":null,"departement_commune":null,"verifie":true,"name":"ASSEMBLE DE DIEU","source":"Géoportail ANSTAT"}},{"type":"Feature","geometry":{"type":"Point","coordinates":[-6.299736999999936,6.071699000000024]},"properties":{"id":521,"nom":"ASSEMBLE DE DIEU","type":"eglise","district_region":null,"departement_commune":null,"verifie":true,"name":"ASSEMBLE DE DIEU","source":"Géoportail ANSTAT"}},{"type":"Feature","geometry":{"type":"Point","coordinates":[-6.300609999999949,6.076005000000066]},"properties":{"id":522,"nom":"ASSEMBLE DE DIEU","type":"eglise","district_region":null,"departement_commune":null,"verifie":true,"name":"ASSEMBLE DE DIEU","source":"Géoportail ANSTAT"}},{"type":"Feature","geometry":{"type":"Point","coordinates":[-6.320840999999973,6.154816000000039]},"properties":{"id":523,"nom":"ASSEMBLE DE DIEU","type":"eglise","district_region":null,"departement_commune":null,"verifie":true,"name":"ASSEMBLE DE DIEU","source":"Géoportail ANSTAT"}},{"type":"Feature","geometry":{"type":"Point","coordinates":[-6.17289599999998,6.237488000000042]},"properties":{"id":524,"nom":"ARCHIDIOCESE DE GAGNOA PAROISSE SAINTE FAMILLE DE GUIBEROUA","type":"eglise","district_region":null,"departement_commune":null,"verifie":true,"name":"ARCHIDIOCESE DE GAGNOA PAROISSE SAINTE FAMILLE DE GUIBEROUA","source":"Géoportail ANSTAT"}},{"type":"Feature","geometry":{"type":"Point","coordinates":[-6.178590999999926,6.245482000000038]},"properties":{"id":525,"nom":"ASSEMBLEE DE DIEU","type":"eglise","district_region":null,"departement_commune":null,"verifie":true,"name":"ASSEMBLEE DE DIEU","source":"Géoportail ANSTAT"}},{"type":"Feature","geometry":{"type":"Point","coordinates":[-5.784186999999974,6.42919900000004]},"properties":{"id":526,"nom":"ASSEMBLE DE DIEU","type":"eglise","district_region":null,"departement_commune":null,"verifie":true,"name":"ASSEMBLE DE DIEU","source":"Géoportail ANSTAT"}},{"type":"Feature","geometry":{"type":"Point","coordinates":[-5.798891999999967,6.398711000000048]},"properties":{"id":527,"nom":"ASSEMBLE DE DIEU","type":"eglise","district_region":null,"departement_commune":null,"verifie":true,"name":"ASSEMBLE DE DIEU","source":"Géoportail ANSTAT"}},{"type":"Feature","geometry":{"type":"Point","coordinates":[-5.92146299999996,6.435017000000073]},"properties":{"id":528,"nom":"ASSEMBLE DE DIEU","type":"eglise","district_region":null,"departement_commune":null,"verifie":true,"name":"ASSEMBLE DE DIEU","source":"Géoportail ANSTAT"}},{"type":"Feature","geometry":{"type":"Point","coordinates":[-5.999379999999974,6.463424000000032]},"properties":{"id":529,"nom":"ASSEMBLE DE DIEU","type":"eglise","district_region":null,"departement_commune":null,"verifie":true,"name":"ASSEMBLE DE DIEU","source":"Géoportail ANSTAT"}},{"type":"Feature","geometry":{"type":"Point","coordinates":[-5.898959999999931,6.344450000000052]},"properties":{"id":530,"nom":"ASSEMBLEE DE DIEU","type":"eglise","district_region":null,"departement_commune":null,"verifie":true,"name":"ASSEMBLEE DE DIEU","source":"Géoportail ANSTAT"}},{"type":"Feature","geometry":{"type":"Point","coordinates":[-6.04048199999994,6.295709000000045]},"properties":{"id":531,"nom":"ASSEMBLEE DE DIEU","type":"eglise","district_region":null,"departement_commune":null,"verifie":true,"name":"ASSEMBLEE DE DIEU","source":"Géoportail ANSTAT"}},{"type":"Feature","geometry":{"type":"Point","coordinates":[-5.873561999999936,6.013884000000076]},"properties":{"id":532,"nom":"ASSEMBLE DE DIEU","type":"eglise","district_region":null,"departement_commune":null,"verifie":true,"name":"ASSEMBLE DE DIEU","source":"Géoportail ANSTAT"}},{"type":"Feature","geometry":{"type":"Point","coordinates":[-5.357065999999975,6.431558000000052]},"properties":{"id":533,"nom":"ASSEMBLE DE DIEU","type":"eglise","district_region":null,"departement_commune":null,"verifie":true,"name":"ASSEMBLE DE DIEU","source":"Géoportail ANSTAT"}},{"type":"Feature","geometry":{"type":"Point","coordinates":[-5.486025999999981,6.396261000000038]},"properties":{"id":534,"nom":"ASSEMBLEE DE DIEU","type":"eglise","district_region":null,"departement_commune":null,"verifie":true,"name":"ASSEMBLEE DE DIEU","source":"Géoportail ANSTAT"}},{"type":"Feature","geometry":{"type":"Point","coordinates":[-5.588059999999928,6.434409000000073]},"properties":{"id":535,"nom":"ASSEMBLEE DE DIEU","type":"eglise","district_region":null,"departement_commune":null,"verifie":true,"name":"ASSEMBLEE DE DIEU","source":"Géoportail ANSTAT"}},{"type":"Feature","geometry":{"type":"Point","coordinates":[-5.604090999999926,6.437140000000056]},"properties":{"id":536,"nom":"ASSEMBLEE DE DIEU","type":"eglise","district_region":null,"departement_commune":null,"verifie":true,"name":"ASSEMBLEE DE DIEU","source":"Géoportail ANSTAT"}},{"type":"Feature","geometry":{"type":"Point","coordinates":[-5.693699999999978,6.465890000000059]},"properties":{"id":537,"nom":"ASSAMBLEE DE DIEU","type":"eglise","district_region":null,"departement_commune":null,"verifie":true,"name":"ASSAMBLEE DE DIEU","source":"Géoportail ANSTAT"}},{"type":"Feature","geometry":{"type":"Point","coordinates":[-5.678075999999976,6.455178000000046]},"properties":{"id":538,"nom":"ASSEMBLEE DE DIEU","type":"eglise","district_region":null,"departement_commune":null,"verifie":true,"name":"ASSEMBLEE DE DIEU","source":"Géoportail ANSTAT"}},{"type":"Feature","geometry":{"type":"Point","coordinates":[-5.724798999999962,6.506745000000024]},"properties":{"id":539,"nom":"ASSEMBLEE DE DIEU","type":"eglise","district_region":null,"departement_commune":null,"verifie":true,"name":"ASSEMBLEE DE DIEU","source":"Géoportail ANSTAT"}},{"type":"Feature","geometry":{"type":"Point","coordinates":[-5.417366999999956,6.390255000000025]},"properties":{"id":540,"nom":"ASSEMBLE DE DIEU","type":"eglise","district_region":null,"departement_commune":null,"verifie":true,"name":"ASSEMBLE DE DIEU","source":"Géoportail ANSTAT"}},{"type":"Feature","geometry":{"type":"Point","coordinates":[-5.40286999999995,6.380037000000073]},"properties":{"id":541,"nom":"ASSEMBLEE DE DIEU","type":"eglise","district_region":null,"departement_commune":null,"verifie":true,"name":"ASSEMBLEE DE DIEU","source":"Géoportail ANSTAT"}},{"type":"Feature","geometry":{"type":"Point","coordinates":[-5.417005999999958,6.215559000000042]},"properties":{"id":542,"nom":"ASSEMBLE DE DIEU","type":"eglise","district_region":null,"departement_commune":null,"verifie":true,"name":"ASSEMBLE DE DIEU","source":"Géoportail ANSTAT"}},{"type":"Feature","geometry":{"type":"Point","coordinates":[-5.519848999999965,6.328814000000023]},"properties":{"id":543,"nom":"ASSEMBLEE DE DIEU","type":"eglise","district_region":null,"departement_commune":null,"verifie":true,"name":"ASSEMBLEE DE DIEU","source":"Géoportail ANSTAT"}},{"type":"Feature","geometry":{"type":"Point","coordinates":[-5.662721999999974,6.315561000000059]},"properties":{"id":544,"nom":"ASSEMBLE DE DIEU","type":"eglise","district_region":null,"departement_commune":null,"verifie":true,"name":"ASSEMBLE DE DIEU","source":"Géoportail ANSTAT"}},{"type":"Feature","geometry":{"type":"Point","coordinates":[-5.692206999999939,6.217876000000047]},"properties":{"id":545,"nom":"ASSEMBLE DE DIEU","type":"eglise","district_region":null,"departement_commune":null,"verifie":true,"name":"ASSEMBLE DE DIEU","source":"Géoportail ANSTAT"}},{"type":"Feature","geometry":{"type":"Point","coordinates":[-5.707595999999967,6.206136000000072]},"properties":{"id":546,"nom":"ASSEMBLE DE DIEU","type":"eglise","district_region":null,"departement_commune":null,"verifie":true,"name":"ASSEMBLE DE DIEU","source":"Géoportail ANSTAT"}},{"type":"Feature","geometry":{"type":"Point","coordinates":[-5.83921799999996,5.483251000000052]},"properties":{"id":547,"nom":"ASSEMBLEE DE DIEU","type":"eglise","district_region":null,"departement_commune":null,"verifie":true,"name":"ASSEMBLEE DE DIEU","source":"Géoportail ANSTAT"}},{"type":"Feature","geometry":{"type":"Point","coordinates":[-6.394698999999946,5.365692000000024]},"properties":{"id":548,"nom":"ASSAMBLEE DE DIEU","type":"eglise","district_region":null,"departement_commune":null,"verifie":true,"name":"ASSAMBLEE DE DIEU","source":"Géoportail ANSTAT"}},{"type":"Feature","geometry":{"type":"Point","coordinates":[-5.516528999999935,5.373940000000061]},"properties":{"id":549,"nom":"ASSEMBLE DE DIEU","type":"eglise","district_region":null,"departement_commune":null,"verifie":true,"name":"ASSEMBLE DE DIEU","source":"Géoportail ANSTAT"}},{"type":"Feature","geometry":{"type":"Point","coordinates":[-5.728047999999944,5.596128000000022]},"properties":{"id":550,"nom":"ASSEMBLEE DE DIEU","type":"eglise","district_region":null,"departement_commune":null,"verifie":true,"name":"ASSEMBLEE DE DIEU","source":"Géoportail ANSTAT"}},{"type":"Feature","geometry":{"type":"Point","coordinates":[-4.714664999999968,7.283813000000066]},"properties":{"id":551,"nom":"ASSEMBLE DE DIEU","type":"eglise","district_region":null,"departement_commune":null,"verifie":true,"name":"ASSEMBLE DE DIEU","source":"Géoportail ANSTAT"}},{"type":"Feature","geometry":{"type":"Point","coordinates":[-4.802174999999977,7.169317000000035]},"properties":{"id":552,"nom":"ASSEMBLEE DE DIEU","type":"eglise","district_region":null,"departement_commune":null,"verifie":true,"name":"ASSEMBLEE DE DIEU","source":"Géoportail ANSTAT"}},{"type":"Feature","geometry":{"type":"Point","coordinates":[-4.804078999999945,7.121544000000029]},"properties":{"id":553,"nom":"ASSEMBLEE DE DIEU","type":"eglise","district_region":null,"departement_commune":null,"verifie":true,"name":"ASSEMBLEE DE DIEU","source":"Géoportail ANSTAT"}},{"type":"Feature","geometry":{"type":"Point","coordinates":[-4.835639999999955,7.466955000000041]},"properties":{"id":554,"nom":"ASSEMBLEE DE DIEU","type":"eglise","district_region":null,"departement_commune":null,"verifie":true,"name":"ASSEMBLEE DE DIEU","source":"Géoportail ANSTAT"}},{"type":"Feature","geometry":{"type":"Point","coordinates":[-4.855688999999927,6.336585000000071]},"properties":{"id":555,"nom":"ARRISTE","type":"eglise","district_region":null,"departement_commune":null,"verifie":true,"name":"ARRISTE","source":"Géoportail ANSTAT"}},{"type":"Feature","geometry":{"type":"Point","coordinates":[-4.88459899999998,7.400332000000049]},"properties":{"id":556,"nom":"ASSEMBLEE DE DIEU","type":"eglise","district_region":null,"departement_commune":null,"verifie":true,"name":"ASSEMBLEE DE DIEU","source":"Géoportail ANSTAT"}},{"type":"Feature","geometry":{"type":"Point","coordinates":[-4.881280999999944,6.931330000000059]},"properties":{"id":557,"nom":"ASSEMBLEE DE DIEU","type":"eglise","district_region":null,"departement_commune":null,"verifie":true,"name":"ASSEMBLEE DE DIEU","source":"Géoportail ANSTAT"}},{"type":"Feature","geometry":{"type":"Point","coordinates":[-5.022602999999947,6.550471000000073]},"properties":{"id":558,"nom":"ARMEE DU ST ESPRIT","type":"eglise","district_region":null,"departement_commune":null,"verifie":true,"name":"ARMEE DU ST ESPRIT","source":"Géoportail ANSTAT"}},{"type":"Feature","geometry":{"type":"Point","coordinates":[-5.009404999999958,6.570178000000055]},"properties":{"id":559,"nom":"ASSEMBLE DE DIEU","type":"eglise","district_region":null,"departement_commune":null,"verifie":true,"name":"ASSEMBLE DE DIEU","source":"Géoportail ANSTAT"}},{"type":"Feature","geometry":{"type":"Point","coordinates":[-5.006893999999932,6.563619000000074]},"properties":{"id":560,"nom":"ASSEMBLE DE DIEU","type":"eglise","district_region":null,"departement_commune":null,"verifie":true,"name":"ASSEMBLE DE DIEU","source":"Géoportail ANSTAT"}},{"type":"Feature","geometry":{"type":"Point","coordinates":[-5.146721999999954,6.664195000000063]},"properties":{"id":561,"nom":"ASSEMBLE DE DIEU","type":"eglise","district_region":null,"departement_commune":null,"verifie":true,"name":"ASSEMBLE DE DIEU","source":"Géoportail ANSTAT"}},{"type":"Feature","geometry":{"type":"Point","coordinates":[-5.260281999999961,6.543373000000031]},"properties":{"id":562,"nom":"ASSEMBLEE DE  DIEU","type":"eglise","district_region":null,"departement_commune":null,"verifie":true,"name":"ASSEMBLEE DE  DIEU","source":"Géoportail ANSTAT"}},{"type":"Feature","geometry":{"type":"Point","coordinates":[-5.290464999999926,7.108772000000044]},"properties":{"id":563,"nom":"ASSEMBLE DE DIEU","type":"eglise","district_region":null,"departement_commune":null,"verifie":true,"name":"ASSEMBLE DE DIEU","source":"Géoportail ANSTAT"}},{"type":"Feature","geometry":{"type":"Point","coordinates":[-5.58468199999993,7.175880000000063]},"properties":{"id":564,"nom":"ASSEMBLE DE DIEU","type":"eglise","district_region":null,"departement_commune":null,"verifie":true,"name":"ASSEMBLE DE DIEU","source":"Géoportail ANSTAT"}},{"type":"Feature","geometry":{"type":"Point","coordinates":[-5.12695599999995,6.317575000000033]},"properties":{"id":565,"nom":"ASSEMBLE DE DIEU","type":"eglise","district_region":null,"departement_commune":null,"verifie":true,"name":"ASSEMBLE DE DIEU","source":"Géoportail ANSTAT"}},{"type":"Feature","geometry":{"type":"Point","coordinates":[-4.90584999999993,7.128724000000034]},"properties":{"id":566,"nom":"ASSEMBLE DE DIEU","type":"eglise","district_region":null,"departement_commune":null,"verifie":true,"name":"ASSEMBLE DE DIEU","source":"Géoportail ANSTAT"}},{"type":"Feature","geometry":{"type":"Point","coordinates":[-4.850451999999962,7.060812000000055]},"properties":{"id":567,"nom":"ASSEMBLEE DE DIEU","type":"eglise","district_region":null,"departement_commune":null,"verifie":true,"name":"ASSEMBLEE DE DIEU","source":"Géoportail ANSTAT"}},{"type":"Feature","geometry":{"type":"Point","coordinates":[-4.250921999999946,5.323790000000031]},"properties":{"id":568,"nom":"ASSEMBLE DE DIEU","type":"eglise","district_region":null,"departement_commune":null,"verifie":true,"name":"ASSEMBLE DE DIEU","source":"Géoportail ANSTAT"}},{"type":"Feature","geometry":{"type":"Point","coordinates":[-4.295121999999935,5.541327000000024]},"properties":{"id":569,"nom":"ASSEMBLE DE DIEU","type":"eglise","district_region":null,"departement_commune":null,"verifie":true,"name":"ASSEMBLE DE DIEU","source":"Géoportail ANSTAT"}},{"type":"Feature","geometry":{"type":"Point","coordinates":[-4.161436999999978,5.483963000000074]},"properties":{"id":570,"nom":"ASEMBLE DE DIEU","type":"eglise","district_region":null,"departement_commune":null,"verifie":true,"name":"ASEMBLE DE DIEU","source":"Géoportail ANSTAT"}},{"type":"Feature","geometry":{"type":"Point","coordinates":[-3.966372999999976,5.534858000000042]},"properties":{"id":571,"nom":"ASSEMBLE DE DIEU DE ATTIEKOI","type":"eglise","district_region":null,"departement_commune":null,"verifie":true,"name":"ASSEMBLE DE DIEU DE ATTIEKOI","source":"Géoportail ANSTAT"}},{"type":"Feature","geometry":{"type":"Point","coordinates":[-3.848592999999937,5.45793800000007]},"properties":{"id":572,"nom":"ASSEMBLE DE DIEU","type":"eglise","district_region":null,"departement_commune":null,"verifie":true,"name":"ASSEMBLE DE DIEU","source":"Géoportail ANSTAT"}},{"type":"Feature","geometry":{"type":"Point","coordinates":[-2.871316999999976,7.893845000000056]},"properties":{"id":573,"nom":"ASSEMBLE DES DIEUX","type":"eglise","district_region":null,"departement_commune":null,"verifie":true,"name":"ASSEMBLE DES DIEUX","source":"Géoportail ANSTAT"}},{"type":"Feature","geometry":{"type":"Point","coordinates":[-2.826526999999942,7.989820000000066]},"properties":{"id":574,"nom":"ASSEMBLE DE DIEU","type":"eglise","district_region":null,"departement_commune":null,"verifie":true,"name":"ASSEMBLE DE DIEU","source":"Géoportail ANSTAT"}},{"type":"Feature","geometry":{"type":"Point","coordinates":[-2.889210999999932,8.001795000000072]},"properties":{"id":575,"nom":"ASSEMBLEE DE DIEU","type":"eglise","district_region":null,"departement_commune":null,"verifie":true,"name":"ASSEMBLEE DE DIEU","source":"Géoportail ANSTAT"}},{"type":"Feature","geometry":{"type":"Point","coordinates":[-2.945875999999942,8.078111000000035]},"properties":{"id":576,"nom":"ASSEMBLE DE DIEU","type":"eglise","district_region":null,"departement_commune":null,"verifie":true,"name":"ASSEMBLE DE DIEU","source":"Géoportail ANSTAT"}},{"type":"Feature","geometry":{"type":"Point","coordinates":[-2.771871999999973,8.102236000000062]},"properties":{"id":577,"nom":"ASSEMBLE DE DE DIEU","type":"eglise","district_region":null,"departement_commune":null,"verifie":true,"name":"ASSEMBLE DE DE DIEU","source":"Géoportail ANSTAT"}},{"type":"Feature","geometry":{"type":"Point","coordinates":[-3.243285999999955,8.299416000000065]},"properties":{"id":578,"nom":"EGLISE CATHOLIQUE DE GORONGUI","type":"eglise","district_region":null,"departement_commune":null,"verifie":true,"name":"EGLISE CATHOLIQUE DE GORONGUI","source":"Géoportail ANSTAT"}},{"type":"Feature","geometry":{"type":"Point","coordinates":[-2.952865999999972,8.509916000000032]},"properties":{"id":579,"nom":"ASSAMBLEE DE DIEU","type":"eglise","district_region":null,"departement_commune":null,"verifie":true,"name":"ASSAMBLEE DE DIEU","source":"Géoportail ANSTAT"}},{"type":"Feature","geometry":{"type":"Point","coordinates":[-2.624355999999977,8.637548000000038]},"properties":{"id":580,"nom":"ASSEMBLE DE DIEU","type":"eglise","district_region":null,"departement_commune":null,"verifie":true,"name":"ASSEMBLE DE DIEU","source":"Géoportail ANSTAT"}},{"type":"Feature","geometry":{"type":"Point","coordinates":[-3.031587999999942,7.099280000000022]},"properties":{"id":581,"nom":"ASSEMBLEE DE DIEU","type":"eglise","district_region":null,"departement_commune":null,"verifie":true,"name":"ASSEMBLEE DE DIEU","source":"Géoportail ANSTAT"}},{"type":"Feature","geometry":{"type":"Point","coordinates":[-3.040516999999966,7.187989000000073]},"properties":{"id":582,"nom":"ASSEMBLE DE DIEU","type":"eglise","district_region":null,"departement_commune":null,"verifie":true,"name":"ASSEMBLE DE DIEU","source":"Géoportail ANSTAT"}},{"type":"Feature","geometry":{"type":"Point","coordinates":[-3.166700999999932,7.227273000000025]},"properties":{"id":583,"nom":"ASSEMBLEE DE DIEU","type":"eglise","district_region":null,"departement_commune":null,"verifie":true,"name":"ASSEMBLEE DE DIEU","source":"Géoportail ANSTAT"}},{"type":"Feature","geometry":{"type":"Point","coordinates":[-3.20294199999995,7.356855000000053]},"properties":{"id":584,"nom":"ASSEMBLEE DE DIEU","type":"eglise","district_region":null,"departement_commune":null,"verifie":true,"name":"ASSEMBLEE DE DIEU","source":"Géoportail ANSTAT"}},{"type":"Feature","geometry":{"type":"Point","coordinates":[-3.101717999999948,7.448783000000049]},"properties":{"id":585,"nom":"ASSEMBLEE DE DIEU","type":"eglise","district_region":null,"departement_commune":null,"verifie":true,"name":"ASSEMBLEE DE DIEU","source":"Géoportail ANSTAT"}},{"type":"Feature","geometry":{"type":"Point","coordinates":[-3.513461999999947,7.51551900000004]},"properties":{"id":586,"nom":"ASSEMBLEE DE DIEU","type":"eglise","district_region":null,"departement_commune":null,"verifie":true,"name":"ASSEMBLEE DE DIEU","source":"Géoportail ANSTAT"}},{"type":"Feature","geometry":{"type":"Point","coordinates":[-3.319994999999949,7.661344000000042]},"properties":{"id":587,"nom":"ASSEMBLE DE DIEU","type":"eglise","district_region":null,"departement_commune":null,"verifie":true,"name":"ASSEMBLE DE DIEU","source":"Géoportail ANSTAT"}},{"type":"Feature","geometry":{"type":"Point","coordinates":[-3.115888999999925,7.763688000000059]},"properties":{"id":588,"nom":"ASSEMBLEE DE DIEU","type":"eglise","district_region":null,"departement_commune":null,"verifie":true,"name":"ASSEMBLEE DE DIEU","source":"Géoportail ANSTAT"}},{"type":"Feature","geometry":{"type":"Point","coordinates":[-3.237275999999952,7.775349000000062]},"properties":{"id":589,"nom":"ASSEMBLEE DE DIEU","type":"eglise","district_region":null,"departement_commune":null,"verifie":true,"name":"ASSEMBLEE DE DIEU","source":"Géoportail ANSTAT"}},{"type":"Feature","geometry":{"type":"Point","coordinates":[-3.217339999999979,7.83136600000006]},"properties":{"id":590,"nom":"ASSEMBLE DE DIEU","type":"eglise","district_region":null,"departement_commune":null,"verifie":true,"name":"ASSEMBLE DE DIEU","source":"Géoportail ANSTAT"}},{"type":"Feature","geometry":{"type":"Point","coordinates":[-3.33638099999996,7.845439000000056]},"properties":{"id":591,"nom":"ASSEMBLE DE DIEU","type":"eglise","district_region":null,"departement_commune":null,"verifie":true,"name":"ASSEMBLE DE DIEU","source":"Géoportail ANSTAT"}},{"type":"Feature","geometry":{"type":"Point","coordinates":[-3.254300999999941,7.481289000000061]},"properties":{"id":592,"nom":"ASSEMBLEE DE DIEU","type":"eglise","district_region":null,"departement_commune":null,"verifie":true,"name":"ASSEMBLEE DE DIEU","source":"Géoportail ANSTAT"}},{"type":"Feature","geometry":{"type":"Point","coordinates":[-7.816010999999946,7.715794000000074]},"properties":{"id":593,"nom":"ASSEMBLEE DE DIEU","type":"eglise","district_region":null,"departement_commune":null,"verifie":true,"name":"ASSEMBLEE DE DIEU","source":"Géoportail ANSTAT"}},{"type":"Feature","geometry":{"type":"Point","coordinates":[-7.93259299999994,7.730728000000056]},"properties":{"id":594,"nom":"ASSAMBLE DE DIEU OF GOD","type":"eglise","district_region":null,"departement_commune":null,"verifie":true,"name":"ASSAMBLE DE DIEU OF GOD","source":"Géoportail ANSTAT"}},{"type":"Feature","geometry":{"type":"Point","coordinates":[-7.981731999999965,7.792427000000032]},"properties":{"id":595,"nom":"ASSEMBLEE DE DIEU","type":"eglise","district_region":null,"departement_commune":null,"verifie":true,"name":"ASSEMBLEE DE DIEU","source":"Géoportail ANSTAT"}},{"type":"Feature","geometry":{"type":"Point","coordinates":[-6.045611999999949,7.429723000000024]},"properties":{"id":596,"nom":"ASSEMBLEE DE DIEU","type":"eglise","district_region":null,"departement_commune":null,"verifie":true,"name":"ASSEMBLEE DE DIEU","source":"Géoportail ANSTAT"}},{"type":"Feature","geometry":{"type":"Point","coordinates":[-5.91312199999993,7.483275000000049]},"properties":{"id":597,"nom":"ASSEMBLEE DE DIEU","type":"eglise","district_region":null,"departement_commune":null,"verifie":true,"name":"ASSEMBLEE DE DIEU","source":"Géoportail ANSTAT"}},{"type":"Feature","geometry":{"type":"Point","coordinates":[-6.044238999999948,7.410600000000045]},"properties":{"id":598,"nom":"ASSEMBLEE DE DIEU","type":"eglise","district_region":null,"departement_commune":null,"verifie":true,"name":"ASSEMBLEE DE DIEU","source":"Géoportail ANSTAT"}},{"type":"Feature","geometry":{"type":"Point","coordinates":[-6.254087999999967,7.465831000000037]},"properties":{"id":599,"nom":"ASSEMBLEE DE DIEU","type":"eglise","district_region":null,"departement_commune":null,"verifie":true,"name":"ASSEMBLEE DE DIEU","source":"Géoportail ANSTAT"}},{"type":"Feature","geometry":{"type":"Point","coordinates":[-5.53454899999997,6.912842000000069]},"properties":{"id":600,"nom":"ASSEMBLEE DE DIEU","type":"eglise","district_region":null,"departement_commune":null,"verifie":true,"name":"ASSEMBLEE DE DIEU","source":"Géoportail ANSTAT"}},{"type":"Feature","geometry":{"type":"Point","coordinates":[-5.657091999999977,6.987758000000042]},"properties":{"id":601,"nom":"ASSEMBLE DE DIEU","type":"eglise","district_region":null,"departement_commune":null,"verifie":true,"name":"ASSEMBLE DE DIEU","source":"Géoportail ANSTAT"}},{"type":"Feature","geometry":{"type":"Point","coordinates":[-5.727151999999933,7.081225000000074]},"properties":{"id":602,"nom":"ASSEMBLE DE DIEU","type":"eglise","district_region":null,"departement_commune":null,"verifie":true,"name":"ASSEMBLE DE DIEU","source":"Géoportail ANSTAT"}},{"type":"Feature","geometry":{"type":"Point","coordinates":[-5.756735999999933,6.853707000000043]},"properties":{"id":603,"nom":"ASSEMBLEE DE DIEU","type":"eglise","district_region":null,"departement_commune":null,"verifie":true,"name":"ASSEMBLEE DE DIEU","source":"Géoportail ANSTAT"}},{"type":"Feature","geometry":{"type":"Point","coordinates":[-5.584582999999952,6.882037000000025]},"properties":{"id":604,"nom":"ASSEMBLEE DE DIEU","type":"eglise","district_region":null,"departement_commune":null,"verifie":true,"name":"ASSEMBLEE DE DIEU","source":"Géoportail ANSTAT"}},{"type":"Feature","geometry":{"type":"Point","coordinates":[-5.802597999999932,6.567534000000023]},"properties":{"id":605,"nom":"ASSEMBLEE DE DIEU","type":"eglise","district_region":null,"departement_commune":null,"verifie":true,"name":"ASSEMBLEE DE DIEU","source":"Géoportail ANSTAT"}},{"type":"Feature","geometry":{"type":"Point","coordinates":[-5.822006999999928,6.646791000000064]},"properties":{"id":606,"nom":"ASSEMBLEE DE DIEU","type":"eglise","district_region":null,"departement_commune":null,"verifie":true,"name":"ASSEMBLEE DE DIEU","source":"Géoportail ANSTAT"}},{"type":"Feature","geometry":{"type":"Point","coordinates":[-5.61333499999995,6.567540000000065]},"properties":{"id":607,"nom":"ASSEMBLEE DE DIEU","type":"eglise","district_region":null,"departement_commune":null,"verifie":true,"name":"ASSEMBLEE DE DIEU","source":"Géoportail ANSTAT"}},{"type":"Feature","geometry":{"type":"Point","coordinates":[-5.92147499999993,6.610492000000022]},"properties":{"id":608,"nom":"ASSEMBLEE DE DIEU","type":"eglise","district_region":null,"departement_commune":null,"verifie":true,"name":"ASSEMBLEE DE DIEU","source":"Géoportail ANSTAT"}},{"type":"Feature","geometry":{"type":"Point","coordinates":[-5.041754999999966,7.501773000000071]},"properties":{"id":609,"nom":"ASSEMBLE DE DIEU","type":"eglise","district_region":null,"departement_commune":null,"verifie":true,"name":"ASSEMBLE DE DIEU","source":"Géoportail ANSTAT"}},{"type":"Feature","geometry":{"type":"Point","coordinates":[-4.818727999999965,7.598620000000039]},"properties":{"id":610,"nom":"ASSEMBLEE DE DIEU","type":"eglise","district_region":null,"departement_commune":null,"verifie":true,"name":"ASSEMBLEE DE DIEU","source":"Géoportail ANSTAT"}},{"type":"Feature","geometry":{"type":"Point","coordinates":[-4.843881999999951,7.677815000000066]},"properties":{"id":611,"nom":"ASSEMBLE DE DIEU","type":"eglise","district_region":null,"departement_commune":null,"verifie":true,"name":"ASSEMBLE DE DIEU","source":"Géoportail ANSTAT"}},{"type":"Feature","geometry":{"type":"Point","coordinates":[-5.004344999999944,7.719684000000029]},"properties":{"id":612,"nom":"ARCHIDIOCESE DEBOUAKE","type":"eglise","district_region":null,"departement_commune":null,"verifie":true,"name":"ARCHIDIOCESE DEBOUAKE","source":"Géoportail ANSTAT"}},{"type":"Feature","geometry":{"type":"Point","coordinates":[-5.082653999999934,7.831019000000026]},"properties":{"id":613,"nom":"ASSEMBLE DE DIEU","type":"eglise","district_region":null,"departement_commune":null,"verifie":true,"name":"ASSEMBLE DE DIEU","source":"Géoportail ANSTAT"}},{"type":"Feature","geometry":{"type":"Point","coordinates":[-5.079884999999933,7.781479000000047]},"properties":{"id":614,"nom":"ASSEMBLEE DE DIEU","type":"eglise","district_region":null,"departement_commune":null,"verifie":true,"name":"ASSEMBLEE DE DIEU","source":"Géoportail ANSTAT"}},{"type":"Feature","geometry":{"type":"Point","coordinates":[-5.037890999999945,7.689239000000043]},"properties":{"id":615,"nom":"APOSTOLIQUE","type":"eglise","district_region":null,"departement_commune":null,"verifie":true,"name":"APOSTOLIQUE","source":"Géoportail ANSTAT"}},{"type":"Feature","geometry":{"type":"Point","coordinates":[-5.025642999999945,7.669150000000059]},"properties":{"id":616,"nom":"ARCHIDIOCES DE BOUAKE PAROICE SAINT PIERE DE NIMBO","type":"eglise","district_region":null,"departement_commune":null,"verifie":true,"name":"ARCHIDIOCES DE BOUAKE PAROICE SAINT PIERE DE NIMBO","source":"Géoportail ANSTAT"}},{"type":"Feature","geometry":{"type":"Point","coordinates":[-5.033672999999965,7.705144000000075]},"properties":{"id":617,"nom":"ASSEMBLE DE DIEU","type":"eglise","district_region":null,"departement_commune":null,"verifie":true,"name":"ASSEMBLE DE DIEU","source":"Géoportail ANSTAT"}},{"type":"Feature","geometry":{"type":"Point","coordinates":[-5.055866999999978,7.709133000000065]},"properties":{"id":618,"nom":"ASSEMBLE DU MINISTERE DE L EVANGILE","type":"eglise","district_region":null,"departement_commune":null,"verifie":true,"name":"ASSEMBLE DU MINISTERE DE L EVANGILE","source":"Géoportail ANSTAT"}},{"type":"Feature","geometry":{"type":"Point","coordinates":[-5.211031999999932,7.367470000000026]},"properties":{"id":619,"nom":"ASSEMBLE DE DIEU","type":"eglise","district_region":null,"departement_commune":null,"verifie":true,"name":"ASSEMBLE DE DIEU","source":"Géoportail ANSTAT"}},{"type":"Feature","geometry":{"type":"Point","coordinates":[-5.465309999999931,7.922963000000038]},"properties":{"id":620,"nom":"ASSEMBLEE DE DIEU","type":"eglise","district_region":null,"departement_commune":null,"verifie":true,"name":"ASSEMBLEE DE DIEU","source":"Géoportail ANSTAT"}},{"type":"Feature","geometry":{"type":"Point","coordinates":[-5.542055999999945,7.537965000000042]},"properties":{"id":621,"nom":"ASSEMBLE DE DIEU","type":"eglise","district_region":null,"departement_commune":null,"verifie":true,"name":"ASSEMBLE DE DIEU","source":"Géoportail ANSTAT"}},{"type":"Feature","geometry":{"type":"Point","coordinates":[-5.608912999999973,7.585428000000036]},"properties":{"id":622,"nom":"ASSEMBLEE DE DIEU","type":"eglise","district_region":null,"departement_commune":null,"verifie":true,"name":"ASSEMBLEE DE DIEU","source":"Géoportail ANSTAT"}},{"type":"Feature","geometry":{"type":"Point","coordinates":[-5.47621399999997,7.876168000000064]},"properties":{"id":623,"nom":"ASSEMBLE DE DIEU","type":"eglise","district_region":null,"departement_commune":null,"verifie":true,"name":"ASSEMBLE DE DIEU","source":"Géoportail ANSTAT"}},{"type":"Feature","geometry":{"type":"Point","coordinates":[-3.102322999999956,9.412498000000028]},"properties":{"id":624,"nom":"ASSEMBLE DE DIEU","type":"eglise","district_region":null,"departement_commune":null,"verifie":true,"name":"ASSEMBLE DE DIEU","source":"Géoportail ANSTAT"}},{"type":"Feature","geometry":{"type":"Point","coordinates":[-3.40885499999996,9.68488300000007]},"properties":{"id":625,"nom":"ASSEMBLE DE DIEU","type":"eglise","district_region":null,"departement_commune":null,"verifie":true,"name":"ASSEMBLE DE DIEU","source":"Géoportail ANSTAT"}},{"type":"Feature","geometry":{"type":"Point","coordinates":[-3.518072999999958,9.77075700000006]},"properties":{"id":626,"nom":"ASSEMBLEE DE DIEU","type":"eglise","district_region":null,"departement_commune":null,"verifie":true,"name":"ASSEMBLEE DE DIEU","source":"Géoportail ANSTAT"}},{"type":"Feature","geometry":{"type":"Point","coordinates":[-3.531305999999972,8.46121400000004]},"properties":{"id":627,"nom":"ASSEMBLEE DE DIEU","type":"eglise","district_region":null,"departement_commune":null,"verifie":true,"name":"ASSEMBLEE DE DIEU","source":"Géoportail ANSTAT"}},{"type":"Feature","geometry":{"type":"Point","coordinates":[-3.730964999999969,8.627103000000034]},"properties":{"id":628,"nom":"ASSAMBLEE DE DIEU","type":"eglise","district_region":null,"departement_commune":null,"verifie":true,"name":"ASSAMBLEE DE DIEU","source":"Géoportail ANSTAT"}},{"type":"Feature","geometry":{"type":"Point","coordinates":[-3.437779999999975,9.634446000000024]},"properties":{"id":629,"nom":"ASSEMBLEE","type":"eglise","district_region":null,"departement_commune":null,"verifie":true,"name":"ASSEMBLEE","source":"Géoportail ANSTAT"}},{"type":"Feature","geometry":{"type":"Point","coordinates":[-4.486235999999963,6.790957000000049]},"properties":{"id":630,"nom":"ASSAMBLE DE DIEU","type":"eglise","district_region":null,"departement_commune":null,"verifie":true,"name":"ASSAMBLE DE DIEU","source":"Géoportail ANSTAT"}},{"type":"Feature","geometry":{"type":"Point","coordinates":[-4.431308999999942,6.830489000000057]},"properties":{"id":631,"nom":"ASSEMBLE DE DIEU","type":"eglise","district_region":null,"departement_commune":null,"verifie":true,"name":"ASSEMBLE DE DIEU","source":"Géoportail ANSTAT"}},{"type":"Feature","geometry":{"type":"Point","coordinates":[-4.81107899999995,6.850132000000031]},"properties":{"id":632,"nom":"ASSEMBLE DE DIEU","type":"eglise","district_region":null,"departement_commune":null,"verifie":true,"name":"ASSEMBLE DE DIEU","source":"Géoportail ANSTAT"}},{"type":"Feature","geometry":{"type":"Point","coordinates":[-4.558497999999929,7.223598000000038]},"properties":{"id":633,"nom":"ARISQUE","type":"eglise","district_region":null,"departement_commune":null,"verifie":true,"name":"ARISQUE","source":"Géoportail ANSTAT"}},{"type":"Feature","geometry":{"type":"Point","coordinates":[-4.558954999999969,7.226039000000071]},"properties":{"id":634,"nom":"ASSEMBLE DE DIEU","type":"eglise","district_region":null,"departement_commune":null,"verifie":true,"name":"ASSEMBLE DE DIEU","source":"Géoportail ANSTAT"}},{"type":"Feature","geometry":{"type":"Point","coordinates":[-4.601080999999965,7.208103000000051]},"properties":{"id":635,"nom":"ASSEMBLEE DE DIEU","type":"eglise","district_region":null,"departement_commune":null,"verifie":true,"name":"ASSEMBLEE DE DIEU","source":"Géoportail ANSTAT"}},{"type":"Feature","geometry":{"type":"Point","coordinates":[-4.608869999999968,7.319277000000056]},"properties":{"id":636,"nom":"ASSEMBLE DE DIEU","type":"eglise","district_region":null,"departement_commune":null,"verifie":true,"name":"ASSEMBLE DE DIEU","source":"Géoportail ANSTAT"}},{"type":"Feature","geometry":{"type":"Point","coordinates":[-4.734953999999959,6.660614000000066]},"properties":{"id":637,"nom":"ASSEMBLEE DE DIEU","type":"eglise","district_region":null,"departement_commune":null,"verifie":true,"name":"ASSEMBLEE DE DIEU","source":"Géoportail ANSTAT"}},{"type":"Feature","geometry":{"type":"Point","coordinates":[-4.628240999999946,6.731990000000053]},"properties":{"id":638,"nom":"ASSEMBLE DE DIEU","type":"eglise","district_region":null,"departement_commune":null,"verifie":true,"name":"ASSEMBLE DE DIEU","source":"Géoportail ANSTAT"}},{"type":"Feature","geometry":{"type":"Point","coordinates":[-4.62835999999993,6.731959000000074]},"properties":{"id":639,"nom":"ASSEMBLE DE DIEU","type":"eglise","district_region":null,"departement_commune":null,"verifie":true,"name":"ASSEMBLE DE DIEU","source":"Géoportail ANSTAT"}},{"type":"Feature","geometry":{"type":"Point","coordinates":[-4.634027999999944,6.904710000000023]},"properties":{"id":640,"nom":"ASSEMBLEE DE DIEU","type":"eglise","district_region":null,"departement_commune":null,"verifie":true,"name":"ASSEMBLEE DE DIEU","source":"Géoportail ANSTAT"}},{"type":"Feature","geometry":{"type":"Point","coordinates":[-7.359108999999933,5.625068000000056]},"properties":{"id":641,"nom":"ASSEMBLEE DE DIEU","type":"eglise","district_region":null,"departement_commune":null,"verifie":true,"name":"ASSEMBLEE DE DIEU","source":"Géoportail ANSTAT"}},{"type":"Feature","geometry":{"type":"Point","coordinates":[-7.398150999999928,5.744473000000028]},"properties":{"id":642,"nom":"ASSEMBLEE DE DIEU","type":"eglise","district_region":null,"departement_commune":null,"verifie":true,"name":"ASSEMBLEE DE DIEU","source":"Géoportail ANSTAT"}},{"type":"Feature","geometry":{"type":"Point","coordinates":[-7.456984999999975,6.436751000000072]},"properties":{"id":643,"nom":"ASSEMBLEE DE DIEU","type":"eglise","district_region":null,"departement_commune":null,"verifie":true,"name":"ASSEMBLEE DE DIEU","source":"Géoportail ANSTAT"}},{"type":"Feature","geometry":{"type":"Point","coordinates":[-7.528912999999932,6.364072000000021]},"properties":{"id":644,"nom":"ASSEMBLEE DE DIEU","type":"eglise","district_region":null,"departement_commune":null,"verifie":true,"name":"ASSEMBLEE DE DIEU","source":"Géoportail ANSTAT"}},{"type":"Feature","geometry":{"type":"Point","coordinates":[-7.555950999999936,6.441128000000049]},"properties":{"id":645,"nom":"ASSEMBLEE DE DIEU","type":"eglise","district_region":null,"departement_commune":null,"verifie":true,"name":"ASSEMBLEE DE DIEU","source":"Géoportail ANSTAT"}},{"type":"Feature","geometry":{"type":"Point","coordinates":[-7.925082999999972,6.59365200000002]},"properties":{"id":646,"nom":"ASSEMBLE DE DIEU DE MAIREKRO","type":"eglise","district_region":null,"departement_commune":null,"verifie":true,"name":"ASSEMBLE DE DIEU DE MAIREKRO","source":"Géoportail ANSTAT"}},{"type":"Feature","geometry":{"type":"Point","coordinates":[-7.965341999999964,6.445007000000032]},"properties":{"id":647,"nom":"ASSEMBLEE DE DIEU","type":"eglise","district_region":null,"departement_commune":null,"verifie":true,"name":"ASSEMBLEE DE DIEU","source":"Géoportail ANSTAT"}},{"type":"Feature","geometry":{"type":"Point","coordinates":[-8.143896999999981,6.314678000000072]},"properties":{"id":648,"nom":"ASSEMBLEE DE DIEU","type":"eglise","district_region":null,"departement_commune":null,"verifie":true,"name":"ASSEMBLEE DE DIEU","source":"Géoportail ANSTAT"}},{"type":"Feature","geometry":{"type":"Point","coordinates":[-8.190889999999968,6.628103000000067]},"properties":{"id":649,"nom":"ASSEMBLEE DE DIEU","type":"eglise","district_region":null,"departement_commune":null,"verifie":true,"name":"ASSEMBLEE DE DIEU","source":"Géoportail ANSTAT"}},{"type":"Feature","geometry":{"type":"Point","coordinates":[-8.247281999999927,6.406467000000021]},"properties":{"id":650,"nom":"ASSEMBLE DE DIEU","type":"eglise","district_region":null,"departement_commune":null,"verifie":true,"name":"ASSEMBLE DE DIEU","source":"Géoportail ANSTAT"}},{"type":"Feature","geometry":{"type":"Point","coordinates":[-8.243852999999945,6.592785000000049]},"properties":{"id":651,"nom":"ASSEMBLE DE DIEU","type":"eglise","district_region":null,"departement_commune":null,"verifie":true,"name":"ASSEMBLE DE DIEU","source":"Géoportail ANSTAT"}},{"type":"Feature","geometry":{"type":"Point","coordinates":[-8.294773999999961,6.520150000000058]},"properties":{"id":652,"nom":"ARME DU SALUT","type":"eglise","district_region":null,"departement_commune":null,"verifie":true,"name":"ARME DU SALUT","source":"Géoportail ANSTAT"}},{"type":"Feature","geometry":{"type":"Point","coordinates":[-8.29442199999994,6.520763000000045]},"properties":{"id":653,"nom":"ASSEMBLE DE DIEU","type":"eglise","district_region":null,"departement_commune":null,"verifie":true,"name":"ASSEMBLE DE DIEU","source":"Géoportail ANSTAT"}},{"type":"Feature","geometry":{"type":"Point","coordinates":[-6.405681999999956,7.447001000000057]},"properties":{"id":654,"nom":"ASSEMBLEE DE DIEU","type":"eglise","district_region":null,"departement_commune":null,"verifie":true,"name":"ASSEMBLEE DE DIEU","source":"Géoportail ANSTAT"}},{"type":"Feature","geometry":{"type":"Point","coordinates":[-6.421410999999978,7.399387000000047]},"properties":{"id":655,"nom":"ASSEMBLEE DE DIEU","type":"eglise","district_region":null,"departement_commune":null,"verifie":true,"name":"ASSEMBLEE DE DIEU","source":"Géoportail ANSTAT"}},{"type":"Feature","geometry":{"type":"Point","coordinates":[-6.520393999999953,7.61126500000006]},"properties":{"id":657,"nom":"ASSEMBLEE DE DIEU","type":"eglise","district_region":null,"departement_commune":null,"verifie":true,"name":"ASSEMBLEE DE DIEU","source":"Géoportail ANSTAT"}},{"type":"Feature","geometry":{"type":"Point","coordinates":[-6.648642999999936,7.41527700000006]},"properties":{"id":658,"nom":"ASSEMBLEE DE DIEU","type":"eglise","district_region":null,"departement_commune":null,"verifie":true,"name":"ASSEMBLEE DE DIEU","source":"Géoportail ANSTAT"}},{"type":"Feature","geometry":{"type":"Point","coordinates":[-6.745903999999939,7.456678000000068]},"properties":{"id":659,"nom":"ASSEMBLEE DE DIEU","type":"eglise","district_region":null,"departement_commune":null,"verifie":true,"name":"ASSEMBLEE DE DIEU","source":"Géoportail ANSTAT"}},{"type":"Feature","geometry":{"type":"Point","coordinates":[-6.787644999999941,7.487407000000076]},"properties":{"id":660,"nom":"ASSEMBLEE DE DIEU","type":"eglise","district_region":null,"departement_commune":null,"verifie":true,"name":"ASSEMBLEE DE DIEU","source":"Géoportail ANSTAT"}},{"type":"Feature","geometry":{"type":"Point","coordinates":[-6.910638999999946,6.801146000000074]},"properties":{"id":661,"nom":"ASSAMBLEE DE DIEU","type":"eglise","district_region":null,"departement_commune":null,"verifie":true,"name":"ASSAMBLEE DE DIEU","source":"Géoportail ANSTAT"}},{"type":"Feature","geometry":{"type":"Point","coordinates":[-6.903902999999957,6.755385000000047]},"properties":{"id":662,"nom":"ASSEMBLEE DE DIEU","type":"eglise","district_region":null,"departement_commune":null,"verifie":true,"name":"ASSEMBLEE DE DIEU","source":"Géoportail ANSTAT"}},{"type":"Feature","geometry":{"type":"Point","coordinates":[-6.940467999999953,6.743810000000053]},"properties":{"id":663,"nom":"ASSEMBLEE DE DIEU","type":"eglise","district_region":null,"departement_commune":null,"verifie":true,"name":"ASSEMBLEE DE DIEU","source":"Géoportail ANSTAT"}},{"type":"Feature","geometry":{"type":"Point","coordinates":[-6.519046999999944,6.865789000000063]},"properties":{"id":664,"nom":"ASSABLE DE DIEU","type":"eglise","district_region":null,"departement_commune":null,"verifie":true,"name":"ASSABLE DE DIEU","source":"Géoportail ANSTAT"}},{"type":"Feature","geometry":{"type":"Point","coordinates":[-6.291522999999927,6.705482000000075]},"properties":{"id":665,"nom":"ASSEMBLEE DE DIEU","type":"eglise","district_region":null,"departement_commune":null,"verifie":true,"name":"ASSEMBLEE DE DIEU","source":"Géoportail ANSTAT"}},{"type":"Feature","geometry":{"type":"Point","coordinates":[-6.408774999999935,6.761755000000051]},"properties":{"id":666,"nom":"ASSEMBLE DE DIEU","type":"eglise","district_region":null,"departement_commune":null,"verifie":true,"name":"ASSEMBLE DE DIEU","source":"Géoportail ANSTAT"}},{"type":"Feature","geometry":{"type":"Point","coordinates":[-6.456634999999949,6.919950000000028]},"properties":{"id":667,"nom":"ASSEMBLEE DE DIEU","type":"eglise","district_region":null,"departement_commune":null,"verifie":true,"name":"ASSEMBLEE DE DIEU","source":"Géoportail ANSTAT"}},{"type":"Feature","geometry":{"type":"Point","coordinates":[-6.458516999999972,6.925277000000051]},"properties":{"id":668,"nom":"ASSEMBLE DE DIEU","type":"eglise","district_region":null,"departement_commune":null,"verifie":true,"name":"ASSEMBLE DE DIEU","source":"Géoportail ANSTAT"}},{"type":"Feature","geometry":{"type":"Point","coordinates":[-6.469243999999946,6.734150000000056]},"properties":{"id":669,"nom":"ASSEMBLEE DE DIEU","type":"eglise","district_region":null,"departement_commune":null,"verifie":true,"name":"ASSEMBLEE DE DIEU","source":"Géoportail ANSTAT"}},{"type":"Feature","geometry":{"type":"Point","coordinates":[-6.242388999999946,6.910458000000062]},"properties":{"id":670,"nom":"ASSEMBLE DE DIEU DE GONATE","type":"eglise","district_region":null,"departement_commune":null,"verifie":true,"name":"ASSEMBLE DE DIEU DE GONATE","source":"Géoportail ANSTAT"}},{"type":"Feature","geometry":{"type":"Point","coordinates":[-6.471674999999948,6.889955000000043]},"properties":{"id":671,"nom":"ASSEMBLE DE DIEU","type":"eglise","district_region":null,"departement_commune":null,"verifie":true,"name":"ASSEMBLE DE DIEU","source":"Géoportail ANSTAT"}},{"type":"Feature","geometry":{"type":"Point","coordinates":[-6.446876999999972,6.898310000000038]},"properties":{"id":672,"nom":"ASSEMBLEE DE DALOA MISCHEE","type":"eglise","district_region":null,"departement_commune":null,"verifie":true,"name":"ASSEMBLEE DE DALOA MISCHEE","source":"Géoportail ANSTAT"}},{"type":"Feature","geometry":{"type":"Point","coordinates":[-6.190227999999934,6.383407000000034]},"properties":{"id":673,"nom":"ASSEMBLEE DE DIEU","type":"eglise","district_region":null,"departement_commune":null,"verifie":true,"name":"ASSEMBLEE DE DIEU","source":"Géoportail ANSTAT"}},{"type":"Feature","geometry":{"type":"Point","coordinates":[-6.277496999999926,6.373459000000025]},"properties":{"id":674,"nom":"ASSEMBLEE DE DIEU","type":"eglise","district_region":null,"departement_commune":null,"verifie":true,"name":"ASSEMBLEE DE DIEU","source":"Géoportail ANSTAT"}},{"type":"Feature","geometry":{"type":"Point","coordinates":[-6.292675999999972,6.50981500000006]},"properties":{"id":675,"nom":"ASSEMBLEE DE DIEI","type":"eglise","district_region":null,"departement_commune":null,"verifie":true,"name":"ASSEMBLEE DE DIEI","source":"Géoportail ANSTAT"}},{"type":"Feature","geometry":{"type":"Point","coordinates":[-6.30694699999998,6.44491000000005]},"properties":{"id":676,"nom":"ASSEMBLEE DE DIEU","type":"eglise","district_region":null,"departement_commune":null,"verifie":true,"name":"ASSEMBLEE DE DIEU","source":"Géoportail ANSTAT"}},{"type":"Feature","geometry":{"type":"Point","coordinates":[-6.324966999999958,6.477925000000027]},"properties":{"id":677,"nom":"ASSEMBLEE DE DIEU","type":"eglise","district_region":null,"departement_commune":null,"verifie":true,"name":"ASSEMBLEE DE DIEU","source":"Géoportail ANSTAT"}},{"type":"Feature","geometry":{"type":"Point","coordinates":[-6.37989099999993,6.408689000000038]},"properties":{"id":678,"nom":"ASSEMBLEE DE DIEU","type":"eglise","district_region":null,"departement_commune":null,"verifie":true,"name":"ASSEMBLEE DE DIEU","source":"Géoportail ANSTAT"}},{"type":"Feature","geometry":{"type":"Point","coordinates":[-6.755362999999932,6.568723000000034]},"properties":{"id":679,"nom":"ASSEMBLEE DE DIEU","type":"eglise","district_region":null,"departement_commune":null,"verifie":true,"name":"ASSEMBLEE DE DIEU","source":"Géoportail ANSTAT"}},{"type":"Feature","geometry":{"type":"Point","coordinates":[-6.85956299999998,6.602831000000037]},"properties":{"id":680,"nom":"ASSEMBLEE DE DIEU","type":"eglise","district_region":null,"departement_commune":null,"verifie":true,"name":"ASSEMBLEE DE DIEU","source":"Géoportail ANSTAT"}},{"type":"Feature","geometry":{"type":"Point","coordinates":[-6.42540299999996,6.320355000000063]},"properties":{"id":681,"nom":"ASSEMBLEE DE DIEU","type":"eglise","district_region":null,"departement_commune":null,"verifie":true,"name":"ASSEMBLEE DE DIEU","source":"Géoportail ANSTAT"}},{"type":"Feature","geometry":{"type":"Point","coordinates":[-6.490211999999929,6.368032000000028]},"properties":{"id":682,"nom":"ASSEMBLEE DE DIEU","type":"eglise","district_region":null,"departement_commune":null,"verifie":true,"name":"ASSEMBLEE DE DIEU","source":"Géoportail ANSTAT"}},{"type":"Feature","geometry":{"type":"Point","coordinates":[-6.497469999999964,6.370434000000046]},"properties":{"id":683,"nom":"ASSEMBLEE DE DIEU","type":"eglise","district_region":null,"departement_commune":null,"verifie":true,"name":"ASSEMBLEE DE DIEU","source":"Géoportail ANSTAT"}},{"type":"Feature","geometry":{"type":"Point","coordinates":[-6.506937999999934,6.387060000000076]},"properties":{"id":684,"nom":"ASSEMBLEE DE DIEU","type":"eglise","district_region":null,"departement_commune":null,"verifie":true,"name":"ASSEMBLEE DE DIEU","source":"Géoportail ANSTAT"}},{"type":"Feature","geometry":{"type":"Point","coordinates":[-6.538005999999939,6.424109000000044]},"properties":{"id":685,"nom":"ASSEMBLEE DE DIEU","type":"eglise","district_region":null,"departement_commune":null,"verifie":true,"name":"ASSEMBLEE DE DIEU","source":"Géoportail ANSTAT"}},{"type":"Feature","geometry":{"type":"Point","coordinates":[-6.556090999999981,6.358486000000028]},"properties":{"id":686,"nom":"ASSEMBLEE DE DIEU","type":"eglise","district_region":null,"departement_commune":null,"verifie":true,"name":"ASSEMBLEE DE DIEU","source":"Géoportail ANSTAT"}},{"type":"Feature","geometry":{"type":"Point","coordinates":[-6.569994999999949,6.457916000000068]},"properties":{"id":687,"nom":"ASSEMBLEE DE DIEU","type":"eglise","district_region":null,"departement_commune":null,"verifie":true,"name":"ASSEMBLEE DE DIEU","source":"Géoportail ANSTAT"}},{"type":"Feature","geometry":{"type":"Point","coordinates":[-6.596853999999951,6.484015000000056]},"properties":{"id":688,"nom":"ASSEMBLEE DE DIEU","type":"eglise","district_region":null,"departement_commune":null,"verifie":true,"name":"ASSEMBLEE DE DIEU","source":"Géoportail ANSTAT"}},{"type":"Feature","geometry":{"type":"Point","coordinates":[-6.710648999999933,6.389146000000039]},"properties":{"id":689,"nom":"ASSEMBLEE DE DIEU","type":"eglise","district_region":null,"departement_commune":null,"verifie":true,"name":"ASSEMBLEE DE DIEU","source":"Géoportail ANSTAT"}},{"type":"Feature","geometry":{"type":"Point","coordinates":[-6.739979999999946,6.455596000000071]},"properties":{"id":690,"nom":"ASSEMBLE DE DIEU","type":"eglise","district_region":null,"departement_commune":null,"verifie":true,"name":"ASSEMBLE DE DIEU","source":"Géoportail ANSTAT"}},{"type":"Feature","geometry":{"type":"Point","coordinates":[-6.426185999999973,6.676026000000036]},"properties":{"id":691,"nom":"ASSEMBLEE DE DIEU","type":"eglise","district_region":null,"departement_commune":null,"verifie":true,"name":"ASSEMBLEE DE DIEU","source":"Géoportail ANSTAT"}},{"type":"Feature","geometry":{"type":"Point","coordinates":[-6.44353499999994,6.633282000000065]},"properties":{"id":692,"nom":"ASSEMBLEE DE DIEU","type":"eglise","district_region":null,"departement_commune":null,"verifie":true,"name":"ASSEMBLEE DE DIEU","source":"Géoportail ANSTAT"}},{"type":"Feature","geometry":{"type":"Point","coordinates":[-6.839533999999958,6.54728700000004]},"properties":{"id":693,"nom":"ASSEMBLEE DE DIEU","type":"eglise","district_region":null,"departement_commune":null,"verifie":true,"name":"ASSEMBLEE DE DIEU","source":"Géoportail ANSTAT"}},{"type":"Feature","geometry":{"type":"Point","coordinates":[-6.266176999999971,6.484863000000075]},"properties":{"id":694,"nom":"ASSEMBLEE DE DIEU","type":"eglise","district_region":null,"departement_commune":null,"verifie":true,"name":"ASSEMBLEE DE DIEU","source":"Géoportail ANSTAT"}},{"type":"Feature","geometry":{"type":"Point","coordinates":[-6.276373999999976,6.479467000000056]},"properties":{"id":695,"nom":"ASSEMBLEE DE DIEU","type":"eglise","district_region":null,"departement_commune":null,"verifie":true,"name":"ASSEMBLEE DE DIEU","source":"Géoportail ANSTAT"}},{"type":"Feature","geometry":{"type":"Point","coordinates":[-6.659905999999978,6.32352700000007]},"properties":{"id":696,"nom":"ASSEMBLEE DE DIEU","type":"eglise","district_region":null,"departement_commune":null,"verifie":true,"name":"ASSEMBLEE DE DIEU","source":"Géoportail ANSTAT"}},{"type":"Feature","geometry":{"type":"Point","coordinates":[-6.634611999999947,6.494432000000074]},"properties":{"id":697,"nom":"ASSEMBLE DE DIEU","type":"eglise","district_region":null,"departement_commune":null,"verifie":true,"name":"ASSEMBLE DE DIEU","source":"Géoportail ANSTAT"}},{"type":"Feature","geometry":{"type":"Point","coordinates":[-4.775844999999947,6.154406000000051]},"properties":{"id":698,"nom":"ASSEMBLEE DE DIEU","type":"eglise","district_region":null,"departement_commune":null,"verifie":true,"name":"ASSEMBLEE DE DIEU","source":"Géoportail ANSTAT"}},{"type":"Feature","geometry":{"type":"Point","coordinates":[-4.89537299999995,6.124536000000035]},"properties":{"id":699,"nom":"ASSEMBLE DE DIEU","type":"eglise","district_region":null,"departement_commune":null,"verifie":true,"name":"ASSEMBLE DE DIEU","source":"Géoportail ANSTAT"}},{"type":"Feature","geometry":{"type":"Point","coordinates":[-4.981738999999948,5.930021000000067]},"properties":{"id":700,"nom":"ASSELBLEE DE DIEU","type":"eglise","district_region":null,"departement_commune":null,"verifie":true,"name":"ASSELBLEE DE DIEU","source":"Géoportail ANSTAT"}},{"type":"Feature","geometry":{"type":"Point","coordinates":[-4.812577999999974,5.955898000000047]},"properties":{"id":701,"nom":"ASSEMBLE DE DIEU","type":"eglise","district_region":null,"departement_commune":null,"verifie":true,"name":"ASSEMBLE DE DIEU","source":"Géoportail ANSTAT"}},{"type":"Feature","geometry":{"type":"Point","coordinates":[-4.754789999999957,5.778622000000041]},"properties":{"id":702,"nom":"ASSEMBLE DE DIEU","type":"eglise","district_region":null,"departement_commune":null,"verifie":true,"name":"ASSEMBLE DE DIEU","source":"Géoportail ANSTAT"}},{"type":"Feature","geometry":{"type":"Point","coordinates":[-4.74320199999994,5.910379000000034]},"properties":{"id":703,"nom":"ASSEMBLEE DE DIEU","type":"eglise","district_region":null,"departement_commune":null,"verifie":true,"name":"ASSEMBLEE DE DIEU","source":"Géoportail ANSTAT"}},{"type":"Feature","geometry":{"type":"Point","coordinates":[-4.736477999999977,6.029193000000021]},"properties":{"id":704,"nom":"ASSEMBLEE DE DIEU","type":"eglise","district_region":null,"departement_commune":null,"verifie":true,"name":"ASSEMBLEE DE DIEU","source":"Géoportail ANSTAT"}},{"type":"Feature","geometry":{"type":"Point","coordinates":[-4.645662999999956,5.857073000000071]},"properties":{"id":705,"nom":"ASSEMBLEE DE DIEU","type":"eglise","district_region":null,"departement_commune":null,"verifie":true,"name":"ASSEMBLEE DE DIEU","source":"Géoportail ANSTAT"}},{"type":"Feature","geometry":{"type":"Point","coordinates":[-5.028343999999947,6.170976000000053]},"properties":{"id":706,"nom":"ASSEMBLEE DE DIEU","type":"eglise","district_region":null,"departement_commune":null,"verifie":true,"name":"ASSEMBLEE DE DIEU","source":"Géoportail ANSTAT"}},{"type":"Feature","geometry":{"type":"Point","coordinates":[-4.927835999999957,6.219376000000068]},"properties":{"id":707,"nom":"ASSEMBLEE DE DIEU","type":"eglise","district_region":null,"departement_commune":null,"verifie":true,"name":"ASSEMBLEE DE DIEU","source":"Géoportail ANSTAT"}},{"type":"Feature","geometry":{"type":"Point","coordinates":[-4.625760999999954,5.732576000000051]},"properties":{"id":708,"nom":"ASSEMBLEE DE DIEU","type":"eglise","district_region":null,"departement_commune":null,"verifie":true,"name":"ASSEMBLEE DE DIEU","source":"Géoportail ANSTAT"}},{"type":"Feature","geometry":{"type":"Point","coordinates":[-4.527379999999937,5.736597000000074]},"properties":{"id":709,"nom":"ARISTE","type":"eglise","district_region":null,"departement_commune":null,"verifie":true,"name":"ARISTE","source":"Géoportail ANSTAT"}},{"type":"Feature","geometry":{"type":"Point","coordinates":[-4.447234999999978,5.719826000000069]},"properties":{"id":710,"nom":"ASSEMBLEE DE DIEU","type":"eglise","district_region":null,"departement_commune":null,"verifie":true,"name":"ASSEMBLEE DE DIEU","source":"Géoportail ANSTAT"}},{"type":"Feature","geometry":{"type":"Point","coordinates":[-4.444628999999964,5.719690000000071]},"properties":{"id":711,"nom":"ASSEMBLEE DE DIEU","type":"eglise","district_region":null,"departement_commune":null,"verifie":true,"name":"ASSEMBLEE DE DIEU","source":"Géoportail ANSTAT"}},{"type":"Feature","geometry":{"type":"Point","coordinates":[-4.408692999999971,5.707632000000046]},"properties":{"id":712,"nom":"ASEEMBLEE DE DIEU","type":"eglise","district_region":null,"departement_commune":null,"verifie":true,"name":"ASEEMBLEE DE DIEU","source":"Géoportail ANSTAT"}},{"type":"Feature","geometry":{"type":"Point","coordinates":[-4.509263999999973,5.687685000000045]},"properties":{"id":713,"nom":"ASSEMBLEE DE DIEU","type":"eglise","district_region":null,"departement_commune":null,"verifie":true,"name":"ASSEMBLEE DE DIEU","source":"Géoportail ANSTAT"}},{"type":"Feature","geometry":{"type":"Point","coordinates":[-4.523583999999971,5.681925000000035]},"properties":{"id":714,"nom":"ASSEMBLEE DE DIEU","type":"eglise","district_region":null,"departement_commune":null,"verifie":true,"name":"ASSEMBLEE DE DIEU","source":"Géoportail ANSTAT"}},{"type":"Feature","geometry":{"type":"Point","coordinates":[-4.541345999999976,5.668855000000065]},"properties":{"id":715,"nom":"ASSEMBLEE DE DIEU","type":"eglise","district_region":null,"departement_commune":null,"verifie":true,"name":"ASSEMBLEE DE DIEU","source":"Géoportail ANSTAT"}},{"type":"Feature","geometry":{"type":"Point","coordinates":[-4.532751999999959,5.554576000000054]},"properties":{"id":716,"nom":"ASSEMBLEE DE DIEU","type":"eglise","district_region":null,"departement_commune":null,"verifie":true,"name":"ASSEMBLEE DE DIEU","source":"Géoportail ANSTAT"}},{"type":"Feature","geometry":{"type":"Point","coordinates":[-4.544338999999979,5.57323800000006]},"properties":{"id":717,"nom":"ASSEMBLEE DE DIEU","type":"eglise","district_region":null,"departement_commune":null,"verifie":true,"name":"ASSEMBLEE DE DIEU","source":"Géoportail ANSTAT"}},{"type":"Feature","geometry":{"type":"Point","coordinates":[-4.825177999999937,5.906131000000073]},"properties":{"id":718,"nom":"ASSEMBLEE DE DIEU","type":"eglise","district_region":null,"departement_commune":null,"verifie":true,"name":"ASSEMBLEE DE DIEU","source":"Géoportail ANSTAT"}},{"type":"Feature","geometry":{"type":"Point","coordinates":[-4.80226399999998,6.155677000000026]},"properties":{"id":719,"nom":"ASSEMBLEE DE DIEU","type":"eglise","district_region":null,"departement_commune":null,"verifie":true,"name":"ASSEMBLEE DE DIEU","source":"Géoportail ANSTAT"}},{"type":"Feature","geometry":{"type":"Point","coordinates":[-4.44158299999998,5.579215000000033]},"properties":{"id":720,"nom":"ASSEMBLEE DE DIEU","type":"eglise","district_region":null,"departement_commune":null,"verifie":true,"name":"ASSEMBLEE DE DIEU","source":"Géoportail ANSTAT"}},{"type":"Feature","geometry":{"type":"Point","coordinates":[-4.442714999999964,5.625885000000039]},"properties":{"id":721,"nom":"ASSEMBLEE DE DIEU","type":"eglise","district_region":null,"departement_commune":null,"verifie":true,"name":"ASSEMBLEE DE DIEU","source":"Géoportail ANSTAT"}},{"type":"Feature","geometry":{"type":"Point","coordinates":[-4.254010999999934,5.649408000000051]},"properties":{"id":722,"nom":"ASSEMBLEE DE DIEU","type":"eglise","district_region":null,"departement_commune":null,"verifie":true,"name":"ASSEMBLEE DE DIEU","source":"Géoportail ANSTAT"}},{"type":"Feature","geometry":{"type":"Point","coordinates":[-4.356316999999933,5.662866000000065]},"properties":{"id":723,"nom":"ASSEMBLE DE DIEU","type":"eglise","district_region":null,"departement_commune":null,"verifie":true,"name":"ASSEMBLE DE DIEU","source":"Géoportail ANSTAT"}},{"type":"Feature","geometry":{"type":"Point","coordinates":[-4.288260999999977,5.840834000000029]},"properties":{"id":724,"nom":"ASSEMBLE DE DIEU","type":"eglise","district_region":null,"departement_commune":null,"verifie":true,"name":"ASSEMBLE DE DIEU","source":"Géoportail ANSTAT"}},{"type":"Feature","geometry":{"type":"Point","coordinates":[-4.379777999999931,5.855715000000032]},"properties":{"id":725,"nom":"ASSEMBLE DE DIEU","type":"eglise","district_region":null,"departement_commune":null,"verifie":true,"name":"ASSEMBLE DE DIEU","source":"Géoportail ANSTAT"}},{"type":"Feature","geometry":{"type":"Point","coordinates":[-4.226430999999934,5.940999000000033]},"properties":{"id":726,"nom":"APOSTHOLIQUE","type":"eglise","district_region":null,"departement_commune":null,"verifie":true,"name":"APOSTHOLIQUE","source":"Géoportail ANSTAT"}},{"type":"Feature","geometry":{"type":"Point","coordinates":[-4.459461999999974,5.952240000000074]},"properties":{"id":727,"nom":"ASSAMBLE DE DIEU","type":"eglise","district_region":null,"departement_commune":null,"verifie":true,"name":"ASSAMBLE DE DIEU","source":"Géoportail ANSTAT"}},{"type":"Feature","geometry":{"type":"Point","coordinates":[-4.113097999999979,6.043072000000052]},"properties":{"id":728,"nom":"ASSEMBLE DE DIEU","type":"eglise","district_region":null,"departement_commune":null,"verifie":true,"name":"ASSEMBLE DE DIEU","source":"Géoportail ANSTAT"}},{"type":"Feature","geometry":{"type":"Point","coordinates":[-4.044787999999926,6.152646000000061]},"properties":{"id":729,"nom":"ASSEMBLEE DE DIEU","type":"eglise","district_region":null,"departement_commune":null,"verifie":true,"name":"ASSEMBLEE DE DIEU","source":"Géoportail ANSTAT"}},{"type":"Feature","geometry":{"type":"Point","coordinates":[-4.12061499999993,6.243099000000029]},"properties":{"id":730,"nom":"ASSEMBLEE DE DIEU","type":"eglise","district_region":null,"departement_commune":null,"verifie":true,"name":"ASSEMBLEE DE DIEU","source":"Géoportail ANSTAT"}},{"type":"Feature","geometry":{"type":"Point","coordinates":[-4.002601999999968,5.633208000000025]},"properties":{"id":731,"nom":"ASSEMBLEE DE DIEU","type":"eglise","district_region":null,"departement_commune":null,"verifie":true,"name":"ASSEMBLEE DE DIEU","source":"Géoportail ANSTAT"}},{"type":"Feature","geometry":{"type":"Point","coordinates":[-4.058150999999953,5.639230000000055]},"properties":{"id":732,"nom":"ARCHE DE COMPASSION","type":"eglise","district_region":null,"departement_commune":null,"verifie":true,"name":"ARCHE DE COMPASSION","source":"Géoportail ANSTAT"}},{"type":"Feature","geometry":{"type":"Point","coordinates":[-4.079748999999936,5.627186000000052]},"properties":{"id":733,"nom":"ASSEMBLEE DE DIEU","type":"eglise","district_region":null,"departement_commune":null,"verifie":true,"name":"ASSEMBLEE DE DIEU","source":"Géoportail ANSTAT"}},{"type":"Feature","geometry":{"type":"Point","coordinates":[-4.51731499999994,6.002810000000068]},"properties":{"id":734,"nom":"ASSEMBLEE DE DIEU","type":"eglise","district_region":null,"departement_commune":null,"verifie":true,"name":"ASSEMBLEE DE DIEU","source":"Géoportail ANSTAT"}},{"type":"Feature","geometry":{"type":"Point","coordinates":[-4.524076999999977,5.960406000000035]},"properties":{"id":735,"nom":"ASSEMBLEE DE DIEU","type":"eglise","district_region":null,"departement_commune":null,"verifie":true,"name":"ASSEMBLEE DE DIEU","source":"Géoportail ANSTAT"}},{"type":"Feature","geometry":{"type":"Point","coordinates":[-4.449369999999931,6.017709000000025]},"properties":{"id":736,"nom":"ASSEMBLE DE DIEU","type":"eglise","district_region":null,"departement_commune":null,"verifie":true,"name":"ASSEMBLE DE DIEU","source":"Géoportail ANSTAT"}},{"type":"Feature","geometry":{"type":"Point","coordinates":[-7.472479999999962,8.560844000000031]},"properties":{"id":737,"nom":"ASSAMBLE DE DIEU","type":"eglise","district_region":null,"departement_commune":null,"verifie":true,"name":"ASSAMBLE DE DIEU","source":"Géoportail ANSTAT"}},{"type":"Feature","geometry":{"type":"Point","coordinates":[-5.687503999999933,6.108588000000054]},"properties":{"id":738,"nom":"ASSEMBLE DE DIEU","type":"eglise","district_region":null,"departement_commune":null,"verifie":true,"name":"ASSEMBLE DE DIEU","source":"Géoportail ANSTAT"}},{"type":"Feature","geometry":{"type":"Point","coordinates":[-5.653568999999948,6.026310000000024]},"properties":{"id":739,"nom":"ASSEMBLE DE DIEU","type":"eglise","district_region":null,"departement_commune":null,"verifie":true,"name":"ASSEMBLE DE DIEU","source":"Géoportail ANSTAT"}},{"type":"Feature","geometry":{"type":"Point","coordinates":[-5.762643999999966,5.659538000000055]},"properties":{"id":740,"nom":"ASSEMBLEE DE DIEU","type":"eglise","district_region":null,"departement_commune":null,"verifie":true,"name":"ASSEMBLEE DE DIEU","source":"Géoportail ANSTAT"}},{"type":"Feature","geometry":{"type":"Point","coordinates":[-5.686304999999948,5.845097000000067]},"properties":{"id":741,"nom":"ASSEMBLEE DE DIEI","type":"eglise","district_region":null,"departement_commune":null,"verifie":true,"name":"ASSEMBLEE DE DIEI","source":"Géoportail ANSTAT"}},{"type":"Feature","geometry":{"type":"Point","coordinates":[-5.576719999999966,5.919400000000053]},"properties":{"id":742,"nom":"ASSEMBLE DE DIEU","type":"eglise","district_region":null,"departement_commune":null,"verifie":true,"name":"ASSEMBLE DE DIEU","source":"Géoportail ANSTAT"}},{"type":"Feature","geometry":{"type":"Point","coordinates":[-5.62431399999997,5.919798000000071]},"properties":{"id":743,"nom":"ARISTOTE","type":"eglise","district_region":null,"departement_commune":null,"verifie":true,"name":"ARISTOTE","source":"Géoportail ANSTAT"}},{"type":"Feature","geometry":{"type":"Point","coordinates":[-5.705495999999926,5.949657000000059]},"properties":{"id":744,"nom":"ASSEMBLE DE DIEU","type":"eglise","district_region":null,"departement_commune":null,"verifie":true,"name":"ASSEMBLE DE DIEU","source":"Géoportail ANSTAT"}},{"type":"Feature","geometry":{"type":"Point","coordinates":[-5.734554999999943,5.985039000000029]},"properties":{"id":745,"nom":"ASSEMBLE DE DIEU","type":"eglise","district_region":null,"departement_commune":null,"verifie":true,"name":"ASSEMBLE DE DIEU","source":"Géoportail ANSTAT"}},{"type":"Feature","geometry":{"type":"Point","coordinates":[-5.30263199999996,6.116930000000025]},"properties":{"id":746,"nom":"ASSEMBLE DE DIEU","type":"eglise","district_region":null,"departement_commune":null,"verifie":true,"name":"ASSEMBLE DE DIEU","source":"Géoportail ANSTAT"}},{"type":"Feature","geometry":{"type":"Point","coordinates":[-5.321062999999981,6.157905000000028]},"properties":{"id":747,"nom":"ASSEMBLEE DE DIEU","type":"eglise","district_region":null,"departement_commune":null,"verifie":true,"name":"ASSEMBLEE DE DIEU","source":"Géoportail ANSTAT"}},{"type":"Feature","geometry":{"type":"Point","coordinates":[-5.189389999999946,6.183443000000068]},"properties":{"id":748,"nom":"ASSEMBLEE DE DIEU","type":"eglise","district_region":null,"departement_commune":null,"verifie":true,"name":"ASSEMBLEE DE DIEU","source":"Géoportail ANSTAT"}},{"type":"Feature","geometry":{"type":"Point","coordinates":[-5.107764999999972,5.209009000000037]},"properties":{"id":749,"nom":"ASSEMBLE DE DIEU","type":"eglise","district_region":null,"departement_commune":null,"verifie":true,"name":"ASSEMBLE DE DIEU","source":"Géoportail ANSTAT"}},{"type":"Feature","geometry":{"type":"Point","coordinates":[-5.268753999999944,5.468079000000046]},"properties":{"id":750,"nom":"ASSEMBLEE DE DIEU","type":"eglise","district_region":null,"departement_commune":null,"verifie":true,"name":"ASSEMBLEE DE DIEU","source":"Géoportail ANSTAT"}},{"type":"Feature","geometry":{"type":"Point","coordinates":[-5.520435999999961,5.529741000000058]},"properties":{"id":751,"nom":"ASSEMBLE DE DIEU","type":"eglise","district_region":null,"departement_commune":null,"verifie":true,"name":"ASSEMBLE DE DIEU","source":"Géoportail ANSTAT"}},{"type":"Feature","geometry":{"type":"Point","coordinates":[-5.05795999999998,5.668390000000045]},"properties":{"id":752,"nom":"ASSEMBLE DE DIEU","type":"eglise","district_region":null,"departement_commune":null,"verifie":true,"name":"ASSEMBLE DE DIEU","source":"Géoportail ANSTAT"}},{"type":"Feature","geometry":{"type":"Point","coordinates":[-5.437187999999935,5.725388000000066]},"properties":{"id":753,"nom":"ASSEMBLE DE DIEU","type":"eglise","district_region":null,"departement_commune":null,"verifie":true,"name":"ASSEMBLE DE DIEU","source":"Géoportail ANSTAT"}},{"type":"Feature","geometry":{"type":"Point","coordinates":[-5.44422499999996,5.75888800000007]},"properties":{"id":754,"nom":"ASSAMBLEE DE DIEU","type":"eglise","district_region":null,"departement_commune":null,"verifie":true,"name":"ASSAMBLEE DE DIEU","source":"Géoportail ANSTAT"}},{"type":"Feature","geometry":{"type":"Point","coordinates":[-5.031906999999933,5.761941000000036]},"properties":{"id":755,"nom":"ASSEMBLE DE DIEU","type":"eglise","district_region":null,"departement_commune":null,"verifie":true,"name":"ASSEMBLE DE DIEU","source":"Géoportail ANSTAT"}},{"type":"Feature","geometry":{"type":"Point","coordinates":[-4.99267999999995,5.79468600000007]},"properties":{"id":756,"nom":"ASSEMBLEE DE DIEU","type":"eglise","district_region":null,"departement_commune":null,"verifie":true,"name":"ASSEMBLEE DE DIEU","source":"Géoportail ANSTAT"}},{"type":"Feature","geometry":{"type":"Point","coordinates":[-5.055239999999969,5.769721000000061]},"properties":{"id":757,"nom":"ASSEMBLE DE DIEU","type":"eglise","district_region":null,"departement_commune":null,"verifie":true,"name":"ASSEMBLE DE DIEU","source":"Géoportail ANSTAT"}},{"type":"Feature","geometry":{"type":"Point","coordinates":[-5.080419999999947,5.777740000000051]},"properties":{"id":758,"nom":"ASSEMBLE DE DIEU","type":"eglise","district_region":null,"departement_commune":null,"verifie":true,"name":"ASSEMBLE DE DIEU","source":"Géoportail ANSTAT"}},{"type":"Feature","geometry":{"type":"Point","coordinates":[-5.04344599999996,5.788220000000024]},"properties":{"id":759,"nom":"ASSEMBLE DE DIEU","type":"eglise","district_region":null,"departement_commune":null,"verifie":true,"name":"ASSEMBLE DE DIEU","source":"Géoportail ANSTAT"}},{"type":"Feature","geometry":{"type":"Point","coordinates":[-5.515508999999952,5.856354000000067]},"properties":{"id":760,"nom":"ASSEMBLEE DE DIEU","type":"eglise","district_region":null,"departement_commune":null,"verifie":true,"name":"ASSEMBLEE DE DIEU","source":"Géoportail ANSTAT"}},{"type":"Feature","geometry":{"type":"Point","coordinates":[-5.188756999999953,5.878587000000039]},"properties":{"id":761,"nom":"ASSEMBLE DE DIEU","type":"eglise","district_region":null,"departement_commune":null,"verifie":true,"name":"ASSEMBLE DE DIEU","source":"Géoportail ANSTAT"}},{"type":"Feature","geometry":{"type":"Point","coordinates":[-5.192354999999964,5.879596000000049]},"properties":{"id":762,"nom":"ASSEMBLE DU MINISTERE BETHEL","type":"eglise","district_region":null,"departement_commune":null,"verifie":true,"name":"ASSEMBLE DU MINISTERE BETHEL","source":"Géoportail ANSTAT"}},{"type":"Feature","geometry":{"type":"Point","coordinates":[-5.164916999999946,5.880283000000077]},"properties":{"id":763,"nom":"ASSEMBLE DE DIEU","type":"eglise","district_region":null,"departement_commune":null,"verifie":true,"name":"ASSEMBLE DE DIEU","source":"Géoportail ANSTAT"}},{"type":"Feature","geometry":{"type":"Point","coordinates":[-5.054249999999968,5.878717000000051]},"properties":{"id":764,"nom":"ASSEMBLE DE DIEU","type":"eglise","district_region":null,"departement_commune":null,"verifie":true,"name":"ASSEMBLE DE DIEU","source":"Géoportail ANSTAT"}},{"type":"Feature","geometry":{"type":"Point","coordinates":[-5.315809999999942,6.015970000000038]},"properties":{"id":765,"nom":"ASSEMBLE DE DIEU","type":"eglise","district_region":null,"departement_commune":null,"verifie":true,"name":"ASSEMBLE DE DIEU","source":"Géoportail ANSTAT"}},{"type":"Feature","geometry":{"type":"Point","coordinates":[-5.234830999999929,5.979239000000064]},"properties":{"id":766,"nom":"ASSEMBLEE DE DIEU","type":"eglise","district_region":null,"departement_commune":null,"verifie":true,"name":"ASSEMBLEE DE DIEU","source":"Géoportail ANSTAT"}},{"type":"Feature","geometry":{"type":"Point","coordinates":[-5.232269999999971,6.028508000000045]},"properties":{"id":767,"nom":"ASSEMBLEE DE DIEU","type":"eglise","district_region":null,"departement_commune":null,"verifie":true,"name":"ASSEMBLEE DE DIEU","source":"Géoportail ANSTAT"}},{"type":"Feature","geometry":{"type":"Point","coordinates":[-5.17504299999996,6.033100000000047]},"properties":{"id":768,"nom":"ASSEMBLEE DE DIEU","type":"eglise","district_region":null,"departement_commune":null,"verifie":true,"name":"ASSEMBLEE DE DIEU","source":"Géoportail ANSTAT"}},{"type":"Feature","geometry":{"type":"Point","coordinates":[-5.491157999999928,6.066655000000026]},"properties":{"id":769,"nom":"ASSEMBLEE DE DIEU","type":"eglise","district_region":null,"departement_commune":null,"verifie":true,"name":"ASSEMBLEE DE DIEU","source":"Géoportail ANSTAT"}},{"type":"Feature","geometry":{"type":"Point","coordinates":[-5.453877999999975,6.05512600000003]},"properties":{"id":770,"nom":"ASSEMBLEE DE DIEU","type":"eglise","district_region":null,"departement_commune":null,"verifie":true,"name":"ASSEMBLEE DE DIEU","source":"Géoportail ANSTAT"}},{"type":"Feature","geometry":{"type":"Point","coordinates":[-5.216865999999925,6.078772000000072]},"properties":{"id":771,"nom":"ASSEMBLE DE DIEU","type":"eglise","district_region":null,"departement_commune":null,"verifie":true,"name":"ASSEMBLE DE DIEU","source":"Géoportail ANSTAT"}},{"type":"Feature","geometry":{"type":"Point","coordinates":[-5.227070999999967,5.787253000000021]},"properties":{"id":772,"nom":"ASSEMBLE DE DIEU","type":"eglise","district_region":null,"departement_commune":null,"verifie":true,"name":"ASSEMBLE DE DIEU","source":"Géoportail ANSTAT"}},{"type":"Feature","geometry":{"type":"Point","coordinates":[-5.267114999999933,5.799541000000033]},"properties":{"id":773,"nom":"ASSEMBLE DE DIEU","type":"eglise","district_region":null,"departement_commune":null,"verifie":true,"name":"ASSEMBLE DE DIEU","source":"Géoportail ANSTAT"}},{"type":"Feature","geometry":{"type":"Point","coordinates":[-5.292408999999964,5.948509000000058]},"properties":{"id":774,"nom":"ARCE DE NOE","type":"eglise","district_region":null,"departement_commune":null,"verifie":true,"name":"ARCE DE NOE","source":"Géoportail ANSTAT"}},{"type":"Feature","geometry":{"type":"Point","coordinates":[-5.539591999999971,5.561191000000065]},"properties":{"id":775,"nom":"ASSEMBLE DE DIEU","type":"eglise","district_region":null,"departement_commune":null,"verifie":true,"name":"ASSEMBLE DE DIEU","source":"Géoportail ANSTAT"}},{"type":"Feature","geometry":{"type":"Point","coordinates":[-5.545035999999925,5.564678000000072]},"properties":{"id":776,"nom":"ASSEMBLE DE DIEU","type":"eglise","district_region":null,"departement_commune":null,"verifie":true,"name":"ASSEMBLE DE DIEU","source":"Géoportail ANSTAT"}},{"type":"Feature","geometry":{"type":"Point","coordinates":[-5.075805999999943,5.444250000000068]},"properties":{"id":777,"nom":"ASSEMBLE DE DIEU","type":"eglise","district_region":null,"departement_commune":null,"verifie":true,"name":"ASSEMBLE DE DIEU","source":"Géoportail ANSTAT"}},{"type":"Feature","geometry":{"type":"Point","coordinates":[-5.692810999999949,6.000116000000048]},"properties":{"id":778,"nom":"ASSEBLE DE DIEU","type":"eglise","district_region":null,"departement_commune":null,"verifie":true,"name":"ASSEBLE DE DIEU","source":"Géoportail ANSTAT"}},{"type":"Feature","geometry":{"type":"Point","coordinates":[-5.692809999999952,6.000113000000056]},"properties":{"id":779,"nom":"ASSEBLEE DE DIEU","type":"eglise","district_region":null,"departement_commune":null,"verifie":true,"name":"ASSEBLEE DE DIEU","source":"Géoportail ANSTAT"}},{"type":"Feature","geometry":{"type":"Point","coordinates":[-6.635358999999937,9.505803000000071]},"properties":{"id":780,"nom":"ASSEMBLEE  DE DIEU","type":"eglise","district_region":null,"departement_commune":null,"verifie":true,"name":"ASSEMBLEE  DE DIEU","source":"Géoportail ANSTAT"}},{"type":"Feature","geometry":{"type":"Point","coordinates":[-5.783867999999927,8.456176000000028]},"properties":{"id":781,"nom":"ASSEMBLE DE DIEU","type":"eglise","district_region":null,"departement_commune":null,"verifie":true,"name":"ASSEMBLE DE DIEU","source":"Géoportail ANSTAT"}},{"type":"Feature","geometry":{"type":"Point","coordinates":[-3.381494999999973,6.64218900000003]},"properties":{"id":782,"nom":"APOSTOLIQUE","type":"eglise","district_region":null,"departement_commune":null,"verifie":true,"name":"APOSTOLIQUE","source":"Géoportail ANSTAT"}},{"type":"Feature","geometry":{"type":"Point","coordinates":[-3.403264999999976,6.506318000000022]},"properties":{"id":783,"nom":"ASSEMBLE DE DIEU","type":"eglise","district_region":null,"departement_commune":null,"verifie":true,"name":"ASSEMBLE DE DIEU","source":"Géoportail ANSTAT"}},{"type":"Feature","geometry":{"type":"Point","coordinates":[-3.418244999999956,6.907520000000034]},"properties":{"id":784,"nom":"ASSEMBLEE DE DIEU","type":"eglise","district_region":null,"departement_commune":null,"verifie":true,"name":"ASSEMBLEE DE DIEU","source":"Géoportail ANSTAT"}},{"type":"Feature","geometry":{"type":"Point","coordinates":[-3.425583999999958,6.980439000000047]},"properties":{"id":785,"nom":"ASSEMBLE DE DIEU","type":"eglise","district_region":null,"departement_commune":null,"verifie":true,"name":"ASSEMBLE DE DIEU","source":"Géoportail ANSTAT"}},{"type":"Feature","geometry":{"type":"Point","coordinates":[-3.484696999999926,6.864960000000053]},"properties":{"id":786,"nom":"ASSEMBLE DE DIEU","type":"eglise","district_region":null,"departement_commune":null,"verifie":true,"name":"ASSEMBLE DE DIEU","source":"Géoportail ANSTAT"}},{"type":"Feature","geometry":{"type":"Point","coordinates":[-3.510942999999941,6.827306000000021]},"properties":{"id":787,"nom":"ASSEMBLEE DE DIEU","type":"eglise","district_region":null,"departement_commune":null,"verifie":true,"name":"ASSEMBLEE DE DIEU","source":"Géoportail ANSTAT"}},{"type":"Feature","geometry":{"type":"Point","coordinates":[-3.608663999999976,6.714518000000055]},"properties":{"id":788,"nom":"ASSEMBLE DE DIEU","type":"eglise","district_region":null,"departement_commune":null,"verifie":true,"name":"ASSEMBLE DE DIEU","source":"Géoportail ANSTAT"}},{"type":"Feature","geometry":{"type":"Point","coordinates":[-3.497945999999956,6.744919000000039]},"properties":{"id":789,"nom":"ASSEMBLEE DE DIEU","type":"eglise","district_region":null,"departement_commune":null,"verifie":true,"name":"ASSEMBLEE DE DIEU","source":"Géoportail ANSTAT"}},{"type":"Feature","geometry":{"type":"Point","coordinates":[-3.279566999999929,7.053361000000052]},"properties":{"id":790,"nom":"ASSEMBLE DE DIEU","type":"eglise","district_region":null,"departement_commune":null,"verifie":true,"name":"ASSEMBLE DE DIEU","source":"Géoportail ANSTAT"}},{"type":"Feature","geometry":{"type":"Point","coordinates":[-3.37858499999993,7.034307000000069]},"properties":{"id":791,"nom":"ASSEMBLEE DE DIEU","type":"eglise","district_region":null,"departement_commune":null,"verifie":true,"name":"ASSEMBLEE DE DIEU","source":"Géoportail ANSTAT"}},{"type":"Feature","geometry":{"type":"Point","coordinates":[-3.44795199999993,7.093585000000076]},"properties":{"id":792,"nom":"ASSEMBLE DE DIEU","type":"eglise","district_region":null,"departement_commune":null,"verifie":true,"name":"ASSEMBLE DE DIEU","source":"Géoportail ANSTAT"}},{"type":"Feature","geometry":{"type":"Point","coordinates":[-3.531667999999968,7.095901000000026]},"properties":{"id":793,"nom":"ASSEMBLEE DE DIEU","type":"eglise","district_region":null,"departement_commune":null,"verifie":true,"name":"ASSEMBLEE DE DIEU","source":"Géoportail ANSTAT"}},{"type":"Feature","geometry":{"type":"Point","coordinates":[-7.128231999999969,9.353395000000036]},"properties":{"id":794,"nom":"ASSEMBLAGE DE DIEU","type":"eglise","district_region":null,"departement_commune":null,"verifie":true,"name":"ASSEMBLAGE DE DIEU","source":"Géoportail ANSTAT"}},{"type":"Feature","geometry":{"type":"Point","coordinates":[-7.427801999999929,8.918451000000061]},"properties":{"id":795,"nom":"ASSAMBLEE DE DIEU","type":"eglise","district_region":null,"departement_commune":null,"verifie":true,"name":"ASSAMBLEE DE DIEU","source":"Géoportail ANSTAT"}},{"type":"Feature","geometry":{"type":"Point","coordinates":[-3.755157999999938,5.768496000000027]},"properties":{"id":796,"nom":"APOSTOLIQUE","type":"eglise","district_region":null,"departement_commune":null,"verifie":true,"name":"APOSTOLIQUE","source":"Géoportail ANSTAT"}},{"type":"Feature","geometry":{"type":"Point","coordinates":[-3.537159999999972,5.549281000000065]},"properties":{"id":797,"nom":"ASSEMBLEE DE DIEU","type":"eglise","district_region":null,"departement_commune":null,"verifie":true,"name":"ASSEMBLEE DE DIEU","source":"Géoportail ANSTAT"}},{"type":"Feature","geometry":{"type":"Point","coordinates":[-3.471307999999965,5.601084000000071]},"properties":{"id":798,"nom":"ASSEMBLEE DE DIEU","type":"eglise","district_region":null,"departement_commune":null,"verifie":true,"name":"ASSEMBLEE DE DIEU","source":"Géoportail ANSTAT"}},{"type":"Feature","geometry":{"type":"Point","coordinates":[-4.022359999999935,6.211606000000074]},"properties":{"id":799,"nom":"ASSEMBLE DE DIEU","type":"eglise","district_region":null,"departement_commune":null,"verifie":true,"name":"ASSEMBLE DE DIEU","source":"Géoportail ANSTAT"}},{"type":"Feature","geometry":{"type":"Point","coordinates":[-3.690864999999974,6.309731000000056]},"properties":{"id":800,"nom":"ASSEMBLE DE DIEU DE SCAF","type":"eglise","district_region":null,"departement_commune":null,"verifie":true,"name":"ASSEMBLE DE DIEU DE SCAF","source":"Géoportail ANSTAT"}},{"type":"Feature","geometry":{"type":"Point","coordinates":[-3.781950999999935,6.106647000000066]},"properties":{"id":801,"nom":"ASSEMBLE DE DIEU","type":"eglise","district_region":null,"departement_commune":null,"verifie":true,"name":"ASSEMBLE DE DIEU","source":"Géoportail ANSTAT"}},{"type":"Feature","geometry":{"type":"Point","coordinates":[-3.98020699999995,6.028052000000059]},"properties":{"id":802,"nom":"ASSEMBLE DE DIEU","type":"eglise","district_region":null,"departement_commune":null,"verifie":true,"name":"ASSEMBLE DE DIEU","source":"Géoportail ANSTAT"}},{"type":"Feature","geometry":{"type":"Point","coordinates":[-3.984775999999954,5.898255000000063]},"properties":{"id":803,"nom":"ASSEMBLE DE DIEU","type":"eglise","district_region":null,"departement_commune":null,"verifie":true,"name":"ASSEMBLE DE DIEU","source":"Géoportail ANSTAT"}},{"type":"Feature","geometry":{"type":"Point","coordinates":[-3.456197999999972,5.337129000000061]},"properties":{"id":804,"nom":"ASSEMBLEE DE DIEU","type":"eglise","district_region":null,"departement_commune":null,"verifie":true,"name":"ASSEMBLEE DE DIEU","source":"Géoportail ANSTAT"}},{"type":"Feature","geometry":{"type":"Point","coordinates":[-3.524228999999934,5.382385000000056]},"properties":{"id":805,"nom":"ASSEMBLEE DE DIEU","type":"eglise","district_region":null,"departement_commune":null,"verifie":true,"name":"ASSEMBLEE DE DIEU","source":"Géoportail ANSTAT"}},{"type":"Feature","geometry":{"type":"Point","coordinates":[-3.477431999999965,5.327414000000033]},"properties":{"id":806,"nom":"ASSEMBLEE DE DIEU","type":"eglise","district_region":null,"departement_commune":null,"verifie":true,"name":"ASSEMBLEE DE DIEU","source":"Géoportail ANSTAT"}},{"type":"Feature","geometry":{"type":"Point","coordinates":[-3.08693599999998,5.147911000000022]},"properties":{"id":807,"nom":"ASSEMBLEE DE DIEU","type":"eglise","district_region":null,"departement_commune":null,"verifie":true,"name":"ASSEMBLEE DE DIEU","source":"Géoportail ANSTAT"}},{"type":"Feature","geometry":{"type":"Point","coordinates":[-3.409536999999943,5.458417000000054]},"properties":{"id":808,"nom":"ASSAMBLE DE DIEU","type":"eglise","district_region":null,"departement_commune":null,"verifie":true,"name":"ASSAMBLE DE DIEU","source":"Géoportail ANSTAT"}},{"type":"Feature","geometry":{"type":"Point","coordinates":[-3.381160999999963,5.459576000000027]},"properties":{"id":809,"nom":"ASSEMBLE DE DIEU","type":"eglise","district_region":null,"departement_commune":null,"verifie":true,"name":"ASSEMBLE DE DIEU","source":"Géoportail ANSTAT"}},{"type":"Feature","geometry":{"type":"Point","coordinates":[-3.169318999999973,5.548771000000045]},"properties":{"id":810,"nom":"ASSEMBLEE DE DIEU","type":"eglise","district_region":null,"departement_commune":null,"verifie":true,"name":"ASSEMBLEE DE DIEU","source":"Géoportail ANSTAT"}},{"type":"Feature","geometry":{"type":"Point","coordinates":[-2.855781999999977,5.475769000000071]},"properties":{"id":811,"nom":"ASSEMBLE DE","type":"eglise","district_region":null,"departement_commune":null,"verifie":true,"name":"ASSEMBLE DE","source":"Géoportail ANSTAT"}},{"type":"Feature","geometry":{"type":"Point","coordinates":[-3.006549999999947,5.34893100000005]},"properties":{"id":812,"nom":"ASSEMBLEE DE DIEU","type":"eglise","district_region":null,"departement_commune":null,"verifie":true,"name":"ASSEMBLEE DE DIEU","source":"Géoportail ANSTAT"}},{"type":"Feature","geometry":{"type":"Point","coordinates":[-2.968110999999965,5.632957000000033]},"properties":{"id":813,"nom":"ASSEMBLE DE DIEU","type":"eglise","district_region":null,"departement_commune":null,"verifie":true,"name":"ASSEMBLE DE DIEU","source":"Géoportail ANSTAT"}},{"type":"Feature","geometry":{"type":"Point","coordinates":[-2.983185999999932,5.659286000000066]},"properties":{"id":814,"nom":"ASSEMBLEE DE DIEU","type":"eglise","district_region":null,"departement_commune":null,"verifie":true,"name":"ASSEMBLEE DE DIEU","source":"Géoportail ANSTAT"}},{"type":"Feature","geometry":{"type":"Point","coordinates":[-3.076741999999967,5.228185000000053]},"properties":{"id":815,"nom":"ASSEMBLE DE DIEU","type":"eglise","district_region":null,"departement_commune":null,"verifie":true,"name":"ASSEMBLE DE DIEU","source":"Géoportail ANSTAT"}},{"type":"Feature","geometry":{"type":"Point","coordinates":[-3.033194999999978,5.402956000000074]},"properties":{"id":816,"nom":"ASSEMBLE DE DIEU","type":"eglise","district_region":null,"departement_commune":null,"verifie":true,"name":"ASSEMBLE DE DIEU","source":"Géoportail ANSTAT"}},{"type":"Feature","geometry":{"type":"Point","coordinates":[-5.311379999999929,8.508510000000058]},"properties":{"id":817,"nom":"ASSEMBLE DE DIEU","type":"eglise","district_region":null,"departement_commune":null,"verifie":true,"name":"ASSEMBLE DE DIEU","source":"Géoportail ANSTAT"}},{"type":"Feature","geometry":{"type":"Point","coordinates":[-5.162611999999967,8.91166400000003]},"properties":{"id":818,"nom":"ASSEMBLE DE DIEU","type":"eglise","district_region":null,"departement_commune":null,"verifie":true,"name":"ASSEMBLE DE DIEU","source":"Géoportail ANSTAT"}},{"type":"Feature","geometry":{"type":"Point","coordinates":[-5.162642999999946,8.911683000000039]},"properties":{"id":819,"nom":"ASSEMBLE DE DIEU","type":"eglise","district_region":null,"departement_commune":null,"verifie":true,"name":"ASSEMBLE DE DIEU","source":"Géoportail ANSTAT"}},{"type":"Feature","geometry":{"type":"Point","coordinates":[-4.948593999999957,8.170356000000027]},"properties":{"id":820,"nom":"ASSEMBLE DE DIEU","type":"eglise","district_region":null,"departement_commune":null,"verifie":true,"name":"ASSEMBLE DE DIEU","source":"Géoportail ANSTAT"}},{"type":"Feature","geometry":{"type":"Point","coordinates":[-4.515428999999926,8.445554000000072]},"properties":{"id":821,"nom":"ASSEMBLE DE DIEU","type":"eglise","district_region":null,"departement_commune":null,"verifie":true,"name":"ASSEMBLE DE DIEU","source":"Géoportail ANSTAT"}},{"type":"Feature","geometry":{"type":"Point","coordinates":[-4.271361999999954,8.46335300000004]},"properties":{"id":822,"nom":"ASSEMBLE DE DIEU","type":"eglise","district_region":null,"departement_commune":null,"verifie":true,"name":"ASSEMBLE DE DIEU","source":"Géoportail ANSTAT"}},{"type":"Feature","geometry":{"type":"Point","coordinates":[-7.751608999999974,7.175832000000071]},"properties":{"id":823,"nom":"ASSEMBLE DE DIEU","type":"eglise","district_region":null,"departement_commune":null,"verifie":true,"name":"ASSEMBLE DE DIEU","source":"Géoportail ANSTAT"}},{"type":"Feature","geometry":{"type":"Point","coordinates":[-7.792977999999948,7.157089000000042]},"properties":{"id":824,"nom":"ASSEMBLE DE DIEU","type":"eglise","district_region":null,"departement_commune":null,"verifie":true,"name":"ASSEMBLE DE DIEU","source":"Géoportail ANSTAT"}},{"type":"Feature","geometry":{"type":"Point","coordinates":[-7.53630099999998,7.396127000000035]},"properties":{"id":825,"nom":"ASSEMBLE DE DIEU TEMPLE DE LA GRACE","type":"eglise","district_region":null,"departement_commune":null,"verifie":true,"name":"ASSEMBLE DE DIEU TEMPLE DE LA GRACE","source":"Géoportail ANSTAT"}},{"type":"Feature","geometry":{"type":"Point","coordinates":[-7.549987999999928,7.184192000000053]},"properties":{"id":826,"nom":"ASSEMBLE DE DIEU","type":"eglise","district_region":null,"departement_commune":null,"verifie":true,"name":"ASSEMBLE DE DIEU","source":"Géoportail ANSTAT"}},{"type":"Feature","geometry":{"type":"Point","coordinates":[-7.655851999999925,7.260906000000034]},"properties":{"id":827,"nom":"ASSAMBLEU DE DIEU BELE","type":"eglise","district_region":null,"departement_commune":null,"verifie":true,"name":"ASSAMBLEU DE DIEU BELE","source":"Géoportail ANSTAT"}},{"type":"Feature","geometry":{"type":"Point","coordinates":[-7.550950999999941,7.108591000000047]},"properties":{"id":828,"nom":"ASSEMBLE DE DIEU","type":"eglise","district_region":null,"departement_commune":null,"verifie":true,"name":"ASSEMBLE DE DIEU","source":"Géoportail ANSTAT"}},{"type":"Feature","geometry":{"type":"Point","coordinates":[-8.249675999999965,6.85256000000004]},"properties":{"id":829,"nom":"ASSEMBLEE DE DIEU","type":"eglise","district_region":null,"departement_commune":null,"verifie":true,"name":"ASSEMBLEE DE DIEU","source":"Géoportail ANSTAT"}},{"type":"Feature","geometry":{"type":"Point","coordinates":[-8.183302999999967,6.85236800000007]},"properties":{"id":830,"nom":"ASSEMBLE DE DIEU","type":"eglise","district_region":null,"departement_commune":null,"verifie":true,"name":"ASSEMBLE DE DIEU","source":"Géoportail ANSTAT"}},{"type":"Feature","geometry":{"type":"Point","coordinates":[-8.27268799999996,6.943122000000074]},"properties":{"id":831,"nom":"ASSEMBLE DE DIEU","type":"eglise","district_region":null,"departement_commune":null,"verifie":true,"name":"ASSEMBLE DE DIEU","source":"Géoportail ANSTAT"}},{"type":"Feature","geometry":{"type":"Point","coordinates":[-8.049395999999945,6.973986000000025]},"properties":{"id":832,"nom":"ASSEMBLEE DE DIEU","type":"eglise","district_region":null,"departement_commune":null,"verifie":true,"name":"ASSEMBLEE DE DIEU","source":"Géoportail ANSTAT"}},{"type":"Feature","geometry":{"type":"Point","coordinates":[-8.260829999999942,7.008099000000072]},"properties":{"id":833,"nom":"ASSEMBLEE DE DIEU","type":"eglise","district_region":null,"departement_commune":null,"verifie":true,"name":"ASSEMBLEE DE DIEU","source":"Géoportail ANSTAT"}},{"type":"Feature","geometry":{"type":"Point","coordinates":[-8.139169999999979,7.145162000000028]},"properties":{"id":834,"nom":"ASSEMBLEE DE DIEU","type":"eglise","district_region":null,"departement_commune":null,"verifie":true,"name":"ASSEMBLEE DE DIEU","source":"Géoportail ANSTAT"}},{"type":"Feature","geometry":{"type":"Point","coordinates":[-8.138166999999953,7.143034000000057]},"properties":{"id":835,"nom":"ASSEMBLEE DE DIEU","type":"eglise","district_region":null,"departement_commune":null,"verifie":true,"name":"ASSEMBLEE DE DIEU","source":"Géoportail ANSTAT"}},{"type":"Feature","geometry":{"type":"Point","coordinates":[-8.218177999999966,7.141361000000074]},"properties":{"id":836,"nom":"ASSEMBLEE DE DIEU","type":"eglise","district_region":null,"departement_commune":null,"verifie":true,"name":"ASSEMBLEE DE DIEU","source":"Géoportail ANSTAT"}},{"type":"Feature","geometry":{"type":"Point","coordinates":[-8.28582199999994,7.264248000000066]},"properties":{"id":837,"nom":"ASSEMBLE DE DIEU","type":"eglise","district_region":null,"departement_commune":null,"verifie":true,"name":"ASSEMBLE DE DIEU","source":"Géoportail ANSTAT"}},{"type":"Feature","geometry":{"type":"Point","coordinates":[-8.045150999999976,7.268627000000038]},"properties":{"id":838,"nom":"ASSEMBLEE DE DIEU","type":"eglise","district_region":null,"departement_commune":null,"verifie":true,"name":"ASSEMBLEE DE DIEU","source":"Géoportail ANSTAT"}},{"type":"Feature","geometry":{"type":"Point","coordinates":[-8.261968999999965,7.395533000000057]},"properties":{"id":839,"nom":"ASSEMBLEE DE DIEU","type":"eglise","district_region":null,"departement_commune":null,"verifie":true,"name":"ASSEMBLEE DE DIEU","source":"Géoportail ANSTAT"}},{"type":"Feature","geometry":{"type":"Point","coordinates":[-8.322173999999961,7.402185000000031]},"properties":{"id":840,"nom":"ASSEMBLEE DE DIEU","type":"eglise","district_region":null,"departement_commune":null,"verifie":true,"name":"ASSEMBLEE DE DIEU","source":"Géoportail ANSTAT"}},{"type":"Feature","geometry":{"type":"Point","coordinates":[-8.335563999999977,7.421685000000025]},"properties":{"id":841,"nom":"ASSEMBLEE DE DIEU","type":"eglise","district_region":null,"departement_commune":null,"verifie":true,"name":"ASSEMBLEE DE DIEU","source":"Géoportail ANSTAT"}},{"type":"Feature","geometry":{"type":"Point","coordinates":[-8.164438999999959,7.425817000000052]},"properties":{"id":842,"nom":"ASSEMBLEE DE DIEU","type":"eglise","district_region":null,"departement_commune":null,"verifie":true,"name":"ASSEMBLEE DE DIEU","source":"Géoportail ANSTAT"}},{"type":"Feature","geometry":{"type":"Point","coordinates":[-8.164720999999929,7.445444000000066]},"properties":{"id":843,"nom":"ASSEMBLE DE DIEU","type":"eglise","district_region":null,"departement_commune":null,"verifie":true,"name":"ASSEMBLE DE DIEU","source":"Géoportail ANSTAT"}},{"type":"Feature","geometry":{"type":"Point","coordinates":[-8.205420999999944,7.453761000000043]},"properties":{"id":844,"nom":"ASSEMBLEE DE DIEU","type":"eglise","district_region":null,"departement_commune":null,"verifie":true,"name":"ASSEMBLEE DE DIEU","source":"Géoportail ANSTAT"}},{"type":"Feature","geometry":{"type":"Point","coordinates":[-8.40259199999997,7.467331000000058]},"properties":{"id":845,"nom":"APOSTOLIQUE","type":"eglise","district_region":null,"departement_commune":null,"verifie":true,"name":"APOSTOLIQUE","source":"Géoportail ANSTAT"}},{"type":"Feature","geometry":{"type":"Point","coordinates":[-8.094392999999968,7.469429000000048]},"properties":{"id":846,"nom":"ASSEMBLEE DE DIEU","type":"eglise","district_region":null,"departement_commune":null,"verifie":true,"name":"ASSEMBLEE DE DIEU","source":"Géoportail ANSTAT"}},{"type":"Feature","geometry":{"type":"Point","coordinates":[-7.983728999999926,7.548189000000036]},"properties":{"id":847,"nom":"ASSEMBLE DE DIEU","type":"eglise","district_region":null,"departement_commune":null,"verifie":true,"name":"ASSEMBLE DE DIEU","source":"Géoportail ANSTAT"}},{"type":"Feature","geometry":{"type":"Point","coordinates":[-7.883817999999962,7.914332000000059]},"properties":{"id":849,"nom":"ASSEMBLE DE DIEU","type":"eglise","district_region":null,"departement_commune":null,"verifie":true,"name":"ASSEMBLE DE DIEU","source":"Géoportail ANSTAT"}},{"type":"Feature","geometry":{"type":"Point","coordinates":[-7.159960999999953,7.799097000000074]},"properties":{"id":850,"nom":"ASSEMBLE DE DIEU","type":"eglise","district_region":null,"departement_commune":null,"verifie":true,"name":"ASSEMBLE DE DIEU","source":"Géoportail ANSTAT"}},{"type":"Feature","geometry":{"type":"Point","coordinates":[-7.18500899999998,7.687143000000049]},"properties":{"id":851,"nom":"ASSEMBLE DE DIEU","type":"eglise","district_region":null,"departement_commune":null,"verifie":true,"name":"ASSEMBLE DE DIEU","source":"Géoportail ANSTAT"}},{"type":"Feature","geometry":{"type":"Point","coordinates":[-7.380269999999939,7.571146000000056]},"properties":{"id":852,"nom":"ASSEMBLEE DE DIEU","type":"eglise","district_region":null,"departement_commune":null,"verifie":true,"name":"ASSEMBLEE DE DIEU","source":"Géoportail ANSTAT"}},{"type":"Feature","geometry":{"type":"Point","coordinates":[-7.358445999999958,7.647547000000031]},"properties":{"id":853,"nom":"ASSEMBLEE DE DIEU","type":"eglise","district_region":null,"departement_commune":null,"verifie":true,"name":"ASSEMBLEE DE DIEU","source":"Géoportail ANSTAT"}},{"type":"Feature","geometry":{"type":"Point","coordinates":[-7.436402999999927,7.581567000000064]},"properties":{"id":854,"nom":"ASSEMBLE DE DIEU","type":"eglise","district_region":null,"departement_commune":null,"verifie":true,"name":"ASSEMBLE DE DIEU","source":"Géoportail ANSTAT"}},{"type":"Feature","geometry":{"type":"Point","coordinates":[-7.358779999999967,7.580849000000057]},"properties":{"id":855,"nom":"ASSEMBLE DE DIEU","type":"eglise","district_region":null,"departement_commune":null,"verifie":true,"name":"ASSEMBLE DE DIEU","source":"Géoportail ANSTAT"}},{"type":"Feature","geometry":{"type":"Point","coordinates":[-7.730464999999981,7.642275000000041]},"properties":{"id":856,"nom":"ASSEMBLEE DE DIEU","type":"eglise","district_region":null,"departement_commune":null,"verifie":true,"name":"ASSEMBLEE DE DIEU","source":"Géoportail ANSTAT"}},{"type":"Feature","geometry":{"type":"Point","coordinates":[-7.855155999999965,7.66524400000003]},"properties":{"id":857,"nom":"ASSEMBLEE DE DIEU","type":"eglise","district_region":null,"departement_commune":null,"verifie":true,"name":"ASSEMBLEE DE DIEU","source":"Géoportail ANSTAT"}},{"type":"Feature","geometry":{"type":"Point","coordinates":[-7.69168099999996,7.564310000000035]},"properties":{"id":858,"nom":"ASSEMBLE DE DIEU","type":"eglise","district_region":null,"departement_commune":null,"verifie":true,"name":"ASSEMBLE DE DIEU","source":"Géoportail ANSTAT"}},{"type":"Feature","geometry":{"type":"Point","coordinates":[-7.904146999999966,7.470093000000077]},"properties":{"id":859,"nom":"ASSEMBLE DE DIEU","type":"eglise","district_region":null,"departement_commune":null,"verifie":true,"name":"ASSEMBLE DE DIEU","source":"Géoportail ANSTAT"}},{"type":"Feature","geometry":{"type":"Point","coordinates":[-3.923364999999933,7.56378600000005]},"properties":{"id":860,"nom":"ASSEMBLEE DE DIEU","type":"eglise","district_region":null,"departement_commune":null,"verifie":true,"name":"ASSEMBLEE DE DIEU","source":"Géoportail ANSTAT"}},{"type":"Feature","geometry":{"type":"Point","coordinates":[-4.538216999999975,7.419617000000073]},"properties":{"id":861,"nom":"ASSAMBLEE DE DIEU","type":"eglise","district_region":null,"departement_commune":null,"verifie":true,"name":"ASSAMBLEE DE DIEU","source":"Géoportail ANSTAT"}},{"type":"Feature","geometry":{"type":"Point","coordinates":[-3.962147999999956,7.470613000000071]},"properties":{"id":862,"nom":"ASSEMBLEE DE DIEU","type":"eglise","district_region":null,"departement_commune":null,"verifie":true,"name":"ASSEMBLEE DE DIEU","source":"Géoportail ANSTAT"}},{"type":"Feature","geometry":{"type":"Point","coordinates":[-3.965235999999948,7.342788000000041]},"properties":{"id":863,"nom":"ASSEMBLE DE DIEU","type":"eglise","district_region":null,"departement_commune":null,"verifie":true,"name":"ASSEMBLE DE DIEU","source":"Géoportail ANSTAT"}},{"type":"Feature","geometry":{"type":"Point","coordinates":[-3.776139999999941,7.062158000000068]},"properties":{"id":864,"nom":"ASSAMBLEE DE DIEU","type":"eglise","district_region":null,"departement_commune":null,"verifie":true,"name":"ASSAMBLEE DE DIEU","source":"Géoportail ANSTAT"}},{"type":"Feature","geometry":{"type":"Point","coordinates":[-4.018152999999927,7.295515000000023]},"properties":{"id":865,"nom":"ASSEMBLE DE DIEU","type":"eglise","district_region":null,"departement_commune":null,"verifie":true,"name":"ASSEMBLE DE DIEU","source":"Géoportail ANSTAT"}},{"type":"Feature","geometry":{"type":"Point","coordinates":[-3.651232999999934,7.42501900000002]},"properties":{"id":866,"nom":"ASSEMBLE DE DIEU","type":"eglise","district_region":null,"departement_commune":null,"verifie":true,"name":"ASSEMBLE DE DIEU","source":"Géoportail ANSTAT"}},{"type":"Feature","geometry":{"type":"Point","coordinates":[-5.182254999999941,6.711825000000033]},"properties":{"id":867,"nom":"MISSION INTERNATINALE DE DE LIVRANCE ET DE GUERISSONS","type":"eglise","district_region":null,"departement_commune":null,"verifie":true,"name":"MISSION INTERNATINALE DE DE LIVRANCE ET DE GUERISSONS","source":"Géoportail ANSTAT"}},{"type":"Feature","geometry":{"type":"Point","coordinates":[-5.220197999999925,6.709145000000035]},"properties":{"id":868,"nom":"EGLISE DES MISSIONNAIRES","type":"eglise","district_region":null,"departement_commune":null,"verifie":true,"name":"EGLISE DES MISSIONNAIRES","source":"Géoportail ANSTAT"}},{"type":"Feature","geometry":{"type":"Point","coordinates":[-5.277718999999934,6.78476900000004]},"properties":{"id":870,"nom":"METHODISTE TEMPLE NAZARETH","type":"eglise","district_region":null,"departement_commune":null,"verifie":true,"name":"METHODISTE TEMPLE NAZARETH","source":"Géoportail ANSTAT"}},{"type":"Feature","geometry":{"type":"Point","coordinates":[-5.237269999999967,6.823544000000027]},"properties":{"id":871,"nom":"EGLISE EVANGELIQUE RESTAURATION BETHESDA","type":"eglise","district_region":null,"departement_commune":null,"verifie":true,"name":"EGLISE EVANGELIQUE RESTAURATION BETHESDA","source":"Géoportail ANSTAT"}},{"type":"Feature","geometry":{"type":"Point","coordinates":[-5.251458999999954,6.819927000000064]},"properties":{"id":872,"nom":"EGLISE DU CHRISTIANISME CELESTE","type":"eglise","district_region":null,"departement_commune":null,"verifie":true,"name":"EGLISE DU CHRISTIANISME CELESTE","source":"Géoportail ANSTAT"}},{"type":"Feature","geometry":{"type":"Point","coordinates":[-5.292494999999974,6.614072000000021]},"properties":{"id":873,"nom":"EGLISE PATHMOS","type":"eglise","district_region":null,"departement_commune":null,"verifie":true,"name":"EGLISE PATHMOS","source":"Géoportail ANSTAT"}},{"type":"Feature","geometry":{"type":"Point","coordinates":[-5.329005999999936,7.000144000000034]},"properties":{"id":874,"nom":"EGLISE CMA","type":"eglise","district_region":null,"departement_commune":null,"verifie":true,"name":"EGLISE CMA","source":"Géoportail ANSTAT"}},{"type":"Feature","geometry":{"type":"Point","coordinates":[-5.348443999999972,6.932514000000026]},"properties":{"id":875,"nom":"CATHOLIQUE","type":"eglise","district_region":null,"departement_commune":null,"verifie":true,"name":"CATHOLIQUE","source":"Géoportail ANSTAT"}},{"type":"Feature","geometry":{"type":"Point","coordinates":[-5.384201999999959,6.846441000000027]},"properties":{"id":877,"nom":"EGLISE CATHOLIQUE DE SAHABO","type":"eglise","district_region":null,"departement_commune":null,"verifie":true,"name":"EGLISE CATHOLIQUE DE SAHABO","source":"Géoportail ANSTAT"}},{"type":"Feature","geometry":{"type":"Point","coordinates":[-5.243996999999979,7.072825000000023]},"properties":{"id":878,"nom":"CATHOLIQUE TOUNZOUEBO","type":"eglise","district_region":null,"departement_commune":null,"verifie":true,"name":"CATHOLIQUE TOUNZOUEBO","source":"Géoportail ANSTAT"}},{"type":"Feature","geometry":{"type":"Point","coordinates":[-4.424545999999964,8.852591000000075]},"properties":{"id":879,"nom":"ASSEMBLEE DE DIEU","type":"eglise","district_region":null,"departement_commune":null,"verifie":true,"name":"ASSEMBLEE DE DIEU","source":"Géoportail ANSTAT"}},{"type":"Feature","geometry":{"type":"Point","coordinates":[-4.617712999999981,9.149086000000068]},"properties":{"id":880,"nom":"ASSOCIATION DES EGLISES BAPTISTES EVANGELIQUES DE COTE D IVOIRE","type":"eglise","district_region":null,"departement_commune":null,"verifie":true,"name":"ASSOCIATION DES EGLISES BAPTISTES EVANGELIQUES DE COTE D IVOIRE","source":"Géoportail ANSTAT"}},{"type":"Feature","geometry":{"type":"Point","coordinates":[-4.44593999999995,9.414083000000062]},"properties":{"id":881,"nom":"ASSEMBLEE DE DIEU","type":"eglise","district_region":null,"departement_commune":null,"verifie":true,"name":"ASSEMBLEE DE DIEU","source":"Géoportail ANSTAT"}},{"type":"Feature","geometry":{"type":"Point","coordinates":[-5.333145999999942,10.27076300000004]},"properties":{"id":882,"nom":"ASSEMBLEE DE DIEU","type":"eglise","district_region":null,"departement_commune":null,"verifie":true,"name":"ASSEMBLEE DE DIEU","source":"Géoportail ANSTAT"}},{"type":"Feature","geometry":{"type":"Point","coordinates":[-5.191526999999951,9.612827000000038]},"properties":{"id":883,"nom":"ASSEMBLEES DE DIEU","type":"eglise","district_region":null,"departement_commune":null,"verifie":true,"name":"ASSEMBLEES DE DIEU","source":"Géoportail ANSTAT"}},{"type":"Feature","geometry":{"type":"Point","coordinates":[-5.206394999999929,9.589527000000032]},"properties":{"id":884,"nom":"ASSEMBLEE DE DIEU","type":"eglise","district_region":null,"departement_commune":null,"verifie":true,"name":"ASSEMBLEE DE DIEU","source":"Géoportail ANSTAT"}},{"type":"Feature","geometry":{"type":"Point","coordinates":[-6.478439999999978,4.849791000000039]},"properties":{"id":885,"nom":"ASSEMBLEE DE DIEU","type":"eglise","district_region":null,"departement_commune":null,"verifie":true,"name":"ASSEMBLEE DE DIEU","source":"Géoportail ANSTAT"}},{"type":"Feature","geometry":{"type":"Point","coordinates":[-6.534450999999933,4.872255000000052]},"properties":{"id":886,"nom":"ASSEMBLEES DE DIEU DE KPOTE","type":"eglise","district_region":null,"departement_commune":null,"verifie":true,"name":"ASSEMBLEES DE DIEU DE KPOTE","source":"Géoportail ANSTAT"}},{"type":"Feature","geometry":{"type":"Point","coordinates":[-6.644977999999981,4.753048000000035]},"properties":{"id":887,"nom":"ASSEMBLEE DES SAINTS","type":"eglise","district_region":null,"departement_commune":null,"verifie":true,"name":"ASSEMBLEE DES SAINTS","source":"Géoportail ANSTAT"}},{"type":"Feature","geometry":{"type":"Point","coordinates":[-6.828642999999943,4.901924000000065]},"properties":{"id":888,"nom":"ASSEMBLEE DE DIEU","type":"eglise","district_region":null,"departement_commune":null,"verifie":true,"name":"ASSEMBLEE DE DIEU","source":"Géoportail ANSTAT"}},{"type":"Feature","geometry":{"type":"Point","coordinates":[-6.773764999999969,4.930584000000067]},"properties":{"id":889,"nom":"ASSEMBLEE DE DIEU","type":"eglise","district_region":null,"departement_commune":null,"verifie":true,"name":"ASSEMBLEE DE DIEU","source":"Géoportail ANSTAT"}},{"type":"Feature","geometry":{"type":"Point","coordinates":[-6.566090999999972,4.842863000000023]},"properties":{"id":890,"nom":"ASSEMBLEE DE DIEU","type":"eglise","district_region":null,"departement_commune":null,"verifie":true,"name":"ASSEMBLEE DE DIEU","source":"Géoportail ANSTAT"}},{"type":"Feature","geometry":{"type":"Point","coordinates":[-6.564675999999963,4.847464000000059]},"properties":{"id":891,"nom":"ASSEMBLEE DE DIEU","type":"eglise","district_region":null,"departement_commune":null,"verifie":true,"name":"ASSEMBLEE DE DIEU","source":"Géoportail ANSTAT"}},{"type":"Feature","geometry":{"type":"Point","coordinates":[-6.726924999999937,4.851707000000033]},"properties":{"id":892,"nom":"ASSEMBLEE DE DIEU KREMOUE","type":"eglise","district_region":null,"departement_commune":null,"verifie":true,"name":"ASSEMBLEE DE DIEU KREMOUE","source":"Géoportail ANSTAT"}},{"type":"Feature","geometry":{"type":"Point","coordinates":[-7.24625199999997,4.816790000000026]},"properties":{"id":894,"nom":"ASSEMBLEE DE DIEU","type":"eglise","district_region":null,"departement_commune":null,"verifie":true,"name":"ASSEMBLEE DE DIEU","source":"Géoportail ANSTAT"}},{"type":"Feature","geometry":{"type":"Point","coordinates":[-6.924404999999979,4.652644000000066]},"properties":{"id":895,"nom":"ASSEMBLIES OF GOD","type":"eglise","district_region":null,"departement_commune":null,"verifie":true,"name":"ASSEMBLIES OF GOD","source":"Géoportail ANSTAT"}},{"type":"Feature","geometry":{"type":"Point","coordinates":[-6.96588399999996,4.857552000000055]},"properties":{"id":896,"nom":"ASSEMBLEE DE DIEU","type":"eglise","district_region":null,"departement_commune":null,"verifie":true,"name":"ASSEMBLEE DE DIEU","source":"Géoportail ANSTAT"}},{"type":"Feature","geometry":{"type":"Point","coordinates":[-6.671727999999973,4.764297000000056]},"properties":{"id":897,"nom":"ASSEMBLEE DE SANPEDRO","type":"eglise","district_region":null,"departement_commune":null,"verifie":true,"name":"ASSEMBLEE DE SANPEDRO","source":"Géoportail ANSTAT"}},{"type":"Feature","geometry":{"type":"Point","coordinates":[-6.672531999999933,4.767457000000036]},"properties":{"id":898,"nom":"ASSEMBLEES DE DIEU SOLEIL","type":"eglise","district_region":null,"departement_commune":null,"verifie":true,"name":"ASSEMBLEES DE DIEU SOLEIL","source":"Géoportail ANSTAT"}},{"type":"Feature","geometry":{"type":"Point","coordinates":[-6.569380999999964,5.122147000000041]},"properties":{"id":899,"nom":"ASSEMBLEE DE DIEU","type":"eglise","district_region":null,"departement_commune":null,"verifie":true,"name":"ASSEMBLEE DE DIEU","source":"Géoportail ANSTAT"}},{"type":"Feature","geometry":{"type":"Point","coordinates":[-6.616004999999973,4.823077000000069]},"properties":{"id":900,"nom":"ASSEMBLEE DE DIEU","type":"eglise","district_region":null,"departement_commune":null,"verifie":true,"name":"ASSEMBLEE DE DIEU","source":"Géoportail ANSTAT"}},{"type":"Feature","geometry":{"type":"Point","coordinates":[-6.701741999999967,5.083825000000047]},"properties":{"id":901,"nom":"ASSEMBLEE DE DIEU","type":"eglise","district_region":null,"departement_commune":null,"verifie":true,"name":"ASSEMBLEE DE DIEU","source":"Géoportail ANSTAT"}},{"type":"Feature","geometry":{"type":"Point","coordinates":[-6.855122999999935,5.038671000000022]},"properties":{"id":902,"nom":"ASSEMBLEES DE DIEU DE BRAHIMAKRO","type":"eglise","district_region":null,"departement_commune":null,"verifie":true,"name":"ASSEMBLEES DE DIEU DE BRAHIMAKRO","source":"Géoportail ANSTAT"}},{"type":"Feature","geometry":{"type":"Point","coordinates":[-6.840880999999968,4.762895000000071]},"properties":{"id":903,"nom":"ASSEMBLEE DE DIEU ADJAMENE","type":"eglise","district_region":null,"departement_commune":null,"verifie":true,"name":"ASSEMBLEE DE DIEU ADJAMENE","source":"Géoportail ANSTAT"}},{"type":"Feature","geometry":{"type":"Point","coordinates":[-7.161823999999967,4.921559000000059]},"properties":{"id":904,"nom":"ASSEMBLEE DE DIEU","type":"eglise","district_region":null,"departement_commune":null,"verifie":true,"name":"ASSEMBLEE DE DIEU","source":"Géoportail ANSTAT"}},{"type":"Feature","geometry":{"type":"Point","coordinates":[-7.102922999999976,4.738507000000027]},"properties":{"id":905,"nom":"ASSEMBLEE DE DIEU DE HEKE2","type":"eglise","district_region":null,"departement_commune":null,"verifie":true,"name":"ASSEMBLEE DE DIEU DE HEKE2","source":"Géoportail ANSTAT"}},{"type":"Feature","geometry":{"type":"Point","coordinates":[-7.37940999999995,4.404892000000075]},"properties":{"id":906,"nom":"ASSEMBLEE DE DIEU","type":"eglise","district_region":null,"departement_commune":null,"verifie":true,"name":"ASSEMBLEE DE DIEU","source":"Géoportail ANSTAT"}},{"type":"Feature","geometry":{"type":"Point","coordinates":[-7.362551999999937,4.890647000000058]},"properties":{"id":907,"nom":"ASSEMBLEE DE DIU","type":"eglise","district_region":null,"departement_commune":null,"verifie":true,"name":"ASSEMBLEE DE DIU","source":"Géoportail ANSTAT"}},{"type":"Feature","geometry":{"type":"Point","coordinates":[-7.398858999999959,4.391410000000064]},"properties":{"id":908,"nom":"ASSEMBLEE DE DIEU","type":"eglise","district_region":null,"departement_commune":null,"verifie":true,"name":"ASSEMBLEE DE DIEU","source":"Géoportail ANSTAT"}},{"type":"Feature","geometry":{"type":"Point","coordinates":[-7.314457999999945,4.447536000000071]},"properties":{"id":909,"nom":"ASSEMBLEE DE DIEU","type":"eglise","district_region":null,"departement_commune":null,"verifie":true,"name":"ASSEMBLEE DE DIEU","source":"Géoportail ANSTAT"}},{"type":"Feature","geometry":{"type":"Point","coordinates":[-7.34050899999994,4.514764000000071]},"properties":{"id":910,"nom":"ASSEMBLEE DE DIEU","type":"eglise","district_region":null,"departement_commune":null,"verifie":true,"name":"ASSEMBLEE DE DIEU","source":"Géoportail ANSTAT"}},{"type":"Feature","geometry":{"type":"Point","coordinates":[-7.495817999999929,4.565333000000066]},"properties":{"id":911,"nom":"ASSEMNLEES DE DIEU","type":"eglise","district_region":null,"departement_commune":null,"verifie":true,"name":"ASSEMNLEES DE DIEU","source":"Géoportail ANSTAT"}},{"type":"Feature","geometry":{"type":"Point","coordinates":[-7.589799999999968,4.847367000000077]},"properties":{"id":912,"nom":"ASSEMBLEE DE TIBOTO","type":"eglise","district_region":null,"departement_commune":null,"verifie":true,"name":"ASSEMBLEE DE TIBOTO","source":"Géoportail ANSTAT"}},{"type":"Feature","geometry":{"type":"Point","coordinates":[-7.56547299999994,4.902170000000069]},"properties":{"id":913,"nom":"ASSEMBLEES DE DIEU","type":"eglise","district_region":null,"departement_commune":null,"verifie":true,"name":"ASSEMBLEES DE DIEU","source":"Géoportail ANSTAT"}},{"type":"Feature","geometry":{"type":"Point","coordinates":[-7.156262999999967,5.210016000000053]},"properties":{"id":914,"nom":"ASSEMBLEE DE DIEU","type":"eglise","district_region":null,"departement_commune":null,"verifie":true,"name":"ASSEMBLEE DE DIEU","source":"Géoportail ANSTAT"}},{"type":"Feature","geometry":{"type":"Point","coordinates":[-7.232508999999936,5.306404000000043]},"properties":{"id":915,"nom":"ASSEMBLEE DE DIEU","type":"eglise","district_region":null,"departement_commune":null,"verifie":true,"name":"ASSEMBLEE DE DIEU","source":"Géoportail ANSTAT"}},{"type":"Feature","geometry":{"type":"Point","coordinates":[-7.013650999999925,4.872406000000069]},"properties":{"id":916,"nom":"ASSEMBLEE DE DIEU DE BLEDIE","type":"eglise","district_region":null,"departement_commune":null,"verifie":true,"name":"ASSEMBLEE DE DIEU DE BLEDIE","source":"Géoportail ANSTAT"}},{"type":"Feature","geometry":{"type":"Point","coordinates":[-5.702593999999976,9.323330000000055]},"properties":{"id":917,"nom":"ASSOCIATION DES EGLISE BAPTISTE EVANGELIQUE DE COTE DIVOIRE","type":"eglise","district_region":null,"departement_commune":null,"verifie":true,"name":"ASSOCIATION DES EGLISE BAPTISTE EVANGELIQUE DE COTE DIVOIRE","source":"Géoportail ANSTAT"}},{"type":"Feature","geometry":{"type":"Point","coordinates":[-5.724272999999926,9.898199000000034]},"properties":{"id":918,"nom":"ASSEMBLEE DE DIEU","type":"eglise","district_region":null,"departement_commune":null,"verifie":true,"name":"ASSEMBLEE DE DIEU","source":"Géoportail ANSTAT"}},{"type":"Feature","geometry":{"type":"Point","coordinates":[-6.596720999999945,5.615985000000023]},"properties":{"id":919,"nom":"ASSEMBLEES DE DIEU","type":"eglise","district_region":null,"departement_commune":null,"verifie":true,"name":"ASSEMBLEES DE DIEU","source":"Géoportail ANSTAT"}},{"type":"Feature","geometry":{"type":"Point","coordinates":[-6.605302999999935,5.615150000000028]},"properties":{"id":920,"nom":"ASSEMBLEES DE DIEU","type":"eglise","district_region":null,"departement_commune":null,"verifie":true,"name":"ASSEMBLEES DE DIEU","source":"Géoportail ANSTAT"}},{"type":"Feature","geometry":{"type":"Point","coordinates":[-6.454601999999966,5.786363000000051]},"properties":{"id":921,"nom":"ASSEMBLEE DE DIEU","type":"eglise","district_region":null,"departement_commune":null,"verifie":true,"name":"ASSEMBLEE DE DIEU","source":"Géoportail ANSTAT"}},{"type":"Feature","geometry":{"type":"Point","coordinates":[-6.495062999999959,5.967733000000067]},"properties":{"id":922,"nom":"ASSEMBLEE DE DIEU","type":"eglise","district_region":null,"departement_commune":null,"verifie":true,"name":"ASSEMBLEE DE DIEU","source":"Géoportail ANSTAT"}},{"type":"Feature","geometry":{"type":"Point","coordinates":[-6.588667999999927,5.925401000000022]},"properties":{"id":923,"nom":"ASSEMBLEE DE DIEU","type":"eglise","district_region":null,"departement_commune":null,"verifie":true,"name":"ASSEMBLEE DE DIEU","source":"Géoportail ANSTAT"}},{"type":"Feature","geometry":{"type":"Point","coordinates":[-6.592195999999944,5.831991000000073]},"properties":{"id":924,"nom":"ASSEMBLEES DE DIEU","type":"eglise","district_region":null,"departement_commune":null,"verifie":true,"name":"ASSEMBLEES DE DIEU","source":"Géoportail ANSTAT"}},{"type":"Feature","geometry":{"type":"Point","coordinates":[-6.599263999999948,5.797941000000037]},"properties":{"id":925,"nom":"ASSEMBLEES DE DIEU","type":"eglise","district_region":null,"departement_commune":null,"verifie":true,"name":"ASSEMBLEES DE DIEU","source":"Géoportail ANSTAT"}},{"type":"Feature","geometry":{"type":"Point","coordinates":[-6.623256999999967,6.09893900000003]},"properties":{"id":926,"nom":"ASSEMBLEE DE DIEU","type":"eglise","district_region":null,"departement_commune":null,"verifie":true,"name":"ASSEMBLEE DE DIEU","source":"Géoportail ANSTAT"}},{"type":"Feature","geometry":{"type":"Point","coordinates":[-6.306328999999948,5.832345000000032]},"properties":{"id":927,"nom":"ASSEMBLEE DE DIEU","type":"eglise","district_region":null,"departement_commune":null,"verifie":true,"name":"ASSEMBLEE DE DIEU","source":"Géoportail ANSTAT"}},{"type":"Feature","geometry":{"type":"Point","coordinates":[-6.321924999999965,5.629330000000039]},"properties":{"id":928,"nom":"ASSEMBLEE DE DIEU","type":"eglise","district_region":null,"departement_commune":null,"verifie":true,"name":"ASSEMBLEE DE DIEU","source":"Géoportail ANSTAT"}},{"type":"Feature","geometry":{"type":"Point","coordinates":[-6.442322999999931,6.149763000000064]},"properties":{"id":929,"nom":"ASSEMBLEES DE DIEU","type":"eglise","district_region":null,"departement_commune":null,"verifie":true,"name":"ASSEMBLEES DE DIEU","source":"Géoportail ANSTAT"}},{"type":"Feature","geometry":{"type":"Point","coordinates":[-6.462624999999946,6.199734000000035]},"properties":{"id":930,"nom":"ASSEMBLEE DE DIEU","type":"eglise","district_region":null,"departement_commune":null,"verifie":true,"name":"ASSEMBLEE DE DIEU","source":"Géoportail ANSTAT"}},{"type":"Feature","geometry":{"type":"Point","coordinates":[-6.46190299999995,6.251010000000065]},"properties":{"id":931,"nom":"ASSEMBLEE DE DISU","type":"eglise","district_region":null,"departement_commune":null,"verifie":true,"name":"ASSEMBLEE DE DISU","source":"Géoportail ANSTAT"}},{"type":"Feature","geometry":{"type":"Point","coordinates":[-6.539821999999958,6.226717000000065]},"properties":{"id":932,"nom":"ASSEMBLEE DE DIEU","type":"eglise","district_region":null,"departement_commune":null,"verifie":true,"name":"ASSEMBLEE DE DIEU","source":"Géoportail ANSTAT"}},{"type":"Feature","geometry":{"type":"Point","coordinates":[-6.59361599999994,6.018678000000023]},"properties":{"id":933,"nom":"ASSEMBLEE DE DIEU","type":"eglise","district_region":null,"departement_commune":null,"verifie":true,"name":"ASSEMBLEE DE DIEU","source":"Géoportail ANSTAT"}},{"type":"Feature","geometry":{"type":"Point","coordinates":[-6.693784999999934,6.244983000000047]},"properties":{"id":934,"nom":"ASSEMBLEE DE DIEU","type":"eglise","district_region":null,"departement_commune":null,"verifie":true,"name":"ASSEMBLEE DE DIEU","source":"Géoportail ANSTAT"}},{"type":"Feature","geometry":{"type":"Point","coordinates":[-6.673927999999933,6.208304000000055]},"properties":{"id":935,"nom":"ASSEMBLEE DE DIEU","type":"eglise","district_region":null,"departement_commune":null,"verifie":true,"name":"ASSEMBLEE DE DIEU","source":"Géoportail ANSTAT"}},{"type":"Feature","geometry":{"type":"Point","coordinates":[-6.503548999999964,6.24717000000004]},"properties":{"id":936,"nom":"ASSEMBLEE DE DIEU DE ZAKEOUA","type":"eglise","district_region":null,"departement_commune":null,"verifie":true,"name":"ASSEMBLEE DE DIEU DE ZAKEOUA","source":"Géoportail ANSTAT"}},{"type":"Feature","geometry":{"type":"Point","coordinates":[-6.822156999999947,6.129489000000035]},"properties":{"id":937,"nom":"ASSEMBLEE DE DIEU","type":"eglise","district_region":null,"departement_commune":null,"verifie":true,"name":"ASSEMBLEE DE DIEU","source":"Géoportail ANSTAT"}},{"type":"Feature","geometry":{"type":"Point","coordinates":[-7.028630999999962,6.134556000000032]},"properties":{"id":938,"nom":"ASSEMBLEE DE DIEU","type":"eglise","district_region":null,"departement_commune":null,"verifie":true,"name":"ASSEMBLEE DE DIEU","source":"Géoportail ANSTAT"}},{"type":"Feature","geometry":{"type":"Point","coordinates":[-6.904886999999974,6.184127000000046]},"properties":{"id":939,"nom":"ASSEMBLEE DE DIEU","type":"eglise","district_region":null,"departement_commune":null,"verifie":true,"name":"ASSEMBLEE DE DIEU","source":"Géoportail ANSTAT"}},{"type":"Feature","geometry":{"type":"Point","coordinates":[-7.072823999999969,6.182117000000062]},"properties":{"id":940,"nom":"ASSEMBLEE DE DIEU","type":"eglise","district_region":null,"departement_commune":null,"verifie":true,"name":"ASSEMBLEE DE DIEU","source":"Géoportail ANSTAT"}},{"type":"Feature","geometry":{"type":"Point","coordinates":[-6.960802999999942,6.228023000000064]},"properties":{"id":941,"nom":"ASSEMBLEE DE DIEU","type":"eglise","district_region":null,"departement_commune":null,"verifie":true,"name":"ASSEMBLEE DE DIEU","source":"Géoportail ANSTAT"}},{"type":"Feature","geometry":{"type":"Point","coordinates":[-7.13408499999997,6.126765000000034]},"properties":{"id":942,"nom":"ASSEMBLEE DE DIEU D AMOINKRO","type":"eglise","district_region":null,"departement_commune":null,"verifie":true,"name":"ASSEMBLEE DE DIEU D AMOINKRO","source":"Géoportail ANSTAT"}},{"type":"Feature","geometry":{"type":"Point","coordinates":[-6.04656099999994,5.499635000000069]},"properties":{"id":943,"nom":"ASSEMBLEE DE DIEU","type":"eglise","district_region":null,"departement_commune":null,"verifie":true,"name":"ASSEMBLEE DE DIEU","source":"Géoportail ANSTAT"}},{"type":"Feature","geometry":{"type":"Point","coordinates":[-6.043932999999981,5.54839800000002]},"properties":{"id":944,"nom":"ASSEMBLEE DE DIEU","type":"eglise","district_region":null,"departement_commune":null,"verifie":true,"name":"ASSEMBLEE DE DIEU","source":"Géoportail ANSTAT"}},{"type":"Feature","geometry":{"type":"Point","coordinates":[-6.043374999999969,5.549436000000071]},"properties":{"id":945,"nom":"ASSEMBLEE DE DIEU","type":"eglise","district_region":null,"departement_commune":null,"verifie":true,"name":"ASSEMBLEE DE DIEU","source":"Géoportail ANSTAT"}},{"type":"Feature","geometry":{"type":"Point","coordinates":[-6.120792999999935,5.768014000000051]},"properties":{"id":946,"nom":"ASSEMBLEE DE DIEU","type":"eglise","district_region":null,"departement_commune":null,"verifie":true,"name":"ASSEMBLEE DE DIEU","source":"Géoportail ANSTAT"}},{"type":"Feature","geometry":{"type":"Point","coordinates":[-6.220747999999958,5.69643300000007]},"properties":{"id":947,"nom":"ASSEMBLEE DE DIEU","type":"eglise","district_region":null,"departement_commune":null,"verifie":true,"name":"ASSEMBLEE DE DIEU","source":"Géoportail ANSTAT"}},{"type":"Feature","geometry":{"type":"Point","coordinates":[-6.067814999999939,5.682083000000034]},"properties":{"id":948,"nom":"ASSEMBLEE DE DIEU","type":"eglise","district_region":null,"departement_commune":null,"verifie":true,"name":"ASSEMBLEE DE DIEU","source":"Géoportail ANSTAT"}},{"type":"Feature","geometry":{"type":"Point","coordinates":[-6.559890999999936,5.871297000000027]},"properties":{"id":949,"nom":"ASSEMBLEES DE DIEU","type":"eglise","district_region":null,"departement_commune":null,"verifie":true,"name":"ASSEMBLEES DE DIEU","source":"Géoportail ANSTAT"}},{"type":"Feature","geometry":{"type":"Point","coordinates":[-4.26189299999993,6.748972000000037]},"properties":{"id":950,"nom":"ASSEMBLEE DE DIEU","type":"eglise","district_region":null,"departement_commune":null,"verifie":true,"name":"ASSEMBLEE DE DIEU","source":"Géoportail ANSTAT"}},{"type":"Feature","geometry":{"type":"Point","coordinates":[-7.586231999999939,6.860765000000072]},"properties":{"id":951,"nom":"ASSEMBLEE DE DIEU","type":"eglise","district_region":null,"departement_commune":null,"verifie":true,"name":"ASSEMBLEE DE DIEU","source":"Géoportail ANSTAT"}},{"type":"Feature","geometry":{"type":"Point","coordinates":[-7.926026999999976,6.936821000000066]},"properties":{"id":952,"nom":"ASSEMBLEE DE DIEU","type":"eglise","district_region":null,"departement_commune":null,"verifie":true,"name":"ASSEMBLEE DE DIEU","source":"Géoportail ANSTAT"}},{"type":"Feature","geometry":{"type":"Point","coordinates":[-7.776846999999975,6.900341000000026]},"properties":{"id":953,"nom":"ASSEMBLEE DE DIEU DE GLOUBLY","type":"eglise","district_region":null,"departement_commune":null,"verifie":true,"name":"ASSEMBLEE DE DIEU DE GLOUBLY","source":"Géoportail ANSTAT"}},{"type":"Feature","geometry":{"type":"Point","coordinates":[-7.346032999999977,7.209531000000027]},"properties":{"id":954,"nom":"ASSEMBLEE DE DIEU DE DIOUROUZON","type":"eglise","district_region":null,"departement_commune":null,"verifie":true,"name":"ASSEMBLEE DE DIEU DE DIOUROUZON","source":"Géoportail ANSTAT"}},{"type":"Feature","geometry":{"type":"Point","coordinates":[-7.390815999999973,7.113336000000061]},"properties":{"id":955,"nom":"ASSEMBLEE DE DIEU DE BEOUE ZIBIAO","type":"eglise","district_region":null,"departement_commune":null,"verifie":true,"name":"ASSEMBLEE DE DIEU DE BEOUE ZIBIAO","source":"Géoportail ANSTAT"}},{"type":"Feature","geometry":{"type":"Point","coordinates":[-7.464880999999934,7.123055000000022]},"properties":{"id":956,"nom":"ASSEMBLEE DE DIEU DE ZEO","type":"eglise","district_region":null,"departement_commune":null,"verifie":true,"name":"ASSEMBLEE DE DIEU DE ZEO","source":"Géoportail ANSTAT"}},{"type":"Feature","geometry":{"type":"Point","coordinates":[-7.477822999999944,6.958010000000058]},"properties":{"id":957,"nom":"ASSEMBLEE DE DIEU","type":"eglise","district_region":null,"departement_commune":null,"verifie":true,"name":"ASSEMBLEE DE DIEU","source":"Géoportail ANSTAT"}},{"type":"Feature","geometry":{"type":"Point","coordinates":[-7.111096999999972,7.063404000000048]},"properties":{"id":958,"nom":"ASSEMBLEE DE DIEU","type":"eglise","district_region":null,"departement_commune":null,"verifie":true,"name":"ASSEMBLEE DE DIEU","source":"Géoportail ANSTAT"}},{"type":"Feature","geometry":{"type":"Point","coordinates":[-7.469718999999941,6.893138000000022]},"properties":{"id":959,"nom":"ASSEMBLEE DE DIEU","type":"eglise","district_region":null,"departement_commune":null,"verifie":true,"name":"ASSEMBLEE DE DIEU","source":"Géoportail ANSTAT"}},{"type":"Feature","geometry":{"type":"Point","coordinates":[-7.515414999999962,6.887775000000033]},"properties":{"id":960,"nom":"ASSEMBLEE DE DIEU","type":"eglise","district_region":null,"departement_commune":null,"verifie":true,"name":"ASSEMBLEE DE DIEU","source":"Géoportail ANSTAT"}},{"type":"Feature","geometry":{"type":"Point","coordinates":[-7.176650999999936,6.559092000000021]},"properties":{"id":961,"nom":"ASSEMBLEE DE DIEU","type":"eglise","district_region":null,"departement_commune":null,"verifie":true,"name":"ASSEMBLEE DE DIEU","source":"Géoportail ANSTAT"}},{"type":"Feature","geometry":{"type":"Point","coordinates":[-7.336554999999976,6.729195000000061]},"properties":{"id":962,"nom":"ASSEMBLEE DE DIEU","type":"eglise","district_region":null,"departement_commune":null,"verifie":true,"name":"ASSEMBLEE DE DIEU","source":"Géoportail ANSTAT"}},{"type":"Feature","geometry":{"type":"Point","coordinates":[-7.33290599999998,6.744563000000028]},"properties":{"id":963,"nom":"ASSEMBLEE DE DIEU","type":"eglise","district_region":null,"departement_commune":null,"verifie":true,"name":"ASSEMBLEE DE DIEU","source":"Géoportail ANSTAT"}},{"type":"Feature","geometry":{"type":"Point","coordinates":[-7.337480999999968,6.751132000000041]},"properties":{"id":964,"nom":"ASSEMBLEE MISSIONNAIRE EVANGELIQUE POUR LES NATIONS","type":"eglise","district_region":null,"departement_commune":null,"verifie":true,"name":"ASSEMBLEE MISSIONNAIRE EVANGELIQUE POUR LES NATIONS","source":"Géoportail ANSTAT"}},{"type":"Feature","geometry":{"type":"Point","coordinates":[-7.023003999999958,6.92412500000006]},"properties":{"id":965,"nom":"ASSEMBLEE DE DIEU","type":"eglise","district_region":null,"departement_commune":null,"verifie":true,"name":"ASSEMBLEE DE DIEU","source":"Géoportail ANSTAT"}},{"type":"Feature","geometry":{"type":"Point","coordinates":[-7.288978999999927,6.741189000000077]},"properties":{"id":966,"nom":"ASSEMBLEE DE DIEU","type":"eglise","district_region":null,"departement_commune":null,"verifie":true,"name":"ASSEMBLEE DE DIEU","source":"Géoportail ANSTAT"}},{"type":"Feature","geometry":{"type":"Point","coordinates":[-4.801346999999964,5.295700000000068]},"properties":{"id":967,"nom":"ASSEMBLEE DE DIEU","type":"eglise","district_region":null,"departement_commune":null,"verifie":true,"name":"ASSEMBLEE DE DIEU","source":"Géoportail ANSTAT"}},{"type":"Feature","geometry":{"type":"Point","coordinates":[-4.796881999999925,5.330090000000041]},"properties":{"id":968,"nom":"ASSEMBLEES DE DIEU","type":"eglise","district_region":null,"departement_commune":null,"verifie":true,"name":"ASSEMBLEES DE DIEU","source":"Géoportail ANSTAT"}},{"type":"Feature","geometry":{"type":"Point","coordinates":[-4.769976999999926,5.290352000000041]},"properties":{"id":969,"nom":"ASSEMBLEES DE DIEU","type":"eglise","district_region":null,"departement_commune":null,"verifie":true,"name":"ASSEMBLEES DE DIEU","source":"Géoportail ANSTAT"}},{"type":"Feature","geometry":{"type":"Point","coordinates":[-4.785738999999978,5.23191300000002]},"properties":{"id":970,"nom":"ASSEMBLEES DE DIEU","type":"eglise","district_region":null,"departement_commune":null,"verifie":true,"name":"ASSEMBLEES DE DIEU","source":"Géoportail ANSTAT"}},{"type":"Feature","geometry":{"type":"Point","coordinates":[-4.86759399999994,5.702780000000075]},"properties":{"id":971,"nom":"ASSEMBLEE DE DIEU DE ADJEKONANKRO","type":"eglise","district_region":null,"departement_commune":null,"verifie":true,"name":"ASSEMBLEE DE DIEU DE ADJEKONANKRO","source":"Géoportail ANSTAT"}},{"type":"Feature","geometry":{"type":"Point","coordinates":[-4.876594999999952,5.677956000000052]},"properties":{"id":972,"nom":"ASSENBLEE DE DIEU","type":"eglise","district_region":null,"departement_commune":null,"verifie":true,"name":"ASSENBLEE DE DIEU","source":"Géoportail ANSTAT"}},{"type":"Feature","geometry":{"type":"Point","coordinates":[-4.913281999999981,5.644273000000055]},"properties":{"id":973,"nom":"ASSEMBLEE DE DIEU","type":"eglise","district_region":null,"departement_commune":null,"verifie":true,"name":"ASSEMBLEE DE DIEU","source":"Géoportail ANSTAT"}},{"type":"Feature","geometry":{"type":"Point","coordinates":[-4.880300999999974,5.634820000000047]},"properties":{"id":974,"nom":"ASSEMBLEE DE DIEU","type":"eglise","district_region":null,"departement_commune":null,"verifie":true,"name":"ASSEMBLEE DE DIEU","source":"Géoportail ANSTAT"}},{"type":"Feature","geometry":{"type":"Point","coordinates":[-4.880349999999964,5.634727000000055]},"properties":{"id":975,"nom":"ASSEMBLEE DE DIEU DE BACANDA","type":"eglise","district_region":null,"departement_commune":null,"verifie":true,"name":"ASSEMBLEE DE DIEU DE BACANDA","source":"Géoportail ANSTAT"}},{"type":"Feature","geometry":{"type":"Point","coordinates":[-4.841664999999978,5.552448000000027]},"properties":{"id":976,"nom":"ASSEMBLEE DE DIEU","type":"eglise","district_region":null,"departement_commune":null,"verifie":true,"name":"ASSEMBLEE DE DIEU","source":"Géoportail ANSTAT"}},{"type":"Feature","geometry":{"type":"Point","coordinates":[-4.876831999999979,5.569181000000071]},"properties":{"id":977,"nom":"ASSEMBLEES DE DIEU D AHOUDJANFOUTOU","type":"eglise","district_region":null,"departement_commune":null,"verifie":true,"name":"ASSEMBLEES DE DIEU D AHOUDJANFOUTOU","source":"Géoportail ANSTAT"}},{"type":"Feature","geometry":{"type":"Point","coordinates":[-4.860668999999973,5.583653000000027]},"properties":{"id":978,"nom":"ASSEMBLEES DE DIRU","type":"eglise","district_region":null,"departement_commune":null,"verifie":true,"name":"ASSEMBLEES DE DIRU","source":"Géoportail ANSTAT"}},{"type":"Feature","geometry":{"type":"Point","coordinates":[-4.930236999999977,5.504023000000075]},"properties":{"id":979,"nom":"ASSEMBLEE DE DIEU","type":"eglise","district_region":null,"departement_commune":null,"verifie":true,"name":"ASSEMBLEE DE DIEU","source":"Géoportail ANSTAT"}},{"type":"Feature","geometry":{"type":"Point","coordinates":[-4.817522999999937,5.488218000000074]},"properties":{"id":980,"nom":"ASSEMBLEE DE DIEU","type":"eglise","district_region":null,"departement_commune":null,"verifie":true,"name":"ASSEMBLEE DE DIEU","source":"Géoportail ANSTAT"}},{"type":"Feature","geometry":{"type":"Point","coordinates":[-4.859620999999947,5.512823000000026]},"properties":{"id":981,"nom":"ASSEMBLEE DE DIEU","type":"eglise","district_region":null,"departement_commune":null,"verifie":true,"name":"ASSEMBLEE DE DIEU","source":"Géoportail ANSTAT"}},{"type":"Feature","geometry":{"type":"Point","coordinates":[-4.699772999999936,5.493848000000071]},"properties":{"id":982,"nom":"ASSEMBLEE DE DIEU","type":"eglise","district_region":null,"departement_commune":null,"verifie":true,"name":"ASSEMBLEE DE DIEU","source":"Géoportail ANSTAT"}},{"type":"Feature","geometry":{"type":"Point","coordinates":[-4.899712999999963,5.391301000000055]},"properties":{"id":983,"nom":"ASSEMBLEE DE DIEU","type":"eglise","district_region":null,"departement_commune":null,"verifie":true,"name":"ASSEMBLEE DE DIEU","source":"Géoportail ANSTAT"}},{"type":"Feature","geometry":{"type":"Point","coordinates":[-4.900959999999941,5.412776000000065]},"properties":{"id":984,"nom":"ASSEMBLEE DE DIEU DE GOLYKRO","type":"eglise","district_region":null,"departement_commune":null,"verifie":true,"name":"ASSEMBLEE DE DIEU DE GOLYKRO","source":"Géoportail ANSTAT"}},{"type":"Feature","geometry":{"type":"Point","coordinates":[-5.006224999999972,5.293784000000073]},"properties":{"id":985,"nom":"ASSEMBLEE DE DIEU","type":"eglise","district_region":null,"departement_commune":null,"verifie":true,"name":"ASSEMBLEE DE DIEU","source":"Géoportail ANSTAT"}},{"type":"Feature","geometry":{"type":"Point","coordinates":[-5.410356999999976,5.217198000000053]},"properties":{"id":986,"nom":"ASSEMBLEE DE DIEU","type":"eglise","district_region":null,"departement_commune":null,"verifie":true,"name":"ASSEMBLEE DE DIEU","source":"Géoportail ANSTAT"}},{"type":"Feature","geometry":{"type":"Point","coordinates":[-5.148260999999934,5.214338000000055]},"properties":{"id":987,"nom":"ASSEMBLEE DE DIEU","type":"eglise","district_region":null,"departement_commune":null,"verifie":true,"name":"ASSEMBLEE DE DIEU","source":"Géoportail ANSTAT"}},{"type":"Feature","geometry":{"type":"Point","coordinates":[-4.534870999999953,5.538491000000022]},"properties":{"id":988,"nom":"ASSEMBLEE DE DIEU","type":"eglise","district_region":null,"departement_commune":null,"verifie":true,"name":"ASSEMBLEE DE DIEU","source":"Géoportail ANSTAT"}},{"type":"Feature","geometry":{"type":"Point","coordinates":[-4.598304999999925,5.426700000000039]},"properties":{"id":989,"nom":"ASSEMBLEE DE DIEU","type":"eglise","district_region":null,"departement_commune":null,"verifie":true,"name":"ASSEMBLEE DE DIEU","source":"Géoportail ANSTAT"}},{"type":"Feature","geometry":{"type":"Point","coordinates":[-4.577325999999971,5.466340000000059]},"properties":{"id":990,"nom":"ASSEMBME DE DIEU","type":"eglise","district_region":null,"departement_commune":null,"verifie":true,"name":"ASSEMBME DE DIEU","source":"Géoportail ANSTAT"}},{"type":"Feature","geometry":{"type":"Point","coordinates":[-4.540264999999977,5.417343000000074]},"properties":{"id":991,"nom":"ASSEMBLEE DE DIEU","type":"eglise","district_region":null,"departement_commune":null,"verifie":true,"name":"ASSEMBLEE DE DIEU","source":"Géoportail ANSTAT"}},{"type":"Feature","geometry":{"type":"Point","coordinates":[-4.509552999999926,5.480083000000036]},"properties":{"id":992,"nom":"ASSEMBLEES DE DIEU","type":"eglise","district_region":null,"departement_commune":null,"verifie":true,"name":"ASSEMBLEES DE DIEU","source":"Géoportail ANSTAT"}},{"type":"Feature","geometry":{"type":"Point","coordinates":[-4.469769999999926,5.428204000000051]},"properties":{"id":993,"nom":"ASSEMBLEE DE DIEU","type":"eglise","district_region":null,"departement_commune":null,"verifie":true,"name":"ASSEMBLEE DE DIEU","source":"Géoportail ANSTAT"}},{"type":"Feature","geometry":{"type":"Point","coordinates":[-4.367674999999963,5.434018000000037]},"properties":{"id":994,"nom":"ASSEMBLEE DE DIEU","type":"eglise","district_region":null,"departement_commune":null,"verifie":true,"name":"ASSEMBLEE DE DIEU","source":"Géoportail ANSTAT"}},{"type":"Feature","geometry":{"type":"Point","coordinates":[-4.356330999999955,5.324411000000055]},"properties":{"id":995,"nom":"ASSEMBLEES DE DIEU","type":"eglise","district_region":null,"departement_commune":null,"verifie":true,"name":"ASSEMBLEES DE DIEU","source":"Géoportail ANSTAT"}},{"type":"Feature","geometry":{"type":"Point","coordinates":[-4.374136999999962,5.302769000000069]},"properties":{"id":996,"nom":"ASSEMBLEE DE DIEU","type":"eglise","district_region":null,"departement_commune":null,"verifie":true,"name":"ASSEMBLEE DE DIEU","source":"Géoportail ANSTAT"}},{"type":"Feature","geometry":{"type":"Point","coordinates":[-4.36254299999996,5.315091000000052]},"properties":{"id":997,"nom":"ASSEMBLEES DE DIEU","type":"eglise","district_region":null,"departement_commune":null,"verifie":true,"name":"ASSEMBLEES DE DIEU","source":"Géoportail ANSTAT"}},{"type":"Feature","geometry":{"type":"Point","coordinates":[-4.659665999999959,5.356624000000068]},"properties":{"id":998,"nom":"ASSEMBLEE DE DIEU","type":"eglise","district_region":null,"departement_commune":null,"verifie":true,"name":"ASSEMBLEE DE DIEU","source":"Géoportail ANSTAT"}},{"type":"Feature","geometry":{"type":"Point","coordinates":[-4.384571999999935,5.318475000000035]},"properties":{"id":999,"nom":"ASSEMBLEES DE DIEU","type":"eglise","district_region":null,"departement_commune":null,"verifie":true,"name":"ASSEMBLEES DE DIEU","source":"Géoportail ANSTAT"}},{"type":"Feature","geometry":{"type":"Point","coordinates":[-4.363471999999945,5.322819000000038]},"properties":{"id":1000,"nom":"ASSEMBLEES DE DIEU","type":"eglise","district_region":null,"departement_commune":null,"verifie":true,"name":"ASSEMBLEES DE DIEU","source":"Géoportail ANSTAT"}},{"type":"Feature","geometry":{"type":"Point","coordinates":[-4.374728999999945,5.315886000000035]},"properties":{"id":1001,"nom":"ASSEMBLEES DE DIEU DE COTE D IVOIRE","type":"eglise","district_region":null,"departement_commune":null,"verifie":true,"name":"ASSEMBLEES DE DIEU DE COTE D IVOIRE","source":"Géoportail ANSTAT"}},{"type":"Feature","geometry":{"type":"Point","coordinates":[-5.060773999999981,5.452452000000051]},"properties":{"id":1002,"nom":"ASSEMBLEE DE DIEU","type":"eglise","district_region":null,"departement_commune":null,"verifie":true,"name":"ASSEMBLEE DE DIEU","source":"Géoportail ANSTAT"}},{"type":"Feature","geometry":{"type":"Point","coordinates":[-4.981667999999956,5.43879400000003]},"properties":{"id":1003,"nom":"ASSEMBLEE DE DIEU","type":"eglise","district_region":null,"departement_commune":null,"verifie":true,"name":"ASSEMBLEE DE DIEU","source":"Géoportail ANSTAT"}},{"type":"Feature","geometry":{"type":"Point","coordinates":[-5.756938999999932,6.195887000000027]},"properties":{"id":1004,"nom":"ASSEMBLEES DE DIEU","type":"eglise","district_region":null,"departement_commune":null,"verifie":true,"name":"ASSEMBLEES DE DIEU","source":"Géoportail ANSTAT"}},{"type":"Feature","geometry":{"type":"Point","coordinates":[-5.779386999999929,6.077760000000069]},"properties":{"id":1005,"nom":"ASSEMBLEE DE DIEU","type":"eglise","district_region":null,"departement_commune":null,"verifie":true,"name":"ASSEMBLEE DE DIEU","source":"Géoportail ANSTAT"}},{"type":"Feature","geometry":{"type":"Point","coordinates":[-5.794250999999974,6.043001000000061]},"properties":{"id":1006,"nom":"ASSEMBLEE DE DIEU","type":"eglise","district_region":null,"departement_commune":null,"verifie":true,"name":"ASSEMBLEE DE DIEU","source":"Géoportail ANSTAT"}},{"type":"Feature","geometry":{"type":"Point","coordinates":[-5.863068999999939,6.087983000000065]},"properties":{"id":1007,"nom":"ASSEMBLEE DE DIEU","type":"eglise","district_region":null,"departement_commune":null,"verifie":true,"name":"ASSEMBLEE DE DIEU","source":"Géoportail ANSTAT"}},{"type":"Feature","geometry":{"type":"Point","coordinates":[-5.887124999999969,6.098615000000052]},"properties":{"id":1008,"nom":"ASSEMBLEE DE DIEU","type":"eglise","district_region":null,"departement_commune":null,"verifie":true,"name":"ASSEMBLEE DE DIEU","source":"Géoportail ANSTAT"}},{"type":"Feature","geometry":{"type":"Point","coordinates":[-5.937614999999937,5.942992000000061]},"properties":{"id":1009,"nom":"ASSEMBLEE DE DIEU","type":"eglise","district_region":null,"departement_commune":null,"verifie":true,"name":"ASSEMBLEE DE DIEU","source":"Géoportail ANSTAT"}},{"type":"Feature","geometry":{"type":"Point","coordinates":[-5.946479999999951,6.156075000000044]},"properties":{"id":1010,"nom":"ASSEMBLEE MISSIONAIRE EVANGILIQUE POUR LES NATIONS","type":"eglise","district_region":null,"departement_commune":null,"verifie":true,"name":"ASSEMBLEE MISSIONAIRE EVANGILIQUE POUR LES NATIONS","source":"Géoportail ANSTAT"}},{"type":"Feature","geometry":{"type":"Point","coordinates":[-6.060103999999967,5.98761200000007]},"properties":{"id":1011,"nom":"ASSEMBLEE DE DIEU","type":"eglise","district_region":null,"departement_commune":null,"verifie":true,"name":"ASSEMBLEE DE DIEU","source":"Géoportail ANSTAT"}},{"type":"Feature","geometry":{"type":"Point","coordinates":[-6.069265999999971,6.083090000000027]},"properties":{"id":1012,"nom":"ASSEMBLEE DE DIEU","type":"eglise","district_region":null,"departement_commune":null,"verifie":true,"name":"ASSEMBLEE DE DIEU","source":"Géoportail ANSTAT"}},{"type":"Feature","geometry":{"type":"Point","coordinates":[-6.115814999999941,5.897893000000067]},"properties":{"id":1013,"nom":"ASSEMBLEE DE DIEU","type":"eglise","district_region":null,"departement_commune":null,"verifie":true,"name":"ASSEMBLEE DE DIEU","source":"Géoportail ANSTAT"}},{"type":"Feature","geometry":{"type":"Point","coordinates":[-6.133844999999951,6.097018000000048]},"properties":{"id":1014,"nom":"ASSEMBLEE DE DIEU","type":"eglise","district_region":null,"departement_commune":null,"verifie":true,"name":"ASSEMBLEE DE DIEU","source":"Géoportail ANSTAT"}},{"type":"Feature","geometry":{"type":"Point","coordinates":[-6.152462999999955,5.923938000000021]},"properties":{"id":1015,"nom":"ASSEMBLEES DE DIEU","type":"eglise","district_region":null,"departement_commune":null,"verifie":true,"name":"ASSEMBLEES DE DIEU","source":"Géoportail ANSTAT"}},{"type":"Feature","geometry":{"type":"Point","coordinates":[-5.925866999999926,6.112617000000057]},"properties":{"id":1016,"nom":"ASSEMBLEE DE DIEU SOGEFIHA DE SOGEFIHA","type":"eglise","district_region":null,"departement_commune":null,"verifie":true,"name":"ASSEMBLEE DE DIEU SOGEFIHA DE SOGEFIHA","source":"Géoportail ANSTAT"}},{"type":"Feature","geometry":{"type":"Point","coordinates":[-6.136080999999933,6.289244000000053]},"properties":{"id":1017,"nom":"ASSEMBLEE DE DIEU","type":"eglise","district_region":null,"departement_commune":null,"verifie":true,"name":"ASSEMBLEE DE DIEU","source":"Géoportail ANSTAT"}},{"type":"Feature","geometry":{"type":"Point","coordinates":[-6.242657999999949,6.132543000000055]},"properties":{"id":1018,"nom":"ASSEMBLEES  DE DIEU DE BASSEHOA","type":"eglise","district_region":null,"departement_commune":null,"verifie":true,"name":"ASSEMBLEES  DE DIEU DE BASSEHOA","source":"Géoportail ANSTAT"}},{"type":"Feature","geometry":{"type":"Point","coordinates":[-6.249221999999975,6.148972000000072]},"properties":{"id":1019,"nom":"ASSEMBLEE DE DIEU","type":"eglise","district_region":null,"departement_commune":null,"verifie":true,"name":"ASSEMBLEE DE DIEU","source":"Géoportail ANSTAT"}},{"type":"Feature","geometry":{"type":"Point","coordinates":[-6.274763999999948,6.292103000000054]},"properties":{"id":1020,"nom":"ASSEMBLEES DE DIEU","type":"eglise","district_region":null,"departement_commune":null,"verifie":true,"name":"ASSEMBLEES DE DIEU","source":"Géoportail ANSTAT"}},{"type":"Feature","geometry":{"type":"Point","coordinates":[-5.824799999999925,6.267949000000044]},"properties":{"id":1021,"nom":"ASSEMBLEE DE DIEU","type":"eglise","district_region":null,"departement_commune":null,"verifie":true,"name":"ASSEMBLEE DE DIEU","source":"Géoportail ANSTAT"}},{"type":"Feature","geometry":{"type":"Point","coordinates":[-5.838682999999946,6.246310000000051]},"properties":{"id":1022,"nom":"ASSEMBLEE DE DIEU","type":"eglise","district_region":null,"departement_commune":null,"verifie":true,"name":"ASSEMBLEE DE DIEU","source":"Géoportail ANSTAT"}},{"type":"Feature","geometry":{"type":"Point","coordinates":[-5.893737999999928,6.212660000000028]},"properties":{"id":1023,"nom":"ASSEMBLEE DE DIEU","type":"eglise","district_region":null,"departement_commune":null,"verifie":true,"name":"ASSEMBLEE DE DIEU","source":"Géoportail ANSTAT"}},{"type":"Feature","geometry":{"type":"Point","coordinates":[-5.80453799999998,5.973964000000024]},"properties":{"id":1024,"nom":"ASSEMBLEE DE DIEU","type":"eglise","district_region":null,"departement_commune":null,"verifie":true,"name":"ASSEMBLEE DE DIEU","source":"Géoportail ANSTAT"}},{"type":"Feature","geometry":{"type":"Point","coordinates":[-5.370360999999946,6.409959000000072]},"properties":{"id":1025,"nom":"ASSEMBLEE DE DIEU DE LOUKOUKRO","type":"eglise","district_region":null,"departement_commune":null,"verifie":true,"name":"ASSEMBLEE DE DIEU DE LOUKOUKRO","source":"Géoportail ANSTAT"}},{"type":"Feature","geometry":{"type":"Point","coordinates":[-5.421524999999974,6.58716400000003]},"properties":{"id":1026,"nom":"ASSEMBLEE DE DIEU","type":"eglise","district_region":null,"departement_commune":null,"verifie":true,"name":"ASSEMBLEE DE DIEU","source":"Géoportail ANSTAT"}},{"type":"Feature","geometry":{"type":"Point","coordinates":[-5.702830999999946,6.476312000000064]},"properties":{"id":1027,"nom":"ASSEMBLEE DE DIEU DE GUEPAHUO","type":"eglise","district_region":null,"departement_commune":null,"verifie":true,"name":"ASSEMBLEE DE DIEU DE GUEPAHUO","source":"Géoportail ANSTAT"}},{"type":"Feature","geometry":{"type":"Point","coordinates":[-5.645231999999965,6.355409000000066]},"properties":{"id":1028,"nom":"ASSEMBLEE DE DIEU","type":"eglise","district_region":null,"departement_commune":null,"verifie":true,"name":"ASSEMBLEE DE DIEU","source":"Géoportail ANSTAT"}},{"type":"Feature","geometry":{"type":"Point","coordinates":[-6.084009999999978,5.140454000000034]},"properties":{"id":1029,"nom":"ASSEMBLEES DE DIEU","type":"eglise","district_region":null,"departement_commune":null,"verifie":true,"name":"ASSEMBLEES DE DIEU","source":"Géoportail ANSTAT"}},{"type":"Feature","geometry":{"type":"Point","coordinates":[-6.240164999999934,5.12902900000006]},"properties":{"id":1030,"nom":"ASSEMBLEE DE DIEU","type":"eglise","district_region":null,"departement_commune":null,"verifie":true,"name":"ASSEMBLEE DE DIEU","source":"Géoportail ANSTAT"}},{"type":"Feature","geometry":{"type":"Point","coordinates":[-6.262174999999957,5.064864000000057]},"properties":{"id":1031,"nom":"ASSEMBLEE DE DIEU","type":"eglise","district_region":null,"departement_commune":null,"verifie":true,"name":"ASSEMBLEE DE DIEU","source":"Géoportail ANSTAT"}},{"type":"Feature","geometry":{"type":"Point","coordinates":[-6.344601999999952,5.084669000000076]},"properties":{"id":1032,"nom":"ASSEMBLEE DE DIEU","type":"eglise","district_region":null,"departement_commune":null,"verifie":true,"name":"ASSEMBLEE DE DIEU","source":"Géoportail ANSTAT"}},{"type":"Feature","geometry":{"type":"Point","coordinates":[-6.151087999999959,5.035250000000076]},"properties":{"id":1033,"nom":"ASSEMBLEES DE DIEU","type":"eglise","district_region":null,"departement_commune":null,"verifie":true,"name":"ASSEMBLEES DE DIEU","source":"Géoportail ANSTAT"}},{"type":"Feature","geometry":{"type":"Point","coordinates":[-6.111677999999927,5.05539600000003]},"properties":{"id":1034,"nom":"ASSEMBLEES DE DIEU","type":"eglise","district_region":null,"departement_commune":null,"verifie":true,"name":"ASSEMBLEES DE DIEU","source":"Géoportail ANSTAT"}},{"type":"Feature","geometry":{"type":"Point","coordinates":[-6.14884399999994,4.915572000000054]},"properties":{"id":1035,"nom":"ASSEMBLEE DE DIEU","type":"eglise","district_region":null,"departement_commune":null,"verifie":true,"name":"ASSEMBLEE DE DIEU","source":"Géoportail ANSTAT"}},{"type":"Feature","geometry":{"type":"Point","coordinates":[-6.242285999999979,5.287631000000033]},"properties":{"id":1036,"nom":"ASSEMBLEE DE DIEU","type":"eglise","district_region":null,"departement_commune":null,"verifie":true,"name":"ASSEMBLEE DE DIEU","source":"Géoportail ANSTAT"}},{"type":"Feature","geometry":{"type":"Point","coordinates":[-6.057669999999973,5.266504000000054]},"properties":{"id":1037,"nom":"ASSEMBLEE DE DIEU","type":"eglise","district_region":null,"departement_commune":null,"verifie":true,"name":"ASSEMBLEE DE DIEU","source":"Géoportail ANSTAT"}},{"type":"Feature","geometry":{"type":"Point","coordinates":[-6.015628999999933,5.248378000000059]},"properties":{"id":1038,"nom":"ASSEMBLEE DE DIEU","type":"eglise","district_region":null,"departement_commune":null,"verifie":true,"name":"ASSEMBLEE DE DIEU","source":"Géoportail ANSTAT"}},{"type":"Feature","geometry":{"type":"Point","coordinates":[-5.975209999999947,5.313097000000027]},"properties":{"id":1039,"nom":"ASSEMBLEE DE DIEU","type":"eglise","district_region":null,"departement_commune":null,"verifie":true,"name":"ASSEMBLEE DE DIEU","source":"Géoportail ANSTAT"}},{"type":"Feature","geometry":{"type":"Point","coordinates":[-6.00085299999995,5.037451000000033]},"properties":{"id":1040,"nom":"ASSEMBLEE DE DIEU","type":"eglise","district_region":null,"departement_commune":null,"verifie":true,"name":"ASSEMBLEE DE DIEU","source":"Géoportail ANSTAT"}},{"type":"Feature","geometry":{"type":"Point","coordinates":[-6.08693599999998,5.175772000000052]},"properties":{"id":1041,"nom":"ASSEMBLEE DE DIEU","type":"eglise","district_region":null,"departement_commune":null,"verifie":true,"name":"ASSEMBLEE DE DIEU","source":"Géoportail ANSTAT"}},{"type":"Feature","geometry":{"type":"Point","coordinates":[-5.795260999999925,5.238371000000029]},"properties":{"id":1042,"nom":"ASSEMBLEE DE DIEU","type":"eglise","district_region":null,"departement_commune":null,"verifie":true,"name":"ASSEMBLEE DE DIEU","source":"Géoportail ANSTAT"}},{"type":"Feature","geometry":{"type":"Point","coordinates":[-5.917670999999928,5.271209000000056]},"properties":{"id":1043,"nom":"ASSEMBLEE DE DIEU","type":"eglise","district_region":null,"departement_commune":null,"verifie":true,"name":"ASSEMBLEE DE DIEU","source":"Géoportail ANSTAT"}},{"type":"Feature","geometry":{"type":"Point","coordinates":[-5.785995999999955,5.191337000000033]},"properties":{"id":1044,"nom":"ASSEMBLEES DE DIEU","type":"eglise","district_region":null,"departement_commune":null,"verifie":true,"name":"ASSEMBLEES DE DIEU","source":"Géoportail ANSTAT"}},{"type":"Feature","geometry":{"type":"Point","coordinates":[-5.586491999999964,5.109913000000063]},"properties":{"id":1045,"nom":"ASSEMBLEE DE DIEU","type":"eglise","district_region":null,"departement_commune":null,"verifie":true,"name":"ASSEMBLEE DE DIEU","source":"Géoportail ANSTAT"}},{"type":"Feature","geometry":{"type":"Point","coordinates":[-5.585692999999935,5.163393000000042]},"properties":{"id":1046,"nom":"ASSEMBLEE DE DIEU","type":"eglise","district_region":null,"departement_commune":null,"verifie":true,"name":"ASSEMBLEE DE DIEU","source":"Géoportail ANSTAT"}},{"type":"Feature","geometry":{"type":"Point","coordinates":[-5.448383999999976,5.382460000000037]},"properties":{"id":1047,"nom":"ASSEMBLEE DE DIEU","type":"eglise","district_region":null,"departement_commune":null,"verifie":true,"name":"ASSEMBLEE DE DIEU","source":"Géoportail ANSTAT"}},{"type":"Feature","geometry":{"type":"Point","coordinates":[-6.220736999999929,5.007957000000033]},"properties":{"id":1048,"nom":"ASSEMBLEES DE DIEU","type":"eglise","district_region":null,"departement_commune":null,"verifie":true,"name":"ASSEMBLEES DE DIEU","source":"Géoportail ANSTAT"}},{"type":"Feature","geometry":{"type":"Point","coordinates":[-4.791757999999959,7.070190000000025]},"properties":{"id":1049,"nom":"ASSEMBLEE DE DIEU","type":"eglise","district_region":null,"departement_commune":null,"verifie":true,"name":"ASSEMBLEE DE DIEU","source":"Géoportail ANSTAT"}},{"type":"Feature","geometry":{"type":"Point","coordinates":[-4.80332999999996,7.167144000000064]},"properties":{"id":1050,"nom":"ASSEMBLEE DE DIEU","type":"eglise","district_region":null,"departement_commune":null,"verifie":true,"name":"ASSEMBLEE DE DIEU","source":"Géoportail ANSTAT"}},{"type":"Feature","geometry":{"type":"Point","coordinates":[-4.815404999999942,6.413546000000053]},"properties":{"id":1051,"nom":"ASSEMBLEE DE DIEU","type":"eglise","district_region":null,"departement_commune":null,"verifie":true,"name":"ASSEMBLEE DE DIEU","source":"Géoportail ANSTAT"}},{"type":"Feature","geometry":{"type":"Point","coordinates":[-4.822247999999945,6.42732600000005]},"properties":{"id":1052,"nom":"ASSEMBLEE DE DIEU","type":"eglise","district_region":null,"departement_commune":null,"verifie":true,"name":"ASSEMBLEE DE DIEU","source":"Géoportail ANSTAT"}},{"type":"Feature","geometry":{"type":"Point","coordinates":[-4.820998999999972,6.402676000000042]},"properties":{"id":1053,"nom":"ASSEMBLEE DE DIEU","type":"eglise","district_region":null,"departement_commune":null,"verifie":true,"name":"ASSEMBLEE DE DIEU","source":"Géoportail ANSTAT"}},{"type":"Feature","geometry":{"type":"Point","coordinates":[-4.858818999999926,6.338825000000043]},"properties":{"id":1054,"nom":"ASSEMBLEES DE DIEU","type":"eglise","district_region":null,"departement_commune":null,"verifie":true,"name":"ASSEMBLEES DE DIEU","source":"Géoportail ANSTAT"}},{"type":"Feature","geometry":{"type":"Point","coordinates":[-4.869947999999965,7.273277000000064]},"properties":{"id":1055,"nom":"ASSEMBLEE DE DIEU","type":"eglise","district_region":null,"departement_commune":null,"verifie":true,"name":"ASSEMBLEE DE DIEU","source":"Géoportail ANSTAT"}},{"type":"Feature","geometry":{"type":"Point","coordinates":[-4.936771999999962,7.463654000000076]},"properties":{"id":1056,"nom":"ASSEMBLEE DE DIEU","type":"eglise","district_region":null,"departement_commune":null,"verifie":true,"name":"ASSEMBLEE DE DIEU","source":"Géoportail ANSTAT"}},{"type":"Feature","geometry":{"type":"Point","coordinates":[-4.955993999999976,6.559042000000034]},"properties":{"id":1057,"nom":"ASSEMBLEES DE DIEU","type":"eglise","district_region":null,"departement_commune":null,"verifie":true,"name":"ASSEMBLEES DE DIEU","source":"Géoportail ANSTAT"}},{"type":"Feature","geometry":{"type":"Point","coordinates":[-4.977056999999945,6.384614000000056]},"properties":{"id":1058,"nom":"ASSEMBLEE DE DIEU","type":"eglise","district_region":null,"departement_commune":null,"verifie":true,"name":"ASSEMBLEE DE DIEU","source":"Géoportail ANSTAT"}},{"type":"Feature","geometry":{"type":"Point","coordinates":[-4.976693999999952,6.48268900000005]},"properties":{"id":1059,"nom":"ASSEMBLEE DE DIEU","type":"eglise","district_region":null,"departement_commune":null,"verifie":true,"name":"ASSEMBLEE DE DIEU","source":"Géoportail ANSTAT"}},{"type":"Feature","geometry":{"type":"Point","coordinates":[-5.02211699999998,6.553349000000026]},"properties":{"id":1060,"nom":"ASSEMBLEE DE DIEU","type":"eglise","district_region":null,"departement_commune":null,"verifie":true,"name":"ASSEMBLEE DE DIEU","source":"Géoportail ANSTAT"}},{"type":"Feature","geometry":{"type":"Point","coordinates":[-5.014831999999956,6.385936000000072]},"properties":{"id":1061,"nom":"ASSEMBLEE DEDIEU","type":"eglise","district_region":null,"departement_commune":null,"verifie":true,"name":"ASSEMBLEE DEDIEU","source":"Géoportail ANSTAT"}},{"type":"Feature","geometry":{"type":"Point","coordinates":[-5.022159999999928,6.676049000000035]},"properties":{"id":1062,"nom":"ASSEMBLEE DE DIEU","type":"eglise","district_region":null,"departement_commune":null,"verifie":true,"name":"ASSEMBLEE DE DIEU","source":"Géoportail ANSTAT"}},{"type":"Feature","geometry":{"type":"Point","coordinates":[-5.066653999999971,6.482174000000043]},"properties":{"id":1063,"nom":"ASSEMBLEE DE DIEU","type":"eglise","district_region":null,"departement_commune":null,"verifie":true,"name":"ASSEMBLEE DE DIEU","source":"Géoportail ANSTAT"}},{"type":"Feature","geometry":{"type":"Point","coordinates":[-5.072039999999959,6.392419000000075]},"properties":{"id":1064,"nom":"ASSEMBLEE DE DIEU","type":"eglise","district_region":null,"departement_commune":null,"verifie":true,"name":"ASSEMBLEE DE DIEU","source":"Géoportail ANSTAT"}}],"metadata":{"dataset":"Eglise — ANSTAT","source":"Géoportail ANSTAT","theme":"Lieux de culte","verified":true,"apercu":"limité à 1000 entités"}}