{"type":"FeatureCollection","features":[{"type":"Feature","geometry":{"type":"Point","coordinates":[-5.359451999999976,7.066266000000041]},"properties":{"id":131374,"nom":"DISPENSAIRE SUIBONOU","type":"centre de santé urbain","district_region":null,"departement_commune":null,"verifie":true,"name":"DISPENSAIRE SUIBONOU","source":"Géoportail ANSTAT"}},{"type":"Feature","geometry":{"type":"Point","coordinates":[-3.169299999999964,7.808586000000048]},"properties":{"id":131376,"nom":"ACTION SANITAIRE RURALE","type":"centre de santé urbain","district_region":null,"departement_commune":null,"verifie":true,"name":"ACTION SANITAIRE RURALE","source":"Géoportail ANSTAT"}},{"type":"Feature","geometry":{"type":"Point","coordinates":[-5.419586999999979,5.759411000000057]},"properties":{"id":131378,"nom":"ACTION SANITAIRE RURALE","type":"centre de santé urbain","district_region":null,"departement_commune":null,"verifie":true,"name":"ACTION SANITAIRE RURALE","source":"Géoportail ANSTAT"}},{"type":"Feature","geometry":{"type":"Point","coordinates":[-3.518897999999979,5.284943000000055]},"properties":{"id":131379,"nom":"ACTION SANITAIRE RURAL","type":"centre de santé urbain","district_region":null,"departement_commune":null,"verifie":true,"name":"ACTION SANITAIRE RURAL","source":"Géoportail ANSTAT"}},{"type":"Feature","geometry":{"type":"Point","coordinates":[-8.19718899999998,7.294709000000068]},"properties":{"id":131380,"nom":"CENTRE DE SANTE RURAL DE DONGOUINE","type":"centre de santé urbain","district_region":null,"departement_commune":null,"verifie":true,"name":"CENTRE DE SANTE RURAL DE DONGOUINE","source":"Géoportail ANSTAT"}},{"type":"Feature","geometry":{"type":"Point","coordinates":[-5.432334999999966,6.969843000000026]},"properties":{"id":131381,"nom":"DISPENSAIRE RURAL D ATTRENOU","type":"centre de santé urbain","district_region":null,"departement_commune":null,"verifie":true,"name":"DISPENSAIRE RURAL D ATTRENOU","source":"Géoportail ANSTAT"}},{"type":"Feature","geometry":{"type":"Point","coordinates":[-5.639540999999952,5.527058000000068]},"properties":{"id":131384,"nom":"ANCIEN DISPENSAIRE DE KROUKROU","type":"centre de santé urbain","district_region":null,"departement_commune":null,"verifie":true,"name":"ANCIEN DISPENSAIRE DE KROUKROU","source":"Géoportail ANSTAT"}},{"type":"Feature","geometry":{"type":"Point","coordinates":[-5.142172999999957,6.535305000000051]},"properties":{"id":131385,"nom":"ANCIEN DISPENSAIRE","type":"centre de santé urbain","district_region":null,"departement_commune":null,"verifie":true,"name":"ANCIEN DISPENSAIRE","source":"Géoportail ANSTAT"}},{"type":"Feature","geometry":{"type":"Point","coordinates":[-6.830487999999946,8.488929000000041]},"properties":{"id":131386,"nom":"ANCIEN CENTRE DE SANTE DE KATO","type":"centre de santé urbain","district_region":null,"departement_commune":null,"verifie":true,"name":"ANCIEN CENTRE DE SANTE DE KATO","source":"Géoportail ANSTAT"}},{"type":"Feature","geometry":{"type":"Point","coordinates":[-5.329977999999926,6.998874000000058]},"properties":{"id":131392,"nom":"MATERNITE DE KONGOUANOU","type":"centre de santé urbain","district_region":null,"departement_commune":null,"verifie":true,"name":"MATERNITE DE KONGOUANOU","source":"Géoportail ANSTAT"}},{"type":"Feature","geometry":{"type":"Point","coordinates":[-5.04961899999995,6.805168000000037]},"properties":{"id":131400,"nom":"DISPENSAIRE DE LABOKRO","type":"centre de santé urbain","district_region":null,"departement_commune":null,"verifie":true,"name":"DISPENSAIRE DE LABOKRO","source":"Géoportail ANSTAT"}},{"type":"Feature","geometry":{"type":"Point","coordinates":[-5.328277999999955,7.003927000000033]},"properties":{"id":131401,"nom":"CENTRE DE SANTE DE KONGOUANOU","type":"centre de santé urbain","district_region":null,"departement_commune":null,"verifie":true,"name":"CENTRE DE SANTE DE KONGOUANOU","source":"Géoportail ANSTAT"}},{"type":"Feature","geometry":{"type":"Point","coordinates":[-5.244229999999959,7.067700000000059]},"properties":{"id":131402,"nom":"DIPENSAIRE TOUNZOUEBO","type":"centre de santé urbain","district_region":null,"departement_commune":null,"verifie":true,"name":"DIPENSAIRE TOUNZOUEBO","source":"Géoportail ANSTAT"}},{"type":"Feature","geometry":{"type":"Point","coordinates":[-5.256864999999948,6.847110000000043]},"properties":{"id":131415,"nom":"CENTRE  DE SANTE SAINTE FAMILLE","type":"centre de santé urbain","district_region":null,"departement_commune":null,"verifie":true,"name":"CENTRE  DE SANTE SAINTE FAMILLE","source":"Géoportail ANSTAT"}},{"type":"Feature","geometry":{"type":"Point","coordinates":[-5.26726199999996,6.954257000000041]},"properties":{"id":131416,"nom":"CENTRE DE SANTE RURAL DE LOLOBO","type":"centre de santé urbain","district_region":null,"departement_commune":null,"verifie":true,"name":"CENTRE DE SANTE RURAL DE LOLOBO","source":"Géoportail ANSTAT"}},{"type":"Feature","geometry":{"type":"Point","coordinates":[-5.16937299999995,6.94119500000005]},"properties":{"id":131419,"nom":"CENTRE DE SANTE RURALDE NZERE","type":"centre de santé urbain","district_region":null,"departement_commune":null,"verifie":true,"name":"CENTRE DE SANTE RURALDE NZERE","source":"Géoportail ANSTAT"}},{"type":"Feature","geometry":{"type":"Point","coordinates":[-5.304347999999948,6.844928000000039]},"properties":{"id":131420,"nom":"ASRU ACTION SANITAIRE RURALE","type":"centre de santé urbain","district_region":null,"departement_commune":null,"verifie":true,"name":"ASRU ACTION SANITAIRE RURALE","source":"Géoportail ANSTAT"}},{"type":"Feature","geometry":{"type":"Point","coordinates":[-5.485201999999958,6.912207000000024]},"properties":{"id":131421,"nom":"DISPENSAIRE RURAL DE TUMBOKRO","type":"centre de santé urbain","district_region":null,"departement_commune":null,"verifie":true,"name":"DISPENSAIRE RURAL DE TUMBOKRO","source":"Géoportail ANSTAT"}},{"type":"Feature","geometry":{"type":"Point","coordinates":[-5.382261999999969,6.84490500000004]},"properties":{"id":131425,"nom":"DISPENSAIRE RURAL DE SAHABO","type":"centre de santé urbain","district_region":null,"departement_commune":null,"verifie":true,"name":"DISPENSAIRE RURAL DE SAHABO","source":"Géoportail ANSTAT"}},{"type":"Feature","geometry":{"type":"Point","coordinates":[-5.117561999999964,6.773952000000065]},"properties":{"id":131426,"nom":"CSU ATTIEGOUAKRO","type":"centre de santé urbain","district_region":null,"departement_commune":null,"verifie":true,"name":"CSU ATTIEGOUAKRO","source":"Géoportail ANSTAT"}},{"type":"Feature","geometry":{"type":"Point","coordinates":[-5.280343999999957,6.888085000000046]},"properties":{"id":131428,"nom":"CENTRE DOPHTAMOLOGIE DE KAMI","type":"centre de santé urbain","district_region":null,"departement_commune":null,"verifie":true,"name":"CENTRE DOPHTAMOLOGIE DE KAMI","source":"Géoportail ANSTAT"}},{"type":"Feature","geometry":{"type":"Point","coordinates":[-3.102228999999966,7.706416000000047]},"properties":{"id":131433,"nom":"C3NTRE DE SANTE RURAL HENRI KONAN BEDIE","type":"centre de santé urbain","district_region":null,"departement_commune":null,"verifie":true,"name":"C3NTRE DE SANTE RURAL HENRI KONAN BEDIE","source":"Géoportail ANSTAT"}},{"type":"Feature","geometry":{"type":"Point","coordinates":[-6.848169999999925,6.551410000000033]},"properties":{"id":131440,"nom":"C S U CENTRE DE SANTE URBAINB D IBOGHUE","type":"centre de santé urbain","district_region":null,"departement_commune":null,"verifie":true,"name":"C S U CENTRE DE SANTE URBAINB D IBOGHUE","source":"Géoportail ANSTAT"}},{"type":"Feature","geometry":{"type":"Point","coordinates":[-7.316428999999971,4.67895900000002]},"properties":{"id":131450,"nom":"CASE RURAL","type":"centre de santé urbain","district_region":null,"departement_commune":null,"verifie":true,"name":"CASE RURAL","source":"Géoportail ANSTAT"}},{"type":"Feature","geometry":{"type":"Point","coordinates":[-5.521547999999939,9.308327000000077]},"properties":{"id":131451,"nom":"CASE DE SANTE RURAL ADP","type":"centre de santé urbain","district_region":null,"departement_commune":null,"verifie":true,"name":"CASE DE SANTE RURAL ADP","source":"Géoportail ANSTAT"}},{"type":"Feature","geometry":{"type":"Point","coordinates":[-6.844710999999961,5.779099000000031]},"properties":{"id":131452,"nom":"CASE DE SANTE RURAL","type":"centre de santé urbain","district_region":null,"departement_commune":null,"verifie":true,"name":"CASE DE SANTE RURAL","source":"Géoportail ANSTAT"}},{"type":"Feature","geometry":{"type":"Point","coordinates":[-5.168546999999933,6.975484000000051]},"properties":{"id":131454,"nom":"CENTRE DE SANTE RURAL MARIETOU SOW D ASSANOU","type":"centre de santé urbain","district_region":null,"departement_commune":null,"verifie":true,"name":"CENTRE DE SANTE RURAL MARIETOU SOW D ASSANOU","source":"Géoportail ANSTAT"}},{"type":"Feature","geometry":{"type":"Point","coordinates":[-5.201804999999979,6.886044000000027]},"properties":{"id":131455,"nom":"DISPENSAIRE RURALE ALLANGOUA MGBESSOU","type":"centre de santé urbain","district_region":null,"departement_commune":null,"verifie":true,"name":"DISPENSAIRE RURALE ALLANGOUA MGBESSOU","source":"Géoportail ANSTAT"}},{"type":"Feature","geometry":{"type":"Point","coordinates":[-5.329256999999927,6.87624500000004]},"properties":{"id":131456,"nom":"DISPENSAIRE RURAL DE NGATTAKRO","type":"centre de santé urbain","district_region":null,"departement_commune":null,"verifie":true,"name":"DISPENSAIRE RURAL DE NGATTAKRO","source":"Géoportail ANSTAT"}},{"type":"Feature","geometry":{"type":"Point","coordinates":[-5.405490999999927,6.882963000000075]},"properties":{"id":131457,"nom":"CENTRE DE SANTE DE ZATA","type":"centre de santé urbain","district_region":null,"departement_commune":null,"verifie":true,"name":"CENTRE DE SANTE DE ZATA","source":"Géoportail ANSTAT"}},{"type":"Feature","geometry":{"type":"Point","coordinates":[-6.926088999999934,4.805083000000025]},"properties":{"id":131459,"nom":"CENTRE","type":"centre de santé urbain","district_region":null,"departement_commune":null,"verifie":true,"name":"CENTRE","source":"Géoportail ANSTAT"}},{"type":"Feature","geometry":{"type":"Point","coordinates":[-7.406796999999926,4.682702000000063]},"properties":{"id":131460,"nom":"CENTRE DE  SANTE D IBOKE V2","type":"centre de santé urbain","district_region":null,"departement_commune":null,"verifie":true,"name":"CENTRE DE  SANTE D IBOKE V2","source":"Géoportail ANSTAT"}},{"type":"Feature","geometry":{"type":"Point","coordinates":[-6.964934999999969,4.70590500000003]},"properties":{"id":131462,"nom":"CENTRE  DE SANTE PRIVE  PRES DE LA STATION TOTAL DE YOUWASSO","type":"centre de santé urbain","district_region":null,"departement_commune":null,"verifie":true,"name":"CENTRE  DE SANTE PRIVE  PRES DE LA STATION TOTAL DE YOUWASSO","source":"Géoportail ANSTAT"}},{"type":"Feature","geometry":{"type":"Point","coordinates":[-6.04734499999995,10.00338600000003]},"properties":{"id":131463,"nom":"CENTRE CE SANTE DE KALOA","type":"centre de santé urbain","district_region":null,"departement_commune":null,"verifie":true,"name":"CENTRE CE SANTE DE KALOA","source":"Géoportail ANSTAT"}},{"type":"Feature","geometry":{"type":"Point","coordinates":[-5.963226999999961,9.36928000000006]},"properties":{"id":131464,"nom":"CENTRE DE  SANTE","type":"centre de santé urbain","district_region":null,"departement_commune":null,"verifie":true,"name":"CENTRE DE  SANTE","source":"Géoportail ANSTAT"}},{"type":"Feature","geometry":{"type":"Point","coordinates":[-5.882403999999951,9.336535000000026]},"properties":{"id":131465,"nom":"CENTRE  DE  SANTE","type":"centre de santé urbain","district_region":null,"departement_commune":null,"verifie":true,"name":"CENTRE  DE  SANTE","source":"Géoportail ANSTAT"}},{"type":"Feature","geometry":{"type":"Point","coordinates":[-5.428290999999945,9.627413000000049]},"properties":{"id":131466,"nom":"CENTRE DE  SANTE DE TIONGOFOLOKAHA","type":"centre de santé urbain","district_region":null,"departement_commune":null,"verifie":true,"name":"CENTRE DE  SANTE DE TIONGOFOLOKAHA","source":"Géoportail ANSTAT"}},{"type":"Feature","geometry":{"type":"Point","coordinates":[-6.638402999999926,5.437638000000049]},"properties":{"id":131467,"nom":"CENTRE COMMUNAUTAIRE DEBA SANTE DE KRAGUI","type":"centre de santé urbain","district_region":null,"departement_commune":null,"verifie":true,"name":"CENTRE COMMUNAUTAIRE DEBA SANTE DE KRAGUI","source":"Géoportail ANSTAT"}},{"type":"Feature","geometry":{"type":"Point","coordinates":[-6.599182999999925,5.776704000000052]},"properties":{"id":131468,"nom":"CDV CENTRE DE CONSEIL ET DEPISTAGE VOLONTAIRE","type":"centre de santé urbain","district_region":null,"departement_commune":null,"verifie":true,"name":"CDV CENTRE DE CONSEIL ET DEPISTAGE VOLONTAIRE","source":"Géoportail ANSTAT"}},{"type":"Feature","geometry":{"type":"Point","coordinates":[-7.629101999999932,6.911458000000039]},"properties":{"id":131469,"nom":"CE NTRE DE SANTE RURAL KAHIN","type":"centre de santé urbain","district_region":null,"departement_commune":null,"verifie":true,"name":"CE NTRE DE SANTE RURAL KAHIN","source":"Géoportail ANSTAT"}},{"type":"Feature","geometry":{"type":"Point","coordinates":[-5.812496999999951,6.172450000000026]},"properties":{"id":131470,"nom":"CENTRE CULTUREL","type":"centre de santé urbain","district_region":null,"departement_commune":null,"verifie":true,"name":"CENTRE CULTUREL","source":"Géoportail ANSTAT"}},{"type":"Feature","geometry":{"type":"Point","coordinates":[-6.340987999999925,6.271044000000074]},"properties":{"id":131472,"nom":"CENTRE DE CENTE","type":"centre de santé urbain","district_region":null,"departement_commune":null,"verifie":true,"name":"CENTRE DE CENTE","source":"Géoportail ANSTAT"}},{"type":"Feature","geometry":{"type":"Point","coordinates":[-6.059949999999958,5.332819000000029]},"properties":{"id":131473,"nom":"CENTRE  DE  SANTE","type":"centre de santé urbain","district_region":null,"departement_commune":null,"verifie":true,"name":"CENTRE  DE  SANTE","source":"Géoportail ANSTAT"}},{"type":"Feature","geometry":{"type":"Point","coordinates":[-5.966591999999935,5.190907000000038]},"properties":{"id":131474,"nom":"CENTRE DE CENTE ONG ADP","type":"centre de santé urbain","district_region":null,"departement_commune":null,"verifie":true,"name":"CENTRE DE CENTE ONG ADP","source":"Géoportail ANSTAT"}},{"type":"Feature","geometry":{"type":"Point","coordinates":[-3.439481999999941,7.944141000000059]},"properties":{"id":131475,"nom":"CENRRE DE SANTE RURAL DE NAMASSI","type":"centre de santé urbain","district_region":null,"departement_commune":null,"verifie":true,"name":"CENRRE DE SANTE RURAL DE NAMASSI","source":"Géoportail ANSTAT"}},{"type":"Feature","geometry":{"type":"Point","coordinates":[-3.446307999999931,8.22107600000004]},"properties":{"id":131476,"nom":"CENTRE  DE SANTE","type":"centre de santé urbain","district_region":null,"departement_commune":null,"verifie":true,"name":"CENTRE  DE SANTE","source":"Géoportail ANSTAT"}},{"type":"Feature","geometry":{"type":"Point","coordinates":[-5.752112999999952,6.995190000000036]},"properties":{"id":131477,"nom":"CENTRE  PRIVE DE SANTE LA COLOMBE","type":"centre de santé urbain","district_region":null,"departement_commune":null,"verifie":true,"name":"CENTRE  PRIVE DE SANTE LA COLOMBE","source":"Géoportail ANSTAT"}},{"type":"Feature","geometry":{"type":"Point","coordinates":[-5.80101099999996,6.564746000000071]},"properties":{"id":131478,"nom":"CENTRD DE SANTE URBAIN DD HUAFLA","type":"centre de santé urbain","district_region":null,"departement_commune":null,"verifie":true,"name":"CENTRD DE SANTE URBAIN DD HUAFLA","source":"Géoportail ANSTAT"}},{"type":"Feature","geometry":{"type":"Point","coordinates":[-5.031759999999963,7.72578100000004]},"properties":{"id":131479,"nom":"CENTRE COMMUNAUTAIREMOSSICARE","type":"centre de santé urbain","district_region":null,"departement_commune":null,"verifie":true,"name":"CENTRE COMMUNAUTAIREMOSSICARE","source":"Géoportail ANSTAT"}},{"type":"Feature","geometry":{"type":"Point","coordinates":[-5.082269999999937,7.745651000000066]},"properties":{"id":131480,"nom":"CENTRE  DE SANTE","type":"centre de santé urbain","district_region":null,"departement_commune":null,"verifie":true,"name":"CENTRE  DE SANTE","source":"Géoportail ANSTAT"}},{"type":"Feature","geometry":{"type":"Point","coordinates":[-7.472691999999938,5.87976800000007]},"properties":{"id":131482,"nom":"CENTRE  DE SANTE DE DAOBLY","type":"centre de santé urbain","district_region":null,"departement_commune":null,"verifie":true,"name":"CENTRE  DE SANTE DE DAOBLY","source":"Géoportail ANSTAT"}},{"type":"Feature","geometry":{"type":"Point","coordinates":[-7.423600999999962,6.311934000000065]},"properties":{"id":131483,"nom":"CENTE DE SANTE RURAL DE BEHEBO","type":"centre de santé urbain","district_region":null,"departement_commune":null,"verifie":true,"name":"CENTE DE SANTE RURAL DE BEHEBO","source":"Géoportail ANSTAT"}},{"type":"Feature","geometry":{"type":"Point","coordinates":[-6.474390999999969,6.880162000000041]},"properties":{"id":131484,"nom":"CENTRE  RELAIS DE SANTE COMMUNAUTAIRE DU QUARTIER SOLEIL 2","type":"centre de santé urbain","district_region":null,"departement_commune":null,"verifie":true,"name":"CENTRE  RELAIS DE SANTE COMMUNAUTAIRE DU QUARTIER SOLEIL 2","source":"Géoportail ANSTAT"}},{"type":"Feature","geometry":{"type":"Point","coordinates":[-4.635370999999964,5.889658000000054]},"properties":{"id":131486,"nom":"CENTRE DE COMMUNAUTAIRE DE NIAMAZRA","type":"centre de santé urbain","district_region":null,"departement_commune":null,"verifie":true,"name":"CENTRE DE COMMUNAUTAIRE DE NIAMAZRA","source":"Géoportail ANSTAT"}},{"type":"Feature","geometry":{"type":"Point","coordinates":[-5.053170999999963,5.769117000000051]},"properties":{"id":131487,"nom":"CENTRE  DE SANTE RURALE","type":"centre de santé urbain","district_region":null,"departement_commune":null,"verifie":true,"name":"CENTRE  DE SANTE RURALE","source":"Géoportail ANSTAT"}},{"type":"Feature","geometry":{"type":"Point","coordinates":[-6.258563999999978,9.713543000000072]},"properties":{"id":131488,"nom":"CENTRE CE SANTE DE TIASSO","type":"centre de santé urbain","district_region":null,"departement_commune":null,"verifie":true,"name":"CENTRE CE SANTE DE TIASSO","source":"Géoportail ANSTAT"}},{"type":"Feature","geometry":{"type":"Point","coordinates":[-3.506300999999951,6.740349000000037]},"properties":{"id":131489,"nom":"CENTRE ANTI TUBERCULEUX REGIONAL D ABENGOUROU","type":"centre de santé urbain","district_region":null,"departement_commune":null,"verifie":true,"name":"CENTRE ANTI TUBERCULEUX REGIONAL D ABENGOUROU","source":"Géoportail ANSTAT"}},{"type":"Feature","geometry":{"type":"Point","coordinates":[-3.503110999999933,5.571607000000029]},"properties":{"id":131490,"nom":"CENTRE  DE SANTE DE ALLOSSO 2","type":"centre de santé urbain","district_region":null,"departement_commune":null,"verifie":true,"name":"CENTRE  DE SANTE DE ALLOSSO 2","source":"Géoportail ANSTAT"}},{"type":"Feature","geometry":{"type":"Point","coordinates":[-3.76258299999995,6.563563000000045]},"properties":{"id":131491,"nom":"CENTRE  DE SANTE","type":"centre de santé urbain","district_region":null,"departement_commune":null,"verifie":true,"name":"CENTRE  DE SANTE","source":"Géoportail ANSTAT"}},{"type":"Feature","geometry":{"type":"Point","coordinates":[-3.88474199999996,6.379394000000048]},"properties":{"id":131493,"nom":"CENTRE D IMAGERIE SAINTE EMMA D AKOUPE","type":"centre de santé urbain","district_region":null,"departement_commune":null,"verifie":true,"name":"CENTRE D IMAGERIE SAINTE EMMA D AKOUPE","source":"Géoportail ANSTAT"}},{"type":"Feature","geometry":{"type":"Point","coordinates":[-3.745303999999976,5.208744000000024]},"properties":{"id":131494,"nom":"CENTRE D ESPOIR","type":"centre de santé urbain","district_region":null,"departement_commune":null,"verifie":true,"name":"CENTRE D ESPOIR","source":"Géoportail ANSTAT"}},{"type":"Feature","geometry":{"type":"Point","coordinates":[-7.599623999999949,7.267296000000044]},"properties":{"id":131495,"nom":"CENTE DE SANTE URBAIN DE BOGUINE","type":"centre de santé urbain","district_region":null,"departement_commune":null,"verifie":true,"name":"CENTE DE SANTE URBAIN DE BOGUINE","source":"Géoportail ANSTAT"}},{"type":"Feature","geometry":{"type":"Point","coordinates":[-8.158550999999932,6.88705600000003]},"properties":{"id":131496,"nom":"CENTRE DE CENTE RURAL DE KOUEPLEU","type":"centre de santé urbain","district_region":null,"departement_commune":null,"verifie":true,"name":"CENTRE DE CENTE RURAL DE KOUEPLEU","source":"Géoportail ANSTAT"}},{"type":"Feature","geometry":{"type":"Point","coordinates":[-7.617109999999968,7.738980000000026]},"properties":{"id":131497,"nom":"CENTRE DE CONSEIL ET SOINS AMBULATOIRES DE BIANKOUMA","type":"centre de santé urbain","district_region":null,"departement_commune":null,"verifie":true,"name":"CENTRE DE CONSEIL ET SOINS AMBULATOIRES DE BIANKOUMA","source":"Géoportail ANSTAT"}},{"type":"Feature","geometry":{"type":"Point","coordinates":[-5.470469999999978,6.872878000000071]},"properties":{"id":131498,"nom":"CENTRE DE SANTE RURALE  DE ZOUGOUNOU","type":"centre de santé urbain","district_region":null,"departement_commune":null,"verifie":true,"name":"CENTRE DE SANTE RURALE  DE ZOUGOUNOU","source":"Géoportail ANSTAT"}},{"type":"Feature","geometry":{"type":"Point","coordinates":[-4.750408999999934,9.10366300000004]},"properties":{"id":131499,"nom":"CENTRE DE SANTE DE SIDANA","type":"centre de santé urbain","district_region":null,"departement_commune":null,"verifie":true,"name":"CENTRE DE SANTE DE SIDANA","source":"Géoportail ANSTAT"}},{"type":"Feature","geometry":{"type":"Point","coordinates":[-4.787332999999933,9.27998400000007]},"properties":{"id":131500,"nom":"CENTRE DE SANTE","type":"centre de santé urbain","district_region":null,"departement_commune":null,"verifie":true,"name":"CENTRE DE SANTE","source":"Géoportail ANSTAT"}},{"type":"Feature","geometry":{"type":"Point","coordinates":[-4.714494999999943,9.440585000000056]},"properties":{"id":131501,"nom":"CENTRE DE SANTE DE SIKOLO","type":"centre de santé urbain","district_region":null,"departement_commune":null,"verifie":true,"name":"CENTRE DE SANTE DE SIKOLO","source":"Géoportail ANSTAT"}},{"type":"Feature","geometry":{"type":"Point","coordinates":[-4.910367999999949,9.461486000000036]},"properties":{"id":131502,"nom":"CENTRE DE SANTE DE KALAKALA","type":"centre de santé urbain","district_region":null,"departement_commune":null,"verifie":true,"name":"CENTRE DE SANTE DE KALAKALA","source":"Géoportail ANSTAT"}},{"type":"Feature","geometry":{"type":"Point","coordinates":[-5.068528999999955,9.596375000000023]},"properties":{"id":131503,"nom":"CENTRE DE SANTE DE LAFOPKOKAHA","type":"centre de santé urbain","district_region":null,"departement_commune":null,"verifie":true,"name":"CENTRE DE SANTE DE LAFOPKOKAHA","source":"Géoportail ANSTAT"}},{"type":"Feature","geometry":{"type":"Point","coordinates":[-5.122150999999974,9.634621000000038]},"properties":{"id":131504,"nom":"CENTRE DE SANTE DE KOUSSOROKAHA","type":"centre de santé urbain","district_region":null,"departement_commune":null,"verifie":true,"name":"CENTRE DE SANTE DE KOUSSOROKAHA","source":"Géoportail ANSTAT"}},{"type":"Feature","geometry":{"type":"Point","coordinates":[-5.630757999999958,9.89966000000004]},"properties":{"id":131505,"nom":"CENTRE DE SANTE DE KOROKARA","type":"centre de santé urbain","district_region":null,"departement_commune":null,"verifie":true,"name":"CENTRE DE SANTE DE KOROKARA","source":"Géoportail ANSTAT"}},{"type":"Feature","geometry":{"type":"Point","coordinates":[-5.628520999999978,9.90534100000002]},"properties":{"id":131506,"nom":"CENTRE DE SANTE DE KOROKARA","type":"centre de santé urbain","district_region":null,"departement_commune":null,"verifie":true,"name":"CENTRE DE SANTE DE KOROKARA","source":"Géoportail ANSTAT"}},{"type":"Feature","geometry":{"type":"Point","coordinates":[-5.161531999999966,9.952765000000056]},"properties":{"id":131507,"nom":"CENTRE DE SANTE","type":"centre de santé urbain","district_region":null,"departement_commune":null,"verifie":true,"name":"CENTRE DE SANTE","source":"Géoportail ANSTAT"}},{"type":"Feature","geometry":{"type":"Point","coordinates":[-5.578889999999944,10.00434800000005]},"properties":{"id":131508,"nom":"CENTRE DE SANTE DE KOFIPLE","type":"centre de santé urbain","district_region":null,"departement_commune":null,"verifie":true,"name":"CENTRE DE SANTE DE KOFIPLE","source":"Géoportail ANSTAT"}},{"type":"Feature","geometry":{"type":"Point","coordinates":[-5.075068999999928,10.15763400000003]},"properties":{"id":131509,"nom":"CENTRE DE SANTE DE LALERABA","type":"centre de santé urbain","district_region":null,"departement_commune":null,"verifie":true,"name":"CENTRE DE SANTE DE LALERABA","source":"Géoportail ANSTAT"}},{"type":"Feature","geometry":{"type":"Point","coordinates":[-5.691660999999954,10.15710100000007]},"properties":{"id":131510,"nom":"CENTRE DE SANTE DE NALOGO","type":"centre de santé urbain","district_region":null,"departement_commune":null,"verifie":true,"name":"CENTRE DE SANTE DE NALOGO","source":"Géoportail ANSTAT"}},{"type":"Feature","geometry":{"type":"Point","coordinates":[-5.235167999999931,10.30933500000003]},"properties":{"id":131511,"nom":"CENTRE DE SANTE DE KADARVOGO","type":"centre de santé urbain","district_region":null,"departement_commune":null,"verifie":true,"name":"CENTRE DE SANTE DE KADARVOGO","source":"Géoportail ANSTAT"}},{"type":"Feature","geometry":{"type":"Point","coordinates":[-5.621331999999938,10.19649500000003]},"properties":{"id":131512,"nom":"CENTRE DE SANTE DE NIELE","type":"centre de santé urbain","district_region":null,"departement_commune":null,"verifie":true,"name":"CENTRE DE SANTE DE NIELE","source":"Géoportail ANSTAT"}},{"type":"Feature","geometry":{"type":"Point","coordinates":[-5.191348999999946,9.61757300000005]},"properties":{"id":131513,"nom":"CENTRE DE SANTE COMMUNAUTAIRE  ONG RPS","type":"centre de santé urbain","district_region":null,"departement_commune":null,"verifie":true,"name":"CENTRE DE SANTE COMMUNAUTAIRE  ONG RPS","source":"Géoportail ANSTAT"}},{"type":"Feature","geometry":{"type":"Point","coordinates":[-5.189962999999977,9.597545000000023]},"properties":{"id":131514,"nom":"CENTRE DE SANTE DE RAPHA ANTENE DE FERKE","type":"centre de santé urbain","district_region":null,"departement_commune":null,"verifie":true,"name":"CENTRE DE SANTE DE RAPHA ANTENE DE FERKE","source":"Géoportail ANSTAT"}},{"type":"Feature","geometry":{"type":"Point","coordinates":[-6.729227999999978,4.75977400000005]},"properties":{"id":131515,"nom":"CENTRE DE SANTE  LA VIE DE BABA","type":"centre de santé urbain","district_region":null,"departement_commune":null,"verifie":true,"name":"CENTRE DE SANTE  LA VIE DE BABA","source":"Géoportail ANSTAT"}},{"type":"Feature","geometry":{"type":"Point","coordinates":[-6.767202999999938,4.932604000000026]},"properties":{"id":131516,"nom":"CENTRE DE SANTE  RURAL DE WATTE","type":"centre de santé urbain","district_region":null,"departement_commune":null,"verifie":true,"name":"CENTRE DE SANTE  RURAL DE WATTE","source":"Géoportail ANSTAT"}},{"type":"Feature","geometry":{"type":"Point","coordinates":[-7.218644999999981,4.652462000000071]},"properties":{"id":131517,"nom":"CENTRE DE SANTE DE DJIHIMBO","type":"centre de santé urbain","district_region":null,"departement_commune":null,"verifie":true,"name":"CENTRE DE SANTE DE DJIHIMBO","source":"Géoportail ANSTAT"}},{"type":"Feature","geometry":{"type":"Point","coordinates":[-7.090159999999969,4.677333000000033]},"properties":{"id":131518,"nom":"CENTRE DE SANTE  DE LA ZONE CENTRAL DE LA SOCIETE SOGB","type":"centre de santé urbain","district_region":null,"departement_commune":null,"verifie":true,"name":"CENTRE DE SANTE  DE LA ZONE CENTRAL DE LA SOCIETE SOGB","source":"Géoportail ANSTAT"}},{"type":"Feature","geometry":{"type":"Point","coordinates":[-6.537901999999974,5.25244600000002]},"properties":{"id":131519,"nom":"CENTRE DE SANTE","type":"centre de santé urbain","district_region":null,"departement_commune":null,"verifie":true,"name":"CENTRE DE SANTE","source":"Géoportail ANSTAT"}},{"type":"Feature","geometry":{"type":"Point","coordinates":[-6.746626999999933,5.053285000000074]},"properties":{"id":131520,"nom":"CENTRE DE SANTE DE GAGNY","type":"centre de santé urbain","district_region":null,"departement_commune":null,"verifie":true,"name":"CENTRE DE SANTE DE GAGNY","source":"Géoportail ANSTAT"}},{"type":"Feature","geometry":{"type":"Point","coordinates":[-7.019249999999943,5.099040000000059]},"properties":{"id":131521,"nom":"CENTRE DE SANTE COMMUNAUTAIRE DE 2 CARREFOURS","type":"centre de santé urbain","district_region":null,"departement_commune":null,"verifie":true,"name":"CENTRE DE SANTE COMMUNAUTAIRE DE 2 CARREFOURS","source":"Géoportail ANSTAT"}},{"type":"Feature","geometry":{"type":"Point","coordinates":[-7.065638999999976,4.746269000000041]},"properties":{"id":131522,"nom":"CENTRE DE SANTE DE KAKO 3","type":"centre de santé urbain","district_region":null,"departement_commune":null,"verifie":true,"name":"CENTRE DE SANTE DE KAKO 3","source":"Géoportail ANSTAT"}},{"type":"Feature","geometry":{"type":"Point","coordinates":[-7.278089999999963,4.512766000000056]},"properties":{"id":131523,"nom":"CENTRE DE SANTE DE MENEKE","type":"centre de santé urbain","district_region":null,"departement_commune":null,"verifie":true,"name":"CENTRE DE SANTE DE MENEKE","source":"Géoportail ANSTAT"}},{"type":"Feature","geometry":{"type":"Point","coordinates":[-7.459455999999932,4.370850000000075]},"properties":{"id":131524,"nom":"CENTRE DE SANTE DE SOUBLAKE","type":"centre de santé urbain","district_region":null,"departement_commune":null,"verifie":true,"name":"CENTRE DE SANTE DE SOUBLAKE","source":"Géoportail ANSTAT"}},{"type":"Feature","geometry":{"type":"Point","coordinates":[-6.349341999999979,4.90981400000004]},"properties":{"id":131525,"nom":"CENTRE DE SANTE COMMUNAUTAIRE DE MOUSSADOUGOU","type":"centre de santé urbain","district_region":null,"departement_commune":null,"verifie":true,"name":"CENTRE DE SANTE COMMUNAUTAIRE DE MOUSSADOUGOU","source":"Géoportail ANSTAT"}},{"type":"Feature","geometry":{"type":"Point","coordinates":[-6.68314399999997,4.766044000000022]},"properties":{"id":131526,"nom":"CENTRE DE SANTE COMMUNAUTAIRE ET DE SUPERVISION CATHEDRALE","type":"centre de santé urbain","district_region":null,"departement_commune":null,"verifie":true,"name":"CENTRE DE SANTE COMMUNAUTAIRE ET DE SUPERVISION CATHEDRALE","source":"Géoportail ANSTAT"}},{"type":"Feature","geometry":{"type":"Point","coordinates":[-6.989463999999941,4.60250300000007]},"properties":{"id":131527,"nom":"CENTRE DE SANTE BADIKE","type":"centre de santé urbain","district_region":null,"departement_commune":null,"verifie":true,"name":"CENTRE DE SANTE BADIKE","source":"Géoportail ANSTAT"}},{"type":"Feature","geometry":{"type":"Point","coordinates":[-5.782971999999972,9.390571000000024]},"properties":{"id":131528,"nom":"CENTRE DE SANTE DE DASSOUMGBOHO","type":"centre de santé urbain","district_region":null,"departement_commune":null,"verifie":true,"name":"CENTRE DE SANTE DE DASSOUMGBOHO","source":"Géoportail ANSTAT"}},{"type":"Feature","geometry":{"type":"Point","coordinates":[-6.08100399999995,8.951997000000063]},"properties":{"id":131529,"nom":"CENTRE DE SANTE DE NOUFRE","type":"centre de santé urbain","district_region":null,"departement_commune":null,"verifie":true,"name":"CENTRE DE SANTE DE NOUFRE","source":"Géoportail ANSTAT"}},{"type":"Feature","geometry":{"type":"Point","coordinates":[-6.062566999999945,9.094487000000072]},"properties":{"id":131530,"nom":"CENTRE DE SANTE DE KIERE","type":"centre de santé urbain","district_region":null,"departement_commune":null,"verifie":true,"name":"CENTRE DE SANTE DE KIERE","source":"Géoportail ANSTAT"}},{"type":"Feature","geometry":{"type":"Point","coordinates":[-6.128988999999933,10.14625900000004]},"properties":{"id":131531,"nom":"CENTRE DE SANTE DE KATOGO","type":"centre de santé urbain","district_region":null,"departement_commune":null,"verifie":true,"name":"CENTRE DE SANTE DE KATOGO","source":"Géoportail ANSTAT"}},{"type":"Feature","geometry":{"type":"Point","coordinates":[-5.867115999999953,10.22029400000002]},"properties":{"id":131532,"nom":"CENTRE DE SANTE DE BOUGOU","type":"centre de santé urbain","district_region":null,"departement_commune":null,"verifie":true,"name":"CENTRE DE SANTE DE BOUGOU","source":"Géoportail ANSTAT"}},{"type":"Feature","geometry":{"type":"Point","coordinates":[-5.774363999999935,9.446218000000044]},"properties":{"id":131533,"nom":"CENTRE DE SANTE DE PIGNON","type":"centre de santé urbain","district_region":null,"departement_commune":null,"verifie":true,"name":"CENTRE DE SANTE DE PIGNON","source":"Géoportail ANSTAT"}},{"type":"Feature","geometry":{"type":"Point","coordinates":[-5.651025999999945,9.477742000000037]},"properties":{"id":131534,"nom":"CENTRE DE SANTE COMMUNAUTAIRE BETHEL","type":"centre de santé urbain","district_region":null,"departement_commune":null,"verifie":true,"name":"CENTRE DE SANTE COMMUNAUTAIRE BETHEL","source":"Géoportail ANSTAT"}},{"type":"Feature","geometry":{"type":"Point","coordinates":[-5.646489999999972,9.482653000000028]},"properties":{"id":131535,"nom":"CENTRE DE SANTE COMMUNAUTAIRE ONG ACID","type":"centre de santé urbain","district_region":null,"departement_commune":null,"verifie":true,"name":"CENTRE DE SANTE COMMUNAUTAIRE ONG ACID","source":"Géoportail ANSTAT"}},{"type":"Feature","geometry":{"type":"Point","coordinates":[-5.643325999999945,9.475707000000057]},"properties":{"id":131536,"nom":"CENTRE DE SANTE COMMUNITAIRE DE SONZORIBOUGOU","type":"centre de santé urbain","district_region":null,"departement_commune":null,"verifie":true,"name":"CENTRE DE SANTE COMMUNITAIRE DE SONZORIBOUGOU","source":"Géoportail ANSTAT"}},{"type":"Feature","geometry":{"type":"Point","coordinates":[-5.653282999999931,9.606099000000029]},"properties":{"id":131538,"nom":"CENTRE DE SANTE DE SOHOUO","type":"centre de santé urbain","district_region":null,"departement_commune":null,"verifie":true,"name":"CENTRE DE SANTE DE SOHOUO","source":"Géoportail ANSTAT"}},{"type":"Feature","geometry":{"type":"Point","coordinates":[-5.578179999999975,9.469369000000029]},"properties":{"id":131539,"nom":"CENTRE DE SANTE DE KLOKAKAHA","type":"centre de santé urbain","district_region":null,"departement_commune":null,"verifie":true,"name":"CENTRE DE SANTE DE KLOKAKAHA","source":"Géoportail ANSTAT"}},{"type":"Feature","geometry":{"type":"Point","coordinates":[-5.504035999999928,9.581788000000074]},"properties":{"id":131540,"nom":"CENTRE DE SANTE","type":"centre de santé urbain","district_region":null,"departement_commune":null,"verifie":true,"name":"CENTRE DE SANTE","source":"Géoportail ANSTAT"}},{"type":"Feature","geometry":{"type":"Point","coordinates":[-5.468800999999928,9.628745000000038]},"properties":{"id":131541,"nom":"CENTRE DE SANTE","type":"centre de santé urbain","district_region":null,"departement_commune":null,"verifie":true,"name":"CENTRE DE SANTE","source":"Géoportail ANSTAT"}},{"type":"Feature","geometry":{"type":"Point","coordinates":[-5.711205999999947,9.20505600000007]},"properties":{"id":131542,"nom":"CENTRE DE SANTE","type":"centre de santé urbain","district_region":null,"departement_commune":null,"verifie":true,"name":"CENTRE DE SANTE","source":"Géoportail ANSTAT"}},{"type":"Feature","geometry":{"type":"Point","coordinates":[-5.902826999999945,8.796407000000045]},"properties":{"id":131543,"nom":"CENTRE DE SANTE DE FARAKORO","type":"centre de santé urbain","district_region":null,"departement_commune":null,"verifie":true,"name":"CENTRE DE SANTE DE FARAKORO","source":"Géoportail ANSTAT"}},{"type":"Feature","geometry":{"type":"Point","coordinates":[-5.727019999999925,9.095041000000036]},"properties":{"id":131544,"nom":"CENTRE DE SANTE DE NERKENE","type":"centre de santé urbain","district_region":null,"departement_commune":null,"verifie":true,"name":"CENTRE DE SANTE DE NERKENE","source":"Géoportail ANSTAT"}},{"type":"Feature","geometry":{"type":"Point","coordinates":[-5.762790999999936,8.828774000000067]},"properties":{"id":131545,"nom":"CENTRE DE SANTE DE OUAMESSIONAKAHA","type":"centre de santé urbain","district_region":null,"departement_commune":null,"verifie":true,"name":"CENTRE DE SANTE DE OUAMESSIONAKAHA","source":"Géoportail ANSTAT"}},{"type":"Feature","geometry":{"type":"Point","coordinates":[-5.458673999999974,9.60995200000002]},"properties":{"id":131546,"nom":"CENTRE DE SANTE DE NAKOURGO","type":"centre de santé urbain","district_region":null,"departement_commune":null,"verifie":true,"name":"CENTRE DE SANTE DE NAKOURGO","source":"Géoportail ANSTAT"}},{"type":"Feature","geometry":{"type":"Point","coordinates":[-5.363905999999929,9.53309900000005]},"properties":{"id":131547,"nom":"CENTRE DE SANTE DE LOKAHA 2","type":"centre de santé urbain","district_region":null,"departement_commune":null,"verifie":true,"name":"CENTRE DE SANTE DE LOKAHA 2","source":"Géoportail ANSTAT"}},{"type":"Feature","geometry":{"type":"Point","coordinates":[-5.423355999999956,9.544762000000048]},"properties":{"id":131548,"nom":"CENTRE DE SANTE DE OUOLO","type":"centre de santé urbain","district_region":null,"departement_commune":null,"verifie":true,"name":"CENTRE DE SANTE DE OUOLO","source":"Géoportail ANSTAT"}},{"type":"Feature","geometry":{"type":"Point","coordinates":[-5.402469999999937,9.395147000000064]},"properties":{"id":131549,"nom":"CENTRE DE SANTE DE KAGBOLODOUGOU","type":"centre de santé urbain","district_region":null,"departement_commune":null,"verifie":true,"name":"CENTRE DE SANTE DE KAGBOLODOUGOU","source":"Géoportail ANSTAT"}},{"type":"Feature","geometry":{"type":"Point","coordinates":[-5.422672999999975,9.490766000000065]},"properties":{"id":131550,"nom":"CENTRE DE SANTE DE PEGUEKAHA","type":"centre de santé urbain","district_region":null,"departement_commune":null,"verifie":true,"name":"CENTRE DE SANTE DE PEGUEKAHA","source":"Géoportail ANSTAT"}},{"type":"Feature","geometry":{"type":"Point","coordinates":[-5.39614899999998,9.57774500000005]},"properties":{"id":131551,"nom":"CENTRE DE SANTE DE SINEMATIALI","type":"centre de santé urbain","district_region":null,"departement_commune":null,"verifie":true,"name":"CENTRE DE SANTE DE SINEMATIALI","source":"Géoportail ANSTAT"}},{"type":"Feature","geometry":{"type":"Point","coordinates":[-5.696661999999947,8.942692000000022]},"properties":{"id":131552,"nom":"CENTRE DE SANTE","type":"centre de santé urbain","district_region":null,"departement_commune":null,"verifie":true,"name":"CENTRE DE SANTE","source":"Géoportail ANSTAT"}},{"type":"Feature","geometry":{"type":"Point","coordinates":[-5.426632999999981,9.330547000000024]},"properties":{"id":131553,"nom":"CENTRE DE SANTE DE KOMBORODOUGOU","type":"centre de santé urbain","district_region":null,"departement_commune":null,"verifie":true,"name":"CENTRE DE SANTE DE KOMBORODOUGOU","source":"Géoportail ANSTAT"}},{"type":"Feature","geometry":{"type":"Point","coordinates":[-5.587630999999931,9.289150000000063]},"properties":{"id":131554,"nom":"CENTRE DE SANTE DE NAPIE","type":"centre de santé urbain","district_region":null,"departement_commune":null,"verifie":true,"name":"CENTRE DE SANTE DE NAPIE","source":"Géoportail ANSTAT"}},{"type":"Feature","geometry":{"type":"Point","coordinates":[-5.651137999999946,9.651385000000062]},"properties":{"id":131555,"nom":"CENTRE DE SANTE DE TAWARA","type":"centre de santé urbain","district_region":null,"departement_commune":null,"verifie":true,"name":"CENTRE DE SANTE DE TAWARA","source":"Géoportail ANSTAT"}},{"type":"Feature","geometry":{"type":"Point","coordinates":[-6.590089999999975,5.271212000000048]},"properties":{"id":131556,"nom":"CENTRE DE SANTE DE RAYMONKRO","type":"centre de santé urbain","district_region":null,"departement_commune":null,"verifie":true,"name":"CENTRE DE SANTE DE RAYMONKRO","source":"Géoportail ANSTAT"}},{"type":"Feature","geometry":{"type":"Point","coordinates":[-6.549548999999956,5.399951000000044]},"properties":{"id":131557,"nom":"CENTRE DE SANTE COMMUNAUTAIRE  COEUR NIKAMO","type":"centre de santé urbain","district_region":null,"departement_commune":null,"verifie":true,"name":"CENTRE DE SANTE COMMUNAUTAIRE  COEUR NIKAMO","source":"Géoportail ANSTAT"}},{"type":"Feature","geometry":{"type":"Point","coordinates":[-6.356303999999966,5.995603000000074]},"properties":{"id":131558,"nom":"CENTRE DE SANTE COMMUNAUTAIRE BINKADI","type":"centre de santé urbain","district_region":null,"departement_commune":null,"verifie":true,"name":"CENTRE DE SANTE COMMUNAUTAIRE BINKADI","source":"Géoportail ANSTAT"}},{"type":"Feature","geometry":{"type":"Point","coordinates":[-6.437788999999952,5.782032000000072]},"properties":{"id":131559,"nom":"CENTRE DE SANTE","type":"centre de santé urbain","district_region":null,"departement_commune":null,"verifie":true,"name":"CENTRE DE SANTE","source":"Géoportail ANSTAT"}},{"type":"Feature","geometry":{"type":"Point","coordinates":[-6.33253899999994,5.680614000000048]},"properties":{"id":131560,"nom":"CENTRE DE SANTE COMMUNAUTAIRE DE TAYO","type":"centre de santé urbain","district_region":null,"departement_commune":null,"verifie":true,"name":"CENTRE DE SANTE COMMUNAUTAIRE DE TAYO","source":"Géoportail ANSTAT"}},{"type":"Feature","geometry":{"type":"Point","coordinates":[-6.370607999999947,5.624623000000042]},"properties":{"id":131561,"nom":"CENTRE DE SANTE DE TOLLAKRO","type":"centre de santé urbain","district_region":null,"departement_commune":null,"verifie":true,"name":"CENTRE DE SANTE DE TOLLAKRO","source":"Géoportail ANSTAT"}},{"type":"Feature","geometry":{"type":"Point","coordinates":[-6.485853999999961,5.779261000000076]},"properties":{"id":131562,"nom":"CENTRE DE SANTE DE KPAD1","type":"centre de santé urbain","district_region":null,"departement_commune":null,"verifie":true,"name":"CENTRE DE SANTE DE KPAD1","source":"Géoportail ANSTAT"}},{"type":"Feature","geometry":{"type":"Point","coordinates":[-7.093086999999969,6.193314000000044]},"properties":{"id":131563,"nom":"CENTRE DE SANTE D ASSISTANCE DE SOINS MEDICAUX ADK","type":"centre de santé urbain","district_region":null,"departement_commune":null,"verifie":true,"name":"CENTRE DE SANTE D ASSISTANCE DE SOINS MEDICAUX ADK","source":"Géoportail ANSTAT"}},{"type":"Feature","geometry":{"type":"Point","coordinates":[-6.181435999999962,5.77317800000003]},"properties":{"id":131564,"nom":"CENTRE DE SANTE DE LAZAREKRO","type":"centre de santé urbain","district_region":null,"departement_commune":null,"verifie":true,"name":"CENTRE DE SANTE DE LAZAREKRO","source":"Géoportail ANSTAT"}},{"type":"Feature","geometry":{"type":"Point","coordinates":[-6.584124999999972,5.786291000000062]},"properties":{"id":131565,"nom":"CENTRE DE SANTE CAUMUNAUTAIRE","type":"centre de santé urbain","district_region":null,"departement_commune":null,"verifie":true,"name":"CENTRE DE SANTE CAUMUNAUTAIRE","source":"Géoportail ANSTAT"}},{"type":"Feature","geometry":{"type":"Point","coordinates":[-4.380833999999936,6.462456000000032]},"properties":{"id":131566,"nom":"CENTRE DE SANTE DE ASSOUMOUKRO","type":"centre de santé urbain","district_region":null,"departement_commune":null,"verifie":true,"name":"CENTRE DE SANTE DE ASSOUMOUKRO","source":"Géoportail ANSTAT"}},{"type":"Feature","geometry":{"type":"Point","coordinates":[-4.408076999999935,6.492766000000074]},"properties":{"id":131567,"nom":"CENTRE DE SANTE DE DIEKADIOKRO","type":"centre de santé urbain","district_region":null,"departement_commune":null,"verifie":true,"name":"CENTRE DE SANTE DE DIEKADIOKRO","source":"Géoportail ANSTAT"}},{"type":"Feature","geometry":{"type":"Point","coordinates":[-4.135931999999968,6.69616300000007]},"properties":{"id":131568,"nom":"CENTRE DE FORMATION ANADER","type":"centre de santé urbain","district_region":null,"departement_commune":null,"verifie":true,"name":"CENTRE DE FORMATION ANADER","source":"Géoportail ANSTAT"}},{"type":"Feature","geometry":{"type":"Point","coordinates":[-4.252054999999928,6.747924000000069]},"properties":{"id":131569,"nom":"CENTRE DE SANTE DE ASSIE ASSASSO","type":"centre de santé urbain","district_region":null,"departement_commune":null,"verifie":true,"name":"CENTRE DE SANTE DE ASSIE ASSASSO","source":"Géoportail ANSTAT"}},{"type":"Feature","geometry":{"type":"Point","coordinates":[-4.292026999999962,6.700252000000035]},"properties":{"id":131570,"nom":"CENTRE DE SANTE DE BANABO","type":"centre de santé urbain","district_region":null,"departement_commune":null,"verifie":true,"name":"CENTRE DE SANTE DE BANABO","source":"Géoportail ANSTAT"}},{"type":"Feature","geometry":{"type":"Point","coordinates":[-4.157247999999925,6.752094000000056]},"properties":{"id":131571,"nom":"CENTRE DE SANTE DE N GUINOU","type":"centre de santé urbain","district_region":null,"departement_commune":null,"verifie":true,"name":"CENTRE DE SANTE DE N GUINOU","source":"Géoportail ANSTAT"}},{"type":"Feature","geometry":{"type":"Point","coordinates":[-4.079289999999958,6.861338000000046]},"properties":{"id":131572,"nom":"CENTRE DE SANTE DE AGBOSSOU","type":"centre de santé urbain","district_region":null,"departement_commune":null,"verifie":true,"name":"CENTRE DE SANTE DE AGBOSSOU","source":"Géoportail ANSTAT"}},{"type":"Feature","geometry":{"type":"Point","coordinates":[-4.266392999999937,6.671099000000027]},"properties":{"id":131573,"nom":"CENTRE DE SANTE DE TANOSSO","type":"centre de santé urbain","district_region":null,"departement_commune":null,"verifie":true,"name":"CENTRE DE SANTE DE TANOSSO","source":"Géoportail ANSTAT"}},{"type":"Feature","geometry":{"type":"Point","coordinates":[-7.326468999999975,7.273340000000076]},"properties":{"id":131574,"nom":"CENTRE DE SANTE DE GUINGLO","type":"centre de santé urbain","district_region":null,"departement_commune":null,"verifie":true,"name":"CENTRE DE SANTE DE GUINGLO","source":"Géoportail ANSTAT"}},{"type":"Feature","geometry":{"type":"Point","coordinates":[-7.34662499999996,7.428152000000068]},"properties":{"id":131575,"nom":"CENTRE DE SANTE DE KONTROU","type":"centre de santé urbain","district_region":null,"departement_commune":null,"verifie":true,"name":"CENTRE DE SANTE DE KONTROU","source":"Géoportail ANSTAT"}},{"type":"Feature","geometry":{"type":"Point","coordinates":[-7.455744999999979,7.377114000000063]},"properties":{"id":131576,"nom":"CENTRE DE SANTE DE SEABLY","type":"centre de santé urbain","district_region":null,"departement_commune":null,"verifie":true,"name":"CENTRE DE SANTE DE SEABLY","source":"Géoportail ANSTAT"}},{"type":"Feature","geometry":{"type":"Point","coordinates":[-7.468005999999946,7.357709000000057]},"properties":{"id":131577,"nom":"CENTRE DE SANTE DE GBADROU","type":"centre de santé urbain","district_region":null,"departement_commune":null,"verifie":true,"name":"CENTRE DE SANTE DE GBADROU","source":"Géoportail ANSTAT"}},{"type":"Feature","geometry":{"type":"Point","coordinates":[-7.401429999999948,7.40893600000004]},"properties":{"id":131578,"nom":"CENTRE DE SANTE DE TIEDROU","type":"centre de santé urbain","district_region":null,"departement_commune":null,"verifie":true,"name":"CENTRE DE SANTE DE TIEDROU","source":"Géoportail ANSTAT"}},{"type":"Feature","geometry":{"type":"Point","coordinates":[-7.879071999999951,6.849060000000065]},"properties":{"id":131579,"nom":"CENTRE DE SANTE DE TOMIMPLEU","type":"centre de santé urbain","district_region":null,"departement_commune":null,"verifie":true,"name":"CENTRE DE SANTE DE TOMIMPLEU","source":"Géoportail ANSTAT"}},{"type":"Feature","geometry":{"type":"Point","coordinates":[-7.469757999999956,7.119091000000026]},"properties":{"id":131580,"nom":"CENTRE DE SA TE URBAIN DE ZEO","type":"centre de santé urbain","district_region":null,"departement_commune":null,"verifie":true,"name":"CENTRE DE SA TE URBAIN DE ZEO","source":"Géoportail ANSTAT"}},{"type":"Feature","geometry":{"type":"Point","coordinates":[-7.488894999999957,7.011544000000072]},"properties":{"id":131581,"nom":"CENTRE DE SANTE DE ONG ADP","type":"centre de santé urbain","district_region":null,"departement_commune":null,"verifie":true,"name":"CENTRE DE SANTE DE ONG ADP","source":"Géoportail ANSTAT"}},{"type":"Feature","geometry":{"type":"Point","coordinates":[-7.185512999999958,7.075623000000064]},"properties":{"id":131582,"nom":"CENTRE DE SANTE DE GUEZON TAHOUAKE","type":"centre de santé urbain","district_region":null,"departement_commune":null,"verifie":true,"name":"CENTRE DE SANTE DE GUEZON TAHOUAKE","source":"Géoportail ANSTAT"}},{"type":"Feature","geometry":{"type":"Point","coordinates":[-7.373080999999956,6.623440000000073]},"properties":{"id":131583,"nom":"CENTRE DE SANTE DE GLAHOU","type":"centre de santé urbain","district_region":null,"departement_commune":null,"verifie":true,"name":"CENTRE DE SANTE DE GLAHOU","source":"Géoportail ANSTAT"}},{"type":"Feature","geometry":{"type":"Point","coordinates":[-7.177744999999959,6.902045000000044]},"properties":{"id":131584,"nom":"CENTRE DE SANTE DE NIDROU","type":"centre de santé urbain","district_region":null,"departement_commune":null,"verifie":true,"name":"CENTRE DE SANTE DE NIDROU","source":"Géoportail ANSTAT"}},{"type":"Feature","geometry":{"type":"Point","coordinates":[-7.196385999999961,6.884410000000059]},"properties":{"id":131585,"nom":"CENTRE DE SANTE DE BAGOHOUO","type":"centre de santé urbain","district_region":null,"departement_commune":null,"verifie":true,"name":"CENTRE DE SANTE DE BAGOHOUO","source":"Géoportail ANSTAT"}},{"type":"Feature","geometry":{"type":"Point","coordinates":[-4.700822999999957,5.168535000000077]},"properties":{"id":131586,"nom":"CENTRE DE SANTE ADESSE","type":"centre de santé urbain","district_region":null,"departement_commune":null,"verifie":true,"name":"CENTRE DE SANTE ADESSE","source":"Géoportail ANSTAT"}},{"type":"Feature","geometry":{"type":"Point","coordinates":[-4.700550999999962,5.212814000000037]},"properties":{"id":131587,"nom":"CENTRE DE SANTE DE TEFREDJI","type":"centre de santé urbain","district_region":null,"departement_commune":null,"verifie":true,"name":"CENTRE DE SANTE DE TEFREDJI","source":"Géoportail ANSTAT"}},{"type":"Feature","geometry":{"type":"Point","coordinates":[-4.582802999999956,5.185320000000047]},"properties":{"id":131588,"nom":"CENTRE DE SANTE DE MBROKROU","type":"centre de santé urbain","district_region":null,"departement_commune":null,"verifie":true,"name":"CENTRE DE SANTE DE MBROKROU","source":"Géoportail ANSTAT"}},{"type":"Feature","geometry":{"type":"Point","coordinates":[-4.552788999999962,5.193891000000065]},"properties":{"id":131589,"nom":"CENTRE DE SANTE DE ADJUE","type":"centre de santé urbain","district_region":null,"departement_commune":null,"verifie":true,"name":"CENTRE DE SANTE DE ADJUE","source":"Géoportail ANSTAT"}},{"type":"Feature","geometry":{"type":"Point","coordinates":[-4.356025999999929,5.21298100000007]},"properties":{"id":131590,"nom":"CENTRE DE SANTE DE AKROU","type":"centre de santé urbain","district_region":null,"departement_commune":null,"verifie":true,"name":"CENTRE DE SANTE DE AKROU","source":"Géoportail ANSTAT"}},{"type":"Feature","geometry":{"type":"Point","coordinates":[-5.453251999999964,5.186449000000039]},"properties":{"id":131591,"nom":"CENTRE DE SANTE DE KROKROM","type":"centre de santé urbain","district_region":null,"departement_commune":null,"verifie":true,"name":"CENTRE DE SANTE DE KROKROM","source":"Géoportail ANSTAT"}},{"type":"Feature","geometry":{"type":"Point","coordinates":[-5.183987999999943,5.220009000000061]},"properties":{"id":131592,"nom":"CENTRE DE SANTE DE LIBOLI","type":"centre de santé urbain","district_region":null,"departement_commune":null,"verifie":true,"name":"CENTRE DE SANTE DE LIBOLI","source":"Géoportail ANSTAT"}},{"type":"Feature","geometry":{"type":"Point","coordinates":[-5.09307199999995,5.144321000000048]},"properties":{"id":131593,"nom":"CENTRE DE SANTE DE GROGUIDA V1","type":"centre de santé urbain","district_region":null,"departement_commune":null,"verifie":true,"name":"CENTRE DE SANTE DE GROGUIDA V1","source":"Géoportail ANSTAT"}},{"type":"Feature","geometry":{"type":"Point","coordinates":[-4.507063999999957,5.472962000000052]},"properties":{"id":131594,"nom":"CENTRE DE SANTE D AHOUYA","type":"centre de santé urbain","district_region":null,"departement_commune":null,"verifie":true,"name":"CENTRE DE SANTE D AHOUYA","source":"Géoportail ANSTAT"}},{"type":"Feature","geometry":{"type":"Point","coordinates":[-4.415883999999949,5.401944000000071]},"properties":{"id":131595,"nom":"CENTRE DE ORBAFF","type":"centre de santé urbain","district_region":null,"departement_commune":null,"verifie":true,"name":"CENTRE DE ORBAFF","source":"Géoportail ANSTAT"}},{"type":"Feature","geometry":{"type":"Point","coordinates":[-4.33982199999997,5.346003000000053]},"properties":{"id":131596,"nom":"CENTRE DE SANTE D ARMEBE","type":"centre de santé urbain","district_region":null,"departement_commune":null,"verifie":true,"name":"CENTRE DE SANTE D ARMEBE","source":"Géoportail ANSTAT"}},{"type":"Feature","geometry":{"type":"Point","coordinates":[-4.464829999999949,5.320436000000029]},"properties":{"id":131597,"nom":"CENTRE DE SANTE DE MOPOYEM","type":"centre de santé urbain","district_region":null,"departement_commune":null,"verifie":true,"name":"CENTRE DE SANTE DE MOPOYEM","source":"Géoportail ANSTAT"}},{"type":"Feature","geometry":{"type":"Point","coordinates":[-4.423168999999973,5.422259000000054]},"properties":{"id":131599,"nom":"CENTRE DE SANTE","type":"centre de santé urbain","district_region":null,"departement_commune":null,"verifie":true,"name":"CENTRE DE SANTE","source":"Géoportail ANSTAT"}},{"type":"Feature","geometry":{"type":"Point","coordinates":[-5.972784999999931,6.032661000000076]},"properties":{"id":131600,"nom":"CENTRE DE SA SANTE SAINTE RITA DE DODJAGNOA","type":"centre de santé urbain","district_region":null,"departement_commune":null,"verifie":true,"name":"CENTRE DE SA SANTE SAINTE RITA DE DODJAGNOA","source":"Géoportail ANSTAT"}},{"type":"Feature","geometry":{"type":"Point","coordinates":[-6.065311999999949,5.978940000000023]},"properties":{"id":131601,"nom":"CENTRE DE SANTE DE DIABOUO","type":"centre de santé urbain","district_region":null,"departement_commune":null,"verifie":true,"name":"CENTRE DE SANTE DE DIABOUO","source":"Géoportail ANSTAT"}},{"type":"Feature","geometry":{"type":"Point","coordinates":[-6.102323999999953,6.048423000000071]},"properties":{"id":131602,"nom":"CENTRE DE SANTE DE AHIZABRE","type":"centre de santé urbain","district_region":null,"departement_commune":null,"verifie":true,"name":"CENTRE DE SANTE DE AHIZABRE","source":"Géoportail ANSTAT"}},{"type":"Feature","geometry":{"type":"Point","coordinates":[-5.964068999999938,6.120432000000051]},"properties":{"id":131603,"nom":"CENTRE DE SANTE DE BAROUHIO","type":"centre de santé urbain","district_region":null,"departement_commune":null,"verifie":true,"name":"CENTRE DE SANTE DE BAROUHIO","source":"Géoportail ANSTAT"}},{"type":"Feature","geometry":{"type":"Point","coordinates":[-6.142009999999971,6.313437000000022]},"properties":{"id":131604,"nom":"CENTRE DE SANTE DE BELIEHOA","type":"centre de santé urbain","district_region":null,"departement_commune":null,"verifie":true,"name":"CENTRE DE SANTE DE BELIEHOA","source":"Géoportail ANSTAT"}},{"type":"Feature","geometry":{"type":"Point","coordinates":[-6.293987999999956,6.005339000000049]},"properties":{"id":131605,"nom":"CENTRE DE SANTE COMMUNAUTAIRE","type":"centre de santé urbain","district_region":null,"departement_commune":null,"verifie":true,"name":"CENTRE DE SANTE COMMUNAUTAIRE","source":"Géoportail ANSTAT"}},{"type":"Feature","geometry":{"type":"Point","coordinates":[-6.336593999999934,6.206588000000067]},"properties":{"id":131606,"nom":"CENTRE DE SANTE COMMUNAUTERE","type":"centre de santé urbain","district_region":null,"departement_commune":null,"verifie":true,"name":"CENTRE DE SANTE COMMUNAUTERE","source":"Géoportail ANSTAT"}},{"type":"Feature","geometry":{"type":"Point","coordinates":[-5.918144999999981,6.450537000000054]},"properties":{"id":131607,"nom":"CENTRE DE SANTE","type":"centre de santé urbain","district_region":null,"departement_commune":null,"verifie":true,"name":"CENTRE DE SANTE","source":"Géoportail ANSTAT"}},{"type":"Feature","geometry":{"type":"Point","coordinates":[-5.897990999999934,6.34653000000003]},"properties":{"id":131608,"nom":"CENTRE DE SANTE DE SIEGOUEKOU","type":"centre de santé urbain","district_region":null,"departement_commune":null,"verifie":true,"name":"CENTRE DE SANTE DE SIEGOUEKOU","source":"Géoportail ANSTAT"}},{"type":"Feature","geometry":{"type":"Point","coordinates":[-5.377893999999969,6.306145000000072]},"properties":{"id":131609,"nom":"CENTRE DE SANTE DE GABIA","type":"centre de santé urbain","district_region":null,"departement_commune":null,"verifie":true,"name":"CENTRE DE SANTE DE GABIA","source":"Géoportail ANSTAT"}},{"type":"Feature","geometry":{"type":"Point","coordinates":[-5.55888699999997,6.424628000000041]},"properties":{"id":131610,"nom":"CENTRE DE SANTE DE DOUKOUYA","type":"centre de santé urbain","district_region":null,"departement_commune":null,"verifie":true,"name":"CENTRE DE SANTE DE DOUKOUYA","source":"Géoportail ANSTAT"}},{"type":"Feature","geometry":{"type":"Point","coordinates":[-6.308891999999958,5.079597000000035]},"properties":{"id":131611,"nom":"CENTRE DE SANTE COMMUNAUTAIRE DE TATE VILLE","type":"centre de santé urbain","district_region":null,"departement_commune":null,"verifie":true,"name":"CENTRE DE SANTE COMMUNAUTAIRE DE TATE VILLE","source":"Géoportail ANSTAT"}},{"type":"Feature","geometry":{"type":"Point","coordinates":[-6.242637999999943,5.284583000000055]},"properties":{"id":131612,"nom":"CENTRE DE SANTE DE GAROUBOUE","type":"centre de santé urbain","district_region":null,"departement_commune":null,"verifie":true,"name":"CENTRE DE SANTE DE GAROUBOUE","source":"Géoportail ANSTAT"}},{"type":"Feature","geometry":{"type":"Point","coordinates":[-5.922200999999973,5.268628000000035]},"properties":{"id":131613,"nom":"CENTRE DE SANTE CATHOLIQUE","type":"centre de santé urbain","district_region":null,"departement_commune":null,"verifie":true,"name":"CENTRE DE SANTE CATHOLIQUE","source":"Géoportail ANSTAT"}},{"type":"Feature","geometry":{"type":"Point","coordinates":[-5.837445999999943,5.47741300000007]},"properties":{"id":131614,"nom":"CENTRE DE SANTE ADEBEM","type":"centre de santé urbain","district_region":null,"departement_commune":null,"verifie":true,"name":"CENTRE DE SANTE ADEBEM","source":"Géoportail ANSTAT"}},{"type":"Feature","geometry":{"type":"Point","coordinates":[-6.033162999999945,5.132967000000065]},"properties":{"id":131615,"nom":"CENTRE DE SANTE DE SAFA MANOIS","type":"centre de santé urbain","district_region":null,"departement_commune":null,"verifie":true,"name":"CENTRE DE SANTE DE SAFA MANOIS","source":"Géoportail ANSTAT"}},{"type":"Feature","geometry":{"type":"Point","coordinates":[-5.712184999999977,5.105129000000034]},"properties":{"id":131616,"nom":"CENTRE DE SANTE","type":"centre de santé urbain","district_region":null,"departement_commune":null,"verifie":true,"name":"CENTRE DE SANTE","source":"Géoportail ANSTAT"}},{"type":"Feature","geometry":{"type":"Point","coordinates":[-5.443541999999979,5.388734000000056]},"properties":{"id":131617,"nom":"CENTRE DE RURAL DE ZERIBERI","type":"centre de santé urbain","district_region":null,"departement_commune":null,"verifie":true,"name":"CENTRE DE RURAL DE ZERIBERI","source":"Géoportail ANSTAT"}},{"type":"Feature","geometry":{"type":"Point","coordinates":[-4.820779999999957,7.539413000000025]},"properties":{"id":131618,"nom":"CENTRE DE SANTE DE GBANGBOSSOU","type":"centre de santé urbain","district_region":null,"departement_commune":null,"verifie":true,"name":"CENTRE DE SANTE DE GBANGBOSSOU","source":"Géoportail ANSTAT"}},{"type":"Feature","geometry":{"type":"Point","coordinates":[-4.825138999999979,6.547171000000048]},"properties":{"id":131619,"nom":"CENTRE DE SANTE DE SAKASSOU","type":"centre de santé urbain","district_region":null,"departement_commune":null,"verifie":true,"name":"CENTRE DE SANTE DE SAKASSOU","source":"Géoportail ANSTAT"}},{"type":"Feature","geometry":{"type":"Point","coordinates":[-4.860111999999958,6.333956000000057]},"properties":{"id":131620,"nom":"CENTRE DE SANTE","type":"centre de santé urbain","district_region":null,"departement_commune":null,"verifie":true,"name":"CENTRE DE SANTE","source":"Géoportail ANSTAT"}},{"type":"Feature","geometry":{"type":"Point","coordinates":[-4.886116999999956,7.403060000000039]},"properties":{"id":131621,"nom":"CENTRE DE SANTE DE RAVIART","type":"centre de santé urbain","district_region":null,"departement_commune":null,"verifie":true,"name":"CENTRE DE SANTE DE RAVIART","source":"Géoportail ANSTAT"}},{"type":"Feature","geometry":{"type":"Point","coordinates":[-4.996634999999969,7.315502000000038]},"properties":{"id":131622,"nom":"CENTRE DE SANTE DE NGUYAKRO","type":"centre de santé urbain","district_region":null,"departement_commune":null,"verifie":true,"name":"CENTRE DE SANTE DE NGUYAKRO","source":"Géoportail ANSTAT"}},{"type":"Feature","geometry":{"type":"Point","coordinates":[-5.018908999999951,6.623247000000049]},"properties":{"id":131623,"nom":"CENTRE DE SANTE","type":"centre de santé urbain","district_region":null,"departement_commune":null,"verifie":true,"name":"CENTRE DE SANTE","source":"Géoportail ANSTAT"}},{"type":"Feature","geometry":{"type":"Point","coordinates":[-5.035867999999937,6.753075000000024]},"properties":{"id":131624,"nom":"CENTRE DE SANTE DE DJANGOMEOU","type":"centre de santé urbain","district_region":null,"departement_commune":null,"verifie":true,"name":"CENTRE DE SANTE DE DJANGOMEOU","source":"Géoportail ANSTAT"}},{"type":"Feature","geometry":{"type":"Point","coordinates":[-5.047503999999947,6.979015000000061]},"properties":{"id":131625,"nom":"CENTRE DE SANTE DE KOUA KOUASSIKRO","type":"centre de santé urbain","district_region":null,"departement_commune":null,"verifie":true,"name":"CENTRE DE SANTE DE KOUA KOUASSIKRO","source":"Géoportail ANSTAT"}},{"type":"Feature","geometry":{"type":"Point","coordinates":[-5.067674999999952,7.238460000000032]},"properties":{"id":131626,"nom":"CENTRE DE SANTE DE AKOI NDENOU","type":"centre de santé urbain","district_region":null,"departement_commune":null,"verifie":true,"name":"CENTRE DE SANTE DE AKOI NDENOU","source":"Géoportail ANSTAT"}},{"type":"Feature","geometry":{"type":"Point","coordinates":[-5.126203999999973,7.112854000000027]},"properties":{"id":131627,"nom":"CENTRE DE SANTE DE MINAMBO","type":"centre de santé urbain","district_region":null,"departement_commune":null,"verifie":true,"name":"CENTRE DE SANTE DE MINAMBO","source":"Géoportail ANSTAT"}},{"type":"Feature","geometry":{"type":"Point","coordinates":[-5.139006999999935,6.535698000000025]},"properties":{"id":131628,"nom":"CENTRE DE SANTE DE ASSINZE","type":"centre de santé urbain","district_region":null,"departement_commune":null,"verifie":true,"name":"CENTRE DE SANTE DE ASSINZE","source":"Géoportail ANSTAT"}},{"type":"Feature","geometry":{"type":"Point","coordinates":[-5.14309499999996,7.276046000000065]},"properties":{"id":131629,"nom":"CENTRE DE SANTE DE NGATTADOLIKRO","type":"centre de santé urbain","district_region":null,"departement_commune":null,"verifie":true,"name":"CENTRE DE SANTE DE NGATTADOLIKRO","source":"Géoportail ANSTAT"}},{"type":"Feature","geometry":{"type":"Point","coordinates":[-5.286465999999962,7.186499000000026]},"properties":{"id":131630,"nom":"CENTRE DE SANTE","type":"centre de santé urbain","district_region":null,"departement_commune":null,"verifie":true,"name":"CENTRE DE SANTE","source":"Géoportail ANSTAT"}},{"type":"Feature","geometry":{"type":"Point","coordinates":[-4.824315999999953,7.396901000000071]},"properties":{"id":131631,"nom":"CENTRE DE SANTE D ASSIHUE","type":"centre de santé urbain","district_region":null,"departement_commune":null,"verifie":true,"name":"CENTRE DE SANTE D ASSIHUE","source":"Géoportail ANSTAT"}},{"type":"Feature","geometry":{"type":"Point","coordinates":[-4.243728999999973,5.35384700000003]},"properties":{"id":131632,"nom":"CENTRE DE SANTE D AGBAN ATTIE 2","type":"centre de santé urbain","district_region":null,"departement_commune":null,"verifie":true,"name":"CENTRE DE SANTE D AGBAN ATTIE 2","source":"Géoportail ANSTAT"}},{"type":"Feature","geometry":{"type":"Point","coordinates":[-4.269765999999947,5.490684000000044]},"properties":{"id":131633,"nom":"CENTRE DE SANTE DE BAGO","type":"centre de santé urbain","district_region":null,"departement_commune":null,"verifie":true,"name":"CENTRE DE SANTE DE BAGO","source":"Géoportail ANSTAT"}},{"type":"Feature","geometry":{"type":"Point","coordinates":[-3.853766999999948,5.310941000000071]},"properties":{"id":131634,"nom":"CENTRE DE SANTE","type":"centre de santé urbain","district_region":null,"departement_commune":null,"verifie":true,"name":"CENTRE DE SANTE","source":"Géoportail ANSTAT"}},{"type":"Feature","geometry":{"type":"Point","coordinates":[-4.155234999999948,5.479366000000027]},"properties":{"id":131635,"nom":"CENTRE DE SANTE DE AKOUPE ZEUDJI","type":"centre de santé urbain","district_region":null,"departement_commune":null,"verifie":true,"name":"CENTRE DE SANTE DE AKOUPE ZEUDJI","source":"Géoportail ANSTAT"}},{"type":"Feature","geometry":{"type":"Point","coordinates":[-4.229587999999978,5.574975000000052]},"properties":{"id":131636,"nom":"CENTRE DE SANTE DE M PODY","type":"centre de santé urbain","district_region":null,"departement_commune":null,"verifie":true,"name":"CENTRE DE SANTE DE M PODY","source":"Géoportail ANSTAT"}},{"type":"Feature","geometry":{"type":"Point","coordinates":[-4.227461999999946,5.550847000000033]},"properties":{"id":131637,"nom":"CENTRE DE SANTE DE M BONOUA","type":"centre de santé urbain","district_region":null,"departement_commune":null,"verifie":true,"name":"CENTRE DE SANTE DE M BONOUA","source":"Géoportail ANSTAT"}},{"type":"Feature","geometry":{"type":"Point","coordinates":[-4.088204999999959,5.52601100000004]},"properties":{"id":131638,"nom":"CENTRE DE SANTE  RURAL D AZAGUIE BLIDA","type":"centre de santé urbain","district_region":null,"departement_commune":null,"verifie":true,"name":"CENTRE DE SANTE  RURAL D AZAGUIE BLIDA","source":"Géoportail ANSTAT"}},{"type":"Feature","geometry":{"type":"Point","coordinates":[-4.219423999999947,5.408829000000026]},"properties":{"id":131639,"nom":"CENTRE DE SANT RURAL D ADONKOI 2","type":"centre de santé urbain","district_region":null,"departement_commune":null,"verifie":true,"name":"CENTRE DE SANT RURAL D ADONKOI 2","source":"Géoportail ANSTAT"}},{"type":"Feature","geometry":{"type":"Point","coordinates":[-2.871012999999948,7.89645100000007]},"properties":{"id":131640,"nom":"CENTRE DE SANTE DAPPIMANDOUM","type":"centre de santé urbain","district_region":null,"departement_commune":null,"verifie":true,"name":"CENTRE DE SANTE DAPPIMANDOUM","source":"Géoportail ANSTAT"}},{"type":"Feature","geometry":{"type":"Point","coordinates":[-2.871143999999958,7.89658600000007]},"properties":{"id":131641,"nom":"CENTRE DE SANTE DE APPIMANDOUM","type":"centre de santé urbain","district_region":null,"departement_commune":null,"verifie":true,"name":"CENTRE DE SANTE DE APPIMANDOUM","source":"Géoportail ANSTAT"}},{"type":"Feature","geometry":{"type":"Point","coordinates":[-3.001188999999954,7.945246000000054]},"properties":{"id":131642,"nom":"CENTRE DE SANT DE KARAKO","type":"centre de santé urbain","district_region":null,"departement_commune":null,"verifie":true,"name":"CENTRE DE SANT DE KARAKO","source":"Géoportail ANSTAT"}},{"type":"Feature","geometry":{"type":"Point","coordinates":[-2.79739799999993,8.046597000000077]},"properties":{"id":131643,"nom":"CENTRE DE ECOUTE ET DE CONSEILS CREMOS","type":"centre de santé urbain","district_region":null,"departement_commune":null,"verifie":true,"name":"CENTRE DE ECOUTE ET DE CONSEILS CREMOS","source":"Géoportail ANSTAT"}},{"type":"Feature","geometry":{"type":"Point","coordinates":[-2.816520999999966,8.046645000000069]},"properties":{"id":131644,"nom":"CENTRE DE SANT URBAIN SAINTE MARIE","type":"centre de santé urbain","district_region":null,"departement_commune":null,"verifie":true,"name":"CENTRE DE SANT URBAIN SAINTE MARIE","source":"Géoportail ANSTAT"}},{"type":"Feature","geometry":{"type":"Point","coordinates":[-2.948318999999969,8.080534000000057]},"properties":{"id":131645,"nom":"CENTRE DE SANTE DE SEREOUDE","type":"centre de santé urbain","district_region":null,"departement_commune":null,"verifie":true,"name":"CENTRE DE SANTE DE SEREOUDE","source":"Géoportail ANSTAT"}},{"type":"Feature","geometry":{"type":"Point","coordinates":[-2.910228999999958,8.118833000000052]},"properties":{"id":131646,"nom":"CENTRE DE SANTE  RURAL HENRIETTE KONAN BEDIE","type":"centre de santé urbain","district_region":null,"departement_commune":null,"verifie":true,"name":"CENTRE DE SANTE  RURAL HENRIETTE KONAN BEDIE","source":"Géoportail ANSTAT"}},{"type":"Feature","geometry":{"type":"Point","coordinates":[-2.939322999999945,7.962120000000027]},"properties":{"id":131647,"nom":"CENTRE DE SANTE DE KOBOKO","type":"centre de santé urbain","district_region":null,"departement_commune":null,"verifie":true,"name":"CENTRE DE SANTE DE KOBOKO","source":"Géoportail ANSTAT"}},{"type":"Feature","geometry":{"type":"Point","coordinates":[-3.579189999999926,7.949226000000067]},"properties":{"id":131648,"nom":"CENTRE DE SANTE DE SANDEGUE","type":"centre de santé urbain","district_region":null,"departement_commune":null,"verifie":true,"name":"CENTRE DE SANTE DE SANDEGUE","source":"Géoportail ANSTAT"}},{"type":"Feature","geometry":{"type":"Point","coordinates":[-2.978341999999941,7.899238000000025]},"properties":{"id":131649,"nom":"CENTRE DE SANTE","type":"centre de santé urbain","district_region":null,"departement_commune":null,"verifie":true,"name":"CENTRE DE SANTE","source":"Géoportail ANSTAT"}},{"type":"Feature","geometry":{"type":"Point","coordinates":[-3.081874999999968,7.108948000000055]},"properties":{"id":131650,"nom":"CENTRE DE SANTE","type":"centre de santé urbain","district_region":null,"departement_commune":null,"verifie":true,"name":"CENTRE DE SANTE","source":"Géoportail ANSTAT"}},{"type":"Feature","geometry":{"type":"Point","coordinates":[-3.031492999999955,7.182191000000046]},"properties":{"id":131651,"nom":"CENTRE DE SANTE","type":"centre de santé urbain","district_region":null,"departement_commune":null,"verifie":true,"name":"CENTRE DE SANTE","source":"Géoportail ANSTAT"}},{"type":"Feature","geometry":{"type":"Point","coordinates":[-3.105668999999978,7.200963000000058]},"properties":{"id":131652,"nom":"CENTRE DE SANTE","type":"centre de santé urbain","district_region":null,"departement_commune":null,"verifie":true,"name":"CENTRE DE SANTE","source":"Géoportail ANSTAT"}},{"type":"Feature","geometry":{"type":"Point","coordinates":[-2.960368999999957,7.240334000000075]},"properties":{"id":131653,"nom":"CENTRE DE SANTE","type":"centre de santé urbain","district_region":null,"departement_commune":null,"verifie":true,"name":"CENTRE DE SANTE","source":"Géoportail ANSTAT"}},{"type":"Feature","geometry":{"type":"Point","coordinates":[-3.201669999999979,7.344441000000074]},"properties":{"id":131654,"nom":"CENTRE DE SANT URBAIN DE TANKESSE","type":"centre de santé urbain","district_region":null,"departement_commune":null,"verifie":true,"name":"CENTRE DE SANT URBAIN DE TANKESSE","source":"Géoportail ANSTAT"}},{"type":"Feature","geometry":{"type":"Point","coordinates":[-3.205618999999956,7.365901000000065]},"properties":{"id":131655,"nom":"CENTRE DE SANTE COMMUNAUTAIRE DE TANKESSE","type":"centre de santé urbain","district_region":null,"departement_commune":null,"verifie":true,"name":"CENTRE DE SANTE COMMUNAUTAIRE DE TANKESSE","source":"Géoportail ANSTAT"}},{"type":"Feature","geometry":{"type":"Point","coordinates":[-2.969839999999976,7.375782000000072]},"properties":{"id":131656,"nom":"CENTRE DE SANTE","type":"centre de santé urbain","district_region":null,"departement_commune":null,"verifie":true,"name":"CENTRE DE SANTE","source":"Géoportail ANSTAT"}},{"type":"Feature","geometry":{"type":"Point","coordinates":[-3.038185999999939,7.379987000000028]},"properties":{"id":131657,"nom":"CENTRE DE SANTE DE KOUASSIA NIAGUINI","type":"centre de santé urbain","district_region":null,"departement_commune":null,"verifie":true,"name":"CENTRE DE SANTE DE KOUASSIA NIAGUINI","source":"Géoportail ANSTAT"}},{"type":"Feature","geometry":{"type":"Point","coordinates":[-2.99750899999998,7.417791000000022]},"properties":{"id":131658,"nom":"CENTRE DE SANTE","type":"centre de santé urbain","district_region":null,"departement_commune":null,"verifie":true,"name":"CENTRE DE SANTE","source":"Géoportail ANSTAT"}},{"type":"Feature","geometry":{"type":"Point","coordinates":[-3.028135999999961,7.442405000000065]},"properties":{"id":131659,"nom":"CENTRE DE SANTE DE KROUPIKRO","type":"centre de santé urbain","district_region":null,"departement_commune":null,"verifie":true,"name":"CENTRE DE SANTE DE KROUPIKRO","source":"Géoportail ANSTAT"}},{"type":"Feature","geometry":{"type":"Point","coordinates":[-3.422574999999938,7.43787100000003]},"properties":{"id":131660,"nom":"CENTRE DE SANTE","type":"centre de santé urbain","district_region":null,"departement_commune":null,"verifie":true,"name":"CENTRE DE SANTE","source":"Géoportail ANSTAT"}},{"type":"Feature","geometry":{"type":"Point","coordinates":[-3.127399999999966,7.496028000000024]},"properties":{"id":131661,"nom":"CENTRE DE SANTE DE SOUROMANI","type":"centre de santé urbain","district_region":null,"departement_commune":null,"verifie":true,"name":"CENTRE DE SANTE DE SOUROMANI","source":"Géoportail ANSTAT"}},{"type":"Feature","geometry":{"type":"Point","coordinates":[-3.513025999999968,7.566116000000022]},"properties":{"id":131662,"nom":"CENTRE DE SANT URBAIN DE KRAKRO","type":"centre de santé urbain","district_region":null,"departement_commune":null,"verifie":true,"name":"CENTRE DE SANT URBAIN DE KRAKRO","source":"Géoportail ANSTAT"}},{"type":"Feature","geometry":{"type":"Point","coordinates":[-3.492566999999951,7.59067600000003]},"properties":{"id":131663,"nom":"CENTRE DE SANTE DE DOUMOROSSI","type":"centre de santé urbain","district_region":null,"departement_commune":null,"verifie":true,"name":"CENTRE DE SANTE DE DOUMOROSSI","source":"Géoportail ANSTAT"}},{"type":"Feature","geometry":{"type":"Point","coordinates":[-3.230130999999972,7.587807000000055]},"properties":{"id":131664,"nom":"CENTRE DE SANTE DE KOTOGWADA","type":"centre de santé urbain","district_region":null,"departement_commune":null,"verifie":true,"name":"CENTRE DE SANTE DE KOTOGWADA","source":"Géoportail ANSTAT"}},{"type":"Feature","geometry":{"type":"Point","coordinates":[-3.229839999999967,7.588097000000062]},"properties":{"id":131665,"nom":"CENTRE DE SANTE DE KOTOGWANDA","type":"centre de santé urbain","district_region":null,"departement_commune":null,"verifie":true,"name":"CENTRE DE SANTE DE KOTOGWANDA","source":"Géoportail ANSTAT"}},{"type":"Feature","geometry":{"type":"Point","coordinates":[-3.517705999999976,7.584862000000044]},"properties":{"id":131666,"nom":"CENTRE DE SANTE DE KOUAKOU KRAKRO","type":"centre de santé urbain","district_region":null,"departement_commune":null,"verifie":true,"name":"CENTRE DE SANTE DE KOUAKOU KRAKRO","source":"Géoportail ANSTAT"}},{"type":"Feature","geometry":{"type":"Point","coordinates":[-3.13646099999994,7.618452000000048]},"properties":{"id":131667,"nom":"CENTRE DE SANTE DE DIEDOU","type":"centre de santé urbain","district_region":null,"departement_commune":null,"verifie":true,"name":"CENTRE DE SANTE DE DIEDOU","source":"Géoportail ANSTAT"}},{"type":"Feature","geometry":{"type":"Point","coordinates":[-2.912968999999975,7.650968000000034]},"properties":{"id":131668,"nom":"CENTRE DE SANTE DE KOUASSI SERANOU","type":"centre de santé urbain","district_region":null,"departement_commune":null,"verifie":true,"name":"CENTRE DE SANTE DE KOUASSI SERANOU","source":"Géoportail ANSTAT"}},{"type":"Feature","geometry":{"type":"Point","coordinates":[-3.053005999999925,7.74173200000007]},"properties":{"id":131669,"nom":"CENTRE DE SANTE DE MEREKOU","type":"centre de santé urbain","district_region":null,"departement_commune":null,"verifie":true,"name":"CENTRE DE SANTE DE MEREKOU","source":"Géoportail ANSTAT"}},{"type":"Feature","geometry":{"type":"Point","coordinates":[-3.009297999999944,7.762582000000066]},"properties":{"id":131670,"nom":"CENTRE DE SANTE DE ADANDIA","type":"centre de santé urbain","district_region":null,"departement_commune":null,"verifie":true,"name":"CENTRE DE SANTE DE ADANDIA","source":"Géoportail ANSTAT"}},{"type":"Feature","geometry":{"type":"Point","coordinates":[-2.944206999999949,7.813359000000048]},"properties":{"id":131671,"nom":"CENTRE DE SANTE DE DADIASSE","type":"centre de santé urbain","district_region":null,"departement_commune":null,"verifie":true,"name":"CENTRE DE SANTE DE DADIASSE","source":"Géoportail ANSTAT"}},{"type":"Feature","geometry":{"type":"Point","coordinates":[-3.091500999999937,7.850491000000034]},"properties":{"id":131672,"nom":"CENTRE DE SANTE DE GUIENDE","type":"centre de santé urbain","district_region":null,"departement_commune":null,"verifie":true,"name":"CENTRE DE SANTE DE GUIENDE","source":"Géoportail ANSTAT"}},{"type":"Feature","geometry":{"type":"Point","coordinates":[-3.133625999999936,7.970517000000029]},"properties":{"id":131673,"nom":"CENTRE DE SANTE","type":"centre de santé urbain","district_region":null,"departement_commune":null,"verifie":true,"name":"CENTRE DE SANTE","source":"Géoportail ANSTAT"}},{"type":"Feature","geometry":{"type":"Point","coordinates":[-6.911798999999974,8.166520000000048]},"properties":{"id":131674,"nom":"CENTRE DE SANTE DE LOHOU","type":"centre de santé urbain","district_region":null,"departement_commune":null,"verifie":true,"name":"CENTRE DE SANTE DE LOHOU","source":"Géoportail ANSTAT"}},{"type":"Feature","geometry":{"type":"Point","coordinates":[-6.940060999999957,8.516263000000038]},"properties":{"id":131675,"nom":"CENTRE DE SANTE DE GBEMAZO","type":"centre de santé urbain","district_region":null,"departement_commune":null,"verifie":true,"name":"CENTRE DE SANTE DE GBEMAZO","source":"Géoportail ANSTAT"}},{"type":"Feature","geometry":{"type":"Point","coordinates":[-6.989533999999935,8.390228000000036]},"properties":{"id":131676,"nom":"CENTRE DE SANTE DE KANGANA","type":"centre de santé urbain","district_region":null,"departement_commune":null,"verifie":true,"name":"CENTRE DE SANTE DE KANGANA","source":"Géoportail ANSTAT"}},{"type":"Feature","geometry":{"type":"Point","coordinates":[-6.929494999999974,7.982823000000053]},"properties":{"id":131677,"nom":"CENTRE DE SANTE DE SIFIE","type":"centre de santé urbain","district_region":null,"departement_commune":null,"verifie":true,"name":"CENTRE DE SANTE DE SIFIE","source":"Géoportail ANSTAT"}},{"type":"Feature","geometry":{"type":"Point","coordinates":[-6.98370099999994,7.919602000000054]},"properties":{"id":131678,"nom":"CENTRE DE SANTE DE GBELO","type":"centre de santé urbain","district_region":null,"departement_commune":null,"verifie":true,"name":"CENTRE DE SANTE DE GBELO","source":"Géoportail ANSTAT"}},{"type":"Feature","geometry":{"type":"Point","coordinates":[-7.022750999999971,7.921920000000057]},"properties":{"id":131679,"nom":"CENTRE DE SANTE DE MASSALA GOURAN","type":"centre de santé urbain","district_region":null,"departement_commune":null,"verifie":true,"name":"CENTRE DE SANTE DE MASSALA GOURAN","source":"Géoportail ANSTAT"}},{"type":"Feature","geometry":{"type":"Point","coordinates":[-7.032928999999967,7.82854100000003]},"properties":{"id":131680,"nom":"CENTRE DE SANTE DE BINGORO","type":"centre de santé urbain","district_region":null,"departement_commune":null,"verifie":true,"name":"CENTRE DE SANTE DE BINGORO","source":"Géoportail ANSTAT"}},{"type":"Feature","geometry":{"type":"Point","coordinates":[-6.607244999999978,8.190202000000056]},"properties":{"id":131681,"nom":"CENTRE DE SANTE DE DIARABANA","type":"centre de santé urbain","district_region":null,"departement_commune":null,"verifie":true,"name":"CENTRE DE SANTE DE DIARABANA","source":"Géoportail ANSTAT"}},{"type":"Feature","geometry":{"type":"Point","coordinates":[-6.505012999999963,8.204369000000042]},"properties":{"id":131682,"nom":"CENTRE DE SANTE DE SANGANA","type":"centre de santé urbain","district_region":null,"departement_commune":null,"verifie":true,"name":"CENTRE DE SANTE DE SANGANA","source":"Géoportail ANSTAT"}},{"type":"Feature","geometry":{"type":"Point","coordinates":[-6.618839999999977,8.700965000000053]},"properties":{"id":131683,"nom":"CENTRE DE SANTE DE FADIADOUGOU","type":"centre de santé urbain","district_region":null,"departement_commune":null,"verifie":true,"name":"CENTRE DE SANTE DE FADIADOUGOU","source":"Géoportail ANSTAT"}},{"type":"Feature","geometry":{"type":"Point","coordinates":[-6.74648499999995,8.817533000000026]},"properties":{"id":131684,"nom":"CENTRE DE SANTE DE BANANDJE","type":"centre de santé urbain","district_region":null,"departement_commune":null,"verifie":true,"name":"CENTRE DE SANTE DE BANANDJE","source":"Géoportail ANSTAT"}},{"type":"Feature","geometry":{"type":"Point","coordinates":[-6.869288999999981,9.021564000000067]},"properties":{"id":131685,"nom":"CENTRE DE SANTE DE NOTOU","type":"centre de santé urbain","district_region":null,"departement_commune":null,"verifie":true,"name":"CENTRE DE SANTE DE NOTOU","source":"Géoportail ANSTAT"}},{"type":"Feature","geometry":{"type":"Point","coordinates":[-5.74476199999998,6.99589700000007]},"properties":{"id":131686,"nom":"CENTRE DE SANTE DE SECOURS MEDICAL BETHESA","type":"centre de santé urbain","district_region":null,"departement_commune":null,"verifie":true,"name":"CENTRE DE SANTE DE SECOURS MEDICAL BETHESA","source":"Géoportail ANSTAT"}},{"type":"Feature","geometry":{"type":"Point","coordinates":[-5.876933999999949,7.485682000000054]},"properties":{"id":131687,"nom":"CENTRE DE SANTE DE GOHITAFLA","type":"centre de santé urbain","district_region":null,"departement_commune":null,"verifie":true,"name":"CENTRE DE SANTE DE GOHITAFLA","source":"Géoportail ANSTAT"}},{"type":"Feature","geometry":{"type":"Point","coordinates":[-5.845063999999979,7.406208000000049]},"properties":{"id":131688,"nom":"CENTRE DE SANTE DE MAMINIGUI","type":"centre de santé urbain","district_region":null,"departement_commune":null,"verifie":true,"name":"CENTRE DE SANTE DE MAMINIGUI","source":"Géoportail ANSTAT"}},{"type":"Feature","geometry":{"type":"Point","coordinates":[-5.845186999999953,7.406258000000037]},"properties":{"id":131689,"nom":"CENTRE DE SANTE DE MAMINIGUI","type":"centre de santé urbain","district_region":null,"departement_commune":null,"verifie":true,"name":"CENTRE DE SANTE DE MAMINIGUI","source":"Géoportail ANSTAT"}},{"type":"Feature","geometry":{"type":"Point","coordinates":[-6.024373999999966,7.483185000000049]},"properties":{"id":131690,"nom":"CENTRE DE SANTE DE BOHIZRA","type":"centre de santé urbain","district_region":null,"departement_commune":null,"verifie":true,"name":"CENTRE DE SANTE DE BOHIZRA","source":"Géoportail ANSTAT"}},{"type":"Feature","geometry":{"type":"Point","coordinates":[-6.136713999999927,7.454564000000062]},"properties":{"id":131691,"nom":"CENTRE DE SANTE DE BEZIAKA","type":"centre de santé urbain","district_region":null,"departement_commune":null,"verifie":true,"name":"CENTRE DE SANTE DE BEZIAKA","source":"Géoportail ANSTAT"}},{"type":"Feature","geometry":{"type":"Point","coordinates":[-6.209623999999963,7.479155000000048]},"properties":{"id":131692,"nom":"CENTRE DE SANTE","type":"centre de santé urbain","district_region":null,"departement_commune":null,"verifie":true,"name":"CENTRE DE SANTE","source":"Géoportail ANSTAT"}},{"type":"Feature","geometry":{"type":"Point","coordinates":[-6.209644999999966,7.479153000000053]},"properties":{"id":131693,"nom":"CENTRE DE SANTE","type":"centre de santé urbain","district_region":null,"departement_commune":null,"verifie":true,"name":"CENTRE DE SANTE","source":"Géoportail ANSTAT"}},{"type":"Feature","geometry":{"type":"Point","coordinates":[-5.53557399999994,6.917955000000063]},"properties":{"id":131694,"nom":"CENTRE DE SANTE DE BOZI","type":"centre de santé urbain","district_region":null,"departement_commune":null,"verifie":true,"name":"CENTRE DE SANTE DE BOZI","source":"Géoportail ANSTAT"}},{"type":"Feature","geometry":{"type":"Point","coordinates":[-5.535200999999972,7.035871000000043]},"properties":{"id":131695,"nom":"CENTRE DE SANTE DE ANGOVIA","type":"centre de santé urbain","district_region":null,"departement_commune":null,"verifie":true,"name":"CENTRE DE SANTE DE ANGOVIA","source":"Géoportail ANSTAT"}},{"type":"Feature","geometry":{"type":"Point","coordinates":[-5.763280999999949,7.043304000000035]},"properties":{"id":131696,"nom":"CENTRE DE SANTE","type":"centre de santé urbain","district_region":null,"departement_commune":null,"verifie":true,"name":"CENTRE DE SANTE","source":"Géoportail ANSTAT"}},{"type":"Feature","geometry":{"type":"Point","coordinates":[-5.822047999999938,6.85926900000004]},"properties":{"id":131697,"nom":"CENTRE DE SANTE  RURALE","type":"centre de santé urbain","district_region":null,"departement_commune":null,"verifie":true,"name":"CENTRE DE SANTE  RURALE","source":"Géoportail ANSTAT"}},{"type":"Feature","geometry":{"type":"Point","coordinates":[-5.868038999999953,6.873637000000031]},"properties":{"id":131698,"nom":"CENTRE DE SANTE DE ATTOSSE","type":"centre de santé urbain","district_region":null,"departement_commune":null,"verifie":true,"name":"CENTRE DE SANTE DE ATTOSSE","source":"Géoportail ANSTAT"}},{"type":"Feature","geometry":{"type":"Point","coordinates":[-5.868042999999943,6.873632000000043]},"properties":{"id":131699,"nom":"CENTRE DE SANTE DE ATTOSSE","type":"centre de santé urbain","district_region":null,"departement_commune":null,"verifie":true,"name":"CENTRE DE SANTE DE ATTOSSE","source":"Géoportail ANSTAT"}},{"type":"Feature","geometry":{"type":"Point","coordinates":[-5.927274999999952,7.176026000000036]},"properties":{"id":131700,"nom":"CENTRE DE SANTE DANANGORO ZOOLA","type":"centre de santé urbain","district_region":null,"departement_commune":null,"verifie":true,"name":"CENTRE DE SANTE DANANGORO ZOOLA","source":"Géoportail ANSTAT"}},{"type":"Feature","geometry":{"type":"Point","coordinates":[-5.844644999999957,7.507156000000066]},"properties":{"id":131701,"nom":"CENTRE DE SANTE","type":"centre de santé urbain","district_region":null,"departement_commune":null,"verifie":true,"name":"CENTRE DE SANTE","source":"Géoportail ANSTAT"}},{"type":"Feature","geometry":{"type":"Point","coordinates":[-4.612258999999938,7.892479000000037]},"properties":{"id":131702,"nom":"CENTRE DE SANTE DE GODOKRO","type":"centre de santé urbain","district_region":null,"departement_commune":null,"verifie":true,"name":"CENTRE DE SANTE DE GODOKRO","source":"Géoportail ANSTAT"}},{"type":"Feature","geometry":{"type":"Point","coordinates":[-5.018089999999972,7.823548000000073]},"properties":{"id":131703,"nom":"CENTRE DE SANTE D KAKRO","type":"centre de santé urbain","district_region":null,"departement_commune":null,"verifie":true,"name":"CENTRE DE SANTE D KAKRO","source":"Géoportail ANSTAT"}},{"type":"Feature","geometry":{"type":"Point","coordinates":[-5.038254999999936,7.740353000000027]},"properties":{"id":131704,"nom":"CENTRE DE DANTE COMMUNAUTAIRE LE RECOURS DU MAROC","type":"centre de santé urbain","district_region":null,"departement_commune":null,"verifie":true,"name":"CENTRE DE DANTE COMMUNAUTAIRE LE RECOURS DU MAROC","source":"Géoportail ANSTAT"}},{"type":"Feature","geometry":{"type":"Point","coordinates":[-5.054882999999961,7.935864000000038]},"properties":{"id":131705,"nom":"CENTRE DE SANTE D ALLAKRO","type":"centre de santé urbain","district_region":null,"departement_commune":null,"verifie":true,"name":"CENTRE DE SANTE D ALLAKRO","source":"Géoportail ANSTAT"}},{"type":"Feature","geometry":{"type":"Point","coordinates":[-5.12602499999997,7.652435000000025]},"properties":{"id":131706,"nom":"CENTRE DE SANTE BENDEKRO","type":"centre de santé urbain","district_region":null,"departement_commune":null,"verifie":true,"name":"CENTRE DE SANTE BENDEKRO","source":"Géoportail ANSTAT"}},{"type":"Feature","geometry":{"type":"Point","coordinates":[-5.017619999999965,7.667296000000022]},"properties":{"id":131707,"nom":"CENTRE DE NATUROTHERAPIE ABOUTOU","type":"centre de santé urbain","district_region":null,"departement_commune":null,"verifie":true,"name":"CENTRE DE NATUROTHERAPIE ABOUTOU","source":"Géoportail ANSTAT"}},{"type":"Feature","geometry":{"type":"Point","coordinates":[-5.036865999999975,7.704056000000037]},"properties":{"id":131708,"nom":"CENTRE DE RECHERCHE PIERRE RICHET","type":"centre de santé urbain","district_region":null,"departement_commune":null,"verifie":true,"name":"CENTRE DE RECHERCHE PIERRE RICHET","source":"Géoportail ANSTAT"}},{"type":"Feature","geometry":{"type":"Point","coordinates":[-5.05496299999993,7.715508000000057]},"properties":{"id":131709,"nom":"CENTRE DE SANTE AKWABA GONFREVILLE","type":"centre de santé urbain","district_region":null,"departement_commune":null,"verifie":true,"name":"CENTRE DE SANTE AKWABA GONFREVILLE","source":"Géoportail ANSTAT"}},{"type":"Feature","geometry":{"type":"Point","coordinates":[-5.017225999999937,7.678181000000052]},"properties":{"id":131710,"nom":"CENTRE DE SANTE COMMUNAUTAIRE","type":"centre de santé urbain","district_region":null,"departement_commune":null,"verifie":true,"name":"CENTRE DE SANTE COMMUNAUTAIRE","source":"Géoportail ANSTAT"}},{"type":"Feature","geometry":{"type":"Point","coordinates":[-5.053486999999961,7.673458000000039]},"properties":{"id":131711,"nom":"CENTRE DE SANTE COMMUNAUTAIRE LE REFUGE DE BROUKRO","type":"centre de santé urbain","district_region":null,"departement_commune":null,"verifie":true,"name":"CENTRE DE SANTE COMMUNAUTAIRE LE REFUGE DE BROUKRO","source":"Géoportail ANSTAT"}},{"type":"Feature","geometry":{"type":"Point","coordinates":[-5.072129999999959,7.515930000000026]},"properties":{"id":131712,"nom":"CENTRE DE SANTE CATHOLIQUE","type":"centre de santé urbain","district_region":null,"departement_commune":null,"verifie":true,"name":"CENTRE DE SANTE CATHOLIQUE","source":"Géoportail ANSTAT"}},{"type":"Feature","geometry":{"type":"Point","coordinates":[-5.193716999999936,7.556782000000055]},"properties":{"id":131713,"nom":"CENTRE DE SANTE DE N GUESSAN POKOUKRO","type":"centre de santé urbain","district_region":null,"departement_commune":null,"verifie":true,"name":"CENTRE DE SANTE DE N GUESSAN POKOUKRO","source":"Géoportail ANSTAT"}},{"type":"Feature","geometry":{"type":"Point","coordinates":[-5.193722999999977,7.556772000000024]},"properties":{"id":131714,"nom":"CENTRE DE SANTE DE N GUESSAN POKOUKRO","type":"centre de santé urbain","district_region":null,"departement_commune":null,"verifie":true,"name":"CENTRE DE SANTE DE N GUESSAN POKOUKRO","source":"Géoportail ANSTAT"}},{"type":"Feature","geometry":{"type":"Point","coordinates":[-5.337728999999968,7.389984000000027]},"properties":{"id":131715,"nom":"CENTRE DE SANTE DASSANVOUE KONANKRO","type":"centre de santé urbain","district_region":null,"departement_commune":null,"verifie":true,"name":"CENTRE DE SANTE DASSANVOUE KONANKRO","source":"Géoportail ANSTAT"}},{"type":"Feature","geometry":{"type":"Point","coordinates":[-5.345629999999971,7.269509000000028]},"properties":{"id":131716,"nom":"CENTRE DE SANTE ANDO DOUGBA","type":"centre de santé urbain","district_region":null,"departement_commune":null,"verifie":true,"name":"CENTRE DE SANTE ANDO DOUGBA","source":"Géoportail ANSTAT"}},{"type":"Feature","geometry":{"type":"Point","coordinates":[-5.397342999999978,8.030845000000056]},"properties":{"id":131717,"nom":"CENTRE DE SANTE DE MESSOUKRI","type":"centre de santé urbain","district_region":null,"departement_commune":null,"verifie":true,"name":"CENTRE DE SANTE DE MESSOUKRI","source":"Géoportail ANSTAT"}},{"type":"Feature","geometry":{"type":"Point","coordinates":[-5.410187999999948,7.840126000000055]},"properties":{"id":131718,"nom":"CENTRE DE SANTE","type":"centre de santé urbain","district_region":null,"departement_commune":null,"verifie":true,"name":"CENTRE DE SANTE","source":"Géoportail ANSTAT"}},{"type":"Feature","geometry":{"type":"Point","coordinates":[-5.566164999999955,7.621148000000062]},"properties":{"id":131719,"nom":"CENTRE DE SANTE DE NIAMBRUN","type":"centre de santé urbain","district_region":null,"departement_commune":null,"verifie":true,"name":"CENTRE DE SANTE DE NIAMBRUN","source":"Géoportail ANSTAT"}},{"type":"Feature","geometry":{"type":"Point","coordinates":[-5.410666999999933,7.750353000000075]},"properties":{"id":131720,"nom":"CENTRE DE SANTE DE AHOUNZE","type":"centre de santé urbain","district_region":null,"departement_commune":null,"verifie":true,"name":"CENTRE DE SANTE DE AHOUNZE","source":"Géoportail ANSTAT"}},{"type":"Feature","geometry":{"type":"Point","coordinates":[-5.31741599999998,7.959907000000044]},"properties":{"id":131721,"nom":"CENTRE DE SANTE","type":"centre de santé urbain","district_region":null,"departement_commune":null,"verifie":true,"name":"CENTRE DE SANTE","source":"Géoportail ANSTAT"}},{"type":"Feature","geometry":{"type":"Point","coordinates":[-3.373561999999936,8.592216000000064]},"properties":{"id":131722,"nom":"CENTRE DE SANTE DE LAMBIRA","type":"centre de santé urbain","district_region":null,"departement_commune":null,"verifie":true,"name":"CENTRE DE SANTE DE LAMBIRA","source":"Géoportail ANSTAT"}},{"type":"Feature","geometry":{"type":"Point","coordinates":[-3.720006999999953,8.357921000000033]},"properties":{"id":131723,"nom":"CENTRE DE SANTE DE SIRIKI BANGO","type":"centre de santé urbain","district_region":null,"departement_commune":null,"verifie":true,"name":"CENTRE DE SANTE DE SIRIKI BANGO","source":"Géoportail ANSTAT"}},{"type":"Feature","geometry":{"type":"Point","coordinates":[-2.833733999999936,8.980920000000026]},"properties":{"id":131724,"nom":"CENTRE DE SANTE","type":"centre de santé urbain","district_region":null,"departement_commune":null,"verifie":true,"name":"CENTRE DE SANTE","source":"Géoportail ANSTAT"}},{"type":"Feature","geometry":{"type":"Point","coordinates":[-4.274442999999962,7.068521000000032]},"properties":{"id":131725,"nom":"CENTRE DE SANTE","type":"centre de santé urbain","district_region":null,"departement_commune":null,"verifie":true,"name":"CENTRE DE SANTE","source":"Géoportail ANSTAT"}},{"type":"Feature","geometry":{"type":"Point","coordinates":[-4.648495999999966,7.256574000000057]},"properties":{"id":131726,"nom":"CENTRE DE SANTE DE BOUNDA","type":"centre de santé urbain","district_region":null,"departement_commune":null,"verifie":true,"name":"CENTRE DE SANTE DE BOUNDA","source":"Géoportail ANSTAT"}},{"type":"Feature","geometry":{"type":"Point","coordinates":[-4.226277999999979,6.971094000000051]},"properties":{"id":131727,"nom":"CENTRE DE SANTE DE ABEANOU","type":"centre de santé urbain","district_region":null,"departement_commune":null,"verifie":true,"name":"CENTRE DE SANTE DE ABEANOU","source":"Géoportail ANSTAT"}},{"type":"Feature","geometry":{"type":"Point","coordinates":[-4.329332999999963,7.111578000000065]},"properties":{"id":131728,"nom":"CENTRE DE SANTE DE KOFFI ADOUKRO","type":"centre de santé urbain","district_region":null,"departement_commune":null,"verifie":true,"name":"CENTRE DE SANTE DE KOFFI ADOUKRO","source":"Géoportail ANSTAT"}},{"type":"Feature","geometry":{"type":"Point","coordinates":[-4.528633999999954,6.826559000000032]},"properties":{"id":131729,"nom":"CENTRE DE SANTE","type":"centre de santé urbain","district_region":null,"departement_commune":null,"verifie":true,"name":"CENTRE DE SANTE","source":"Géoportail ANSTAT"}},{"type":"Feature","geometry":{"type":"Point","coordinates":[-4.690582999999947,6.976359000000059]},"properties":{"id":131730,"nom":"CENTRE DE SANTE DE LANGBA","type":"centre de santé urbain","district_region":null,"departement_commune":null,"verifie":true,"name":"CENTRE DE SANTE DE LANGBA","source":"Géoportail ANSTAT"}},{"type":"Feature","geometry":{"type":"Point","coordinates":[-4.740158999999949,6.660293000000024]},"properties":{"id":131731,"nom":"CENTRE DE SANTE","type":"centre de santé urbain","district_region":null,"departement_commune":null,"verifie":true,"name":"CENTRE DE SANTE","source":"Géoportail ANSTAT"}},{"type":"Feature","geometry":{"type":"Point","coordinates":[-7.678818999999976,6.159890000000075]},"properties":{"id":131732,"nom":"CENTRE DE SANTE DE DAZAON","type":"centre de santé urbain","district_region":null,"departement_commune":null,"verifie":true,"name":"CENTRE DE SANTE DE DAZAON","source":"Géoportail ANSTAT"}},{"type":"Feature","geometry":{"type":"Point","coordinates":[-7.44724599999995,5.880697000000055]},"properties":{"id":131733,"nom":"CENTRE DE SANTE DE TAHI","type":"centre de santé urbain","district_region":null,"departement_commune":null,"verifie":true,"name":"CENTRE DE SANTE DE TAHI","source":"Géoportail ANSTAT"}},{"type":"Feature","geometry":{"type":"Point","coordinates":[-7.453967999999975,6.39654100000007]},"properties":{"id":131734,"nom":"CENTRE DE SANTE DE MAHANPLEU","type":"centre de santé urbain","district_region":null,"departement_commune":null,"verifie":true,"name":"CENTRE DE SANTE DE MAHANPLEU","source":"Géoportail ANSTAT"}},{"type":"Feature","geometry":{"type":"Point","coordinates":[-7.399696999999946,6.368096000000037]},"properties":{"id":131735,"nom":"CENTRE DE SANTE DE NIZAHON1","type":"centre de santé urbain","district_region":null,"departement_commune":null,"verifie":true,"name":"CENTRE DE SANTE DE NIZAHON1","source":"Géoportail ANSTAT"}},{"type":"Feature","geometry":{"type":"Point","coordinates":[-7.499109999999973,6.542376000000047]},"properties":{"id":131736,"nom":"CENTRE DE MEDICAL STE BERNADEE","type":"centre de santé urbain","district_region":null,"departement_commune":null,"verifie":true,"name":"CENTRE DE MEDICAL STE BERNADEE","source":"Géoportail ANSTAT"}},{"type":"Feature","geometry":{"type":"Point","coordinates":[-7.510786999999937,6.304407000000026]},"properties":{"id":131737,"nom":"CENTRE DE SANTE DE RURAL DE ZRO","type":"centre de santé urbain","district_region":null,"departement_commune":null,"verifie":true,"name":"CENTRE DE SANTE DE RURAL DE ZRO","source":"Géoportail ANSTAT"}},{"type":"Feature","geometry":{"type":"Point","coordinates":[-7.521257999999932,6.337867000000074]},"properties":{"id":131738,"nom":"CENTRE DE SANTE DE KRIDY","type":"centre de santé urbain","district_region":null,"departement_commune":null,"verifie":true,"name":"CENTRE DE SANTE DE KRIDY","source":"Géoportail ANSTAT"}},{"type":"Feature","geometry":{"type":"Point","coordinates":[-7.567613999999935,6.589366000000041]},"properties":{"id":131739,"nom":"CENTRE DE SANTE COMMUNAUTAIRE","type":"centre de santé urbain","district_region":null,"departement_commune":null,"verifie":true,"name":"CENTRE DE SANTE COMMUNAUTAIRE","source":"Géoportail ANSTAT"}},{"type":"Feature","geometry":{"type":"Point","coordinates":[-7.607783999999981,6.618953000000033]},"properties":{"id":131740,"nom":"CENTRE DE SANTE DE CARREFOUR DE LA PAIX","type":"centre de santé urbain","district_region":null,"departement_commune":null,"verifie":true,"name":"CENTRE DE SANTE DE CARREFOUR DE LA PAIX","source":"Géoportail ANSTAT"}},{"type":"Feature","geometry":{"type":"Point","coordinates":[-7.617105999999978,6.610404000000074]},"properties":{"id":131741,"nom":"CENTRE DE SANTE DE KALSAKA1","type":"centre de santé urbain","district_region":null,"departement_commune":null,"verifie":true,"name":"CENTRE DE SANTE DE KALSAKA1","source":"Géoportail ANSTAT"}},{"type":"Feature","geometry":{"type":"Point","coordinates":[-7.939366999999947,6.418881000000056]},"properties":{"id":131742,"nom":"CENTRE DE SANTE BLOCK PLEYZON","type":"centre de santé urbain","district_region":null,"departement_commune":null,"verifie":true,"name":"CENTRE DE SANTE BLOCK PLEYZON","source":"Géoportail ANSTAT"}},{"type":"Feature","geometry":{"type":"Point","coordinates":[-8.106666999999959,6.589151000000072]},"properties":{"id":131743,"nom":"CENTRE DE SANTE DE DOKE","type":"centre de santé urbain","district_region":null,"departement_commune":null,"verifie":true,"name":"CENTRE DE SANTE DE DOKE","source":"Géoportail ANSTAT"}},{"type":"Feature","geometry":{"type":"Point","coordinates":[-8.159249999999929,6.440729000000033]},"properties":{"id":131744,"nom":"CENTRE DE SANTE DE TINHOU","type":"centre de santé urbain","district_region":null,"departement_commune":null,"verifie":true,"name":"CENTRE DE SANTE DE TINHOU","source":"Géoportail ANSTAT"}},{"type":"Feature","geometry":{"type":"Point","coordinates":[-8.190287999999953,6.627077000000043]},"properties":{"id":131745,"nom":"CENTRE DE SANTE","type":"centre de santé urbain","district_region":null,"departement_commune":null,"verifie":true,"name":"CENTRE DE SANTE","source":"Géoportail ANSTAT"}},{"type":"Feature","geometry":{"type":"Point","coordinates":[-8.002680999999939,6.569917000000032]},"properties":{"id":131746,"nom":"CENTRE DE SANTE","type":"centre de santé urbain","district_region":null,"departement_commune":null,"verifie":true,"name":"CENTRE DE SANTE","source":"Géoportail ANSTAT"}},{"type":"Feature","geometry":{"type":"Point","coordinates":[-8.500276999999926,6.530606000000034]},"properties":{"id":131747,"nom":"CENTRE DE SANTE DE TIOBLY","type":"centre de santé urbain","district_region":null,"departement_commune":null,"verifie":true,"name":"CENTRE DE SANTE DE TIOBLY","source":"Géoportail ANSTAT"}},{"type":"Feature","geometry":{"type":"Point","coordinates":[-6.72066899999993,7.440822000000026]},"properties":{"id":131748,"nom":"CENTRE DE SANTE DE SEITIFLA","type":"centre de santé urbain","district_region":null,"departement_commune":null,"verifie":true,"name":"CENTRE DE SANTE DE SEITIFLA","source":"Géoportail ANSTAT"}},{"type":"Feature","geometry":{"type":"Point","coordinates":[-6.376304999999945,7.502017000000023]},"properties":{"id":131749,"nom":"CENTRE DE SANTE DE TRAFLA","type":"centre de santé urbain","district_region":null,"departement_commune":null,"verifie":true,"name":"CENTRE DE SANTE DE TRAFLA","source":"Géoportail ANSTAT"}},{"type":"Feature","geometry":{"type":"Point","coordinates":[-6.557553999999925,7.123936000000072]},"properties":{"id":131750,"nom":"CENTRE DE SANTE D AMARA CAREFOU","type":"centre de santé urbain","district_region":null,"departement_commune":null,"verifie":true,"name":"CENTRE DE SANTE D AMARA CAREFOU","source":"Géoportail ANSTAT"}},{"type":"Feature","geometry":{"type":"Point","coordinates":[-6.598638999999935,7.395154000000048]},"properties":{"id":131751,"nom":"CENTRE DE SANTE DE NEOOULEFLA","type":"centre de santé urbain","district_region":null,"departement_commune":null,"verifie":true,"name":"CENTRE DE SANTE DE NEOOULEFLA","source":"Géoportail ANSTAT"}},{"type":"Feature","geometry":{"type":"Point","coordinates":[-6.623775999999964,7.372128000000032]},"properties":{"id":131752,"nom":"CENTRE DE SANTE DE BIENOUFLA","type":"centre de santé urbain","district_region":null,"departement_commune":null,"verifie":true,"name":"CENTRE DE SANTE DE BIENOUFLA","source":"Géoportail ANSTAT"}},{"type":"Feature","geometry":{"type":"Point","coordinates":[-6.781897999999956,7.48422000000005]},"properties":{"id":131753,"nom":"CENTRE DE SANTE DE MIGNORE","type":"centre de santé urbain","district_region":null,"departement_commune":null,"verifie":true,"name":"CENTRE DE SANTE DE MIGNORE","source":"Géoportail ANSTAT"}},{"type":"Feature","geometry":{"type":"Point","coordinates":[-6.817731999999978,7.283972000000063]},"properties":{"id":131754,"nom":"CENTRE DE SANTE DE PELEZI","type":"centre de santé urbain","district_region":null,"departement_commune":null,"verifie":true,"name":"CENTRE DE SANTE DE PELEZI","source":"Géoportail ANSTAT"}},{"type":"Feature","geometry":{"type":"Point","coordinates":[-6.847121999999956,7.070733000000075]},"properties":{"id":131755,"nom":"CENTRE DE SANTE DE  MONOKO  ZOHI","type":"centre de santé urbain","district_region":null,"departement_commune":null,"verifie":true,"name":"CENTRE DE SANTE DE  MONOKO  ZOHI","source":"Géoportail ANSTAT"}},{"type":"Feature","geometry":{"type":"Point","coordinates":[-6.477816999999959,6.878982000000065]},"properties":{"id":131756,"nom":"CENTRE DE SANTE COMMUNAUTAIRE LA GRACE","type":"centre de santé urbain","district_region":null,"departement_commune":null,"verifie":true,"name":"CENTRE DE SANTE COMMUNAUTAIRE LA GRACE","source":"Géoportail ANSTAT"}},{"type":"Feature","geometry":{"type":"Point","coordinates":[-6.513855999999976,6.828941000000043]},"properties":{"id":131757,"nom":"CENTRE DE SANTE DE KIBOUO","type":"centre de santé urbain","district_region":null,"departement_commune":null,"verifie":true,"name":"CENTRE DE SANTE DE KIBOUO","source":"Géoportail ANSTAT"}},{"type":"Feature","geometry":{"type":"Point","coordinates":[-6.410602999999981,6.898528000000056]},"properties":{"id":131758,"nom":"CENTRE DE SANTE DE DERAHOUAN","type":"centre de santé urbain","district_region":null,"departement_commune":null,"verifie":true,"name":"CENTRE DE SANTE DE DERAHOUAN","source":"Géoportail ANSTAT"}},{"type":"Feature","geometry":{"type":"Point","coordinates":[-6.458077999999944,6.927925000000073]},"properties":{"id":131759,"nom":"CENTRE DE SANTE DE TAGOURA","type":"centre de santé urbain","district_region":null,"departement_commune":null,"verifie":true,"name":"CENTRE DE SANTE DE TAGOURA","source":"Géoportail ANSTAT"}},{"type":"Feature","geometry":{"type":"Point","coordinates":[-6.304131999999981,6.380567000000042]},"properties":{"id":131761,"nom":"CENTRE DE SANTE DE TEZIE","type":"centre de santé urbain","district_region":null,"departement_commune":null,"verifie":true,"name":"CENTRE DE SANTE DE TEZIE","source":"Géoportail ANSTAT"}},{"type":"Feature","geometry":{"type":"Point","coordinates":[-6.420088999999962,6.502087000000074]},"properties":{"id":131762,"nom":"CENTRE DE SANTE COMUNAUTAIRE DE ZEGA","type":"centre de santé urbain","district_region":null,"departement_commune":null,"verifie":true,"name":"CENTRE DE SANTE COMUNAUTAIRE DE ZEGA","source":"Géoportail ANSTAT"}},{"type":"Feature","geometry":{"type":"Point","coordinates":[-6.463471999999967,6.501031000000069]},"properties":{"id":131763,"nom":"CENTRE DE SANTE COMMUNAUTAIRE DE YAOKRO","type":"centre de santé urbain","district_region":null,"departement_commune":null,"verifie":true,"name":"CENTRE DE SANTE COMMUNAUTAIRE DE YAOKRO","source":"Géoportail ANSTAT"}},{"type":"Feature","geometry":{"type":"Point","coordinates":[-6.515301999999963,6.387141000000042]},"properties":{"id":131764,"nom":"CENTRE DE SANTE DE TAPEGUIA","type":"centre de santé urbain","district_region":null,"departement_commune":null,"verifie":true,"name":"CENTRE DE SANTE DE TAPEGUIA","source":"Géoportail ANSTAT"}},{"type":"Feature","geometry":{"type":"Point","coordinates":[-6.600645999999927,6.57056300000005]},"properties":{"id":131765,"nom":"CENTRE DE SANTE  EN CONSTRUCTION","type":"centre de santé urbain","district_region":null,"departement_commune":null,"verifie":true,"name":"CENTRE DE SANTE  EN CONSTRUCTION","source":"Géoportail ANSTAT"}},{"type":"Feature","geometry":{"type":"Point","coordinates":[-6.688505999999961,6.423104000000023]},"properties":{"id":131766,"nom":"CENTRE DE SANTE DE KEREGUHE","type":"centre de santé urbain","district_region":null,"departement_commune":null,"verifie":true,"name":"CENTRE DE SANTE DE KEREGUHE","source":"Géoportail ANSTAT"}},{"type":"Feature","geometry":{"type":"Point","coordinates":[-6.665284999999926,6.323026000000027]},"properties":{"id":131767,"nom":"CENTRE DE SANTE DE TAPEOUA 2","type":"centre de santé urbain","district_region":null,"departement_commune":null,"verifie":true,"name":"CENTRE DE SANTE DE TAPEOUA 2","source":"Géoportail ANSTAT"}},{"type":"Feature","geometry":{"type":"Point","coordinates":[-4.705210999999963,6.076593000000059]},"properties":{"id":131768,"nom":"CENTRE DE SANTE DE MOROKRO","type":"centre de santé urbain","district_region":null,"departement_commune":null,"verifie":true,"name":"CENTRE DE SANTE DE MOROKRO","source":"Géoportail ANSTAT"}},{"type":"Feature","geometry":{"type":"Point","coordinates":[-4.823425999999927,6.00939900000003]},"properties":{"id":131769,"nom":"CENTRE DE SANTE","type":"centre de santé urbain","district_region":null,"departement_commune":null,"verifie":true,"name":"CENTRE DE SANTE","source":"Géoportail ANSTAT"}},{"type":"Feature","geometry":{"type":"Point","coordinates":[-4.775330999999937,5.961699000000067]},"properties":{"id":131770,"nom":"CENTRE DE SANTE COMMUNAUTAIRE","type":"centre de santé urbain","district_region":null,"departement_commune":null,"verifie":true,"name":"CENTRE DE SANTE COMMUNAUTAIRE","source":"Géoportail ANSTAT"}},{"type":"Feature","geometry":{"type":"Point","coordinates":[-4.657328999999947,5.791813000000047]},"properties":{"id":131771,"nom":"CENTRE DE SANTE","type":"centre de santé urbain","district_region":null,"departement_commune":null,"verifie":true,"name":"CENTRE DE SANTE","source":"Géoportail ANSTAT"}},{"type":"Feature","geometry":{"type":"Point","coordinates":[-4.930846999999972,6.216723000000059]},"properties":{"id":131772,"nom":"CENTRE DE SANTE DE AHEREMOU 2","type":"centre de santé urbain","district_region":null,"departement_commune":null,"verifie":true,"name":"CENTRE DE SANTE DE AHEREMOU 2","source":"Géoportail ANSTAT"}},{"type":"Feature","geometry":{"type":"Point","coordinates":[-4.444073999999944,5.720137000000022]},"properties":{"id":131773,"nom":"CENTRE DE SANTE DE GOMON","type":"centre de santé urbain","district_region":null,"departement_commune":null,"verifie":true,"name":"CENTRE DE SANTE DE GOMON","source":"Géoportail ANSTAT"}},{"type":"Feature","geometry":{"type":"Point","coordinates":[-4.515068999999926,5.686396000000059]},"properties":{"id":131774,"nom":"CENTRE DE SANTE DE ELLIBOU","type":"centre de santé urbain","district_region":null,"departement_commune":null,"verifie":true,"name":"CENTRE DE SANTE DE ELLIBOU","source":"Géoportail ANSTAT"}},{"type":"Feature","geometry":{"type":"Point","coordinates":[-4.843581999999969,5.892694000000063]},"properties":{"id":131775,"nom":"CENTRE DE RECHERCHE","type":"centre de santé urbain","district_region":null,"departement_commune":null,"verifie":true,"name":"CENTRE DE RECHERCHE","source":"Géoportail ANSTAT"}},{"type":"Feature","geometry":{"type":"Point","coordinates":[-4.826195999999925,5.897361000000046]},"properties":{"id":131776,"nom":"CENTRE DE SANTE DE COCODY 3","type":"centre de santé urbain","district_region":null,"departement_commune":null,"verifie":true,"name":"CENTRE DE SANTE DE COCODY 3","source":"Géoportail ANSTAT"}},{"type":"Feature","geometry":{"type":"Point","coordinates":[-4.319694999999967,6.000943000000063]},"properties":{"id":131777,"nom":"CENTRE DE SANTE DE GOUABO","type":"centre de santé urbain","district_region":null,"departement_commune":null,"verifie":true,"name":"CENTRE DE SANTE DE GOUABO","source":"Géoportail ANSTAT"}},{"type":"Feature","geometry":{"type":"Point","coordinates":[-4.362774999999942,6.172022000000027]},"properties":{"id":131778,"nom":"CENTRE DE SANTE DE BANGUIE 2","type":"centre de santé urbain","district_region":null,"departement_commune":null,"verifie":true,"name":"CENTRE DE SANTE DE BANGUIE 2","source":"Géoportail ANSTAT"}},{"type":"Feature","geometry":{"type":"Point","coordinates":[-4.260825999999952,5.88152800000006]},"properties":{"id":131779,"nom":"CENTRE DE SANTE","type":"centre de santé urbain","district_region":null,"departement_commune":null,"verifie":true,"name":"CENTRE DE SANTE","source":"Géoportail ANSTAT"}},{"type":"Feature","geometry":{"type":"Point","coordinates":[-4.457060999999953,5.952730000000031]},"properties":{"id":131780,"nom":"CENTRE DE SANTE D OFFOMPO","type":"centre de santé urbain","district_region":null,"departement_commune":null,"verifie":true,"name":"CENTRE DE SANTE D OFFOMPO","source":"Géoportail ANSTAT"}},{"type":"Feature","geometry":{"type":"Point","coordinates":[-4.133918999999935,6.023352000000045]},"properties":{"id":131781,"nom":"CENTRE DE SANTE  DE MBERIE","type":"centre de santé urbain","district_region":null,"departement_commune":null,"verifie":true,"name":"CENTRE DE SANTE  DE MBERIE","source":"Géoportail ANSTAT"}},{"type":"Feature","geometry":{"type":"Point","coordinates":[-4.215874999999926,5.930319000000054]},"properties":{"id":131782,"nom":"CENTRE DE SANTE","type":"centre de santé urbain","district_region":null,"departement_commune":null,"verifie":true,"name":"CENTRE DE SANTE","source":"Géoportail ANSTAT"}},{"type":"Feature","geometry":{"type":"Point","coordinates":[-7.542871999999932,8.13464700000003]},"properties":{"id":131783,"nom":"CENTRE DE SANTE DE DIOMAN","type":"centre de santé urbain","district_region":null,"departement_commune":null,"verifie":true,"name":"CENTRE DE SANTE DE DIOMAN","source":"Géoportail ANSTAT"}},{"type":"Feature","geometry":{"type":"Point","coordinates":[-7.398854999999969,8.153233000000057]},"properties":{"id":131784,"nom":"CENTRE DE SANTE","type":"centre de santé urbain","district_region":null,"departement_commune":null,"verifie":true,"name":"CENTRE DE SANTE","source":"Géoportail ANSTAT"}},{"type":"Feature","geometry":{"type":"Point","coordinates":[-7.644766999999945,8.194917000000032]},"properties":{"id":131785,"nom":"CENTRE DE SANTE DE SILAKORO","type":"centre de santé urbain","district_region":null,"departement_commune":null,"verifie":true,"name":"CENTRE DE SANTE DE SILAKORO","source":"Géoportail ANSTAT"}},{"type":"Feature","geometry":{"type":"Point","coordinates":[-7.513119999999958,8.328583000000037]},"properties":{"id":131786,"nom":"CENTRE DE SANTE","type":"centre de santé urbain","district_region":null,"departement_commune":null,"verifie":true,"name":"CENTRE DE SANTE","source":"Géoportail ANSTAT"}},{"type":"Feature","geometry":{"type":"Point","coordinates":[-7.189020999999968,8.47654700000004]},"properties":{"id":131787,"nom":"CENTRE DE SANTE BOROTOU KORO","type":"centre de santé urbain","district_region":null,"departement_commune":null,"verifie":true,"name":"CENTRE DE SANTE BOROTOU KORO","source":"Géoportail ANSTAT"}},{"type":"Feature","geometry":{"type":"Point","coordinates":[-8.02644399999997,8.25917000000004]},"properties":{"id":131788,"nom":"CENTRE DE SANTE DE GOUEKRO","type":"centre de santé urbain","district_region":null,"departement_commune":null,"verifie":true,"name":"CENTRE DE SANTE DE GOUEKRO","source":"Géoportail ANSTAT"}},{"type":"Feature","geometry":{"type":"Point","coordinates":[-8.12353399999995,8.375202000000058]},"properties":{"id":131789,"nom":"CENTRE DE SANTE","type":"centre de santé urbain","district_region":null,"departement_commune":null,"verifie":true,"name":"CENTRE DE SANTE","source":"Géoportail ANSTAT"}},{"type":"Feature","geometry":{"type":"Point","coordinates":[-7.789442999999949,8.870977000000039]},"properties":{"id":131790,"nom":"CENTRE DE SANTE","type":"centre de santé urbain","district_region":null,"departement_commune":null,"verifie":true,"name":"CENTRE DE SANTE","source":"Géoportail ANSTAT"}},{"type":"Feature","geometry":{"type":"Point","coordinates":[-5.678252999999927,5.842238000000066]},"properties":{"id":131791,"nom":"CENTRE DE SANTE","type":"centre de santé urbain","district_region":null,"departement_commune":null,"verifie":true,"name":"CENTRE DE SANTE","source":"Géoportail ANSTAT"}},{"type":"Feature","geometry":{"type":"Point","coordinates":[-5.670549999999935,5.846535000000074]},"properties":{"id":131792,"nom":"CENTRE DE SANTE A BASE COMMUNAUTAIRE","type":"centre de santé urbain","district_region":null,"departement_commune":null,"verifie":true,"name":"CENTRE DE SANTE A BASE COMMUNAUTAIRE","source":"Géoportail ANSTAT"}},{"type":"Feature","geometry":{"type":"Point","coordinates":[-5.599405999999931,5.976285000000075]},"properties":{"id":131793,"nom":"CENTRE DE SANTE DE DAKOURITRO","type":"centre de santé urbain","district_region":null,"departement_commune":null,"verifie":true,"name":"CENTRE DE SANTE DE DAKOURITRO","source":"Géoportail ANSTAT"}},{"type":"Feature","geometry":{"type":"Point","coordinates":[-5.658206999999948,6.002100000000041]},"properties":{"id":131794,"nom":"CENTRE DE SANTE","type":"centre de santé urbain","district_region":null,"departement_commune":null,"verifie":true,"name":"CENTRE DE SANTE","source":"Géoportail ANSTAT"}},{"type":"Feature","geometry":{"type":"Point","coordinates":[-5.763791999999967,6.021576000000039]},"properties":{"id":131795,"nom":"CENTRE DE SANTE DE GOGNE","type":"centre de santé urbain","district_region":null,"departement_commune":null,"verifie":true,"name":"CENTRE DE SANTE DE GOGNE","source":"Géoportail ANSTAT"}},{"type":"Feature","geometry":{"type":"Point","coordinates":[-5.165618999999936,6.125684000000035]},"properties":{"id":131796,"nom":"CENTRE DE SANTE COMMUNAUTAIRE LE ROYAL DE BOKASSO","type":"centre de santé urbain","district_region":null,"departement_commune":null,"verifie":true,"name":"CENTRE DE SANTE COMMUNAUTAIRE LE ROYAL DE BOKASSO","source":"Géoportail ANSTAT"}},{"type":"Feature","geometry":{"type":"Point","coordinates":[-5.188740999999936,6.14043300000003]},"properties":{"id":131797,"nom":"CENTRE DE SANTE  DE ZEGO","type":"centre de santé urbain","district_region":null,"departement_commune":null,"verifie":true,"name":"CENTRE DE SANTE  DE ZEGO","source":"Géoportail ANSTAT"}},{"type":"Feature","geometry":{"type":"Point","coordinates":[-5.322529999999972,6.158918000000028]},"properties":{"id":131798,"nom":"CENTRE DE SANTE DE GOGOBRO","type":"centre de santé urbain","district_region":null,"departement_commune":null,"verifie":true,"name":"CENTRE DE SANTE DE GOGOBRO","source":"Géoportail ANSTAT"}},{"type":"Feature","geometry":{"type":"Point","coordinates":[-5.18397299999998,6.081578000000036]},"properties":{"id":131799,"nom":"CENTRE DE SANTE DE DAAKO","type":"centre de santé urbain","district_region":null,"departement_commune":null,"verifie":true,"name":"CENTRE DE SANTE DE DAAKO","source":"Géoportail ANSTAT"}},{"type":"Feature","geometry":{"type":"Point","coordinates":[-5.230714999999975,5.48617500000006]},"properties":{"id":131800,"nom":"CENTRE DE SANTE","type":"centre de santé urbain","district_region":null,"departement_commune":null,"verifie":true,"name":"CENTRE DE SANTE","source":"Géoportail ANSTAT"}},{"type":"Feature","geometry":{"type":"Point","coordinates":[-5.293245999999954,5.51881700000007]},"properties":{"id":131801,"nom":"CENTRE DE SANTE DE BABOKON","type":"centre de santé urbain","district_region":null,"departement_commune":null,"verifie":true,"name":"CENTRE DE SANTE DE BABOKON","source":"Géoportail ANSTAT"}},{"type":"Feature","geometry":{"type":"Point","coordinates":[-5.245607999999947,5.598314000000073]},"properties":{"id":131802,"nom":"CENTRE DE SANTE","type":"centre de santé urbain","district_region":null,"departement_commune":null,"verifie":true,"name":"CENTRE DE SANTE","source":"Géoportail ANSTAT"}},{"type":"Feature","geometry":{"type":"Point","coordinates":[-5.34481599999998,5.692262000000028]},"properties":{"id":131803,"nom":"CENTRE DE SANTE DE V1","type":"centre de santé urbain","district_region":null,"departement_commune":null,"verifie":true,"name":"CENTRE DE SANTE DE V1","source":"Géoportail ANSTAT"}},{"type":"Feature","geometry":{"type":"Point","coordinates":[-5.51967499999995,5.855853000000025]},"properties":{"id":131804,"nom":"CENTRE DE SANTE DE GOBIAKRO","type":"centre de santé urbain","district_region":null,"departement_commune":null,"verifie":true,"name":"CENTRE DE SANTE DE GOBIAKRO","source":"Géoportail ANSTAT"}},{"type":"Feature","geometry":{"type":"Point","coordinates":[-5.024348999999972,5.927421000000038]},"properties":{"id":131805,"nom":"CENTRE DE SANTE D HERMANKONO","type":"centre de santé urbain","district_region":null,"departement_commune":null,"verifie":true,"name":"CENTRE DE SANTE D HERMANKONO","source":"Géoportail ANSTAT"}},{"type":"Feature","geometry":{"type":"Point","coordinates":[-5.48694299999994,6.119357000000036]},"properties":{"id":131806,"nom":"CENTRE DE SANTE DE KOFFIKRO","type":"centre de santé urbain","district_region":null,"departement_commune":null,"verifie":true,"name":"CENTRE DE SANTE DE KOFFIKRO","source":"Géoportail ANSTAT"}},{"type":"Feature","geometry":{"type":"Point","coordinates":[-5.735051999999939,5.787833000000035]},"properties":{"id":131807,"nom":"CENTRE DE QANTE RURAL DE NEKO","type":"centre de santé urbain","district_region":null,"departement_commune":null,"verifie":true,"name":"CENTRE DE QANTE RURAL DE NEKO","source":"Géoportail ANSTAT"}},{"type":"Feature","geometry":{"type":"Point","coordinates":[-6.376230999999962,9.956453000000067]},"properties":{"id":131808,"nom":"CENTRE DE SANTE DE BOYO","type":"centre de santé urbain","district_region":null,"departement_commune":null,"verifie":true,"name":"CENTRE DE SANTE DE BOYO","source":"Géoportail ANSTAT"}},{"type":"Feature","geometry":{"type":"Point","coordinates":[-6.372520999999949,10.12532500000003]},"properties":{"id":131809,"nom":"CENTRE DE SANTE","type":"centre de santé urbain","district_region":null,"departement_commune":null,"verifie":true,"name":"CENTRE DE SANTE","source":"Géoportail ANSTAT"}},{"type":"Feature","geometry":{"type":"Point","coordinates":[-6.496475999999973,9.689658000000064]},"properties":{"id":131810,"nom":"CENTRE DE SANTE DE KPAFONON","type":"centre de santé urbain","district_region":null,"departement_commune":null,"verifie":true,"name":"CENTRE DE SANTE DE KPAFONON","source":"Géoportail ANSTAT"}},{"type":"Feature","geometry":{"type":"Point","coordinates":[-6.400891999999942,9.684443000000044]},"properties":{"id":131811,"nom":"CENTRE DE SANTE DE DEMBASSO","type":"centre de santé urbain","district_region":null,"departement_commune":null,"verifie":true,"name":"CENTRE DE SANTE DE DEMBASSO","source":"Géoportail ANSTAT"}},{"type":"Feature","geometry":{"type":"Point","coordinates":[-6.560420999999963,9.771821000000044]},"properties":{"id":131812,"nom":"CENTRE DE SANTE","type":"centre de santé urbain","district_region":null,"departement_commune":null,"verifie":true,"name":"CENTRE DE SANTE","source":"Géoportail ANSTAT"}},{"type":"Feature","geometry":{"type":"Point","coordinates":[-6.645356999999933,9.923572000000036]},"properties":{"id":131813,"nom":"CENTRE DE SANTE DE TINASSO","type":"centre de santé urbain","district_region":null,"departement_commune":null,"verifie":true,"name":"CENTRE DE SANTE DE TINASSO","source":"Géoportail ANSTAT"}},{"type":"Feature","geometry":{"type":"Point","coordinates":[-6.755389999999977,10.03583700000007]},"properties":{"id":131814,"nom":"CENTRE DE SANTE DE KELEGBALA","type":"centre de santé urbain","district_region":null,"departement_commune":null,"verifie":true,"name":"CENTRE DE SANTE DE KELEGBALA","source":"Géoportail ANSTAT"}},{"type":"Feature","geometry":{"type":"Point","coordinates":[-6.85015199999998,10.03930400000007]},"properties":{"id":131815,"nom":"CENTRE DE SANTE DE SIANHALA","type":"centre de santé urbain","district_region":null,"departement_commune":null,"verifie":true,"name":"CENTRE DE SANTE DE SIANHALA","source":"Géoportail ANSTAT"}},{"type":"Feature","geometry":{"type":"Point","coordinates":[-6.247897999999964,9.901879000000063]},"properties":{"id":131816,"nom":"CENTRE DE SANTE DE BAYA","type":"centre de santé urbain","district_region":null,"departement_commune":null,"verifie":true,"name":"CENTRE DE SANTE DE BAYA","source":"Géoportail ANSTAT"}},{"type":"Feature","geometry":{"type":"Point","coordinates":[-6.558179999999936,9.432125000000042]},"properties":{"id":131817,"nom":"CENTRE DE SANTE DE GBEMOU","type":"centre de santé urbain","district_region":null,"departement_commune":null,"verifie":true,"name":"CENTRE DE SANTE DE GBEMOU","source":"Géoportail ANSTAT"}},{"type":"Feature","geometry":{"type":"Point","coordinates":[-6.502401999999961,9.57167400000003]},"properties":{"id":131818,"nom":"CENTRE DE SANTE DE TOMBOUGOU","type":"centre de santé urbain","district_region":null,"departement_commune":null,"verifie":true,"name":"CENTRE DE SANTE DE TOMBOUGOU","source":"Géoportail ANSTAT"}},{"type":"Feature","geometry":{"type":"Point","coordinates":[-6.223736999999971,9.830520000000035]},"properties":{"id":131819,"nom":"CENTRE DE SANTE DE KASSERE","type":"centre de santé urbain","district_region":null,"departement_commune":null,"verifie":true,"name":"CENTRE DE SANTE DE KASSERE","source":"Géoportail ANSTAT"}},{"type":"Feature","geometry":{"type":"Point","coordinates":[-6.393336999999974,10.59383200000008]},"properties":{"id":131820,"nom":"CENTRE DE SANTE DE RURAL DE ZANASSO","type":"centre de santé urbain","district_region":null,"departement_commune":null,"verifie":true,"name":"CENTRE DE SANTE DE RURAL DE ZANASSO","source":"Géoportail ANSTAT"}},{"type":"Feature","geometry":{"type":"Point","coordinates":[-6.638607999999977,10.61979300000007]},"properties":{"id":131821,"nom":"CENTRE DE SANTE DE DEBETE","type":"centre de santé urbain","district_region":null,"departement_commune":null,"verifie":true,"name":"CENTRE DE SANTE DE DEBETE","source":"Géoportail ANSTAT"}},{"type":"Feature","geometry":{"type":"Point","coordinates":[-6.319852999999966,10.31634600000007]},"properties":{"id":131823,"nom":"CENTRE DE SANTE","type":"centre de santé urbain","district_region":null,"departement_commune":null,"verifie":true,"name":"CENTRE DE SANTE","source":"Géoportail ANSTAT"}},{"type":"Feature","geometry":{"type":"Point","coordinates":[-6.319879999999955,10.31633900000003]},"properties":{"id":131824,"nom":"CENTRE DE SANTE DE POPO","type":"centre de santé urbain","district_region":null,"departement_commune":null,"verifie":true,"name":"CENTRE DE SANTE DE POPO","source":"Géoportail ANSTAT"}},{"type":"Feature","geometry":{"type":"Point","coordinates":[-6.339535999999953,10.34810800000002]},"properties":{"id":131825,"nom":"CENTRE DE SANTE DE LOMARA","type":"centre de santé urbain","district_region":null,"departement_commune":null,"verifie":true,"name":"CENTRE DE SANTE DE LOMARA","source":"Géoportail ANSTAT"}},{"type":"Feature","geometry":{"type":"Point","coordinates":[-6.301537999999937,10.40248600000007]},"properties":{"id":131826,"nom":"CENTRE DE SANTE DE POUROU","type":"centre de santé urbain","district_region":null,"departement_commune":null,"verifie":true,"name":"CENTRE DE SANTE DE POUROU","source":"Géoportail ANSTAT"}},{"type":"Feature","geometry":{"type":"Point","coordinates":[-6.242832999999962,10.35843000000006]},"properties":{"id":131827,"nom":"CENTRE DE SANTE DE FALIKOGO","type":"centre de santé urbain","district_region":null,"departement_commune":null,"verifie":true,"name":"CENTRE DE SANTE DE FALIKOGO","source":"Géoportail ANSTAT"}},{"type":"Feature","geometry":{"type":"Point","coordinates":[-5.652343999999971,8.131177000000037]},"properties":{"id":131828,"nom":"CENTRE DE SANTE DE LIGBISSO","type":"centre de santé urbain","district_region":null,"departement_commune":null,"verifie":true,"name":"CENTRE DE SANTE DE LIGBISSO","source":"Géoportail ANSTAT"}},{"type":"Feature","geometry":{"type":"Point","coordinates":[-5.670497999999952,8.21494000000007]},"properties":{"id":131829,"nom":"CENTRE DE SANTE DE BOUANDOUGOU","type":"centre de santé urbain","district_region":null,"departement_commune":null,"verifie":true,"name":"CENTRE DE SANTE DE BOUANDOUGOU","source":"Géoportail ANSTAT"}},{"type":"Feature","geometry":{"type":"Point","coordinates":[-5.719304999999963,8.18007700000004]},"properties":{"id":131830,"nom":"CENTRE DE SANTE DE TIENINGBOUE","type":"centre de santé urbain","district_region":null,"departement_commune":null,"verifie":true,"name":"CENTRE DE SANTE DE TIENINGBOUE","source":"Géoportail ANSTAT"}},{"type":"Feature","geometry":{"type":"Point","coordinates":[-5.788144999999929,8.176897000000054]},"properties":{"id":131831,"nom":"CENTRE DE SANTE","type":"centre de santé urbain","district_region":null,"departement_commune":null,"verifie":true,"name":"CENTRE DE SANTE","source":"Géoportail ANSTAT"}},{"type":"Feature","geometry":{"type":"Point","coordinates":[-5.798583999999948,8.179814000000022]},"properties":{"id":131832,"nom":"CENTRE DE SANTE DE KENEYA","type":"centre de santé urbain","district_region":null,"departement_commune":null,"verifie":true,"name":"CENTRE DE SANTE DE KENEYA","source":"Géoportail ANSTAT"}},{"type":"Feature","geometry":{"type":"Point","coordinates":[-5.798721999999941,8.17979500000007]},"properties":{"id":131833,"nom":"CENTRE DE SANTE DE NINAKIRI","type":"centre de santé urbain","district_region":null,"departement_commune":null,"verifie":true,"name":"CENTRE DE SANTE DE NINAKIRI","source":"Géoportail ANSTAT"}},{"type":"Feature","geometry":{"type":"Point","coordinates":[-5.920905999999945,8.444263000000035]},"properties":{"id":131834,"nom":"CENTRE DE SANTE CATHOLIQUE DE MARANDALLAH","type":"centre de santé urbain","district_region":null,"departement_commune":null,"verifie":true,"name":"CENTRE DE SANTE CATHOLIQUE DE MARANDALLAH","source":"Géoportail ANSTAT"}},{"type":"Feature","geometry":{"type":"Point","coordinates":[-6.120562999999947,8.081416000000047]},"properties":{"id":131835,"nom":"CENTRE DE SANTE DE DIENEDJAN","type":"centre de santé urbain","district_region":null,"departement_commune":null,"verifie":true,"name":"CENTRE DE SANTE DE DIENEDJAN","source":"Géoportail ANSTAT"}},{"type":"Feature","geometry":{"type":"Point","coordinates":[-6.178285999999957,8.02212000000003]},"properties":{"id":131836,"nom":"CENTRE DE SANTE DE OUSSOUGOULA","type":"centre de santé urbain","district_region":null,"departement_commune":null,"verifie":true,"name":"CENTRE DE SANTE DE OUSSOUGOULA","source":"Géoportail ANSTAT"}},{"type":"Feature","geometry":{"type":"Point","coordinates":[-6.253691999999944,8.94950700000004]},"properties":{"id":131837,"nom":"CENTRE DE SANTE DE DIANRA","type":"centre de santé urbain","district_region":null,"departement_commune":null,"verifie":true,"name":"CENTRE DE SANTE DE DIANRA","source":"Géoportail ANSTAT"}},{"type":"Feature","geometry":{"type":"Point","coordinates":[-6.251399999999933,8.653652000000022]},"properties":{"id":131838,"nom":"CENTRE DE SANTE","type":"centre de santé urbain","district_region":null,"departement_commune":null,"verifie":true,"name":"CENTRE DE SANTE","source":"Géoportail ANSTAT"}},{"type":"Feature","geometry":{"type":"Point","coordinates":[-6.456031999999936,8.970613000000071]},"properties":{"id":131839,"nom":"CENTRE DE SANTE DE OUAHIERE","type":"centre de santé urbain","district_region":null,"departement_commune":null,"verifie":true,"name":"CENTRE DE SANTE DE OUAHIERE","source":"Géoportail ANSTAT"}},{"type":"Feature","geometry":{"type":"Point","coordinates":[-6.054853999999978,7.725862000000063]},"properties":{"id":131840,"nom":"CENTRE DE SANTE","type":"centre de santé urbain","district_region":null,"departement_commune":null,"verifie":true,"name":"CENTRE DE SANTE","source":"Géoportail ANSTAT"}},{"type":"Feature","geometry":{"type":"Point","coordinates":[-6.679957999999942,10.24696400000005]},"properties":{"id":131841,"nom":"CENTRE DE SANTE","type":"centre de santé urbain","district_region":null,"departement_commune":null,"verifie":true,"name":"CENTRE DE SANTE","source":"Géoportail ANSTAT"}},{"type":"Feature","geometry":{"type":"Point","coordinates":[-6.814194999999927,10.35689400000007]},"properties":{"id":131842,"nom":"CENTRE DE SANTE DE OUELLI","type":"centre de santé urbain","district_region":null,"departement_commune":null,"verifie":true,"name":"CENTRE DE SANTE DE OUELLI","source":"Géoportail ANSTAT"}},{"type":"Feature","geometry":{"type":"Point","coordinates":[-6.919056999999952,10.12050300000004]},"properties":{"id":131843,"nom":"CENTRE DE SANTE","type":"centre de santé urbain","district_region":null,"departement_commune":null,"verifie":true,"name":"CENTRE DE SANTE","source":"Géoportail ANSTAT"}},{"type":"Feature","geometry":{"type":"Point","coordinates":[-6.933823999999959,10.31102600000003]},"properties":{"id":131844,"nom":"CENTRE DE SANTE DE GOUEYA","type":"centre de santé urbain","district_region":null,"departement_commune":null,"verifie":true,"name":"CENTRE DE SANTE DE GOUEYA","source":"Géoportail ANSTAT"}},{"type":"Feature","geometry":{"type":"Point","coordinates":[-7.12283599999995,10.15562300000005]},"properties":{"id":131845,"nom":"CENTRE DE SANTE DE TAHARA","type":"centre de santé urbain","district_region":null,"departement_commune":null,"verifie":true,"name":"CENTRE DE SANTE DE TAHARA","source":"Géoportail ANSTAT"}},{"type":"Feature","geometry":{"type":"Point","coordinates":[-7.323292999999978,9.80381600000004]},"properties":{"id":131846,"nom":"CENTRE DE SANTE DE MANADOUN","type":"centre de santé urbain","district_region":null,"departement_commune":null,"verifie":true,"name":"CENTRE DE SANTE DE MANADOUN","source":"Géoportail ANSTAT"}},{"type":"Feature","geometry":{"type":"Point","coordinates":[-7.396414999999934,10.11889100000008]},"properties":{"id":131847,"nom":"CENTRE DE SANTE","type":"centre de santé urbain","district_region":null,"departement_commune":null,"verifie":true,"name":"CENTRE DE SANTE","source":"Géoportail ANSTAT"}},{"type":"Feature","geometry":{"type":"Point","coordinates":[-7.514547999999934,10.36105700000007]},"properties":{"id":131848,"nom":"CENTRE DE SANTE","type":"centre de santé urbain","district_region":null,"departement_commune":null,"verifie":true,"name":"CENTRE DE SANTE","source":"Géoportail ANSTAT"}},{"type":"Feature","geometry":{"type":"Point","coordinates":[-7.554429999999968,10.14228900000006]},"properties":{"id":131849,"nom":"CENTRE DE SANTE DE KABANGOUE","type":"centre de santé urbain","district_region":null,"departement_commune":null,"verifie":true,"name":"CENTRE DE SANTE DE KABANGOUE","source":"Géoportail ANSTAT"}},{"type":"Feature","geometry":{"type":"Point","coordinates":[-7.561691999999937,9.944858000000067]},"properties":{"id":131850,"nom":"CENTRE DE SANTE","type":"centre de santé urbain","district_region":null,"departement_commune":null,"verifie":true,"name":"CENTRE DE SANTE","source":"Géoportail ANSTAT"}},{"type":"Feature","geometry":{"type":"Point","coordinates":[-7.604235999999958,10.32879300000008]},"properties":{"id":131851,"nom":"CENTRE DE SANTE","type":"centre de santé urbain","district_region":null,"departement_commune":null,"verifie":true,"name":"CENTRE DE SANTE","source":"Géoportail ANSTAT"}},{"type":"Feature","geometry":{"type":"Point","coordinates":[-3.379336999999964,6.645578000000057]},"properties":{"id":131852,"nom":"CENTRE DE SANTE","type":"centre de santé urbain","district_region":null,"departement_commune":null,"verifie":true,"name":"CENTRE DE SANTE","source":"Géoportail ANSTAT"}},{"type":"Feature","geometry":{"type":"Point","coordinates":[-3.527511999999945,6.819242000000031]},"properties":{"id":131853,"nom":"CENTRE DE SANTE","type":"centre de santé urbain","district_region":null,"departement_commune":null,"verifie":true,"name":"CENTRE DE SANTE","source":"Géoportail ANSTAT"}},{"type":"Feature","geometry":{"type":"Point","coordinates":[-3.60502299999996,6.716622000000029]},"properties":{"id":131854,"nom":"CENTRE DE SANTE DE KODJINAN","type":"centre de santé urbain","district_region":null,"departement_commune":null,"verifie":true,"name":"CENTRE DE SANTE DE KODJINAN","source":"Géoportail ANSTAT"}},{"type":"Feature","geometry":{"type":"Point","coordinates":[-3.63038899999998,6.575778000000071]},"properties":{"id":131855,"nom":"CENTRE DE SANTE ASSAKRO","type":"centre de santé urbain","district_region":null,"departement_commune":null,"verifie":true,"name":"CENTRE DE SANTE ASSAKRO","source":"Géoportail ANSTAT"}},{"type":"Feature","geometry":{"type":"Point","coordinates":[-3.639834999999948,6.470315000000028]},"properties":{"id":131856,"nom":"CENTRE DE SANTE DE AMIAN KOUASSIKRO","type":"centre de santé urbain","district_region":null,"departement_commune":null,"verifie":true,"name":"CENTRE DE SANTE DE AMIAN KOUASSIKRO","source":"Géoportail ANSTAT"}},{"type":"Feature","geometry":{"type":"Point","coordinates":[-3.680576999999971,6.656669000000022]},"properties":{"id":131857,"nom":"CENTRE DE SANTE ANIASSUE","type":"centre de santé urbain","district_region":null,"departement_commune":null,"verifie":true,"name":"CENTRE DE SANTE ANIASSUE","source":"Géoportail ANSTAT"}},{"type":"Feature","geometry":{"type":"Point","coordinates":[-3.736703999999975,6.992206000000067]},"properties":{"id":131858,"nom":"CENTRE DE SANTE","type":"centre de santé urbain","district_region":null,"departement_commune":null,"verifie":true,"name":"CENTRE DE SANTE","source":"Géoportail ANSTAT"}},{"type":"Feature","geometry":{"type":"Point","coordinates":[-3.742831999999964,6.825917000000061]},"properties":{"id":131859,"nom":"CENTRE DE SANTE  DE SATIKRAN","type":"centre de santé urbain","district_region":null,"departement_commune":null,"verifie":true,"name":"CENTRE DE SANTE  DE SATIKRAN","source":"Géoportail ANSTAT"}},{"type":"Feature","geometry":{"type":"Point","coordinates":[-3.344906999999978,6.479025000000036]},"properties":{"id":131860,"nom":"CENTRE DE SANTE","type":"centre de santé urbain","district_region":null,"departement_commune":null,"verifie":true,"name":"CENTRE DE SANTE","source":"Géoportail ANSTAT"}},{"type":"Feature","geometry":{"type":"Point","coordinates":[-3.691304999999943,6.969684000000029]},"properties":{"id":131861,"nom":"CENTRE DE SANTE DE ELINSO","type":"centre de santé urbain","district_region":null,"departement_commune":null,"verifie":true,"name":"CENTRE DE SANTE DE ELINSO","source":"Géoportail ANSTAT"}},{"type":"Feature","geometry":{"type":"Point","coordinates":[-3.223068999999953,7.139320000000055]},"properties":{"id":131862,"nom":"CENTRE DE SANTE AGNI OUEST","type":"centre de santé urbain","district_region":null,"departement_commune":null,"verifie":true,"name":"CENTRE DE SANTE AGNI OUEST","source":"Géoportail ANSTAT"}},{"type":"Feature","geometry":{"type":"Point","coordinates":[-3.289486999999951,6.84077000000002]},"properties":{"id":131863,"nom":"CENTRE DE SANTE  RURAL","type":"centre de santé urbain","district_region":null,"departement_commune":null,"verifie":true,"name":"CENTRE DE SANTE  RURAL","source":"Géoportail ANSTAT"}},{"type":"Feature","geometry":{"type":"Point","coordinates":[-3.445130999999947,7.087096000000031]},"properties":{"id":131864,"nom":"CENTRE DE SANTE","type":"centre de santé urbain","district_region":null,"departement_commune":null,"verifie":true,"name":"CENTRE DE SANTE","source":"Géoportail ANSTAT"}},{"type":"Feature","geometry":{"type":"Point","coordinates":[-3.471897999999953,7.335314000000039]},"properties":{"id":131865,"nom":"CENTRE DE SANTE","type":"centre de santé urbain","district_region":null,"departement_commune":null,"verifie":true,"name":"CENTRE DE SANTE","source":"Géoportail ANSTAT"}},{"type":"Feature","geometry":{"type":"Point","coordinates":[-3.572895999999957,7.250231000000042]},"properties":{"id":131866,"nom":"CENTRE DE SANTE DE COMOE NDANOU","type":"centre de santé urbain","district_region":null,"departement_commune":null,"verifie":true,"name":"CENTRE DE SANTE DE COMOE NDANOU","source":"Géoportail ANSTAT"}},{"type":"Feature","geometry":{"type":"Point","coordinates":[-3.317228999999941,6.23391300000003]},"properties":{"id":131867,"nom":"CENTRE DE SANTE DE DIAMARAKRO","type":"centre de santé urbain","district_region":null,"departement_commune":null,"verifie":true,"name":"CENTRE DE SANTE DE DIAMARAKRO","source":"Géoportail ANSTAT"}},{"type":"Feature","geometry":{"type":"Point","coordinates":[-3.336945999999955,6.130526000000032]},"properties":{"id":131868,"nom":"CENTRE DE SANTE DE V1","type":"centre de santé urbain","district_region":null,"departement_commune":null,"verifie":true,"name":"CENTRE DE SANTE DE V1","source":"Géoportail ANSTAT"}},{"type":"Feature","geometry":{"type":"Point","coordinates":[-6.89847999999995,9.11879700000003]},"properties":{"id":131869,"nom":"CENTRE DE SANTE DE GBONGAHA","type":"centre de santé urbain","district_region":null,"departement_commune":null,"verifie":true,"name":"CENTRE DE SANTE DE GBONGAHA","source":"Géoportail ANSTAT"}},{"type":"Feature","geometry":{"type":"Point","coordinates":[-7.035703999999953,9.49182600000006]},"properties":{"id":131870,"nom":"CENTRE DE SANTE","type":"centre de santé urbain","district_region":null,"departement_commune":null,"verifie":true,"name":"CENTRE DE SANTE","source":"Géoportail ANSTAT"}},{"type":"Feature","geometry":{"type":"Point","coordinates":[-7.565119999999979,9.820816000000036]},"properties":{"id":131871,"nom":"CENTRE DE SANTE DE SAMATIGUILA","type":"centre de santé urbain","district_region":null,"departement_commune":null,"verifie":true,"name":"CENTRE DE SANTE DE SAMATIGUILA","source":"Géoportail ANSTAT"}},{"type":"Feature","geometry":{"type":"Point","coordinates":[-7.660769999999957,9.971592000000044]},"properties":{"id":131872,"nom":"CENTRE DE SANTE","type":"centre de santé urbain","district_region":null,"departement_commune":null,"verifie":true,"name":"CENTRE DE SANTE","source":"Géoportail ANSTAT"}},{"type":"Feature","geometry":{"type":"Point","coordinates":[-7.695317999999929,9.854387000000033]},"properties":{"id":131873,"nom":"CENTRE DE SANTE","type":"centre de santé urbain","district_region":null,"departement_commune":null,"verifie":true,"name":"CENTRE DE SANTE","source":"Géoportail ANSTAT"}},{"type":"Feature","geometry":{"type":"Point","coordinates":[-7.733395999999971,9.66194100000007]},"properties":{"id":131874,"nom":"CENTRE DE SANTE DE SAMANGO","type":"centre de santé urbain","district_region":null,"departement_commune":null,"verifie":true,"name":"CENTRE DE SANTE DE SAMANGO","source":"Géoportail ANSTAT"}},{"type":"Feature","geometry":{"type":"Point","coordinates":[-7.843580999999972,9.416402000000062]},"properties":{"id":131875,"nom":"CENTRE DE SANTE DE SIRANA","type":"centre de santé urbain","district_region":null,"departement_commune":null,"verifie":true,"name":"CENTRE DE SANTE DE SIRANA","source":"Géoportail ANSTAT"}},{"type":"Feature","geometry":{"type":"Point","coordinates":[-3.768029999999953,5.67181400000004]},"properties":{"id":131876,"nom":"CENTRE DE SANTE BETHANIE DE DANGUIRA","type":"centre de santé urbain","district_region":null,"departement_commune":null,"verifie":true,"name":"CENTRE DE SANTE BETHANIE DE DANGUIRA","source":"Géoportail ANSTAT"}},{"type":"Feature","geometry":{"type":"Point","coordinates":[-3.768451999999968,5.657711000000063]},"properties":{"id":131877,"nom":"CENTRE DE SANTE COMMUNAUTAIRE DE L ONG ACID","type":"centre de santé urbain","district_region":null,"departement_commune":null,"verifie":true,"name":"CENTRE DE SANTE COMMUNAUTAIRE DE L ONG ACID","source":"Géoportail ANSTAT"}},{"type":"Feature","geometry":{"type":"Point","coordinates":[-3.759125999999981,5.771485000000041]},"properties":{"id":131878,"nom":"CENTRE DE SANTE","type":"centre de santé urbain","district_region":null,"departement_commune":null,"verifie":true,"name":"CENTRE DE SANTE","source":"Géoportail ANSTAT"}},{"type":"Feature","geometry":{"type":"Point","coordinates":[-3.404423999999949,5.737961000000041]},"properties":{"id":131879,"nom":"CENTRE DE SANTE","type":"centre de santé urbain","district_region":null,"departement_commune":null,"verifie":true,"name":"CENTRE DE SANTE","source":"Géoportail ANSTAT"}},{"type":"Feature","geometry":{"type":"Point","coordinates":[-3.762842999999975,5.47680900000006]},"properties":{"id":131880,"nom":"CENTRE DE SANTE","type":"centre de santé urbain","district_region":null,"departement_commune":null,"verifie":true,"name":"CENTRE DE SANTE","source":"Géoportail ANSTAT"}},{"type":"Feature","geometry":{"type":"Point","coordinates":[-3.514705999999933,6.273302000000058]},"properties":{"id":131881,"nom":"CENTRE DE SANTE","type":"centre de santé urbain","district_region":null,"departement_commune":null,"verifie":true,"name":"CENTRE DE SANTE","source":"Géoportail ANSTAT"}},{"type":"Feature","geometry":{"type":"Point","coordinates":[-3.541340999999932,6.24826100000007]},"properties":{"id":131882,"nom":"CENTRE DE SANTE D ABONGUOUA","type":"centre de santé urbain","district_region":null,"departement_commune":null,"verifie":true,"name":"CENTRE DE SANTE D ABONGUOUA","source":"Géoportail ANSTAT"}},{"type":"Feature","geometry":{"type":"Point","coordinates":[-3.642774999999972,6.119350000000054]},"properties":{"id":131883,"nom":"CENTRE DE SANTE","type":"centre de santé urbain","district_region":null,"departement_commune":null,"verifie":true,"name":"CENTRE DE SANTE","source":"Géoportail ANSTAT"}},{"type":"Feature","geometry":{"type":"Point","coordinates":[-3.642952999999977,6.14961500000004]},"properties":{"id":131884,"nom":"CENTRE DE SANTE DE ONG ASSOCIATION DE COOPERATION INTERNATIONALE POUR LE DEVELOPPEMENT","type":"centre de santé urbain","district_region":null,"departement_commune":null,"verifie":true,"name":"CENTRE DE SANTE DE ONG ASSOCIATION DE COOPERATION INTERNATIONALE POUR LE DEVELOPPEMENT","source":"Géoportail ANSTAT"}},{"type":"Feature","geometry":{"type":"Point","coordinates":[-3.719964999999945,6.167062000000044]},"properties":{"id":131885,"nom":"CENTRE DE SANTE","type":"centre de santé urbain","district_region":null,"departement_commune":null,"verifie":true,"name":"CENTRE DE SANTE","source":"Géoportail ANSTAT"}},{"type":"Feature","geometry":{"type":"Point","coordinates":[-4.01637999999997,6.207243000000062]},"properties":{"id":131886,"nom":"CENTRE DE SANTE DE DODOKOI","type":"centre de santé urbain","district_region":null,"departement_commune":null,"verifie":true,"name":"CENTRE DE SANTE DE DODOKOI","source":"Géoportail ANSTAT"}},{"type":"Feature","geometry":{"type":"Point","coordinates":[-3.802664999999934,6.192075000000045]},"properties":{"id":131887,"nom":"CENTRE DE SANTE DE MOAPE","type":"centre de santé urbain","district_region":null,"departement_commune":null,"verifie":true,"name":"CENTRE DE SANTE DE MOAPE","source":"Géoportail ANSTAT"}},{"type":"Feature","geometry":{"type":"Point","coordinates":[-3.857039999999927,6.344128000000069]},"properties":{"id":131888,"nom":"CENTRE DE SANTE","type":"centre de santé urbain","district_region":null,"departement_commune":null,"verifie":true,"name":"CENTRE DE SANTE","source":"Géoportail ANSTAT"}},{"type":"Feature","geometry":{"type":"Point","coordinates":[-3.903239999999926,6.356086000000062]},"properties":{"id":131889,"nom":"CENTRE DE SANTE DE BACON","type":"centre de santé urbain","district_region":null,"departement_commune":null,"verifie":true,"name":"CENTRE DE SANTE DE BACON","source":"Géoportail ANSTAT"}},{"type":"Feature","geometry":{"type":"Point","coordinates":[-3.771493999999961,5.908945000000074]},"properties":{"id":131890,"nom":"CENTRE DE SANTE D ANNEPE","type":"centre de santé urbain","district_region":null,"departement_commune":null,"verifie":true,"name":"CENTRE DE SANTE D ANNEPE","source":"Géoportail ANSTAT"}},{"type":"Feature","geometry":{"type":"Point","coordinates":[-3.45062299999995,5.520922000000041]},"properties":{"id":131891,"nom":"CENTRE DE SANTE","type":"centre de santé urbain","district_region":null,"departement_commune":null,"verifie":true,"name":"CENTRE DE SANTE","source":"Géoportail ANSTAT"}},{"type":"Feature","geometry":{"type":"Point","coordinates":[-3.739275999999961,5.277603000000056]},"properties":{"id":131892,"nom":"CENTRE DE SANTE D EBRAH","type":"centre de santé urbain","district_region":null,"departement_commune":null,"verifie":true,"name":"CENTRE DE SANTE D EBRAH","source":"Géoportail ANSTAT"}},{"type":"Feature","geometry":{"type":"Point","coordinates":[-3.723450999999955,5.220866000000058]},"properties":{"id":131893,"nom":"CENTRE DE SANTE COMMUNAUTAIRE OLLO GABRIEL","type":"centre de santé urbain","district_region":null,"departement_commune":null,"verifie":true,"name":"CENTRE DE SANTE COMMUNAUTAIRE OLLO GABRIEL","source":"Géoportail ANSTAT"}},{"type":"Feature","geometry":{"type":"Point","coordinates":[-3.382133999999951,5.294583000000046]},"properties":{"id":131894,"nom":"CENTRE DE SANTE","type":"centre de santé urbain","district_region":null,"departement_commune":null,"verifie":true,"name":"CENTRE DE SANTE","source":"Géoportail ANSTAT"}},{"type":"Feature","geometry":{"type":"Point","coordinates":[-3.39189099999993,5.226186000000041]},"properties":{"id":131895,"nom":"CENTRE DE SANTE","type":"centre de santé urbain","district_region":null,"departement_commune":null,"verifie":true,"name":"CENTRE DE SANTE","source":"Géoportail ANSTAT"}},{"type":"Feature","geometry":{"type":"Point","coordinates":[-3.289977999999962,5.135890000000074]},"properties":{"id":131896,"nom":"CENTRE DE SANTE DE ASSINIE MAFIA","type":"centre de santé urbain","district_region":null,"departement_commune":null,"verifie":true,"name":"CENTRE DE SANTE DE ASSINIE MAFIA","source":"Géoportail ANSTAT"}},{"type":"Feature","geometry":{"type":"Point","coordinates":[-3.126096999999959,5.153161000000068]},"properties":{"id":131897,"nom":"CENTRE DE SANTE DE MOHOUA","type":"centre de santé urbain","district_region":null,"departement_commune":null,"verifie":true,"name":"CENTRE DE SANTE DE MOHOUA","source":"Géoportail ANSTAT"}},{"type":"Feature","geometry":{"type":"Point","coordinates":[-2.897231999999974,5.181779000000063]},"properties":{"id":131898,"nom":"CENTRE DE SANTE","type":"centre de santé urbain","district_region":null,"departement_commune":null,"verifie":true,"name":"CENTRE DE SANTE","source":"Géoportail ANSTAT"}},{"type":"Feature","geometry":{"type":"Point","coordinates":[-3.264242999999965,5.43925100000007]},"properties":{"id":131899,"nom":"CENTRE DE SANTE AYEBO","type":"centre de santé urbain","district_region":null,"departement_commune":null,"verifie":true,"name":"CENTRE DE SANTE AYEBO","source":"Géoportail ANSTAT"}},{"type":"Feature","geometry":{"type":"Point","coordinates":[-3.328251999999964,5.47750700000006]},"properties":{"id":131900,"nom":"CENTRE DE SANTE DE KOHOUROU","type":"centre de santé urbain","district_region":null,"departement_commune":null,"verifie":true,"name":"CENTRE DE SANTE DE KOHOUROU","source":"Géoportail ANSTAT"}},{"type":"Feature","geometry":{"type":"Point","coordinates":[-3.425743999999952,5.451592000000062]},"properties":{"id":131901,"nom":"CENTRE DE SANTE","type":"centre de santé urbain","district_region":null,"departement_commune":null,"verifie":true,"name":"CENTRE DE SANTE","source":"Géoportail ANSTAT"}},{"type":"Feature","geometry":{"type":"Point","coordinates":[-3.44075399999997,5.360019000000023]},"properties":{"id":131902,"nom":"CENTRE DE SANTE DE KOUAKOUKRO LIMITE","type":"centre de santé urbain","district_region":null,"departement_commune":null,"verifie":true,"name":"CENTRE DE SANTE DE KOUAKOUKRO LIMITE","source":"Géoportail ANSTAT"}},{"type":"Feature","geometry":{"type":"Point","coordinates":[-3.175565999999947,5.964484000000027]},"properties":{"id":131903,"nom":"CENTRE DE SANTE D APPOUASSO","type":"centre de santé urbain","district_region":null,"departement_commune":null,"verifie":true,"name":"CENTRE DE SANTE D APPOUASSO","source":"Géoportail ANSTAT"}},{"type":"Feature","geometry":{"type":"Point","coordinates":[-2.872485999999981,5.536653000000058]},"properties":{"id":131904,"nom":"CENTRE DE SANTE DE KOTOKA","type":"centre de santé urbain","district_region":null,"departement_commune":null,"verifie":true,"name":"CENTRE DE SANTE DE KOTOKA","source":"Géoportail ANSTAT"}},{"type":"Feature","geometry":{"type":"Point","coordinates":[-2.926166999999964,5.407677000000035]},"properties":{"id":131905,"nom":"CENTRE DE SANTE D AFFIENOU","type":"centre de santé urbain","district_region":null,"departement_commune":null,"verifie":true,"name":"CENTRE DE SANTE D AFFIENOU","source":"Géoportail ANSTAT"}},{"type":"Feature","geometry":{"type":"Point","coordinates":[-3.190691999999956,6.011106000000041]},"properties":{"id":131906,"nom":"CENTRE DE SANTE ANOUANZE","type":"centre de santé urbain","district_region":null,"departement_commune":null,"verifie":true,"name":"CENTRE DE SANTE ANOUANZE","source":"Géoportail ANSTAT"}},{"type":"Feature","geometry":{"type":"Point","coordinates":[-3.209922999999947,5.485820000000047]},"properties":{"id":131907,"nom":"CENTRE DE SANTE","type":"centre de santé urbain","district_region":null,"departement_commune":null,"verifie":true,"name":"CENTRE DE SANTE","source":"Géoportail ANSTAT"}},{"type":"Feature","geometry":{"type":"Point","coordinates":[-5.192307999999969,8.451750000000061]},"properties":{"id":131908,"nom":"CENTRE DE SANTE DE OUEREGUEKAHA","type":"centre de santé urbain","district_region":null,"departement_commune":null,"verifie":true,"name":"CENTRE DE SANTE DE OUEREGUEKAHA","source":"Géoportail ANSTAT"}},{"type":"Feature","geometry":{"type":"Point","coordinates":[-5.252351999999973,8.063942000000054]},"properties":{"id":131909,"nom":"CENTRE DE SANTE","type":"centre de santé urbain","district_region":null,"departement_commune":null,"verifie":true,"name":"CENTRE DE SANTE","source":"Géoportail ANSTAT"}},{"type":"Feature","geometry":{"type":"Point","coordinates":[-4.620473999999945,8.297141000000067]},"properties":{"id":131910,"nom":"CENTRE DE SANTE","type":"centre de santé urbain","district_region":null,"departement_commune":null,"verifie":true,"name":"CENTRE DE SANTE","source":"Géoportail ANSTAT"}},{"type":"Feature","geometry":{"type":"Point","coordinates":[-5.166214999999966,9.198524000000075]},"properties":{"id":131911,"nom":"CENTRE DE SANTE DE BADIKAHA","type":"centre de santé urbain","district_region":null,"departement_commune":null,"verifie":true,"name":"CENTRE DE SANTE DE BADIKAHA","source":"Géoportail ANSTAT"}},{"type":"Feature","geometry":{"type":"Point","coordinates":[-7.779394999999965,7.270201000000043]},"properties":{"id":131912,"nom":"CENTRE DE DEPISTAGE VOLONTAIRE CDV","type":"centre de santé urbain","district_region":null,"departement_commune":null,"verifie":true,"name":"CENTRE DE DEPISTAGE VOLONTAIRE CDV","source":"Géoportail ANSTAT"}},{"type":"Feature","geometry":{"type":"Point","coordinates":[-7.580745999999976,7.20936800000004]},"properties":{"id":131913,"nom":"CENTRE DE SANTE DE DOUELE","type":"centre de santé urbain","district_region":null,"departement_commune":null,"verifie":true,"name":"CENTRE DE SANTE DE DOUELE","source":"Géoportail ANSTAT"}},{"type":"Feature","geometry":{"type":"Point","coordinates":[-7.553863999999976,7.115535000000023]},"properties":{"id":131914,"nom":"CENTRE DE SANTE  URBAIN DE LOGOUALE","type":"centre de santé urbain","district_region":null,"departement_commune":null,"verifie":true,"name":"CENTRE DE SANTE  URBAIN DE LOGOUALE","source":"Géoportail ANSTAT"}},{"type":"Feature","geometry":{"type":"Point","coordinates":[-8.27417399999996,6.782412000000022]},"properties":{"id":131915,"nom":"CENTRE DE SANTE DE DIEPLEU","type":"centre de santé urbain","district_region":null,"departement_commune":null,"verifie":true,"name":"CENTRE DE SANTE DE DIEPLEU","source":"Géoportail ANSTAT"}},{"type":"Feature","geometry":{"type":"Point","coordinates":[-8.15856599999995,6.887120000000039]},"properties":{"id":131916,"nom":"CENTRE DE SANTE DE KOUEPLEU","type":"centre de santé urbain","district_region":null,"departement_commune":null,"verifie":true,"name":"CENTRE DE SANTE DE KOUEPLEU","source":"Géoportail ANSTAT"}},{"type":"Feature","geometry":{"type":"Point","coordinates":[-8.131155999999976,6.897490000000062]},"properties":{"id":131917,"nom":"CENTRE DE SANTE DE OUYATOUO","type":"centre de santé urbain","district_region":null,"departement_commune":null,"verifie":true,"name":"CENTRE DE SANTE DE OUYATOUO","source":"Géoportail ANSTAT"}},{"type":"Feature","geometry":{"type":"Point","coordinates":[-8.227100999999948,6.924469000000045]},"properties":{"id":131918,"nom":"CENTRE DE SANTE DE BOUENEU","type":"centre de santé urbain","district_region":null,"departement_commune":null,"verifie":true,"name":"CENTRE DE SANTE DE BOUENEU","source":"Géoportail ANSTAT"}},{"type":"Feature","geometry":{"type":"Point","coordinates":[-8.158249999999953,7.24550000000005]},"properties":{"id":131919,"nom":"CENTRE DE PROTECTION","type":"centre de santé urbain","district_region":null,"departement_commune":null,"verifie":true,"name":"CENTRE DE PROTECTION","source":"Géoportail ANSTAT"}},{"type":"Feature","geometry":{"type":"Point","coordinates":[-8.284873999999945,7.235306000000037]},"properties":{"id":131920,"nom":"CENTRE DE SANTE","type":"centre de santé urbain","district_region":null,"departement_commune":null,"verifie":true,"name":"CENTRE DE SANTE","source":"Géoportail ANSTAT"}},{"type":"Feature","geometry":{"type":"Point","coordinates":[-8.284843999999964,7.235298000000057]},"properties":{"id":131921,"nom":"CENTRE DE SANTE DE GOUTRO","type":"centre de santé urbain","district_region":null,"departement_commune":null,"verifie":true,"name":"CENTRE DE SANTE DE GOUTRO","source":"Géoportail ANSTAT"}},{"type":"Feature","geometry":{"type":"Point","coordinates":[-8.353537999999958,7.327302000000032]},"properties":{"id":131922,"nom":"CENTRE DE SANTE DE GLAN HOUYE","type":"centre de santé urbain","district_region":null,"departement_commune":null,"verifie":true,"name":"CENTRE DE SANTE DE GLAN HOUYE","source":"Géoportail ANSTAT"}},{"type":"Feature","geometry":{"type":"Point","coordinates":[-8.26276699999994,7.389429000000064]},"properties":{"id":131923,"nom":"CENTRE DE SANTE DE KOUAN HOULE","type":"centre de santé urbain","district_region":null,"departement_commune":null,"verifie":true,"name":"CENTRE DE SANTE DE KOUAN HOULE","source":"Géoportail ANSTAT"}},{"type":"Feature","geometry":{"type":"Point","coordinates":[-7.985835999999949,7.909666000000072]},"properties":{"id":131925,"nom":"CENTRE DE SANTE DE GLANGOUALE","type":"centre de santé urbain","district_region":null,"departement_commune":null,"verifie":true,"name":"CENTRE DE SANTE DE GLANGOUALE","source":"Géoportail ANSTAT"}},{"type":"Feature","geometry":{"type":"Point","coordinates":[-7.75563399999993,7.576513000000034]},"properties":{"id":131926,"nom":"CENTRE DE SANTE ALBERT MABRI TOIKEUSSE DE KLAPLEU","type":"centre de santé urbain","district_region":null,"departement_commune":null,"verifie":true,"name":"CENTRE DE SANTE ALBERT MABRI TOIKEUSSE DE KLAPLEU","source":"Géoportail ANSTAT"}},{"type":"Feature","geometry":{"type":"Point","coordinates":[-8.316726999999958,6.781726000000049]},"properties":{"id":131927,"nom":"CENTRE DE SANTE DE BIN HOUYE","type":"centre de santé urbain","district_region":null,"departement_commune":null,"verifie":true,"name":"CENTRE DE SANTE DE BIN HOUYE","source":"Géoportail ANSTAT"}},{"type":"Feature","geometry":{"type":"Point","coordinates":[-7.933254999999974,7.221611000000053]},"properties":{"id":131928,"nom":"CENTRE DE SANTE COMMMUNAUTAIRE DE MAHAPLEU","type":"centre de santé urbain","district_region":null,"departement_commune":null,"verifie":true,"name":"CENTRE DE SANTE COMMMUNAUTAIRE DE MAHAPLEU","source":"Géoportail ANSTAT"}},{"type":"Feature","geometry":{"type":"Point","coordinates":[-4.244695999999976,7.665777000000048]},"properties":{"id":131929,"nom":"CENTRE DE SANTE DE BONGUERA","type":"centre de santé urbain","district_region":null,"departement_commune":null,"verifie":true,"name":"CENTRE DE SANTE DE BONGUERA","source":"Géoportail ANSTAT"}},{"type":"Feature","geometry":{"type":"Point","coordinates":[-4.001022999999975,7.581095000000062]},"properties":{"id":131930,"nom":"CENTRE DE SANTE","type":"centre de santé urbain","district_region":null,"departement_commune":null,"verifie":true,"name":"CENTRE DE SANTE","source":"Géoportail ANSTAT"}},{"type":"Feature","geometry":{"type":"Point","coordinates":[-4.457645999999954,7.785582000000034]},"properties":{"id":131931,"nom":"CENTRE DE SANTE DE KPAKPANOU","type":"centre de santé urbain","district_region":null,"departement_commune":null,"verifie":true,"name":"CENTRE DE SANTE DE KPAKPANOU","source":"Géoportail ANSTAT"}},{"type":"Feature","geometry":{"type":"Point","coordinates":[-4.542138999999963,7.445145000000025]},"properties":{"id":131932,"nom":"CENTRE DE SANTE DE SAHEBO","type":"centre de santé urbain","district_region":null,"departement_commune":null,"verifie":true,"name":"CENTRE DE SANTE DE SAHEBO","source":"Géoportail ANSTAT"}},{"type":"Feature","geometry":{"type":"Point","coordinates":[-4.532293999999979,7.396926000000065]},"properties":{"id":131933,"nom":"CENTRE DE SANTE DE POBIKRO","type":"centre de santé urbain","district_region":null,"departement_commune":null,"verifie":true,"name":"CENTRE DE SANTE DE POBIKRO","source":"Géoportail ANSTAT"}},{"type":"Feature","geometry":{"type":"Point","coordinates":[-3.93093099999993,7.699705000000051]},"properties":{"id":131934,"nom":"CENTRE DE SANTE DE LINGUEZAN","type":"centre de santé urbain","district_region":null,"departement_commune":null,"verifie":true,"name":"CENTRE DE SANTE DE LINGUEZAN","source":"Géoportail ANSTAT"}},{"type":"Feature","geometry":{"type":"Point","coordinates":[-3.941106999999931,7.521830000000023]},"properties":{"id":131935,"nom":"CENTRE DE SANTE DE GBANGBO NDAKRO","type":"centre de santé urbain","district_region":null,"departement_commune":null,"verifie":true,"name":"CENTRE DE SANTE DE GBANGBO NDAKRO","source":"Géoportail ANSTAT"}},{"type":"Feature","geometry":{"type":"Point","coordinates":[-3.579733999999974,7.339787000000058]},"properties":{"id":131936,"nom":"CENTRE DE SANTE DE  KATIMASSOU","type":"centre de santé urbain","district_region":null,"departement_commune":null,"verifie":true,"name":"CENTRE DE SANTE DE  KATIMASSOU","source":"Géoportail ANSTAT"}},{"type":"Feature","geometry":{"type":"Point","coordinates":[-4.592577999999946,7.510550000000023]},"properties":{"id":131937,"nom":"CENTRE DE SANTE DE SONDO","type":"centre de santé urbain","district_region":null,"departement_commune":null,"verifie":true,"name":"CENTRE DE SANTE DE SONDO","source":"Géoportail ANSTAT"}},{"type":"Feature","geometry":{"type":"Point","coordinates":[-4.943314999999927,9.325131000000056]},"properties":{"id":131938,"nom":"CENTRE DE SANTE DE YEDIANDEKAHA","type":"centre de santé urbain","district_region":null,"departement_commune":null,"verifie":true,"name":"CENTRE DE SANTE DE YEDIANDEKAHA","source":"Géoportail ANSTAT"}},{"type":"Feature","geometry":{"type":"Point","coordinates":[-4.314188999999942,9.579076000000043]},"properties":{"id":131939,"nom":"CENTRE DE SANTE KAFOLO BAC","type":"centre de santé urbain","district_region":null,"departement_commune":null,"verifie":true,"name":"CENTRE DE SANTE KAFOLO BAC","source":"Géoportail ANSTAT"}},{"type":"Feature","geometry":{"type":"Point","coordinates":[-5.450845999999956,10.31341600000007]},"properties":{"id":131940,"nom":"CENTRE DE SANTE RURAL DE NAFOUNGOLO","type":"centre de santé urbain","district_region":null,"departement_commune":null,"verifie":true,"name":"CENTRE DE SANTE RURAL DE NAFOUNGOLO","source":"Géoportail ANSTAT"}},{"type":"Feature","geometry":{"type":"Point","coordinates":[-5.631194999999934,10.39461600000004]},"properties":{"id":131941,"nom":"CENTRE DE SANTE DU VILLAGE","type":"centre de santé urbain","district_region":null,"departement_commune":null,"verifie":true,"name":"CENTRE DE SANTE DU VILLAGE","source":"Géoportail ANSTAT"}},{"type":"Feature","geometry":{"type":"Point","coordinates":[-5.196612999999957,9.610716000000023]},"properties":{"id":131942,"nom":"CENTRE DE SANTE EBENEZER","type":"centre de santé urbain","district_region":null,"departement_commune":null,"verifie":true,"name":"CENTRE DE SANTE EBENEZER","source":"Géoportail ANSTAT"}},{"type":"Feature","geometry":{"type":"Point","coordinates":[-5.204894999999965,9.586048000000062]},"properties":{"id":131943,"nom":"CENTRE DE SANTE PRESTIGE","type":"centre de santé urbain","district_region":null,"departement_commune":null,"verifie":true,"name":"CENTRE DE SANTE PRESTIGE","source":"Géoportail ANSTAT"}},{"type":"Feature","geometry":{"type":"Point","coordinates":[-6.461201999999957,4.862516000000028]},"properties":{"id":131944,"nom":"CENTRE DE SANTE JEHOVA RAPHA DE NEMLIN","type":"centre de santé urbain","district_region":null,"departement_commune":null,"verifie":true,"name":"CENTRE DE SANTE JEHOVA RAPHA DE NEMLIN","source":"Géoportail ANSTAT"}},{"type":"Feature","geometry":{"type":"Point","coordinates":[-6.652053999999964,4.778305000000046]},"properties":{"id":131945,"nom":"CENTRE DE SANTE HENRIETTE KONAN BEDJE","type":"centre de santé urbain","district_region":null,"departement_commune":null,"verifie":true,"name":"CENTRE DE SANTE HENRIETTE KONAN BEDJE","source":"Géoportail ANSTAT"}},{"type":"Feature","geometry":{"type":"Point","coordinates":[-6.636858999999959,4.746846000000062]},"properties":{"id":131947,"nom":"CENTRE DE SANTE REGIONAL DE SAN PEDRO","type":"centre de santé urbain","district_region":null,"departement_commune":null,"verifie":true,"name":"CENTRE DE SANTE REGIONAL DE SAN PEDRO","source":"Géoportail ANSTAT"}},{"type":"Feature","geometry":{"type":"Point","coordinates":[-7.185853999999949,4.556718000000046]},"properties":{"id":131948,"nom":"CENTRE DE SANTE RURAL","type":"centre de santé urbain","district_region":null,"departement_commune":null,"verifie":true,"name":"CENTRE DE SANTE RURAL","source":"Géoportail ANSTAT"}},{"type":"Feature","geometry":{"type":"Point","coordinates":[-6.877336999999955,4.88449600000007]},"properties":{"id":131949,"nom":"CENTRE DE SANTE RURAL DE BENJAMINKRO","type":"centre de santé urbain","district_region":null,"departement_commune":null,"verifie":true,"name":"CENTRE DE SANTE RURAL DE BENJAMINKRO","source":"Géoportail ANSTAT"}},{"type":"Feature","geometry":{"type":"Point","coordinates":[-6.674776999999949,4.760659000000032]},"properties":{"id":131950,"nom":"CENTRE DE SANTE EMMANUEL","type":"centre de santé urbain","district_region":null,"departement_commune":null,"verifie":true,"name":"CENTRE DE SANTE EMMANUEL","source":"Géoportail ANSTAT"}},{"type":"Feature","geometry":{"type":"Point","coordinates":[-6.666753999999969,4.756147000000055]},"properties":{"id":131951,"nom":"CENTRE DE SANTE GRACE DE DIEU","type":"centre de santé urbain","district_region":null,"departement_commune":null,"verifie":true,"name":"CENTRE DE SANTE GRACE DE DIEU","source":"Géoportail ANSTAT"}},{"type":"Feature","geometry":{"type":"Point","coordinates":[-6.678365999999926,4.776941000000022]},"properties":{"id":131952,"nom":"CENTRE DE SANTE MEDICAL DE M RESIDENTIEL","type":"centre de santé urbain","district_region":null,"departement_commune":null,"verifie":true,"name":"CENTRE DE SANTE MEDICAL DE M RESIDENTIEL","source":"Géoportail ANSTAT"}},{"type":"Feature","geometry":{"type":"Point","coordinates":[-6.551516999999933,5.023376000000042]},"properties":{"id":131953,"nom":"CENTRE DE SANTE EL RAPHA DIEU","type":"centre de santé urbain","district_region":null,"departement_commune":null,"verifie":true,"name":"CENTRE DE SANTE EL RAPHA DIEU","source":"Géoportail ANSTAT"}},{"type":"Feature","geometry":{"type":"Point","coordinates":[-6.629844999999932,5.230782000000033]},"properties":{"id":131954,"nom":"CENTRE DE SANTE RURAL DE GOH","type":"centre de santé urbain","district_region":null,"departement_commune":null,"verifie":true,"name":"CENTRE DE SANTE RURAL DE GOH","source":"Géoportail ANSTAT"}},{"type":"Feature","geometry":{"type":"Point","coordinates":[-6.711113999999952,5.206105000000036]},"properties":{"id":131955,"nom":"CENTRE DE SANTE RURAL DE GLIGBEUADJI","type":"centre de santé urbain","district_region":null,"departement_commune":null,"verifie":true,"name":"CENTRE DE SANTE RURAL DE GLIGBEUADJI","source":"Géoportail ANSTAT"}},{"type":"Feature","geometry":{"type":"Point","coordinates":[-6.829530999999974,5.207218000000069]},"properties":{"id":131956,"nom":"CENTRE DE SANTE RURAL CHEZ AWA","type":"centre de santé urbain","district_region":null,"departement_commune":null,"verifie":true,"name":"CENTRE DE SANTE RURAL CHEZ AWA","source":"Géoportail ANSTAT"}},{"type":"Feature","geometry":{"type":"Point","coordinates":[-6.82093999999995,5.300646000000029]},"properties":{"id":131957,"nom":"CENTRE DE SANTE RURAL DE DJAPADJI","type":"centre de santé urbain","district_region":null,"departement_commune":null,"verifie":true,"name":"CENTRE DE SANTE RURAL DE DJAPADJI","source":"Géoportail ANSTAT"}},{"type":"Feature","geometry":{"type":"Point","coordinates":[-6.843746999999951,4.763689000000056]},"properties":{"id":131958,"nom":"CENTRE DE SANTE NOTRE DAME DE LA MISERICORDE ADJAMENE","type":"centre de santé urbain","district_region":null,"departement_commune":null,"verifie":true,"name":"CENTRE DE SANTE NOTRE DAME DE LA MISERICORDE ADJAMENE","source":"Géoportail ANSTAT"}},{"type":"Feature","geometry":{"type":"Point","coordinates":[-6.933126999999956,4.748937000000069]},"properties":{"id":131959,"nom":"CENTRE DE SANTE PONT NERO","type":"centre de santé urbain","district_region":null,"departement_commune":null,"verifie":true,"name":"CENTRE DE SANTE PONT NERO","source":"Géoportail ANSTAT"}},{"type":"Feature","geometry":{"type":"Point","coordinates":[-6.967584999999929,4.614161000000024]},"properties":{"id":131960,"nom":"CENTRE DE SANTE DU VILLAGE ROC","type":"centre de santé urbain","district_region":null,"departement_commune":null,"verifie":true,"name":"CENTRE DE SANTE DU VILLAGE ROC","source":"Géoportail ANSTAT"}},{"type":"Feature","geometry":{"type":"Point","coordinates":[-7.121460999999954,4.744860000000074]},"properties":{"id":131961,"nom":"CENTRE DE SANTE OLIVIER MARTIN D HEKE VILLAGE","type":"centre de santé urbain","district_region":null,"departement_commune":null,"verifie":true,"name":"CENTRE DE SANTE OLIVIER MARTIN D HEKE VILLAGE","source":"Géoportail ANSTAT"}},{"type":"Feature","geometry":{"type":"Point","coordinates":[-7.466880999999944,4.429133000000036]},"properties":{"id":131962,"nom":"CENTRE DE SANTE RURAL DE DJAMADIOKE","type":"centre de santé urbain","district_region":null,"departement_commune":null,"verifie":true,"name":"CENTRE DE SANTE RURAL DE DJAMADIOKE","source":"Géoportail ANSTAT"}},{"type":"Feature","geometry":{"type":"Point","coordinates":[-7.466365999999937,4.428904000000045]},"properties":{"id":131963,"nom":"CENTRE DE SANTE RURAL DE DJAMADIOKE","type":"centre de santé urbain","district_region":null,"departement_commune":null,"verifie":true,"name":"CENTRE DE SANTE RURAL DE DJAMADIOKE","source":"Géoportail ANSTAT"}},{"type":"Feature","geometry":{"type":"Point","coordinates":[-7.420946999999956,4.596965000000068]},"properties":{"id":131964,"nom":"CENTRE DE SANTE RURAL DE BLIDOUBA","type":"centre de santé urbain","district_region":null,"departement_commune":null,"verifie":true,"name":"CENTRE DE SANTE RURAL DE BLIDOUBA","source":"Géoportail ANSTAT"}},{"type":"Feature","geometry":{"type":"Point","coordinates":[-7.399344999999926,4.735809000000074]},"properties":{"id":131965,"nom":"CENTRE DE SANTE IBOKE V1","type":"centre de santé urbain","district_region":null,"departement_commune":null,"verifie":true,"name":"CENTRE DE SANTE IBOKE V1","source":"Géoportail ANSTAT"}},{"type":"Feature","geometry":{"type":"Point","coordinates":[-6.210669999999936,9.335022000000038]},"properties":{"id":131966,"nom":"CENTRE DE SANTE RURAL","type":"centre de santé urbain","district_region":null,"departement_commune":null,"verifie":true,"name":"CENTRE DE SANTE RURAL","source":"Géoportail ANSTAT"}},{"type":"Feature","geometry":{"type":"Point","coordinates":[-5.735976999999934,9.490110000000072]},"properties":{"id":131967,"nom":"CENTRE DE SANTE MME GON COULIBALY","type":"centre de santé urbain","district_region":null,"departement_commune":null,"verifie":true,"name":"CENTRE DE SANTE MME GON COULIBALY","source":"Géoportail ANSTAT"}},{"type":"Feature","geometry":{"type":"Point","coordinates":[-5.607978999999943,9.48680500000006]},"properties":{"id":131968,"nom":"CENTRE DE SANTE RURAL DE NANTIO KOBADARA","type":"centre de santé urbain","district_region":null,"departement_commune":null,"verifie":true,"name":"CENTRE DE SANTE RURAL DE NANTIO KOBADARA","source":"Géoportail ANSTAT"}},{"type":"Feature","geometry":{"type":"Point","coordinates":[-5.663262999999972,9.575686000000076]},"properties":{"id":131969,"nom":"CENTRE DE SANTE INTEGRE DE BODONON","type":"centre de santé urbain","district_region":null,"departement_commune":null,"verifie":true,"name":"CENTRE DE SANTE INTEGRE DE BODONON","source":"Géoportail ANSTAT"}},{"type":"Feature","geometry":{"type":"Point","coordinates":[-5.817273999999941,8.668689000000029]},"properties":{"id":131970,"nom":"CENTRE DE SANTE INTEGRE DE OUATTARADOUGOU","type":"centre de santé urbain","district_region":null,"departement_commune":null,"verifie":true,"name":"CENTRE DE SANTE INTEGRE DE OUATTARADOUGOU","source":"Géoportail ANSTAT"}},{"type":"Feature","geometry":{"type":"Point","coordinates":[-5.492257999999936,9.548244000000068]},"properties":{"id":131971,"nom":"CENTRE DE SANTE RURAL DE  KAFIOKAHA","type":"centre de santé urbain","district_region":null,"departement_commune":null,"verifie":true,"name":"CENTRE DE SANTE RURAL DE  KAFIOKAHA","source":"Géoportail ANSTAT"}},{"type":"Feature","geometry":{"type":"Point","coordinates":[-6.678421999999955,5.793779000000029]},"properties":{"id":131972,"nom":"CENTRE DE SANTE RURAL DE GNAMANGUI","type":"centre de santé urbain","district_region":null,"departement_commune":null,"verifie":true,"name":"CENTRE DE SANTE RURAL DE GNAMANGUI","source":"Géoportail ANSTAT"}},{"type":"Feature","geometry":{"type":"Point","coordinates":[-6.559108999999978,5.405985000000044]},"properties":{"id":131973,"nom":"CENTRE DE SANTE GENERAL DE MEAGUI","type":"centre de santé urbain","district_region":null,"departement_commune":null,"verifie":true,"name":"CENTRE DE SANTE GENERAL DE MEAGUI","source":"Géoportail ANSTAT"}},{"type":"Feature","geometry":{"type":"Point","coordinates":[-6.344295999999929,5.927699000000075]},"properties":{"id":131974,"nom":"CENTRE DE SANTE RURAL","type":"centre de santé urbain","district_region":null,"departement_commune":null,"verifie":true,"name":"CENTRE DE SANTE RURAL","source":"Géoportail ANSTAT"}},{"type":"Feature","geometry":{"type":"Point","coordinates":[-6.48628199999996,5.916529000000025]},"properties":{"id":131975,"nom":"CENTRE DE SANTE RURAL DE LESSERI","type":"centre de santé urbain","district_region":null,"departement_commune":null,"verifie":true,"name":"CENTRE DE SANTE RURAL DE LESSERI","source":"Géoportail ANSTAT"}},{"type":"Feature","geometry":{"type":"Point","coordinates":[-6.548190999999974,5.759334000000024]},"properties":{"id":131976,"nom":"CENTRE DE SANTE RURAL DE GBALEYO","type":"centre de santé urbain","district_region":null,"departement_commune":null,"verifie":true,"name":"CENTRE DE SANTE RURAL DE GBALEYO","source":"Géoportail ANSTAT"}},{"type":"Feature","geometry":{"type":"Point","coordinates":[-6.668983999999966,6.042766000000029]},"properties":{"id":131977,"nom":"CENTRE DE SANTE RURAL DE KONEDOUGOU","type":"centre de santé urbain","district_region":null,"departement_commune":null,"verifie":true,"name":"CENTRE DE SANTE RURAL DE KONEDOUGOU","source":"Géoportail ANSTAT"}},{"type":"Feature","geometry":{"type":"Point","coordinates":[-6.583569999999952,5.764251000000058]},"properties":{"id":131978,"nom":"CENTRE DE SANTE LE PERPETUEL SECOURS","type":"centre de santé urbain","district_region":null,"departement_commune":null,"verifie":true,"name":"CENTRE DE SANTE LE PERPETUEL SECOURS","source":"Géoportail ANSTAT"}},{"type":"Feature","geometry":{"type":"Point","coordinates":[-6.314188999999942,5.737026000000071]},"properties":{"id":131979,"nom":"CENTRE DE SANTE DE ZOGBODOUA","type":"centre de santé urbain","district_region":null,"departement_commune":null,"verifie":true,"name":"CENTRE DE SANTE DE ZOGBODOUA","source":"Géoportail ANSTAT"}},{"type":"Feature","geometry":{"type":"Point","coordinates":[-6.345999999999947,5.733155000000068]},"properties":{"id":131980,"nom":"CENTRE DE SANTE RURAL DE GBALEBOUO","type":"centre de santé urbain","district_region":null,"departement_commune":null,"verifie":true,"name":"CENTRE DE SANTE RURAL DE GBALEBOUO","source":"Géoportail ANSTAT"}},{"type":"Feature","geometry":{"type":"Point","coordinates":[-6.461377999999968,6.201538000000028]},"properties":{"id":131981,"nom":"CENTRE DE SANTE RURAL DE MAHIEOUA","type":"centre de santé urbain","district_region":null,"departement_commune":null,"verifie":true,"name":"CENTRE DE SANTE RURAL DE MAHIEOUA","source":"Géoportail ANSTAT"}},{"type":"Feature","geometry":{"type":"Point","coordinates":[-6.534349999999961,6.174226000000033]},"properties":{"id":131982,"nom":"CENTRE DE SANTE PRIVE SANTE POUR TOUS","type":"centre de santé urbain","district_region":null,"departement_commune":null,"verifie":true,"name":"CENTRE DE SANTE PRIVE SANTE POUR TOUS","source":"Géoportail ANSTAT"}},{"type":"Feature","geometry":{"type":"Point","coordinates":[-7.14578599999993,6.39057200000002]},"properties":{"id":131983,"nom":"CENTRE DE SANTE RURAL","type":"centre de santé urbain","district_region":null,"departement_commune":null,"verifie":true,"name":"CENTRE DE SANTE RURAL","source":"Géoportail ANSTAT"}},{"type":"Feature","geometry":{"type":"Point","coordinates":[-6.933293999999933,6.078948000000025]},"properties":{"id":131984,"nom":"CENTRE DE SANTE RURAL DE GNAGBOYA","type":"centre de santé urbain","district_region":null,"departement_commune":null,"verifie":true,"name":"CENTRE DE SANTE RURAL DE GNAGBOYA","source":"Géoportail ANSTAT"}},{"type":"Feature","geometry":{"type":"Point","coordinates":[-6.024045999999942,5.383758000000057]},"properties":{"id":131985,"nom":"CENTRE DE SANTE RURAL ALIKRO","type":"centre de santé urbain","district_region":null,"departement_commune":null,"verifie":true,"name":"CENTRE DE SANTE RURAL ALIKRO","source":"Géoportail ANSTAT"}},{"type":"Feature","geometry":{"type":"Point","coordinates":[-6.040845999999931,5.478705000000048]},"properties":{"id":131986,"nom":"CENTRE DE SANTE DE ZOHOURAYO","type":"centre de santé urbain","district_region":null,"departement_commune":null,"verifie":true,"name":"CENTRE DE SANTE DE ZOHOURAYO","source":"Géoportail ANSTAT"}},{"type":"Feature","geometry":{"type":"Point","coordinates":[-6.149034999999969,5.693565000000035]},"properties":{"id":131987,"nom":"CENTRE DE SANTE RURAL","type":"centre de santé urbain","district_region":null,"departement_commune":null,"verifie":true,"name":"CENTRE DE SANTE RURAL","source":"Géoportail ANSTAT"}},{"type":"Feature","geometry":{"type":"Point","coordinates":[-6.587769999999978,5.798379000000068]},"properties":{"id":131988,"nom":"CENTRE DE SANTE EBENEZER","type":"centre de santé urbain","district_region":null,"departement_commune":null,"verifie":true,"name":"CENTRE DE SANTE EBENEZER","source":"Géoportail ANSTAT"}},{"type":"Feature","geometry":{"type":"Point","coordinates":[-4.056944999999928,6.878199000000052]},"properties":{"id":131989,"nom":"CENTRE DE SANTE RURAL DE AGOU","type":"centre de santé urbain","district_region":null,"departement_commune":null,"verifie":true,"name":"CENTRE DE SANTE RURAL DE AGOU","source":"Géoportail ANSTAT"}},{"type":"Feature","geometry":{"type":"Point","coordinates":[-4.056284999999946,6.904401000000064]},"properties":{"id":131990,"nom":"CENTRE DE SANTE RURAL DE BROU AKPAOUSSOU","type":"centre de santé urbain","district_region":null,"departement_commune":null,"verifie":true,"name":"CENTRE DE SANTE RURAL DE BROU AKPAOUSSOU","source":"Géoportail ANSTAT"}},{"type":"Feature","geometry":{"type":"Point","coordinates":[-4.439865999999938,6.64677800000004]},"properties":{"id":131991,"nom":"CENTRE DE SANTE RURAL DE KOUAKRO","type":"centre de santé urbain","district_region":null,"departement_commune":null,"verifie":true,"name":"CENTRE DE SANTE RURAL DE KOUAKRO","source":"Géoportail ANSTAT"}},{"type":"Feature","geometry":{"type":"Point","coordinates":[-3.90731999999997,6.968708000000049]},"properties":{"id":131992,"nom":"CENTRE DE SANTE RURAL D ASSALE KOUASSIKRO","type":"centre de santé urbain","district_region":null,"departement_commune":null,"verifie":true,"name":"CENTRE DE SANTE RURAL D ASSALE KOUASSIKRO","source":"Géoportail ANSTAT"}},{"type":"Feature","geometry":{"type":"Point","coordinates":[-4.234508999999946,6.613616000000036]},"properties":{"id":131993,"nom":"CENTRE DE SANTE RURAL D AKAKRO","type":"centre de santé urbain","district_region":null,"departement_commune":null,"verifie":true,"name":"CENTRE DE SANTE RURAL D AKAKRO","source":"Géoportail ANSTAT"}},{"type":"Feature","geometry":{"type":"Point","coordinates":[-7.456637999999941,7.286777000000029]},"properties":{"id":131994,"nom":"CENTRE DE SANTE RURAL","type":"centre de santé urbain","district_region":null,"departement_commune":null,"verifie":true,"name":"CENTRE DE SANTE RURAL","source":"Géoportail ANSTAT"}},{"type":"Feature","geometry":{"type":"Point","coordinates":[-7.471037999999965,7.320348000000024]},"properties":{"id":131995,"nom":"CENTRE DE SANTE RURAL","type":"centre de santé urbain","district_region":null,"departement_commune":null,"verifie":true,"name":"CENTRE DE SANTE RURAL","source":"Géoportail ANSTAT"}},{"type":"Feature","geometry":{"type":"Point","coordinates":[-7.188586999999927,7.408595000000048]},"properties":{"id":131996,"nom":"CENTRE DE SANTE INTEGRE DE TAOBLY","type":"centre de santé urbain","district_region":null,"departement_commune":null,"verifie":true,"name":"CENTRE DE SANTE INTEGRE DE TAOBLY","source":"Géoportail ANSTAT"}},{"type":"Feature","geometry":{"type":"Point","coordinates":[-7.661978999999974,6.952347000000032]},"properties":{"id":131997,"nom":"CENTRE DE SANTE RURAL DE BANGUEHI","type":"centre de santé urbain","district_region":null,"departement_commune":null,"verifie":true,"name":"CENTRE DE SANTE RURAL DE BANGUEHI","source":"Géoportail ANSTAT"}},{"type":"Feature","geometry":{"type":"Point","coordinates":[-7.386612999999954,7.05117400000006]},"properties":{"id":131998,"nom":"CENTRE DE SANTE DIEU SAUVE","type":"centre de santé urbain","district_region":null,"departement_commune":null,"verifie":true,"name":"CENTRE DE SANTE DIEU SAUVE","source":"Géoportail ANSTAT"}},{"type":"Feature","geometry":{"type":"Point","coordinates":[-7.412011999999947,7.006507000000056]},"properties":{"id":131999,"nom":"CENTRE DE SANTE RURAL","type":"centre de santé urbain","district_region":null,"departement_commune":null,"verifie":true,"name":"CENTRE DE SANTE RURAL","source":"Géoportail ANSTAT"}},{"type":"Feature","geometry":{"type":"Point","coordinates":[-7.442831999999953,7.051710000000071]},"properties":{"id":132000,"nom":"CENTRE DE SANTE RURAL","type":"centre de santé urbain","district_region":null,"departement_commune":null,"verifie":true,"name":"CENTRE DE SANTE RURAL","source":"Géoportail ANSTAT"}},{"type":"Feature","geometry":{"type":"Point","coordinates":[-7.488658999999927,7.025735000000054]},"properties":{"id":132001,"nom":"CENTRE DE SANTE MAMAN GUEI","type":"centre de santé urbain","district_region":null,"departement_commune":null,"verifie":true,"name":"CENTRE DE SANTE MAMAN GUEI","source":"Géoportail ANSTAT"}},{"type":"Feature","geometry":{"type":"Point","coordinates":[-7.547369999999944,6.972488000000055]},"properties":{"id":132002,"nom":"CENTRE DE SANTE DEDAH","type":"centre de santé urbain","district_region":null,"departement_commune":null,"verifie":true,"name":"CENTRE DE SANTE DEDAH","source":"Géoportail ANSTAT"}},{"type":"Feature","geometry":{"type":"Point","coordinates":[-7.059880999999962,6.815192000000025]},"properties":{"id":132003,"nom":"CENTRE DE SANTE RURAL","type":"centre de santé urbain","district_region":null,"departement_commune":null,"verifie":true,"name":"CENTRE DE SANTE RURAL","source":"Géoportail ANSTAT"}},{"type":"Feature","geometry":{"type":"Point","coordinates":[-7.012188999999978,6.742386000000067]},"properties":{"id":132004,"nom":"CENTRE DE SANTE RURAL DE DIBOBLY","type":"centre de santé urbain","district_region":null,"departement_commune":null,"verifie":true,"name":"CENTRE DE SANTE RURAL DE DIBOBLY","source":"Géoportail ANSTAT"}},{"type":"Feature","geometry":{"type":"Point","coordinates":[-7.428272999999933,6.894315000000063]},"properties":{"id":132005,"nom":"CENTRE DE SANTE RURAL","type":"centre de santé urbain","district_region":null,"departement_commune":null,"verifie":true,"name":"CENTRE DE SANTE RURAL","source":"Géoportail ANSTAT"}},{"type":"Feature","geometry":{"type":"Point","coordinates":[-4.653088999999966,5.175534000000027]},"properties":{"id":132006,"nom":"CENTRE DE SANTE RURAL DE ADDAH","type":"centre de santé urbain","district_region":null,"departement_commune":null,"verifie":true,"name":"CENTRE DE SANTE RURAL DE ADDAH","source":"Géoportail ANSTAT"}},{"type":"Feature","geometry":{"type":"Point","coordinates":[-4.544161999999972,5.272736000000066]},"properties":{"id":132007,"nom":"CENTRE DE SANTE HENRETTE DAGRI DIABATE D ATTOUTOU A","type":"centre de santé urbain","district_region":null,"departement_commune":null,"verifie":true,"name":"CENTRE DE SANTE HENRETTE DAGRI DIABATE D ATTOUTOU A","source":"Géoportail ANSTAT"}},{"type":"Feature","geometry":{"type":"Point","coordinates":[-4.227234999999951,5.221674000000064]},"properties":{"id":132008,"nom":"CENTRE DE SANTE RURAL D ABREBY","type":"centre de santé urbain","district_region":null,"departement_commune":null,"verifie":true,"name":"CENTRE DE SANTE RURAL D ABREBY","source":"Géoportail ANSTAT"}},{"type":"Feature","geometry":{"type":"Point","coordinates":[-4.878361999999925,5.567146000000037]},"properties":{"id":132009,"nom":"CENTRE DE SANTE RURAL D AHOUGNANFOUTOU","type":"centre de santé urbain","district_region":null,"departement_commune":null,"verifie":true,"name":"CENTRE DE SANTE RURAL D AHOUGNANFOUTOU","source":"Géoportail ANSTAT"}},{"type":"Feature","geometry":{"type":"Point","coordinates":[-5.351438999999971,5.122425000000021]},"properties":{"id":132010,"nom":"CENTRE DE SANTE EBOUNOU","type":"centre de santé urbain","district_region":null,"departement_commune":null,"verifie":true,"name":"CENTRE DE SANTE EBOUNOU","source":"Géoportail ANSTAT"}},{"type":"Feature","geometry":{"type":"Point","coordinates":[-5.030772999999954,5.135283000000072]},"properties":{"id":132011,"nom":"CENTRE DE SANTE RURAL DE LAHOU KPANDA","type":"centre de santé urbain","district_region":null,"departement_commune":null,"verifie":true,"name":"CENTRE DE SANTE RURAL DE LAHOU KPANDA","source":"Géoportail ANSTAT"}},{"type":"Feature","geometry":{"type":"Point","coordinates":[-4.987076999999942,5.150172000000055]},"properties":{"id":132012,"nom":"CENTRE DE SANTE RURAL DE BRAFEDON","type":"centre de santé urbain","district_region":null,"departement_commune":null,"verifie":true,"name":"CENTRE DE SANTE RURAL DE BRAFEDON","source":"Géoportail ANSTAT"}},{"type":"Feature","geometry":{"type":"Point","coordinates":[-4.511919999999975,5.412066000000038]},"properties":{"id":132013,"nom":"CENTRE DE SANTE RURAL","type":"centre de santé urbain","district_region":null,"departement_commune":null,"verifie":true,"name":"CENTRE DE SANTE RURAL","source":"Géoportail ANSTAT"}},{"type":"Feature","geometry":{"type":"Point","coordinates":[-4.479209999999966,5.417601000000047]},"properties":{"id":132014,"nom":"CENTRE DE SANTE LOPOU","type":"centre de santé urbain","district_region":null,"departement_commune":null,"verifie":true,"name":"CENTRE DE SANTE LOPOU","source":"Géoportail ANSTAT"}},{"type":"Feature","geometry":{"type":"Point","coordinates":[-4.486055999999962,5.426329000000067]},"properties":{"id":132015,"nom":"CENTRE DE SANTE PALMAFRIQUE","type":"centre de santé urbain","district_region":null,"departement_commune":null,"verifie":true,"name":"CENTRE DE SANTE PALMAFRIQUE","source":"Géoportail ANSTAT"}},{"type":"Feature","geometry":{"type":"Point","coordinates":[-4.360936999999979,5.437972000000059]},"properties":{"id":132016,"nom":"CENTRE DE SANTE OTCHO","type":"centre de santé urbain","district_region":null,"departement_commune":null,"verifie":true,"name":"CENTRE DE SANTE OTCHO","source":"Géoportail ANSTAT"}},{"type":"Feature","geometry":{"type":"Point","coordinates":[-4.353253999999936,5.423642000000029]},"properties":{"id":132017,"nom":"CENTRE DE SANTE DE VIEIL AKLODJ","type":"centre de santé urbain","district_region":null,"departement_commune":null,"verifie":true,"name":"CENTRE DE SANTE DE VIEIL AKLODJ","source":"Géoportail ANSTAT"}},{"type":"Feature","geometry":{"type":"Point","coordinates":[-4.496286999999938,5.274768000000051]},"properties":{"id":132018,"nom":"CENTRE DE SANTE RURAL DE KAKA","type":"centre de santé urbain","district_region":null,"departement_commune":null,"verifie":true,"name":"CENTRE DE SANTE RURAL DE KAKA","source":"Géoportail ANSTAT"}},{"type":"Feature","geometry":{"type":"Point","coordinates":[-4.516855999999962,5.307221000000027]},"properties":{"id":132019,"nom":"CENTRE DE SANTE RURAL DE AGBAILLE","type":"centre de santé urbain","district_region":null,"departement_commune":null,"verifie":true,"name":"CENTRE DE SANTE RURAL DE AGBAILLE","source":"Géoportail ANSTAT"}},{"type":"Feature","geometry":{"type":"Point","coordinates":[-4.457492999999943,5.339244000000065]},"properties":{"id":132020,"nom":"CENTRE DE SANTE RURAL DE GD BOUBOURY","type":"centre de santé urbain","district_region":null,"departement_commune":null,"verifie":true,"name":"CENTRE DE SANTE RURAL DE GD BOUBOURY","source":"Géoportail ANSTAT"}},{"type":"Feature","geometry":{"type":"Point","coordinates":[-4.532088999999928,5.278297000000066]},"properties":{"id":132021,"nom":"CENTRE DE SANTE RURAL DE KPANDA","type":"centre de santé urbain","district_region":null,"departement_commune":null,"verifie":true,"name":"CENTRE DE SANTE RURAL DE KPANDA","source":"Géoportail ANSTAT"}},{"type":"Feature","geometry":{"type":"Point","coordinates":[-4.620481999999924,5.36678900000004]},"properties":{"id":132022,"nom":"CENTRE DE SANTE DE VIEUX BADIEN","type":"centre de santé urbain","district_region":null,"departement_commune":null,"verifie":true,"name":"CENTRE DE SANTE DE VIEUX BADIEN","source":"Géoportail ANSTAT"}},{"type":"Feature","geometry":{"type":"Point","coordinates":[-4.999766999999963,5.239224000000036]},"properties":{"id":132023,"nom":"CENTRE DE SANTE MEDICAL SAINTE THERESE","type":"centre de santé urbain","district_region":null,"departement_commune":null,"verifie":true,"name":"CENTRE DE SANTE MEDICAL SAINTE THERESE","source":"Géoportail ANSTAT"}},{"type":"Feature","geometry":{"type":"Point","coordinates":[-5.938653999999929,6.154687000000024]},"properties":{"id":132024,"nom":"CENTRE DE SANTE PUBLIC KANG DE GAGNOA","type":"centre de santé urbain","district_region":null,"departement_commune":null,"verifie":true,"name":"CENTRE DE SANTE PUBLIC KANG DE GAGNOA","source":"Géoportail ANSTAT"}},{"type":"Feature","geometry":{"type":"Point","coordinates":[-6.091950999999938,5.945541000000048]},"properties":{"id":132025,"nom":"CENTRE DE SANTE PROSMITE ZABI ZAKO","type":"centre de santé urbain","district_region":null,"departement_commune":null,"verifie":true,"name":"CENTRE DE SANTE PROSMITE ZABI ZAKO","source":"Géoportail ANSTAT"}},{"type":"Feature","geometry":{"type":"Point","coordinates":[-6.324340999999947,6.069853000000023]},"properties":{"id":132026,"nom":"CENTRE DE SANTE INTEGRER DE GNIGBAWA","type":"centre de santé urbain","district_region":null,"departement_commune":null,"verifie":true,"name":"CENTRE DE SANTE INTEGRER DE GNIGBAWA","source":"Géoportail ANSTAT"}},{"type":"Feature","geometry":{"type":"Point","coordinates":[-5.957750999999973,6.471048000000053]},"properties":{"id":132027,"nom":"CENTRE DE SANTE LA MISERICORDE","type":"centre de santé urbain","district_region":null,"departement_commune":null,"verifie":true,"name":"CENTRE DE SANTE LA MISERICORDE","source":"Géoportail ANSTAT"}},{"type":"Feature","geometry":{"type":"Point","coordinates":[-5.942084999999963,6.351543000000049]},"properties":{"id":132028,"nom":"CENTRE DE SANTE DE ZEBIZEKOU","type":"centre de santé urbain","district_region":null,"departement_commune":null,"verifie":true,"name":"CENTRE DE SANTE DE ZEBIZEKOU","source":"Géoportail ANSTAT"}},{"type":"Feature","geometry":{"type":"Point","coordinates":[-5.420267999999965,6.587457000000029]},"properties":{"id":132029,"nom":"CENTRE DE SANTE RURAL","type":"centre de santé urbain","district_region":null,"departement_commune":null,"verifie":true,"name":"CENTRE DE SANTE RURAL","source":"Géoportail ANSTAT"}},{"type":"Feature","geometry":{"type":"Point","coordinates":[-5.706389999999942,6.47866700000003]},"properties":{"id":132030,"nom":"CENTRE DE SANTE RURAL DE GUEPAHOUO","type":"centre de santé urbain","district_region":null,"departement_commune":null,"verifie":true,"name":"CENTRE DE SANTE RURAL DE GUEPAHOUO","source":"Géoportail ANSTAT"}},{"type":"Feature","geometry":{"type":"Point","coordinates":[-5.686769999999967,6.357573000000059]},"properties":{"id":132031,"nom":"CENTRE DE SANTE RURAL DE BOODA","type":"centre de santé urbain","district_region":null,"departement_commune":null,"verifie":true,"name":"CENTRE DE SANTE RURAL DE BOODA","source":"Géoportail ANSTAT"}},{"type":"Feature","geometry":{"type":"Point","coordinates":[-5.716525999999931,6.36330300000003]},"properties":{"id":132032,"nom":"CENTRE DE SANTE RURAL DE BOKEDA","type":"centre de santé urbain","district_region":null,"departement_commune":null,"verifie":true,"name":"CENTRE DE SANTE RURAL DE BOKEDA","source":"Géoportail ANSTAT"}},{"type":"Feature","geometry":{"type":"Point","coordinates":[-5.735067999999956,6.335597000000064]},"properties":{"id":132033,"nom":"CENTRE DE SANTE DE ZADDI","type":"centre de santé urbain","district_region":null,"departement_commune":null,"verifie":true,"name":"CENTRE DE SANTE DE ZADDI","source":"Géoportail ANSTAT"}},{"type":"Feature","geometry":{"type":"Point","coordinates":[-6.249465999999927,6.186882000000026]},"properties":{"id":132034,"nom":"CENTRE DE SANTE RURAL DE GRAND ZIA","type":"centre de santé urbain","district_region":null,"departement_commune":null,"verifie":true,"name":"CENTRE DE SANTE RURAL DE GRAND ZIA","source":"Géoportail ANSTAT"}},{"type":"Feature","geometry":{"type":"Point","coordinates":[-6.015127999999947,5.002180000000067]},"properties":{"id":132035,"nom":"CENTRE DE SANTE RURAL DE LIPOYO","type":"centre de santé urbain","district_region":null,"departement_commune":null,"verifie":true,"name":"CENTRE DE SANTE RURAL DE LIPOYO","source":"Géoportail ANSTAT"}},{"type":"Feature","geometry":{"type":"Point","coordinates":[-6.344159999999931,5.086798000000044]},"properties":{"id":132036,"nom":"CENTRE DE SANTE INTEGRE DE LOBAKUYA","type":"centre de santé urbain","district_region":null,"departement_commune":null,"verifie":true,"name":"CENTRE DE SANTE INTEGRE DE LOBAKUYA","source":"Géoportail ANSTAT"}},{"type":"Feature","geometry":{"type":"Point","coordinates":[-6.152795999999967,5.03574500000002]},"properties":{"id":132037,"nom":"CENTRE DE SANTE RURAL DE GAOULOU","type":"centre de santé urbain","district_region":null,"departement_commune":null,"verifie":true,"name":"CENTRE DE SANTE RURAL DE GAOULOU","source":"Géoportail ANSTAT"}},{"type":"Feature","geometry":{"type":"Point","coordinates":[-6.085215999999946,4.94837700000005]},"properties":{"id":132038,"nom":"CENTRE DE SANTE MEDICAL SOLIDARITE ONG FEMME FAMILLE SOLIDARITE","type":"centre de santé urbain","district_region":null,"departement_commune":null,"verifie":true,"name":"CENTRE DE SANTE MEDICAL SOLIDARITE ONG FEMME FAMILLE SOLIDARITE","source":"Géoportail ANSTAT"}},{"type":"Feature","geometry":{"type":"Point","coordinates":[-6.345957999999939,5.210104000000058]},"properties":{"id":132039,"nom":"CENTRE DE SANTE RURAL DE BALOKUYA","type":"centre de santé urbain","district_region":null,"departement_commune":null,"verifie":true,"name":"CENTRE DE SANTE RURAL DE BALOKUYA","source":"Géoportail ANSTAT"}},{"type":"Feature","geometry":{"type":"Point","coordinates":[-6.214898999999946,5.205423000000053]},"properties":{"id":132040,"nom":"CENTRE DE SANTE RURAL","type":"centre de santé urbain","district_region":null,"departement_commune":null,"verifie":true,"name":"CENTRE DE SANTE RURAL","source":"Géoportail ANSTAT"}},{"type":"Feature","geometry":{"type":"Point","coordinates":[-5.786250999999936,5.247757000000036]},"properties":{"id":132041,"nom":"CENTRE DE SANTE RURAL DE GNAGO 1","type":"centre de santé urbain","district_region":null,"departement_commune":null,"verifie":true,"name":"CENTRE DE SANTE RURAL DE GNAGO 1","source":"Géoportail ANSTAT"}},{"type":"Feature","geometry":{"type":"Point","coordinates":[-5.925663999999927,5.289849000000061]},"properties":{"id":132042,"nom":"CENTRE DE SANTE RURAL DE GUEDIPKO","type":"centre de santé urbain","district_region":null,"departement_commune":null,"verifie":true,"name":"CENTRE DE SANTE RURAL DE GUEDIPKO","source":"Géoportail ANSTAT"}},{"type":"Feature","geometry":{"type":"Point","coordinates":[-5.889172999999971,5.425916000000029]},"properties":{"id":132043,"nom":"CENTRE DE SANTE RURAL","type":"centre de santé urbain","district_region":null,"departement_commune":null,"verifie":true,"name":"CENTRE DE SANTE RURAL","source":"Géoportail ANSTAT"}},{"type":"Feature","geometry":{"type":"Point","coordinates":[-5.900763999999981,5.40564500000005]},"properties":{"id":132044,"nom":"CENTRE DE SANTE RURAL DE GOBROKO","type":"centre de santé urbain","district_region":null,"departement_commune":null,"verifie":true,"name":"CENTRE DE SANTE RURAL DE GOBROKO","source":"Géoportail ANSTAT"}},{"type":"Feature","geometry":{"type":"Point","coordinates":[-5.681882999999971,5.356324000000029]},"properties":{"id":132045,"nom":"CENTRE DE SANTE RURAL","type":"centre de santé urbain","district_region":null,"departement_commune":null,"verifie":true,"name":"CENTRE DE SANTE RURAL","source":"Géoportail ANSTAT"}},{"type":"Feature","geometry":{"type":"Point","coordinates":[-6.272185999999977,5.000975000000039]},"properties":{"id":132046,"nom":"CENTRE DE SANTE PAULY CHANTIER","type":"centre de santé urbain","district_region":null,"departement_commune":null,"verifie":true,"name":"CENTRE DE SANTE PAULY CHANTIER","source":"Géoportail ANSTAT"}},{"type":"Feature","geometry":{"type":"Point","coordinates":[-4.972291999999925,6.319239000000039]},"properties":{"id":132047,"nom":"CENTRE DE SANTE RURAL DE MORONOU","type":"centre de santé urbain","district_region":null,"departement_commune":null,"verifie":true,"name":"CENTRE DE SANTE RURAL DE MORONOU","source":"Géoportail ANSTAT"}},{"type":"Feature","geometry":{"type":"Point","coordinates":[-5.014673999999957,7.054861000000074]},"properties":{"id":132048,"nom":"CENTRE DE SANTE RURAL DE ATTIEN KOFFIKRO","type":"centre de santé urbain","district_region":null,"departement_commune":null,"verifie":true,"name":"CENTRE DE SANTE RURAL DE ATTIEN KOFFIKRO","source":"Géoportail ANSTAT"}},{"type":"Feature","geometry":{"type":"Point","coordinates":[-5.068761999999936,6.698114000000032]},"properties":{"id":132049,"nom":"CENTRE DE SANTE RURAL DE KONANKOKOREKRO","type":"centre de santé urbain","district_region":null,"departement_commune":null,"verifie":true,"name":"CENTRE DE SANTE RURAL DE KONANKOKOREKRO","source":"Géoportail ANSTAT"}},{"type":"Feature","geometry":{"type":"Point","coordinates":[-5.075498999999979,7.030403000000035]},"properties":{"id":132050,"nom":"CENTRE DE SANTE KPASSANOU NGANGORO","type":"centre de santé urbain","district_region":null,"departement_commune":null,"verifie":true,"name":"CENTRE DE SANTE KPASSANOU NGANGORO","source":"Géoportail ANSTAT"}},{"type":"Feature","geometry":{"type":"Point","coordinates":[-5.073586999999975,6.582617000000027]},"properties":{"id":132051,"nom":"CENTRE DE SANTE RURAL DE KAHANKRO","type":"centre de santé urbain","district_region":null,"departement_commune":null,"verifie":true,"name":"CENTRE DE SANTE RURAL DE KAHANKRO","source":"Géoportail ANSTAT"}},{"type":"Feature","geometry":{"type":"Point","coordinates":[-5.089333999999951,6.413338000000067]},"properties":{"id":132052,"nom":"CENTRE DE SANTE RURAL DE BRINGAKRO","type":"centre de santé urbain","district_region":null,"departement_commune":null,"verifie":true,"name":"CENTRE DE SANTE RURAL DE BRINGAKRO","source":"Géoportail ANSTAT"}},{"type":"Feature","geometry":{"type":"Point","coordinates":[-5.227581999999927,6.393436000000065]},"properties":{"id":132053,"nom":"CENTRE DE SANTE RURAL","type":"centre de santé urbain","district_region":null,"departement_commune":null,"verifie":true,"name":"CENTRE DE SANTE RURAL","source":"Géoportail ANSTAT"}},{"type":"Feature","geometry":{"type":"Point","coordinates":[-4.898053999999945,7.125026000000048]},"properties":{"id":132054,"nom":"CENTRE DE SANTE DIDIEVILLE","type":"centre de santé urbain","district_region":null,"departement_commune":null,"verifie":true,"name":"CENTRE DE SANTE DIDIEVILLE","source":"Géoportail ANSTAT"}},{"type":"Feature","geometry":{"type":"Point","coordinates":[-4.294860999999969,5.37212100000005]},"properties":{"id":132055,"nom":"CENTRE DE SANTE DE YACE","type":"centre de santé urbain","district_region":null,"departement_commune":null,"verifie":true,"name":"CENTRE DE SANTE DE YACE","source":"Géoportail ANSTAT"}},{"type":"Feature","geometry":{"type":"Point","coordinates":[-4.141322999999943,5.288729000000046]},"properties":{"id":132056,"nom":"CENTRE DE SANTE RURAL D AUDOUIN","type":"centre de santé urbain","district_region":null,"departement_commune":null,"verifie":true,"name":"CENTRE DE SANTE RURAL D AUDOUIN","source":"Géoportail ANSTAT"}},{"type":"Feature","geometry":{"type":"Point","coordinates":[-4.150281999999947,5.330681000000027]},"properties":{"id":132057,"nom":"CENTRE DE SANTE RURAL D ABADJIN KOUTE","type":"centre de santé urbain","district_region":null,"departement_commune":null,"verifie":true,"name":"CENTRE DE SANTE RURAL D ABADJIN KOUTE","source":"Géoportail ANSTAT"}},{"type":"Feature","geometry":{"type":"Point","coordinates":[-3.853009999999927,5.397475000000043]},"properties":{"id":132058,"nom":"CENTRE DE SANTE RURAL","type":"centre de santé urbain","district_region":null,"departement_commune":null,"verifie":true,"name":"CENTRE DE SANTE RURAL","source":"Géoportail ANSTAT"}},{"type":"Feature","geometry":{"type":"Point","coordinates":[-3.942014999999969,5.50378900000004]},"properties":{"id":132059,"nom":"CENTRE DE SANTE RURAL D AHOUE","type":"centre de santé urbain","district_region":null,"departement_commune":null,"verifie":true,"name":"CENTRE DE SANTE RURAL D AHOUE","source":"Géoportail ANSTAT"}},{"type":"Feature","geometry":{"type":"Point","coordinates":[-4.026385999999945,5.502863000000048]},"properties":{"id":132060,"nom":"CENTRE DE SANTE RURAL D ANYAMA AHOUABO","type":"centre de santé urbain","district_region":null,"departement_commune":null,"verifie":true,"name":"CENTRE DE SANTE RURAL D ANYAMA AHOUABO","source":"Géoportail ANSTAT"}},{"type":"Feature","geometry":{"type":"Point","coordinates":[-4.010922999999934,5.460741000000041]},"properties":{"id":132061,"nom":"CENTRE DE SANTE FSUCOM D AKEIKOI","type":"centre de santé urbain","district_region":null,"departement_commune":null,"verifie":true,"name":"CENTRE DE SANTE FSUCOM D AKEIKOI","source":"Géoportail ANSTAT"}},{"type":"Feature","geometry":{"type":"Point","coordinates":[-4.150233999999955,5.400509000000056]},"properties":{"id":132062,"nom":"CENTRE DE SANTE ONG OEUVRE HUMANUS","type":"centre de santé urbain","district_region":null,"departement_commune":null,"verifie":true,"name":"CENTRE DE SANTE ONG OEUVRE HUMANUS","source":"Géoportail ANSTAT"}},{"type":"Feature","geometry":{"type":"Point","coordinates":[-3.21723099999997,8.048185000000046]},"properties":{"id":132063,"nom":"CENTRE DE SANTE INTEGRE DE MARAHUI AHINIFIE","type":"centre de santé urbain","district_region":null,"departement_commune":null,"verifie":true,"name":"CENTRE DE SANTE INTEGRE DE MARAHUI AHINIFIE","source":"Géoportail ANSTAT"}},{"type":"Feature","geometry":{"type":"Point","coordinates":[-3.622999999999934,8.110028000000057]},"properties":{"id":132064,"nom":"CENTRE DE SANTE RURAL DE BANDAKAGNI SOKOURA","type":"centre de santé urbain","district_region":null,"departement_commune":null,"verifie":true,"name":"CENTRE DE SANTE RURAL DE BANDAKAGNI SOKOURA","source":"Géoportail ANSTAT"}},{"type":"Feature","geometry":{"type":"Point","coordinates":[-3.070274999999981,8.134665000000041]},"properties":{"id":132065,"nom":"CENTRE DE SANTE INTERGRE D AMOIDI","type":"centre de santé urbain","district_region":null,"departement_commune":null,"verifie":true,"name":"CENTRE DE SANTE INTERGRE D AMOIDI","source":"Géoportail ANSTAT"}},{"type":"Feature","geometry":{"type":"Point","coordinates":[-2.951610999999957,8.20850900000005]},"properties":{"id":132066,"nom":"CENTRE DE SANTE DE YEZIMALA","type":"centre de santé urbain","district_region":null,"departement_commune":null,"verifie":true,"name":"CENTRE DE SANTE DE YEZIMALA","source":"Géoportail ANSTAT"}},{"type":"Feature","geometry":{"type":"Point","coordinates":[-3.923831999999948,8.297945000000027]},"properties":{"id":132067,"nom":"CENTRE DE SANTE RURAL DE MASSADOUGOU","type":"centre de santé urbain","district_region":null,"departement_commune":null,"verifie":true,"name":"CENTRE DE SANTE RURAL DE MASSADOUGOU","source":"Géoportail ANSTAT"}},{"type":"Feature","geometry":{"type":"Point","coordinates":[-3.06671799999998,8.331707000000051]},"properties":{"id":132068,"nom":"CENTRE DE SANTE RURAL DE GBANHUI","type":"centre de santé urbain","district_region":null,"departement_commune":null,"verifie":true,"name":"CENTRE DE SANTE RURAL DE GBANHUI","source":"Géoportail ANSTAT"}},{"type":"Feature","geometry":{"type":"Point","coordinates":[-2.748466999999948,8.613692000000071]},"properties":{"id":132069,"nom":"CENTRE DE SANTE RURAL DE MARAHUI","type":"centre de santé urbain","district_region":null,"departement_commune":null,"verifie":true,"name":"CENTRE DE SANTE RURAL DE MARAHUI","source":"Géoportail ANSTAT"}},{"type":"Feature","geometry":{"type":"Point","coordinates":[-3.216115999999943,7.666409000000044]},"properties":{"id":132070,"nom":"CENTRE DE SANTE RURAL DE BROUKO","type":"centre de santé urbain","district_region":null,"departement_commune":null,"verifie":true,"name":"CENTRE DE SANTE RURAL DE BROUKO","source":"Géoportail ANSTAT"}},{"type":"Feature","geometry":{"type":"Point","coordinates":[-3.252167999999926,7.489213000000063]},"properties":{"id":132071,"nom":"CENTRE DE SANTE MEDICAL DE KUN FAO","type":"centre de santé urbain","district_region":null,"departement_commune":null,"verifie":true,"name":"CENTRE DE SANTE MEDICAL DE KUN FAO","source":"Géoportail ANSTAT"}},{"type":"Feature","geometry":{"type":"Point","coordinates":[-6.944463999999925,8.12421500000005]},"properties":{"id":132072,"nom":"CENTRE DE SANTE RURAL DE GBETOGO","type":"centre de santé urbain","district_region":null,"departement_commune":null,"verifie":true,"name":"CENTRE DE SANTE RURAL DE GBETOGO","source":"Géoportail ANSTAT"}},{"type":"Feature","geometry":{"type":"Point","coordinates":[-6.975615999999945,8.029990000000055]},"properties":{"id":132073,"nom":"CENTRE DE SANTE RURAL DE GOURAMBA","type":"centre de santé urbain","district_region":null,"departement_commune":null,"verifie":true,"name":"CENTRE DE SANTE RURAL DE GOURAMBA","source":"Géoportail ANSTAT"}},{"type":"Feature","geometry":{"type":"Point","coordinates":[-7.020382999999981,7.856790000000046]},"properties":{"id":132074,"nom":"CENTRE DE SANTE RURAL DE KAMALO","type":"centre de santé urbain","district_region":null,"departement_commune":null,"verifie":true,"name":"CENTRE DE SANTE RURAL DE KAMALO","source":"Géoportail ANSTAT"}},{"type":"Feature","geometry":{"type":"Point","coordinates":[-6.859034999999949,8.003546000000028]},"properties":{"id":132075,"nom":"CENTRE DE SANTE RURAL DE BERENI DIALLA","type":"centre de santé urbain","district_region":null,"departement_commune":null,"verifie":true,"name":"CENTRE DE SANTE RURAL DE BERENI DIALLA","source":"Géoportail ANSTAT"}},{"type":"Feature","geometry":{"type":"Point","coordinates":[-6.554566999999963,8.158348000000046]},"properties":{"id":132076,"nom":"CENTRE DE SANTE RURAL DE BOBI","type":"centre de santé urbain","district_region":null,"departement_commune":null,"verifie":true,"name":"CENTRE DE SANTE RURAL DE BOBI","source":"Géoportail ANSTAT"}},{"type":"Feature","geometry":{"type":"Point","coordinates":[-6.783659999999941,8.953291000000036]},"properties":{"id":132077,"nom":"CENTRE DE SANTE RURAL","type":"centre de santé urbain","district_region":null,"departement_commune":null,"verifie":true,"name":"CENTRE DE SANTE RURAL","source":"Géoportail ANSTAT"}},{"type":"Feature","geometry":{"type":"Point","coordinates":[-6.86379299999993,8.729348000000073]},"properties":{"id":132078,"nom":"CENTRE DE SANTE RURAL DE MADJI","type":"centre de santé urbain","district_region":null,"departement_commune":null,"verifie":true,"name":"CENTRE DE SANTE RURAL DE MADJI","source":"Géoportail ANSTAT"}},{"type":"Feature","geometry":{"type":"Point","coordinates":[-6.041889999999967,6.923194000000024]},"properties":{"id":132079,"nom":"CENTRE DE SANTE PRIVE DE DIOULABOUGOU","type":"centre de santé urbain","district_region":null,"departement_commune":null,"verifie":true,"name":"CENTRE DE SANTE PRIVE DE DIOULABOUGOU","source":"Géoportail ANSTAT"}},{"type":"Feature","geometry":{"type":"Point","coordinates":[-5.74490499999996,6.99187100000006]},"properties":{"id":132080,"nom":"CENTRE DE SANTE L AMITIE","type":"centre de santé urbain","district_region":null,"departement_commune":null,"verifie":true,"name":"CENTRE DE SANTE L AMITIE","source":"Géoportail ANSTAT"}},{"type":"Feature","geometry":{"type":"Point","coordinates":[-5.886446999999976,7.574402000000021]},"properties":{"id":132081,"nom":"CENTRE DE SANTE DE ZRALUO","type":"centre de santé urbain","district_region":null,"departement_commune":null,"verifie":true,"name":"CENTRE DE SANTE DE ZRALUO","source":"Géoportail ANSTAT"}},{"type":"Feature","geometry":{"type":"Point","coordinates":[-6.174424999999928,7.353533000000027]},"properties":{"id":132082,"nom":"CENTRE DE SANTE RURAL","type":"centre de santé urbain","district_region":null,"departement_commune":null,"verifie":true,"name":"CENTRE DE SANTE RURAL","source":"Géoportail ANSTAT"}},{"type":"Feature","geometry":{"type":"Point","coordinates":[-6.265551999999957,7.24219800000003]},"properties":{"id":132083,"nom":"CENTRE DE SANTE RURAL","type":"centre de santé urbain","district_region":null,"departement_commune":null,"verifie":true,"name":"CENTRE DE SANTE RURAL","source":"Géoportail ANSTAT"}},{"type":"Feature","geometry":{"type":"Point","coordinates":[-5.914769999999976,7.410017000000039]},"properties":{"id":132084,"nom":"CENTRE DE SANTE RURAL DE MANFLA","type":"centre de santé urbain","district_region":null,"departement_commune":null,"verifie":true,"name":"CENTRE DE SANTE RURAL DE MANFLA","source":"Géoportail ANSTAT"}},{"type":"Feature","geometry":{"type":"Point","coordinates":[-6.043718999999953,7.521844000000044]},"properties":{"id":132085,"nom":"CENTRE DE SANTE RURAL DE MINFLA","type":"centre de santé urbain","district_region":null,"departement_commune":null,"verifie":true,"name":"CENTRE DE SANTE RURAL DE MINFLA","source":"Géoportail ANSTAT"}},{"type":"Feature","geometry":{"type":"Point","coordinates":[-5.999902999999961,7.724981000000071]},"properties":{"id":132086,"nom":"CENTRE DE SANTE RURAL DE  GOUNGA","type":"centre de santé urbain","district_region":null,"departement_commune":null,"verifie":true,"name":"CENTRE DE SANTE RURAL DE  GOUNGA","source":"Géoportail ANSTAT"}},{"type":"Feature","geometry":{"type":"Point","coordinates":[-5.743782999999951,7.142381000000057]},"properties":{"id":132087,"nom":"CENTRE DE SANTE RURAL","type":"centre de santé urbain","district_region":null,"departement_commune":null,"verifie":true,"name":"CENTRE DE SANTE RURAL","source":"Géoportail ANSTAT"}},{"type":"Feature","geometry":{"type":"Point","coordinates":[-5.813293999999928,6.960376000000053]},"properties":{"id":132088,"nom":"CENTRE DE SANTE INTEGRE","type":"centre de santé urbain","district_region":null,"departement_commune":null,"verifie":true,"name":"CENTRE DE SANTE INTEGRE","source":"Géoportail ANSTAT"}},{"type":"Feature","geometry":{"type":"Point","coordinates":[-5.848157999999955,7.24822800000004]},"properties":{"id":132089,"nom":"CENTRE DE SANTE RURAL DE BOUAFLA","type":"centre de santé urbain","district_region":null,"departement_commune":null,"verifie":true,"name":"CENTRE DE SANTE RURAL DE BOUAFLA","source":"Géoportail ANSTAT"}},{"type":"Feature","geometry":{"type":"Point","coordinates":[-5.864273999999966,6.926818000000026]},"properties":{"id":132090,"nom":"CENTRE DE SANTE RURAL DE ANGREKRO","type":"centre de santé urbain","district_region":null,"departement_commune":null,"verifie":true,"name":"CENTRE DE SANTE RURAL DE ANGREKRO","source":"Géoportail ANSTAT"}},{"type":"Feature","geometry":{"type":"Point","coordinates":[-6.024186999999927,6.798344000000043]},"properties":{"id":132091,"nom":"CENTRE DE SANTE RURAL DE BLANOUFLA","type":"centre de santé urbain","district_region":null,"departement_commune":null,"verifie":true,"name":"CENTRE DE SANTE RURAL DE BLANOUFLA","source":"Géoportail ANSTAT"}},{"type":"Feature","geometry":{"type":"Point","coordinates":[-5.091645999999969,7.425416000000041]},"properties":{"id":132092,"nom":"CENTRE DE SANTE RURAL DE ASSOUAKRO","type":"centre de santé urbain","district_region":null,"departement_commune":null,"verifie":true,"name":"CENTRE DE SANTE RURAL DE ASSOUAKRO","source":"Géoportail ANSTAT"}},{"type":"Feature","geometry":{"type":"Point","coordinates":[-5.143313999999975,7.398792000000071]},"properties":{"id":132093,"nom":"CENTRE DE SANTE RURAL DE LENGBRE","type":"centre de santé urbain","district_region":null,"departement_commune":null,"verifie":true,"name":"CENTRE DE SANTE RURAL DE LENGBRE","source":"Géoportail ANSTAT"}},{"type":"Feature","geometry":{"type":"Point","coordinates":[-5.003098999999963,7.732474000000025]},"properties":{"id":132094,"nom":"CENTRE DE SANTE MAYA","type":"centre de santé urbain","district_region":null,"departement_commune":null,"verifie":true,"name":"CENTRE DE SANTE MAYA","source":"Géoportail ANSTAT"}},{"type":"Feature","geometry":{"type":"Point","coordinates":[-5.014828999999963,7.768197000000043]},"properties":{"id":132095,"nom":"CENTRE DE SANTE NGUESSAN AFFOUE CHRISTINE","type":"centre de santé urbain","district_region":null,"departement_commune":null,"verifie":true,"name":"CENTRE DE SANTE NGUESSAN AFFOUE CHRISTINE","source":"Géoportail ANSTAT"}},{"type":"Feature","geometry":{"type":"Point","coordinates":[-5.043278999999927,7.834692000000075]},"properties":{"id":132096,"nom":"CENTRE DE SANTE RURAL DE BESSERIKRO","type":"centre de santé urbain","district_region":null,"departement_commune":null,"verifie":true,"name":"CENTRE DE SANTE RURAL DE BESSERIKRO","source":"Géoportail ANSTAT"}},{"type":"Feature","geometry":{"type":"Point","coordinates":[-5.067628999999954,7.667538000000036]},"properties":{"id":132098,"nom":"CENTRE DE SANTE KINE KATE","type":"centre de santé urbain","district_region":null,"departement_commune":null,"verifie":true,"name":"CENTRE DE SANTE KINE KATE","source":"Géoportail ANSTAT"}},{"type":"Feature","geometry":{"type":"Point","coordinates":[-4.96124999999995,7.571166000000062]},"properties":{"id":132099,"nom":"CENTRE DE SANTE RURAL DE GARE KAN","type":"centre de santé urbain","district_region":null,"departement_commune":null,"verifie":true,"name":"CENTRE DE SANTE RURAL DE GARE KAN","source":"Géoportail ANSTAT"}},{"type":"Feature","geometry":{"type":"Point","coordinates":[-5.165782999999976,7.593760000000032]},"properties":{"id":132100,"nom":"CENTRE DE SANTE RURAL D ASSRIKRO","type":"centre de santé urbain","district_region":null,"departement_commune":null,"verifie":true,"name":"CENTRE DE SANTE RURAL D ASSRIKRO","source":"Géoportail ANSTAT"}},{"type":"Feature","geometry":{"type":"Point","coordinates":[-5.274404999999945,7.484670000000051]},"properties":{"id":132101,"nom":"CENTRE DE SANTE INTEGRE DE YABL1SSOU","type":"centre de santé urbain","district_region":null,"departement_commune":null,"verifie":true,"name":"CENTRE DE SANTE INTEGRE DE YABL1SSOU","source":"Géoportail ANSTAT"}},{"type":"Feature","geometry":{"type":"Point","coordinates":[-5.325471999999934,7.508187000000021]},"properties":{"id":132102,"nom":"CENTRE DE SANTE EN CONSTRUICTION","type":"centre de santé urbain","district_region":null,"departement_commune":null,"verifie":true,"name":"CENTRE DE SANTE EN CONSTRUICTION","source":"Géoportail ANSTAT"}},{"type":"Feature","geometry":{"type":"Point","coordinates":[-5.264435999999932,7.448317000000031]},"properties":{"id":132103,"nom":"CENTRE DE SANTE RURAL DE ADJEKRO","type":"centre de santé urbain","district_region":null,"departement_commune":null,"verifie":true,"name":"CENTRE DE SANTE RURAL DE ADJEKRO","source":"Géoportail ANSTAT"}},{"type":"Feature","geometry":{"type":"Point","coordinates":[-5.259086999999965,7.344927000000041]},"properties":{"id":132104,"nom":"CENTRE DE SANTE RURAL DE ALLOKO DJEKRO","type":"centre de santé urbain","district_region":null,"departement_commune":null,"verifie":true,"name":"CENTRE DE SANTE RURAL DE ALLOKO DJEKRO","source":"Géoportail ANSTAT"}},{"type":"Feature","geometry":{"type":"Point","coordinates":[-5.286231999999927,7.451450000000023]},"properties":{"id":132105,"nom":"CENTRE DE SANTE NOTRE DAME DE CARMEL","type":"centre de santé urbain","district_region":null,"departement_commune":null,"verifie":true,"name":"CENTRE DE SANTE NOTRE DAME DE CARMEL","source":"Géoportail ANSTAT"}},{"type":"Feature","geometry":{"type":"Point","coordinates":[-5.286183999999935,7.45139000000006]},"properties":{"id":132106,"nom":"CENTRE DE SANTE NOTRE DAME DU CARMEL","type":"centre de santé urbain","district_region":null,"departement_commune":null,"verifie":true,"name":"CENTRE DE SANTE NOTRE DAME DU CARMEL","source":"Géoportail ANSTAT"}},{"type":"Feature","geometry":{"type":"Point","coordinates":[-5.505428999999936,7.958991000000026]},"properties":{"id":132107,"nom":"CENTRE DE SANTE RURAL DE GOLI KPANGBASSOU","type":"centre de santé urbain","district_region":null,"departement_commune":null,"verifie":true,"name":"CENTRE DE SANTE RURAL DE GOLI KPANGBASSOU","source":"Géoportail ANSTAT"}},{"type":"Feature","geometry":{"type":"Point","coordinates":[-5.65649899999994,7.501156000000037]},"properties":{"id":132108,"nom":"CENTRE DE SANTE RURAL DE LINGUEBO","type":"centre de santé urbain","district_region":null,"departement_commune":null,"verifie":true,"name":"CENTRE DE SANTE RURAL DE LINGUEBO","source":"Géoportail ANSTAT"}},{"type":"Feature","geometry":{"type":"Point","coordinates":[-5.655092999999965,7.914551000000074]},"properties":{"id":132109,"nom":"CENTRE DE SANTE RURAL DE BOUREBO","type":"centre de santé urbain","district_region":null,"departement_commune":null,"verifie":true,"name":"CENTRE DE SANTE RURAL DE BOUREBO","source":"Géoportail ANSTAT"}},{"type":"Feature","geometry":{"type":"Point","coordinates":[-5.322697999999946,7.757065000000068]},"properties":{"id":132110,"nom":"CENTRE DE SANTE RURAL DE BOUKEBO","type":"centre de santé urbain","district_region":null,"departement_commune":null,"verifie":true,"name":"CENTRE DE SANTE RURAL DE BOUKEBO","source":"Géoportail ANSTAT"}},{"type":"Feature","geometry":{"type":"Point","coordinates":[-5.125179999999943,7.404635000000042]},"properties":{"id":132111,"nom":"CENTRE DE SANTE INTEGRE DE KATIENOU","type":"centre de santé urbain","district_region":null,"departement_commune":null,"verifie":true,"name":"CENTRE DE SANTE INTEGRE DE KATIENOU","source":"Géoportail ANSTAT"}},{"type":"Feature","geometry":{"type":"Point","coordinates":[-5.292589999999961,7.761453000000074]},"properties":{"id":132112,"nom":"CENTRE DE SANTE RURAL DE KLEMEKLO","type":"centre de santé urbain","district_region":null,"departement_commune":null,"verifie":true,"name":"CENTRE DE SANTE RURAL DE KLEMEKLO","source":"Géoportail ANSTAT"}},{"type":"Feature","geometry":{"type":"Point","coordinates":[-5.576596999999936,7.508858000000032]},"properties":{"id":132113,"nom":"CENTRE DE SANTE DEAGONASSOU2","type":"centre de santé urbain","district_region":null,"departement_commune":null,"verifie":true,"name":"CENTRE DE SANTE DEAGONASSOU2","source":"Géoportail ANSTAT"}},{"type":"Feature","geometry":{"type":"Point","coordinates":[-2.759834999999953,8.99084300000004]},"properties":{"id":132114,"nom":"CENTRE DE SANTE RURAL","type":"centre de santé urbain","district_region":null,"departement_commune":null,"verifie":true,"name":"CENTRE DE SANTE RURAL","source":"Géoportail ANSTAT"}},{"type":"Feature","geometry":{"type":"Point","coordinates":[-3.017650999999944,8.766724000000067]},"properties":{"id":132115,"nom":"CENTRE DE SANTE RURAL DE KARTOUDOUO","type":"centre de santé urbain","district_region":null,"departement_commune":null,"verifie":true,"name":"CENTRE DE SANTE RURAL DE KARTOUDOUO","source":"Géoportail ANSTAT"}},{"type":"Feature","geometry":{"type":"Point","coordinates":[-3.080596999999955,9.684556000000043]},"properties":{"id":132116,"nom":"CENTRE DE SANTE RURAL DE DANOA","type":"centre de santé urbain","district_region":null,"departement_commune":null,"verifie":true,"name":"CENTRE DE SANTE RURAL DE DANOA","source":"Géoportail ANSTAT"}},{"type":"Feature","geometry":{"type":"Point","coordinates":[-3.164025999999978,9.82382400000006]},"properties":{"id":132117,"nom":"CENTRE DE SANTE RURAL DE KALAMON","type":"centre de santé urbain","district_region":null,"departement_commune":null,"verifie":true,"name":"CENTRE DE SANTE RURAL DE KALAMON","source":"Géoportail ANSTAT"}},{"type":"Feature","geometry":{"type":"Point","coordinates":[-3.429150999999933,9.738437000000031]},"properties":{"id":132118,"nom":"CENTRE DE SANTE RURAL","type":"centre de santé urbain","district_region":null,"departement_commune":null,"verifie":true,"name":"CENTRE DE SANTE RURAL","source":"Géoportail ANSTAT"}},{"type":"Feature","geometry":{"type":"Point","coordinates":[-3.517753999999968,9.772189000000026]},"properties":{"id":132119,"nom":"CENTRE DE SANTE GOGO","type":"centre de santé urbain","district_region":null,"departement_commune":null,"verifie":true,"name":"CENTRE DE SANTE GOGO","source":"Géoportail ANSTAT"}},{"type":"Feature","geometry":{"type":"Point","coordinates":[-4.152055999999959,9.579455000000053]},"properties":{"id":132120,"nom":"CENTRE DE SANTE RURAL DE BAVE","type":"centre de santé urbain","district_region":null,"departement_commune":null,"verifie":true,"name":"CENTRE DE SANTE RURAL DE BAVE","source":"Géoportail ANSTAT"}},{"type":"Feature","geometry":{"type":"Point","coordinates":[-4.517307999999957,6.908830000000023]},"properties":{"id":132121,"nom":"CENTRE DE SANTE RURAL DE DIDA MOESSOU","type":"centre de santé urbain","district_region":null,"departement_commune":null,"verifie":true,"name":"CENTRE DE SANTE RURAL DE DIDA MOESSOU","source":"Géoportail ANSTAT"}},{"type":"Feature","geometry":{"type":"Point","coordinates":[-4.672428999999966,7.149720000000059]},"properties":{"id":132122,"nom":"CENTRE DE SANTE RURAL DE MEKRO","type":"centre de santé urbain","district_region":null,"departement_commune":null,"verifie":true,"name":"CENTRE DE SANTE RURAL DE MEKRO","source":"Géoportail ANSTAT"}},{"type":"Feature","geometry":{"type":"Point","coordinates":[-4.631343999999956,7.385571000000027]},"properties":{"id":132123,"nom":"CENTRE DE SANTE RURAL DE BONZO MALEKRO","type":"centre de santé urbain","district_region":null,"departement_commune":null,"verifie":true,"name":"CENTRE DE SANTE RURAL DE BONZO MALEKRO","source":"Géoportail ANSTAT"}},{"type":"Feature","geometry":{"type":"Point","coordinates":[-4.468693999999971,6.903294000000074]},"properties":{"id":132124,"nom":"CENTRE DE SANTE RURAL DE DIDA KAYABO","type":"centre de santé urbain","district_region":null,"departement_commune":null,"verifie":true,"name":"CENTRE DE SANTE RURAL DE DIDA KAYABO","source":"Géoportail ANSTAT"}},{"type":"Feature","geometry":{"type":"Point","coordinates":[-7.492748999999947,6.09319000000005]},"properties":{"id":132126,"nom":"CENTRE DE SANTE RURAL DE DJIDOUBAYE","type":"centre de santé urbain","district_region":null,"departement_commune":null,"verifie":true,"name":"CENTRE DE SANTE RURAL DE DJIDOUBAYE","source":"Géoportail ANSTAT"}},{"type":"Feature","geometry":{"type":"Point","coordinates":[-7.481676999999934,6.52571800000004]},"properties":{"id":132127,"nom":"CENTRE DE SANTE NICLA","type":"centre de santé urbain","district_region":null,"departement_commune":null,"verifie":true,"name":"CENTRE DE SANTE NICLA","source":"Géoportail ANSTAT"}},{"type":"Feature","geometry":{"type":"Point","coordinates":[-7.77226399999995,6.563886000000025]},"properties":{"id":132128,"nom":"CENTRE DE SANTE RURAL DE BEDY GOAZON","type":"centre de santé urbain","district_region":null,"departement_commune":null,"verifie":true,"name":"CENTRE DE SANTE RURAL DE BEDY GOAZON","source":"Géoportail ANSTAT"}},{"type":"Feature","geometry":{"type":"Point","coordinates":[-7.889718999999957,6.647398000000067]},"properties":{"id":132129,"nom":"CENTRE DE SANTE PRIVEBDU MARCHE","type":"centre de santé urbain","district_region":null,"departement_commune":null,"verifie":true,"name":"CENTRE DE SANTE PRIVEBDU MARCHE","source":"Géoportail ANSTAT"}},{"type":"Feature","geometry":{"type":"Point","coordinates":[-8.209887999999978,6.616686000000072]},"properties":{"id":132130,"nom":"CENTRE DE SANTE RURAL DE GUIBOBLY","type":"centre de santé urbain","district_region":null,"departement_commune":null,"verifie":true,"name":"CENTRE DE SANTE RURAL DE GUIBOBLY","source":"Géoportail ANSTAT"}},{"type":"Feature","geometry":{"type":"Point","coordinates":[-8.37240799999995,6.548745000000054]},"properties":{"id":132131,"nom":"CENTRE DE SANTE DE ZIOMBLY","type":"centre de santé urbain","district_region":null,"departement_commune":null,"verifie":true,"name":"CENTRE DE SANTE DE ZIOMBLY","source":"Géoportail ANSTAT"}},{"type":"Feature","geometry":{"type":"Point","coordinates":[-6.36277199999995,7.609061000000054]},"properties":{"id":132132,"nom":"CENTRE DE SANTE RURAL DE DANANON","type":"centre de santé urbain","district_region":null,"departement_commune":null,"verifie":true,"name":"CENTRE DE SANTE RURAL DE DANANON","source":"Géoportail ANSTAT"}},{"type":"Feature","geometry":{"type":"Point","coordinates":[-6.46881499999995,7.714032000000032]},"properties":{"id":132133,"nom":"CENTRE DE SANTE FRATERNITE ONG ACTION SANTE POUR TOUS","type":"centre de santé urbain","district_region":null,"departement_commune":null,"verifie":true,"name":"CENTRE DE SANTE FRATERNITE ONG ACTION SANTE POUR TOUS","source":"Géoportail ANSTAT"}},{"type":"Feature","geometry":{"type":"Point","coordinates":[-6.476226999999938,7.23111700000004]},"properties":{"id":132134,"nom":"CENTRE DE SANTE RURAL","type":"centre de santé urbain","district_region":null,"departement_commune":null,"verifie":true,"name":"CENTRE DE SANTE RURAL","source":"Géoportail ANSTAT"}},{"type":"Feature","geometry":{"type":"Point","coordinates":[-6.514640999999926,7.53162100000003]},"properties":{"id":132135,"nom":"CENTRE DE SANTE RURAL DE GOURIELA","type":"centre de santé urbain","district_region":null,"departement_commune":null,"verifie":true,"name":"CENTRE DE SANTE RURAL DE GOURIELA","source":"Géoportail ANSTAT"}},{"type":"Feature","geometry":{"type":"Point","coordinates":[-6.515850999999941,7.54607500000003]},"properties":{"id":132136,"nom":"CENTRE DE SANTE RURAL DE DERAGON","type":"centre de santé urbain","district_region":null,"departement_commune":null,"verifie":true,"name":"CENTRE DE SANTE RURAL DE DERAGON","source":"Géoportail ANSTAT"}},{"type":"Feature","geometry":{"type":"Point","coordinates":[-6.964831999999944,7.664845000000071]},"properties":{"id":132137,"nom":"CENTRE DE SANTE RURAL ANCIEN PROZI","type":"centre de santé urbain","district_region":null,"departement_commune":null,"verifie":true,"name":"CENTRE DE SANTE RURAL ANCIEN PROZI","source":"Géoportail ANSTAT"}},{"type":"Feature","geometry":{"type":"Point","coordinates":[-6.770436999999959,7.120034000000032]},"properties":{"id":132138,"nom":"CENTRE DE SANTE RURAL DE GBABO","type":"centre de santé urbain","district_region":null,"departement_commune":null,"verifie":true,"name":"CENTRE DE SANTE RURAL DE GBABO","source":"Géoportail ANSTAT"}},{"type":"Feature","geometry":{"type":"Point","coordinates":[-6.83300399999996,6.684196000000043]},"properties":{"id":132139,"nom":"CENTRE DE SANTE RURAL DE DETROYA","type":"centre de santé urbain","district_region":null,"departement_commune":null,"verifie":true,"name":"CENTRE DE SANTE RURAL DE DETROYA","source":"Géoportail ANSTAT"}},{"type":"Feature","geometry":{"type":"Point","coordinates":[-6.480170999999928,6.877753000000041]},"properties":{"id":132140,"nom":"CENTRE DE SANTE MEDICAL CANAAN","type":"centre de santé urbain","district_region":null,"departement_commune":null,"verifie":true,"name":"CENTRE DE SANTE MEDICAL CANAAN","source":"Géoportail ANSTAT"}},{"type":"Feature","geometry":{"type":"Point","coordinates":[-6.516347999999937,6.756631000000027]},"properties":{"id":132141,"nom":"CENTRE DE SANTE DE ZIGUEDIA","type":"centre de santé urbain","district_region":null,"departement_commune":null,"verifie":true,"name":"CENTRE DE SANTE DE ZIGUEDIA","source":"Géoportail ANSTAT"}},{"type":"Feature","geometry":{"type":"Point","coordinates":[-6.55435499999993,6.701662000000056]},"properties":{"id":132142,"nom":"CENTRE DE SANTE DE ZOBOUA","type":"centre de santé urbain","district_region":null,"departement_commune":null,"verifie":true,"name":"CENTRE DE SANTE DE ZOBOUA","source":"Géoportail ANSTAT"}},{"type":"Feature","geometry":{"type":"Point","coordinates":[-6.577413999999976,6.84791400000006]},"properties":{"id":132143,"nom":"CENTRE DE SANTE RURAL DE KEIBLA","type":"centre de santé urbain","district_region":null,"departement_commune":null,"verifie":true,"name":"CENTRE DE SANTE RURAL DE KEIBLA","source":"Géoportail ANSTAT"}},{"type":"Feature","geometry":{"type":"Point","coordinates":[-6.232135999999969,6.615843000000041]},"properties":{"id":132144,"nom":"CENTRE DE SANTE RURAL DE BIDIAHOUAN","type":"centre de santé urbain","district_region":null,"departement_commune":null,"verifie":true,"name":"CENTRE DE SANTE RURAL DE BIDIAHOUAN","source":"Géoportail ANSTAT"}},{"type":"Feature","geometry":{"type":"Point","coordinates":[-6.372676999999953,6.907598000000064]},"properties":{"id":132145,"nom":"CENTRE DE SANTE DE ZEPREGUHE","type":"centre de santé urbain","district_region":null,"departement_commune":null,"verifie":true,"name":"CENTRE DE SANTE DE ZEPREGUHE","source":"Géoportail ANSTAT"}},{"type":"Feature","geometry":{"type":"Point","coordinates":[-6.447169999999971,6.775055000000066]},"properties":{"id":132146,"nom":"CENTRE DE SANTE LAGOGUHE","type":"centre de santé urbain","district_region":null,"departement_commune":null,"verifie":true,"name":"CENTRE DE SANTE LAGOGUHE","source":"Géoportail ANSTAT"}},{"type":"Feature","geometry":{"type":"Point","coordinates":[-6.183205999999927,7.207745000000045]},"properties":{"id":132147,"nom":"CENTRE DE SANTE RURAL DE BANDIAHI","type":"centre de santé urbain","district_region":null,"departement_commune":null,"verifie":true,"name":"CENTRE DE SANTE RURAL DE BANDIAHI","source":"Géoportail ANSTAT"}},{"type":"Feature","geometry":{"type":"Point","coordinates":[-6.333381999999972,7.00925600000005]},"properties":{"id":132148,"nom":"CENTRE DE SANTE RURAL DE  STREFLA","type":"centre de santé urbain","district_region":null,"departement_commune":null,"verifie":true,"name":"CENTRE DE SANTE RURAL DE  STREFLA","source":"Géoportail ANSTAT"}},{"type":"Feature","geometry":{"type":"Point","coordinates":[-6.155189999999948,6.674264000000051]},"properties":{"id":132149,"nom":"CENTRE DE SANTE RURAL DE GADOUAN","type":"centre de santé urbain","district_region":null,"departement_commune":null,"verifie":true,"name":"CENTRE DE SANTE RURAL DE GADOUAN","source":"Géoportail ANSTAT"}},{"type":"Feature","geometry":{"type":"Point","coordinates":[-6.437725999999941,6.85738200000003]},"properties":{"id":132150,"nom":"CENTRE DE SANTE EL RAPHA","type":"centre de santé urbain","district_region":null,"departement_commune":null,"verifie":true,"name":"CENTRE DE SANTE EL RAPHA","source":"Géoportail ANSTAT"}},{"type":"Feature","geometry":{"type":"Point","coordinates":[-6.315705999999977,6.533380000000022]},"properties":{"id":132151,"nom":"CENTRE DE SANTE RURAL","type":"centre de santé urbain","district_region":null,"departement_commune":null,"verifie":true,"name":"CENTRE DE SANTE RURAL","source":"Géoportail ANSTAT"}},{"type":"Feature","geometry":{"type":"Point","coordinates":[-6.378070999999977,6.40647000000007]},"properties":{"id":132152,"nom":"CENTRE DE SANTE RURAL 2 DE GABIA","type":"centre de santé urbain","district_region":null,"departement_commune":null,"verifie":true,"name":"CENTRE DE SANTE RURAL 2 DE GABIA","source":"Géoportail ANSTAT"}},{"type":"Feature","geometry":{"type":"Point","coordinates":[-6.378799999999956,6.316482000000065]},"properties":{"id":132153,"nom":"CENTRE DE SANTE RURAL DE GOLIHOA","type":"centre de santé urbain","district_region":null,"departement_commune":null,"verifie":true,"name":"CENTRE DE SANTE RURAL DE GOLIHOA","source":"Géoportail ANSTAT"}},{"type":"Feature","geometry":{"type":"Point","coordinates":[-6.523979999999938,6.312234000000046]},"properties":{"id":132154,"nom":"CENTRE DE SANTE RURAL  MADIA","type":"centre de santé urbain","district_region":null,"departement_commune":null,"verifie":true,"name":"CENTRE DE SANTE RURAL  MADIA","source":"Géoportail ANSTAT"}},{"type":"Feature","geometry":{"type":"Point","coordinates":[-6.566015999999934,6.540504000000055]},"properties":{"id":132155,"nom":"CENTRE DE SANTE RURAL DE BOBREGUHE","type":"centre de santé urbain","district_region":null,"departement_commune":null,"verifie":true,"name":"CENTRE DE SANTE RURAL DE BOBREGUHE","source":"Géoportail ANSTAT"}},{"type":"Feature","geometry":{"type":"Point","coordinates":[-6.710130999999933,6.393216000000052]},"properties":{"id":132156,"nom":"CENTRE DE SANTE RURAL DE NAMANE","type":"centre de santé urbain","district_region":null,"departement_commune":null,"verifie":true,"name":"CENTRE DE SANTE RURAL DE NAMANE","source":"Géoportail ANSTAT"}},{"type":"Feature","geometry":{"type":"Point","coordinates":[-6.441534999999931,6.637275000000045]},"properties":{"id":132157,"nom":"CENTRE DE SANTE RURAL","type":"centre de santé urbain","district_region":null,"departement_commune":null,"verifie":true,"name":"CENTRE DE SANTE RURAL","source":"Géoportail ANSTAT"}},{"type":"Feature","geometry":{"type":"Point","coordinates":[-6.633601999999939,6.494699000000026]},"properties":{"id":132158,"nom":"CENTRE DE SANTE RURAL DE BEMADI","type":"centre de santé urbain","district_region":null,"departement_commune":null,"verifie":true,"name":"CENTRE DE SANTE RURAL DE BEMADI","source":"Géoportail ANSTAT"}},{"type":"Feature","geometry":{"type":"Point","coordinates":[-4.752097999999933,5.778040000000033]},"properties":{"id":132159,"nom":"CENTRE DE SANTE RURAL DE BOTINDE","type":"centre de santé urbain","district_region":null,"departement_commune":null,"verifie":true,"name":"CENTRE DE SANTE RURAL DE BOTINDE","source":"Géoportail ANSTAT"}},{"type":"Feature","geometry":{"type":"Point","coordinates":[-4.414039999999943,5.713391000000058]},"properties":{"id":132160,"nom":"CENTRE DE SANTE DE YAOBOU","type":"centre de santé urbain","district_region":null,"departement_commune":null,"verifie":true,"name":"CENTRE DE SANTE DE YAOBOU","source":"Géoportail ANSTAT"}},{"type":"Feature","geometry":{"type":"Point","coordinates":[-4.611929999999973,5.617311000000029]},"properties":{"id":132161,"nom":"CENTRE DE SANTE RURAL DE BAKANOU B","type":"centre de santé urbain","district_region":null,"departement_commune":null,"verifie":true,"name":"CENTRE DE SANTE RURAL DE BAKANOU B","source":"Géoportail ANSTAT"}},{"type":"Feature","geometry":{"type":"Point","coordinates":[-4.566894999999931,5.670992000000069]},"properties":{"id":132162,"nom":"CENTRE DE SANTE KENEYA","type":"centre de santé urbain","district_region":null,"departement_commune":null,"verifie":true,"name":"CENTRE DE SANTE KENEYA","source":"Géoportail ANSTAT"}},{"type":"Feature","geometry":{"type":"Point","coordinates":[-4.570779999999957,5.670509000000038]},"properties":{"id":132163,"nom":"CENTRE DE SANTE LE SOCIAL","type":"centre de santé urbain","district_region":null,"departement_commune":null,"verifie":true,"name":"CENTRE DE SANTE LE SOCIAL","source":"Géoportail ANSTAT"}},{"type":"Feature","geometry":{"type":"Point","coordinates":[-4.410578999999927,6.242043000000024]},"properties":{"id":132164,"nom":"CENTRE DE SANTE RURAL DE CECHI","type":"centre de santé urbain","district_region":null,"departement_commune":null,"verifie":true,"name":"CENTRE DE SANTE RURAL DE CECHI","source":"Géoportail ANSTAT"}},{"type":"Feature","geometry":{"type":"Point","coordinates":[-4.478272999999945,6.246751000000074]},"properties":{"id":132165,"nom":"CENTRE DE SANTE RURAL DE DAMOIKRO","type":"centre de santé urbain","district_region":null,"departement_commune":null,"verifie":true,"name":"CENTRE DE SANTE RURAL DE DAMOIKRO","source":"Géoportail ANSTAT"}},{"type":"Feature","geometry":{"type":"Point","coordinates":[-4.174440999999945,5.904684000000032]},"properties":{"id":132166,"nom":"CENTRE DE SANTE RURAL D ERY MAKOUGUIE 2","type":"centre de santé urbain","district_region":null,"departement_commune":null,"verifie":true,"name":"CENTRE DE SANTE RURAL D ERY MAKOUGUIE 2","source":"Géoportail ANSTAT"}},{"type":"Feature","geometry":{"type":"Point","coordinates":[-4.060262999999964,6.088405000000023]},"properties":{"id":132167,"nom":"CENTRE DE SANTE RURAL DATTOBROU","type":"centre de santé urbain","district_region":null,"departement_commune":null,"verifie":true,"name":"CENTRE DE SANTE RURAL DATTOBROU","source":"Géoportail ANSTAT"}},{"type":"Feature","geometry":{"type":"Point","coordinates":[-4.063530999999955,5.617727000000059]},"properties":{"id":132168,"nom":"CENTRE DE SANTE EGLIN PLANTATIONS","type":"centre de santé urbain","district_region":null,"departement_commune":null,"verifie":true,"name":"CENTRE DE SANTE EGLIN PLANTATIONS","source":"Géoportail ANSTAT"}},{"type":"Feature","geometry":{"type":"Point","coordinates":[-7.575428999999929,8.231332000000066]},"properties":{"id":132169,"nom":"CENTRE DE SANTE RURAL","type":"centre de santé urbain","district_region":null,"departement_commune":null,"verifie":true,"name":"CENTRE DE SANTE RURAL","source":"Géoportail ANSTAT"}},{"type":"Feature","geometry":{"type":"Point","coordinates":[-7.417672999999979,8.291293000000053]},"properties":{"id":132170,"nom":"CENTRE DE SANTE MOUNANWARA DE MADINA","type":"centre de santé urbain","district_region":null,"departement_commune":null,"verifie":true,"name":"CENTRE DE SANTE MOUNANWARA DE MADINA","source":"Géoportail ANSTAT"}},{"type":"Feature","geometry":{"type":"Point","coordinates":[-7.806660999999963,8.162502000000075]},"properties":{"id":132171,"nom":"CENTRE DE SANTE RURAL DE MANDOUGOU","type":"centre de santé urbain","district_region":null,"departement_commune":null,"verifie":true,"name":"CENTRE DE SANTE RURAL DE MANDOUGOU","source":"Géoportail ANSTAT"}},{"type":"Feature","geometry":{"type":"Point","coordinates":[-7.851322999999979,8.190256000000034]},"properties":{"id":132172,"nom":"CENTRE DE SANTE RURAL DE GANHOUE","type":"centre de santé urbain","district_region":null,"departement_commune":null,"verifie":true,"name":"CENTRE DE SANTE RURAL DE GANHOUE","source":"Géoportail ANSTAT"}},{"type":"Feature","geometry":{"type":"Point","coordinates":[-7.668827999999962,8.117220000000032]},"properties":{"id":132173,"nom":"CENTRE DE SANTE RURAL DE FOUENAN","type":"centre de santé urbain","district_region":null,"departement_commune":null,"verifie":true,"name":"CENTRE DE SANTE RURAL DE FOUENAN","source":"Géoportail ANSTAT"}},{"type":"Feature","geometry":{"type":"Point","coordinates":[-5.703668999999934,6.062476000000061]},"properties":{"id":132174,"nom":"CENTRE DE SANTE DE ZIKISSO","type":"centre de santé urbain","district_region":null,"departement_commune":null,"verifie":true,"name":"CENTRE DE SANTE DE ZIKISSO","source":"Géoportail ANSTAT"}},{"type":"Feature","geometry":{"type":"Point","coordinates":[-5.603985999999963,5.636392000000058]},"properties":{"id":132175,"nom":"CENTRE DE SANTE RURAL D AKRIDOU LADDE","type":"centre de santé urbain","district_region":null,"departement_commune":null,"verifie":true,"name":"CENTRE DE SANTE RURAL D AKRIDOU LADDE","source":"Géoportail ANSTAT"}},{"type":"Feature","geometry":{"type":"Point","coordinates":[-5.577736999999956,5.882848000000024]},"properties":{"id":132176,"nom":"CENTRE DE SANTE RURAL","type":"centre de santé urbain","district_region":null,"departement_commune":null,"verifie":true,"name":"CENTRE DE SANTE RURAL","source":"Géoportail ANSTAT"}},{"type":"Feature","geometry":{"type":"Point","coordinates":[-5.701621999999929,5.948331000000053]},"properties":{"id":132177,"nom":"CENTRE DE SANTE RURAL DE GRAND DEBOUA","type":"centre de santé urbain","district_region":null,"departement_commune":null,"verifie":true,"name":"CENTRE DE SANTE RURAL DE GRAND DEBOUA","source":"Géoportail ANSTAT"}},{"type":"Feature","geometry":{"type":"Point","coordinates":[-5.599445999999944,5.972107000000051]},"properties":{"id":132178,"nom":"CENTRE DE SANTE PRIVE","type":"centre de santé urbain","district_region":null,"departement_commune":null,"verifie":true,"name":"CENTRE DE SANTE PRIVE","source":"Géoportail ANSTAT"}},{"type":"Feature","geometry":{"type":"Point","coordinates":[-5.734455999999966,5.987892000000045]},"properties":{"id":132179,"nom":"CENTRE DE SANTE RURAL DE GROGOUYA","type":"centre de santé urbain","district_region":null,"departement_commune":null,"verifie":true,"name":"CENTRE DE SANTE RURAL DE GROGOUYA","source":"Géoportail ANSTAT"}},{"type":"Feature","geometry":{"type":"Point","coordinates":[-5.921227999999928,5.740010000000041]},"properties":{"id":132180,"nom":"CENTRE DE SANTE RURAL","type":"centre de santé urbain","district_region":null,"departement_commune":null,"verifie":true,"name":"CENTRE DE SANTE RURAL","source":"Géoportail ANSTAT"}},{"type":"Feature","geometry":{"type":"Point","coordinates":[-5.304568999999958,6.146177000000023]},"properties":{"id":132181,"nom":"CENTRE DE SANTE DE ZAROKO","type":"centre de santé urbain","district_region":null,"departement_commune":null,"verifie":true,"name":"CENTRE DE SANTE DE ZAROKO","source":"Géoportail ANSTAT"}},{"type":"Feature","geometry":{"type":"Point","coordinates":[-5.439104999999927,6.162920000000042]},"properties":{"id":132182,"nom":"CENTRE DE SANTE IVOIRE","type":"centre de santé urbain","district_region":null,"departement_commune":null,"verifie":true,"name":"CENTRE DE SANTE IVOIRE","source":"Géoportail ANSTAT"}},{"type":"Feature","geometry":{"type":"Point","coordinates":[-5.297076999999945,6.192353000000026]},"properties":{"id":132183,"nom":"CENTRE DE SANTE NOTRE DAME D EVRON","type":"centre de santé urbain","district_region":null,"departement_commune":null,"verifie":true,"name":"CENTRE DE SANTE NOTRE DAME D EVRON","source":"Géoportail ANSTAT"}},{"type":"Feature","geometry":{"type":"Point","coordinates":[-5.298769999999934,6.203329000000053]},"properties":{"id":132184,"nom":"CENTRE DE SANTE PUBLIC DE HIRE","type":"centre de santé urbain","district_region":null,"departement_commune":null,"verifie":true,"name":"CENTRE DE SANTE PUBLIC DE HIRE","source":"Géoportail ANSTAT"}},{"type":"Feature","geometry":{"type":"Point","coordinates":[-5.367667999999981,5.577885000000038]},"properties":{"id":132185,"nom":"CENTRE DE SANTE HERMANKONO DIES","type":"centre de santé urbain","district_region":null,"departement_commune":null,"verifie":true,"name":"CENTRE DE SANTE HERMANKONO DIES","source":"Géoportail ANSTAT"}},{"type":"Feature","geometry":{"type":"Point","coordinates":[-5.268047999999965,5.654602000000068]},"properties":{"id":132186,"nom":"CENTRE DE SANTE DE V3","type":"centre de santé urbain","district_region":null,"departement_commune":null,"verifie":true,"name":"CENTRE DE SANTE DE V3","source":"Géoportail ANSTAT"}},{"type":"Feature","geometry":{"type":"Point","coordinates":[-5.476375999999959,5.740714000000025]},"properties":{"id":132187,"nom":"CENTRE DE SANTE RUEALE DE GNAMA","type":"centre de santé urbain","district_region":null,"departement_commune":null,"verifie":true,"name":"CENTRE DE SANTE RUEALE DE GNAMA","source":"Géoportail ANSTAT"}},{"type":"Feature","geometry":{"type":"Point","coordinates":[-5.349790999999925,5.837218000000064]},"properties":{"id":132188,"nom":"CENTRE DE SANTE NOTRE DAME DES APOTRES","type":"centre de santé urbain","district_region":null,"departement_commune":null,"verifie":true,"name":"CENTRE DE SANTE NOTRE DAME DES APOTRES","source":"Géoportail ANSTAT"}},{"type":"Feature","geometry":{"type":"Point","coordinates":[-5.078947999999968,5.918909000000042]},"properties":{"id":132189,"nom":"CENTRE DE SANTE EBENEZER","type":"centre de santé urbain","district_region":null,"departement_commune":null,"verifie":true,"name":"CENTRE DE SANTE EBENEZER","source":"Géoportail ANSTAT"}},{"type":"Feature","geometry":{"type":"Point","coordinates":[-5.324460999999928,5.93864300000007]},"properties":{"id":132190,"nom":"CENTRE DE SANTE RURAL DE DATTA","type":"centre de santé urbain","district_region":null,"departement_commune":null,"verifie":true,"name":"CENTRE DE SANTE RURAL DE DATTA","source":"Géoportail ANSTAT"}},{"type":"Feature","geometry":{"type":"Point","coordinates":[-5.421617999999967,5.96721400000007]},"properties":{"id":132191,"nom":"CENTRE DE SANTE RURAL DE GNEHIRI","type":"centre de santé urbain","district_region":null,"departement_commune":null,"verifie":true,"name":"CENTRE DE SANTE RURAL DE GNEHIRI","source":"Géoportail ANSTAT"}},{"type":"Feature","geometry":{"type":"Point","coordinates":[-5.310397999999964,6.013523000000021]},"properties":{"id":132192,"nom":"CENTRE DE SANTE RURAL","type":"centre de santé urbain","district_region":null,"departement_commune":null,"verifie":true,"name":"CENTRE DE SANTE RURAL","source":"Géoportail ANSTAT"}},{"type":"Feature","geometry":{"type":"Point","coordinates":[-5.557989999999961,5.727242000000047]},"properties":{"id":132193,"nom":"CENTRE DE SANTE RURAL","type":"centre de santé urbain","district_region":null,"departement_commune":null,"verifie":true,"name":"CENTRE DE SANTE RURAL","source":"Géoportail ANSTAT"}},{"type":"Feature","geometry":{"type":"Point","coordinates":[-5.786057999999969,5.58246900000006]},"properties":{"id":132194,"nom":"CENTRE DE SANTE KOKOLILIE","type":"centre de santé urbain","district_region":null,"departement_commune":null,"verifie":true,"name":"CENTRE DE SANTE KOKOLILIE","source":"Géoportail ANSTAT"}},{"type":"Feature","geometry":{"type":"Point","coordinates":[-6.217466999999942,9.961082000000031]},"properties":{"id":132195,"nom":"CENTRE DE SANTE DE YELLE","type":"centre de santé urbain","district_region":null,"departement_commune":null,"verifie":true,"name":"CENTRE DE SANTE DE YELLE","source":"Géoportail ANSTAT"}},{"type":"Feature","geometry":{"type":"Point","coordinates":[-6.410281999999938,9.889540000000068]},"properties":{"id":132196,"nom":"CENTRE DE SANTE RURAL","type":"centre de santé urbain","district_region":null,"departement_commune":null,"verifie":true,"name":"CENTRE DE SANTE RURAL","source":"Géoportail ANSTAT"}},{"type":"Feature","geometry":{"type":"Point","coordinates":[-6.466386999999941,9.526638000000048]},"properties":{"id":132197,"nom":"CENTRE DE SANTE INTEGRE PRIVE TCHEREGNIMIN","type":"centre de santé urbain","district_region":null,"departement_commune":null,"verifie":true,"name":"CENTRE DE SANTE INTEGRE PRIVE TCHEREGNIMIN","source":"Géoportail ANSTAT"}},{"type":"Feature","geometry":{"type":"Point","coordinates":[-6.568161999999973,10.28330400000004]},"properties":{"id":132198,"nom":"CENTRE DE SANTE RURAL DE MBELE","type":"centre de santé urbain","district_region":null,"departement_commune":null,"verifie":true,"name":"CENTRE DE SANTE RURAL DE MBELE","source":"Géoportail ANSTAT"}},{"type":"Feature","geometry":{"type":"Point","coordinates":[-6.372255999999936,10.69037700000007]},"properties":{"id":132199,"nom":"CENTRE DE SANTE INTEGRE DE KOULOUSSON","type":"centre de santé urbain","district_region":null,"departement_commune":null,"verifie":true,"name":"CENTRE DE SANTE INTEGRE DE KOULOUSSON","source":"Géoportail ANSTAT"}},{"type":"Feature","geometry":{"type":"Point","coordinates":[-6.436524999999961,10.29375800000003]},"properties":{"id":132200,"nom":"CENTRE DE SANTE RURAL DE BOLONA","type":"centre de santé urbain","district_region":null,"departement_commune":null,"verifie":true,"name":"CENTRE DE SANTE RURAL DE BOLONA","source":"Géoportail ANSTAT"}},{"type":"Feature","geometry":{"type":"Point","coordinates":[-6.251327999999944,10.30164500000006]},"properties":{"id":132201,"nom":"CENTRE DE SANTE DE ZANIKAHA","type":"centre de santé urbain","district_region":null,"departement_commune":null,"verifie":true,"name":"CENTRE DE SANTE DE ZANIKAHA","source":"Géoportail ANSTAT"}},{"type":"Feature","geometry":{"type":"Point","coordinates":[-6.218452999999954,10.44796400000007]},"properties":{"id":132202,"nom":"CENTRE DE SANTE INTEGRE DE SISSENGUE","type":"centre de santé urbain","district_region":null,"departement_commune":null,"verifie":true,"name":"CENTRE DE SANTE INTEGRE DE SISSENGUE","source":"Géoportail ANSTAT"}},{"type":"Feature","geometry":{"type":"Point","coordinates":[-6.238199999999949,8.764587000000063]},"properties":{"id":132203,"nom":"CENTRE DE SANTE JOSEPH ALLAMANO","type":"centre de santé urbain","district_region":null,"departement_commune":null,"verifie":true,"name":"CENTRE DE SANTE JOSEPH ALLAMANO","source":"Géoportail ANSTAT"}},{"type":"Feature","geometry":{"type":"Point","coordinates":[-5.876117999999963,7.935655000000054]},"properties":{"id":132204,"nom":"CENTRE DE SANTE PRIVE TAMANGA","type":"centre de santé urbain","district_region":null,"departement_commune":null,"verifie":true,"name":"CENTRE DE SANTE PRIVE TAMANGA","source":"Géoportail ANSTAT"}},{"type":"Feature","geometry":{"type":"Point","coordinates":[-7.654821999999967,10.16517000000005]},"properties":{"id":132205,"nom":"CENTRE DE SANTE RURAL DE NABAGALA","type":"centre de santé urbain","district_region":null,"departement_commune":null,"verifie":true,"name":"CENTRE DE SANTE RURAL DE NABAGALA","source":"Géoportail ANSTAT"}},{"type":"Feature","geometry":{"type":"Point","coordinates":[-7.78825699999993,10.16280400000005]},"properties":{"id":132206,"nom":"CENTRE DE SANTE RURAL","type":"centre de santé urbain","district_region":null,"departement_commune":null,"verifie":true,"name":"CENTRE DE SANTE RURAL","source":"Géoportail ANSTAT"}},{"type":"Feature","geometry":{"type":"Point","coordinates":[-3.327978999999971,6.748715000000061]},"properties":{"id":132207,"nom":"CENTRE DE SANTE RURAL","type":"centre de santé urbain","district_region":null,"departement_commune":null,"verifie":true,"name":"CENTRE DE SANTE RURAL","source":"Géoportail ANSTAT"}},{"type":"Feature","geometry":{"type":"Point","coordinates":[-3.340536999999927,6.564026000000069]},"properties":{"id":132208,"nom":"CENTRE DE SANTE RURAL","type":"centre de santé urbain","district_region":null,"departement_commune":null,"verifie":true,"name":"CENTRE DE SANTE RURAL","source":"Géoportail ANSTAT"}},{"type":"Feature","geometry":{"type":"Point","coordinates":[-3.373169999999959,6.438107000000059]},"properties":{"id":132209,"nom":"CENTRE DE SANTE DE ZARANOY","type":"centre de santé urbain","district_region":null,"departement_commune":null,"verifie":true,"name":"CENTRE DE SANTE DE ZARANOY","source":"Géoportail ANSTAT"}},{"type":"Feature","geometry":{"type":"Point","coordinates":[-3.388428999999974,6.456991000000073]},"properties":{"id":132210,"nom":"CENTRE DE SANTE PRIVEE","type":"centre de santé urbain","district_region":null,"departement_commune":null,"verifie":true,"name":"CENTRE DE SANTE PRIVEE","source":"Géoportail ANSTAT"}},{"type":"Feature","geometry":{"type":"Point","coordinates":[-3.411005999999929,6.364514000000042]},"properties":{"id":132211,"nom":"CENTRE DE SANTE RURAL DE BEBOU","type":"centre de santé urbain","district_region":null,"departement_commune":null,"verifie":true,"name":"CENTRE DE SANTE RURAL DE BEBOU","source":"Géoportail ANSTAT"}},{"type":"Feature","geometry":{"type":"Point","coordinates":[-3.20587699999993,6.403304000000048]},"properties":{"id":132212,"nom":"CENTRE DE SANTE RURAL AKATI","type":"centre de santé urbain","district_region":null,"departement_commune":null,"verifie":true,"name":"CENTRE DE SANTE RURAL AKATI","source":"Géoportail ANSTAT"}},{"type":"Feature","geometry":{"type":"Point","coordinates":[-3.151606999999956,7.068166000000076]},"properties":{"id":132213,"nom":"CENTRE DE SANTE RURAL DE DAME","type":"centre de santé urbain","district_region":null,"departement_commune":null,"verifie":true,"name":"CENTRE DE SANTE RURAL DE DAME","source":"Géoportail ANSTAT"}},{"type":"Feature","geometry":{"type":"Point","coordinates":[-3.209154999999953,7.160949000000073]},"properties":{"id":132214,"nom":"CENTRE DE SANTE RURAL DASSUAME","type":"centre de santé urbain","district_region":null,"departement_commune":null,"verifie":true,"name":"CENTRE DE SANTE RURAL DASSUAME","source":"Géoportail ANSTAT"}},{"type":"Feature","geometry":{"type":"Point","coordinates":[-3.523183999999958,7.095337000000029]},"properties":{"id":132215,"nom":"CENTRE DE SANTE RURAL DE AMORIAKRO","type":"centre de santé urbain","district_region":null,"departement_commune":null,"verifie":true,"name":"CENTRE DE SANTE RURAL DE AMORIAKRO","source":"Géoportail ANSTAT"}},{"type":"Feature","geometry":{"type":"Point","coordinates":[-3.198438999999951,7.137945000000059]},"properties":{"id":132216,"nom":"CENTRE DE SANTE PALAZZOLO","type":"centre de santé urbain","district_region":null,"departement_commune":null,"verifie":true,"name":"CENTRE DE SANTE PALAZZOLO","source":"Géoportail ANSTAT"}},{"type":"Feature","geometry":{"type":"Point","coordinates":[-3.215570999999954,6.133635000000027]},"properties":{"id":132217,"nom":"CENTRE DE SANTE RURAL DE ATTIEKRO","type":"centre de santé urbain","district_region":null,"departement_commune":null,"verifie":true,"name":"CENTRE DE SANTE RURAL DE ATTIEKRO","source":"Géoportail ANSTAT"}},{"type":"Feature","geometry":{"type":"Point","coordinates":[-3.295818999999938,6.199474000000066]},"properties":{"id":132218,"nom":"CENTRE DE SANTE RURAL DE BOROBO","type":"centre de santé urbain","district_region":null,"departement_commune":null,"verifie":true,"name":"CENTRE DE SANTE RURAL DE BOROBO","source":"Géoportail ANSTAT"}},{"type":"Feature","geometry":{"type":"Point","coordinates":[-7.567275999999936,9.493922000000056]},"properties":{"id":132219,"nom":"CENTRE DE SANTE PIETRO BONILLI","type":"centre de santé urbain","district_region":null,"departement_commune":null,"verifie":true,"name":"CENTRE DE SANTE PIETRO BONILLI","source":"Géoportail ANSTAT"}},{"type":"Feature","geometry":{"type":"Point","coordinates":[-7.119739999999979,9.44732700000003]},"properties":{"id":132220,"nom":"CENTRE DE SANTE FARAKORO","type":"centre de santé urbain","district_region":null,"departement_commune":null,"verifie":true,"name":"CENTRE DE SANTE FARAKORO","source":"Géoportail ANSTAT"}},{"type":"Feature","geometry":{"type":"Point","coordinates":[-7.266394999999932,8.849736000000064]},"properties":{"id":132221,"nom":"CENTRE DE SANTE RURAL","type":"centre de santé urbain","district_region":null,"departement_commune":null,"verifie":true,"name":"CENTRE DE SANTE RURAL","source":"Géoportail ANSTAT"}},{"type":"Feature","geometry":{"type":"Point","coordinates":[-7.272885999999971,9.42915000000005]},"properties":{"id":132222,"nom":"CENTRE DE SANTE DE ZEGBAO","type":"centre de santé urbain","district_region":null,"departement_commune":null,"verifie":true,"name":"CENTRE DE SANTE DE ZEGBAO","source":"Géoportail ANSTAT"}},{"type":"Feature","geometry":{"type":"Point","coordinates":[-7.710357999999928,9.77753800000005]},"properties":{"id":132223,"nom":"CENTRE DE SANTE RURAL DE KERE","type":"centre de santé urbain","district_region":null,"departement_commune":null,"verifie":true,"name":"CENTRE DE SANTE RURAL DE KERE","source":"Géoportail ANSTAT"}},{"type":"Feature","geometry":{"type":"Point","coordinates":[-7.804629999999975,9.724225000000049]},"properties":{"id":132224,"nom":"CENTRE DE SANTE RURAL","type":"centre de santé urbain","district_region":null,"departement_commune":null,"verifie":true,"name":"CENTRE DE SANTE RURAL","source":"Géoportail ANSTAT"}},{"type":"Feature","geometry":{"type":"Point","coordinates":[-7.871902999999975,9.74232500000005]},"properties":{"id":132225,"nom":"CENTRE DE SANTE RURAL DE DABADOUGOU MAFELE","type":"centre de santé urbain","district_region":null,"departement_commune":null,"verifie":true,"name":"CENTRE DE SANTE RURAL DE DABADOUGOU MAFELE","source":"Géoportail ANSTAT"}},{"type":"Feature","geometry":{"type":"Point","coordinates":[-8.127782999999965,9.583374000000047]},"properties":{"id":132226,"nom":"CENTRE DE SANTE DOMINIQUE OUATTARA DE GBELEBAN","type":"centre de santé urbain","district_region":null,"departement_commune":null,"verifie":true,"name":"CENTRE DE SANTE DOMINIQUE OUATTARA DE GBELEBAN","source":"Géoportail ANSTAT"}},{"type":"Feature","geometry":{"type":"Point","coordinates":[-3.737294999999961,5.481366000000037]},"properties":{"id":132227,"nom":"CENTRE DE SANTE FELIX HOUPHOUET BOIGNY DE MONTEZO","type":"centre de santé urbain","district_region":null,"departement_commune":null,"verifie":true,"name":"CENTRE DE SANTE FELIX HOUPHOUET BOIGNY DE MONTEZO","source":"Géoportail ANSTAT"}},{"type":"Feature","geometry":{"type":"Point","coordinates":[-3.800900999999953,5.473659000000055]},"properties":{"id":132228,"nom":"CENTRE DE SANTE RURAL D AHOUTOUE","type":"centre de santé urbain","district_region":null,"departement_commune":null,"verifie":true,"name":"CENTRE DE SANTE RURAL D AHOUTOUE","source":"Géoportail ANSTAT"}},{"type":"Feature","geometry":{"type":"Point","coordinates":[-3.604686999999956,6.199702000000059]},"properties":{"id":132229,"nom":"CENTRE DE SANTE RURAL D ABRADINE1","type":"centre de santé urbain","district_region":null,"departement_commune":null,"verifie":true,"name":"CENTRE DE SANTE RURAL D ABRADINE1","source":"Géoportail ANSTAT"}},{"type":"Feature","geometry":{"type":"Point","coordinates":[-3.639772999999934,6.151865000000043]},"properties":{"id":132230,"nom":"CENTRE DE SANTE RURAL DE DIANGOBO","type":"centre de santé urbain","district_region":null,"departement_commune":null,"verifie":true,"name":"CENTRE DE SANTE RURAL DE DIANGOBO","source":"Géoportail ANSTAT"}},{"type":"Feature","geometry":{"type":"Point","coordinates":[-3.768660999999952,6.225708000000054]},"properties":{"id":132231,"nom":"CENTRE DE SANTE RURAL D ANANGUIE","type":"centre de santé urbain","district_region":null,"departement_commune":null,"verifie":true,"name":"CENTRE DE SANTE RURAL D ANANGUIE","source":"Géoportail ANSTAT"}},{"type":"Feature","geometry":{"type":"Point","coordinates":[-3.905839999999955,6.040864000000056]},"properties":{"id":132232,"nom":"CENTRE DE SANTE RURAL DE MIADZIN","type":"centre de santé urbain","district_region":null,"departement_commune":null,"verifie":true,"name":"CENTRE DE SANTE RURAL DE MIADZIN","source":"Géoportail ANSTAT"}},{"type":"Feature","geometry":{"type":"Point","coordinates":[-3.649020999999948,6.180005000000051]},"properties":{"id":132233,"nom":"CENTRE DE SANTE DE YAKASSE ATTOBROU","type":"centre de santé urbain","district_region":null,"departement_commune":null,"verifie":true,"name":"CENTRE DE SANTE DE YAKASSE ATTOBROU","source":"Géoportail ANSTAT"}},{"type":"Feature","geometry":{"type":"Point","coordinates":[-4.017023999999935,5.910666000000049]},"properties":{"id":132234,"nom":"CENTRE DE SANTE RURAL DE BECEDI BRIGNAN","type":"centre de santé urbain","district_region":null,"departement_commune":null,"verifie":true,"name":"CENTRE DE SANTE RURAL DE BECEDI BRIGNAN","source":"Géoportail ANSTAT"}},{"type":"Feature","geometry":{"type":"Point","coordinates":[-3.548250999999937,5.171568000000036]},"properties":{"id":132235,"nom":"CENTRE DE SANTE RURAL DE MOHAME","type":"centre de santé urbain","district_region":null,"departement_commune":null,"verifie":true,"name":"CENTRE DE SANTE RURAL DE MOHAME","source":"Géoportail ANSTAT"}},{"type":"Feature","geometry":{"type":"Point","coordinates":[-3.633180999999979,5.24090700000005]},"properties":{"id":132236,"nom":"CENTRE DE SANTE DE YAOU","type":"centre de santé urbain","district_region":null,"departement_commune":null,"verifie":true,"name":"CENTRE DE SANTE DE YAOU","source":"Géoportail ANSTAT"}},{"type":"Feature","geometry":{"type":"Point","coordinates":[-3.588357999999971,5.292894000000047]},"properties":{"id":132237,"nom":"CENTRE DE SANTE INTEGRE","type":"centre de santé urbain","district_region":null,"departement_commune":null,"verifie":true,"name":"CENTRE DE SANTE INTEGRE","source":"Géoportail ANSTAT"}},{"type":"Feature","geometry":{"type":"Point","coordinates":[-3.741746999999975,5.212695000000053]},"properties":{"id":132238,"nom":"CENTRE DE SANTE ET DE DIAGNOSTIQUE SARL GREEN WORLD","type":"centre de santé urbain","district_region":null,"departement_commune":null,"verifie":true,"name":"CENTRE DE SANTE ET DE DIAGNOSTIQUE SARL GREEN WORLD","source":"Géoportail ANSTAT"}},{"type":"Feature","geometry":{"type":"Point","coordinates":[-3.26618099999996,5.301359000000048]},"properties":{"id":132239,"nom":"CENTRE DE SANTE RURAL DE EPLEMLAN","type":"centre de santé urbain","district_region":null,"departement_commune":null,"verifie":true,"name":"CENTRE DE SANTE RURAL DE EPLEMLAN","source":"Géoportail ANSTAT"}},{"type":"Feature","geometry":{"type":"Point","coordinates":[-3.297042999999974,5.201231000000064]},"properties":{"id":132240,"nom":"CENTRE DE SANTE RURAL","type":"centre de santé urbain","district_region":null,"departement_commune":null,"verifie":true,"name":"CENTRE DE SANTE RURAL","source":"Géoportail ANSTAT"}},{"type":"Feature","geometry":{"type":"Point","coordinates":[-3.273255999999947,5.128542000000039]},"properties":{"id":132241,"nom":"CENTRE DE SANTE RURAL DE ASSINIE FRANCE","type":"centre de santé urbain","district_region":null,"departement_commune":null,"verifie":true,"name":"CENTRE DE SANTE RURAL DE ASSINIE FRANCE","source":"Géoportail ANSTAT"}},{"type":"Feature","geometry":{"type":"Point","coordinates":[-3.475631999999962,5.166421000000071]},"properties":{"id":132242,"nom":"CENTRE DE SANTE RURAL D ASSOUNDE","type":"centre de santé urbain","district_region":null,"departement_commune":null,"verifie":true,"name":"CENTRE DE SANTE RURAL D ASSOUNDE","source":"Géoportail ANSTAT"}},{"type":"Feature","geometry":{"type":"Point","coordinates":[-3.169076999999959,5.285699000000022]},"properties":{"id":132243,"nom":"CENTRE DE SANTE NIAMKE WADJA","type":"centre de santé urbain","district_region":null,"departement_commune":null,"verifie":true,"name":"CENTRE DE SANTE NIAMKE WADJA","source":"Géoportail ANSTAT"}},{"type":"Feature","geometry":{"type":"Point","coordinates":[-3.176090999999928,5.183208000000036]},"properties":{"id":132244,"nom":"CENTRE DE SANTE RURAL DE AKOUNOUGBE","type":"centre de santé urbain","district_region":null,"departement_commune":null,"verifie":true,"name":"CENTRE DE SANTE RURAL DE AKOUNOUGBE","source":"Géoportail ANSTAT"}},{"type":"Feature","geometry":{"type":"Point","coordinates":[-3.32364599999994,5.382803000000024]},"properties":{"id":132245,"nom":"CENTRE DE SANTE RURAL D AYENOUAN","type":"centre de santé urbain","district_region":null,"departement_commune":null,"verifie":true,"name":"CENTRE DE SANTE RURAL D AYENOUAN","source":"Géoportail ANSTAT"}},{"type":"Feature","geometry":{"type":"Point","coordinates":[-3.351959999999963,5.40975700000007]},"properties":{"id":132246,"nom":"CENTRE DE SANTE RURAL DE BABADOUGOU","type":"centre de santé urbain","district_region":null,"departement_commune":null,"verifie":true,"name":"CENTRE DE SANTE RURAL DE BABADOUGOU","source":"Géoportail ANSTAT"}},{"type":"Feature","geometry":{"type":"Point","coordinates":[-3.176616999999965,5.52080200000006]},"properties":{"id":132247,"nom":"CENTRE DE SANTE RURAL DE KOUKOURANDOUMI","type":"centre de santé urbain","district_region":null,"departement_commune":null,"verifie":true,"name":"CENTRE DE SANTE RURAL DE KOUKOURANDOUMI","source":"Géoportail ANSTAT"}},{"type":"Feature","geometry":{"type":"Point","coordinates":[-2.854490999999939,5.477748000000076]},"properties":{"id":132248,"nom":"CENTRE DE SANTE RURAL DE MPOSSA","type":"centre de santé urbain","district_region":null,"departement_commune":null,"verifie":true,"name":"CENTRE DE SANTE RURAL DE MPOSSA","source":"Géoportail ANSTAT"}},{"type":"Feature","geometry":{"type":"Point","coordinates":[-2.931668999999943,5.450885000000028]},"properties":{"id":132249,"nom":"CENTRE DE SANTE HENRIETTE KONAN BEDIE ABOULIE","type":"centre de santé urbain","district_region":null,"departement_commune":null,"verifie":true,"name":"CENTRE DE SANTE HENRIETTE KONAN BEDIE ABOULIE","source":"Géoportail ANSTAT"}},{"type":"Feature","geometry":{"type":"Point","coordinates":[-2.977494999999976,5.661559000000068]},"properties":{"id":132250,"nom":"CENTRE DE SANTE RURAL DE DIBY","type":"centre de santé urbain","district_region":null,"departement_commune":null,"verifie":true,"name":"CENTRE DE SANTE RURAL DE DIBY","source":"Géoportail ANSTAT"}},{"type":"Feature","geometry":{"type":"Point","coordinates":[-2.971878999999944,5.26733100000007]},"properties":{"id":132251,"nom":"CENTRE DE SANTE DJEMISSIKRO","type":"centre de santé urbain","district_region":null,"departement_commune":null,"verifie":true,"name":"CENTRE DE SANTE DJEMISSIKRO","source":"Géoportail ANSTAT"}},{"type":"Feature","geometry":{"type":"Point","coordinates":[-2.994600999999932,5.535623000000044]},"properties":{"id":132252,"nom":"CENTRE DE SANTE RURAL DE BAFFIA","type":"centre de santé urbain","district_region":null,"departement_commune":null,"verifie":true,"name":"CENTRE DE SANTE RURAL DE BAFFIA","source":"Géoportail ANSTAT"}},{"type":"Feature","geometry":{"type":"Point","coordinates":[-3.090674999999976,5.371578000000056]},"properties":{"id":132253,"nom":"CENTRE DE SANTE RURAL DE MOUYASSUE","type":"centre de santé urbain","district_region":null,"departement_commune":null,"verifie":true,"name":"CENTRE DE SANTE RURAL DE MOUYASSUE","source":"Géoportail ANSTAT"}},{"type":"Feature","geometry":{"type":"Point","coordinates":[-3.168007999999929,5.299217000000056]},"properties":{"id":132254,"nom":"CENTRE DE SANTE RURAL DE ABY","type":"centre de santé urbain","district_region":null,"departement_commune":null,"verifie":true,"name":"CENTRE DE SANTE RURAL DE ABY","source":"Géoportail ANSTAT"}},{"type":"Feature","geometry":{"type":"Point","coordinates":[-3.261997999999949,5.349305000000072]},"properties":{"id":132255,"nom":"CENTRE DE SANTE LA PROVIDENCE D EROKOUAN","type":"centre de santé urbain","district_region":null,"departement_commune":null,"verifie":true,"name":"CENTRE DE SANTE LA PROVIDENCE D EROKOUAN","source":"Géoportail ANSTAT"}},{"type":"Feature","geometry":{"type":"Point","coordinates":[-4.904039999999952,8.13385500000004]},"properties":{"id":132256,"nom":"CENTRE DE SANTE RURAL DE KOFFISSIOKAHA","type":"centre de santé urbain","district_region":null,"departement_commune":null,"verifie":true,"name":"CENTRE DE SANTE RURAL DE KOFFISSIOKAHA","source":"Géoportail ANSTAT"}},{"type":"Feature","geometry":{"type":"Point","coordinates":[-5.252314999999953,9.108516000000066]},"properties":{"id":132257,"nom":"CENTRE DE SANTE RURAL DE KORLOKAHA","type":"centre de santé urbain","district_region":null,"departement_commune":null,"verifie":true,"name":"CENTRE DE SANTE RURAL DE KORLOKAHA","source":"Géoportail ANSTAT"}},{"type":"Feature","geometry":{"type":"Point","coordinates":[-5.28792199999998,8.657029000000023]},"properties":{"id":132258,"nom":"CENTRE DE SANTE LA GARNISON","type":"centre de santé urbain","district_region":null,"departement_commune":null,"verifie":true,"name":"CENTRE DE SANTE LA GARNISON","source":"Géoportail ANSTAT"}},{"type":"Feature","geometry":{"type":"Point","coordinates":[-4.511420999999928,8.298584000000062]},"properties":{"id":132259,"nom":"CENTRE DE SANTE RURAL","type":"centre de santé urbain","district_region":null,"departement_commune":null,"verifie":true,"name":"CENTRE DE SANTE RURAL","source":"Géoportail ANSTAT"}},{"type":"Feature","geometry":{"type":"Point","coordinates":[-4.482800999999938,8.470416000000057]},"properties":{"id":132260,"nom":"CENTRE DE SANTE RURAL DE MBORLA DIOULASSO","type":"centre de santé urbain","district_region":null,"departement_commune":null,"verifie":true,"name":"CENTRE DE SANTE RURAL DE MBORLA DIOULASSO","source":"Géoportail ANSTAT"}},{"type":"Feature","geometry":{"type":"Point","coordinates":[-7.798891999999967,7.364689000000055]},"properties":{"id":132261,"nom":"CENTRE DE SANTE RURAL DE GOTONGOUINE1","type":"centre de santé urbain","district_region":null,"departement_commune":null,"verifie":true,"name":"CENTRE DE SANTE RURAL DE GOTONGOUINE1","source":"Géoportail ANSTAT"}},{"type":"Feature","geometry":{"type":"Point","coordinates":[-7.632901999999945,7.565095000000042]},"properties":{"id":132262,"nom":"CENTRE DE SANTE DE ZEREGOUIN","type":"centre de santé urbain","district_region":null,"departement_commune":null,"verifie":true,"name":"CENTRE DE SANTE DE ZEREGOUIN","source":"Géoportail ANSTAT"}},{"type":"Feature","geometry":{"type":"Point","coordinates":[-8.331564999999955,6.65429400000005]},"properties":{"id":132263,"nom":"CENTRE DE SANTE RURAL DE GUIAMAPLEU","type":"centre de santé urbain","district_region":null,"departement_commune":null,"verifie":true,"name":"CENTRE DE SANTE RURAL DE GUIAMAPLEU","source":"Géoportail ANSTAT"}},{"type":"Feature","geometry":{"type":"Point","coordinates":[-8.150557999999933,6.859177000000045]},"properties":{"id":132264,"nom":"CENTRE DE SANTE RURAL DE KROZIALE","type":"centre de santé urbain","district_region":null,"departement_commune":null,"verifie":true,"name":"CENTRE DE SANTE RURAL DE KROZIALE","source":"Géoportail ANSTAT"}},{"type":"Feature","geometry":{"type":"Point","coordinates":[-8.28564799999998,6.927407000000073]},"properties":{"id":132265,"nom":"CENTRE DE SANTE DE ZOUTOUO DARRA","type":"centre de santé urbain","district_region":null,"departement_commune":null,"verifie":true,"name":"CENTRE DE SANTE DE ZOUTOUO DARRA","source":"Géoportail ANSTAT"}},{"type":"Feature","geometry":{"type":"Point","coordinates":[-8.252001999999948,7.069937000000039]},"properties":{"id":132266,"nom":"CENTRE DE SANTE RURAL DE BANNEU","type":"centre de santé urbain","district_region":null,"departement_commune":null,"verifie":true,"name":"CENTRE DE SANTE RURAL DE BANNEU","source":"Géoportail ANSTAT"}},{"type":"Feature","geometry":{"type":"Point","coordinates":[-8.090751999999952,7.20306800000003]},"properties":{"id":132267,"nom":"CENTRE DE SANTE RURAL","type":"centre de santé urbain","district_region":null,"departement_commune":null,"verifie":true,"name":"CENTRE DE SANTE RURAL","source":"Géoportail ANSTAT"}},{"type":"Feature","geometry":{"type":"Point","coordinates":[-8.355909999999938,7.253388000000029]},"properties":{"id":132268,"nom":"CENTRE DE SANTE GBEUNTA","type":"centre de santé urbain","district_region":null,"departement_commune":null,"verifie":true,"name":"CENTRE DE SANTE GBEUNTA","source":"Géoportail ANSTAT"}},{"type":"Feature","geometry":{"type":"Point","coordinates":[-8.36667099999994,7.436648000000048]},"properties":{"id":132269,"nom":"CENTRE DE SANTE RURAL DE GUIAN HOUYE","type":"centre de santé urbain","district_region":null,"departement_commune":null,"verifie":true,"name":"CENTRE DE SANTE RURAL DE GUIAN HOUYE","source":"Géoportail ANSTAT"}},{"type":"Feature","geometry":{"type":"Point","coordinates":[-8.067096999999933,7.657553000000064]},"properties":{"id":132270,"nom":"CENTRE DE SANTE DE ZOUPLEU","type":"centre de santé urbain","district_region":null,"departement_commune":null,"verifie":true,"name":"CENTRE DE SANTE DE ZOUPLEU","source":"Géoportail ANSTAT"}},{"type":"Feature","geometry":{"type":"Point","coordinates":[-7.478527999999926,7.671612000000039]},"properties":{"id":132271,"nom":"CENTRE DE SANTE RURAL DE GBANGBEGOUINE","type":"centre de santé urbain","district_region":null,"departement_commune":null,"verifie":true,"name":"CENTRE DE SANTE RURAL DE GBANGBEGOUINE","source":"Géoportail ANSTAT"}},{"type":"Feature","geometry":{"type":"Point","coordinates":[-7.574233999999933,7.780285000000049]},"properties":{"id":132272,"nom":"CENTRE DE SANTE INTEGRE DE DIO","type":"centre de santé urbain","district_region":null,"departement_commune":null,"verifie":true,"name":"CENTRE DE SANTE INTEGRE DE DIO","source":"Géoportail ANSTAT"}},{"type":"Feature","geometry":{"type":"Point","coordinates":[-4.306461999999954,7.557698000000073]},"properties":{"id":132273,"nom":"CENTRE DE SANTE RURAL DE ADI YAPIKRO","type":"centre de santé urbain","district_region":null,"departement_commune":null,"verifie":true,"name":"CENTRE DE SANTE RURAL DE ADI YAPIKRO","source":"Géoportail ANSTAT"}},{"type":"Feature","geometry":{"type":"Point","coordinates":[-4.306441999999947,7.557716000000028]},"properties":{"id":132274,"nom":"CENTRE DE SANTE RURAL DE ADI YAPIKRO","type":"centre de santé urbain","district_region":null,"departement_commune":null,"verifie":true,"name":"CENTRE DE SANTE RURAL DE ADI YAPIKRO","source":"Géoportail ANSTAT"}},{"type":"Feature","geometry":{"type":"Point","coordinates":[-4.022643999999957,7.74721100000005]},"properties":{"id":132275,"nom":"CENTRE DE SANTE RURAL DE KONANDIKRO","type":"centre de santé urbain","district_region":null,"departement_commune":null,"verifie":true,"name":"CENTRE DE SANTE RURAL DE KONANDIKRO","source":"Géoportail ANSTAT"}},{"type":"Feature","geometry":{"type":"Point","coordinates":[-4.068627999999933,7.683487000000071]},"properties":{"id":132276,"nom":"CENTRE DE SANTE RURAL DE ABEDENI","type":"centre de santé urbain","district_region":null,"departement_commune":null,"verifie":true,"name":"CENTRE DE SANTE RURAL DE ABEDENI","source":"Géoportail ANSTAT"}},{"type":"Feature","geometry":{"type":"Point","coordinates":[-3.825515999999936,7.426112000000046]},"properties":{"id":132277,"nom":"CENTRE DE SANTE RURAL DE KOFFI AKAKRO","type":"centre de santé urbain","district_region":null,"departement_commune":null,"verifie":true,"name":"CENTRE DE SANTE RURAL DE KOFFI AKAKRO","source":"Géoportail ANSTAT"}},{"type":"Feature","geometry":{"type":"Point","coordinates":[-4.345882999999958,7.678585000000055]},"properties":{"id":132278,"nom":"CENTRE DE SANTE RURAL DADIEKRO","type":"centre de santé urbain","district_region":null,"departement_commune":null,"verifie":true,"name":"CENTRE DE SANTE RURAL DADIEKRO","source":"Géoportail ANSTAT"}},{"type":"Feature","geometry":{"type":"Point","coordinates":[-4.29230199999995,7.496401000000048]},"properties":{"id":132279,"nom":"CENTRE DE SANTE RURAL DE KOUASSIKRO","type":"centre de santé urbain","district_region":null,"departement_commune":null,"verifie":true,"name":"CENTRE DE SANTE RURAL DE KOUASSIKRO","source":"Géoportail ANSTAT"}},{"type":"Feature","geometry":{"type":"Point","coordinates":[-4.001741999999979,7.648683000000062]},"properties":{"id":132280,"nom":"CENTRE DE SANTE RELIGIEUX","type":"centre de santé urbain","district_region":null,"departement_commune":null,"verifie":true,"name":"CENTRE DE SANTE RELIGIEUX","source":"Géoportail ANSTAT"}},{"type":"Feature","geometry":{"type":"Point","coordinates":[-4.233283999999969,7.710004000000026]},"properties":{"id":132281,"nom":"CENTRE DE SANTE RURAL","type":"centre de santé urbain","district_region":null,"departement_commune":null,"verifie":true,"name":"CENTRE DE SANTE RURAL","source":"Géoportail ANSTAT"}},{"type":"Feature","geometry":{"type":"Point","coordinates":[-4.145310999999936,7.44110500000005]},"properties":{"id":132282,"nom":"CENTRE DE SANTE RURAL","type":"centre de santé urbain","district_region":null,"departement_commune":null,"verifie":true,"name":"CENTRE DE SANTE RURAL","source":"Géoportail ANSTAT"}},{"type":"Feature","geometry":{"type":"Point","coordinates":[-3.99616999999995,7.920511000000033]},"properties":{"id":132283,"nom":"CENTRE DE SANTE RURAL DE GROUMANIA","type":"centre de santé urbain","district_region":null,"departement_commune":null,"verifie":true,"name":"CENTRE DE SANTE RURAL DE GROUMANIA","source":"Géoportail ANSTAT"}},{"type":"Feature","geometry":{"type":"Point","coordinates":[-4.108627999999953,7.164187000000027]},"properties":{"id":132284,"nom":"CENTRE DE SANTE RURAL DE LEKIKRO","type":"centre de santé urbain","district_region":null,"departement_commune":null,"verifie":true,"name":"CENTRE DE SANTE RURAL DE LEKIKRO","source":"Géoportail ANSTAT"}},{"type":"Feature","geometry":{"type":"Point","coordinates":[-5.107307999999932,9.40870700000005]},"properties":{"id":132285,"nom":"CENTRE DE SANTE RURAL DE SAMBAKAHA","type":"centre de santé urbain","district_region":null,"departement_commune":null,"verifie":true,"name":"CENTRE DE SANTE RURAL DE SAMBAKAHA","source":"Géoportail ANSTAT"}},{"type":"Feature","geometry":{"type":"Point","coordinates":[-6.926082999999949,4.805113000000063]},"properties":{"id":132286,"nom":"CENTRE DE SANTE RURAL DE NEROBROUSSE","type":"centre de santé urbain","district_region":null,"departement_commune":null,"verifie":true,"name":"CENTRE DE SANTE RURAL DE NEROBROUSSE","source":"Géoportail ANSTAT"}},{"type":"Feature","geometry":{"type":"Point","coordinates":[-6.795116999999948,5.757967000000065]},"properties":{"id":132287,"nom":"CENTRE DE SANTE RURAL DE TAKOREAGUI","type":"centre de santé urbain","district_region":null,"departement_commune":null,"verifie":true,"name":"CENTRE DE SANTE RURAL DE TAKOREAGUI","source":"Géoportail ANSTAT"}},{"type":"Feature","geometry":{"type":"Point","coordinates":[-6.566454999999962,6.274700000000053]},"properties":{"id":132288,"nom":"CENTRE DE SANTE RURAL DE ROA","type":"centre de santé urbain","district_region":null,"departement_commune":null,"verifie":true,"name":"CENTRE DE SANTE RURAL DE ROA","source":"Géoportail ANSTAT"}},{"type":"Feature","geometry":{"type":"Point","coordinates":[-6.915099999999939,5.969414000000029]},"properties":{"id":132289,"nom":"CENTRE DE SANTE RURAL DE SAGBOYA","type":"centre de santé urbain","district_region":null,"departement_commune":null,"verifie":true,"name":"CENTRE DE SANTE RURAL DE SAGBOYA","source":"Géoportail ANSTAT"}},{"type":"Feature","geometry":{"type":"Point","coordinates":[-4.724601999999948,5.31736200000006]},"properties":{"id":132290,"nom":"CENTRE DE SANTE RURAL DE TIEGBA P I","type":"centre de santé urbain","district_region":null,"departement_commune":null,"verifie":true,"name":"CENTRE DE SANTE RURAL DE TIEGBA P I","source":"Géoportail ANSTAT"}},{"type":"Feature","geometry":{"type":"Point","coordinates":[-4.723680999999942,5.260973000000035]},"properties":{"id":132291,"nom":"CENTRE DE SANTE RURAL DE TIAGBA","type":"centre de santé urbain","district_region":null,"departement_commune":null,"verifie":true,"name":"CENTRE DE SANTE RURAL DE TIAGBA","source":"Géoportail ANSTAT"}},{"type":"Feature","geometry":{"type":"Point","coordinates":[-4.615759999999966,5.25211900000005]},"properties":{"id":132292,"nom":"CENTRE DE SANTE RURAL DE NIGUI SAFF","type":"centre de santé urbain","district_region":null,"departement_commune":null,"verifie":true,"name":"CENTRE DE SANTE RURAL DE NIGUI SAFF","source":"Géoportail ANSTAT"}},{"type":"Feature","geometry":{"type":"Point","coordinates":[-4.591543999999942,5.270580000000052]},"properties":{"id":132293,"nom":"CENTRE DE SANTE RURAL DE NIGUI ASSOKO","type":"centre de santé urbain","district_region":null,"departement_commune":null,"verifie":true,"name":"CENTRE DE SANTE RURAL DE NIGUI ASSOKO","source":"Géoportail ANSTAT"}},{"type":"Feature","geometry":{"type":"Point","coordinates":[-4.273116999999957,5.21944000000002]},"properties":{"id":132294,"nom":"CENTRE DE SANTE RURAL DE SASSAKO BEGNIN","type":"centre de santé urbain","district_region":null,"departement_commune":null,"verifie":true,"name":"CENTRE DE SANTE RURAL DE SASSAKO BEGNIN","source":"Géoportail ANSTAT"}},{"type":"Feature","geometry":{"type":"Point","coordinates":[-4.239685999999949,5.264477000000056]},"properties":{"id":132295,"nom":"CENTRE DE SANTE RURAL DE NDJEM","type":"centre de santé urbain","district_region":null,"departement_commune":null,"verifie":true,"name":"CENTRE DE SANTE RURAL DE NDJEM","source":"Géoportail ANSTAT"}},{"type":"Feature","geometry":{"type":"Point","coordinates":[-4.890200999999934,5.353375000000028]},"properties":{"id":132296,"nom":"CENTRE DE SANTE RURAL DE TIEVIESSOU","type":"centre de santé urbain","district_region":null,"departement_commune":null,"verifie":true,"name":"CENTRE DE SANTE RURAL DE TIEVIESSOU","source":"Géoportail ANSTAT"}},{"type":"Feature","geometry":{"type":"Point","coordinates":[-4.64100099999996,5.257196000000022]},"properties":{"id":132297,"nom":"CENTRE DE SANTE RURAL DE PETIT BADIEN","type":"centre de santé urbain","district_region":null,"departement_commune":null,"verifie":true,"name":"CENTRE DE SANTE RURAL DE PETIT BADIEN","source":"Géoportail ANSTAT"}},{"type":"Feature","geometry":{"type":"Point","coordinates":[-4.592675999999926,5.284134000000051]},"properties":{"id":132298,"nom":"CENTRE DE SANTE RURAL DE NIAMIAMBO","type":"centre de santé urbain","district_region":null,"departement_commune":null,"verifie":true,"name":"CENTRE DE SANTE RURAL DE NIAMIAMBO","source":"Géoportail ANSTAT"}},{"type":"Feature","geometry":{"type":"Point","coordinates":[-4.609785999999929,5.284474000000046]},"properties":{"id":132299,"nom":"CENTRE DE SANTE RURAL DE NIGUINANOU","type":"centre de santé urbain","district_region":null,"departement_commune":null,"verifie":true,"name":"CENTRE DE SANTE RURAL DE NIGUINANOU","source":"Géoportail ANSTAT"}},{"type":"Feature","geometry":{"type":"Point","coordinates":[-4.541776999999968,5.398990000000026]},"properties":{"id":132300,"nom":"CENTRE DE SANTE RURAL DE OKPOYOU","type":"centre de santé urbain","district_region":null,"departement_commune":null,"verifie":true,"name":"CENTRE DE SANTE RURAL DE OKPOYOU","source":"Géoportail ANSTAT"}},{"type":"Feature","geometry":{"type":"Point","coordinates":[-4.486431999999979,5.300111000000072]},"properties":{"id":132301,"nom":"CENTRE DE SANTE RURAL DE TIAHA","type":"centre de santé urbain","district_region":null,"departement_commune":null,"verifie":true,"name":"CENTRE DE SANTE RURAL DE TIAHA","source":"Géoportail ANSTAT"}},{"type":"Feature","geometry":{"type":"Point","coordinates":[-4.533189999999934,5.335337000000038]},"properties":{"id":132302,"nom":"CENTRE DE SANTE RURAL DE SAVANE","type":"centre de santé urbain","district_region":null,"departement_commune":null,"verifie":true,"name":"CENTRE DE SANTE RURAL DE SAVANE","source":"Géoportail ANSTAT"}},{"type":"Feature","geometry":{"type":"Point","coordinates":[-4.804416999999944,7.115708000000041]},"properties":{"id":132303,"nom":"CENTRE DE SANTE RURAL DE NDA AKISSIKRO","type":"centre de santé urbain","district_region":null,"departement_commune":null,"verifie":true,"name":"CENTRE DE SANTE RURAL DE NDA AKISSIKRO","source":"Géoportail ANSTAT"}},{"type":"Feature","geometry":{"type":"Point","coordinates":[-5.148869999999931,6.668649000000073]},"properties":{"id":132304,"nom":"CENTRE DE SANTE RURAL DE NDOUKAHAKRO","type":"centre de santé urbain","district_region":null,"departement_commune":null,"verifie":true,"name":"CENTRE DE SANTE RURAL DE NDOUKAHAKRO","source":"Géoportail ANSTAT"}},{"type":"Feature","geometry":{"type":"Point","coordinates":[-3.799082999999939,5.316042000000039]},"properties":{"id":132305,"nom":"CENTRE DE SANTE RURAL DE PALMAFRIQUE","type":"centre de santé urbain","district_region":null,"departement_commune":null,"verifie":true,"name":"CENTRE DE SANTE RURAL DE PALMAFRIQUE","source":"Géoportail ANSTAT"}},{"type":"Feature","geometry":{"type":"Point","coordinates":[-3.040652999999963,8.107882000000075]},"properties":{"id":132306,"nom":"CENTRE DE SANTE RURAL DE DINGBI","type":"centre de santé urbain","district_region":null,"departement_commune":null,"verifie":true,"name":"CENTRE DE SANTE RURAL DE DINGBI","source":"Géoportail ANSTAT"}},{"type":"Feature","geometry":{"type":"Point","coordinates":[-3.651581999999962,8.116926000000035]},"properties":{"id":132307,"nom":"CENTRE DE SANTE RURAL DE SANGUEHI","type":"centre de santé urbain","district_region":null,"departement_commune":null,"verifie":true,"name":"CENTRE DE SANTE RURAL DE SANGUEHI","source":"Géoportail ANSTAT"}},{"type":"Feature","geometry":{"type":"Point","coordinates":[-3.280353999999932,7.337818000000027]},"properties":{"id":132308,"nom":"CENTRE DE SANTE RURAL DE PENGAKRO","type":"centre de santé urbain","district_region":null,"departement_commune":null,"verifie":true,"name":"CENTRE DE SANTE RURAL DE PENGAKRO","source":"Géoportail ANSTAT"}},{"type":"Feature","geometry":{"type":"Point","coordinates":[-3.238715999999954,7.910936000000049]},"properties":{"id":132309,"nom":"CENTRE DE SANTE RURAL DE SIASSO","type":"centre de santé urbain","district_region":null,"departement_commune":null,"verifie":true,"name":"CENTRE DE SANTE RURAL DE SIASSO","source":"Géoportail ANSTAT"}},{"type":"Feature","geometry":{"type":"Point","coordinates":[-6.676207999999974,7.849360000000047]},"properties":{"id":132310,"nom":"CENTRE DE SANTE RURAL DE SOBA","type":"centre de santé urbain","district_region":null,"departement_commune":null,"verifie":true,"name":"CENTRE DE SANTE RURAL DE SOBA","source":"Géoportail ANSTAT"}},{"type":"Feature","geometry":{"type":"Point","coordinates":[-5.977056999999945,7.528299000000061]},"properties":{"id":132311,"nom":"CENTRE DE SANTE RURAL DE PAOUFLA","type":"centre de santé urbain","district_region":null,"departement_commune":null,"verifie":true,"name":"CENTRE DE SANTE RURAL DE PAOUFLA","source":"Géoportail ANSTAT"}},{"type":"Feature","geometry":{"type":"Point","coordinates":[-5.651097999999934,6.994596000000058]},"properties":{"id":132312,"nom":"CENTRE DE SANTE RURAL DE OUANZANOU","type":"centre de santé urbain","district_region":null,"departement_commune":null,"verifie":true,"name":"CENTRE DE SANTE RURAL DE OUANZANOU","source":"Géoportail ANSTAT"}},{"type":"Feature","geometry":{"type":"Point","coordinates":[-5.73489799999993,6.827196000000072]},"properties":{"id":132313,"nom":"CENTRE DE SANTE RURAL DE SIETINFLA","type":"centre de santé urbain","district_region":null,"departement_commune":null,"verifie":true,"name":"CENTRE DE SANTE RURAL DE SIETINFLA","source":"Géoportail ANSTAT"}},{"type":"Feature","geometry":{"type":"Point","coordinates":[-5.826007999999945,7.181239000000062]},"properties":{"id":132314,"nom":"CENTRE DE SANTE RURAL DE TIBEITA","type":"centre de santé urbain","district_region":null,"departement_commune":null,"verifie":true,"name":"CENTRE DE SANTE RURAL DE TIBEITA","source":"Géoportail ANSTAT"}},{"type":"Feature","geometry":{"type":"Point","coordinates":[-5.848273999999947,6.901902000000064]},"properties":{"id":132315,"nom":"CENTRE DE SANTE RURAL DE NDENOUKRO","type":"centre de santé urbain","district_region":null,"departement_commune":null,"verifie":true,"name":"CENTRE DE SANTE RURAL DE NDENOUKRO","source":"Géoportail ANSTAT"}},{"type":"Feature","geometry":{"type":"Point","coordinates":[-5.193708999999956,7.556557000000055]},"properties":{"id":132316,"nom":"CENTRE DE SANTE RURAL DE NGUESSAN POKOUKRO","type":"centre de santé urbain","district_region":null,"departement_commune":null,"verifie":true,"name":"CENTRE DE SANTE RURAL DE NGUESSAN POKOUKRO","source":"Géoportail ANSTAT"}},{"type":"Feature","geometry":{"type":"Point","coordinates":[-3.085496999999975,9.041678000000047]},"properties":{"id":132317,"nom":"CENTRE DE SANTE RURAL DE ONDEFIDOUO","type":"centre de santé urbain","district_region":null,"departement_commune":null,"verifie":true,"name":"CENTRE DE SANTE RURAL DE ONDEFIDOUO","source":"Géoportail ANSTAT"}},{"type":"Feature","geometry":{"type":"Point","coordinates":[-3.435870999999963,9.613636000000042]},"properties":{"id":132318,"nom":"CENTRE DE SANTE RURAL DE NIAMOUE","type":"centre de santé urbain","district_region":null,"departement_commune":null,"verifie":true,"name":"CENTRE DE SANTE RURAL DE NIAMOUE","source":"Géoportail ANSTAT"}},{"type":"Feature","geometry":{"type":"Point","coordinates":[-3.532275999999968,8.458920000000035]},"properties":{"id":132319,"nom":"CENTRE DE SANTE RURAL DE PARHADI","type":"centre de santé urbain","district_region":null,"departement_commune":null,"verifie":true,"name":"CENTRE DE SANTE RURAL DE PARHADI","source":"Géoportail ANSTAT"}},{"type":"Feature","geometry":{"type":"Point","coordinates":[-4.513570999999956,6.943021000000044]},"properties":{"id":132320,"nom":"CENTRE DE SANTE RURAL DE TAGNAKRO","type":"centre de santé urbain","district_region":null,"departement_commune":null,"verifie":true,"name":"CENTRE DE SANTE RURAL DE TAGNAKRO","source":"Géoportail ANSTAT"}},{"type":"Feature","geometry":{"type":"Point","coordinates":[-4.706609999999955,6.833252000000073]},"properties":{"id":132321,"nom":"CENTRE DE SANTE RURAL DE NOFOU","type":"centre de santé urbain","district_region":null,"departement_commune":null,"verifie":true,"name":"CENTRE DE SANTE RURAL DE NOFOU","source":"Géoportail ANSTAT"}},{"type":"Feature","geometry":{"type":"Point","coordinates":[-6.593340999999953,7.756552000000056]},"properties":{"id":132322,"nom":"CENTRE DE SANTE RURAL DE TENEFERO","type":"centre de santé urbain","district_region":null,"departement_commune":null,"verifie":true,"name":"CENTRE DE SANTE RURAL DE TENEFERO","source":"Géoportail ANSTAT"}},{"type":"Feature","geometry":{"type":"Point","coordinates":[-6.777981999999952,6.677512000000036]},"properties":{"id":132323,"nom":"CENTRE  DE SANTE RURAL","type":"centre de santé urbain","district_region":null,"departement_commune":null,"verifie":true,"name":"CENTRE  DE SANTE RURAL","source":"Géoportail ANSTAT"}},{"type":"Feature","geometry":{"type":"Point","coordinates":[-6.458173999999929,6.927921000000026]},"properties":{"id":132324,"nom":"CENTRE DE SANTE RURAL DE TAGOURA","type":"centre de santé urbain","district_region":null,"departement_commune":null,"verifie":true,"name":"CENTRE DE SANTE RURAL DE TAGOURA","source":"Géoportail ANSTAT"}},{"type":"Feature","geometry":{"type":"Point","coordinates":[-6.458106999999927,6.927960000000041]},"properties":{"id":132325,"nom":"CENTRE DE SANTE RURAL DE TAGOURA","type":"centre de santé urbain","district_region":null,"departement_commune":null,"verifie":true,"name":"CENTRE DE SANTE RURAL DE TAGOURA","source":"Géoportail ANSTAT"}},{"type":"Feature","geometry":{"type":"Point","coordinates":[-6.438360999999929,6.702264000000071]},"properties":{"id":132326,"nom":"CENTRE DE SANTE RURAL DE NIOUBOUA","type":"centre de santé urbain","district_region":null,"departement_commune":null,"verifie":true,"name":"CENTRE DE SANTE RURAL DE NIOUBOUA","source":"Géoportail ANSTAT"}},{"type":"Feature","geometry":{"type":"Point","coordinates":[-6.421321999999975,6.65915700000005]},"properties":{"id":132327,"nom":"CENTRE  DE SANTE RURALE DE GOGOGUHE","type":"centre de santé urbain","district_region":null,"departement_commune":null,"verifie":true,"name":"CENTRE  DE SANTE RURALE DE GOGOGUHE","source":"Géoportail ANSTAT"}},{"type":"Feature","geometry":{"type":"Point","coordinates":[-4.964844999999968,6.04478400000005]},"properties":{"id":132328,"nom":"CENTRE DE SANTE RURAL DE SOKROGBO","type":"centre de santé urbain","district_region":null,"departement_commune":null,"verifie":true,"name":"CENTRE DE SANTE RURAL DE SOKROGBO","source":"Géoportail ANSTAT"}},{"type":"Feature","geometry":{"type":"Point","coordinates":[-8.057751999999937,8.269096000000047]},"properties":{"id":132329,"nom":"CENTRE DE SANTE RURAL DE SANTA","type":"centre de santé urbain","district_region":null,"departement_commune":null,"verifie":true,"name":"CENTRE DE SANTE RURAL DE SANTA","source":"Géoportail ANSTAT"}},{"type":"Feature","geometry":{"type":"Point","coordinates":[-5.693208999999968,5.943812000000037]},"properties":{"id":132330,"nom":"CENTRE DE SANTE RURAL DE NASSALILIE","type":"centre de santé urbain","district_region":null,"departement_commune":null,"verifie":true,"name":"CENTRE DE SANTE RURAL DE NASSALILIE","source":"Géoportail ANSTAT"}},{"type":"Feature","geometry":{"type":"Point","coordinates":[-5.230001999999956,5.215882000000022]},"properties":{"id":132331,"nom":"CENTRE DE SANTE RURAL DE TIOKO","type":"centre de santé urbain","district_region":null,"departement_commune":null,"verifie":true,"name":"CENTRE DE SANTE RURAL DE TIOKO","source":"Géoportail ANSTAT"}},{"type":"Feature","geometry":{"type":"Point","coordinates":[-6.440246999999943,10.38595200000003]},"properties":{"id":132332,"nom":"CENTRE DE SANTE RURAL DE SAN","type":"centre de santé urbain","district_region":null,"departement_commune":null,"verifie":true,"name":"CENTRE DE SANTE RURAL DE SAN","source":"Géoportail ANSTAT"}},{"type":"Feature","geometry":{"type":"Point","coordinates":[-6.440245999999945,10.38593800000007]},"properties":{"id":132333,"nom":"CENTRE DE SANTE RURAL DE SAN","type":"centre de santé urbain","district_region":null,"departement_commune":null,"verifie":true,"name":"CENTRE DE SANTE RURAL DE SAN","source":"Géoportail ANSTAT"}},{"type":"Feature","geometry":{"type":"Point","coordinates":[-5.937641999999926,7.846107000000075]},"properties":{"id":132334,"nom":"CENTRE DE SANTE RURAL","type":"centre de santé urbain","district_region":null,"departement_commune":null,"verifie":true,"name":"CENTRE DE SANTE RURAL","source":"Géoportail ANSTAT"}},{"type":"Feature","geometry":{"type":"Point","coordinates":[-3.242177999999967,6.914679000000035]},"properties":{"id":132335,"nom":"CENTRE DE SANTE RURAL DE SIAKAKRO","type":"centre de santé urbain","district_region":null,"departement_commune":null,"verifie":true,"name":"CENTRE DE SANTE RURAL DE SIAKAKRO","source":"Géoportail ANSTAT"}},{"type":"Feature","geometry":{"type":"Point","coordinates":[-7.226896999999951,9.68199100000004]},"properties":{"id":132336,"nom":"CENTRE DE SANTE RURAL DE NGOLOBLASSO","type":"centre de santé urbain","district_region":null,"departement_commune":null,"verifie":true,"name":"CENTRE DE SANTE RURAL DE NGOLOBLASSO","source":"Géoportail ANSTAT"}},{"type":"Feature","geometry":{"type":"Point","coordinates":[-3.573327999999947,5.380885000000035]},"properties":{"id":132337,"nom":"CENTRE DE SANTE RURAL DE ONO SALCI","type":"centre de santé urbain","district_region":null,"departement_commune":null,"verifie":true,"name":"CENTRE DE SANTE RURAL DE ONO SALCI","source":"Géoportail ANSTAT"}},{"type":"Feature","geometry":{"type":"Point","coordinates":[-2.78274799999997,5.274479000000042]},"properties":{"id":132338,"nom":"CENTRE DE SANTE RURAL DE SAY KRO","type":"centre de santé urbain","district_region":null,"departement_commune":null,"verifie":true,"name":"CENTRE DE SANTE RURAL DE SAY KRO","source":"Géoportail ANSTAT"}},{"type":"Feature","geometry":{"type":"Point","coordinates":[-2.835680999999965,5.461960000000033]},"properties":{"id":132339,"nom":"CENTRE DE SANTE RURAL DE NIAMIENLESSA","type":"centre de santé urbain","district_region":null,"departement_commune":null,"verifie":true,"name":"CENTRE DE SANTE RURAL DE NIAMIENLESSA","source":"Géoportail ANSTAT"}},{"type":"Feature","geometry":{"type":"Point","coordinates":[-5.200031999999965,8.499596000000054]},"properties":{"id":132340,"nom":"CENTRE DE SANTE RURAL DE TIMOROKAHA","type":"centre de santé urbain","district_region":null,"departement_commune":null,"verifie":true,"name":"CENTRE DE SANTE RURAL DE TIMOROKAHA","source":"Géoportail ANSTAT"}},{"type":"Feature","geometry":{"type":"Point","coordinates":[-5.042202999999972,8.909910000000025]},"properties":{"id":132341,"nom":"CENTRE DE SANTE RURAL DE SEPIKAHA","type":"centre de santé urbain","district_region":null,"departement_commune":null,"verifie":true,"name":"CENTRE DE SANTE RURAL DE SEPIKAHA","source":"Géoportail ANSTAT"}},{"type":"Feature","geometry":{"type":"Point","coordinates":[-4.607655999999963,8.40827100000007]},"properties":{"id":132342,"nom":"CENTRE DE SANTE RURAL BOKALA NIAMPONDOUGOU","type":"centre de santé urbain","district_region":null,"departement_commune":null,"verifie":true,"name":"CENTRE DE SANTE RURAL BOKALA NIAMPONDOUGOU","source":"Géoportail ANSTAT"}},{"type":"Feature","geometry":{"type":"Point","coordinates":[-4.607477999999958,8.408066000000076]},"properties":{"id":132343,"nom":"CENTRE DE SANTE RURAL DE BOKALA NIAMPONDOUGOU","type":"centre de santé urbain","district_region":null,"departement_commune":null,"verifie":true,"name":"CENTRE DE SANTE RURAL DE BOKALA NIAMPONDOUGOU","source":"Géoportail ANSTAT"}},{"type":"Feature","geometry":{"type":"Point","coordinates":[-3.571072999999956,7.497092000000066]},"properties":{"id":132344,"nom":"CENTRE DE SANTE RURAL DE SAMAZA","type":"centre de santé urbain","district_region":null,"departement_commune":null,"verifie":true,"name":"CENTRE DE SANTE RURAL DE SAMAZA","source":"Géoportail ANSTAT"}},{"type":"Feature","geometry":{"type":"Point","coordinates":[-4.610644999999977,9.149087000000064]},"properties":{"id":132345,"nom":"CENTRE DE SANTE URBAIN DE KONG","type":"centre de santé urbain","district_region":null,"departement_commune":null,"verifie":true,"name":"CENTRE DE SANTE URBAIN DE KONG","source":"Géoportail ANSTAT"}},{"type":"Feature","geometry":{"type":"Point","coordinates":[-4.48174199999994,9.399747000000048]},"properties":{"id":132346,"nom":"CENTRE DE SANTE RURAL NASSIAN","type":"centre de santé urbain","district_region":null,"departement_commune":null,"verifie":true,"name":"CENTRE DE SANTE RURAL NASSIAN","source":"Géoportail ANSTAT"}},{"type":"Feature","geometry":{"type":"Point","coordinates":[-5.307894999999974,9.665860000000066]},"properties":{"id":132347,"nom":"CENTRE DE SANTE TIEKPE","type":"centre de santé urbain","district_region":null,"departement_commune":null,"verifie":true,"name":"CENTRE DE SANTE TIEKPE","source":"Géoportail ANSTAT"}},{"type":"Feature","geometry":{"type":"Point","coordinates":[-5.191056999999944,10.09322300000002]},"properties":{"id":132348,"nom":"CENTRE DE SANTE URBAIN DE KAOUARA","type":"centre de santé urbain","district_region":null,"departement_commune":null,"verifie":true,"name":"CENTRE DE SANTE URBAIN DE KAOUARA","source":"Géoportail ANSTAT"}},{"type":"Feature","geometry":{"type":"Point","coordinates":[-5.345044999999971,10.28760300000005]},"properties":{"id":132349,"nom":"CENTRE DE SANTE URBAIN DE SOMABADA","type":"centre de santé urbain","district_region":null,"departement_commune":null,"verifie":true,"name":"CENTRE DE SANTE URBAIN DE SOMABADA","source":"Géoportail ANSTAT"}},{"type":"Feature","geometry":{"type":"Point","coordinates":[-5.181011999999953,9.586097000000052]},"properties":{"id":132350,"nom":"CENTRE DE SANTE URBAIN DOMINIQUE OUATTARA DE FERKESSEDOUGPU","type":"centre de santé urbain","district_region":null,"departement_commune":null,"verifie":true,"name":"CENTRE DE SANTE URBAIN DOMINIQUE OUATTARA DE FERKESSEDOUGPU","source":"Géoportail ANSTAT"}},{"type":"Feature","geometry":{"type":"Point","coordinates":[-6.650413999999955,4.768773000000067]},"properties":{"id":132351,"nom":"CENTRE DE SANTE STAINT ANTOINE DE BARDOT 18","type":"centre de santé urbain","district_region":null,"departement_commune":null,"verifie":true,"name":"CENTRE DE SANTE STAINT ANTOINE DE BARDOT 18","source":"Géoportail ANSTAT"}},{"type":"Feature","geometry":{"type":"Point","coordinates":[-6.65641299999993,4.770453000000032]},"properties":{"id":132352,"nom":"CENTRE MEDICAL BON SECOUR","type":"centre de santé urbain","district_region":null,"departement_commune":null,"verifie":true,"name":"CENTRE MEDICAL BON SECOUR","source":"Géoportail ANSTAT"}},{"type":"Feature","geometry":{"type":"Point","coordinates":[-6.650544999999966,4.779498000000046]},"properties":{"id":132353,"nom":"CENTRE MEDICAL PIERRE MARIE CURIE","type":"centre de santé urbain","district_region":null,"departement_commune":null,"verifie":true,"name":"CENTRE MEDICAL PIERRE MARIE CURIE","source":"Géoportail ANSTAT"}},{"type":"Feature","geometry":{"type":"Point","coordinates":[-6.65426599999995,4.771685000000048]},"properties":{"id":132354,"nom":"CENTRE MEDICALE DODNIMIN","type":"centre de santé urbain","district_region":null,"departement_commune":null,"verifie":true,"name":"CENTRE MEDICALE DODNIMIN","source":"Géoportail ANSTAT"}},{"type":"Feature","geometry":{"type":"Point","coordinates":[-6.647130999999945,4.735786000000076]},"properties":{"id":132355,"nom":"CENTRE KINE MEDICAL BEGNANKO","type":"centre de santé urbain","district_region":null,"departement_commune":null,"verifie":true,"name":"CENTRE KINE MEDICAL BEGNANKO","source":"Géoportail ANSTAT"}},{"type":"Feature","geometry":{"type":"Point","coordinates":[-6.92262599999998,4.653984000000037]},"properties":{"id":132356,"nom":"CENTRE DE SANTE URBAIN DE GRAND BEREBY","type":"centre de santé urbain","district_region":null,"departement_commune":null,"verifie":true,"name":"CENTRE DE SANTE URBAIN DE GRAND BEREBY","source":"Géoportail ANSTAT"}},{"type":"Feature","geometry":{"type":"Point","coordinates":[-6.665670999999975,4.761028000000067]},"properties":{"id":132357,"nom":"CENTRE DE SANTE URBAIN ZIMBABWE","type":"centre de santé urbain","district_region":null,"departement_commune":null,"verifie":true,"name":"CENTRE DE SANTE URBAIN ZIMBABWE","source":"Géoportail ANSTAT"}},{"type":"Feature","geometry":{"type":"Point","coordinates":[-6.663119999999935,4.771464000000037]},"properties":{"id":132358,"nom":"CENTRE DE SANTE TERRE ROUGE","type":"centre de santé urbain","district_region":null,"departement_commune":null,"verifie":true,"name":"CENTRE DE SANTE TERRE ROUGE","source":"Géoportail ANSTAT"}},{"type":"Feature","geometry":{"type":"Point","coordinates":[-6.665513999999973,4.774879000000055]},"properties":{"id":132359,"nom":"CENTRE HUMANITAIRE D ASSISTANCE ET AIDE MEDICALE SANS FRONTIER DE SANS PEDRO","type":"centre de santé urbain","district_region":null,"departement_commune":null,"verifie":true,"name":"CENTRE HUMANITAIRE D ASSISTANCE ET AIDE MEDICALE SANS FRONTIER DE SANS PEDRO","source":"Géoportail ANSTAT"}},{"type":"Feature","geometry":{"type":"Point","coordinates":[-6.654522999999926,4.777932000000021]},"properties":{"id":132360,"nom":"CENTRE MEDECINE TRADITIONNEL","type":"centre de santé urbain","district_region":null,"departement_commune":null,"verifie":true,"name":"CENTRE MEDECINE TRADITIONNEL","source":"Géoportail ANSTAT"}},{"type":"Feature","geometry":{"type":"Point","coordinates":[-6.533364999999947,5.265488000000062]},"properties":{"id":132361,"nom":"CENTRE DE SANTE RURAL DE TOUIH","type":"centre de santé urbain","district_region":null,"departement_commune":null,"verifie":true,"name":"CENTRE DE SANTE RURAL DE TOUIH","source":"Géoportail ANSTAT"}},{"type":"Feature","geometry":{"type":"Point","coordinates":[-6.554495999999972,5.016232000000059]},"properties":{"id":132362,"nom":"CENTRE DE SANTE URBAIN DE GABIAGUI","type":"centre de santé urbain","district_region":null,"departement_commune":null,"verifie":true,"name":"CENTRE DE SANTE URBAIN DE GABIAGUI","source":"Géoportail ANSTAT"}},{"type":"Feature","geometry":{"type":"Point","coordinates":[-6.641050999999948,4.99248300000005]},"properties":{"id":132363,"nom":"CENTRE PRENATAL SECONDAIRE BETHESDA","type":"centre de santé urbain","district_region":null,"departement_commune":null,"verifie":true,"name":"CENTRE PRENATAL SECONDAIRE BETHESDA","source":"Géoportail ANSTAT"}},{"type":"Feature","geometry":{"type":"Point","coordinates":[-6.655468999999925,4.737537000000032]},"properties":{"id":132364,"nom":"CENTRE DE SOINS POUR ULCERE DE BURULI","type":"centre de santé urbain","district_region":null,"departement_commune":null,"verifie":true,"name":"CENTRE DE SOINS POUR ULCERE DE BURULI","source":"Géoportail ANSTAT"}},{"type":"Feature","geometry":{"type":"Point","coordinates":[-6.836729999999932,5.195973000000038]},"properties":{"id":132365,"nom":"CENTRE DE SANTE URBAIN DE DOBA","type":"centre de santé urbain","district_region":null,"departement_commune":null,"verifie":true,"name":"CENTRE DE SANTE URBAIN DE DOBA","source":"Géoportail ANSTAT"}},{"type":"Feature","geometry":{"type":"Point","coordinates":[-6.83838099999997,4.765121000000022]},"properties":{"id":132366,"nom":"CENTRE RURAL D ADJAMENE","type":"centre de santé urbain","district_region":null,"departement_commune":null,"verifie":true,"name":"CENTRE RURAL D ADJAMENE","source":"Géoportail ANSTAT"}},{"type":"Feature","geometry":{"type":"Point","coordinates":[-6.965946999999971,4.702680000000043]},"properties":{"id":132367,"nom":"CENTRE DE SANTE STE HELENE DE YOUWASSO","type":"centre de santé urbain","district_region":null,"departement_commune":null,"verifie":true,"name":"CENTRE DE SANTE STE HELENE DE YOUWASSO","source":"Géoportail ANSTAT"}},{"type":"Feature","geometry":{"type":"Point","coordinates":[-7.014188999999931,4.771622000000036]},"properties":{"id":132368,"nom":"CENTRE DE SANTE URBAIN DE KAKO","type":"centre de santé urbain","district_region":null,"departement_commune":null,"verifie":true,"name":"CENTRE DE SANTE URBAIN DE KAKO","source":"Géoportail ANSTAT"}},{"type":"Feature","geometry":{"type":"Point","coordinates":[-7.469235999999967,4.714428000000055]},"properties":{"id":132369,"nom":"CENTRE DE SANTE URBAIN DE OLODIO","type":"centre de santé urbain","district_region":null,"departement_commune":null,"verifie":true,"name":"CENTRE DE SANTE URBAIN DE OLODIO","source":"Géoportail ANSTAT"}},{"type":"Feature","geometry":{"type":"Point","coordinates":[-7.421967999999936,4.380017000000066]},"properties":{"id":132370,"nom":"CENTRE RURAL URBAIN DE SOUKE","type":"centre de santé urbain","district_region":null,"departement_commune":null,"verifie":true,"name":"CENTRE RURAL URBAIN DE SOUKE","source":"Géoportail ANSTAT"}},{"type":"Feature","geometry":{"type":"Point","coordinates":[-7.311733999999944,4.449104000000034]},"properties":{"id":132371,"nom":"CENTRE DE SANTE RURAL SEKREKE","type":"centre de santé urbain","district_region":null,"departement_commune":null,"verifie":true,"name":"CENTRE DE SANTE RURAL SEKREKE","source":"Géoportail ANSTAT"}},{"type":"Feature","geometry":{"type":"Point","coordinates":[-7.364468999999929,4.426565000000039]},"properties":{"id":132372,"nom":"CENTRE DE SANTE URBAIN INTEGRE","type":"centre de santé urbain","district_region":null,"departement_commune":null,"verifie":true,"name":"CENTRE DE SANTE URBAIN INTEGRE","source":"Géoportail ANSTAT"}},{"type":"Feature","geometry":{"type":"Point","coordinates":[-7.364754999999946,4.426375000000064]},"properties":{"id":132373,"nom":"CENTRE DE SANTE URBAINE INTEGRE","type":"centre de santé urbain","district_region":null,"departement_commune":null,"verifie":true,"name":"CENTRE DE SANTE URBAINE INTEGRE","source":"Géoportail ANSTAT"}},{"type":"Feature","geometry":{"type":"Point","coordinates":[-7.496068999999977,4.924582000000044]},"properties":{"id":132375,"nom":"CENTRE DE SANTE URBAIN DE GRABO","type":"centre de santé urbain","district_region":null,"departement_commune":null,"verifie":true,"name":"CENTRE DE SANTE URBAIN DE GRABO","source":"Géoportail ANSTAT"}},{"type":"Feature","geometry":{"type":"Point","coordinates":[-7.502793999999938,4.933012000000076]},"properties":{"id":132376,"nom":"CENTRE DE SANTE URBAIN INTEGRE DE GRABO","type":"centre de santé urbain","district_region":null,"departement_commune":null,"verifie":true,"name":"CENTRE DE SANTE URBAIN INTEGRE DE GRABO","source":"Géoportail ANSTAT"}},{"type":"Feature","geometry":{"type":"Point","coordinates":[-6.686664999999948,4.777490000000057]},"properties":{"id":132377,"nom":"CENTRE DE SANTE URBAIN  DAFCI CATHEDRALE 2","type":"centre de santé urbain","district_region":null,"departement_commune":null,"verifie":true,"name":"CENTRE DE SANTE URBAIN  DAFCI CATHEDRALE 2","source":"Géoportail ANSTAT"}},{"type":"Feature","geometry":{"type":"Point","coordinates":[-6.555647999999962,5.16411800000003]},"properties":{"id":132378,"nom":"CENTRE MEDICAL SOCIAO","type":"centre de santé urbain","district_region":null,"departement_commune":null,"verifie":true,"name":"CENTRE MEDICAL SOCIAO","source":"Géoportail ANSTAT"}},{"type":"Feature","geometry":{"type":"Point","coordinates":[-5.615190999999925,9.43334200000004]},"properties":{"id":132379,"nom":"CENTRE DE SANTE URBAIN DE TIEKELEZO","type":"centre de santé urbain","district_region":null,"departement_commune":null,"verifie":true,"name":"CENTRE DE SANTE URBAIN DE TIEKELEZO","source":"Géoportail ANSTAT"}},{"type":"Feature","geometry":{"type":"Point","coordinates":[-5.665133999999966,9.428207000000045]},"properties":{"id":132380,"nom":"CENTRE DE SANTE RURAL DE WARANIERE","type":"centre de santé urbain","district_region":null,"departement_commune":null,"verifie":true,"name":"CENTRE DE SANTE RURAL DE WARANIERE","source":"Géoportail ANSTAT"}},{"type":"Feature","geometry":{"type":"Point","coordinates":[-5.667004999999961,9.484503000000077]},"properties":{"id":132381,"nom":"CENTRE THERAPEUTIQUE SANTE ET MEDECINE NATURELLES","type":"centre de santé urbain","district_region":null,"departement_commune":null,"verifie":true,"name":"CENTRE THERAPEUTIQUE SANTE ET MEDECINE NATURELLES","source":"Géoportail ANSTAT"}},{"type":"Feature","geometry":{"type":"Point","coordinates":[-5.634263999999973,9.47351800000007]},"properties":{"id":132382,"nom":"CENTRE DE SOIN DES SAVANES","type":"centre de santé urbain","district_region":null,"departement_commune":null,"verifie":true,"name":"CENTRE DE SOIN DES SAVANES","source":"Géoportail ANSTAT"}},{"type":"Feature","geometry":{"type":"Point","coordinates":[-5.524879999999939,9.563339000000042]},"properties":{"id":132383,"nom":"CENTRE DE SANTE URBAIN","type":"centre de santé urbain","district_region":null,"departement_commune":null,"verifie":true,"name":"CENTRE DE SANTE URBAIN","source":"Géoportail ANSTAT"}},{"type":"Feature","geometry":{"type":"Point","coordinates":[-5.63975199999993,9.46136000000007]},"properties":{"id":132384,"nom":"CENTRE DE SANTE URBAIN DE KOKOTON","type":"centre de santé urbain","district_region":null,"departement_commune":null,"verifie":true,"name":"CENTRE DE SANTE URBAIN DE KOKOTON","source":"Géoportail ANSTAT"}},{"type":"Feature","geometry":{"type":"Point","coordinates":[-5.635683999999969,9.44473800000003]},"properties":{"id":132385,"nom":"CENTRE DES HANDICAPES DON ORIONE","type":"centre de santé urbain","district_region":null,"departement_commune":null,"verifie":true,"name":"CENTRE DES HANDICAPES DON ORIONE","source":"Géoportail ANSTAT"}},{"type":"Feature","geometry":{"type":"Point","coordinates":[-5.627199999999959,9.463225000000024]},"properties":{"id":132386,"nom":"CENTRE MEDICAL PRIVE DE BANAFORA DE KORHOGO","type":"centre de santé urbain","district_region":null,"departement_commune":null,"verifie":true,"name":"CENTRE MEDICAL PRIVE DE BANAFORA DE KORHOGO","source":"Géoportail ANSTAT"}},{"type":"Feature","geometry":{"type":"Point","coordinates":[-5.63093699999996,9.44117600000004]},"properties":{"id":132388,"nom":"CENTRE SAS ANTENNE KORHOGO","type":"centre de santé urbain","district_region":null,"departement_commune":null,"verifie":true,"name":"CENTRE SAS ANTENNE KORHOGO","source":"Géoportail ANSTAT"}},{"type":"Feature","geometry":{"type":"Point","coordinates":[-5.640867999999955,9.351474000000051]},"properties":{"id":132389,"nom":"CENTRE DE SANTE URBZIN DE TIORONIARADOUGOU","type":"centre de santé urbain","district_region":null,"departement_commune":null,"verifie":true,"name":"CENTRE DE SANTE URBZIN DE TIORONIARADOUGOU","source":"Géoportail ANSTAT"}},{"type":"Feature","geometry":{"type":"Point","coordinates":[-5.712880999999925,9.23679500000003]},"properties":{"id":132390,"nom":"CENTRE DE SANTE URBAIN DE GUIEME","type":"centre de santé urbain","district_region":null,"departement_commune":null,"verifie":true,"name":"CENTRE DE SANTE URBAIN DE GUIEME","source":"Géoportail ANSTAT"}},{"type":"Feature","geometry":{"type":"Point","coordinates":[-6.099993999999981,9.277031000000022]},"properties":{"id":132391,"nom":"CENTRE DE SANTE URBAIN DE SIRASSO","type":"centre de santé urbain","district_region":null,"departement_commune":null,"verifie":true,"name":"CENTRE DE SANTE URBAIN DE SIRASSO","source":"Géoportail ANSTAT"}},{"type":"Feature","geometry":{"type":"Point","coordinates":[-5.413341999999943,9.497986000000026]},"properties":{"id":132392,"nom":"CENTRE NUTRITIONNEL","type":"centre de santé urbain","district_region":null,"departement_commune":null,"verifie":true,"name":"CENTRE NUTRITIONNEL","source":"Géoportail ANSTAT"}},{"type":"Feature","geometry":{"type":"Point","coordinates":[-5.389926999999943,9.468458000000057]},"properties":{"id":132393,"nom":"CENTRE DE SANTEDE DOHIRIGUEKAHA","type":"centre de santé urbain","district_region":null,"departement_commune":null,"verifie":true,"name":"CENTRE DE SANTEDE DOHIRIGUEKAHA","source":"Géoportail ANSTAT"}},{"type":"Feature","geometry":{"type":"Point","coordinates":[-5.577185999999926,9.251765000000034]},"properties":{"id":132394,"nom":"CENTRE DE SANTE SAUVONS LA VIE","type":"centre de santé urbain","district_region":null,"departement_commune":null,"verifie":true,"name":"CENTRE DE SANTE SAUVONS LA VIE","source":"Géoportail ANSTAT"}},{"type":"Feature","geometry":{"type":"Point","coordinates":[-5.518753999999944,9.391003000000069]},"properties":{"id":132395,"nom":"CENTRE DE SANTE URBAIN DE KARAKORO","type":"centre de santé urbain","district_region":null,"departement_commune":null,"verifie":true,"name":"CENTRE DE SANTE URBAIN DE KARAKORO","source":"Géoportail ANSTAT"}},{"type":"Feature","geometry":{"type":"Point","coordinates":[-6.757317999999941,5.578131000000042]},"properties":{"id":132397,"nom":"CENTRE ELARGIE DE VACCINATION","type":"centre de santé urbain","district_region":null,"departement_commune":null,"verifie":true,"name":"CENTRE ELARGIE DE VACCINATION","source":"Géoportail ANSTAT"}},{"type":"Feature","geometry":{"type":"Point","coordinates":[-6.588644999999929,5.56299400000006]},"properties":{"id":132398,"nom":"CENTRE DE SANTE URBAIN DE OUPOYO","type":"centre de santé urbain","district_region":null,"departement_commune":null,"verifie":true,"name":"CENTRE DE SANTE URBAIN DE OUPOYO","source":"Géoportail ANSTAT"}},{"type":"Feature","geometry":{"type":"Point","coordinates":[-6.562232999999935,5.432328000000041]},"properties":{"id":132399,"nom":"CENTRE DE SANTE RURAL DE TOUADJI 2","type":"centre de santé urbain","district_region":null,"departement_commune":null,"verifie":true,"name":"CENTRE DE SANTE RURAL DE TOUADJI 2","source":"Géoportail ANSTAT"}},{"type":"Feature","geometry":{"type":"Point","coordinates":[-6.402488999999946,6.087484000000075]},"properties":{"id":132400,"nom":"CENTRE DE SANTE URBAIN DE MAYO","type":"centre de santé urbain","district_region":null,"departement_commune":null,"verifie":true,"name":"CENTRE DE SANTE URBAIN DE MAYO","source":"Géoportail ANSTAT"}},{"type":"Feature","geometry":{"type":"Point","coordinates":[-6.40315899999996,5.885569000000032]},"properties":{"id":132401,"nom":"CENTRE DE SANTE RURAL GNOGBOYO","type":"centre de santé urbain","district_region":null,"departement_commune":null,"verifie":true,"name":"CENTRE DE SANTE RURAL GNOGBOYO","source":"Géoportail ANSTAT"}},{"type":"Feature","geometry":{"type":"Point","coordinates":[-6.493749999999977,5.967859000000033]},"properties":{"id":132402,"nom":"CENTRE DE SATE JEHOVA RAPHA","type":"centre de santé urbain","district_region":null,"departement_commune":null,"verifie":true,"name":"CENTRE DE SATE JEHOVA RAPHA","source":"Géoportail ANSTAT"}},{"type":"Feature","geometry":{"type":"Point","coordinates":[-6.516031999999939,5.963923000000023]},"properties":{"id":132403,"nom":"CENTRE DE SANTE URBAIN DE YACOLIDABOUO","type":"centre de santé urbain","district_region":null,"departement_commune":null,"verifie":true,"name":"CENTRE DE SANTE URBAIN DE YACOLIDABOUO","source":"Géoportail ANSTAT"}},{"type":"Feature","geometry":{"type":"Point","coordinates":[-6.604089999999928,5.781248000000062]},"properties":{"id":132405,"nom":"CENTRE HUMANITAIRE LA VOIE DE LESPOIR","type":"centre de santé urbain","district_region":null,"departement_commune":null,"verifie":true,"name":"CENTRE HUMANITAIRE LA VOIE DE LESPOIR","source":"Géoportail ANSTAT"}},{"type":"Feature","geometry":{"type":"Point","coordinates":[-6.606531999999959,5.785394000000053]},"properties":{"id":132406,"nom":"CENTRE MEDICAL DES ARMEES","type":"centre de santé urbain","district_region":null,"departement_commune":null,"verifie":true,"name":"CENTRE MEDICAL DES ARMEES","source":"Géoportail ANSTAT"}},{"type":"Feature","geometry":{"type":"Point","coordinates":[-6.37004799999994,5.625004000000047]},"properties":{"id":132408,"nom":"CENTRE TOLLAKRO","type":"centre de santé urbain","district_region":null,"departement_commune":null,"verifie":true,"name":"CENTRE TOLLAKRO","source":"Géoportail ANSTAT"}},{"type":"Feature","geometry":{"type":"Point","coordinates":[-6.404377999999951,5.768919000000039]},"properties":{"id":132409,"nom":"CENTRE DE SANTE URBAIN DOKROUYO","type":"centre de santé urbain","district_region":null,"departement_commune":null,"verifie":true,"name":"CENTRE DE SANTE URBAIN DOKROUYO","source":"Géoportail ANSTAT"}},{"type":"Feature","geometry":{"type":"Point","coordinates":[-6.508661999999958,6.256163000000072]},"properties":{"id":132410,"nom":"CENTRE DE SANTE RURAL DE ZAKOEOUA","type":"centre de santé urbain","district_region":null,"departement_commune":null,"verifie":true,"name":"CENTRE DE SANTE RURAL DE ZAKOEOUA","source":"Géoportail ANSTAT"}},{"type":"Feature","geometry":{"type":"Point","coordinates":[-6.535034999999937,6.116692000000057]},"properties":{"id":132411,"nom":"CENTRE DE SANTE URBAIN DE GRAND ZATTRY","type":"centre de santé urbain","district_region":null,"departement_commune":null,"verifie":true,"name":"CENTRE DE SANTE URBAIN DE GRAND ZATTRY","source":"Géoportail ANSTAT"}},{"type":"Feature","geometry":{"type":"Point","coordinates":[-6.538176999999962,6.114800000000059]},"properties":{"id":132412,"nom":"CENTRE SOCIALE DE GRAND ZATTRY","type":"centre de santé urbain","district_region":null,"departement_commune":null,"verifie":true,"name":"CENTRE SOCIALE DE GRAND ZATTRY","source":"Géoportail ANSTAT"}},{"type":"Feature","geometry":{"type":"Point","coordinates":[-6.864766999999972,6.153726000000063]},"properties":{"id":132413,"nom":"CENTRE DE SANTE URBAIN DE DAPEOUA","type":"centre de santé urbain","district_region":null,"departement_commune":null,"verifie":true,"name":"CENTRE DE SANTE URBAIN DE DAPEOUA","source":"Géoportail ANSTAT"}},{"type":"Feature","geometry":{"type":"Point","coordinates":[-6.95975599999997,6.308423000000062]},"properties":{"id":132414,"nom":"CENTRE DE SANTE RURALE DE MAYA KOFFIKRO","type":"centre de santé urbain","district_region":null,"departement_commune":null,"verifie":true,"name":"CENTRE DE SANTE RURALE DE MAYA KOFFIKRO","source":"Géoportail ANSTAT"}},{"type":"Feature","geometry":{"type":"Point","coordinates":[-6.995657999999935,6.276062000000024]},"properties":{"id":132415,"nom":"CENTRE DE SANTE URBAIN DE BUYO PLATEAU","type":"centre de santé urbain","district_region":null,"departement_commune":null,"verifie":true,"name":"CENTRE DE SANTE URBAIN DE BUYO PLATEAU","source":"Géoportail ANSTAT"}},{"type":"Feature","geometry":{"type":"Point","coordinates":[-6.576518999999962,5.784984000000065]},"properties":{"id":132416,"nom":"CENTRE DE SOIN YENEYASSO","type":"centre de santé urbain","district_region":null,"departement_commune":null,"verifie":true,"name":"CENTRE DE SOIN YENEYASSO","source":"Géoportail ANSTAT"}},{"type":"Feature","geometry":{"type":"Point","coordinates":[-6.581665999999927,5.780434000000071]},"properties":{"id":132417,"nom":"CENTRE MEDICAL LES ANGES","type":"centre de santé urbain","district_region":null,"departement_commune":null,"verifie":true,"name":"CENTRE MEDICAL LES ANGES","source":"Géoportail ANSTAT"}},{"type":"Feature","geometry":{"type":"Point","coordinates":[-6.581779999999981,5.795306000000039]},"properties":{"id":132418,"nom":"CENTRE MEDICAL PHOENIX","type":"centre de santé urbain","district_region":null,"departement_commune":null,"verifie":true,"name":"CENTRE MEDICAL PHOENIX","source":"Géoportail ANSTAT"}},{"type":"Feature","geometry":{"type":"Point","coordinates":[-4.522082999999952,6.322757000000024]},"properties":{"id":132422,"nom":"CENTRE DE SANTE URBAIN D ANOUMABA","type":"centre de santé urbain","district_region":null,"departement_commune":null,"verifie":true,"name":"CENTRE DE SANTE URBAIN D ANOUMABA","source":"Géoportail ANSTAT"}},{"type":"Feature","geometry":{"type":"Point","coordinates":[-4.363409999999931,6.48046800000003]},"properties":{"id":132423,"nom":"CENTRE MEDICALE DE M BATTO","type":"centre de santé urbain","district_region":null,"departement_commune":null,"verifie":true,"name":"CENTRE MEDICALE DE M BATTO","source":"Géoportail ANSTAT"}},{"type":"Feature","geometry":{"type":"Point","coordinates":[-4.658087999999964,6.349338000000046]},"properties":{"id":132424,"nom":"CENTRE DE SANTSANT DE SEREBISSOU","type":"centre de santé urbain","district_region":null,"departement_commune":null,"verifie":true,"name":"CENTRE DE SANTSANT DE SEREBISSOU","source":"Géoportail ANSTAT"}},{"type":"Feature","geometry":{"type":"Point","coordinates":[-4.18417299999993,6.644517000000064]},"properties":{"id":132425,"nom":"CENTRE DE SANTE URBAIN DE KANGANDI","type":"centre de santé urbain","district_region":null,"departement_commune":null,"verifie":true,"name":"CENTRE DE SANTE URBAIN DE KANGANDI","source":"Géoportail ANSTAT"}},{"type":"Feature","geometry":{"type":"Point","coordinates":[-4.123805999999945,6.708782000000042]},"properties":{"id":132426,"nom":"CENTRE DE SANTE RURAL KOTOBI N ZANFOUENOU","type":"centre de santé urbain","district_region":null,"departement_commune":null,"verifie":true,"name":"CENTRE DE SANTE RURAL KOTOBI N ZANFOUENOU","source":"Géoportail ANSTAT"}},{"type":"Feature","geometry":{"type":"Point","coordinates":[-4.307284999999979,6.63588900000002]},"properties":{"id":132427,"nom":"CENTRE DE SANTE URBAIN DE N GUESSANKRO","type":"centre de santé urbain","district_region":null,"departement_commune":null,"verifie":true,"name":"CENTRE DE SANTE URBAIN DE N GUESSANKRO","source":"Géoportail ANSTAT"}},{"type":"Feature","geometry":{"type":"Point","coordinates":[-4.292288999999926,6.770279000000073]},"properties":{"id":132428,"nom":"CENTRE DE SANTE URBAIN","type":"centre de santé urbain","district_region":null,"departement_commune":null,"verifie":true,"name":"CENTRE DE SANTE URBAIN","source":"Géoportail ANSTAT"}},{"type":"Feature","geometry":{"type":"Point","coordinates":[-3.969131999999945,6.676329000000067]},"properties":{"id":132429,"nom":"CENTRE DE SANTE ST MICHEL COMMUNAUTE CATHOLIQUE MISSIONNAIRE REGINA PACIS","type":"centre de santé urbain","district_region":null,"departement_commune":null,"verifie":true,"name":"CENTRE DE SANTE ST MICHEL COMMUNAUTE CATHOLIQUE MISSIONNAIRE REGINA PACIS","source":"Géoportail ANSTAT"}},{"type":"Feature","geometry":{"type":"Point","coordinates":[-4.101709999999969,6.655117000000075]},"properties":{"id":132430,"nom":"CENTRE DE SANTE URBAIN D ABONGOUA","type":"centre de santé urbain","district_region":null,"departement_commune":null,"verifie":true,"name":"CENTRE DE SANTE URBAIN D ABONGOUA","source":"Géoportail ANSTAT"}},{"type":"Feature","geometry":{"type":"Point","coordinates":[-4.625494999999944,6.49534600000004]},"properties":{"id":132431,"nom":"CENTRE DE SANTE URBAIN DE TIEMELEKRO","type":"centre de santé urbain","district_region":null,"departement_commune":null,"verifie":true,"name":"CENTRE DE SANTE URBAIN DE TIEMELEKRO","source":"Géoportail ANSTAT"}},{"type":"Feature","geometry":{"type":"Point","coordinates":[-7.383704999999964,7.289984000000061]},"properties":{"id":132432,"nom":"CENTRE DE SANTE URBAIN DE TOTRODROU","type":"centre de santé urbain","district_region":null,"departement_commune":null,"verifie":true,"name":"CENTRE DE SANTE URBAIN DE TOTRODROU","source":"Géoportail ANSTAT"}},{"type":"Feature","geometry":{"type":"Point","coordinates":[-7.268404999999973,7.507355000000075]},"properties":{"id":132433,"nom":"CENTRE EE SANTE DE KOUA","type":"centre de santé urbain","district_region":null,"departement_commune":null,"verifie":true,"name":"CENTRE EE SANTE DE KOUA","source":"Géoportail ANSTAT"}},{"type":"Feature","geometry":{"type":"Point","coordinates":[-7.134258999999929,7.48250900000005]},"properties":{"id":132434,"nom":"CENTRE DE SANTE RURALE DE DOUAGUEA","type":"centre de santé urbain","district_region":null,"departement_commune":null,"verifie":true,"name":"CENTRE DE SANTE RURALE DE DOUAGUEA","source":"Géoportail ANSTAT"}},{"type":"Feature","geometry":{"type":"Point","coordinates":[-7.132556999999963,7.249563000000023]},"properties":{"id":132435,"nom":"CENTRE SANTE","type":"centre de santé urbain","district_region":null,"departement_commune":null,"verifie":true,"name":"CENTRE SANTE","source":"Géoportail ANSTAT"}},{"type":"Feature","geometry":{"type":"Point","coordinates":[-7.154419999999959,6.481070000000045]},"properties":{"id":132436,"nom":"CENTRE DE SANTE RURALE DE GBAPLEU","type":"centre de santé urbain","district_region":null,"departement_commune":null,"verifie":true,"name":"CENTRE DE SANTE RURALE DE GBAPLEU","source":"Géoportail ANSTAT"}},{"type":"Feature","geometry":{"type":"Point","coordinates":[-7.329287999999963,6.801443000000063]},"properties":{"id":132437,"nom":"CENTRE SANTE DE TOA ZEO","type":"centre de santé urbain","district_region":null,"departement_commune":null,"verifie":true,"name":"CENTRE SANTE DE TOA ZEO","source":"Géoportail ANSTAT"}},{"type":"Feature","geometry":{"type":"Point","coordinates":[-7.336661999999933,6.752076000000045]},"properties":{"id":132438,"nom":"CENTRE DE SANTE URBAIN DIAYE BERNARD","type":"centre de santé urbain","district_region":null,"departement_commune":null,"verifie":true,"name":"CENTRE DE SANTE URBAIN DIAYE BERNARD","source":"Géoportail ANSTAT"}},{"type":"Feature","geometry":{"type":"Point","coordinates":[-4.238536999999951,5.271835000000067]},"properties":{"id":132439,"nom":"CENTRE MEDICALE ERETZ ISRAELDE NDJEM","type":"centre de santé urbain","district_region":null,"departement_commune":null,"verifie":true,"name":"CENTRE MEDICALE ERETZ ISRAELDE NDJEM","source":"Géoportail ANSTAT"}},{"type":"Feature","geometry":{"type":"Point","coordinates":[-4.657411999999965,5.355421000000035]},"properties":{"id":132440,"nom":"CENTRE DE SANTE URBAIN DE IRA","type":"centre de santé urbain","district_region":null,"departement_commune":null,"verifie":true,"name":"CENTRE DE SANTE URBAIN DE IRA","source":"Géoportail ANSTAT"}},{"type":"Feature","geometry":{"type":"Point","coordinates":[-4.566157999999973,5.317232000000047]},"properties":{"id":132441,"nom":"CENTRE DE SANTE URBAIN DE TOUPAH","type":"centre de santé urbain","district_region":null,"departement_commune":null,"verifie":true,"name":"CENTRE DE SANTE URBAIN DE TOUPAH","source":"Géoportail ANSTAT"}},{"type":"Feature","geometry":{"type":"Point","coordinates":[-4.396374999999978,5.331512000000032]},"properties":{"id":132442,"nom":"CENTRE DE SANTE SOCIAL LA PALMERAIE","type":"centre de santé urbain","district_region":null,"departement_commune":null,"verifie":true,"name":"CENTRE DE SANTE SOCIAL LA PALMERAIE","source":"Géoportail ANSTAT"}},{"type":"Feature","geometry":{"type":"Point","coordinates":[-5.964957999999967,6.152354000000059]},"properties":{"id":132443,"nom":"CENTRE DE SANTE SILO","type":"centre de santé urbain","district_region":null,"departement_commune":null,"verifie":true,"name":"CENTRE DE SANTE SILO","source":"Géoportail ANSTAT"}},{"type":"Feature","geometry":{"type":"Point","coordinates":[-6.104859999999974,6.045096000000058]},"properties":{"id":132444,"nom":"CENTRE MEDICAL JOLIVAS","type":"centre de santé urbain","district_region":null,"departement_commune":null,"verifie":true,"name":"CENTRE MEDICAL JOLIVAS","source":"Géoportail ANSTAT"}},{"type":"Feature","geometry":{"type":"Point","coordinates":[-5.966186999999934,6.132144000000039]},"properties":{"id":132445,"nom":"CENTRE DE SOINS SAN GIOVANNI","type":"centre de santé urbain","district_region":null,"departement_commune":null,"verifie":true,"name":"CENTRE DE SOINS SAN GIOVANNI","source":"Géoportail ANSTAT"}},{"type":"Feature","geometry":{"type":"Point","coordinates":[-5.96467599999994,6.127642000000037]},"properties":{"id":132446,"nom":"CENTRE MEDICAL LA PRUDENCE","type":"centre de santé urbain","district_region":null,"departement_commune":null,"verifie":true,"name":"CENTRE MEDICAL LA PRUDENCE","source":"Géoportail ANSTAT"}},{"type":"Feature","geometry":{"type":"Point","coordinates":[-6.165192999999931,6.235566000000063]},"properties":{"id":132447,"nom":"CENTRE DE SANTE UDBAIN DE GUIBEROUA","type":"centre de santé urbain","district_region":null,"departement_commune":null,"verifie":true,"name":"CENTRE DE SANTE UDBAIN DE GUIBEROUA","source":"Géoportail ANSTAT"}},{"type":"Feature","geometry":{"type":"Point","coordinates":[-6.165141999999946,6.235758000000033]},"properties":{"id":132448,"nom":"CENTRE DE SANTE URBAIN DE GUIBEROUA","type":"centre de santé urbain","district_region":null,"departement_commune":null,"verifie":true,"name":"CENTRE DE SANTE URBAIN DE GUIBEROUA","source":"Géoportail ANSTAT"}},{"type":"Feature","geometry":{"type":"Point","coordinates":[-5.96296499999994,6.427606000000026]},"properties":{"id":132449,"nom":"CENTRE DE SANTE RURAL DE ZAHIBOHIO","type":"centre de santé urbain","district_region":null,"departement_commune":null,"verifie":true,"name":"CENTRE DE SANTE RURAL DE ZAHIBOHIO","source":"Géoportail ANSTAT"}}],"metadata":{"dataset":"Centre de santé urbain — ANSTAT","source":"Géoportail ANSTAT","theme":"Santé","verified":true,"apercu":"limité à 1000 entités"}}