{"type":"FeatureCollection","features":[{"type":"Feature","geometry":{"type":"Point","coordinates":[-4.420046999999954,5.20904500000006]},"properties":{"id":22,"nom":"EPI AS SAKAFAT_PRIMAIRE","type":"mosquee","district_region":null,"departement_commune":null,"verifie":true,"name":"EPI AS SAKAFAT_PRIMAIRE","source":"Géoportail ANSTAT"}},{"type":"Feature","geometry":{"type":"Point","coordinates":[-6.659095999999977,4.774769000000049]},"properties":{"id":47,"nom":"AFISSOU MOSQUE","type":"mosquee","district_region":null,"departement_commune":null,"verifie":true,"name":"AFISSOU MOSQUE","source":"Géoportail ANSTAT"}},{"type":"Feature","geometry":{"type":"Point","coordinates":[-4.383228999999972,5.320011000000022]},"properties":{"id":65,"nom":"2 IEME MOSQUEE DE DIOULABOUGOU","type":"mosquee","district_region":null,"departement_commune":null,"verifie":true,"name":"2 IEME MOSQUEE DE DIOULABOUGOU","source":"Géoportail ANSTAT"}},{"type":"Feature","geometry":{"type":"Point","coordinates":[-5.579276999999934,6.296528000000023]},"properties":{"id":74,"nom":"ECOLE DE LA MOSQUEE WARABIAMISSRI","type":"mosquee","district_region":null,"departement_commune":null,"verifie":true,"name":"ECOLE DE LA MOSQUEE WARABIAMISSRI","source":"Géoportail ANSTAT"}},{"type":"Feature","geometry":{"type":"Point","coordinates":[-2.651640999999927,8.128003000000035]},"properties":{"id":75,"nom":"2EME MOSQUEE DE SANGUIEBO","type":"mosquee","district_region":null,"departement_commune":null,"verifie":true,"name":"2EME MOSQUEE DE SANGUIEBO","source":"Géoportail ANSTAT"}},{"type":"Feature","geometry":{"type":"Point","coordinates":[-3.032700999999975,7.440897000000064]},"properties":{"id":82,"nom":"1ERE MOSQUEE","type":"mosquee","district_region":null,"departement_commune":null,"verifie":true,"name":"1ERE MOSQUEE","source":"Géoportail ANSTAT"}},{"type":"Feature","geometry":{"type":"Point","coordinates":[-6.675852999999961,7.96381800000006]},"properties":{"id":189,"nom":"TERRAIN DE LA MOSQUEE DOSSO","type":"mosquee","district_region":null,"departement_commune":null,"verifie":true,"name":"TERRAIN DE LA MOSQUEE DOSSO","source":"Géoportail ANSTAT"}},{"type":"Feature","geometry":{"type":"Point","coordinates":[-6.434601999999927,6.858165000000042]},"properties":{"id":235,"nom":"ADJA MOSQUEE","type":"mosquee","district_region":null,"departement_commune":null,"verifie":true,"name":"ADJA MOSQUEE","source":"Géoportail ANSTAT"}},{"type":"Feature","geometry":{"type":"Point","coordinates":[-5.271526999999935,6.80213800000007]},"properties":{"id":236,"nom":"MOSQUE MORY DIALLO","type":"mosquee","district_region":null,"departement_commune":null,"verifie":true,"name":"MOSQUE MORY DIALLO","source":"Géoportail ANSTAT"}},{"type":"Feature","geometry":{"type":"Point","coordinates":[-5.273734999999931,6.806659000000025]},"properties":{"id":237,"nom":"MOSQUEE IMAM DIALLO","type":"mosquee","district_region":null,"departement_commune":null,"verifie":true,"name":"MOSQUEE IMAM DIALLO","source":"Géoportail ANSTAT"}},{"type":"Feature","geometry":{"type":"Point","coordinates":[-5.274144999999976,6.806421000000057]},"properties":{"id":240,"nom":"MOSQUEE DES PEULS","type":"mosquee","district_region":null,"departement_commune":null,"verifie":true,"name":"MOSQUEE DES PEULS","source":"Géoportail ANSTAT"}},{"type":"Feature","geometry":{"type":"Point","coordinates":[-4.610835999999949,9.147989000000052]},"properties":{"id":241,"nom":"ANCIENNE MOSQUEE DE KONG","type":"mosquee","district_region":null,"departement_commune":null,"verifie":true,"name":"ANCIENNE MOSQUEE DE KONG","source":"Géoportail ANSTAT"}},{"type":"Feature","geometry":{"type":"Point","coordinates":[-5.098954999999933,9.587314000000047]},"properties":{"id":242,"nom":"ANCIENNE MOSQUEE","type":"mosquee","district_region":null,"departement_commune":null,"verifie":true,"name":"ANCIENNE MOSQUEE","source":"Géoportail ANSTAT"}},{"type":"Feature","geometry":{"type":"Point","coordinates":[-5.680867999999975,10.28859100000005]},"properties":{"id":248,"nom":"ANCIENNE MOSQUEE ILOT 13","type":"mosquee","district_region":null,"departement_commune":null,"verifie":true,"name":"ANCIENNE MOSQUEE ILOT 13","source":"Géoportail ANSTAT"}},{"type":"Feature","geometry":{"type":"Point","coordinates":[-6.677653999999961,4.766661000000056]},"properties":{"id":251,"nom":"ALPHAT MOSQUEE","type":"mosquee","district_region":null,"departement_commune":null,"verifie":true,"name":"ALPHAT MOSQUEE","source":"Géoportail ANSTAT"}},{"type":"Feature","geometry":{"type":"Point","coordinates":[-5.638536999999928,9.354535000000055]},"properties":{"id":252,"nom":"ANCIENNE MOSQUEE DE TIORONIARADOUGOU","type":"mosquee","district_region":null,"departement_commune":null,"verifie":true,"name":"ANCIENNE MOSQUEE DE TIORONIARADOUGOU","source":"Géoportail ANSTAT"}},{"type":"Feature","geometry":{"type":"Point","coordinates":[-5.901345999999933,10.00127600000008]},"properties":{"id":253,"nom":"ANCIENNE  MOSQUE","type":"mosquee","district_region":null,"departement_commune":null,"verifie":true,"name":"ANCIENNE  MOSQUE","source":"Géoportail ANSTAT"}},{"type":"Feature","geometry":{"type":"Point","coordinates":[-6.597842999999955,5.939951000000065]},"properties":{"id":256,"nom":"ANCIENNE MOSQUEE DU VILLAGE","type":"mosquee","district_region":null,"departement_commune":null,"verifie":true,"name":"ANCIENNE MOSQUEE DU VILLAGE","source":"Géoportail ANSTAT"}},{"type":"Feature","geometry":{"type":"Point","coordinates":[-7.146237999999926,6.389312000000075]},"properties":{"id":259,"nom":"ANCIENNE MOSQUE","type":"mosquee","district_region":null,"departement_commune":null,"verifie":true,"name":"ANCIENNE MOSQUE","source":"Géoportail ANSTAT"}},{"type":"Feature","geometry":{"type":"Point","coordinates":[-4.008974999999964,6.967564000000039]},"properties":{"id":274,"nom":"ANCIENNE MOSQUEE D ASSOUAKRO","type":"mosquee","district_region":null,"departement_commune":null,"verifie":true,"name":"ANCIENNE MOSQUEE D ASSOUAKRO","source":"Géoportail ANSTAT"}},{"type":"Feature","geometry":{"type":"Point","coordinates":[-5.519898999999953,6.322600000000023]},"properties":{"id":282,"nom":"ANCIENNE MOSQUEE","type":"mosquee","district_region":null,"departement_commune":null,"verifie":true,"name":"ANCIENNE MOSQUEE","source":"Géoportail ANSTAT"}},{"type":"Feature","geometry":{"type":"Point","coordinates":[-3.787595999999951,8.012282000000027]},"properties":{"id":284,"nom":"ANCIENNE MOSQUEE","type":"mosquee","district_region":null,"departement_commune":null,"verifie":true,"name":"ANCIENNE MOSQUEE","source":"Géoportail ANSTAT"}},{"type":"Feature","geometry":{"type":"Point","coordinates":[-3.799407999999971,8.070261000000073]},"properties":{"id":286,"nom":"ANNCIENNE MOSQUEE DE KIMASSI","type":"mosquee","district_region":null,"departement_commune":null,"verifie":true,"name":"ANNCIENNE MOSQUEE DE KIMASSI","source":"Géoportail ANSTAT"}},{"type":"Feature","geometry":{"type":"Point","coordinates":[-3.645048999999972,8.11858200000006]},"properties":{"id":293,"nom":"ANCIENNE MOSQUEE","type":"mosquee","district_region":null,"departement_commune":null,"verifie":true,"name":"ANCIENNE MOSQUEE","source":"Géoportail ANSTAT"}},{"type":"Feature","geometry":{"type":"Point","coordinates":[-3.064300999999944,7.216107000000022]},"properties":{"id":294,"nom":"ANCIENNE MOSQUEE","type":"mosquee","district_region":null,"departement_commune":null,"verifie":true,"name":"ANCIENNE MOSQUEE","source":"Géoportail ANSTAT"}},{"type":"Feature","geometry":{"type":"Point","coordinates":[-3.167177999999979,7.226072000000045]},"properties":{"id":295,"nom":"ANCIENNE MOSQUEE","type":"mosquee","district_region":null,"departement_commune":null,"verifie":true,"name":"ANCIENNE MOSQUEE","source":"Géoportail ANSTAT"}},{"type":"Feature","geometry":{"type":"Point","coordinates":[-3.055272999999943,7.257327000000032]},"properties":{"id":296,"nom":"ANCIENNE MOSQUEE","type":"mosquee","district_region":null,"departement_commune":null,"verifie":true,"name":"ANCIENNE MOSQUEE","source":"Géoportail ANSTAT"}},{"type":"Feature","geometry":{"type":"Point","coordinates":[-2.959387999999933,7.512032000000033]},"properties":{"id":298,"nom":"ANCIENNE MOSQUEE","type":"mosquee","district_region":null,"departement_commune":null,"verifie":true,"name":"ANCIENNE MOSQUEE","source":"Géoportail ANSTAT"}},{"type":"Feature","geometry":{"type":"Point","coordinates":[-3.370771999999931,7.635990000000049]},"properties":{"id":299,"nom":"ANCIENNE MOSQUEE","type":"mosquee","district_region":null,"departement_commune":null,"verifie":true,"name":"ANCIENNE MOSQUEE","source":"Géoportail ANSTAT"}},{"type":"Feature","geometry":{"type":"Point","coordinates":[-3.010665999999958,7.714821000000029]},"properties":{"id":300,"nom":"ANCIENNE MOSQUEE DE DATEKRO","type":"mosquee","district_region":null,"departement_commune":null,"verifie":true,"name":"ANCIENNE MOSQUEE DE DATEKRO","source":"Géoportail ANSTAT"}},{"type":"Feature","geometry":{"type":"Point","coordinates":[-3.723616999999933,7.715065000000038]},"properties":{"id":302,"nom":"ANCIENNE MOSQUEE","type":"mosquee","district_region":null,"departement_commune":null,"verifie":true,"name":"ANCIENNE MOSQUEE","source":"Géoportail ANSTAT"}},{"type":"Feature","geometry":{"type":"Point","coordinates":[-3.691926999999964,7.783905000000061]},"properties":{"id":306,"nom":"ANCIENNE MOSQUEE","type":"mosquee","district_region":null,"departement_commune":null,"verifie":true,"name":"ANCIENNE MOSQUEE","source":"Géoportail ANSTAT"}},{"type":"Feature","geometry":{"type":"Point","coordinates":[-2.980081999999925,7.702217000000076]},"properties":{"id":307,"nom":"ANCIENNE MOSQUEE DE ASSUEFRY","type":"mosquee","district_region":null,"departement_commune":null,"verifie":true,"name":"ANCIENNE MOSQUEE DE ASSUEFRY","source":"Géoportail ANSTAT"}},{"type":"Feature","geometry":{"type":"Point","coordinates":[-6.95267999999993,8.007991000000061]},"properties":{"id":308,"nom":"ANCIENNE MOSQUEE","type":"mosquee","district_region":null,"departement_commune":null,"verifie":true,"name":"ANCIENNE MOSQUEE","source":"Géoportail ANSTAT"}},{"type":"Feature","geometry":{"type":"Point","coordinates":[-6.49481899999995,8.100518000000022]},"properties":{"id":311,"nom":"ANCIENNE MOSQUEE","type":"mosquee","district_region":null,"departement_commune":null,"verifie":true,"name":"ANCIENNE MOSQUEE","source":"Géoportail ANSTAT"}},{"type":"Feature","geometry":{"type":"Point","coordinates":[-5.750099999999975,6.987821000000054]},"properties":{"id":321,"nom":"ANCIEN MOSQUEE DE DIOULABOUGOU","type":"mosquee","district_region":null,"departement_commune":null,"verifie":true,"name":"ANCIEN MOSQUEE DE DIOULABOUGOU","source":"Géoportail ANSTAT"}},{"type":"Feature","geometry":{"type":"Point","coordinates":[-5.026760999999965,7.732275000000072]},"properties":{"id":326,"nom":"ANCIENNE MOSQUEE","type":"mosquee","district_region":null,"departement_commune":null,"verifie":true,"name":"ANCIENNE MOSQUEE","source":"Géoportail ANSTAT"}},{"type":"Feature","geometry":{"type":"Point","coordinates":[-3.291426999999942,9.691973000000075]},"properties":{"id":327,"nom":"ANCIENNE MOSQUEE DE KODO","type":"mosquee","district_region":null,"departement_commune":null,"verifie":true,"name":"ANCIENNE MOSQUEE DE KODO","source":"Géoportail ANSTAT"}},{"type":"Feature","geometry":{"type":"Point","coordinates":[-3.440322999999978,9.612645000000043]},"properties":{"id":328,"nom":"ANCIENNE MOSQUEE","type":"mosquee","district_region":null,"departement_commune":null,"verifie":true,"name":"ANCIENNE MOSQUEE","source":"Géoportail ANSTAT"}},{"type":"Feature","geometry":{"type":"Point","coordinates":[-3.538079999999979,8.460704000000021]},"properties":{"id":329,"nom":"ANCIENNE MOSQUEE","type":"mosquee","district_region":null,"departement_commune":null,"verifie":true,"name":"ANCIENNE MOSQUEE","source":"Géoportail ANSTAT"}},{"type":"Feature","geometry":{"type":"Point","coordinates":[-3.566008999999951,8.395132000000046]},"properties":{"id":330,"nom":"ANCIENNE MOSQUEE","type":"mosquee","district_region":null,"departement_commune":null,"verifie":true,"name":"ANCIENNE MOSQUEE","source":"Géoportail ANSTAT"}},{"type":"Feature","geometry":{"type":"Point","coordinates":[-6.476278999999977,7.240116000000057]},"properties":{"id":352,"nom":"ANTENNE VILLE MOSQUE","type":"mosquee","district_region":null,"departement_commune":null,"verifie":true,"name":"ANTENNE VILLE MOSQUE","source":"Géoportail ANSTAT"}},{"type":"Feature","geometry":{"type":"Point","coordinates":[-5.239209999999957,5.620652000000064]},"properties":{"id":358,"nom":"ANCIENNE MOSQUEE GBOBIADOUKOU","type":"mosquee","district_region":null,"departement_commune":null,"verifie":true,"name":"ANCIENNE MOSQUEE GBOBIADOUKOU","source":"Géoportail ANSTAT"}},{"type":"Feature","geometry":{"type":"Point","coordinates":[-6.351084999999955,10.43413200000003]},"properties":{"id":359,"nom":"ANCIENNE MOSQUEE","type":"mosquee","district_region":null,"departement_commune":null,"verifie":true,"name":"ANCIENNE MOSQUEE","source":"Géoportail ANSTAT"}},{"type":"Feature","geometry":{"type":"Point","coordinates":[-6.154057999999964,8.067575000000033]},"properties":{"id":360,"nom":"ANCIENNE MOSQUEE","type":"mosquee","district_region":null,"departement_commune":null,"verifie":true,"name":"ANCIENNE MOSQUEE","source":"Géoportail ANSTAT"}},{"type":"Feature","geometry":{"type":"Point","coordinates":[-6.252134999999953,8.947423000000072]},"properties":{"id":361,"nom":"ANCIEN MOSQUEE DE DIANR1","type":"mosquee","district_region":null,"departement_commune":null,"verifie":true,"name":"ANCIEN MOSQUEE DE DIANR1","source":"Géoportail ANSTAT"}},{"type":"Feature","geometry":{"type":"Point","coordinates":[-6.248961999999949,8.708659000000068]},"properties":{"id":368,"nom":"ANCIENNE MOSQUEE","type":"mosquee","district_region":null,"departement_commune":null,"verifie":true,"name":"ANCIENNE MOSQUEE","source":"Géoportail ANSTAT"}},{"type":"Feature","geometry":{"type":"Point","coordinates":[-3.38002599999993,5.458860000000072]},"properties":{"id":370,"nom":"MOSQUEE DE KONGODJAN","type":"mosquee","district_region":null,"departement_commune":null,"verifie":true,"name":"MOSQUEE DE KONGODJAN","source":"Géoportail ANSTAT"}},{"type":"Feature","geometry":{"type":"Point","coordinates":[-4.325721999999928,8.539410000000032]},"properties":{"id":371,"nom":"ANCIENNE MOSQUEE","type":"mosquee","district_region":null,"departement_commune":null,"verifie":true,"name":"ANCIENNE MOSQUEE","source":"Géoportail ANSTAT"}},{"type":"Feature","geometry":{"type":"Point","coordinates":[-4.361730999999963,7.905802000000051]},"properties":{"id":372,"nom":"ANCIEN MOSQUEE DE NATOPLE","type":"mosquee","district_region":null,"departement_commune":null,"verifie":true,"name":"ANCIEN MOSQUEE DE NATOPLE","source":"Géoportail ANSTAT"}},{"type":"Feature","geometry":{"type":"Point","coordinates":[-4.417983999999933,8.36965600000002]},"properties":{"id":378,"nom":"ANCIENNE MOSQUEE DE DABAKALAKRO","type":"mosquee","district_region":null,"departement_commune":null,"verifie":true,"name":"ANCIENNE MOSQUEE DE DABAKALAKRO","source":"Géoportail ANSTAT"}},{"type":"Feature","geometry":{"type":"Point","coordinates":[-4.209899999999948,7.67955500000005]},"properties":{"id":379,"nom":"ANCIENNE MOSQUEE DE MANIDOUGOU","type":"mosquee","district_region":null,"departement_commune":null,"verifie":true,"name":"ANCIENNE MOSQUEE DE MANIDOUGOU","source":"Géoportail ANSTAT"}},{"type":"Feature","geometry":{"type":"Point","coordinates":[-4.249486999999931,7.771137000000067]},"properties":{"id":380,"nom":"ANCIENNE MOSQUEE","type":"mosquee","district_region":null,"departement_commune":null,"verifie":true,"name":"ANCIENNE MOSQUEE","source":"Géoportail ANSTAT"}},{"type":"Feature","geometry":{"type":"Point","coordinates":[-4.042926999999963,7.972818000000075]},"properties":{"id":848,"nom":"ANCIENNE MOSQUEE","type":"mosquee","district_region":null,"departement_commune":null,"verifie":true,"name":"ANCIENNE MOSQUEE","source":"Géoportail ANSTAT"}},{"type":"Feature","geometry":{"type":"Point","coordinates":[-8.03051899999997,7.638520000000028]},"properties":{"id":869,"nom":"MOSQUEE DOUONGOPLEU","type":"mosquee","district_region":null,"departement_commune":null,"verifie":true,"name":"MOSQUEE DOUONGOPLEU","source":"Géoportail ANSTAT"}},{"type":"Feature","geometry":{"type":"Point","coordinates":[-5.271329999999978,6.809420000000046]},"properties":{"id":876,"nom":"MOSQUEE  NADJIME","type":"mosquee","district_region":null,"departement_commune":null,"verifie":true,"name":"MOSQUEE  NADJIME","source":"Géoportail ANSTAT"}},{"type":"Feature","geometry":{"type":"Point","coordinates":[-5.346637999999928,6.936034000000063]},"properties":{"id":893,"nom":"MOSQUEE DE GBELISSOU","type":"mosquee","district_region":null,"departement_commune":null,"verifie":true,"name":"MOSQUEE DE GBELISSOU","source":"Géoportail ANSTAT"}},{"type":"Feature","geometry":{"type":"Point","coordinates":[-7.189363999999955,4.722804000000053]},"properties":{"id":1075,"nom":"ATELIER DE MOSQUEE","type":"mosquee","district_region":null,"departement_commune":null,"verifie":true,"name":"ATELIER DE MOSQUEE","source":"Géoportail ANSTAT"}},{"type":"Feature","geometry":{"type":"Point","coordinates":[-2.805997999999931,8.029064000000062]},"properties":{"id":1298,"nom":"MOSQUEE DU LYCEE","type":"mosquee","district_region":null,"departement_commune":null,"verifie":true,"name":"MOSQUEE DU LYCEE","source":"Géoportail ANSTAT"}},{"type":"Feature","geometry":{"type":"Point","coordinates":[-5.277512999999942,6.806066000000044]},"properties":{"id":1306,"nom":"MOSQUEE LOSSENI DIABATE","type":"mosquee","district_region":null,"departement_commune":null,"verifie":true,"name":"MOSQUEE LOSSENI DIABATE","source":"Géoportail ANSTAT"}},{"type":"Feature","geometry":{"type":"Point","coordinates":[-6.530613999999957,5.264646000000027]},"properties":{"id":1317,"nom":"MOSQUE QUARTIER GROUPE SCOLAIRE 1  2 5","type":"mosquee","district_region":null,"departement_commune":null,"verifie":true,"name":"MOSQUE QUARTIER GROUPE SCOLAIRE 1  2 5","source":"Géoportail ANSTAT"}},{"type":"Feature","geometry":{"type":"Point","coordinates":[-5.432060999999976,6.763142000000073]},"properties":{"id":1319,"nom":"MOSQUEE DE BADALA","type":"mosquee","district_region":null,"departement_commune":null,"verifie":true,"name":"MOSQUEE DE BADALA","source":"Géoportail ANSTAT"}},{"type":"Feature","geometry":{"type":"Point","coordinates":[-5.122202999999956,6.780290000000036]},"properties":{"id":1323,"nom":"MOSQUE","type":"mosquee","district_region":null,"departement_commune":null,"verifie":true,"name":"MOSQUE","source":"Géoportail ANSTAT"}},{"type":"Feature","geometry":{"type":"Point","coordinates":[-5.262605999999948,6.786291000000062]},"properties":{"id":1394,"nom":"MOSQUE ALEDJO","type":"mosquee","district_region":null,"departement_commune":null,"verifie":true,"name":"MOSQUE ALEDJO","source":"Géoportail ANSTAT"}},{"type":"Feature","geometry":{"type":"Point","coordinates":[-4.790234999999939,5.289341000000036]},"properties":{"id":1447,"nom":"BISTRO DE LA MOSQUE","type":"mosquee","district_region":null,"departement_commune":null,"verifie":true,"name":"BISTRO DE LA MOSQUE","source":"Géoportail ANSTAT"}},{"type":"Feature","geometry":{"type":"Point","coordinates":[-5.415041999999971,6.73312500000003]},"properties":{"id":1527,"nom":"MOSQUEE","type":"mosquee","district_region":null,"departement_commune":null,"verifie":true,"name":"MOSQUEE","source":"Géoportail ANSTAT"}},{"type":"Feature","geometry":{"type":"Point","coordinates":[-5.689790999999957,8.772267000000056]},"properties":{"id":1557,"nom":"BAMBA MOSQUEE","type":"mosquee","district_region":null,"departement_commune":null,"verifie":true,"name":"BAMBA MOSQUEE","source":"Géoportail ANSTAT"}},{"type":"Feature","geometry":{"type":"Point","coordinates":[-4.608811999999944,9.147983000000067]},"properties":{"id":1561,"nom":"BOULANGERIE DE LA MOSQUEE DE KONG","type":"mosquee","district_region":null,"departement_commune":null,"verifie":true,"name":"BOULANGERIE DE LA MOSQUEE DE KONG","source":"Géoportail ANSTAT"}},{"type":"Feature","geometry":{"type":"Point","coordinates":[-6.697183999999936,7.836808000000076]},"properties":{"id":1566,"nom":"BOTIQUE DE LA MOSQUEE","type":"mosquee","district_region":null,"departement_commune":null,"verifie":true,"name":"BOTIQUE DE LA MOSQUEE","source":"Géoportail ANSTAT"}},{"type":"Feature","geometry":{"type":"Point","coordinates":[-3.51200799999998,5.503936000000067]},"properties":{"id":1586,"nom":"BORNE FONTAINE PRES DE LA MOSQUEE","type":"mosquee","district_region":null,"departement_commune":null,"verifie":true,"name":"BORNE FONTAINE PRES DE LA MOSQUEE","source":"Géoportail ANSTAT"}},{"type":"Feature","geometry":{"type":"Point","coordinates":[-5.264336999999955,6.775531000000058]},"properties":{"id":1593,"nom":"MOSQUEE","type":"mosquee","district_region":null,"departement_commune":null,"verifie":true,"name":"MOSQUEE","source":"Géoportail ANSTAT"}},{"type":"Feature","geometry":{"type":"Point","coordinates":[-5.659127999999953,9.369098000000063]},"properties":{"id":1595,"nom":"ECOLE  CORANIQUE","type":"mosquee","district_region":null,"departement_commune":null,"verifie":true,"name":"ECOLE  CORANIQUE","source":"Géoportail ANSTAT"}},{"type":"Feature","geometry":{"type":"Point","coordinates":[-5.275994999999966,6.987659000000065]},"properties":{"id":1599,"nom":"MOSQUEE","type":"mosquee","district_region":null,"departement_commune":null,"verifie":true,"name":"MOSQUEE","source":"Géoportail ANSTAT"}},{"type":"Feature","geometry":{"type":"Point","coordinates":[-5.485472999999956,6.913064000000077]},"properties":{"id":1600,"nom":"MOSQUE","type":"mosquee","district_region":null,"departement_commune":null,"verifie":true,"name":"MOSQUE","source":"Géoportail ANSTAT"}},{"type":"Feature","geometry":{"type":"Point","coordinates":[-2.961039999999969,7.236789000000044]},"properties":{"id":1611,"nom":"ECOLE CORANIQUE GRANDE MOSQUEE","type":"mosquee","district_region":null,"departement_commune":null,"verifie":true,"name":"ECOLE CORANIQUE GRANDE MOSQUEE","source":"Géoportail ANSTAT"}},{"type":"Feature","geometry":{"type":"Point","coordinates":[-7.411388999999929,5.112937000000045]},"properties":{"id":1612,"nom":"MOSQUEE DU TERRAIN","type":"mosquee","district_region":null,"departement_commune":null,"verifie":true,"name":"MOSQUEE DU TERRAIN","source":"Géoportail ANSTAT"}},{"type":"Feature","geometry":{"type":"Point","coordinates":[-5.265755999999953,6.790087000000028]},"properties":{"id":1618,"nom":"MOSQUEE","type":"mosquee","district_region":null,"departement_commune":null,"verifie":true,"name":"MOSQUEE","source":"Géoportail ANSTAT"}},{"type":"Feature","geometry":{"type":"Point","coordinates":[-5.27096199999994,6.760348000000022]},"properties":{"id":1620,"nom":"MOSQUEE","type":"mosquee","district_region":null,"departement_commune":null,"verifie":true,"name":"MOSQUEE","source":"Géoportail ANSTAT"}},{"type":"Feature","geometry":{"type":"Point","coordinates":[-5.270975999999962,6.760345000000029]},"properties":{"id":1623,"nom":"MOSQUEE","type":"mosquee","district_region":null,"departement_commune":null,"verifie":true,"name":"MOSQUEE","source":"Géoportail ANSTAT"}},{"type":"Feature","geometry":{"type":"Point","coordinates":[-5.40139499999998,6.873450000000048]},"properties":{"id":1630,"nom":"MOSQUE DE ZATTA","type":"mosquee","district_region":null,"departement_commune":null,"verifie":true,"name":"MOSQUE DE ZATTA","source":"Géoportail ANSTAT"}},{"type":"Feature","geometry":{"type":"Point","coordinates":[-5.525766999999973,6.914606000000049]},"properties":{"id":1637,"nom":"MOSQUEE","type":"mosquee","district_region":null,"departement_commune":null,"verifie":true,"name":"MOSQUEE","source":"Géoportail ANSTAT"}},{"type":"Feature","geometry":{"type":"Point","coordinates":[-5.473515999999961,6.869574000000057]},"properties":{"id":1646,"nom":"MOSQUEE","type":"mosquee","district_region":null,"departement_commune":null,"verifie":true,"name":"MOSQUEE","source":"Géoportail ANSTAT"}},{"type":"Feature","geometry":{"type":"Point","coordinates":[-6.659481999999969,4.768504000000064]},"properties":{"id":1647,"nom":"BOUTIQUE  MOSQUEE BAMBA","type":"mosquee","district_region":null,"departement_commune":null,"verifie":true,"name":"BOUTIQUE  MOSQUEE BAMBA","source":"Géoportail ANSTAT"}},{"type":"Feature","geometry":{"type":"Point","coordinates":[-7.363482999999974,4.412753000000066]},"properties":{"id":1650,"nom":"BOUTIQUE A COTE DE LA PETITE MOSQUEE","type":"mosquee","district_region":null,"departement_commune":null,"verifie":true,"name":"BOUTIQUE A COTE DE LA PETITE MOSQUEE","source":"Géoportail ANSTAT"}},{"type":"Feature","geometry":{"type":"Point","coordinates":[-4.802687999999932,5.186639000000071]},"properties":{"id":1651,"nom":"BOUTIQUE ADAM FACE A LA MOSQUEE","type":"mosquee","district_region":null,"departement_commune":null,"verifie":true,"name":"BOUTIQUE ADAM FACE A LA MOSQUEE","source":"Géoportail ANSTAT"}},{"type":"Feature","geometry":{"type":"Point","coordinates":[-3.915242999999975,8.620520000000056]},"properties":{"id":1652,"nom":"BOUTIQUE 2 DE LA MOSQUEE DE GANSE","type":"mosquee","district_region":null,"departement_commune":null,"verifie":true,"name":"BOUTIQUE 2 DE LA MOSQUEE DE GANSE","source":"Géoportail ANSTAT"}},{"type":"Feature","geometry":{"type":"Point","coordinates":[-3.203912999999943,7.132454000000052]},"properties":{"id":1656,"nom":"MOSQUEE DE VAGABON TERRAIN","type":"mosquee","district_region":null,"departement_commune":null,"verifie":true,"name":"MOSQUEE DE VAGABON TERRAIN","source":"Géoportail ANSTAT"}},{"type":"Feature","geometry":{"type":"Point","coordinates":[-7.006435999999951,6.247561000000076]},"properties":{"id":1657,"nom":"BOUTIQUE DE LA MOSQUE","type":"mosquee","district_region":null,"departement_commune":null,"verifie":true,"name":"BOUTIQUE DE LA MOSQUE","source":"Géoportail ANSTAT"}},{"type":"Feature","geometry":{"type":"Point","coordinates":[-4.377821999999981,5.326056000000051]},"properties":{"id":1658,"nom":"BOUTIQUE DE LA MOSQUEE","type":"mosquee","district_region":null,"departement_commune":null,"verifie":true,"name":"BOUTIQUE DE LA MOSQUEE","source":"Géoportail ANSTAT"}},{"type":"Feature","geometry":{"type":"Point","coordinates":[-6.439249999999959,6.851910000000032]},"properties":{"id":1659,"nom":"BOUTIQUE DE LA MOSQUEE QUARTIER MANIOC","type":"mosquee","district_region":null,"departement_commune":null,"verifie":true,"name":"BOUTIQUE DE LA MOSQUEE QUARTIER MANIOC","source":"Géoportail ANSTAT"}},{"type":"Feature","geometry":{"type":"Point","coordinates":[-4.425951999999938,8.366776000000073]},"properties":{"id":1668,"nom":"BOUTIQUE DE LA MOSQUE","type":"mosquee","district_region":null,"departement_commune":null,"verifie":true,"name":"BOUTIQUE DE LA MOSQUE","source":"Géoportail ANSTAT"}},{"type":"Feature","geometry":{"type":"Point","coordinates":[-6.918430999999941,5.135748000000035]},"properties":{"id":1669,"nom":"BOUTIQUE MOSQUEE","type":"mosquee","district_region":null,"departement_commune":null,"verifie":true,"name":"BOUTIQUE MOSQUEE","source":"Géoportail ANSTAT"}},{"type":"Feature","geometry":{"type":"Point","coordinates":[-5.95289299999996,6.46456900000004]},"properties":{"id":1670,"nom":"BOUTIQUE PRES DE LA GRANDE MOSQUEE","type":"mosquee","district_region":null,"departement_commune":null,"verifie":true,"name":"BOUTIQUE PRES DE LA GRANDE MOSQUEE","source":"Géoportail ANSTAT"}},{"type":"Feature","geometry":{"type":"Point","coordinates":[-5.04712399999994,7.705497000000037]},"properties":{"id":1671,"nom":"BOUTIQUE MOSQUEE","type":"mosquee","district_region":null,"departement_commune":null,"verifie":true,"name":"BOUTIQUE MOSQUEE","source":"Géoportail ANSTAT"}},{"type":"Feature","geometry":{"type":"Point","coordinates":[-5.107568999999955,8.13241800000003]},"properties":{"id":1675,"nom":"BOUTIQUE MOSQUEE COULIBALY","type":"mosquee","district_region":null,"departement_commune":null,"verifie":true,"name":"BOUTIQUE MOSQUEE COULIBALY","source":"Géoportail ANSTAT"}},{"type":"Feature","geometry":{"type":"Point","coordinates":[-5.463250999999957,6.817125000000033]},"properties":{"id":1677,"nom":"MOSQUE DE WADJAKRO","type":"mosquee","district_region":null,"departement_commune":null,"verifie":true,"name":"MOSQUE DE WADJAKRO","source":"Géoportail ANSTAT"}},{"type":"Feature","geometry":{"type":"Point","coordinates":[-7.059064999999975,4.851364000000046]},"properties":{"id":1737,"nom":"MOSQUEE TERRAIN","type":"mosquee","district_region":null,"departement_commune":null,"verifie":true,"name":"MOSQUEE TERRAIN","source":"Géoportail ANSTAT"}},{"type":"Feature","geometry":{"type":"Point","coordinates":[-5.39577799999995,6.78536500000007]},"properties":{"id":1742,"nom":"MOSQUEE LAMINEDOUGOU","type":"mosquee","district_region":null,"departement_commune":null,"verifie":true,"name":"MOSQUEE LAMINEDOUGOU","source":"Géoportail ANSTAT"}},{"type":"Feature","geometry":{"type":"Point","coordinates":[-6.53575799999993,5.257249000000058]},"properties":{"id":2159,"nom":"ECOLE CORANIQE DAIROUDE OULOU ET MOSQUE","type":"mosquee","district_region":null,"departement_commune":null,"verifie":true,"name":"ECOLE CORANIQE DAIROUDE OULOU ET MOSQUE","source":"Géoportail ANSTAT"}},{"type":"Feature","geometry":{"type":"Point","coordinates":[-3.330057999999951,5.475909000000058]},"properties":{"id":3393,"nom":"MOSQUEE ECOLE CORANIQUE","type":"mosquee","district_region":null,"departement_commune":null,"verifie":true,"name":"MOSQUEE ECOLE CORANIQUE","source":"Géoportail ANSTAT"}},{"type":"Feature","geometry":{"type":"Point","coordinates":[-7.312227999999948,9.538828000000024]},"properties":{"id":3398,"nom":"MOSQUEE DE L ECOLE CORANIQUE","type":"mosquee","district_region":null,"departement_commune":null,"verifie":true,"name":"MOSQUEE DE L ECOLE CORANIQUE","source":"Géoportail ANSTAT"}},{"type":"Feature","geometry":{"type":"Point","coordinates":[-5.488525999999979,7.000692000000072]},"properties":{"id":4285,"nom":"MOSQUEE KOSSOU","type":"mosquee","district_region":null,"departement_commune":null,"verifie":true,"name":"MOSQUEE KOSSOU","source":"Géoportail ANSTAT"}},{"type":"Feature","geometry":{"type":"Point","coordinates":[-5.463461999999936,6.908800000000042]},"properties":{"id":4334,"nom":"MOSQUEE DE YOBOUEKRO","type":"mosquee","district_region":null,"departement_commune":null,"verifie":true,"name":"MOSQUEE DE YOBOUEKRO","source":"Géoportail ANSTAT"}},{"type":"Feature","geometry":{"type":"Point","coordinates":[-5.378915999999947,6.954387000000054]},"properties":{"id":4348,"nom":"MOSQUEE","type":"mosquee","district_region":null,"departement_commune":null,"verifie":true,"name":"MOSQUEE","source":"Géoportail ANSTAT"}},{"type":"Feature","geometry":{"type":"Point","coordinates":[-6.756054999999947,6.52088800000007]},"properties":{"id":4354,"nom":"CORANIQUE DE LA MOSQUEE","type":"mosquee","district_region":null,"departement_commune":null,"verifie":true,"name":"CORANIQUE DE LA MOSQUEE","source":"Géoportail ANSTAT"}},{"type":"Feature","geometry":{"type":"Point","coordinates":[-5.265733999999952,6.804098000000067]},"properties":{"id":4358,"nom":"MOSQUEE BAHI","type":"mosquee","district_region":null,"departement_commune":null,"verifie":true,"name":"MOSQUEE BAHI","source":"Géoportail ANSTAT"}},{"type":"Feature","geometry":{"type":"Point","coordinates":[-7.326215999999931,5.519788000000062]},"properties":{"id":4424,"nom":"DE LA MOSQUEE","type":"mosquee","district_region":null,"departement_commune":null,"verifie":true,"name":"DE LA MOSQUEE","source":"Géoportail ANSTAT"}},{"type":"Feature","geometry":{"type":"Point","coordinates":[-6.397692999999947,6.979994000000033]},"properties":{"id":4441,"nom":"DE LA GRANDE MOSQUEE","type":"mosquee","district_region":null,"departement_commune":null,"verifie":true,"name":"DE LA GRANDE MOSQUEE","source":"Géoportail ANSTAT"}},{"type":"Feature","geometry":{"type":"Point","coordinates":[-7.46102899999994,8.553033000000028]},"properties":{"id":4463,"nom":"MOSQUEE ECOLE CORANIQUE","type":"mosquee","district_region":null,"departement_commune":null,"verifie":true,"name":"MOSQUEE ECOLE CORANIQUE","source":"Géoportail ANSTAT"}},{"type":"Feature","geometry":{"type":"Point","coordinates":[-5.493405999999936,6.922259000000054]},"properties":{"id":4464,"nom":"MOSQUEE DE TOUMBOKRO CARREFOUR","type":"mosquee","district_region":null,"departement_commune":null,"verifie":true,"name":"MOSQUEE DE TOUMBOKRO CARREFOUR","source":"Géoportail ANSTAT"}},{"type":"Feature","geometry":{"type":"Point","coordinates":[-7.209252999999933,7.358890000000031]},"properties":{"id":4465,"nom":"DEPOT DE PHARMACIE DE LA GRANDE MOSQUEE","type":"mosquee","district_region":null,"departement_commune":null,"verifie":true,"name":"DEPOT DE PHARMACIE DE LA GRANDE MOSQUEE","source":"Géoportail ANSTAT"}},{"type":"Feature","geometry":{"type":"Point","coordinates":[-7.794790999999975,9.706656000000066]},"properties":{"id":4467,"nom":"MOSQUEE ECOLE FRANCO ARABE","type":"mosquee","district_region":null,"departement_commune":null,"verifie":true,"name":"MOSQUEE ECOLE FRANCO ARABE","source":"Géoportail ANSTAT"}},{"type":"Feature","geometry":{"type":"Point","coordinates":[-5.32675699999993,7.003489000000059]},"properties":{"id":4471,"nom":"MOSQUEE DE KONGOUANOU","type":"mosquee","district_region":null,"departement_commune":null,"verifie":true,"name":"MOSQUEE DE KONGOUANOU","source":"Géoportail ANSTAT"}},{"type":"Feature","geometry":{"type":"Point","coordinates":[-6.934964999999977,4.751891000000057]},"properties":{"id":4473,"nom":"DEUXIEME MOSQUEE","type":"mosquee","district_region":null,"departement_commune":null,"verifie":true,"name":"DEUXIEME MOSQUEE","source":"Géoportail ANSTAT"}},{"type":"Feature","geometry":{"type":"Point","coordinates":[-5.57362999999998,9.307537000000025]},"properties":{"id":4492,"nom":"DEUXIEME MOSQUE","type":"mosquee","district_region":null,"departement_commune":null,"verifie":true,"name":"DEUXIEME MOSQUE","source":"Géoportail ANSTAT"}},{"type":"Feature","geometry":{"type":"Point","coordinates":[-3.42364299999997,5.602084000000048]},"properties":{"id":4493,"nom":"ECOLE CORANIQUE","type":"mosquee","district_region":null,"departement_commune":null,"verifie":true,"name":"ECOLE CORANIQUE","source":"Géoportail ANSTAT"}},{"type":"Feature","geometry":{"type":"Point","coordinates":[-2.976530999999966,5.657844000000068]},"properties":{"id":4497,"nom":"DEUXIEME MOSQUEE","type":"mosquee","district_region":null,"departement_commune":null,"verifie":true,"name":"DEUXIEME MOSQUEE","source":"Géoportail ANSTAT"}},{"type":"Feature","geometry":{"type":"Point","coordinates":[-8.120885999999928,6.841083000000026]},"properties":{"id":4521,"nom":"DEUXIEME MOSQUEE DE FLOLEU","type":"mosquee","district_region":null,"departement_commune":null,"verifie":true,"name":"DEUXIEME MOSQUEE DE FLOLEU","source":"Géoportail ANSTAT"}},{"type":"Feature","geometry":{"type":"Point","coordinates":[-5.137005999999928,6.922475000000077]},"properties":{"id":4820,"nom":"MOSQUEE MOSSIKRO","type":"mosquee","district_region":null,"departement_commune":null,"verifie":true,"name":"MOSQUEE MOSSIKRO","source":"Géoportail ANSTAT"}},{"type":"Feature","geometry":{"type":"Point","coordinates":[-5.137001999999939,6.922466000000043]},"properties":{"id":13784,"nom":"MOSQUEE MOSSIKRO","type":"mosquee","district_region":null,"departement_commune":null,"verifie":true,"name":"MOSQUEE MOSSIKRO","source":"Géoportail ANSTAT"}},{"type":"Feature","geometry":{"type":"Point","coordinates":[-5.63502699999998,9.481760000000063]},"properties":{"id":17988,"nom":"MOSQUE ET ECOLE CORANIQUE","type":"mosquee","district_region":null,"departement_commune":null,"verifie":true,"name":"MOSQUE ET ECOLE CORANIQUE","source":"Géoportail ANSTAT"}},{"type":"Feature","geometry":{"type":"Point","coordinates":[-3.843862999999942,5.230363000000068]},"properties":{"id":18021,"nom":"ENGINS CATEPILLAR PRES DE LA MOSQUEE","type":"mosquee","district_region":null,"departement_commune":null,"verifie":true,"name":"ENGINS CATEPILLAR PRES DE LA MOSQUEE","source":"Géoportail ANSTAT"}},{"type":"Feature","geometry":{"type":"Point","coordinates":[-7.20683699999995,7.362580000000037]},"properties":{"id":18022,"nom":"MOSQUEE DE L ECOLE  CORANNIQUE","type":"mosquee","district_region":null,"departement_commune":null,"verifie":true,"name":"MOSQUEE DE L ECOLE  CORANNIQUE","source":"Géoportail ANSTAT"}},{"type":"Feature","geometry":{"type":"Point","coordinates":[-5.26968299999993,6.774006000000043]},"properties":{"id":18023,"nom":"MOSQUEE MADJID BON MOUSSA","type":"mosquee","district_region":null,"departement_commune":null,"verifie":true,"name":"MOSQUEE MADJID BON MOUSSA","source":"Géoportail ANSTAT"}},{"type":"Feature","geometry":{"type":"Point","coordinates":[-3.289403999999934,6.847229000000027]},"properties":{"id":18251,"nom":"MOSQUEE ECOLE ISLAMOIQUE CARANIQUE","type":"mosquee","district_region":null,"departement_commune":null,"verifie":true,"name":"MOSQUEE ECOLE ISLAMOIQUE CARANIQUE","source":"Géoportail ANSTAT"}},{"type":"Feature","geometry":{"type":"Point","coordinates":[-5.269210999999927,6.791215000000022]},"properties":{"id":18255,"nom":"MOSQUEE YURUBA","type":"mosquee","district_region":null,"departement_commune":null,"verifie":true,"name":"MOSQUEE YURUBA","source":"Géoportail ANSTAT"}},{"type":"Feature","geometry":{"type":"Point","coordinates":[-4.379061999999976,5.325748000000033]},"properties":{"id":18264,"nom":"FERRONNIER DE LA MOSQUEE","type":"mosquee","district_region":null,"departement_commune":null,"verifie":true,"name":"FERRONNIER DE LA MOSQUEE","source":"Géoportail ANSTAT"}},{"type":"Feature","geometry":{"type":"Point","coordinates":[-3.201393999999937,7.143178000000034]},"properties":{"id":18681,"nom":"MOSQUEE DU QUARTIER LYCEE RESI","type":"mosquee","district_region":null,"departement_commune":null,"verifie":true,"name":"MOSQUEE DU QUARTIER LYCEE RESI","source":"Géoportail ANSTAT"}},{"type":"Feature","geometry":{"type":"Point","coordinates":[-6.419453999999973,5.842020000000048]},"properties":{"id":18758,"nom":"MOSQUEE ET ECOLE FRANCO ARABE","type":"mosquee","district_region":null,"departement_commune":null,"verifie":true,"name":"MOSQUEE ET ECOLE FRANCO ARABE","source":"Géoportail ANSTAT"}},{"type":"Feature","geometry":{"type":"Point","coordinates":[-3.565879999999936,5.380841000000032]},"properties":{"id":18856,"nom":"GARAGE MOTO PRES DE LA MOSQUEE","type":"mosquee","district_region":null,"departement_commune":null,"verifie":true,"name":"GARAGE MOTO PRES DE LA MOSQUEE","source":"Géoportail ANSTAT"}},{"type":"Feature","geometry":{"type":"Point","coordinates":[-6.65342499999997,4.777198000000055]},"properties":{"id":18857,"nom":"GRANDE MOSQUE DU MARCHE","type":"mosquee","district_region":null,"departement_commune":null,"verifie":true,"name":"GRANDE MOSQUE DU MARCHE","source":"Géoportail ANSTAT"}},{"type":"Feature","geometry":{"type":"Point","coordinates":[-6.533632999999952,5.256345000000067]},"properties":{"id":18858,"nom":"GRANDE MOSQUE","type":"mosquee","district_region":null,"departement_commune":null,"verifie":true,"name":"GRANDE MOSQUE","source":"Géoportail ANSTAT"}},{"type":"Feature","geometry":{"type":"Point","coordinates":[-6.559737999999925,4.931547000000023]},"properties":{"id":18859,"nom":"GRANDE MOSQUEE","type":"mosquee","district_region":null,"departement_commune":null,"verifie":true,"name":"GRANDE MOSQUEE","source":"Géoportail ANSTAT"}},{"type":"Feature","geometry":{"type":"Point","coordinates":[-6.560775999999976,5.017484000000024]},"properties":{"id":18860,"nom":"GRAND MOSQUE","type":"mosquee","district_region":null,"departement_commune":null,"verifie":true,"name":"GRAND MOSQUE","source":"Géoportail ANSTAT"}},{"type":"Feature","geometry":{"type":"Point","coordinates":[-7.470118999999954,4.716277000000048]},"properties":{"id":18861,"nom":"GRANDE MOSQUEE","type":"mosquee","district_region":null,"departement_commune":null,"verifie":true,"name":"GRANDE MOSQUEE","source":"Géoportail ANSTAT"}},{"type":"Feature","geometry":{"type":"Point","coordinates":[-7.459740999999951,5.049046000000033]},"properties":{"id":18862,"nom":"GRANDE MOSQUEE","type":"mosquee","district_region":null,"departement_commune":null,"verifie":true,"name":"GRANDE MOSQUEE","source":"Géoportail ANSTAT"}},{"type":"Feature","geometry":{"type":"Point","coordinates":[-7.32632499999994,5.525824000000057]},"properties":{"id":18863,"nom":"GRANDE MOSQUEE","type":"mosquee","district_region":null,"departement_commune":null,"verifie":true,"name":"GRANDE MOSQUEE","source":"Géoportail ANSTAT"}},{"type":"Feature","geometry":{"type":"Point","coordinates":[-7.285233999999946,5.368139000000042]},"properties":{"id":18865,"nom":"GRANDE MOSQUE DE DJOUROUTOU VILLAGE","type":"mosquee","district_region":null,"departement_commune":null,"verifie":true,"name":"GRANDE MOSQUE DE DJOUROUTOU VILLAGE","source":"Géoportail ANSTAT"}},{"type":"Feature","geometry":{"type":"Point","coordinates":[-6.209680999999932,9.335925000000032]},"properties":{"id":18866,"nom":"GRAND MOSQUE DE NAFOUN","type":"mosquee","district_region":null,"departement_commune":null,"verifie":true,"name":"GRAND MOSQUE DE NAFOUN","source":"Géoportail ANSTAT"}},{"type":"Feature","geometry":{"type":"Point","coordinates":[-5.572469999999953,9.55586900000003]},"properties":{"id":18867,"nom":"GRANDE MOSQUE DU VILLAGE","type":"mosquee","district_region":null,"departement_commune":null,"verifie":true,"name":"GRANDE MOSQUE DU VILLAGE","source":"Géoportail ANSTAT"}},{"type":"Feature","geometry":{"type":"Point","coordinates":[-5.639112999999952,9.460236000000066]},"properties":{"id":18868,"nom":"GRANDE MOSQUE DE KORHOGO","type":"mosquee","district_region":null,"departement_commune":null,"verifie":true,"name":"GRANDE MOSQUE DE KORHOGO","source":"Géoportail ANSTAT"}},{"type":"Feature","geometry":{"type":"Point","coordinates":[-6.725054999999941,5.813538000000051]},"properties":{"id":18869,"nom":"GRANDE MOSQUEE","type":"mosquee","district_region":null,"departement_commune":null,"verifie":true,"name":"GRANDE MOSQUEE","source":"Géoportail ANSTAT"}},{"type":"Feature","geometry":{"type":"Point","coordinates":[-6.627187999999933,5.634604000000024]},"properties":{"id":18870,"nom":"GRANDE MOSQUEE","type":"mosquee","district_region":null,"departement_commune":null,"verifie":true,"name":"GRANDE MOSQUEE","source":"Géoportail ANSTAT"}},{"type":"Feature","geometry":{"type":"Point","coordinates":[-6.592204999999979,5.565337000000056]},"properties":{"id":18871,"nom":"GRANDE MOSQUE","type":"mosquee","district_region":null,"departement_commune":null,"verifie":true,"name":"GRANDE MOSQUE","source":"Géoportail ANSTAT"}},{"type":"Feature","geometry":{"type":"Point","coordinates":[-6.666362999999933,6.040720000000022]},"properties":{"id":18873,"nom":"GRAND MOSQUE","type":"mosquee","district_region":null,"departement_commune":null,"verifie":true,"name":"GRAND MOSQUE","source":"Géoportail ANSTAT"}},{"type":"Feature","geometry":{"type":"Point","coordinates":[-4.209348999999975,6.651380000000074]},"properties":{"id":18874,"nom":"GRANDE MOSQUEE","type":"mosquee","district_region":null,"departement_commune":null,"verifie":true,"name":"GRANDE MOSQUEE","source":"Géoportail ANSTAT"}},{"type":"Feature","geometry":{"type":"Point","coordinates":[-6.985385999999949,7.584875000000068]},"properties":{"id":18875,"nom":"GRANDE MOSQUEE","type":"mosquee","district_region":null,"departement_commune":null,"verifie":true,"name":"GRANDE MOSQUEE","source":"Géoportail ANSTAT"}},{"type":"Feature","geometry":{"type":"Point","coordinates":[-7.133970999999974,7.48736800000006]},"properties":{"id":18876,"nom":"GRAND MOSQUEE DE DOUAGUE 2","type":"mosquee","district_region":null,"departement_commune":null,"verifie":true,"name":"GRAND MOSQUEE DE DOUAGUE 2","source":"Géoportail ANSTAT"}},{"type":"Feature","geometry":{"type":"Point","coordinates":[-7.642867999999964,6.769758000000024]},"properties":{"id":18878,"nom":"GRAND MOSQUEE DE GOULEGUY","type":"mosquee","district_region":null,"departement_commune":null,"verifie":true,"name":"GRAND MOSQUEE DE GOULEGUY","source":"Géoportail ANSTAT"}},{"type":"Feature","geometry":{"type":"Point","coordinates":[-5.002982999999972,5.247089000000074]},"properties":{"id":18882,"nom":"GRAND MOSQUEE DE LAHOU","type":"mosquee","district_region":null,"departement_commune":null,"verifie":true,"name":"GRAND MOSQUEE DE LAHOU","source":"Géoportail ANSTAT"}},{"type":"Feature","geometry":{"type":"Point","coordinates":[-5.85280599999993,5.130640000000028]},"properties":{"id":18884,"nom":"GRANDE MOSQUEE","type":"mosquee","district_region":null,"departement_commune":null,"verifie":true,"name":"GRANDE MOSQUEE","source":"Géoportail ANSTAT"}},{"type":"Feature","geometry":{"type":"Point","coordinates":[-5.115707999999927,6.46670000000006]},"properties":{"id":18890,"nom":"GRAND MOSQUEE","type":"mosquee","district_region":null,"departement_commune":null,"verifie":true,"name":"GRAND MOSQUEE","source":"Géoportail ANSTAT"}},{"type":"Feature","geometry":{"type":"Point","coordinates":[-2.933263999999951,8.155857000000026]},"properties":{"id":18893,"nom":"GRAND MOSQUEE DE KENDI BA","type":"mosquee","district_region":null,"departement_commune":null,"verifie":true,"name":"GRAND MOSQUEE DE KENDI BA","source":"Géoportail ANSTAT"}},{"type":"Feature","geometry":{"type":"Point","coordinates":[-3.12676799999997,8.482645000000048]},"properties":{"id":18894,"nom":"GRAND MOSQUEE DE FLAKIEDOUGOU","type":"mosquee","district_region":null,"departement_commune":null,"verifie":true,"name":"GRAND MOSQUEE DE FLAKIEDOUGOU","source":"Géoportail ANSTAT"}},{"type":"Feature","geometry":{"type":"Point","coordinates":[-2.986543999999981,8.146833000000072]},"properties":{"id":18895,"nom":"GRANDE MOSQUEE","type":"mosquee","district_region":null,"departement_commune":null,"verifie":true,"name":"GRANDE MOSQUEE","source":"Géoportail ANSTAT"}},{"type":"Feature","geometry":{"type":"Point","coordinates":[-3.071850999999981,7.99048300000004]},"properties":{"id":18896,"nom":"GRANDE MOSQUEE","type":"mosquee","district_region":null,"departement_commune":null,"verifie":true,"name":"GRANDE MOSQUEE","source":"Géoportail ANSTAT"}},{"type":"Feature","geometry":{"type":"Point","coordinates":[-3.064546999999948,7.216873000000021]},"properties":{"id":18897,"nom":"GRANDE MOSQUEE","type":"mosquee","district_region":null,"departement_commune":null,"verifie":true,"name":"GRANDE MOSQUEE","source":"Géoportail ANSTAT"}},{"type":"Feature","geometry":{"type":"Point","coordinates":[-2.961111999999957,7.236701000000039]},"properties":{"id":18898,"nom":"GRANDE MOSQUEE","type":"mosquee","district_region":null,"departement_commune":null,"verifie":true,"name":"GRANDE MOSQUEE","source":"Géoportail ANSTAT"}},{"type":"Feature","geometry":{"type":"Point","coordinates":[-7.010634999999979,7.885486000000071]},"properties":{"id":18899,"nom":"GRAND MOSQUEE DE TALA","type":"mosquee","district_region":null,"departement_commune":null,"verifie":true,"name":"GRAND MOSQUEE DE TALA","source":"Géoportail ANSTAT"}},{"type":"Feature","geometry":{"type":"Point","coordinates":[-6.861400999999944,8.002241000000026]},"properties":{"id":18900,"nom":"GRANDE MOSQUEE","type":"mosquee","district_region":null,"departement_commune":null,"verifie":true,"name":"GRANDE MOSQUEE","source":"Géoportail ANSTAT"}},{"type":"Feature","geometry":{"type":"Point","coordinates":[-6.496642999999949,8.10093900000004]},"properties":{"id":18901,"nom":"GRANDE MOSQUEE","type":"mosquee","district_region":null,"departement_commune":null,"verifie":true,"name":"GRANDE MOSQUEE","source":"Géoportail ANSTAT"}},{"type":"Feature","geometry":{"type":"Point","coordinates":[-6.701767999999959,8.103191000000038]},"properties":{"id":18902,"nom":"GRANDE MOSQUE DE MONGBARA","type":"mosquee","district_region":null,"departement_commune":null,"verifie":true,"name":"GRANDE MOSQUE DE MONGBARA","source":"Géoportail ANSTAT"}},{"type":"Feature","geometry":{"type":"Point","coordinates":[-6.671365999999978,8.472653000000037]},"properties":{"id":18903,"nom":"GRANDE MOSQUEE","type":"mosquee","district_region":null,"departement_commune":null,"verifie":true,"name":"GRANDE MOSQUEE","source":"Géoportail ANSTAT"}},{"type":"Feature","geometry":{"type":"Point","coordinates":[-6.046540999999934,7.431401000000051]},"properties":{"id":18904,"nom":"GRANDE MOSQUEE","type":"mosquee","district_region":null,"departement_commune":null,"verifie":true,"name":"GRANDE MOSQUEE","source":"Géoportail ANSTAT"}},{"type":"Feature","geometry":{"type":"Point","coordinates":[-5.666313999999943,6.935662000000036]},"properties":{"id":18905,"nom":"GRAND MOSQUEE","type":"mosquee","district_region":null,"departement_commune":null,"verifie":true,"name":"GRAND MOSQUEE","source":"Géoportail ANSTAT"}},{"type":"Feature","geometry":{"type":"Point","coordinates":[-3.825647999999944,9.778347000000052]},"properties":{"id":18906,"nom":"GRANDE MOSQUE","type":"mosquee","district_region":null,"departement_commune":null,"verifie":true,"name":"GRANDE MOSQUE","source":"Géoportail ANSTAT"}},{"type":"Feature","geometry":{"type":"Point","coordinates":[-2.994515999999976,9.268670000000045]},"properties":{"id":18908,"nom":"GRAND MOSQUEE","type":"mosquee","district_region":null,"departement_commune":null,"verifie":true,"name":"GRAND MOSQUEE","source":"Géoportail ANSTAT"}},{"type":"Feature","geometry":{"type":"Point","coordinates":[-7.445074999999974,6.560372000000029]},"properties":{"id":18909,"nom":"GRANDE   MOSQUEE","type":"mosquee","district_region":null,"departement_commune":null,"verifie":true,"name":"GRANDE   MOSQUEE","source":"Géoportail ANSTAT"}},{"type":"Feature","geometry":{"type":"Point","coordinates":[-6.470316999999966,7.71586300000007]},"properties":{"id":18910,"nom":"GRANDE MOSQUE DE BOTIFLA","type":"mosquee","district_region":null,"departement_commune":null,"verifie":true,"name":"GRANDE MOSQUE DE BOTIFLA","source":"Géoportail ANSTAT"}},{"type":"Feature","geometry":{"type":"Point","coordinates":[-6.671403999999939,7.677184000000068]},"properties":{"id":18913,"nom":"GRANDE MOSQUE3","type":"mosquee","district_region":null,"departement_commune":null,"verifie":true,"name":"GRANDE MOSQUE3","source":"Géoportail ANSTAT"}},{"type":"Feature","geometry":{"type":"Point","coordinates":[-6.276264999999967,6.375932000000034]},"properties":{"id":18917,"nom":"GRANDE MOSQUEE","type":"mosquee","district_region":null,"departement_commune":null,"verifie":true,"name":"GRANDE MOSQUEE","source":"Géoportail ANSTAT"}},{"type":"Feature","geometry":{"type":"Point","coordinates":[-4.611139999999978,5.83242000000007]},"properties":{"id":18920,"nom":"GRANDE MOSQUEE","type":"mosquee","district_region":null,"departement_commune":null,"verifie":true,"name":"GRANDE MOSQUEE","source":"Géoportail ANSTAT"}},{"type":"Feature","geometry":{"type":"Point","coordinates":[-4.442462999999975,5.577761000000066]},"properties":{"id":18922,"nom":"GRANDE MOSQUEE","type":"mosquee","district_region":null,"departement_commune":null,"verifie":true,"name":"GRANDE MOSQUEE","source":"Géoportail ANSTAT"}},{"type":"Feature","geometry":{"type":"Point","coordinates":[-4.458451999999966,5.952703000000042]},"properties":{"id":18923,"nom":"GRANDE  MOSQUE D OFFOMPO","type":"mosquee","district_region":null,"departement_commune":null,"verifie":true,"name":"GRANDE  MOSQUE D OFFOMPO","source":"Géoportail ANSTAT"}},{"type":"Feature","geometry":{"type":"Point","coordinates":[-4.225234999999941,5.945576000000074]},"properties":{"id":18924,"nom":"GRANDE MOSQUE DE SOKOURA","type":"mosquee","district_region":null,"departement_commune":null,"verifie":true,"name":"GRANDE MOSQUE DE SOKOURA","source":"Géoportail ANSTAT"}},{"type":"Feature","geometry":{"type":"Point","coordinates":[-4.225449999999967,5.94564900000006]},"properties":{"id":18927,"nom":"GRANDE MOSQUE DE SOKOURA","type":"mosquee","district_region":null,"departement_commune":null,"verifie":true,"name":"GRANDE MOSQUE DE SOKOURA","source":"Géoportail ANSTAT"}},{"type":"Feature","geometry":{"type":"Point","coordinates":[-5.613408999999933,5.691112000000032]},"properties":{"id":18928,"nom":"GLANDE MOSQUEE","type":"mosquee","district_region":null,"departement_commune":null,"verifie":true,"name":"GLANDE MOSQUEE","source":"Géoportail ANSTAT"}},{"type":"Feature","geometry":{"type":"Point","coordinates":[-5.350295999999958,5.299528000000066]},"properties":{"id":18929,"nom":"GRA DE MOSQUEE DE DE DOUGODOU","type":"mosquee","district_region":null,"departement_commune":null,"verifie":true,"name":"GRA DE MOSQUEE DE DE DOUGODOU","source":"Géoportail ANSTAT"}},{"type":"Feature","geometry":{"type":"Point","coordinates":[-7.786930999999981,10.16218900000007]},"properties":{"id":18930,"nom":"GRAND3 MOSQUEE DE KENINGOURA","type":"mosquee","district_region":null,"departement_commune":null,"verifie":true,"name":"GRAND3 MOSQUEE DE KENINGOURA","source":"Géoportail ANSTAT"}},{"type":"Feature","geometry":{"type":"Point","coordinates":[-3.610964999999965,6.890910000000076]},"properties":{"id":18931,"nom":"GRANDE MOSQUEE","type":"mosquee","district_region":null,"departement_commune":null,"verifie":true,"name":"GRANDE MOSQUEE","source":"Géoportail ANSTAT"}},{"type":"Feature","geometry":{"type":"Point","coordinates":[-3.745062999999959,6.96271500000006]},"properties":{"id":18932,"nom":"GRANDE MOSQUEE","type":"mosquee","district_region":null,"departement_commune":null,"verifie":true,"name":"GRANDE MOSQUEE","source":"Géoportail ANSTAT"}},{"type":"Feature","geometry":{"type":"Point","coordinates":[-3.284228999999925,6.859389000000021]},"properties":{"id":18935,"nom":"GRANDE MOSQUEE","type":"mosquee","district_region":null,"departement_commune":null,"verifie":true,"name":"GRANDE MOSQUEE","source":"Géoportail ANSTAT"}},{"type":"Feature","geometry":{"type":"Point","coordinates":[-3.395584999999926,5.589184000000046]},"properties":{"id":18936,"nom":"GRANDE MOSQUE DE BAMBADOUGOU","type":"mosquee","district_region":null,"departement_commune":null,"verifie":true,"name":"GRANDE MOSQUE DE BAMBADOUGOU","source":"Géoportail ANSTAT"}},{"type":"Feature","geometry":{"type":"Point","coordinates":[-3.377869999999973,5.29570700000005]},"properties":{"id":18937,"nom":"GRANDE MOSQUEE","type":"mosquee","district_region":null,"departement_commune":null,"verifie":true,"name":"GRANDE MOSQUEE","source":"Géoportail ANSTAT"}},{"type":"Feature","geometry":{"type":"Point","coordinates":[-3.434467999999924,5.299861000000021]},"properties":{"id":18938,"nom":"GRANDE MOSQUEE","type":"mosquee","district_region":null,"departement_commune":null,"verifie":true,"name":"GRANDE MOSQUEE","source":"Géoportail ANSTAT"}},{"type":"Feature","geometry":{"type":"Point","coordinates":[-3.378058999999951,5.406774000000041]},"properties":{"id":18939,"nom":"GRANDE MOSQUE DE AHIGBE KOFFIKRO","type":"mosquee","district_region":null,"departement_commune":null,"verifie":true,"name":"GRANDE MOSQUE DE AHIGBE KOFFIKRO","source":"Géoportail ANSTAT"}},{"type":"Feature","geometry":{"type":"Point","coordinates":[-3.40115499999996,5.393945000000031]},"properties":{"id":18940,"nom":"GRANDE MOSQUE DE N ZIKRO","type":"mosquee","district_region":null,"departement_commune":null,"verifie":true,"name":"GRANDE MOSQUE DE N ZIKRO","source":"Géoportail ANSTAT"}},{"type":"Feature","geometry":{"type":"Point","coordinates":[-3.17434099999997,5.879207000000065]},"properties":{"id":18942,"nom":"GRANDE   MOSQUEE","type":"mosquee","district_region":null,"departement_commune":null,"verifie":true,"name":"GRANDE   MOSQUEE","source":"Géoportail ANSTAT"}},{"type":"Feature","geometry":{"type":"Point","coordinates":[-7.553859999999929,7.41435800000005]},"properties":{"id":18943,"nom":"GRANDE MOSQUEE","type":"mosquee","district_region":null,"departement_commune":null,"verifie":true,"name":"GRANDE MOSQUEE","source":"Géoportail ANSTAT"}},{"type":"Feature","geometry":{"type":"Point","coordinates":[-7.416072999999926,7.535435000000064]},"properties":{"id":18944,"nom":"GRAND MOSQUEE DE GBONNE","type":"mosquee","district_region":null,"departement_commune":null,"verifie":true,"name":"GRAND MOSQUEE DE GBONNE","source":"Géoportail ANSTAT"}},{"type":"Feature","geometry":{"type":"Point","coordinates":[-8.21505499999995,6.920122000000049]},"properties":{"id":18945,"nom":"GRANDE MOSQUE DE MAKPANLEU","type":"mosquee","district_region":null,"departement_commune":null,"verifie":true,"name":"GRANDE MOSQUE DE MAKPANLEU","source":"Géoportail ANSTAT"}},{"type":"Feature","geometry":{"type":"Point","coordinates":[-4.242170999999928,7.666635000000042]},"properties":{"id":18946,"nom":"GRANDE MOSQUE","type":"mosquee","district_region":null,"departement_commune":null,"verifie":true,"name":"GRANDE MOSQUE","source":"Géoportail ANSTAT"}},{"type":"Feature","geometry":{"type":"Point","coordinates":[-4.348824999999977,7.832487000000071]},"properties":{"id":18948,"nom":"GRANDE MOSQUEE","type":"mosquee","district_region":null,"departement_commune":null,"verifie":true,"name":"GRANDE MOSQUEE","source":"Géoportail ANSTAT"}},{"type":"Feature","geometry":{"type":"Point","coordinates":[-4.013830999999925,7.301285000000064]},"properties":{"id":18950,"nom":"GRANDE MOSQUE","type":"mosquee","district_region":null,"departement_commune":null,"verifie":true,"name":"GRANDE MOSQUE","source":"Géoportail ANSTAT"}},{"type":"Feature","geometry":{"type":"Point","coordinates":[-4.149150999999961,8.921958000000075]},"properties":{"id":18951,"nom":"GRANDE MOSQUEE DE BILIMONO","type":"mosquee","district_region":null,"departement_commune":null,"verifie":true,"name":"GRANDE MOSQUEE DE BILIMONO","source":"Géoportail ANSTAT"}},{"type":"Feature","geometry":{"type":"Point","coordinates":[-6.478087999999957,4.848739000000023]},"properties":{"id":18952,"nom":"GRANDE MOSQUEE","type":"mosquee","district_region":null,"departement_commune":null,"verifie":true,"name":"GRANDE MOSQUEE","source":"Géoportail ANSTAT"}},{"type":"Feature","geometry":{"type":"Point","coordinates":[-6.777532999999949,4.934124000000054]},"properties":{"id":18953,"nom":"GRANDE MOSQUEE","type":"mosquee","district_region":null,"departement_commune":null,"verifie":true,"name":"GRANDE MOSQUEE","source":"Géoportail ANSTAT"}},{"type":"Feature","geometry":{"type":"Point","coordinates":[-6.813935999999956,4.725261000000046]},"properties":{"id":18954,"nom":"GRANDE MOSQUEE","type":"mosquee","district_region":null,"departement_commune":null,"verifie":true,"name":"GRANDE MOSQUEE","source":"Géoportail ANSTAT"}},{"type":"Feature","geometry":{"type":"Point","coordinates":[-6.528952999999944,5.295636000000059]},"properties":{"id":18955,"nom":"GRANDE MOSQUEE DE GNANKE","type":"mosquee","district_region":null,"departement_commune":null,"verifie":true,"name":"GRANDE MOSQUEE DE GNANKE","source":"Géoportail ANSTAT"}},{"type":"Feature","geometry":{"type":"Point","coordinates":[-6.701770999999951,5.202127000000075]},"properties":{"id":18957,"nom":"GRANDE MOSQUEE DE GLIBEUADJI","type":"mosquee","district_region":null,"departement_commune":null,"verifie":true,"name":"GRANDE MOSQUEE DE GLIBEUADJI","source":"Géoportail ANSTAT"}},{"type":"Feature","geometry":{"type":"Point","coordinates":[-6.821443999999929,5.290802000000042]},"properties":{"id":18960,"nom":"GRANDE MOSQUEE","type":"mosquee","district_region":null,"departement_commune":null,"verifie":true,"name":"GRANDE MOSQUEE","source":"Géoportail ANSTAT"}},{"type":"Feature","geometry":{"type":"Point","coordinates":[-7.524851999999953,4.913901000000067]},"properties":{"id":18962,"nom":"GRANDE MOSQUEE DE SOTO","type":"mosquee","district_region":null,"departement_commune":null,"verifie":true,"name":"GRANDE MOSQUEE DE SOTO","source":"Géoportail ANSTAT"}},{"type":"Feature","geometry":{"type":"Point","coordinates":[-7.283219999999972,5.365134000000069]},"properties":{"id":18963,"nom":"GRANDE MOSQUEE DE SOKOURA","type":"mosquee","district_region":null,"departement_commune":null,"verifie":true,"name":"GRANDE MOSQUEE DE SOKOURA","source":"Géoportail ANSTAT"}},{"type":"Feature","geometry":{"type":"Point","coordinates":[-6.348380999999961,4.909007000000031]},"properties":{"id":18964,"nom":"GRANDE MOSQUEE DE MOUSSADOUGOU","type":"mosquee","district_region":null,"departement_commune":null,"verifie":true,"name":"GRANDE MOSQUEE DE MOUSSADOUGOU","source":"Géoportail ANSTAT"}},{"type":"Feature","geometry":{"type":"Point","coordinates":[-6.017410999999981,9.23208900000003]},"properties":{"id":18965,"nom":"GRANDE MOSQUEE DE SAKPELE","type":"mosquee","district_region":null,"departement_commune":null,"verifie":true,"name":"GRANDE MOSQUEE DE SAKPELE","source":"Géoportail ANSTAT"}},{"type":"Feature","geometry":{"type":"Point","coordinates":[-5.946815999999956,9.277910000000077]},"properties":{"id":18966,"nom":"GRANDE MOSQUEE","type":"mosquee","district_region":null,"departement_commune":null,"verifie":true,"name":"GRANDE MOSQUEE","source":"Géoportail ANSTAT"}},{"type":"Feature","geometry":{"type":"Point","coordinates":[-5.944192999999927,10.23431500000004]},"properties":{"id":18967,"nom":"GRANDE MOSQUEE DE NGANDANA","type":"mosquee","district_region":null,"departement_commune":null,"verifie":true,"name":"GRANDE MOSQUEE DE NGANDANA","source":"Géoportail ANSTAT"}},{"type":"Feature","geometry":{"type":"Point","coordinates":[-5.655197999999928,9.481191000000024]},"properties":{"id":18968,"nom":"GRANDE MOSQUEE  SOBOUR DE COCODY","type":"mosquee","district_region":null,"departement_commune":null,"verifie":true,"name":"GRANDE MOSQUEE  SOBOUR DE COCODY","source":"Géoportail ANSTAT"}},{"type":"Feature","geometry":{"type":"Point","coordinates":[-5.655248999999969,9.602883000000077]},"properties":{"id":18969,"nom":"GRANDE MOSQUEE DE SOHOUO","type":"mosquee","district_region":null,"departement_commune":null,"verifie":true,"name":"GRANDE MOSQUEE DE SOHOUO","source":"Géoportail ANSTAT"}},{"type":"Feature","geometry":{"type":"Point","coordinates":[-6.09658799999994,9.275547000000074]},"properties":{"id":18970,"nom":"GRANDE MOSQUEE DE SIRASSO","type":"mosquee","district_region":null,"departement_commune":null,"verifie":true,"name":"GRANDE MOSQUEE DE SIRASSO","source":"Géoportail ANSTAT"}},{"type":"Feature","geometry":{"type":"Point","coordinates":[-5.901066999999955,10.00223800000003]},"properties":{"id":18971,"nom":"GRANDE MOSQUEMOSQUE  DE  M BENGUE","type":"mosquee","district_region":null,"departement_commune":null,"verifie":true,"name":"GRANDE MOSQUEMOSQUE  DE  M BENGUE","source":"Géoportail ANSTAT"}},{"type":"Feature","geometry":{"type":"Point","coordinates":[-5.420443999999975,9.545168000000048]},"properties":{"id":18972,"nom":"GRANDE MOSQUEE DE KATIERE","type":"mosquee","district_region":null,"departement_commune":null,"verifie":true,"name":"GRANDE MOSQUEE DE KATIERE","source":"Géoportail ANSTAT"}},{"type":"Feature","geometry":{"type":"Point","coordinates":[-5.379276999999945,9.584778000000028]},"properties":{"id":18973,"nom":"GRANDE MOSQUEE DE SINEMATIALY","type":"mosquee","district_region":null,"departement_commune":null,"verifie":true,"name":"GRANDE MOSQUEE DE SINEMATIALY","source":"Géoportail ANSTAT"}},{"type":"Feature","geometry":{"type":"Point","coordinates":[-6.834064999999953,6.01984600000003]},"properties":{"id":18974,"nom":"GRANDE MOSQUEE","type":"mosquee","district_region":null,"departement_commune":null,"verifie":true,"name":"GRANDE MOSQUEE","source":"Géoportail ANSTAT"}},{"type":"Feature","geometry":{"type":"Point","coordinates":[-6.800521999999944,5.929766000000029]},"properties":{"id":18975,"nom":"GRANDE MOSQUEE","type":"mosquee","district_region":null,"departement_commune":null,"verifie":true,"name":"GRANDE MOSQUEE","source":"Géoportail ANSTAT"}},{"type":"Feature","geometry":{"type":"Point","coordinates":[-6.820617999999968,5.856993000000045]},"properties":{"id":18976,"nom":"GRANDE MOSQUEE EN CONSTRUCTION","type":"mosquee","district_region":null,"departement_commune":null,"verifie":true,"name":"GRANDE MOSQUEE EN CONSTRUCTION","source":"Géoportail ANSTAT"}},{"type":"Feature","geometry":{"type":"Point","coordinates":[-6.784755999999959,5.804666000000054]},"properties":{"id":18977,"nom":"GRANDE MOSQUEE","type":"mosquee","district_region":null,"departement_commune":null,"verifie":true,"name":"GRANDE MOSQUEE","source":"Géoportail ANSTAT"}},{"type":"Feature","geometry":{"type":"Point","coordinates":[-6.881798999999944,5.704210000000046]},"properties":{"id":18978,"nom":"GRANDE MOSQUEE","type":"mosquee","district_region":null,"departement_commune":null,"verifie":true,"name":"GRANDE MOSQUEE","source":"Géoportail ANSTAT"}},{"type":"Feature","geometry":{"type":"Point","coordinates":[-6.809132999999974,5.718144000000052]},"properties":{"id":18979,"nom":"GRANDE MOSQUEE","type":"mosquee","district_region":null,"departement_commune":null,"verifie":true,"name":"GRANDE MOSQUEE","source":"Géoportail ANSTAT"}},{"type":"Feature","geometry":{"type":"Point","coordinates":[-6.818653999999981,5.679254000000071]},"properties":{"id":18980,"nom":"GRANDE MOSQUEE","type":"mosquee","district_region":null,"departement_commune":null,"verifie":true,"name":"GRANDE MOSQUEE","source":"Géoportail ANSTAT"}},{"type":"Feature","geometry":{"type":"Point","coordinates":[-6.82372399999997,5.688864000000024]},"properties":{"id":18981,"nom":"GRANDE MOSQUEE WAHABIT","type":"mosquee","district_region":null,"departement_commune":null,"verifie":true,"name":"GRANDE MOSQUEE WAHABIT","source":"Géoportail ANSTAT"}},{"type":"Feature","geometry":{"type":"Point","coordinates":[-6.823737999999935,5.688855000000046]},"properties":{"id":18982,"nom":"GRANDE MOSQUEE WAHABIT","type":"mosquee","district_region":null,"departement_commune":null,"verifie":true,"name":"GRANDE MOSQUEE WAHABIT","source":"Géoportail ANSTAT"}},{"type":"Feature","geometry":{"type":"Point","coordinates":[-6.726926999999932,5.73557900000003]},"properties":{"id":18983,"nom":"GRANDE MOSQUEE","type":"mosquee","district_region":null,"departement_commune":null,"verifie":true,"name":"GRANDE MOSQUEE","source":"Géoportail ANSTAT"}},{"type":"Feature","geometry":{"type":"Point","coordinates":[-6.874881999999957,5.614157000000034]},"properties":{"id":18984,"nom":"GRANDE MOSQUEE","type":"mosquee","district_region":null,"departement_commune":null,"verifie":true,"name":"GRANDE MOSQUEE","source":"Géoportail ANSTAT"}},{"type":"Feature","geometry":{"type":"Point","coordinates":[-6.754857999999956,5.579220000000021]},"properties":{"id":18985,"nom":"GRANDE MOSQUEE","type":"mosquee","district_region":null,"departement_commune":null,"verifie":true,"name":"GRANDE MOSQUEE","source":"Géoportail ANSTAT"}},{"type":"Feature","geometry":{"type":"Point","coordinates":[-6.681337999999926,5.44250900000003]},"properties":{"id":18986,"nom":"GRANDE MOSQUEE DE KRAGUI","type":"mosquee","district_region":null,"departement_commune":null,"verifie":true,"name":"GRANDE MOSQUEE DE KRAGUI","source":"Géoportail ANSTAT"}},{"type":"Feature","geometry":{"type":"Point","coordinates":[-6.633302999999955,5.436552000000063]},"properties":{"id":18989,"nom":"GRANDE MOSQUEE DE KRAGUI","type":"mosquee","district_region":null,"departement_commune":null,"verifie":true,"name":"GRANDE MOSQUEE DE KRAGUI","source":"Géoportail ANSTAT"}},{"type":"Feature","geometry":{"type":"Point","coordinates":[-6.525866999999948,5.353747000000055]},"properties":{"id":18991,"nom":"GRANDE MOSQUEE","type":"mosquee","district_region":null,"departement_commune":null,"verifie":true,"name":"GRANDE MOSQUEE","source":"Géoportail ANSTAT"}},{"type":"Feature","geometry":{"type":"Point","coordinates":[-6.553797999999972,5.406156000000067]},"properties":{"id":18992,"nom":"GRANDE MOSQUEE","type":"mosquee","district_region":null,"departement_commune":null,"verifie":true,"name":"GRANDE MOSQUEE","source":"Géoportail ANSTAT"}},{"type":"Feature","geometry":{"type":"Point","coordinates":[-6.553802999999959,5.406160000000057]},"properties":{"id":18993,"nom":"GRANDE MOSQUEE","type":"mosquee","district_region":null,"departement_commune":null,"verifie":true,"name":"GRANDE MOSQUEE","source":"Géoportail ANSTAT"}},{"type":"Feature","geometry":{"type":"Point","coordinates":[-6.58940999999993,5.861706000000027]},"properties":{"id":18994,"nom":"GRANDE MOSQUEE DE LOGBOAYO","type":"mosquee","district_region":null,"departement_commune":null,"verifie":true,"name":"GRANDE MOSQUEE DE LOGBOAYO","source":"Géoportail ANSTAT"}},{"type":"Feature","geometry":{"type":"Point","coordinates":[-6.588579999999979,5.86284100000006]},"properties":{"id":18995,"nom":"GRANDE MOSQUEE EN CONSTRUCTION","type":"mosquee","district_region":null,"departement_commune":null,"verifie":true,"name":"GRANDE MOSQUEE EN CONSTRUCTION","source":"Géoportail ANSTAT"}},{"type":"Feature","geometry":{"type":"Point","coordinates":[-6.598847999999975,5.941526000000067]},"properties":{"id":18996,"nom":"GRANDE MOSQUEE DU VILLAGE","type":"mosquee","district_region":null,"departement_commune":null,"verifie":true,"name":"GRANDE MOSQUEE DU VILLAGE","source":"Géoportail ANSTAT"}},{"type":"Feature","geometry":{"type":"Point","coordinates":[-6.620650999999953,5.765810000000045]},"properties":{"id":18997,"nom":"GRANDE MOSQUEE DE GALEA 1","type":"mosquee","district_region":null,"departement_commune":null,"verifie":true,"name":"GRANDE MOSQUEE DE GALEA 1","source":"Géoportail ANSTAT"}},{"type":"Feature","geometry":{"type":"Point","coordinates":[-6.63354499999997,5.815020000000061]},"properties":{"id":18998,"nom":"GRANDE MOSQUEE","type":"mosquee","district_region":null,"departement_commune":null,"verifie":true,"name":"GRANDE MOSQUEE","source":"Géoportail ANSTAT"}},{"type":"Feature","geometry":{"type":"Point","coordinates":[-6.494232999999952,6.133222000000046]},"properties":{"id":18999,"nom":"GRANDE MOSQUEE","type":"mosquee","district_region":null,"departement_commune":null,"verifie":true,"name":"GRANDE MOSQUEE","source":"Géoportail ANSTAT"}},{"type":"Feature","geometry":{"type":"Point","coordinates":[-6.532418999999948,6.174099000000069]},"properties":{"id":19000,"nom":"GRANDE MOSQUEE DE BAGOLIEOUA","type":"mosquee","district_region":null,"departement_commune":null,"verifie":true,"name":"GRANDE MOSQUEE DE BAGOLIEOUA","source":"Géoportail ANSTAT"}},{"type":"Feature","geometry":{"type":"Point","coordinates":[-6.624008999999944,6.154393000000027]},"properties":{"id":19001,"nom":"GRANDE MOSQUEE","type":"mosquee","district_region":null,"departement_commune":null,"verifie":true,"name":"GRANDE MOSQUEE","source":"Géoportail ANSTAT"}},{"type":"Feature","geometry":{"type":"Point","coordinates":[-6.663825999999972,6.173693000000071]},"properties":{"id":19003,"nom":"GRANDE MOSQUEE DE KOREGUHE","type":"mosquee","district_region":null,"departement_commune":null,"verifie":true,"name":"GRANDE MOSQUEE DE KOREGUHE","source":"Géoportail ANSTAT"}},{"type":"Feature","geometry":{"type":"Point","coordinates":[-7.007098999999926,6.247533000000033]},"properties":{"id":19004,"nom":"GRANDE MOSQUEE DE BUYO","type":"mosquee","district_region":null,"departement_commune":null,"verifie":true,"name":"GRANDE MOSQUEE DE BUYO","source":"Géoportail ANSTAT"}},{"type":"Feature","geometry":{"type":"Point","coordinates":[-6.172075999999947,5.694931000000054]},"properties":{"id":19005,"nom":"GRANDE MOSQUEE","type":"mosquee","district_region":null,"departement_commune":null,"verifie":true,"name":"GRANDE MOSQUEE","source":"Géoportail ANSTAT"}},{"type":"Feature","geometry":{"type":"Point","coordinates":[-6.586735999999974,5.782849000000056]},"properties":{"id":19007,"nom":"GRANDE MOSQUEE","type":"mosquee","district_region":null,"departement_commune":null,"verifie":true,"name":"GRANDE MOSQUEE","source":"Géoportail ANSTAT"}},{"type":"Feature","geometry":{"type":"Point","coordinates":[-4.285773999999947,6.357984000000044]},"properties":{"id":19010,"nom":"GRANDE MOSQUEE DE TIEKOU CARREFOUR","type":"mosquee","district_region":null,"departement_commune":null,"verifie":true,"name":"GRANDE MOSQUEE DE TIEKOU CARREFOUR","source":"Géoportail ANSTAT"}},{"type":"Feature","geometry":{"type":"Point","coordinates":[-4.35939499999995,6.472524000000021]},"properties":{"id":19011,"nom":"GRANDE MOSQUEE","type":"mosquee","district_region":null,"departement_commune":null,"verifie":true,"name":"GRANDE MOSQUEE","source":"Géoportail ANSTAT"}},{"type":"Feature","geometry":{"type":"Point","coordinates":[-4.085217999999941,6.784364000000039]},"properties":{"id":19012,"nom":"GRANDE MOSQUEE DE ANDE","type":"mosquee","district_region":null,"departement_commune":null,"verifie":true,"name":"GRANDE MOSQUEE DE ANDE","source":"Géoportail ANSTAT"}},{"type":"Feature","geometry":{"type":"Point","coordinates":[-4.354081999999948,6.496437000000071]},"properties":{"id":19015,"nom":"GRANDE MOSQUEE DAHOUNAN","type":"mosquee","district_region":null,"departement_commune":null,"verifie":true,"name":"GRANDE MOSQUEE DAHOUNAN","source":"Géoportail ANSTAT"}},{"type":"Feature","geometry":{"type":"Point","coordinates":[-3.972308999999939,6.675205000000062]},"properties":{"id":19016,"nom":"GRANDE MOSQUEE DE ARRAH","type":"mosquee","district_region":null,"departement_commune":null,"verifie":true,"name":"GRANDE MOSQUEE DE ARRAH","source":"Géoportail ANSTAT"}},{"type":"Feature","geometry":{"type":"Point","coordinates":[-4.105673999999965,6.702702000000045]},"properties":{"id":19017,"nom":"GRANDE MOSQUEE DE N ZANFOUENOU","type":"mosquee","district_region":null,"departement_commune":null,"verifie":true,"name":"GRANDE MOSQUEE DE N ZANFOUENOU","source":"Géoportail ANSTAT"}},{"type":"Feature","geometry":{"type":"Point","coordinates":[-7.234133999999926,7.256858000000022]},"properties":{"id":19018,"nom":"GRANDE MOSQUEE EE KOUIBLY","type":"mosquee","district_region":null,"departement_commune":null,"verifie":true,"name":"GRANDE MOSQUEE EE KOUIBLY","source":"Géoportail ANSTAT"}},{"type":"Feature","geometry":{"type":"Point","coordinates":[-7.591754999999978,6.900013000000058]},"properties":{"id":19019,"nom":"GRANDE MOSQUEE","type":"mosquee","district_region":null,"departement_commune":null,"verifie":true,"name":"GRANDE MOSQUEE","source":"Géoportail ANSTAT"}},{"type":"Feature","geometry":{"type":"Point","coordinates":[-7.707695999999942,6.862266000000034]},"properties":{"id":19020,"nom":"GRANDE MOSQUEE","type":"mosquee","district_region":null,"departement_commune":null,"verifie":true,"name":"GRANDE MOSQUEE","source":"Géoportail ANSTAT"}},{"type":"Feature","geometry":{"type":"Point","coordinates":[-7.48689799999994,7.011651000000029]},"properties":{"id":19022,"nom":"GRANDE MOSQUEE DE DIOULABOUGOU","type":"mosquee","district_region":null,"departement_commune":null,"verifie":true,"name":"GRANDE MOSQUEE DE DIOULABOUGOU","source":"Géoportail ANSTAT"}},{"type":"Feature","geometry":{"type":"Point","coordinates":[-7.179279999999949,7.132713000000024]},"properties":{"id":19024,"nom":"GRANDE MOSQUEE DE BLENIMEOUIN","type":"mosquee","district_region":null,"departement_commune":null,"verifie":true,"name":"GRANDE MOSQUEE DE BLENIMEOUIN","source":"Géoportail ANSTAT"}},{"type":"Feature","geometry":{"type":"Point","coordinates":[-7.346568999999931,6.746020000000044]},"properties":{"id":19026,"nom":"GRANDE MOSQUEE DE DUEKOUE","type":"mosquee","district_region":null,"departement_commune":null,"verifie":true,"name":"GRANDE MOSQUEE DE DUEKOUE","source":"Géoportail ANSTAT"}},{"type":"Feature","geometry":{"type":"Point","coordinates":[-4.877063999999962,5.632695000000069]},"properties":{"id":19027,"nom":"GRANDE MOSQUEE","type":"mosquee","district_region":null,"departement_commune":null,"verifie":true,"name":"GRANDE MOSQUEE","source":"Géoportail ANSTAT"}},{"type":"Feature","geometry":{"type":"Point","coordinates":[-4.859918999999934,5.510939000000064]},"properties":{"id":19031,"nom":"GRANDE MOSQUEE D AHOUANOU","type":"mosquee","district_region":null,"departement_commune":null,"verifie":true,"name":"GRANDE MOSQUEE D AHOUANOU","source":"Géoportail ANSTAT"}},{"type":"Feature","geometry":{"type":"Point","coordinates":[-4.87599199999994,5.308537000000058]},"properties":{"id":19032,"nom":"GRANDE MOSQUEE DU VILLAGE","type":"mosquee","district_region":null,"departement_commune":null,"verifie":true,"name":"GRANDE MOSQUEE DU VILLAGE","source":"Géoportail ANSTAT"}},{"type":"Feature","geometry":{"type":"Point","coordinates":[-5.410844999999938,5.215070000000026]},"properties":{"id":19033,"nom":"GRANDE MOSQUEE DE KROKROM","type":"mosquee","district_region":null,"departement_commune":null,"verifie":true,"name":"GRANDE MOSQUEE DE KROKROM","source":"Géoportail ANSTAT"}},{"type":"Feature","geometry":{"type":"Point","coordinates":[-5.45266799999996,5.183058000000074]},"properties":{"id":19039,"nom":"GRANDE MOSQUEE DE DOKPODON","type":"mosquee","district_region":null,"departement_commune":null,"verifie":true,"name":"GRANDE MOSQUEE DE DOKPODON","source":"Géoportail ANSTAT"}},{"type":"Feature","geometry":{"type":"Point","coordinates":[-5.002877999999953,5.247446000000025]},"properties":{"id":19041,"nom":"GRANDE MOSQUEE DE LAHOU","type":"mosquee","district_region":null,"departement_commune":null,"verifie":true,"name":"GRANDE MOSQUEE DE LAHOU","source":"Géoportail ANSTAT"}},{"type":"Feature","geometry":{"type":"Point","coordinates":[-4.384705999999937,5.321344000000067]},"properties":{"id":19043,"nom":"GRANDE MOSQUEE DE DABOU","type":"mosquee","district_region":null,"departement_commune":null,"verifie":true,"name":"GRANDE MOSQUEE DE DABOU","source":"Géoportail ANSTAT"}},{"type":"Feature","geometry":{"type":"Point","coordinates":[-5.985978999999929,5.910285000000044]},"properties":{"id":19044,"nom":"GRANDE MOSQUEE","type":"mosquee","district_region":null,"departement_commune":null,"verifie":true,"name":"GRANDE MOSQUEE","source":"Géoportail ANSTAT"}},{"type":"Feature","geometry":{"type":"Point","coordinates":[-6.120637999999929,5.899273000000051]},"properties":{"id":19045,"nom":"GRANDE MOSQUEE DE SERIHIO","type":"mosquee","district_region":null,"departement_commune":null,"verifie":true,"name":"GRANDE MOSQUEE DE SERIHIO","source":"Géoportail ANSTAT"}},{"type":"Feature","geometry":{"type":"Point","coordinates":[-6.149681999999927,5.924157000000037]},"properties":{"id":19047,"nom":"GRANDE MOSQUEE","type":"mosquee","district_region":null,"departement_commune":null,"verifie":true,"name":"GRANDE MOSQUEE","source":"Géoportail ANSTAT"}},{"type":"Feature","geometry":{"type":"Point","coordinates":[-5.949062999999967,6.131044000000031]},"properties":{"id":19048,"nom":"GRANDE MOSQUEE DE GAGNOA","type":"mosquee","district_region":null,"departement_commune":null,"verifie":true,"name":"GRANDE MOSQUEE DE GAGNOA","source":"Géoportail ANSTAT"}},{"type":"Feature","geometry":{"type":"Point","coordinates":[-6.22310699999997,6.021469000000025]},"properties":{"id":19049,"nom":"GRANDE MOSQUEE DE BAKARIDOUGOU","type":"mosquee","district_region":null,"departement_commune":null,"verifie":true,"name":"GRANDE MOSQUEE DE BAKARIDOUGOU","source":"Géoportail ANSTAT"}},{"type":"Feature","geometry":{"type":"Point","coordinates":[-6.226093999999932,5.966926000000058]},"properties":{"id":19050,"nom":"GRANDE MOSQUEE DE CHANTIER","type":"mosquee","district_region":null,"departement_commune":null,"verifie":true,"name":"GRANDE MOSQUEE DE CHANTIER","source":"Géoportail ANSTAT"}},{"type":"Feature","geometry":{"type":"Point","coordinates":[-6.337807999999939,6.271509000000037]},"properties":{"id":19051,"nom":"GRANDE MOSQUEE DE DRIBOUO","type":"mosquee","district_region":null,"departement_commune":null,"verifie":true,"name":"GRANDE MOSQUEE DE DRIBOUO","source":"Géoportail ANSTAT"}},{"type":"Feature","geometry":{"type":"Point","coordinates":[-6.357982999999933,6.235552000000041]},"properties":{"id":19052,"nom":"GRANDE MOSQUEE DE GAZAHIO","type":"mosquee","district_region":null,"departement_commune":null,"verifie":true,"name":"GRANDE MOSQUEE DE GAZAHIO","source":"Géoportail ANSTAT"}},{"type":"Feature","geometry":{"type":"Point","coordinates":[-5.373331999999948,6.308106000000066]},"properties":{"id":19057,"nom":"GRANDE MOSQUEE DE GABIA","type":"mosquee","district_region":null,"departement_commune":null,"verifie":true,"name":"GRANDE MOSQUEE DE GABIA","source":"Géoportail ANSTAT"}},{"type":"Feature","geometry":{"type":"Point","coordinates":[-5.705473999999981,6.473443000000032]},"properties":{"id":19060,"nom":"GRANDE MOSQUEE","type":"mosquee","district_region":null,"departement_commune":null,"verifie":true,"name":"GRANDE MOSQUEE","source":"Géoportail ANSTAT"}},{"type":"Feature","geometry":{"type":"Point","coordinates":[-6.352692999999931,5.209917000000075]},"properties":{"id":19061,"nom":"GRANDE MOSQUEE","type":"mosquee","district_region":null,"departement_commune":null,"verifie":true,"name":"GRANDE MOSQUEE","source":"Géoportail ANSTAT"}},{"type":"Feature","geometry":{"type":"Point","coordinates":[-6.068536999999935,5.240366000000051]},"properties":{"id":19062,"nom":"GRANDE MOSQUEE","type":"mosquee","district_region":null,"departement_commune":null,"verifie":true,"name":"GRANDE MOSQUEE","source":"Géoportail ANSTAT"}},{"type":"Feature","geometry":{"type":"Point","coordinates":[-5.917972999999961,5.265966000000049]},"properties":{"id":19063,"nom":"GRANDE MOSQUEE DE SAGO","type":"mosquee","district_region":null,"departement_commune":null,"verifie":true,"name":"GRANDE MOSQUEE DE SAGO","source":"Géoportail ANSTAT"}},{"type":"Feature","geometry":{"type":"Point","coordinates":[-5.785175999999979,5.185338000000058]},"properties":{"id":19065,"nom":"GRANDE MOSQUEE","type":"mosquee","district_region":null,"departement_commune":null,"verifie":true,"name":"GRANDE MOSQUEE","source":"Géoportail ANSTAT"}},{"type":"Feature","geometry":{"type":"Point","coordinates":[-5.534202999999934,5.282933000000071]},"properties":{"id":19067,"nom":"GRANDE MOSQUEE DE DAHIRI","type":"mosquee","district_region":null,"departement_commune":null,"verifie":true,"name":"GRANDE MOSQUEE DE DAHIRI","source":"Géoportail ANSTAT"}},{"type":"Feature","geometry":{"type":"Point","coordinates":[-5.650173999999936,5.528792000000067]},"properties":{"id":19068,"nom":"GRANDE MOSQUEE","type":"mosquee","district_region":null,"departement_commune":null,"verifie":true,"name":"GRANDE MOSQUEE","source":"Géoportail ANSTAT"}},{"type":"Feature","geometry":{"type":"Point","coordinates":[-5.633097999999961,5.431203000000039]},"properties":{"id":19071,"nom":"GRANDE MOSQUEE DU VILLAGE","type":"mosquee","district_region":null,"departement_commune":null,"verifie":true,"name":"GRANDE MOSQUEE DU VILLAGE","source":"Géoportail ANSTAT"}},{"type":"Feature","geometry":{"type":"Point","coordinates":[-5.017873999999949,6.55952300000007]},"properties":{"id":19072,"nom":"GRANDE MOSQUEE DE TOUMODI","type":"mosquee","district_region":null,"departement_commune":null,"verifie":true,"name":"GRANDE MOSQUEE DE TOUMODI","source":"Géoportail ANSTAT"}},{"type":"Feature","geometry":{"type":"Point","coordinates":[-4.259971999999948,5.324380000000076]},"properties":{"id":19080,"nom":"GRANDE MOSQUEE MBRATHE","type":"mosquee","district_region":null,"departement_commune":null,"verifie":true,"name":"GRANDE MOSQUEE MBRATHE","source":"Géoportail ANSTAT"}},{"type":"Feature","geometry":{"type":"Point","coordinates":[-3.058145999999965,7.950649000000055]},"properties":{"id":19081,"nom":"GRANDE MOSQUEE DE HEREBO","type":"mosquee","district_region":null,"departement_commune":null,"verifie":true,"name":"GRANDE MOSQUEE DE HEREBO","source":"Géoportail ANSTAT"}},{"type":"Feature","geometry":{"type":"Point","coordinates":[-3.628075999999965,7.968583000000024]},"properties":{"id":19082,"nom":"GRANDE MOSQUEE DE KOUAKOUKANKRO","type":"mosquee","district_region":null,"departement_commune":null,"verifie":true,"name":"GRANDE MOSQUEE DE KOUAKOUKANKRO","source":"Géoportail ANSTAT"}},{"type":"Feature","geometry":{"type":"Point","coordinates":[-2.742130999999972,7.992408000000069]},"properties":{"id":19083,"nom":"GRANDE MOSQUEE DE SOKO","type":"mosquee","district_region":null,"departement_commune":null,"verifie":true,"name":"GRANDE MOSQUEE DE SOKO","source":"Géoportail ANSTAT"}},{"type":"Feature","geometry":{"type":"Point","coordinates":[-2.797183999999959,8.039357000000052]},"properties":{"id":19084,"nom":"GRANDE MOSQUEE KAMAYA","type":"mosquee","district_region":null,"departement_commune":null,"verifie":true,"name":"GRANDE MOSQUEE KAMAYA","source":"Géoportail ANSTAT"}},{"type":"Feature","geometry":{"type":"Point","coordinates":[-2.622032999999931,8.044725000000028]},"properties":{"id":19085,"nom":"GRANDE MOSQUEE DE BOROMBA","type":"mosquee","district_region":null,"departement_commune":null,"verifie":true,"name":"GRANDE MOSQUEE DE BOROMBA","source":"Géoportail ANSTAT"}},{"type":"Feature","geometry":{"type":"Point","coordinates":[-3.647484999999961,8.115579000000025]},"properties":{"id":19086,"nom":"GRANDE MOSQUEE","type":"mosquee","district_region":null,"departement_commune":null,"verifie":true,"name":"GRANDE MOSQUEE","source":"Géoportail ANSTAT"}},{"type":"Feature","geometry":{"type":"Point","coordinates":[-3.645230999999967,8.118885000000034]},"properties":{"id":19087,"nom":"GRANDE MOSQUEE DE SOKOURA","type":"mosquee","district_region":null,"departement_commune":null,"verifie":true,"name":"GRANDE MOSQUEE DE SOKOURA","source":"Géoportail ANSTAT"}},{"type":"Feature","geometry":{"type":"Point","coordinates":[-3.194749999999942,8.224122000000023]},"properties":{"id":19088,"nom":"GRANDE MOSQUEE DE BONDO","type":"mosquee","district_region":null,"departement_commune":null,"verifie":true,"name":"GRANDE MOSQUEE DE BONDO","source":"Géoportail ANSTAT"}},{"type":"Feature","geometry":{"type":"Point","coordinates":[-2.574545999999941,8.236267000000055]},"properties":{"id":19089,"nom":"GRANDE MOSQUEE DE TAMBI","type":"mosquee","district_region":null,"departement_commune":null,"verifie":true,"name":"GRANDE MOSQUEE DE TAMBI","source":"Géoportail ANSTAT"}},{"type":"Feature","geometry":{"type":"Point","coordinates":[-3.952194999999961,8.300414000000046]},"properties":{"id":19090,"nom":"GRANDE MOSQUEE DE AWAIKRO","type":"mosquee","district_region":null,"departement_commune":null,"verifie":true,"name":"GRANDE MOSQUEE DE AWAIKRO","source":"Géoportail ANSTAT"}},{"type":"Feature","geometry":{"type":"Point","coordinates":[-3.434100999999941,8.136659000000066]},"properties":{"id":19091,"nom":"GRANDE MOSQUEE DE TAOUDI","type":"mosquee","district_region":null,"departement_commune":null,"verifie":true,"name":"GRANDE MOSQUEE DE TAOUDI","source":"Géoportail ANSTAT"}},{"type":"Feature","geometry":{"type":"Point","coordinates":[-3.000013999999965,8.155063000000041]},"properties":{"id":19092,"nom":"GRANDE MOSQUEE DE SEPINGO","type":"mosquee","district_region":null,"departement_commune":null,"verifie":true,"name":"GRANDE MOSQUEE DE SEPINGO","source":"Géoportail ANSTAT"}},{"type":"Feature","geometry":{"type":"Point","coordinates":[-2.967245999999932,7.645039000000054]},"properties":{"id":19093,"nom":"GRANDE MOSQUEE DE YOMANKRO","type":"mosquee","district_region":null,"departement_commune":null,"verifie":true,"name":"GRANDE MOSQUEE DE YOMANKRO","source":"Géoportail ANSTAT"}},{"type":"Feature","geometry":{"type":"Point","coordinates":[-3.691529999999943,7.784020000000055]},"properties":{"id":19094,"nom":"GRANDE MOSQUEE","type":"mosquee","district_region":null,"departement_commune":null,"verifie":true,"name":"GRANDE MOSQUEE","source":"Géoportail ANSTAT"}},{"type":"Feature","geometry":{"type":"Point","coordinates":[-2.923480999999924,7.829508000000033]},"properties":{"id":19096,"nom":"GRANDE MOSQUEE DE YOMIAN","type":"mosquee","district_region":null,"departement_commune":null,"verifie":true,"name":"GRANDE MOSQUEE DE YOMIAN","source":"Géoportail ANSTAT"}},{"type":"Feature","geometry":{"type":"Point","coordinates":[-3.376054999999951,7.919188000000076]},"properties":{"id":19097,"nom":"GRANDE MOSQUEE DE GONDIA","type":"mosquee","district_region":null,"departement_commune":null,"verifie":true,"name":"GRANDE MOSQUEE DE GONDIA","source":"Géoportail ANSTAT"}},{"type":"Feature","geometry":{"type":"Point","coordinates":[-3.168617999999981,7.803768000000048]},"properties":{"id":19098,"nom":"GRANDE MOSQUEE DE TANDA","type":"mosquee","district_region":null,"departement_commune":null,"verifie":true,"name":"GRANDE MOSQUEE DE TANDA","source":"Géoportail ANSTAT"}},{"type":"Feature","geometry":{"type":"Point","coordinates":[-6.903994999999952,8.272065000000055]},"properties":{"id":19099,"nom":"GRANDE MOSQUEE DE WOROFLA","type":"mosquee","district_region":null,"departement_commune":null,"verifie":true,"name":"GRANDE MOSQUEE DE WOROFLA","source":"Géoportail ANSTAT"}},{"type":"Feature","geometry":{"type":"Point","coordinates":[-6.903761999999972,7.864527000000066]},"properties":{"id":19100,"nom":"GRANDE MOSQUEE DE DASSO 2","type":"mosquee","district_region":null,"departement_commune":null,"verifie":true,"name":"GRANDE MOSQUEE DE DASSO 2","source":"Géoportail ANSTAT"}},{"type":"Feature","geometry":{"type":"Point","coordinates":[-6.926703999999972,7.981365000000039]},"properties":{"id":19101,"nom":"GRANDE MOSQUEE DE SIFIE","type":"mosquee","district_region":null,"departement_commune":null,"verifie":true,"name":"GRANDE MOSQUEE DE SIFIE","source":"Géoportail ANSTAT"}},{"type":"Feature","geometry":{"type":"Point","coordinates":[-7.019112999999948,7.855827000000033]},"properties":{"id":19102,"nom":"GRANDE MOSQUEE DE KAMALO","type":"mosquee","district_region":null,"departement_commune":null,"verifie":true,"name":"GRANDE MOSQUEE DE KAMALO","source":"Géoportail ANSTAT"}},{"type":"Feature","geometry":{"type":"Point","coordinates":[-6.551582999999937,8.161428000000058]},"properties":{"id":19103,"nom":"GRANDE MOSQUEE DE BOBI","type":"mosquee","district_region":null,"departement_commune":null,"verifie":true,"name":"GRANDE MOSQUEE DE BOBI","source":"Géoportail ANSTAT"}},{"type":"Feature","geometry":{"type":"Point","coordinates":[-6.59166799999997,7.852856000000031]},"properties":{"id":19104,"nom":"GRANDE MOSQUEE DE KENEGBE SUD","type":"mosquee","district_region":null,"departement_commune":null,"verifie":true,"name":"GRANDE MOSQUEE DE KENEGBE SUD","source":"Géoportail ANSTAT"}},{"type":"Feature","geometry":{"type":"Point","coordinates":[-6.609736999999939,8.186312000000044]},"properties":{"id":19105,"nom":"GRANDE MOSQUEE DE DIARABANA","type":"mosquee","district_region":null,"departement_commune":null,"verifie":true,"name":"GRANDE MOSQUEE DE DIARABANA","source":"Géoportail ANSTAT"}},{"type":"Feature","geometry":{"type":"Point","coordinates":[-6.650319999999965,7.822794000000044]},"properties":{"id":19106,"nom":"GRANDE MOSQUEE DE OUAHI","type":"mosquee","district_region":null,"departement_commune":null,"verifie":true,"name":"GRANDE MOSQUEE DE OUAHI","source":"Géoportail ANSTAT"}},{"type":"Feature","geometry":{"type":"Point","coordinates":[-6.505508999999961,8.205990000000043]},"properties":{"id":19107,"nom":"GRANDE MOSQUEE DE SANGANA","type":"mosquee","district_region":null,"departement_commune":null,"verifie":true,"name":"GRANDE MOSQUEE DE SANGANA","source":"Géoportail ANSTAT"}},{"type":"Feature","geometry":{"type":"Point","coordinates":[-6.598467999999968,8.79241200000007]},"properties":{"id":19108,"nom":"GRANDE MOSQUEE DE BAFRITOU","type":"mosquee","district_region":null,"departement_commune":null,"verifie":true,"name":"GRANDE MOSQUEE DE BAFRITOU","source":"Géoportail ANSTAT"}},{"type":"Feature","geometry":{"type":"Point","coordinates":[-6.684018999999978,8.845827000000043]},"properties":{"id":19109,"nom":"GRANDE MOSQUEE DE LIPARA","type":"mosquee","district_region":null,"departement_commune":null,"verifie":true,"name":"GRANDE MOSQUEE DE LIPARA","source":"Géoportail ANSTAT"}},{"type":"Feature","geometry":{"type":"Point","coordinates":[-6.785902999999962,8.951343000000065]},"properties":{"id":19110,"nom":"GRANDE MOSQUEE DE MORONDO","type":"mosquee","district_region":null,"departement_commune":null,"verifie":true,"name":"GRANDE MOSQUEE DE MORONDO","source":"Géoportail ANSTAT"}},{"type":"Feature","geometry":{"type":"Point","coordinates":[-6.615908999999931,8.666203000000053]},"properties":{"id":19111,"nom":"GRANDE MOSQUEE DU VILLAGE","type":"mosquee","district_region":null,"departement_commune":null,"verifie":true,"name":"GRANDE MOSQUEE DU VILLAGE","source":"Géoportail ANSTAT"}},{"type":"Feature","geometry":{"type":"Point","coordinates":[-6.60785599999997,8.479975000000024]},"properties":{"id":19112,"nom":"GRANDE MOSQUEE DE KANI","type":"mosquee","district_region":null,"departement_commune":null,"verifie":true,"name":"GRANDE MOSQUEE DE KANI","source":"Géoportail ANSTAT"}},{"type":"Feature","geometry":{"type":"Point","coordinates":[-6.540077999999937,8.124672000000032]},"properties":{"id":19113,"nom":"GRANDE MOSQUEE DE DUALLA","type":"mosquee","district_region":null,"departement_commune":null,"verifie":true,"name":"GRANDE MOSQUEE DE DUALLA","source":"Géoportail ANSTAT"}},{"type":"Feature","geometry":{"type":"Point","coordinates":[-6.957437999999968,8.687425000000076]},"properties":{"id":19114,"nom":"GRANDE MOSQUEE DE BOROBADOUGOU","type":"mosquee","district_region":null,"departement_commune":null,"verifie":true,"name":"GRANDE MOSQUEE DE BOROBADOUGOU","source":"Géoportail ANSTAT"}},{"type":"Feature","geometry":{"type":"Point","coordinates":[-6.66872799999993,7.959166000000039]},"properties":{"id":19115,"nom":"GRANDE MOSQUEE DE SEGUELA","type":"mosquee","district_region":null,"departement_commune":null,"verifie":true,"name":"GRANDE MOSQUEE DE SEGUELA","source":"Géoportail ANSTAT"}},{"type":"Feature","geometry":{"type":"Point","coordinates":[-5.605422999999973,6.653805000000034]},"properties":{"id":19116,"nom":"GRANDE MOSQUEE DE KONONFLA","type":"mosquee","district_region":null,"departement_commune":null,"verifie":true,"name":"GRANDE MOSQUEE DE KONONFLA","source":"Géoportail ANSTAT"}},{"type":"Feature","geometry":{"type":"Point","coordinates":[-5.798134999999945,6.964758000000074]},"properties":{"id":19117,"nom":"GRANDE MOSQUEE YAOKRO","type":"mosquee","district_region":null,"departement_commune":null,"verifie":true,"name":"GRANDE MOSQUEE YAOKRO","source":"Géoportail ANSTAT"}},{"type":"Feature","geometry":{"type":"Point","coordinates":[-5.807553999999925,6.95978400000007]},"properties":{"id":19119,"nom":"GRANDE MOSQUEE DE GARANGO","type":"mosquee","district_region":null,"departement_commune":null,"verifie":true,"name":"GRANDE MOSQUEE DE GARANGO","source":"Géoportail ANSTAT"}},{"type":"Feature","geometry":{"type":"Point","coordinates":[-5.799921999999981,6.56444300000004]},"properties":{"id":19120,"nom":"GRANDE MOSQUEE","type":"mosquee","district_region":null,"departement_commune":null,"verifie":true,"name":"GRANDE MOSQUEE","source":"Géoportail ANSTAT"}},{"type":"Feature","geometry":{"type":"Point","coordinates":[-6.109864999999957,6.745273000000054]},"properties":{"id":19121,"nom":"GRANDE MOSQUEE DE GANOUFLA","type":"mosquee","district_region":null,"departement_commune":null,"verifie":true,"name":"GRANDE MOSQUEE DE GANOUFLA","source":"Géoportail ANSTAT"}},{"type":"Feature","geometry":{"type":"Point","coordinates":[-5.044043999999928,7.728595000000041]},"properties":{"id":19122,"nom":"GRANDE MOSQUEE DE TOLLA KOUADIOKRO","type":"mosquee","district_region":null,"departement_commune":null,"verifie":true,"name":"GRANDE MOSQUEE DE TOLLA KOUADIOKRO","source":"Géoportail ANSTAT"}},{"type":"Feature","geometry":{"type":"Point","coordinates":[-5.035266999999976,7.675026000000059]},"properties":{"id":19123,"nom":"GRANDE MOSQUEE COMMERCE","type":"mosquee","district_region":null,"departement_commune":null,"verifie":true,"name":"GRANDE MOSQUEE COMMERCE","source":"Géoportail ANSTAT"}},{"type":"Feature","geometry":{"type":"Point","coordinates":[-5.05814799999996,7.679185000000075]},"properties":{"id":19124,"nom":"GRANDE MOSQUEE D AHOUGNANSOU","type":"mosquee","district_region":null,"departement_commune":null,"verifie":true,"name":"GRANDE MOSQUEE D AHOUGNANSOU","source":"Géoportail ANSTAT"}},{"type":"Feature","geometry":{"type":"Point","coordinates":[-5.053004999999928,7.701148000000046]},"properties":{"id":19125,"nom":"GRANDE MOSQUEE DE LA ZONE","type":"mosquee","district_region":null,"departement_commune":null,"verifie":true,"name":"GRANDE MOSQUEE DE LA ZONE","source":"Géoportail ANSTAT"}},{"type":"Feature","geometry":{"type":"Point","coordinates":[-5.578775999999948,7.672195000000045]},"properties":{"id":19126,"nom":"GRANDE MOSQUEE DE BEOUMI","type":"mosquee","district_region":null,"departement_commune":null,"verifie":true,"name":"GRANDE MOSQUEE DE BEOUMI","source":"Géoportail ANSTAT"}},{"type":"Feature","geometry":{"type":"Point","coordinates":[-3.521640999999931,9.773243000000036]},"properties":{"id":19130,"nom":"GRANDE MOSQUEE","type":"mosquee","district_region":null,"departement_commune":null,"verifie":true,"name":"GRANDE MOSQUEE","source":"Géoportail ANSTAT"}},{"type":"Feature","geometry":{"type":"Point","coordinates":[-4.468731999999932,6.901095000000055]},"properties":{"id":19132,"nom":"GRANDE MOSQUEE","type":"mosquee","district_region":null,"departement_commune":null,"verifie":true,"name":"GRANDE MOSQUEE","source":"Géoportail ANSTAT"}},{"type":"Feature","geometry":{"type":"Point","coordinates":[-7.389084999999966,5.682737000000031]},"properties":{"id":19133,"nom":"GRANDE MOSQUEE DE SAKRE","type":"mosquee","district_region":null,"departement_commune":null,"verifie":true,"name":"GRANDE MOSQUEE DE SAKRE","source":"Géoportail ANSTAT"}},{"type":"Feature","geometry":{"type":"Point","coordinates":[-7.397695999999939,5.741283000000067]},"properties":{"id":19134,"nom":"GRANDE MOSQUEE DE TIEOLE OULA","type":"mosquee","district_region":null,"departement_commune":null,"verifie":true,"name":"GRANDE MOSQUEE DE TIEOLE OULA","source":"Géoportail ANSTAT"}},{"type":"Feature","geometry":{"type":"Point","coordinates":[-7.492674999999963,6.124784000000034]},"properties":{"id":19135,"nom":"GRANDE MOSQUEE DE TIENKOULA","type":"mosquee","district_region":null,"departement_commune":null,"verifie":true,"name":"GRANDE MOSQUEE DE TIENKOULA","source":"Géoportail ANSTAT"}},{"type":"Feature","geometry":{"type":"Point","coordinates":[-7.456089999999961,5.876819000000069]},"properties":{"id":19136,"nom":"GRANDE MOSQUEE DE TAI","type":"mosquee","district_region":null,"departement_commune":null,"verifie":true,"name":"GRANDE MOSQUEE DE TAI","source":"Géoportail ANSTAT"}},{"type":"Feature","geometry":{"type":"Point","coordinates":[-7.334776999999974,6.382257000000038]},"properties":{"id":19137,"nom":"GRANDE MOSQUEE DU VILLAGE","type":"mosquee","district_region":null,"departement_commune":null,"verifie":true,"name":"GRANDE MOSQUEE DU VILLAGE","source":"Géoportail ANSTAT"}},{"type":"Feature","geometry":{"type":"Point","coordinates":[-7.383553999999947,6.520545000000027]},"properties":{"id":19138,"nom":"GRANDE MOSQUEE","type":"mosquee","district_region":null,"departement_commune":null,"verifie":true,"name":"GRANDE MOSQUEE","source":"Géoportail ANSTAT"}},{"type":"Feature","geometry":{"type":"Point","coordinates":[-7.426527999999962,6.56495300000006]},"properties":{"id":19139,"nom":"GRANDE MOSQUEE DE GOYA 1","type":"mosquee","district_region":null,"departement_commune":null,"verifie":true,"name":"GRANDE MOSQUEE DE GOYA 1","source":"Géoportail ANSTAT"}},{"type":"Feature","geometry":{"type":"Point","coordinates":[-7.493225999999936,6.639303000000041]},"properties":{"id":19140,"nom":"GRANDE MOSQUEE DE GBLAPLEU","type":"mosquee","district_region":null,"departement_commune":null,"verifie":true,"name":"GRANDE MOSQUEE DE GBLAPLEU","source":"Géoportail ANSTAT"}},{"type":"Feature","geometry":{"type":"Point","coordinates":[-7.768267999999978,6.655973000000074]},"properties":{"id":19141,"nom":"GRANDE MOSQUEE DE SOKOURA","type":"mosquee","district_region":null,"departement_commune":null,"verifie":true,"name":"GRANDE MOSQUEE DE SOKOURA","source":"Géoportail ANSTAT"}},{"type":"Feature","geometry":{"type":"Point","coordinates":[-7.836112999999955,6.555931000000044]},"properties":{"id":19142,"nom":"GRANDE MOSQUEE DE ZEAGLO","type":"mosquee","district_region":null,"departement_commune":null,"verifie":true,"name":"GRANDE MOSQUEE DE ZEAGLO","source":"Géoportail ANSTAT"}},{"type":"Feature","geometry":{"type":"Point","coordinates":[-7.892526999999973,6.651546000000053]},"properties":{"id":19143,"nom":"GRANDE MOSQUEE","type":"mosquee","district_region":null,"departement_commune":null,"verifie":true,"name":"GRANDE MOSQUEE","source":"Géoportail ANSTAT"}},{"type":"Feature","geometry":{"type":"Point","coordinates":[-8.113357999999948,6.591434000000049]},"properties":{"id":19144,"nom":"GRANDE MOSQUEE DE DOKE","type":"mosquee","district_region":null,"departement_commune":null,"verifie":true,"name":"GRANDE MOSQUEE DE DOKE","source":"Géoportail ANSTAT"}},{"type":"Feature","geometry":{"type":"Point","coordinates":[-8.414409999999975,6.581786000000022]},"properties":{"id":19145,"nom":"GRANDE MOSQUEE DE TOULEPLEU","type":"mosquee","district_region":null,"departement_commune":null,"verifie":true,"name":"GRANDE MOSQUEE DE TOULEPLEU","source":"Géoportail ANSTAT"}},{"type":"Feature","geometry":{"type":"Point","coordinates":[-6.683646999999951,7.245612000000051]},"properties":{"id":19146,"nom":"GRANDE MOSQUEE DE GBOKLOSSO","type":"mosquee","district_region":null,"departement_commune":null,"verifie":true,"name":"GRANDE MOSQUEE DE GBOKLOSSO","source":"Géoportail ANSTAT"}},{"type":"Feature","geometry":{"type":"Point","coordinates":[-6.993213999999966,7.444180000000074]},"properties":{"id":19147,"nom":"GRANDE MOSQUEE DE VAOU","type":"mosquee","district_region":null,"departement_commune":null,"verifie":true,"name":"GRANDE MOSQUEE DE VAOU","source":"Géoportail ANSTAT"}},{"type":"Feature","geometry":{"type":"Point","coordinates":[-6.479476999999974,7.385010000000023]},"properties":{"id":19148,"nom":"GRANDE MOSQUEE DE VAVOUA","type":"mosquee","district_region":null,"departement_commune":null,"verifie":true,"name":"GRANDE MOSQUEE DE VAVOUA","source":"Géoportail ANSTAT"}},{"type":"Feature","geometry":{"type":"Point","coordinates":[-6.471536999999955,7.387219000000073]},"properties":{"id":19150,"nom":"GRANDE MOSQUEE DU QUATIER","type":"mosquee","district_region":null,"departement_commune":null,"verifie":true,"name":"GRANDE MOSQUEE DU QUATIER","source":"Géoportail ANSTAT"}},{"type":"Feature","geometry":{"type":"Point","coordinates":[-6.596595999999977,6.841302000000042]},"properties":{"id":19151,"nom":"GRANDE MOSQUEE DE LOBODIDIA","type":"mosquee","district_region":null,"departement_commune":null,"verifie":true,"name":"GRANDE MOSQUEE DE LOBODIDIA","source":"Géoportail ANSTAT"}},{"type":"Feature","geometry":{"type":"Point","coordinates":[-6.238895999999954,6.821216000000049]},"properties":{"id":19152,"nom":"GRANDE MOSQUEE DE BEBOUO SIBOUO","type":"mosquee","district_region":null,"departement_commune":null,"verifie":true,"name":"GRANDE MOSQUEE DE BEBOUO SIBOUO","source":"Géoportail ANSTAT"}},{"type":"Feature","geometry":{"type":"Point","coordinates":[-6.397695999999939,6.979700000000037]},"properties":{"id":19153,"nom":"GRANDE MOSQUEE DE NEMATOULAYE","type":"mosquee","district_region":null,"departement_commune":null,"verifie":true,"name":"GRANDE MOSQUEE DE NEMATOULAYE","source":"Géoportail ANSTAT"}},{"type":"Feature","geometry":{"type":"Point","coordinates":[-6.449653999999953,6.87373400000007]},"properties":{"id":19154,"nom":"GRANDE MOSQUEE DALOA","type":"mosquee","district_region":null,"departement_commune":null,"verifie":true,"name":"GRANDE MOSQUEE DALOA","source":"Géoportail ANSTAT"}},{"type":"Feature","geometry":{"type":"Point","coordinates":[-6.342527999999959,6.640293000000042]},"properties":{"id":19155,"nom":"GRANDE MOSQUEE DAHIRA","type":"mosquee","district_region":null,"departement_commune":null,"verifie":true,"name":"GRANDE MOSQUEE DAHIRA","source":"Géoportail ANSTAT"}},{"type":"Feature","geometry":{"type":"Point","coordinates":[-6.869715999999926,6.622043000000076]},"properties":{"id":19156,"nom":"GRANDE MOSQUEE DE DANGBE","type":"mosquee","district_region":null,"departement_commune":null,"verifie":true,"name":"GRANDE MOSQUEE DE DANGBE","source":"Géoportail ANSTAT"}},{"type":"Feature","geometry":{"type":"Point","coordinates":[-6.587177999999938,6.49515800000006]},"properties":{"id":19157,"nom":"GRANDE MOSQUEE D ISSIA","type":"mosquee","district_region":null,"departement_commune":null,"verifie":true,"name":"GRANDE MOSQUEE D ISSIA","source":"Géoportail ANSTAT"}},{"type":"Feature","geometry":{"type":"Point","coordinates":[-6.971443999999963,7.737996000000066]},"properties":{"id":19158,"nom":"GRANDE MOSQUEE DE SONIGBE","type":"mosquee","district_region":null,"departement_commune":null,"verifie":true,"name":"GRANDE MOSQUEE DE SONIGBE","source":"Géoportail ANSTAT"}},{"type":"Feature","geometry":{"type":"Point","coordinates":[-4.55161499999997,6.067547000000047]},"properties":{"id":19163,"nom":"GRANDE MOSQUEE  DE ATTIGUEHI","type":"mosquee","district_region":null,"departement_commune":null,"verifie":true,"name":"GRANDE MOSQUEE  DE ATTIGUEHI","source":"Géoportail ANSTAT"}},{"type":"Feature","geometry":{"type":"Point","coordinates":[-4.823905999999965,5.894743000000062]},"properties":{"id":19171,"nom":"GRANDE MOSQUEE","type":"mosquee","district_region":null,"departement_commune":null,"verifie":true,"name":"GRANDE MOSQUEE","source":"Géoportail ANSTAT"}},{"type":"Feature","geometry":{"type":"Point","coordinates":[-7.681321999999966,8.281940000000077]},"properties":{"id":19172,"nom":"GRANDE MOSQUEE DE DOUGOUBA","type":"mosquee","district_region":null,"departement_commune":null,"verifie":true,"name":"GRANDE MOSQUEE DE DOUGOUBA","source":"Géoportail ANSTAT"}},{"type":"Feature","geometry":{"type":"Point","coordinates":[-7.463765999999964,8.555111000000068]},"properties":{"id":19173,"nom":"GRANDE MOSQUEE DE KORO","type":"mosquee","district_region":null,"departement_commune":null,"verifie":true,"name":"GRANDE MOSQUEE DE KORO","source":"Géoportail ANSTAT"}},{"type":"Feature","geometry":{"type":"Point","coordinates":[-7.494483999999943,8.737026000000071]},"properties":{"id":19174,"nom":"GRANDE MOSQUEE DE BOROTOU","type":"mosquee","district_region":null,"departement_commune":null,"verifie":true,"name":"GRANDE MOSQUEE DE BOROTOU","source":"Géoportail ANSTAT"}},{"type":"Feature","geometry":{"type":"Point","coordinates":[-7.790354999999977,8.875464000000022]},"properties":{"id":19175,"nom":"GRANDE MOSQUEE DE BOOKO","type":"mosquee","district_region":null,"departement_commune":null,"verifie":true,"name":"GRANDE MOSQUEE DE BOOKO","source":"Géoportail ANSTAT"}},{"type":"Feature","geometry":{"type":"Point","coordinates":[-5.58342099999993,6.098525000000052]},"properties":{"id":19187,"nom":"GRANDE MOSQUEE DE BRIHIRI","type":"mosquee","district_region":null,"departement_commune":null,"verifie":true,"name":"GRANDE MOSQUEE DE BRIHIRI","source":"Géoportail ANSTAT"}},{"type":"Feature","geometry":{"type":"Point","coordinates":[-5.232033999999942,5.308906000000036]},"properties":{"id":19190,"nom":"GRANDE MOSQUEE D ADAHIDOUGOU","type":"mosquee","district_region":null,"departement_commune":null,"verifie":true,"name":"GRANDE MOSQUEE D ADAHIDOUGOU","source":"Géoportail ANSTAT"}},{"type":"Feature","geometry":{"type":"Point","coordinates":[-5.514817999999934,5.52789400000006]},"properties":{"id":19191,"nom":"GRANDE MOSQUEE DE BROUDOUKOU PKENDA","type":"mosquee","district_region":null,"departement_commune":null,"verifie":true,"name":"GRANDE MOSQUEE DE BROUDOUKOU PKENDA","source":"Géoportail ANSTAT"}},{"type":"Feature","geometry":{"type":"Point","coordinates":[-5.369327999999939,5.578927000000022]},"properties":{"id":19192,"nom":"GRANDE MOSQUEE","type":"mosquee","district_region":null,"departement_commune":null,"verifie":true,"name":"GRANDE MOSQUEE","source":"Géoportail ANSTAT"}},{"type":"Feature","geometry":{"type":"Point","coordinates":[-5.251777999999945,5.58214300000003]},"properties":{"id":19194,"nom":"GRANDE MOSQUEE DE DIOLIGBY","type":"mosquee","district_region":null,"departement_commune":null,"verifie":true,"name":"GRANDE MOSQUEE DE DIOLIGBY","source":"Géoportail ANSTAT"}},{"type":"Feature","geometry":{"type":"Point","coordinates":[-5.237891999999931,5.620831000000067]},"properties":{"id":19195,"nom":"GRANDE MOSQUEE","type":"mosquee","district_region":null,"departement_commune":null,"verifie":true,"name":"GRANDE MOSQUEE","source":"Géoportail ANSTAT"}},{"type":"Feature","geometry":{"type":"Point","coordinates":[-5.473914999999977,5.659429000000046]},"properties":{"id":19204,"nom":"GRANDE MOSQUEE DE DAIRO DIDIZO","type":"mosquee","district_region":null,"departement_commune":null,"verifie":true,"name":"GRANDE MOSQUEE DE DAIRO DIDIZO","source":"Géoportail ANSTAT"}},{"type":"Feature","geometry":{"type":"Point","coordinates":[-5.201619999999934,5.902342000000033]},"properties":{"id":19205,"nom":"GRANDE MOSQUEE","type":"mosquee","district_region":null,"departement_commune":null,"verifie":true,"name":"GRANDE MOSQUEE","source":"Géoportail ANSTAT"}},{"type":"Feature","geometry":{"type":"Point","coordinates":[-5.325485999999955,5.935885000000042]},"properties":{"id":19210,"nom":"GRANDE MOSQUEE DE DATTA","type":"mosquee","district_region":null,"departement_commune":null,"verifie":true,"name":"GRANDE MOSQUEE DE DATTA","source":"Géoportail ANSTAT"}},{"type":"Feature","geometry":{"type":"Point","coordinates":[-5.543381999999951,5.563217000000066]},"properties":{"id":19212,"nom":"GRANDE MOSQUEE","type":"mosquee","district_region":null,"departement_commune":null,"verifie":true,"name":"GRANDE MOSQUEE","source":"Géoportail ANSTAT"}},{"type":"Feature","geometry":{"type":"Point","coordinates":[-5.161490999999955,5.282408000000032]},"properties":{"id":19213,"nom":"GRANDE MOSQUEE DE DOGUIDOUGOU","type":"mosquee","district_region":null,"departement_commune":null,"verifie":true,"name":"GRANDE MOSQUEE DE DOGUIDOUGOU","source":"Géoportail ANSTAT"}},{"type":"Feature","geometry":{"type":"Point","coordinates":[-5.639705999999933,5.762488000000076]},"properties":{"id":19214,"nom":"GRANDE MOSQUEE DE ZOKOLILIE","type":"mosquee","district_region":null,"departement_commune":null,"verifie":true,"name":"GRANDE MOSQUEE DE ZOKOLILIE","source":"Géoportail ANSTAT"}},{"type":"Feature","geometry":{"type":"Point","coordinates":[-6.613397999999961,9.96828400000004]},"properties":{"id":19215,"nom":"GRANDE MOSQUEE DE N DEOU","type":"mosquee","district_region":null,"departement_commune":null,"verifie":true,"name":"GRANDE MOSQUEE DE N DEOU","source":"Géoportail ANSTAT"}},{"type":"Feature","geometry":{"type":"Point","coordinates":[-6.297249999999963,9.844782000000066]},"properties":{"id":19216,"nom":"GRANDE MOSQUEE GBALO","type":"mosquee","district_region":null,"departement_commune":null,"verifie":true,"name":"GRANDE MOSQUEE GBALO","source":"Géoportail ANSTAT"}},{"type":"Feature","geometry":{"type":"Point","coordinates":[-6.40932399999997,9.89654100000007]},"properties":{"id":19217,"nom":"GRANDE MOSQUEE DE KOUTO","type":"mosquee","district_region":null,"departement_commune":null,"verifie":true,"name":"GRANDE MOSQUEE DE KOUTO","source":"Géoportail ANSTAT"}},{"type":"Feature","geometry":{"type":"Point","coordinates":[-6.437710999999979,10.29496600000004]},"properties":{"id":19218,"nom":"GRANDE MOSQUEE  DE BOLONA","type":"mosquee","district_region":null,"departement_commune":null,"verifie":true,"name":"GRANDE MOSQUEE  DE BOLONA","source":"Géoportail ANSTAT"}},{"type":"Feature","geometry":{"type":"Point","coordinates":[-5.724562999999932,8.17732200000006]},"properties":{"id":19219,"nom":"GRANDE MOSQUEE","type":"mosquee","district_region":null,"departement_commune":null,"verifie":true,"name":"GRANDE MOSQUEE","source":"Géoportail ANSTAT"}},{"type":"Feature","geometry":{"type":"Point","coordinates":[-5.788251999999943,8.174457000000075]},"properties":{"id":19220,"nom":"GRANDE MOSQUEE EN CONSTRUCTION","type":"mosquee","district_region":null,"departement_commune":null,"verifie":true,"name":"GRANDE MOSQUEE EN CONSTRUCTION","source":"Géoportail ANSTAT"}},{"type":"Feature","geometry":{"type":"Point","coordinates":[-5.804849999999931,8.219962000000066]},"properties":{"id":19221,"nom":"GRANDE MOSQUEE EN CONSTRUCTION","type":"mosquee","district_region":null,"departement_commune":null,"verifie":true,"name":"GRANDE MOSQUEE EN CONSTRUCTION","source":"Géoportail ANSTAT"}},{"type":"Feature","geometry":{"type":"Point","coordinates":[-6.171373999999958,8.418447000000072]},"properties":{"id":19222,"nom":"GRANDE MOSQUEE","type":"mosquee","district_region":null,"departement_commune":null,"verifie":true,"name":"GRANDE MOSQUEE","source":"Géoportail ANSTAT"}},{"type":"Feature","geometry":{"type":"Point","coordinates":[-5.895257999999956,8.340671000000043]},"properties":{"id":19223,"nom":"GRANDE MOSQUEE EN CONSTRUCTION","type":"mosquee","district_region":null,"departement_commune":null,"verifie":true,"name":"GRANDE MOSQUEE EN CONSTRUCTION","source":"Géoportail ANSTAT"}},{"type":"Feature","geometry":{"type":"Point","coordinates":[-6.192754999999977,8.067085000000077]},"properties":{"id":19224,"nom":"GRANDE MOSQUEE DE TOHOULE","type":"mosquee","district_region":null,"departement_commune":null,"verifie":true,"name":"GRANDE MOSQUEE DE TOHOULE","source":"Géoportail ANSTAT"}},{"type":"Feature","geometry":{"type":"Point","coordinates":[-6.253078999999957,8.952041000000065]},"properties":{"id":19225,"nom":"GRANDE MOSQUEE DE DIANRA","type":"mosquee","district_region":null,"departement_commune":null,"verifie":true,"name":"GRANDE MOSQUEE DE DIANRA","source":"Géoportail ANSTAT"}},{"type":"Feature","geometry":{"type":"Point","coordinates":[-6.376672999999926,8.933043000000055]},"properties":{"id":19226,"nom":"GRANDE MOSQUEE DE GOMINASSO","type":"mosquee","district_region":null,"departement_commune":null,"verifie":true,"name":"GRANDE MOSQUEE DE GOMINASSO","source":"Géoportail ANSTAT"}},{"type":"Feature","geometry":{"type":"Point","coordinates":[-5.836039999999969,7.793574000000035]},"properties":{"id":19227,"nom":"GRANDE MOSQUEE","type":"mosquee","district_region":null,"departement_commune":null,"verifie":true,"name":"GRANDE MOSQUEE","source":"Géoportail ANSTAT"}},{"type":"Feature","geometry":{"type":"Point","coordinates":[-6.678295999999932,10.24582800000007]},"properties":{"id":19228,"nom":"GRANDE MOSQUEE","type":"mosquee","district_region":null,"departement_commune":null,"verifie":true,"name":"GRANDE MOSQUEE","source":"Géoportail ANSTAT"}},{"type":"Feature","geometry":{"type":"Point","coordinates":[-6.690095999999926,10.25082500000008]},"properties":{"id":19229,"nom":"GRANDE MOSQUEE DE MAHANDIANA SOBALA EN CHANTIER","type":"mosquee","district_region":null,"departement_commune":null,"verifie":true,"name":"GRANDE MOSQUEE DE MAHANDIANA SOBALA EN CHANTIER","source":"Géoportail ANSTAT"}},{"type":"Feature","geometry":{"type":"Point","coordinates":[-7.519277999999929,10.35713000000004]},"properties":{"id":19230,"nom":"GRANDE MOSQUEE DE KIMBIRILA NORD","type":"mosquee","district_region":null,"departement_commune":null,"verifie":true,"name":"GRANDE MOSQUEE DE KIMBIRILA NORD","source":"Géoportail ANSTAT"}},{"type":"Feature","geometry":{"type":"Point","coordinates":[-7.513706999999954,9.814778000000048]},"properties":{"id":19231,"nom":"GRANDE MOSQUEE DE KANIASSO","type":"mosquee","district_region":null,"departement_commune":null,"verifie":true,"name":"GRANDE MOSQUEE DE KANIASSO","source":"Géoportail ANSTAT"}},{"type":"Feature","geometry":{"type":"Point","coordinates":[-7.532202999999981,10.04803800000008]},"properties":{"id":19232,"nom":"GRANDE MOSQUEE DE SANANFEREDOUGOU","type":"mosquee","district_region":null,"departement_commune":null,"verifie":true,"name":"GRANDE MOSQUEE DE SANANFEREDOUGOU","source":"Géoportail ANSTAT"}},{"type":"Feature","geometry":{"type":"Point","coordinates":[-7.65789499999994,10.16793000000007]},"properties":{"id":19233,"nom":"GRANDE MOSQUEE DE NABAGALA","type":"mosquee","district_region":null,"departement_commune":null,"verifie":true,"name":"GRANDE MOSQUEE DE NABAGALA","source":"Géoportail ANSTAT"}},{"type":"Feature","geometry":{"type":"Point","coordinates":[-7.838755999999933,10.10768700000006]},"properties":{"id":19234,"nom":"GRANDE MOSQUEE DE GOUENZOU","type":"mosquee","district_region":null,"departement_commune":null,"verifie":true,"name":"GRANDE MOSQUEE DE GOUENZOU","source":"Géoportail ANSTAT"}},{"type":"Feature","geometry":{"type":"Point","coordinates":[-3.29155499999996,6.61223300000006]},"properties":{"id":19235,"nom":"GRANDE MOSQUEE BLEU BLAN","type":"mosquee","district_region":null,"departement_commune":null,"verifie":true,"name":"GRANDE MOSQUEE BLEU BLAN","source":"Géoportail ANSTAT"}},{"type":"Feature","geometry":{"type":"Point","coordinates":[-3.368792999999926,6.747014000000036]},"properties":{"id":19236,"nom":"GRANDE MOSQUEE","type":"mosquee","district_region":null,"departement_commune":null,"verifie":true,"name":"GRANDE MOSQUEE","source":"Géoportail ANSTAT"}},{"type":"Feature","geometry":{"type":"Point","coordinates":[-3.349262999999951,6.380238000000077]},"properties":{"id":19237,"nom":"GRANDE MOSQUEE D EBILASSOKRO","type":"mosquee","district_region":null,"departement_commune":null,"verifie":true,"name":"GRANDE MOSQUEE D EBILASSOKRO","source":"Géoportail ANSTAT"}},{"type":"Feature","geometry":{"type":"Point","coordinates":[-3.361789999999928,6.425628000000074]},"properties":{"id":19238,"nom":"GRANDE MOSQUEE DE ZARANOU","type":"mosquee","district_region":null,"departement_commune":null,"verifie":true,"name":"GRANDE MOSQUEE DE ZARANOU","source":"Géoportail ANSTAT"}},{"type":"Feature","geometry":{"type":"Point","coordinates":[-3.382703999999933,7.029448000000059]},"properties":{"id":19239,"nom":"GRANDE MOSQUEE","type":"mosquee","district_region":null,"departement_commune":null,"verifie":true,"name":"GRANDE MOSQUEE","source":"Géoportail ANSTAT"}},{"type":"Feature","geometry":{"type":"Point","coordinates":[-3.438946999999928,6.734495000000038]},"properties":{"id":19240,"nom":"GRANDE MOSQUEE","type":"mosquee","district_region":null,"departement_commune":null,"verifie":true,"name":"GRANDE MOSQUEE","source":"Géoportail ANSTAT"}},{"type":"Feature","geometry":{"type":"Point","coordinates":[-3.512535999999955,6.731654000000049]},"properties":{"id":19241,"nom":"GRANDE MOSQUEE","type":"mosquee","district_region":null,"departement_commune":null,"verifie":true,"name":"GRANDE MOSQUEE","source":"Géoportail ANSTAT"}},{"type":"Feature","geometry":{"type":"Point","coordinates":[-3.737358999999969,6.993565000000046]},"properties":{"id":19242,"nom":"GRANDE MOSQUEE DE TAHAKRO","type":"mosquee","district_region":null,"departement_commune":null,"verifie":true,"name":"GRANDE MOSQUEE DE TAHAKRO","source":"Géoportail ANSTAT"}},{"type":"Feature","geometry":{"type":"Point","coordinates":[-3.20323499999995,6.406182000000058]},"properties":{"id":19243,"nom":"GRANDE MOSQUEE D AKATI","type":"mosquee","district_region":null,"departement_commune":null,"verifie":true,"name":"GRANDE MOSQUEE D AKATI","source":"Géoportail ANSTAT"}},{"type":"Feature","geometry":{"type":"Point","coordinates":[-3.270283999999947,6.66208400000005]},"properties":{"id":19244,"nom":"GRANDE MOSQUEE","type":"mosquee","district_region":null,"departement_commune":null,"verifie":true,"name":"GRANDE MOSQUEE","source":"Géoportail ANSTAT"}},{"type":"Feature","geometry":{"type":"Point","coordinates":[-3.307447999999965,7.168817000000047]},"properties":{"id":19246,"nom":"GRANDE MOSQUEE","type":"mosquee","district_region":null,"departement_commune":null,"verifie":true,"name":"GRANDE MOSQUEE","source":"Géoportail ANSTAT"}},{"type":"Feature","geometry":{"type":"Point","coordinates":[-3.445455999999979,7.09016900000006]},"properties":{"id":19247,"nom":"GRANDE MOSQUEE","type":"mosquee","district_region":null,"departement_commune":null,"verifie":true,"name":"GRANDE MOSQUEE","source":"Géoportail ANSTAT"}},{"type":"Feature","geometry":{"type":"Point","coordinates":[-3.527912999999955,7.099470000000053]},"properties":{"id":19248,"nom":"GRANDE MOSQUEE","type":"mosquee","district_region":null,"departement_commune":null,"verifie":true,"name":"GRANDE MOSQUEE","source":"Géoportail ANSTAT"}},{"type":"Feature","geometry":{"type":"Point","coordinates":[-3.619790999999964,7.131754000000058]},"properties":{"id":19249,"nom":"GRANDE MOSQUEE","type":"mosquee","district_region":null,"departement_commune":null,"verifie":true,"name":"GRANDE MOSQUEE","source":"Géoportail ANSTAT"}},{"type":"Feature","geometry":{"type":"Point","coordinates":[-3.201039999999978,6.875200000000063]},"properties":{"id":19250,"nom":"GRANDE MOSQUEE DE PLAWOOD","type":"mosquee","district_region":null,"departement_commune":null,"verifie":true,"name":"GRANDE MOSQUEE DE PLAWOOD","source":"Géoportail ANSTAT"}},{"type":"Feature","geometry":{"type":"Point","coordinates":[-3.218694999999968,6.849797000000024]},"properties":{"id":19251,"nom":"GRANDE MOSQUEE D ADOUKRO","type":"mosquee","district_region":null,"departement_commune":null,"verifie":true,"name":"GRANDE MOSQUEE D ADOUKRO","source":"Géoportail ANSTAT"}},{"type":"Feature","geometry":{"type":"Point","coordinates":[-3.452755999999965,7.279895000000067]},"properties":{"id":19252,"nom":"GRANDE MOSQUEE","type":"mosquee","district_region":null,"departement_commune":null,"verifie":true,"name":"GRANDE MOSQUEE","source":"Géoportail ANSTAT"}},{"type":"Feature","geometry":{"type":"Point","coordinates":[-3.213999999999942,7.129035000000044]},"properties":{"id":19253,"nom":"GRANDE MOSQUEE DE MOUGOUBAKRO","type":"mosquee","district_region":null,"departement_commune":null,"verifie":true,"name":"GRANDE MOSQUEE DE MOUGOUBAKRO","source":"Géoportail ANSTAT"}},{"type":"Feature","geometry":{"type":"Point","coordinates":[-3.411129999999957,6.073608000000036]},"properties":{"id":19254,"nom":"GRANDE MOSQUEE DE BETTIE","type":"mosquee","district_region":null,"departement_commune":null,"verifie":true,"name":"GRANDE MOSQUEE DE BETTIE","source":"Géoportail ANSTAT"}},{"type":"Feature","geometry":{"type":"Point","coordinates":[-7.574831999999958,9.508655000000031]},"properties":{"id":19255,"nom":"GRANDE MOSQUEE DE YANKAFISSA","type":"mosquee","district_region":null,"departement_commune":null,"verifie":true,"name":"GRANDE MOSQUEE DE YANKAFISSA","source":"Géoportail ANSTAT"}},{"type":"Feature","geometry":{"type":"Point","coordinates":[-7.567011999999977,9.495574000000031]},"properties":{"id":19256,"nom":"GRANDE MOSQUEE DU TEXAS","type":"mosquee","district_region":null,"departement_commune":null,"verifie":true,"name":"GRANDE MOSQUEE DU TEXAS","source":"Géoportail ANSTAT"}},{"type":"Feature","geometry":{"type":"Point","coordinates":[-7.562951999999939,9.50808100000006]},"properties":{"id":19257,"nom":"GRANDE MOSQUEE ODIENNE","type":"mosquee","district_region":null,"departement_commune":null,"verifie":true,"name":"GRANDE MOSQUEE ODIENNE","source":"Géoportail ANSTAT"}},{"type":"Feature","geometry":{"type":"Point","coordinates":[-6.768877999999972,9.143091000000029]},"properties":{"id":19258,"nom":"GRANDE MOSQUEE DE OUANDEGUE","type":"mosquee","district_region":null,"departement_commune":null,"verifie":true,"name":"GRANDE MOSQUEE DE OUANDEGUE","source":"Géoportail ANSTAT"}},{"type":"Feature","geometry":{"type":"Point","coordinates":[-6.828576999999939,9.613585000000056]},"properties":{"id":19259,"nom":"GRANDE MOSQUEE DE NGAPYE","type":"mosquee","district_region":null,"departement_commune":null,"verifie":true,"name":"GRANDE MOSQUEE DE NGAPYE","source":"Géoportail ANSTAT"}},{"type":"Feature","geometry":{"type":"Point","coordinates":[-6.940531999999962,9.04555700000003]},"properties":{"id":19260,"nom":"GRANDE MOSQUEE DE KARABIRI","type":"mosquee","district_region":null,"departement_commune":null,"verifie":true,"name":"GRANDE MOSQUEE DE KARABIRI","source":"Géoportail ANSTAT"}},{"type":"Feature","geometry":{"type":"Point","coordinates":[-7.105702999999949,9.815814000000046]},"properties":{"id":19261,"nom":"GRANDE MOSQUEE DE KOROUMBA","type":"mosquee","district_region":null,"departement_commune":null,"verifie":true,"name":"GRANDE MOSQUEE DE KOROUMBA","source":"Géoportail ANSTAT"}},{"type":"Feature","geometry":{"type":"Point","coordinates":[-7.117067999999961,9.445459000000028]},"properties":{"id":19262,"nom":"GRANDE MOSQUEE DE FARAKORO","type":"mosquee","district_region":null,"departement_commune":null,"verifie":true,"name":"GRANDE MOSQUEE DE FARAKORO","source":"Géoportail ANSTAT"}},{"type":"Feature","geometry":{"type":"Point","coordinates":[-7.121981999999946,9.357523000000072]},"properties":{"id":19263,"nom":"GRANDE MOSQUEE DE SEGUELON","type":"mosquee","district_region":null,"departement_commune":null,"verifie":true,"name":"GRANDE MOSQUEE DE SEGUELON","source":"Géoportail ANSTAT"}},{"type":"Feature","geometry":{"type":"Point","coordinates":[-7.272479999999973,9.432751000000051]},"properties":{"id":19264,"nom":"GRANDE MOSQUEE DE ZEGBAO","type":"mosquee","district_region":null,"departement_commune":null,"verifie":true,"name":"GRANDE MOSQUEE DE ZEGBAO","source":"Géoportail ANSTAT"}},{"type":"Feature","geometry":{"type":"Point","coordinates":[-7.318108999999936,9.543428000000064]},"properties":{"id":19265,"nom":"GRANDE MOSQUEE DE TIEME","type":"mosquee","district_region":null,"departement_commune":null,"verifie":true,"name":"GRANDE MOSQUEE DE TIEME","source":"Géoportail ANSTAT"}},{"type":"Feature","geometry":{"type":"Point","coordinates":[-7.60901599999994,9.25359700000007]},"properties":{"id":19266,"nom":"GRANDE MOSQUEE DE KAHANSO","type":"mosquee","district_region":null,"departement_commune":null,"verifie":true,"name":"GRANDE MOSQUEE DE KAHANSO","source":"Géoportail ANSTAT"}},{"type":"Feature","geometry":{"type":"Point","coordinates":[-6.906087999999954,9.136300000000062]},"properties":{"id":19272,"nom":"GRANDE MOSQUEE DE SIREDENI 2","type":"mosquee","district_region":null,"departement_commune":null,"verifie":true,"name":"GRANDE MOSQUEE DE SIREDENI 2","source":"Géoportail ANSTAT"}},{"type":"Feature","geometry":{"type":"Point","coordinates":[-3.515662999999961,6.276586000000066]},"properties":{"id":19274,"nom":"GRANDE MOSQUEE","type":"mosquee","district_region":null,"departement_commune":null,"verifie":true,"name":"GRANDE MOSQUEE","source":"Géoportail ANSTAT"}},{"type":"Feature","geometry":{"type":"Point","coordinates":[-3.865426999999954,6.107146000000057]},"properties":{"id":19276,"nom":"GRANDE MOSQUEE ADZOPE","type":"mosquee","district_region":null,"departement_commune":null,"verifie":true,"name":"GRANDE MOSQUEE ADZOPE","source":"Géoportail ANSTAT"}},{"type":"Feature","geometry":{"type":"Point","coordinates":[-3.883518999999978,6.376874000000043]},"properties":{"id":19277,"nom":"GRANDE MOSQUEE D AKOUPE","type":"mosquee","district_region":null,"departement_commune":null,"verifie":true,"name":"GRANDE MOSQUEE D AKOUPE","source":"Géoportail ANSTAT"}},{"type":"Feature","geometry":{"type":"Point","coordinates":[-3.459227999999939,5.339378000000067]},"properties":{"id":19278,"nom":"GRANDE MOSQUEE DE LARABIA","type":"mosquee","district_region":null,"departement_commune":null,"verifie":true,"name":"GRANDE MOSQUEE DE LARABIA","source":"Géoportail ANSTAT"}},{"type":"Feature","geometry":{"type":"Point","coordinates":[-3.475007999999946,5.323979000000065]},"properties":{"id":19279,"nom":"GRANDE MOSQUEE DE ASSE","type":"mosquee","district_region":null,"departement_commune":null,"verifie":true,"name":"GRANDE MOSQUEE DE ASSE","source":"Géoportail ANSTAT"}},{"type":"Feature","geometry":{"type":"Point","coordinates":[-3.733784999999955,5.206413000000055]},"properties":{"id":19280,"nom":"GRANDE MOSQUEE","type":"mosquee","district_region":null,"departement_commune":null,"verifie":true,"name":"GRANDE MOSQUEE","source":"Géoportail ANSTAT"}},{"type":"Feature","geometry":{"type":"Point","coordinates":[-3.126549999999952,5.157255000000021]},"properties":{"id":19282,"nom":"GRANDE MOSQUEE DE MOHPUA","type":"mosquee","district_region":null,"departement_commune":null,"verifie":true,"name":"GRANDE MOSQUEE DE MOHPUA","source":"Géoportail ANSTAT"}},{"type":"Feature","geometry":{"type":"Point","coordinates":[-3.304764999999975,5.288253000000054]},"properties":{"id":19283,"nom":"GRANDE MOSQUEE D ADIAKE","type":"mosquee","district_region":null,"departement_commune":null,"verifie":true,"name":"GRANDE MOSQUEE D ADIAKE","source":"Géoportail ANSTAT"}},{"type":"Feature","geometry":{"type":"Point","coordinates":[-3.260015999999951,5.456757000000039]},"properties":{"id":19284,"nom":"GRANDE MOSQUEE DE ASSOUBA","type":"mosquee","district_region":null,"departement_commune":null,"verifie":true,"name":"GRANDE MOSQUEE DE ASSOUBA","source":"Géoportail ANSTAT"}},{"type":"Feature","geometry":{"type":"Point","coordinates":[-3.264134999999953,5.427111000000025]},"properties":{"id":19285,"nom":"GRANDE MOSQUEE D ADAOU","type":"mosquee","district_region":null,"departement_commune":null,"verifie":true,"name":"GRANDE MOSQUEE D ADAOU","source":"Géoportail ANSTAT"}},{"type":"Feature","geometry":{"type":"Point","coordinates":[-3.299168999999949,5.407827000000054]},"properties":{"id":19286,"nom":"GRANDE MOSQUEE DE SOUMIE CENTRE","type":"mosquee","district_region":null,"departement_commune":null,"verifie":true,"name":"GRANDE MOSQUEE DE SOUMIE CENTRE","source":"Géoportail ANSTAT"}},{"type":"Feature","geometry":{"type":"Point","coordinates":[-3.354963999999939,5.456275000000062]},"properties":{"id":19287,"nom":"GRANDE MOSQUEE DE BOLE BAKANKRO","type":"mosquee","district_region":null,"departement_commune":null,"verifie":true,"name":"GRANDE MOSQUEE DE BOLE BAKANKRO","source":"Géoportail ANSTAT"}},{"type":"Feature","geometry":{"type":"Point","coordinates":[-3.328866999999946,5.479494000000045]},"properties":{"id":19288,"nom":"GRANDE MOSQUEE DE KOHOUROU","type":"mosquee","district_region":null,"departement_commune":null,"verifie":true,"name":"GRANDE MOSQUEE DE KOHOUROU","source":"Géoportail ANSTAT"}},{"type":"Feature","geometry":{"type":"Point","coordinates":[-3.03723599999995,5.702214000000026]},"properties":{"id":19289,"nom":"GRANDE MOSQUEE ISLAMIQUE DE DIAKITEDOUGOU","type":"mosquee","district_region":null,"departement_commune":null,"verifie":true,"name":"GRANDE MOSQUEE ISLAMIQUE DE DIAKITEDOUGOU","source":"Géoportail ANSTAT"}},{"type":"Feature","geometry":{"type":"Point","coordinates":[-3.112165999999945,5.723127000000034]},"properties":{"id":19290,"nom":"GRANDE MOSQUEE EBIKRO","type":"mosquee","district_region":null,"departement_commune":null,"verifie":true,"name":"GRANDE MOSQUEE EBIKRO","source":"Géoportail ANSTAT"}},{"type":"Feature","geometry":{"type":"Point","coordinates":[-3.210161999999968,6.110239000000036]},"properties":{"id":19291,"nom":"GRANDE MOSQUEE DE SONGAN","type":"mosquee","district_region":null,"departement_commune":null,"verifie":true,"name":"GRANDE MOSQUEE DE SONGAN","source":"Géoportail ANSTAT"}},{"type":"Feature","geometry":{"type":"Point","coordinates":[-2.924742999999978,5.406085000000076]},"properties":{"id":19292,"nom":"GRANDE MOSQUEE","type":"mosquee","district_region":null,"departement_commune":null,"verifie":true,"name":"GRANDE MOSQUEE","source":"Géoportail ANSTAT"}},{"type":"Feature","geometry":{"type":"Point","coordinates":[-2.978902999999946,5.656953000000044]},"properties":{"id":19293,"nom":"GRANDE MOSQUEE DE DIBY","type":"mosquee","district_region":null,"departement_commune":null,"verifie":true,"name":"GRANDE MOSQUEE DE DIBY","source":"Géoportail ANSTAT"}},{"type":"Feature","geometry":{"type":"Point","coordinates":[-3.19150899999994,6.012797000000035]},"properties":{"id":19294,"nom":"GRANDE MOSQUEE DE BIANOUAN","type":"mosquee","district_region":null,"departement_commune":null,"verifie":true,"name":"GRANDE MOSQUEE DE BIANOUAN","source":"Géoportail ANSTAT"}},{"type":"Feature","geometry":{"type":"Point","coordinates":[-3.154658999999981,5.602779000000055]},"properties":{"id":19295,"nom":"GRANDE MOSQUEE D AYAME","type":"mosquee","district_region":null,"departement_commune":null,"verifie":true,"name":"GRANDE MOSQUEE D AYAME","source":"Géoportail ANSTAT"}},{"type":"Feature","geometry":{"type":"Point","coordinates":[-3.205315999999925,5.476264000000072]},"properties":{"id":19297,"nom":"GRANDE MOSQUEE DE ABOISSO","type":"mosquee","district_region":null,"departement_commune":null,"verifie":true,"name":"GRANDE MOSQUEE DE ABOISSO","source":"Géoportail ANSTAT"}},{"type":"Feature","geometry":{"type":"Point","coordinates":[-5.164485999999954,9.196003000000076]},"properties":{"id":19298,"nom":"GRANDE MOSQUEE DE BADIKAHA","type":"mosquee","district_region":null,"departement_commune":null,"verifie":true,"name":"GRANDE MOSQUEE DE BADIKAHA","source":"Géoportail ANSTAT"}},{"type":"Feature","geometry":{"type":"Point","coordinates":[-5.071665999999937,7.998605000000055]},"properties":{"id":19299,"nom":"GRANDE MOSQUEE TOURO","type":"mosquee","district_region":null,"departement_commune":null,"verifie":true,"name":"GRANDE MOSQUEE TOURO","source":"Géoportail ANSTAT"}},{"type":"Feature","geometry":{"type":"Point","coordinates":[-5.289953999999966,8.661393000000032]},"properties":{"id":19300,"nom":"GRANDE MOSQUEE DE NIAKARA","type":"mosquee","district_region":null,"departement_commune":null,"verifie":true,"name":"GRANDE MOSQUEE DE NIAKARA","source":"Géoportail ANSTAT"}},{"type":"Feature","geometry":{"type":"Point","coordinates":[-5.100452999999959,8.136006000000066]},"properties":{"id":19301,"nom":"GRANDE MOSQUEE DE KATIOLA","type":"mosquee","district_region":null,"departement_commune":null,"verifie":true,"name":"GRANDE MOSQUEE DE KATIOLA","source":"Géoportail ANSTAT"}},{"type":"Feature","geometry":{"type":"Point","coordinates":[-4.427001999999959,8.366205000000036]},"properties":{"id":19302,"nom":"GRANDE MOSQUEE","type":"mosquee","district_region":null,"departement_commune":null,"verifie":true,"name":"GRANDE MOSQUEE","source":"Géoportail ANSTAT"}},{"type":"Feature","geometry":{"type":"Point","coordinates":[-7.543860999999936,7.41781700000007]},"properties":{"id":19303,"nom":"GRANDE MOSQUEE DE AIR FRANCE","type":"mosquee","district_region":null,"departement_commune":null,"verifie":true,"name":"GRANDE MOSQUEE DE AIR FRANCE","source":"Géoportail ANSTAT"}},{"type":"Feature","geometry":{"type":"Point","coordinates":[-7.557984999999974,7.410063000000036]},"properties":{"id":19304,"nom":"GRANDE MOSQUEE DE DOMOREAU","type":"mosquee","district_region":null,"departement_commune":null,"verifie":true,"name":"GRANDE MOSQUEE DE DOMOREAU","source":"Géoportail ANSTAT"}},{"type":"Feature","geometry":{"type":"Point","coordinates":[-8.29531099999997,6.909694000000059]},"properties":{"id":19305,"nom":"GRANDE MOSQUEE DE NATA","type":"mosquee","district_region":null,"departement_commune":null,"verifie":true,"name":"GRANDE MOSQUEE DE NATA","source":"Géoportail ANSTAT"}},{"type":"Feature","geometry":{"type":"Point","coordinates":[-8.052051999999946,6.971238000000028]},"properties":{"id":19306,"nom":"GRANDE MOSQUEE DE YELLEU","type":"mosquee","district_region":null,"departement_commune":null,"verifie":true,"name":"GRANDE MOSQUEE DE YELLEU","source":"Géoportail ANSTAT"}},{"type":"Feature","geometry":{"type":"Point","coordinates":[-8.158032999999932,7.258910000000071]},"properties":{"id":19307,"nom":"GRANDE MOSQUEE DE DANANE","type":"mosquee","district_region":null,"departement_commune":null,"verifie":true,"name":"GRANDE MOSQUEE DE DANANE","source":"Géoportail ANSTAT"}},{"type":"Feature","geometry":{"type":"Point","coordinates":[-8.262876999999946,7.392402000000061]},"properties":{"id":19308,"nom":"GRANDE MOSQUEE DE KOAN HOULE","type":"mosquee","district_region":null,"departement_commune":null,"verifie":true,"name":"GRANDE MOSQUEE DE KOAN HOULE","source":"Géoportail ANSTAT"}},{"type":"Feature","geometry":{"type":"Point","coordinates":[-8.287641999999948,7.433393000000024]},"properties":{"id":19309,"nom":"GRANDE MOSQUEE DE GOPOUPLEU","type":"mosquee","district_region":null,"departement_commune":null,"verifie":true,"name":"GRANDE MOSQUEE DE GOPOUPLEU","source":"Géoportail ANSTAT"}},{"type":"Feature","geometry":{"type":"Point","coordinates":[-8.102513999999928,7.86808300000007]},"properties":{"id":19310,"nom":"GRANDE MOSQUEE DE SIPILOU","type":"mosquee","district_region":null,"departement_commune":null,"verifie":true,"name":"GRANDE MOSQUEE DE SIPILOU","source":"Géoportail ANSTAT"}},{"type":"Feature","geometry":{"type":"Point","coordinates":[-8.104372999999953,7.862887000000057]},"properties":{"id":19311,"nom":"GRANDE MOSQUEE DE SIPILOU","type":"mosquee","district_region":null,"departement_commune":null,"verifie":true,"name":"GRANDE MOSQUEE DE SIPILOU","source":"Géoportail ANSTAT"}},{"type":"Feature","geometry":{"type":"Point","coordinates":[-8.208164999999951,6.919420000000059]},"properties":{"id":19312,"nom":"GRANDE MOSQUEE DE ZOUAN HOUNIEN","type":"mosquee","district_region":null,"departement_commune":null,"verifie":true,"name":"GRANDE MOSQUEE DE ZOUAN HOUNIEN","source":"Géoportail ANSTAT"}},{"type":"Feature","geometry":{"type":"Point","coordinates":[-7.99635799999993,6.826063000000033]},"properties":{"id":19313,"nom":"GRANDE MOSQUEE DE CHANTIER COLONEL","type":"mosquee","district_region":null,"departement_commune":null,"verifie":true,"name":"GRANDE MOSQUEE DE CHANTIER COLONEL","source":"Géoportail ANSTAT"}},{"type":"Feature","geometry":{"type":"Point","coordinates":[-4.002387999999939,7.580371000000071]},"properties":{"id":19315,"nom":"GRANDE MOSQUEE","type":"mosquee","district_region":null,"departement_commune":null,"verifie":true,"name":"GRANDE MOSQUEE","source":"Géoportail ANSTAT"}},{"type":"Feature","geometry":{"type":"Point","coordinates":[-3.87696399999993,7.371441000000061]},"properties":{"id":19344,"nom":"GRANDE MOSQUEE","type":"mosquee","district_region":null,"departement_commune":null,"verifie":true,"name":"GRANDE MOSQUEE","source":"Géoportail ANSTAT"}},{"type":"Feature","geometry":{"type":"Point","coordinates":[-6.635359999999935,4.749885000000063]},"properties":{"id":19347,"nom":"GRANDE MOSQUEE DE SAN PEDRO","type":"mosquee","district_region":null,"departement_commune":null,"verifie":true,"name":"GRANDE MOSQUEE DE SAN PEDRO","source":"Géoportail ANSTAT"}},{"type":"Feature","geometry":{"type":"Point","coordinates":[-3.584029999999927,7.953691000000049]},"properties":{"id":19348,"nom":"HVA DE LA MOSQUEE","type":"mosquee","district_region":null,"departement_commune":null,"verifie":true,"name":"HVA DE LA MOSQUEE","source":"Géoportail ANSTAT"}},{"type":"Feature","geometry":{"type":"Point","coordinates":[-3.127450999999951,7.860417000000041]},"properties":{"id":19349,"nom":"HVA MOSQUEE TEKO","type":"mosquee","district_region":null,"departement_commune":null,"verifie":true,"name":"HVA MOSQUEE TEKO","source":"Géoportail ANSTAT"}},{"type":"Feature","geometry":{"type":"Point","coordinates":[-3.361908999999969,6.426034000000072]},"properties":{"id":19363,"nom":"HVA DE LA MOSQUEE","type":"mosquee","district_region":null,"departement_commune":null,"verifie":true,"name":"HVA DE LA MOSQUEE","source":"Géoportail ANSTAT"}},{"type":"Feature","geometry":{"type":"Point","coordinates":[-7.550768999999946,7.414532000000065]},"properties":{"id":19380,"nom":"ICI CEST LA MOSQUEE","type":"mosquee","district_region":null,"departement_commune":null,"verifie":true,"name":"ICI CEST LA MOSQUEE","source":"Géoportail ANSTAT"}},{"type":"Feature","geometry":{"type":"Point","coordinates":[-7.692045999999948,8.281991000000062]},"properties":{"id":19389,"nom":"MOSQUEE DE L ECOLE CORANIQUE","type":"mosquee","district_region":null,"departement_commune":null,"verifie":true,"name":"MOSQUEE DE L ECOLE CORANIQUE","source":"Géoportail ANSTAT"}},{"type":"Feature","geometry":{"type":"Point","coordinates":[-6.555378999999959,5.021375000000035]},"properties":{"id":19396,"nom":"LA 1EME GRANDE MOSQUEE","type":"mosquee","district_region":null,"departement_commune":null,"verifie":true,"name":"LA 1EME GRANDE MOSQUEE","source":"Géoportail ANSTAT"}},{"type":"Feature","geometry":{"type":"Point","coordinates":[-4.433373999999958,5.232649000000038]},"properties":{"id":19401,"nom":"KOUASSI CAMPEMENT MOSQUEE","type":"mosquee","district_region":null,"departement_commune":null,"verifie":true,"name":"KOUASSI CAMPEMENT MOSQUEE","source":"Géoportail ANSTAT"}},{"type":"Feature","geometry":{"type":"Point","coordinates":[-6.071065999999973,5.23145100000005]},"properties":{"id":19418,"nom":"MOSQUEE ET ECOLE CORANIQUE","type":"mosquee","district_region":null,"departement_commune":null,"verifie":true,"name":"MOSQUEE ET ECOLE CORANIQUE","source":"Géoportail ANSTAT"}},{"type":"Feature","geometry":{"type":"Point","coordinates":[-5.725266999999974,8.172791000000075]},"properties":{"id":19426,"nom":"MOSQUEE DE L ECOLE CORANIQUE","type":"mosquee","district_region":null,"departement_commune":null,"verifie":true,"name":"MOSQUEE DE L ECOLE CORANIQUE","source":"Géoportail ANSTAT"}},{"type":"Feature","geometry":{"type":"Point","coordinates":[-5.19486999999998,10.09018600000007]},"properties":{"id":19427,"nom":"LA GRANDE MOSQUEE DE KAOUARA","type":"mosquee","district_region":null,"departement_commune":null,"verifie":true,"name":"LA GRANDE MOSQUEE DE KAOUARA","source":"Géoportail ANSTAT"}},{"type":"Feature","geometry":{"type":"Point","coordinates":[-7.087423999999942,4.677350000000047]},"properties":{"id":19428,"nom":"LA GRANDE MOSQUE DE LA ZONE INDISTRUELLE DE LA SOGB","type":"mosquee","district_region":null,"departement_commune":null,"verifie":true,"name":"LA GRANDE MOSQUE DE LA ZONE INDISTRUELLE DE LA SOGB","source":"Géoportail ANSTAT"}},{"type":"Feature","geometry":{"type":"Point","coordinates":[-6.411858999999936,4.877861000000053]},"properties":{"id":19430,"nom":"LA MOSQUEE DE CARREFOUR LOBI","type":"mosquee","district_region":null,"departement_commune":null,"verifie":true,"name":"LA MOSQUEE DE CARREFOUR LOBI","source":"Géoportail ANSTAT"}},{"type":"Feature","geometry":{"type":"Point","coordinates":[-5.701611999999955,9.431824000000065]},"properties":{"id":19431,"nom":"LA MOSQUEE DE NOUMOUSO DE KAPELE","type":"mosquee","district_region":null,"departement_commune":null,"verifie":true,"name":"LA MOSQUEE DE NOUMOUSO DE KAPELE","source":"Géoportail ANSTAT"}},{"type":"Feature","geometry":{"type":"Point","coordinates":[-5.667652999999973,9.422956000000056]},"properties":{"id":19432,"nom":"LA GRANDE MOSQUEE DE WARANIERE","type":"mosquee","district_region":null,"departement_commune":null,"verifie":true,"name":"LA GRANDE MOSQUEE DE WARANIERE","source":"Géoportail ANSTAT"}},{"type":"Feature","geometry":{"type":"Point","coordinates":[-6.406690999999967,5.764982000000032]},"properties":{"id":19433,"nom":"LA GRANDE MOSQUEE D OKROUYO","type":"mosquee","district_region":null,"departement_commune":null,"verifie":true,"name":"LA GRANDE MOSQUEE D OKROUYO","source":"Géoportail ANSTAT"}},{"type":"Feature","geometry":{"type":"Point","coordinates":[-6.343016999999975,5.565562000000057]},"properties":{"id":19434,"nom":"LA GRANDE MOSQUEE DE DOBOUO","type":"mosquee","district_region":null,"departement_commune":null,"verifie":true,"name":"LA GRANDE MOSQUEE DE DOBOUO","source":"Géoportail ANSTAT"}},{"type":"Feature","geometry":{"type":"Point","coordinates":[-7.551113999999927,6.976597000000027]},"properties":{"id":19435,"nom":"LA GRANDE MOSQUEE  DE DAH","type":"mosquee","district_region":null,"departement_commune":null,"verifie":true,"name":"LA GRANDE MOSQUEE  DE DAH","source":"Géoportail ANSTAT"}},{"type":"Feature","geometry":{"type":"Point","coordinates":[-7.25519399999996,6.512304000000029]},"properties":{"id":19436,"nom":"LA GRANDE MOSQUEE","type":"mosquee","district_region":null,"departement_commune":null,"verifie":true,"name":"LA GRANDE MOSQUEE","source":"Géoportail ANSTAT"}},{"type":"Feature","geometry":{"type":"Point","coordinates":[-4.868358999999941,5.704359000000068]},"properties":{"id":19439,"nom":"LA MOSQUEE DE DIOULABOUGOU","type":"mosquee","district_region":null,"departement_commune":null,"verifie":true,"name":"LA MOSQUEE DE DIOULABOUGOU","source":"Géoportail ANSTAT"}},{"type":"Feature","geometry":{"type":"Point","coordinates":[-6.168398999999965,6.237763000000029]},"properties":{"id":19440,"nom":"LA GRANDE MOSQUEE DE GUIBEROUA NOUR","type":"mosquee","district_region":null,"departement_commune":null,"verifie":true,"name":"LA GRANDE MOSQUEE DE GUIBEROUA NOUR","source":"Géoportail ANSTAT"}},{"type":"Feature","geometry":{"type":"Point","coordinates":[-5.84037799999993,6.44640000000004]},"properties":{"id":19441,"nom":"LA GRANDE MOSQUEE DE ZIPLIGNAN","type":"mosquee","district_region":null,"departement_commune":null,"verifie":true,"name":"LA GRANDE MOSQUEE DE ZIPLIGNAN","source":"Géoportail ANSTAT"}},{"type":"Feature","geometry":{"type":"Point","coordinates":[-5.417632999999967,6.383259000000066]},"properties":{"id":19445,"nom":"LA GRANDE MOSQUEE D OUME","type":"mosquee","district_region":null,"departement_commune":null,"verifie":true,"name":"LA GRANDE MOSQUEE D OUME","source":"Géoportail ANSTAT"}},{"type":"Feature","geometry":{"type":"Point","coordinates":[-2.809835999999962,8.27025800000007]},"properties":{"id":19446,"nom":"LA NOUVELLE MOSQUEE DE SIEKOUAYE","type":"mosquee","district_region":null,"departement_commune":null,"verifie":true,"name":"LA NOUVELLE MOSQUEE DE SIEKOUAYE","source":"Géoportail ANSTAT"}},{"type":"Feature","geometry":{"type":"Point","coordinates":[-3.419506999999953,7.43892500000004]},"properties":{"id":19447,"nom":"LA MOSQUEE DU VILLAGE","type":"mosquee","district_region":null,"departement_commune":null,"verifie":true,"name":"LA MOSQUEE DU VILLAGE","source":"Géoportail ANSTAT"}},{"type":"Feature","geometry":{"type":"Point","coordinates":[-3.024792999999931,7.508220000000051]},"properties":{"id":19448,"nom":"LA MOSQUEE DU VILLAGE","type":"mosquee","district_region":null,"departement_commune":null,"verifie":true,"name":"LA MOSQUEE DU VILLAGE","source":"Géoportail ANSTAT"}},{"type":"Feature","geometry":{"type":"Point","coordinates":[-2.990277999999932,7.554219000000046]},"properties":{"id":19449,"nom":"LA GRANDE MOSQUEE DU VILLAGE","type":"mosquee","district_region":null,"departement_commune":null,"verifie":true,"name":"LA GRANDE MOSQUEE DU VILLAGE","source":"Géoportail ANSTAT"}},{"type":"Feature","geometry":{"type":"Point","coordinates":[-3.519343999999933,7.749836000000073]},"properties":{"id":19450,"nom":"LA MOSQUEE DE AFFERY","type":"mosquee","district_region":null,"departement_commune":null,"verifie":true,"name":"LA MOSQUEE DE AFFERY","source":"Géoportail ANSTAT"}},{"type":"Feature","geometry":{"type":"Point","coordinates":[-3.392244999999946,7.770227000000034]},"properties":{"id":19451,"nom":"LA MOSQUEE DE BOUKO","type":"mosquee","district_region":null,"departement_commune":null,"verifie":true,"name":"LA MOSQUEE DE BOUKO","source":"Géoportail ANSTAT"}},{"type":"Feature","geometry":{"type":"Point","coordinates":[-3.376066999999978,7.80729400000007]},"properties":{"id":19452,"nom":"LA MOSQUEE DU VILLAGE","type":"mosquee","district_region":null,"departement_commune":null,"verifie":true,"name":"LA MOSQUEE DU VILLAGE","source":"Géoportail ANSTAT"}},{"type":"Feature","geometry":{"type":"Point","coordinates":[-3.520643999999947,7.835681000000022]},"properties":{"id":19453,"nom":"LA GRANDE MOSQUEE DE OUROUTARA","type":"mosquee","district_region":null,"departement_commune":null,"verifie":true,"name":"LA GRANDE MOSQUEE DE OUROUTARA","source":"Géoportail ANSTAT"}},{"type":"Feature","geometry":{"type":"Point","coordinates":[-3.587458999999967,7.888743000000034]},"properties":{"id":19454,"nom":"LA MOSQUEE DE NAMBO DONGBO","type":"mosquee","district_region":null,"departement_commune":null,"verifie":true,"name":"LA MOSQUEE DE NAMBO DONGBO","source":"Géoportail ANSTAT"}},{"type":"Feature","geometry":{"type":"Point","coordinates":[-3.172509999999932,7.94644900000003]},"properties":{"id":19455,"nom":"LA MOSQUEE DE ADJEIBANGO","type":"mosquee","district_region":null,"departement_commune":null,"verifie":true,"name":"LA MOSQUEE DE ADJEIBANGO","source":"Géoportail ANSTAT"}},{"type":"Feature","geometry":{"type":"Point","coordinates":[-3.151048999999944,7.420302000000049]},"properties":{"id":19456,"nom":"LA MOSQUEE DU VILLAGE","type":"mosquee","district_region":null,"departement_commune":null,"verifie":true,"name":"LA MOSQUEE DU VILLAGE","source":"Géoportail ANSTAT"}},{"type":"Feature","geometry":{"type":"Point","coordinates":[-3.187972999999943,7.428066000000058]},"properties":{"id":19458,"nom":"LA MOSQUEE DU VILLAGE","type":"mosquee","district_region":null,"departement_commune":null,"verifie":true,"name":"LA MOSQUEE DU VILLAGE","source":"Géoportail ANSTAT"}},{"type":"Feature","geometry":{"type":"Point","coordinates":[-6.041709999999966,6.620185000000049]},"properties":{"id":19459,"nom":"LA GRANDE MOSQUEE DE KOUETINFLA","type":"mosquee","district_region":null,"departement_commune":null,"verifie":true,"name":"LA GRANDE MOSQUEE DE KOUETINFLA","source":"Géoportail ANSTAT"}},{"type":"Feature","geometry":{"type":"Point","coordinates":[-5.912826999999936,6.620939000000021]},"properties":{"id":19461,"nom":"LA GRANDE MOSQUEE SOULEYMANE TRAORE","type":"mosquee","district_region":null,"departement_commune":null,"verifie":true,"name":"LA GRANDE MOSQUEE SOULEYMANE TRAORE","source":"Géoportail ANSTAT"}},{"type":"Feature","geometry":{"type":"Point","coordinates":[-5.032625999999937,7.72231400000004]},"properties":{"id":19465,"nom":"LA GRANDE MOSQUEE DE DAR ES SALAM","type":"mosquee","district_region":null,"departement_commune":null,"verifie":true,"name":"LA GRANDE MOSQUEE DE DAR ES SALAM","source":"Géoportail ANSTAT"}},{"type":"Feature","geometry":{"type":"Point","coordinates":[-4.999329999999929,7.682530000000042]},"properties":{"id":19466,"nom":"LA MOSQUEE FIRDAOUS","type":"mosquee","district_region":null,"departement_commune":null,"verifie":true,"name":"LA MOSQUEE FIRDAOUS","source":"Géoportail ANSTAT"}},{"type":"Feature","geometry":{"type":"Point","coordinates":[-3.499104999999929,8.53599900000006]},"properties":{"id":19467,"nom":"LA MOSQUEE  D ANVEYO","type":"mosquee","district_region":null,"departement_commune":null,"verifie":true,"name":"LA MOSQUEE  D ANVEYO","source":"Géoportail ANSTAT"}},{"type":"Feature","geometry":{"type":"Point","coordinates":[-4.499148999999932,7.060246000000063]},"properties":{"id":19468,"nom":"LA GRANDE MOSQUE DE MAMADOUGOU","type":"mosquee","district_region":null,"departement_commune":null,"verifie":true,"name":"LA GRANDE MOSQUE DE MAMADOUGOU","source":"Géoportail ANSTAT"}},{"type":"Feature","geometry":{"type":"Point","coordinates":[-4.165136999999959,7.086419000000035]},"properties":{"id":19469,"nom":"LA MOSQUEE","type":"mosquee","district_region":null,"departement_commune":null,"verifie":true,"name":"LA MOSQUEE","source":"Géoportail ANSTAT"}},{"type":"Feature","geometry":{"type":"Point","coordinates":[-7.493239999999957,6.202766000000054]},"properties":{"id":19470,"nom":"LA MOSQUEE DE SCIERIE 2","type":"mosquee","district_region":null,"departement_commune":null,"verifie":true,"name":"LA MOSQUEE DE SCIERIE 2","source":"Géoportail ANSTAT"}},{"type":"Feature","geometry":{"type":"Point","coordinates":[-7.647840999999971,6.640368000000024]},"properties":{"id":19472,"nom":"LA GRANDE MOSQUEE","type":"mosquee","district_region":null,"departement_commune":null,"verifie":true,"name":"LA GRANDE MOSQUEE","source":"Géoportail ANSTAT"}},{"type":"Feature","geometry":{"type":"Point","coordinates":[-6.342177999999933,7.456183000000067]},"properties":{"id":19473,"nom":"LA GRANDE MOSQUEE","type":"mosquee","district_region":null,"departement_commune":null,"verifie":true,"name":"LA GRANDE MOSQUEE","source":"Géoportail ANSTAT"}},{"type":"Feature","geometry":{"type":"Point","coordinates":[-6.765859999999975,6.795667000000037]},"properties":{"id":19474,"nom":"LA GRANDE MOSQUEE","type":"mosquee","district_region":null,"departement_commune":null,"verifie":true,"name":"LA GRANDE MOSQUEE","source":"Géoportail ANSTAT"}},{"type":"Feature","geometry":{"type":"Point","coordinates":[-6.309752999999944,6.447806000000071]},"properties":{"id":19475,"nom":"LA PETITE MOSQUEE","type":"mosquee","district_region":null,"departement_commune":null,"verifie":true,"name":"LA PETITE MOSQUEE","source":"Géoportail ANSTAT"}},{"type":"Feature","geometry":{"type":"Point","coordinates":[-4.76131799999996,5.863711000000023]},"properties":{"id":19476,"nom":"LA GRANDE MOSQUEE","type":"mosquee","district_region":null,"departement_commune":null,"verifie":true,"name":"LA GRANDE MOSQUEE","source":"Géoportail ANSTAT"}},{"type":"Feature","geometry":{"type":"Point","coordinates":[-4.190853999999945,5.651144000000045]},"properties":{"id":19477,"nom":"LA MOSQUEE D ELEVI","type":"mosquee","district_region":null,"departement_commune":null,"verifie":true,"name":"LA MOSQUEE D ELEVI","source":"Géoportail ANSTAT"}},{"type":"Feature","geometry":{"type":"Point","coordinates":[-4.174443999999937,5.665211000000056]},"properties":{"id":19478,"nom":"LA MOSQUEE D AKE BEFIA","type":"mosquee","district_region":null,"departement_commune":null,"verifie":true,"name":"LA MOSQUEE D AKE BEFIA","source":"Géoportail ANSTAT"}},{"type":"Feature","geometry":{"type":"Point","coordinates":[-4.083744999999965,5.633619000000067]},"properties":{"id":19479,"nom":"LA MOSQUEE","type":"mosquee","district_region":null,"departement_commune":null,"verifie":true,"name":"LA MOSQUEE","source":"Géoportail ANSTAT"}},{"type":"Feature","geometry":{"type":"Point","coordinates":[-5.682550999999933,5.849447000000055]},"properties":{"id":19480,"nom":"LA GRANDE MOSQUEE DE LAKOTA","type":"mosquee","district_region":null,"departement_commune":null,"verifie":true,"name":"LA GRANDE MOSQUEE DE LAKOTA","source":"Géoportail ANSTAT"}},{"type":"Feature","geometry":{"type":"Point","coordinates":[-5.18302499999993,5.570826000000068]},"properties":{"id":19481,"nom":"LA GRANDE MOSQUEE DE TIEGBA 2","type":"mosquee","district_region":null,"departement_commune":null,"verifie":true,"name":"LA GRANDE MOSQUEE DE TIEGBA 2","source":"Géoportail ANSTAT"}},{"type":"Feature","geometry":{"type":"Point","coordinates":[-5.133865999999955,5.600384000000076]},"properties":{"id":19483,"nom":"LA MOSQUEE DE TIEGBZ","type":"mosquee","district_region":null,"departement_commune":null,"verifie":true,"name":"LA MOSQUEE DE TIEGBZ","source":"Géoportail ANSTAT"}},{"type":"Feature","geometry":{"type":"Point","coordinates":[-5.369575999999938,5.263738000000046]},"properties":{"id":19484,"nom":"LA GRANDE MOSQUEE DE LAUZOUA CARREFOU","type":"mosquee","district_region":null,"departement_commune":null,"verifie":true,"name":"LA GRANDE MOSQUEE DE LAUZOUA CARREFOU","source":"Géoportail ANSTAT"}},{"type":"Feature","geometry":{"type":"Point","coordinates":[-6.247097999999937,9.902578000000062]},"properties":{"id":19485,"nom":"LA GRANDE MOSQUEE","type":"mosquee","district_region":null,"departement_commune":null,"verifie":true,"name":"LA GRANDE MOSQUEE","source":"Géoportail ANSTAT"}},{"type":"Feature","geometry":{"type":"Point","coordinates":[-6.247193999999979,9.902706000000023]},"properties":{"id":19486,"nom":"LA PETITE MOSQUEE","type":"mosquee","district_region":null,"departement_commune":null,"verifie":true,"name":"LA PETITE MOSQUEE","source":"Géoportail ANSTAT"}},{"type":"Feature","geometry":{"type":"Point","coordinates":[-6.169592999999963,8.048573000000033]},"properties":{"id":19487,"nom":"LA GRANDE MOSQUEE DE KOGOLO","type":"mosquee","district_region":null,"departement_commune":null,"verifie":true,"name":"LA GRANDE MOSQUEE DE KOGOLO","source":"Géoportail ANSTAT"}},{"type":"Feature","geometry":{"type":"Point","coordinates":[-6.182831999999962,8.100865000000056]},"properties":{"id":19488,"nom":"LA GRANDE MOSQUEE","type":"mosquee","district_region":null,"departement_commune":null,"verifie":true,"name":"LA GRANDE MOSQUEE","source":"Géoportail ANSTAT"}},{"type":"Feature","geometry":{"type":"Point","coordinates":[-3.737191999999936,6.993272000000047]},"properties":{"id":19490,"nom":"ECOLE CORANIQUE DE GRANDE MOSQUEE","type":"mosquee","district_region":null,"departement_commune":null,"verifie":true,"name":"ECOLE CORANIQUE DE GRANDE MOSQUEE","source":"Géoportail ANSTAT"}},{"type":"Feature","geometry":{"type":"Point","coordinates":[-3.243049999999926,6.91225600000007]},"properties":{"id":19491,"nom":"LA GRANDE MOSQUEE DE SIAKAKRO","type":"mosquee","district_region":null,"departement_commune":null,"verifie":true,"name":"LA GRANDE MOSQUEE DE SIAKAKRO","source":"Géoportail ANSTAT"}},{"type":"Feature","geometry":{"type":"Point","coordinates":[-3.201966999999968,7.135203000000047]},"properties":{"id":19493,"nom":"LA GRANDE MOSQUEE D AGNIBILEKRO","type":"mosquee","district_region":null,"departement_commune":null,"verifie":true,"name":"LA GRANDE MOSQUEE D AGNIBILEKRO","source":"Géoportail ANSTAT"}},{"type":"Feature","geometry":{"type":"Point","coordinates":[-3.518500999999958,5.282723000000033]},"properties":{"id":19497,"nom":"LA GRANDE MOSQUEE SOUNITE","type":"mosquee","district_region":null,"departement_commune":null,"verifie":true,"name":"LA GRANDE MOSQUEE SOUNITE","source":"Géoportail ANSTAT"}},{"type":"Feature","geometry":{"type":"Point","coordinates":[-2.975557999999978,5.266865000000053]},"properties":{"id":19498,"nom":"LA GRANDE MOSQUEE DE DJEMISSIKRO","type":"mosquee","district_region":null,"departement_commune":null,"verifie":true,"name":"LA GRANDE MOSQUEE DE DJEMISSIKRO","source":"Géoportail ANSTAT"}},{"type":"Feature","geometry":{"type":"Point","coordinates":[-3.25361399999997,5.679617000000064]},"properties":{"id":19501,"nom":"LA GRANDE MOSQUEE DE YAOU SOUBRE","type":"mosquee","district_region":null,"departement_commune":null,"verifie":true,"name":"LA GRANDE MOSQUEE DE YAOU SOUBRE","source":"Géoportail ANSTAT"}},{"type":"Feature","geometry":{"type":"Point","coordinates":[-5.687288999999964,8.766421000000037]},"properties":{"id":19502,"nom":"LA GRANDE MOSQUEE DE TORTIYA","type":"mosquee","district_region":null,"departement_commune":null,"verifie":true,"name":"LA GRANDE MOSQUEE DE TORTIYA","source":"Géoportail ANSTAT"}},{"type":"Feature","geometry":{"type":"Point","coordinates":[-7.694278999999938,7.461291000000074]},"properties":{"id":19503,"nom":"LA GRANDE MOSQUEE DE BIAKALE","type":"mosquee","district_region":null,"departement_commune":null,"verifie":true,"name":"LA GRANDE MOSQUEE DE BIAKALE","source":"Géoportail ANSTAT"}},{"type":"Feature","geometry":{"type":"Point","coordinates":[-7.559375999999929,7.413377000000025]},"properties":{"id":19504,"nom":"LA PETIT MOSQUE","type":"mosquee","district_region":null,"departement_commune":null,"verifie":true,"name":"LA PETIT MOSQUE","source":"Géoportail ANSTAT"}},{"type":"Feature","geometry":{"type":"Point","coordinates":[-7.552430999999956,7.114232000000072]},"properties":{"id":19505,"nom":"LA MOSQUEE DU VOYAGEUR","type":"mosquee","district_region":null,"departement_commune":null,"verifie":true,"name":"LA MOSQUEE DU VOYAGEUR","source":"Géoportail ANSTAT"}},{"type":"Feature","geometry":{"type":"Point","coordinates":[-7.320416999999964,7.541670000000067]},"properties":{"id":19506,"nom":"LA MOSQUE","type":"mosquee","district_region":null,"departement_commune":null,"verifie":true,"name":"LA MOSQUE","source":"Géoportail ANSTAT"}},{"type":"Feature","geometry":{"type":"Point","coordinates":[-7.343331999999975,7.518010000000061]},"properties":{"id":19507,"nom":"LA MOSQUE","type":"mosquee","district_region":null,"departement_commune":null,"verifie":true,"name":"LA MOSQUE","source":"Géoportail ANSTAT"}},{"type":"Feature","geometry":{"type":"Point","coordinates":[-7.391190999999935,7.478133000000071]},"properties":{"id":19508,"nom":"LA MOSQUE","type":"mosquee","district_region":null,"departement_commune":null,"verifie":true,"name":"LA MOSQUE","source":"Géoportail ANSTAT"}},{"type":"Feature","geometry":{"type":"Point","coordinates":[-3.986850999999945,7.864550000000065]},"properties":{"id":19659,"nom":"LA PETITE ET LA GRANDE MOSQUEE DE FAMIENKRO","type":"mosquee","district_region":null,"departement_commune":null,"verifie":true,"name":"LA PETITE ET LA GRANDE MOSQUEE DE FAMIENKRO","source":"Géoportail ANSTAT"}},{"type":"Feature","geometry":{"type":"Point","coordinates":[-5.256682999999953,6.816614000000072]},"properties":{"id":19662,"nom":"MOSQUEE NOUR DES 220 LOGTS YAMOUSSOUKRO","type":"mosquee","district_region":null,"departement_commune":null,"verifie":true,"name":"MOSQUEE NOUR DES 220 LOGTS YAMOUSSOUKRO","source":"Géoportail ANSTAT"}},{"type":"Feature","geometry":{"type":"Point","coordinates":[-5.271820999999932,6.795254000000057]},"properties":{"id":19666,"nom":"MOSQUEE","type":"mosquee","district_region":null,"departement_commune":null,"verifie":true,"name":"MOSQUEE","source":"Géoportail ANSTAT"}},{"type":"Feature","geometry":{"type":"Point","coordinates":[-5.035060999999928,5.272569000000033]},"properties":{"id":19668,"nom":"ECOLE CARANIQUE DE LA MOSQUE PRINCIPALE","type":"mosquee","district_region":null,"departement_commune":null,"verifie":true,"name":"ECOLE CARANIQUE DE LA MOSQUE PRINCIPALE","source":"Géoportail ANSTAT"}},{"type":"Feature","geometry":{"type":"Point","coordinates":[-5.263455999999962,6.805613000000051]},"properties":{"id":19672,"nom":"MOSQUE","type":"mosquee","district_region":null,"departement_commune":null,"verifie":true,"name":"MOSQUE","source":"Géoportail ANSTAT"}},{"type":"Feature","geometry":{"type":"Point","coordinates":[-5.271121999999934,6.797461000000055]},"properties":{"id":20264,"nom":"MOSQUEE","type":"mosquee","district_region":null,"departement_commune":null,"verifie":true,"name":"MOSQUEE","source":"Géoportail ANSTAT"}},{"type":"Feature","geometry":{"type":"Point","coordinates":[-5.274707999999976,6.775175000000047]},"properties":{"id":20267,"nom":"MOSQUEE SOPIM","type":"mosquee","district_region":null,"departement_commune":null,"verifie":true,"name":"MOSQUEE SOPIM","source":"Géoportail ANSTAT"}},{"type":"Feature","geometry":{"type":"Point","coordinates":[-5.270432999999969,6.798167000000035]},"properties":{"id":20841,"nom":"MOSQUEE","type":"mosquee","district_region":null,"departement_commune":null,"verifie":true,"name":"MOSQUEE","source":"Géoportail ANSTAT"}},{"type":"Feature","geometry":{"type":"Point","coordinates":[-5.140434999999968,9.360903000000064]},"properties":{"id":20842,"nom":"MOSQUE","type":"mosquee","district_region":null,"departement_commune":null,"verifie":true,"name":"MOSQUE","source":"Géoportail ANSTAT"}},{"type":"Feature","geometry":{"type":"Point","coordinates":[-5.27773899999994,9.50405900000004]},"properties":{"id":20843,"nom":"MOSQUE","type":"mosquee","district_region":null,"departement_commune":null,"verifie":true,"name":"MOSQUE","source":"Géoportail ANSTAT"}},{"type":"Feature","geometry":{"type":"Point","coordinates":[-5.146174999999971,9.962890000000073]},"properties":{"id":20844,"nom":"MOSQUE","type":"mosquee","district_region":null,"departement_commune":null,"verifie":true,"name":"MOSQUE","source":"Géoportail ANSTAT"}},{"type":"Feature","geometry":{"type":"Point","coordinates":[-5.389185999999938,10.09840900000006]},"properties":{"id":20845,"nom":"MOSQUE","type":"mosquee","district_region":null,"departement_commune":null,"verifie":true,"name":"MOSQUE","source":"Géoportail ANSTAT"}},{"type":"Feature","geometry":{"type":"Point","coordinates":[-5.461417999999981,10.10230200000007]},"properties":{"id":20846,"nom":"MOSQUE","type":"mosquee","district_region":null,"departement_commune":null,"verifie":true,"name":"MOSQUE","source":"Géoportail ANSTAT"}},{"type":"Feature","geometry":{"type":"Point","coordinates":[-5.468231999999944,10.10606900000005]},"properties":{"id":20847,"nom":"MOSQUE","type":"mosquee","district_region":null,"departement_commune":null,"verifie":true,"name":"MOSQUE","source":"Géoportail ANSTAT"}},{"type":"Feature","geometry":{"type":"Point","coordinates":[-5.470131999999978,10.10600400000004]},"properties":{"id":20853,"nom":"MOSQUE","type":"mosquee","district_region":null,"departement_commune":null,"verifie":true,"name":"MOSQUE","source":"Géoportail ANSTAT"}},{"type":"Feature","geometry":{"type":"Point","coordinates":[-6.772445999999945,4.934094000000073]},"properties":{"id":20867,"nom":"MOSQUE","type":"mosquee","district_region":null,"departement_commune":null,"verifie":true,"name":"MOSQUE","source":"Géoportail ANSTAT"}},{"type":"Feature","geometry":{"type":"Point","coordinates":[-6.669404999999927,4.77410500000002]},"properties":{"id":20868,"nom":"MOSQUE","type":"mosquee","district_region":null,"departement_commune":null,"verifie":true,"name":"MOSQUE","source":"Géoportail ANSTAT"}},{"type":"Feature","geometry":{"type":"Point","coordinates":[-6.658791999999949,4.785048000000074]},"properties":{"id":20869,"nom":"MOSQUE","type":"mosquee","district_region":null,"departement_commune":null,"verifie":true,"name":"MOSQUE","source":"Géoportail ANSTAT"}},{"type":"Feature","geometry":{"type":"Point","coordinates":[-6.660202999999967,4.775815000000023]},"properties":{"id":20870,"nom":"MOSQUE","type":"mosquee","district_region":null,"departement_commune":null,"verifie":true,"name":"MOSQUE","source":"Géoportail ANSTAT"}},{"type":"Feature","geometry":{"type":"Point","coordinates":[-6.65355599999998,4.780797000000064]},"properties":{"id":20871,"nom":"MOSQUE","type":"mosquee","district_region":null,"departement_commune":null,"verifie":true,"name":"MOSQUE","source":"Géoportail ANSTAT"}},{"type":"Feature","geometry":{"type":"Point","coordinates":[-6.536803999999961,5.263604000000043]},"properties":{"id":20874,"nom":"MOSQUE","type":"mosquee","district_region":null,"departement_commune":null,"verifie":true,"name":"MOSQUE","source":"Géoportail ANSTAT"}},{"type":"Feature","geometry":{"type":"Point","coordinates":[-6.555375999999967,5.02137700000003]},"properties":{"id":20876,"nom":"MOSQUE","type":"mosquee","district_region":null,"departement_commune":null,"verifie":true,"name":"MOSQUE","source":"Géoportail ANSTAT"}},{"type":"Feature","geometry":{"type":"Point","coordinates":[-6.660237999999936,4.97787900000003]},"properties":{"id":20877,"nom":"MOSQUE","type":"mosquee","district_region":null,"departement_commune":null,"verifie":true,"name":"MOSQUE","source":"Géoportail ANSTAT"}},{"type":"Feature","geometry":{"type":"Point","coordinates":[-6.671901999999932,5.156590000000051]},"properties":{"id":20878,"nom":"MOSQUE","type":"mosquee","district_region":null,"departement_commune":null,"verifie":true,"name":"MOSQUE","source":"Géoportail ANSTAT"}},{"type":"Feature","geometry":{"type":"Point","coordinates":[-6.744043999999974,5.049113000000034]},"properties":{"id":20883,"nom":"MOSQUE","type":"mosquee","district_region":null,"departement_commune":null,"verifie":true,"name":"MOSQUE","source":"Géoportail ANSTAT"}},{"type":"Feature","geometry":{"type":"Point","coordinates":[-7.270930999999962,4.558529000000021]},"properties":{"id":20884,"nom":"MOSQUE","type":"mosquee","district_region":null,"departement_commune":null,"verifie":true,"name":"MOSQUE","source":"Géoportail ANSTAT"}},{"type":"Feature","geometry":{"type":"Point","coordinates":[-7.47886699999998,4.77928600000007]},"properties":{"id":20887,"nom":"MOSQUE","type":"mosquee","district_region":null,"departement_commune":null,"verifie":true,"name":"MOSQUE","source":"Géoportail ANSTAT"}},{"type":"Feature","geometry":{"type":"Point","coordinates":[-7.536265999999955,5.077976000000035]},"properties":{"id":20888,"nom":"MOSQUE","type":"mosquee","district_region":null,"departement_commune":null,"verifie":true,"name":"MOSQUE","source":"Géoportail ANSTAT"}},{"type":"Feature","geometry":{"type":"Point","coordinates":[-7.386136999999962,5.144033000000036]},"properties":{"id":20889,"nom":"MOSQUE","type":"mosquee","district_region":null,"departement_commune":null,"verifie":true,"name":"MOSQUE","source":"Géoportail ANSTAT"}},{"type":"Feature","geometry":{"type":"Point","coordinates":[-7.323762999999929,5.246725000000026]},"properties":{"id":20890,"nom":"MOSQUE","type":"mosquee","district_region":null,"departement_commune":null,"verifie":true,"name":"MOSQUE","source":"Géoportail ANSTAT"}},{"type":"Feature","geometry":{"type":"Point","coordinates":[-7.311404999999979,5.277568000000031]},"properties":{"id":20891,"nom":"MOSQUE","type":"mosquee","district_region":null,"departement_commune":null,"verifie":true,"name":"MOSQUE","source":"Géoportail ANSTAT"}},{"type":"Feature","geometry":{"type":"Point","coordinates":[-7.204794999999933,5.261635000000069]},"properties":{"id":20892,"nom":"MOSQUE","type":"mosquee","district_region":null,"departement_commune":null,"verifie":true,"name":"MOSQUE","source":"Géoportail ANSTAT"}},{"type":"Feature","geometry":{"type":"Point","coordinates":[-7.437089999999955,5.238804000000073]},"properties":{"id":20893,"nom":"MOSQUE","type":"mosquee","district_region":null,"departement_commune":null,"verifie":true,"name":"MOSQUE","source":"Géoportail ANSTAT"}},{"type":"Feature","geometry":{"type":"Point","coordinates":[-7.400246999999979,5.234731000000068]},"properties":{"id":20894,"nom":"MOSQUE","type":"mosquee","district_region":null,"departement_commune":null,"verifie":true,"name":"MOSQUE","source":"Géoportail ANSTAT"}},{"type":"Feature","geometry":{"type":"Point","coordinates":[-7.352555999999936,5.194969000000071]},"properties":{"id":20895,"nom":"MOSQUE","type":"mosquee","district_region":null,"departement_commune":null,"verifie":true,"name":"MOSQUE","source":"Géoportail ANSTAT"}},{"type":"Feature","geometry":{"type":"Point","coordinates":[-7.36889199999996,5.292265000000043]},"properties":{"id":20896,"nom":"MOSQUE","type":"mosquee","district_region":null,"departement_commune":null,"verifie":true,"name":"MOSQUE","source":"Géoportail ANSTAT"}},{"type":"Feature","geometry":{"type":"Point","coordinates":[-7.281093999999939,5.36210600000004]},"properties":{"id":20897,"nom":"MOSQUE","type":"mosquee","district_region":null,"departement_commune":null,"verifie":true,"name":"MOSQUE","source":"Géoportail ANSTAT"}},{"type":"Feature","geometry":{"type":"Point","coordinates":[-7.280605999999977,5.360135000000071]},"properties":{"id":20903,"nom":"MOSQUE","type":"mosquee","district_region":null,"departement_commune":null,"verifie":true,"name":"MOSQUE","source":"Géoportail ANSTAT"}},{"type":"Feature","geometry":{"type":"Point","coordinates":[-7.078479999999956,4.906064000000072]},"properties":{"id":20904,"nom":"MOSQUE","type":"mosquee","district_region":null,"departement_commune":null,"verifie":true,"name":"MOSQUE","source":"Géoportail ANSTAT"}},{"type":"Feature","geometry":{"type":"Point","coordinates":[-6.438934999999958,5.217539000000045]},"properties":{"id":20905,"nom":"MOSQUE","type":"mosquee","district_region":null,"departement_commune":null,"verifie":true,"name":"MOSQUE","source":"Géoportail ANSTAT"}},{"type":"Feature","geometry":{"type":"Point","coordinates":[-7.485540999999955,4.849325000000022]},"properties":{"id":20906,"nom":"MOSQUE","type":"mosquee","district_region":null,"departement_commune":null,"verifie":true,"name":"MOSQUE","source":"Géoportail ANSTAT"}},{"type":"Feature","geometry":{"type":"Point","coordinates":[-5.936038999999937,9.528381000000024]},"properties":{"id":20907,"nom":"MOSQUE","type":"mosquee","district_region":null,"departement_commune":null,"verifie":true,"name":"MOSQUE","source":"Géoportail ANSTAT"}},{"type":"Feature","geometry":{"type":"Point","coordinates":[-5.927791999999954,9.532947000000036]},"properties":{"id":20908,"nom":"MOSQUE","type":"mosquee","district_region":null,"departement_commune":null,"verifie":true,"name":"MOSQUE","source":"Géoportail ANSTAT"}},{"type":"Feature","geometry":{"type":"Point","coordinates":[-6.160630999999967,10.12088500000004]},"properties":{"id":20909,"nom":"MOSQUE","type":"mosquee","district_region":null,"departement_commune":null,"verifie":true,"name":"MOSQUE","source":"Géoportail ANSTAT"}},{"type":"Feature","geometry":{"type":"Point","coordinates":[-6.128067999999928,10.15155300000004]},"properties":{"id":20910,"nom":"MOSQUE","type":"mosquee","district_region":null,"departement_commune":null,"verifie":true,"name":"MOSQUE","source":"Géoportail ANSTAT"}},{"type":"Feature","geometry":{"type":"Point","coordinates":[-6.180251999999939,10.17900200000003]},"properties":{"id":20911,"nom":"MOSQUE","type":"mosquee","district_region":null,"departement_commune":null,"verifie":true,"name":"MOSQUE","source":"Géoportail ANSTAT"}},{"type":"Feature","geometry":{"type":"Point","coordinates":[-5.635408999999925,9.482683000000064]},"properties":{"id":20912,"nom":"MOSQUE","type":"mosquee","district_region":null,"departement_commune":null,"verifie":true,"name":"MOSQUE","source":"Géoportail ANSTAT"}},{"type":"Feature","geometry":{"type":"Point","coordinates":[-5.643473999999969,9.47835200000003]},"properties":{"id":20913,"nom":"MOSQUE","type":"mosquee","district_region":null,"departement_commune":null,"verifie":true,"name":"MOSQUE","source":"Géoportail ANSTAT"}},{"type":"Feature","geometry":{"type":"Point","coordinates":[-5.64767999999998,9.48039300000005]},"properties":{"id":20914,"nom":"MOSQUE","type":"mosquee","district_region":null,"departement_commune":null,"verifie":true,"name":"MOSQUE","source":"Géoportail ANSTAT"}},{"type":"Feature","geometry":{"type":"Point","coordinates":[-5.644513999999958,9.486974000000032]},"properties":{"id":20915,"nom":"MOSQUE","type":"mosquee","district_region":null,"departement_commune":null,"verifie":true,"name":"MOSQUE","source":"Géoportail ANSTAT"}},{"type":"Feature","geometry":{"type":"Point","coordinates":[-5.63925299999994,9.49435600000004]},"properties":{"id":20916,"nom":"MOSQUE","type":"mosquee","district_region":null,"departement_commune":null,"verifie":true,"name":"MOSQUE","source":"Géoportail ANSTAT"}},{"type":"Feature","geometry":{"type":"Point","coordinates":[-5.585097999999959,9.530966000000037]},"properties":{"id":20917,"nom":"MOSQUE","type":"mosquee","district_region":null,"departement_commune":null,"verifie":true,"name":"MOSQUE","source":"Géoportail ANSTAT"}},{"type":"Feature","geometry":{"type":"Point","coordinates":[-5.56838799999997,9.643165000000067]},"properties":{"id":20918,"nom":"MOSQUE","type":"mosquee","district_region":null,"departement_commune":null,"verifie":true,"name":"MOSQUE","source":"Géoportail ANSTAT"}},{"type":"Feature","geometry":{"type":"Point","coordinates":[-5.516991999999959,9.693590000000029]},"properties":{"id":20919,"nom":"MOSQUE","type":"mosquee","district_region":null,"departement_commune":null,"verifie":true,"name":"MOSQUE","source":"Géoportail ANSTAT"}},{"type":"Feature","geometry":{"type":"Point","coordinates":[-5.628641999999957,9.443866000000073]},"properties":{"id":20920,"nom":"MOSQUE","type":"mosquee","district_region":null,"departement_commune":null,"verifie":true,"name":"MOSQUE","source":"Géoportail ANSTAT"}},{"type":"Feature","geometry":{"type":"Point","coordinates":[-5.642120999999975,9.464822000000026]},"properties":{"id":20921,"nom":"MOSQUE","type":"mosquee","district_region":null,"departement_commune":null,"verifie":true,"name":"MOSQUE","source":"Géoportail ANSTAT"}},{"type":"Feature","geometry":{"type":"Point","coordinates":[-5.630358999999942,9.464102000000024]},"properties":{"id":20922,"nom":"MOSQUE","type":"mosquee","district_region":null,"departement_commune":null,"verifie":true,"name":"MOSQUE","source":"Géoportail ANSTAT"}},{"type":"Feature","geometry":{"type":"Point","coordinates":[-5.632035999999971,9.462519000000045]},"properties":{"id":20923,"nom":"MOSQUE","type":"mosquee","district_region":null,"departement_commune":null,"verifie":true,"name":"MOSQUE","source":"Géoportail ANSTAT"}},{"type":"Feature","geometry":{"type":"Point","coordinates":[-5.634611999999947,9.459624000000076]},"properties":{"id":20924,"nom":"MOSQUE","type":"mosquee","district_region":null,"departement_commune":null,"verifie":true,"name":"MOSQUE","source":"Géoportail ANSTAT"}},{"type":"Feature","geometry":{"type":"Point","coordinates":[-5.710298999999964,9.238350000000024]},"properties":{"id":20925,"nom":"MOSQUE","type":"mosquee","district_region":null,"departement_commune":null,"verifie":true,"name":"MOSQUE","source":"Géoportail ANSTAT"}},{"type":"Feature","geometry":{"type":"Point","coordinates":[-5.614177999999981,9.064265000000034]},"properties":{"id":20926,"nom":"MOSQUE","type":"mosquee","district_region":null,"departement_commune":null,"verifie":true,"name":"MOSQUE","source":"Géoportail ANSTAT"}},{"type":"Feature","geometry":{"type":"Point","coordinates":[-5.697513999999956,9.068583000000046]},"properties":{"id":20927,"nom":"MOSQUE","type":"mosquee","district_region":null,"departement_commune":null,"verifie":true,"name":"MOSQUE","source":"Géoportail ANSTAT"}},{"type":"Feature","geometry":{"type":"Point","coordinates":[-5.694068999999956,9.066950000000077]},"properties":{"id":20928,"nom":"MOSQUE","type":"mosquee","district_region":null,"departement_commune":null,"verifie":true,"name":"MOSQUE","source":"Géoportail ANSTAT"}},{"type":"Feature","geometry":{"type":"Point","coordinates":[-5.581669999999974,9.11771600000003]},"properties":{"id":20929,"nom":"MOSQUE","type":"mosquee","district_region":null,"departement_commune":null,"verifie":true,"name":"MOSQUE","source":"Géoportail ANSTAT"}},{"type":"Feature","geometry":{"type":"Point","coordinates":[-5.51655999999997,9.380360000000053]},"properties":{"id":20930,"nom":"MOSQUE","type":"mosquee","district_region":null,"departement_commune":null,"verifie":true,"name":"MOSQUE","source":"Géoportail ANSTAT"}},{"type":"Feature","geometry":{"type":"Point","coordinates":[-5.496922999999981,9.37404900000007]},"properties":{"id":20931,"nom":"MOSQUE","type":"mosquee","district_region":null,"departement_commune":null,"verifie":true,"name":"MOSQUE","source":"Géoportail ANSTAT"}},{"type":"Feature","geometry":{"type":"Point","coordinates":[-5.429642999999942,9.329837000000056]},"properties":{"id":20932,"nom":"MOSQUE","type":"mosquee","district_region":null,"departement_commune":null,"verifie":true,"name":"MOSQUE","source":"Géoportail ANSTAT"}},{"type":"Feature","geometry":{"type":"Point","coordinates":[-5.363172999999961,9.488028000000044]},"properties":{"id":20933,"nom":"MOSQUE","type":"mosquee","district_region":null,"departement_commune":null,"verifie":true,"name":"MOSQUE","source":"Géoportail ANSTAT"}},{"type":"Feature","geometry":{"type":"Point","coordinates":[-5.476696999999945,9.55110700000006]},"properties":{"id":20935,"nom":"MOSQUE","type":"mosquee","district_region":null,"departement_commune":null,"verifie":true,"name":"MOSQUE","source":"Géoportail ANSTAT"}},{"type":"Feature","geometry":{"type":"Point","coordinates":[-6.681693999999936,5.795500000000061]},"properties":{"id":20936,"nom":"MOSQUE","type":"mosquee","district_region":null,"departement_commune":null,"verifie":true,"name":"MOSQUE","source":"Géoportail ANSTAT"}},{"type":"Feature","geometry":{"type":"Point","coordinates":[-6.680688999999973,5.793918000000076]},"properties":{"id":20937,"nom":"MOSQUE","type":"mosquee","district_region":null,"departement_commune":null,"verifie":true,"name":"MOSQUE","source":"Géoportail ANSTAT"}},{"type":"Feature","geometry":{"type":"Point","coordinates":[-6.844476999999927,5.778182000000072]},"properties":{"id":20939,"nom":"MOSQUE","type":"mosquee","district_region":null,"departement_commune":null,"verifie":true,"name":"MOSQUE","source":"Géoportail ANSTAT"}},{"type":"Feature","geometry":{"type":"Point","coordinates":[-6.783818999999937,5.503549000000021]},"properties":{"id":20940,"nom":"MOSQUE","type":"mosquee","district_region":null,"departement_commune":null,"verifie":true,"name":"MOSQUE","source":"Géoportail ANSTAT"}},{"type":"Feature","geometry":{"type":"Point","coordinates":[-6.724558999999942,5.453692000000046]},"properties":{"id":20941,"nom":"MOSQUE","type":"mosquee","district_region":null,"departement_commune":null,"verifie":true,"name":"MOSQUE","source":"Géoportail ANSTAT"}},{"type":"Feature","geometry":{"type":"Point","coordinates":[-6.525310999999931,5.350268000000028]},"properties":{"id":20942,"nom":"MOSQUE","type":"mosquee","district_region":null,"departement_commune":null,"verifie":true,"name":"MOSQUE","source":"Géoportail ANSTAT"}},{"type":"Feature","geometry":{"type":"Point","coordinates":[-6.528717999999969,5.356634000000042]},"properties":{"id":20943,"nom":"MOSQUE","type":"mosquee","district_region":null,"departement_commune":null,"verifie":true,"name":"MOSQUE","source":"Géoportail ANSTAT"}},{"type":"Feature","geometry":{"type":"Point","coordinates":[-6.465415999999948,5.394698000000062]},"properties":{"id":20945,"nom":"MOSQUE","type":"mosquee","district_region":null,"departement_commune":null,"verifie":true,"name":"MOSQUE","source":"Géoportail ANSTAT"}},{"type":"Feature","geometry":{"type":"Point","coordinates":[-6.340993999999966,5.935816000000045]},"properties":{"id":20946,"nom":"MOSQUE","type":"mosquee","district_region":null,"departement_commune":null,"verifie":true,"name":"MOSQUE","source":"Géoportail ANSTAT"}},{"type":"Feature","geometry":{"type":"Point","coordinates":[-6.419066999999927,5.846803000000023]},"properties":{"id":20951,"nom":"MOSQUE","type":"mosquee","district_region":null,"departement_commune":null,"verifie":true,"name":"MOSQUE","source":"Géoportail ANSTAT"}},{"type":"Feature","geometry":{"type":"Point","coordinates":[-6.421082999999953,5.681441000000063]},"properties":{"id":20952,"nom":"MOSQUE","type":"mosquee","district_region":null,"departement_commune":null,"verifie":true,"name":"MOSQUE","source":"Géoportail ANSTAT"}},{"type":"Feature","geometry":{"type":"Point","coordinates":[-6.475090999999964,5.664242000000058]},"properties":{"id":20959,"nom":"MOSQUE","type":"mosquee","district_region":null,"departement_commune":null,"verifie":true,"name":"MOSQUE","source":"Géoportail ANSTAT"}},{"type":"Feature","geometry":{"type":"Point","coordinates":[-7.075102999999956,6.177222000000029]},"properties":{"id":20960,"nom":"MOSQUE","type":"mosquee","district_region":null,"departement_commune":null,"verifie":true,"name":"MOSQUE","source":"Géoportail ANSTAT"}},{"type":"Feature","geometry":{"type":"Point","coordinates":[-7.072074999999927,6.176308000000063]},"properties":{"id":20962,"nom":"MOSQUE","type":"mosquee","district_region":null,"departement_commune":null,"verifie":true,"name":"MOSQUE","source":"Géoportail ANSTAT"}},{"type":"Feature","geometry":{"type":"Point","coordinates":[-7.010425999999939,6.246905000000027]},"properties":{"id":20963,"nom":"MOSQUE","type":"mosquee","district_region":null,"departement_commune":null,"verifie":true,"name":"MOSQUE","source":"Géoportail ANSTAT"}},{"type":"Feature","geometry":{"type":"Point","coordinates":[-6.063959999999952,5.692046000000062]},"properties":{"id":20973,"nom":"MOSQUE","type":"mosquee","district_region":null,"departement_commune":null,"verifie":true,"name":"MOSQUE","source":"Géoportail ANSTAT"}},{"type":"Feature","geometry":{"type":"Point","coordinates":[-7.258579999999938,7.134408000000064]},"properties":{"id":20974,"nom":"MOSQUE","type":"mosquee","district_region":null,"departement_commune":null,"verifie":true,"name":"MOSQUE","source":"Géoportail ANSTAT"}},{"type":"Feature","geometry":{"type":"Point","coordinates":[-7.26916099999994,7.131898000000035]},"properties":{"id":20976,"nom":"MOSQUE","type":"mosquee","district_region":null,"departement_commune":null,"verifie":true,"name":"MOSQUE","source":"Géoportail ANSTAT"}},{"type":"Feature","geometry":{"type":"Point","coordinates":[-7.040089999999964,6.805737000000022]},"properties":{"id":20977,"nom":"MOSQUE","type":"mosquee","district_region":null,"departement_commune":null,"verifie":true,"name":"MOSQUE","source":"Géoportail ANSTAT"}},{"type":"Feature","geometry":{"type":"Point","coordinates":[-7.058131999999944,6.817535000000021]},"properties":{"id":20978,"nom":"MOSQUE","type":"mosquee","district_region":null,"departement_commune":null,"verifie":true,"name":"MOSQUE","source":"Géoportail ANSTAT"}},{"type":"Feature","geometry":{"type":"Point","coordinates":[-7.016807999999969,6.652788000000044]},"properties":{"id":20979,"nom":"MOSQUE","type":"mosquee","district_region":null,"departement_commune":null,"verifie":true,"name":"MOSQUE","source":"Géoportail ANSTAT"}},{"type":"Feature","geometry":{"type":"Point","coordinates":[-7.01790399999993,6.740455000000054]},"properties":{"id":20980,"nom":"MOSQUE","type":"mosquee","district_region":null,"departement_commune":null,"verifie":true,"name":"MOSQUE","source":"Géoportail ANSTAT"}},{"type":"Feature","geometry":{"type":"Point","coordinates":[-7.022705999999971,6.738129000000072]},"properties":{"id":20981,"nom":"MOSQUE","type":"mosquee","district_region":null,"departement_commune":null,"verifie":true,"name":"MOSQUE","source":"Géoportail ANSTAT"}},{"type":"Feature","geometry":{"type":"Point","coordinates":[-7.022423999999944,6.741021000000046]},"properties":{"id":20982,"nom":"MOSQUE","type":"mosquee","district_region":null,"departement_commune":null,"verifie":true,"name":"MOSQUE","source":"Géoportail ANSTAT"}},{"type":"Feature","geometry":{"type":"Point","coordinates":[-7.02217399999995,6.740411000000051]},"properties":{"id":20983,"nom":"MOSQUE","type":"mosquee","district_region":null,"departement_commune":null,"verifie":true,"name":"MOSQUE","source":"Géoportail ANSTAT"}},{"type":"Feature","geometry":{"type":"Point","coordinates":[-7.02514599999995,6.743735000000072]},"properties":{"id":20984,"nom":"MOSQUE","type":"mosquee","district_region":null,"departement_commune":null,"verifie":true,"name":"MOSQUE","source":"Géoportail ANSTAT"}},{"type":"Feature","geometry":{"type":"Point","coordinates":[-7.048032999999975,6.691767000000027]},"properties":{"id":20985,"nom":"MOSQUE","type":"mosquee","district_region":null,"departement_commune":null,"verifie":true,"name":"MOSQUE","source":"Géoportail ANSTAT"}},{"type":"Feature","geometry":{"type":"Point","coordinates":[-7.169463999999948,6.741231000000028]},"properties":{"id":20986,"nom":"MOSQUE","type":"mosquee","district_region":null,"departement_commune":null,"verifie":true,"name":"MOSQUE","source":"Géoportail ANSTAT"}},{"type":"Feature","geometry":{"type":"Point","coordinates":[-7.240066999999954,6.742592000000059]},"properties":{"id":20987,"nom":"MOSQUE","type":"mosquee","district_region":null,"departement_commune":null,"verifie":true,"name":"MOSQUE","source":"Géoportail ANSTAT"}},{"type":"Feature","geometry":{"type":"Point","coordinates":[-7.116244999999935,6.737117000000069]},"properties":{"id":20988,"nom":"MOSQUE","type":"mosquee","district_region":null,"departement_commune":null,"verifie":true,"name":"MOSQUE","source":"Géoportail ANSTAT"}},{"type":"Feature","geometry":{"type":"Point","coordinates":[-7.120439999999974,6.737926000000073]},"properties":{"id":20989,"nom":"MOSQUE","type":"mosquee","district_region":null,"departement_commune":null,"verifie":true,"name":"MOSQUE","source":"Géoportail ANSTAT"}},{"type":"Feature","geometry":{"type":"Point","coordinates":[-7.122566999999947,6.735475000000065]},"properties":{"id":20990,"nom":"MOSQUE","type":"mosquee","district_region":null,"departement_commune":null,"verifie":true,"name":"MOSQUE","source":"Géoportail ANSTAT"}},{"type":"Feature","geometry":{"type":"Point","coordinates":[-7.115443999999968,6.733077000000037]},"properties":{"id":20991,"nom":"MOSQUE","type":"mosquee","district_region":null,"departement_commune":null,"verifie":true,"name":"MOSQUE","source":"Géoportail ANSTAT"}},{"type":"Feature","geometry":{"type":"Point","coordinates":[-7.067685999999981,6.781610000000057]},"properties":{"id":20992,"nom":"MOSQUE","type":"mosquee","district_region":null,"departement_commune":null,"verifie":true,"name":"MOSQUE","source":"Géoportail ANSTAT"}},{"type":"Feature","geometry":{"type":"Point","coordinates":[-7.395741999999927,6.950882000000036]},"properties":{"id":20993,"nom":"MOSQUE","type":"mosquee","district_region":null,"departement_commune":null,"verifie":true,"name":"MOSQUE","source":"Géoportail ANSTAT"}},{"type":"Feature","geometry":{"type":"Point","coordinates":[-7.369909999999948,6.970432000000073]},"properties":{"id":20994,"nom":"MOSQUE","type":"mosquee","district_region":null,"departement_commune":null,"verifie":true,"name":"MOSQUE","source":"Géoportail ANSTAT"}},{"type":"Feature","geometry":{"type":"Point","coordinates":[-7.369965999999977,6.973235000000045]},"properties":{"id":20995,"nom":"MOSQUE","type":"mosquee","district_region":null,"departement_commune":null,"verifie":true,"name":"MOSQUE","source":"Géoportail ANSTAT"}},{"type":"Feature","geometry":{"type":"Point","coordinates":[-7.372128999999973,6.972235000000069]},"properties":{"id":20996,"nom":"MOSQUE","type":"mosquee","district_region":null,"departement_commune":null,"verifie":true,"name":"MOSQUE","source":"Géoportail ANSTAT"}},{"type":"Feature","geometry":{"type":"Point","coordinates":[-7.515527999999961,6.893519000000026]},"properties":{"id":20997,"nom":"MOSQUE","type":"mosquee","district_region":null,"departement_commune":null,"verifie":true,"name":"MOSQUE","source":"Géoportail ANSTAT"}},{"type":"Feature","geometry":{"type":"Point","coordinates":[-7.517532999999958,6.891289000000029]},"properties":{"id":20998,"nom":"MOSQUE","type":"mosquee","district_region":null,"departement_commune":null,"verifie":true,"name":"MOSQUE","source":"Géoportail ANSTAT"}},{"type":"Feature","geometry":{"type":"Point","coordinates":[-7.518095999999957,6.892856000000052]},"properties":{"id":20999,"nom":"MOSQUE","type":"mosquee","district_region":null,"departement_commune":null,"verifie":true,"name":"MOSQUE","source":"Géoportail ANSTAT"}},{"type":"Feature","geometry":{"type":"Point","coordinates":[-7.509649999999965,6.892154000000062]},"properties":{"id":21000,"nom":"MOSQUE","type":"mosquee","district_region":null,"departement_commune":null,"verifie":true,"name":"MOSQUE","source":"Géoportail ANSTAT"}},{"type":"Feature","geometry":{"type":"Point","coordinates":[-7.543239999999969,6.821789000000024]},"properties":{"id":21001,"nom":"MOSQUE","type":"mosquee","district_region":null,"departement_commune":null,"verifie":true,"name":"MOSQUE","source":"Géoportail ANSTAT"}},{"type":"Feature","geometry":{"type":"Point","coordinates":[-7.159494999999936,6.479941000000053]},"properties":{"id":21002,"nom":"MOSQUE","type":"mosquee","district_region":null,"departement_commune":null,"verifie":true,"name":"MOSQUE","source":"Géoportail ANSTAT"}},{"type":"Feature","geometry":{"type":"Point","coordinates":[-7.158831999999961,6.48570200000006]},"properties":{"id":21003,"nom":"MOSQUE","type":"mosquee","district_region":null,"departement_commune":null,"verifie":true,"name":"MOSQUE","source":"Géoportail ANSTAT"}},{"type":"Feature","geometry":{"type":"Point","coordinates":[-7.121755999999948,6.479262000000062]},"properties":{"id":21006,"nom":"MOSQUE","type":"mosquee","district_region":null,"departement_commune":null,"verifie":true,"name":"MOSQUE","source":"Géoportail ANSTAT"}},{"type":"Feature","geometry":{"type":"Point","coordinates":[-7.292182999999966,6.53981200000004]},"properties":{"id":21007,"nom":"MOSQUE","type":"mosquee","district_region":null,"departement_commune":null,"verifie":true,"name":"MOSQUE","source":"Géoportail ANSTAT"}},{"type":"Feature","geometry":{"type":"Point","coordinates":[-7.293724999999938,6.56768100000005]},"properties":{"id":21008,"nom":"MOSQUE","type":"mosquee","district_region":null,"departement_commune":null,"verifie":true,"name":"MOSQUE","source":"Géoportail ANSTAT"}},{"type":"Feature","geometry":{"type":"Point","coordinates":[-7.318924999999979,6.603080000000034]},"properties":{"id":21012,"nom":"MOSQUE","type":"mosquee","district_region":null,"departement_commune":null,"verifie":true,"name":"MOSQUE","source":"Géoportail ANSTAT"}},{"type":"Feature","geometry":{"type":"Point","coordinates":[-7.368597999999963,6.727004000000022]},"properties":{"id":21013,"nom":"MOSQUE","type":"mosquee","district_region":null,"departement_commune":null,"verifie":true,"name":"MOSQUE","source":"Géoportail ANSTAT"}},{"type":"Feature","geometry":{"type":"Point","coordinates":[-7.369149999999934,6.625864000000036]},"properties":{"id":21017,"nom":"MOSQUE","type":"mosquee","district_region":null,"departement_commune":null,"verifie":true,"name":"MOSQUE","source":"Géoportail ANSTAT"}},{"type":"Feature","geometry":{"type":"Point","coordinates":[-7.289910999999961,6.856593000000032]},"properties":{"id":21019,"nom":"MOSQUE","type":"mosquee","district_region":null,"departement_commune":null,"verifie":true,"name":"MOSQUE","source":"Géoportail ANSTAT"}},{"type":"Feature","geometry":{"type":"Point","coordinates":[-4.238152999999954,5.221855000000062]},"properties":{"id":21021,"nom":"MOSQUE","type":"mosquee","district_region":null,"departement_commune":null,"verifie":true,"name":"MOSQUE","source":"Géoportail ANSTAT"}},{"type":"Feature","geometry":{"type":"Point","coordinates":[-4.878833999999927,5.635830000000055]},"properties":{"id":21022,"nom":"MOSQUE","type":"mosquee","district_region":null,"departement_commune":null,"verifie":true,"name":"MOSQUE","source":"Géoportail ANSTAT"}},{"type":"Feature","geometry":{"type":"Point","coordinates":[-4.881208999999956,5.637533000000076]},"properties":{"id":21033,"nom":"MOSQUE","type":"mosquee","district_region":null,"departement_commune":null,"verifie":true,"name":"MOSQUE","source":"Géoportail ANSTAT"}},{"type":"Feature","geometry":{"type":"Point","coordinates":[-4.957844999999963,5.575449000000049]},"properties":{"id":21037,"nom":"MMOSQUEE DE APPIAHKRO","type":"mosquee","district_region":null,"departement_commune":null,"verifie":true,"name":"MMOSQUEE DE APPIAHKRO","source":"Géoportail ANSTAT"}},{"type":"Feature","geometry":{"type":"Point","coordinates":[-5.766338999999959,6.226097000000038]},"properties":{"id":21039,"nom":"MOSQUE","type":"mosquee","district_region":null,"departement_commune":null,"verifie":true,"name":"MOSQUE","source":"Géoportail ANSTAT"}},{"type":"Feature","geometry":{"type":"Point","coordinates":[-5.921531999999956,6.05139900000006]},"properties":{"id":21040,"nom":"MOSQUE","type":"mosquee","district_region":null,"departement_commune":null,"verifie":true,"name":"MOSQUE","source":"Géoportail ANSTAT"}},{"type":"Feature","geometry":{"type":"Point","coordinates":[-5.932991999999956,5.984196000000054]},"properties":{"id":21041,"nom":"MOSQUE","type":"mosquee","district_region":null,"departement_commune":null,"verifie":true,"name":"MOSQUE","source":"Géoportail ANSTAT"}},{"type":"Feature","geometry":{"type":"Point","coordinates":[-5.93139199999996,5.985872000000029]},"properties":{"id":21046,"nom":"MOSQUE","type":"mosquee","district_region":null,"departement_commune":null,"verifie":true,"name":"MOSQUE","source":"Géoportail ANSTAT"}},{"type":"Feature","geometry":{"type":"Point","coordinates":[-6.045733999999925,6.008452000000034]},"properties":{"id":21047,"nom":"MOSQUE","type":"mosquee","district_region":null,"departement_commune":null,"verifie":true,"name":"MOSQUE","source":"Géoportail ANSTAT"}},{"type":"Feature","geometry":{"type":"Point","coordinates":[-6.13840799999997,6.034408000000042]},"properties":{"id":21054,"nom":"MOSQUE","type":"mosquee","district_region":null,"departement_commune":null,"verifie":true,"name":"MOSQUE","source":"Géoportail ANSTAT"}},{"type":"Feature","geometry":{"type":"Point","coordinates":[-5.948420999999939,6.122727000000054]},"properties":{"id":21057,"nom":"MOSQUE","type":"mosquee","district_region":null,"departement_commune":null,"verifie":true,"name":"MOSQUE","source":"Géoportail ANSTAT"}},{"type":"Feature","geometry":{"type":"Point","coordinates":[-6.220230999999956,6.020454000000029]},"properties":{"id":21061,"nom":"MOSQUE","type":"mosquee","district_region":null,"departement_commune":null,"verifie":true,"name":"MOSQUE","source":"Géoportail ANSTAT"}},{"type":"Feature","geometry":{"type":"Point","coordinates":[-6.359335999999928,6.261792000000071]},"properties":{"id":21067,"nom":"MOSQUE","type":"mosquee","district_region":null,"departement_commune":null,"verifie":true,"name":"MOSQUE","source":"Géoportail ANSTAT"}},{"type":"Feature","geometry":{"type":"Point","coordinates":[-6.177067999999963,6.245835000000056]},"properties":{"id":21069,"nom":"MOSQUE","type":"mosquee","district_region":null,"departement_commune":null,"verifie":true,"name":"MOSQUE","source":"Géoportail ANSTAT"}},{"type":"Feature","geometry":{"type":"Point","coordinates":[-5.980784999999969,6.399633000000051]},"properties":{"id":21074,"nom":"MOSQUE","type":"mosquee","district_region":null,"departement_commune":null,"verifie":true,"name":"MOSQUE","source":"Géoportail ANSTAT"}},{"type":"Feature","geometry":{"type":"Point","coordinates":[-5.953741999999977,6.465765000000033]},"properties":{"id":21075,"nom":"MOSQUE","type":"mosquee","district_region":null,"departement_commune":null,"verifie":true,"name":"MOSQUE","source":"Géoportail ANSTAT"}},{"type":"Feature","geometry":{"type":"Point","coordinates":[-5.944986999999969,6.281466000000023]},"properties":{"id":21078,"nom":"MOSQUE","type":"mosquee","district_region":null,"departement_commune":null,"verifie":true,"name":"MOSQUE","source":"Géoportail ANSTAT"}},{"type":"Feature","geometry":{"type":"Point","coordinates":[-5.871816999999965,6.016514000000029]},"properties":{"id":21079,"nom":"MOSQUE","type":"mosquee","district_region":null,"departement_commune":null,"verifie":true,"name":"MOSQUE","source":"Géoportail ANSTAT"}},{"type":"Feature","geometry":{"type":"Point","coordinates":[-5.490935999999977,6.340021000000036]},"properties":{"id":21080,"nom":"MOSQUE","type":"mosquee","district_region":null,"departement_commune":null,"verifie":true,"name":"MOSQUE","source":"Géoportail ANSTAT"}},{"type":"Feature","geometry":{"type":"Point","coordinates":[-5.50198899999998,6.399444000000074]},"properties":{"id":21081,"nom":"MOSQUE","type":"mosquee","district_region":null,"departement_commune":null,"verifie":true,"name":"MOSQUE","source":"Géoportail ANSTAT"}},{"type":"Feature","geometry":{"type":"Point","coordinates":[-5.558912999999961,6.427335000000028]},"properties":{"id":21082,"nom":"MOSQUE","type":"mosquee","district_region":null,"departement_commune":null,"verifie":true,"name":"MOSQUE","source":"Géoportail ANSTAT"}},{"type":"Feature","geometry":{"type":"Point","coordinates":[-5.55897699999997,6.429758000000049]},"properties":{"id":21083,"nom":"MOSQUE","type":"mosquee","district_region":null,"departement_commune":null,"verifie":true,"name":"MOSQUE","source":"Géoportail ANSTAT"}},{"type":"Feature","geometry":{"type":"Point","coordinates":[-5.562371999999925,6.427965000000029]},"properties":{"id":21084,"nom":"MOSQUE","type":"mosquee","district_region":null,"departement_commune":null,"verifie":true,"name":"MOSQUE","source":"Géoportail ANSTAT"}},{"type":"Feature","geometry":{"type":"Point","coordinates":[-5.562073999999939,6.429618000000062]},"properties":{"id":21085,"nom":"MOSQUE","type":"mosquee","district_region":null,"departement_commune":null,"verifie":true,"name":"MOSQUE","source":"Géoportail ANSTAT"}},{"type":"Feature","geometry":{"type":"Point","coordinates":[-5.560052999999925,6.428558000000066]},"properties":{"id":21086,"nom":"MOSQUE","type":"mosquee","district_region":null,"departement_commune":null,"verifie":true,"name":"MOSQUE","source":"Géoportail ANSTAT"}},{"type":"Feature","geometry":{"type":"Point","coordinates":[-5.559246999999971,6.431616000000076]},"properties":{"id":21089,"nom":"MOSQUE","type":"mosquee","district_region":null,"departement_commune":null,"verifie":true,"name":"MOSQUE","source":"Géoportail ANSTAT"}},{"type":"Feature","geometry":{"type":"Point","coordinates":[-5.419108999999935,6.382376000000022]},"properties":{"id":21090,"nom":"MOSQUE","type":"mosquee","district_region":null,"departement_commune":null,"verifie":true,"name":"MOSQUE","source":"Géoportail ANSTAT"}},{"type":"Feature","geometry":{"type":"Point","coordinates":[-5.411951999999928,6.386044000000027]},"properties":{"id":21091,"nom":"MOSQUE","type":"mosquee","district_region":null,"departement_commune":null,"verifie":true,"name":"MOSQUE","source":"Géoportail ANSTAT"}},{"type":"Feature","geometry":{"type":"Point","coordinates":[-5.415435999999943,6.387123000000031]},"properties":{"id":21092,"nom":"MOSQUE","type":"mosquee","district_region":null,"departement_commune":null,"verifie":true,"name":"MOSQUE","source":"Géoportail ANSTAT"}},{"type":"Feature","geometry":{"type":"Point","coordinates":[-5.409158999999931,6.39233100000007]},"properties":{"id":21093,"nom":"MOSQUE","type":"mosquee","district_region":null,"departement_commune":null,"verifie":true,"name":"MOSQUE","source":"Géoportail ANSTAT"}},{"type":"Feature","geometry":{"type":"Point","coordinates":[-5.408699999999953,6.393504000000064]},"properties":{"id":21094,"nom":"MOSQUE","type":"mosquee","district_region":null,"departement_commune":null,"verifie":true,"name":"MOSQUE","source":"Géoportail ANSTAT"}},{"type":"Feature","geometry":{"type":"Point","coordinates":[-5.410841999999946,6.392014000000074]},"properties":{"id":21101,"nom":"MOSQUE","type":"mosquee","district_region":null,"departement_commune":null,"verifie":true,"name":"MOSQUE","source":"Géoportail ANSTAT"}},{"type":"Feature","geometry":{"type":"Point","coordinates":[-5.566205999999966,6.292737000000045]},"properties":{"id":21102,"nom":"MOSQUE","type":"mosquee","district_region":null,"departement_commune":null,"verifie":true,"name":"MOSQUE","source":"Géoportail ANSTAT"}},{"type":"Feature","geometry":{"type":"Point","coordinates":[-6.354081999999948,5.137290000000064]},"properties":{"id":21103,"nom":"MOSQUE","type":"mosquee","district_region":null,"departement_commune":null,"verifie":true,"name":"MOSQUE","source":"Géoportail ANSTAT"}},{"type":"Feature","geometry":{"type":"Point","coordinates":[-6.063719999999932,5.24326700000006]},"properties":{"id":21107,"nom":"MOSQUE","type":"mosquee","district_region":null,"departement_commune":null,"verifie":true,"name":"MOSQUE","source":"Géoportail ANSTAT"}},{"type":"Feature","geometry":{"type":"Point","coordinates":[-5.78594099999998,5.189789000000076]},"properties":{"id":21109,"nom":"MOSQUE","type":"mosquee","district_region":null,"departement_commune":null,"verifie":true,"name":"MOSQUE","source":"Géoportail ANSTAT"}},{"type":"Feature","geometry":{"type":"Point","coordinates":[-6.304635999999959,5.025676000000033]},"properties":{"id":21112,"nom":"MOSQUE","type":"mosquee","district_region":null,"departement_commune":null,"verifie":true,"name":"MOSQUE","source":"Géoportail ANSTAT"}},{"type":"Feature","geometry":{"type":"Point","coordinates":[-4.805901999999946,7.227227000000028]},"properties":{"id":21113,"nom":"MOSQUE","type":"mosquee","district_region":null,"departement_commune":null,"verifie":true,"name":"MOSQUE","source":"Géoportail ANSTAT"}},{"type":"Feature","geometry":{"type":"Point","coordinates":[-4.828912999999943,6.236446000000058]},"properties":{"id":21114,"nom":"MOSQUE","type":"mosquee","district_region":null,"departement_commune":null,"verifie":true,"name":"MOSQUE","source":"Géoportail ANSTAT"}},{"type":"Feature","geometry":{"type":"Point","coordinates":[-4.87871599999994,7.12402000000003]},"properties":{"id":21115,"nom":"MOSQUE","type":"mosquee","district_region":null,"departement_commune":null,"verifie":true,"name":"MOSQUE","source":"Géoportail ANSTAT"}},{"type":"Feature","geometry":{"type":"Point","coordinates":[-4.891262999999981,7.401186000000052]},"properties":{"id":21116,"nom":"MOSQUE","type":"mosquee","district_region":null,"departement_commune":null,"verifie":true,"name":"MOSQUE","source":"Géoportail ANSTAT"}},{"type":"Feature","geometry":{"type":"Point","coordinates":[-4.985513999999966,7.406216000000029]},"properties":{"id":21120,"nom":"MOSQUE","type":"mosquee","district_region":null,"departement_commune":null,"verifie":true,"name":"MOSQUE","source":"Géoportail ANSTAT"}},{"type":"Feature","geometry":{"type":"Point","coordinates":[-5.005530999999962,6.563963000000058]},"properties":{"id":21121,"nom":"MOSQUE","type":"mosquee","district_region":null,"departement_commune":null,"verifie":true,"name":"MOSQUE","source":"Géoportail ANSTAT"}},{"type":"Feature","geometry":{"type":"Point","coordinates":[-5.014458999999931,6.56373700000006]},"properties":{"id":21122,"nom":"MOSQUE","type":"mosquee","district_region":null,"departement_commune":null,"verifie":true,"name":"MOSQUE","source":"Géoportail ANSTAT"}},{"type":"Feature","geometry":{"type":"Point","coordinates":[-5.010045999999932,6.56129500000003]},"properties":{"id":21127,"nom":"MOSQUE","type":"mosquee","district_region":null,"departement_commune":null,"verifie":true,"name":"MOSQUE","source":"Géoportail ANSTAT"}},{"type":"Feature","geometry":{"type":"Point","coordinates":[-5.225983999999926,6.38797500000004]},"properties":{"id":21130,"nom":"MOSQUE","type":"mosquee","district_region":null,"departement_commune":null,"verifie":true,"name":"MOSQUE","source":"Géoportail ANSTAT"}},{"type":"Feature","geometry":{"type":"Point","coordinates":[-3.914245999999935,5.413422000000025]},"properties":{"id":21131,"nom":"MOSQUE","type":"mosquee","district_region":null,"departement_commune":null,"verifie":true,"name":"MOSQUE","source":"Géoportail ANSTAT"}},{"type":"Feature","geometry":{"type":"Point","coordinates":[-4.189292999999964,5.580287000000055]},"properties":{"id":21137,"nom":"MOSQUE","type":"mosquee","district_region":null,"departement_commune":null,"verifie":true,"name":"MOSQUE","source":"Géoportail ANSTAT"}},{"type":"Feature","geometry":{"type":"Point","coordinates":[-2.798995999999931,8.040256000000056]},"properties":{"id":21138,"nom":"MOSQUE","type":"mosquee","district_region":null,"departement_commune":null,"verifie":true,"name":"MOSQUE","source":"Géoportail ANSTAT"}},{"type":"Feature","geometry":{"type":"Point","coordinates":[-2.800995999999941,8.037607000000037]},"properties":{"id":21139,"nom":"MOSQUE","type":"mosquee","district_region":null,"departement_commune":null,"verifie":true,"name":"MOSQUE","source":"Géoportail ANSTAT"}},{"type":"Feature","geometry":{"type":"Point","coordinates":[-3.649866999999972,8.114284000000055]},"properties":{"id":21140,"nom":"MOSQUE","type":"mosquee","district_region":null,"departement_commune":null,"verifie":true,"name":"MOSQUE","source":"Géoportail ANSTAT"}},{"type":"Feature","geometry":{"type":"Point","coordinates":[-3.448893999999939,8.223079000000041]},"properties":{"id":21144,"nom":"MOSQUE","type":"mosquee","district_region":null,"departement_commune":null,"verifie":true,"name":"MOSQUE","source":"Géoportail ANSTAT"}},{"type":"Feature","geometry":{"type":"Point","coordinates":[-3.00029799999993,8.15875200000005]},"properties":{"id":21145,"nom":"MOSQUE","type":"mosquee","district_region":null,"departement_commune":null,"verifie":true,"name":"MOSQUE","source":"Géoportail ANSTAT"}},{"type":"Feature","geometry":{"type":"Point","coordinates":[-3.324215999999979,7.662239000000056]},"properties":{"id":21147,"nom":"MOSQUE","type":"mosquee","district_region":null,"departement_commune":null,"verifie":true,"name":"MOSQUE","source":"Géoportail ANSTAT"}},{"type":"Feature","geometry":{"type":"Point","coordinates":[-3.166714999999954,7.800150000000031]},"properties":{"id":21149,"nom":"MOSQUE","type":"mosquee","district_region":null,"departement_commune":null,"verifie":true,"name":"MOSQUE","source":"Géoportail ANSTAT"}},{"type":"Feature","geometry":{"type":"Point","coordinates":[-2.981415999999967,7.704690000000028]},"properties":{"id":21152,"nom":"MOSQUE","type":"mosquee","district_region":null,"departement_commune":null,"verifie":true,"name":"MOSQUE","source":"Géoportail ANSTAT"}},{"type":"Feature","geometry":{"type":"Point","coordinates":[-6.591914999999972,8.100993000000074]},"properties":{"id":21155,"nom":"MOSQUE","type":"mosquee","district_region":null,"departement_commune":null,"verifie":true,"name":"MOSQUE","source":"Géoportail ANSTAT"}},{"type":"Feature","geometry":{"type":"Point","coordinates":[-6.039495999999929,6.92303000000004]},"properties":{"id":21164,"nom":"MOSQUE","type":"mosquee","district_region":null,"departement_commune":null,"verifie":true,"name":"MOSQUE","source":"Géoportail ANSTAT"}},{"type":"Feature","geometry":{"type":"Point","coordinates":[-6.143755999999939,7.607535000000041]},"properties":{"id":21165,"nom":"MOSQUE","type":"mosquee","district_region":null,"departement_commune":null,"verifie":true,"name":"MOSQUE","source":"Géoportail ANSTAT"}},{"type":"Feature","geometry":{"type":"Point","coordinates":[-6.141873999999973,7.604679000000033]},"properties":{"id":21166,"nom":"MOSQUE","type":"mosquee","district_region":null,"departement_commune":null,"verifie":true,"name":"MOSQUE","source":"Géoportail ANSTAT"}},{"type":"Feature","geometry":{"type":"Point","coordinates":[-6.139583999999957,7.548772000000042]},"properties":{"id":21168,"nom":"MOSQUE","type":"mosquee","district_region":null,"departement_commune":null,"verifie":true,"name":"MOSQUE","source":"Géoportail ANSTAT"}},{"type":"Feature","geometry":{"type":"Point","coordinates":[-6.288462999999979,7.426583000000051]},"properties":{"id":21178,"nom":"MOSQUE","type":"mosquee","district_region":null,"departement_commune":null,"verifie":true,"name":"MOSQUE","source":"Géoportail ANSTAT"}},{"type":"Feature","geometry":{"type":"Point","coordinates":[-5.923846999999967,6.952981000000023]},"properties":{"id":21180,"nom":"MOSQUE","type":"mosquee","district_region":null,"departement_commune":null,"verifie":true,"name":"MOSQUE","source":"Géoportail ANSTAT"}},{"type":"Feature","geometry":{"type":"Point","coordinates":[-5.829662999999925,6.640850000000057]},"properties":{"id":21181,"nom":"MOSQUE","type":"mosquee","district_region":null,"departement_commune":null,"verifie":true,"name":"MOSQUE","source":"Géoportail ANSTAT"}},{"type":"Feature","geometry":{"type":"Point","coordinates":[-6.117066999999963,6.506255000000067]},"properties":{"id":21182,"nom":"MOSQUE","type":"mosquee","district_region":null,"departement_commune":null,"verifie":true,"name":"MOSQUE","source":"Géoportail ANSTAT"}},{"type":"Feature","geometry":{"type":"Point","coordinates":[-6.082459999999969,6.519945000000064]},"properties":{"id":21183,"nom":"MOSQUE","type":"mosquee","district_region":null,"departement_commune":null,"verifie":true,"name":"MOSQUE","source":"Géoportail ANSTAT"}},{"type":"Feature","geometry":{"type":"Point","coordinates":[-6.113368999999977,6.518977000000064]},"properties":{"id":21184,"nom":"MOSQUE","type":"mosquee","district_region":null,"departement_commune":null,"verifie":true,"name":"MOSQUE","source":"Géoportail ANSTAT"}},{"type":"Feature","geometry":{"type":"Point","coordinates":[-5.743786999999941,6.620310000000075]},"properties":{"id":21187,"nom":"MOSQUE","type":"mosquee","district_region":null,"departement_commune":null,"verifie":true,"name":"MOSQUE","source":"Géoportail ANSTAT"}},{"type":"Feature","geometry":{"type":"Point","coordinates":[-5.92085499999996,6.63750600000003]},"properties":{"id":21189,"nom":"MOSQUE","type":"mosquee","district_region":null,"departement_commune":null,"verifie":true,"name":"MOSQUE","source":"Géoportail ANSTAT"}},{"type":"Feature","geometry":{"type":"Point","coordinates":[-5.000544999999931,7.667212000000063]},"properties":{"id":21193,"nom":"MOSQUE","type":"mosquee","district_region":null,"departement_commune":null,"verifie":true,"name":"MOSQUE","source":"Géoportail ANSTAT"}},{"type":"Feature","geometry":{"type":"Point","coordinates":[-5.013067999999976,7.72536800000006]},"properties":{"id":21194,"nom":"MOSQUE","type":"mosquee","district_region":null,"departement_commune":null,"verifie":true,"name":"MOSQUE","source":"Géoportail ANSTAT"}},{"type":"Feature","geometry":{"type":"Point","coordinates":[-5.05634299999997,7.72628700000007]},"properties":{"id":21211,"nom":"MOSQUE","type":"mosquee","district_region":null,"departement_commune":null,"verifie":true,"name":"MOSQUE","source":"Géoportail ANSTAT"}},{"type":"Feature","geometry":{"type":"Point","coordinates":[-5.074539999999956,7.515874000000053]},"properties":{"id":21213,"nom":"MOSQUE","type":"mosquee","district_region":null,"departement_commune":null,"verifie":true,"name":"MOSQUE","source":"Géoportail ANSTAT"}},{"type":"Feature","geometry":{"type":"Point","coordinates":[-5.352901999999972,8.105247000000077]},"properties":{"id":21223,"nom":"MOSQUE","type":"mosquee","district_region":null,"departement_commune":null,"verifie":true,"name":"MOSQUE","source":"Géoportail ANSTAT"}},{"type":"Feature","geometry":{"type":"Point","coordinates":[-3.401167999999927,9.469951000000036]},"properties":{"id":21224,"nom":"MOSQUE","type":"mosquee","district_region":null,"departement_commune":null,"verifie":true,"name":"MOSQUE","source":"Géoportail ANSTAT"}},{"type":"Feature","geometry":{"type":"Point","coordinates":[-3.49880399999995,8.537724000000026]},"properties":{"id":21225,"nom":"MOSQUE","type":"mosquee","district_region":null,"departement_commune":null,"verifie":true,"name":"MOSQUE","source":"Géoportail ANSTAT"}},{"type":"Feature","geometry":{"type":"Point","coordinates":[-3.750180999999941,8.421429000000046]},"properties":{"id":21228,"nom":"MOSQUE","type":"mosquee","district_region":null,"departement_commune":null,"verifie":true,"name":"MOSQUE","source":"Géoportail ANSTAT"}},{"type":"Feature","geometry":{"type":"Point","coordinates":[-4.678469999999948,7.337796000000026]},"properties":{"id":21229,"nom":"MOSQUE","type":"mosquee","district_region":null,"departement_commune":null,"verifie":true,"name":"MOSQUE","source":"Géoportail ANSTAT"}},{"type":"Feature","geometry":{"type":"Point","coordinates":[-4.234928999999966,6.974061000000063]},"properties":{"id":21233,"nom":"MOSQUE","type":"mosquee","district_region":null,"departement_commune":null,"verifie":true,"name":"MOSQUE","source":"Géoportail ANSTAT"}},{"type":"Feature","geometry":{"type":"Point","coordinates":[-4.618575999999962,6.631989000000033]},"properties":{"id":21234,"nom":"MOSQUE","type":"mosquee","district_region":null,"departement_commune":null,"verifie":true,"name":"MOSQUE","source":"Géoportail ANSTAT"}},{"type":"Feature","geometry":{"type":"Point","coordinates":[-4.731897999999944,7.036600000000021]},"properties":{"id":21238,"nom":"MOSQUE","type":"mosquee","district_region":null,"departement_commune":null,"verifie":true,"name":"MOSQUE","source":"Géoportail ANSTAT"}},{"type":"Feature","geometry":{"type":"Point","coordinates":[-7.301082999999949,6.439806000000033]},"properties":{"id":21239,"nom":"MOSQUE","type":"mosquee","district_region":null,"departement_commune":null,"verifie":true,"name":"MOSQUE","source":"Géoportail ANSTAT"}},{"type":"Feature","geometry":{"type":"Point","coordinates":[-7.479727999999966,6.530471000000034]},"properties":{"id":21240,"nom":"MOSQUE","type":"mosquee","district_region":null,"departement_commune":null,"verifie":true,"name":"MOSQUE","source":"Géoportail ANSTAT"}},{"type":"Feature","geometry":{"type":"Point","coordinates":[-7.511052999999947,6.303027000000043]},"properties":{"id":21241,"nom":"MOSQUE","type":"mosquee","district_region":null,"departement_commune":null,"verifie":true,"name":"MOSQUE","source":"Géoportail ANSTAT"}},{"type":"Feature","geometry":{"type":"Point","coordinates":[-7.908304999999928,6.621989000000042]},"properties":{"id":21243,"nom":"MOSQUE","type":"mosquee","district_region":null,"departement_commune":null,"verifie":true,"name":"MOSQUE","source":"Géoportail ANSTAT"}},{"type":"Feature","geometry":{"type":"Point","coordinates":[-8.282641999999953,6.424189000000069]},"properties":{"id":21248,"nom":"MOSQUE","type":"mosquee","district_region":null,"departement_commune":null,"verifie":true,"name":"MOSQUE","source":"Géoportail ANSTAT"}},{"type":"Feature","geometry":{"type":"Point","coordinates":[-6.471950999999933,7.135198000000059]},"properties":{"id":21249,"nom":"MOSQUE","type":"mosquee","district_region":null,"departement_commune":null,"verifie":true,"name":"MOSQUE","source":"Géoportail ANSTAT"}},{"type":"Feature","geometry":{"type":"Point","coordinates":[-6.468930999999941,7.132884000000047]},"properties":{"id":21250,"nom":"MOSQUE","type":"mosquee","district_region":null,"departement_commune":null,"verifie":true,"name":"MOSQUE","source":"Géoportail ANSTAT"}},{"type":"Feature","geometry":{"type":"Point","coordinates":[-6.467703999999969,7.130444000000068]},"properties":{"id":21251,"nom":"MOSQUE","type":"mosquee","district_region":null,"departement_commune":null,"verifie":true,"name":"MOSQUE","source":"Géoportail ANSTAT"}},{"type":"Feature","geometry":{"type":"Point","coordinates":[-6.481435999999974,7.131594000000064]},"properties":{"id":21257,"nom":"MOSQUE","type":"mosquee","district_region":null,"departement_commune":null,"verifie":true,"name":"MOSQUE","source":"Géoportail ANSTAT"}},{"type":"Feature","geometry":{"type":"Point","coordinates":[-6.486119999999971,6.874972000000071]},"properties":{"id":21258,"nom":"MOSQUE","type":"mosquee","district_region":null,"departement_commune":null,"verifie":true,"name":"MOSQUE","source":"Géoportail ANSTAT"}},{"type":"Feature","geometry":{"type":"Point","coordinates":[-6.428856999999937,6.882427000000064]},"properties":{"id":21259,"nom":"MOSQUE","type":"mosquee","district_region":null,"departement_commune":null,"verifie":true,"name":"MOSQUE","source":"Géoportail ANSTAT"}},{"type":"Feature","geometry":{"type":"Point","coordinates":[-6.433363999999926,6.852942000000041]},"properties":{"id":21261,"nom":"MOSQUE","type":"mosquee","district_region":null,"departement_commune":null,"verifie":true,"name":"MOSQUE","source":"Géoportail ANSTAT"}},{"type":"Feature","geometry":{"type":"Point","coordinates":[-6.457619999999963,6.926011000000074]},"properties":{"id":21264,"nom":"MOSQUE","type":"mosquee","district_region":null,"departement_commune":null,"verifie":true,"name":"MOSQUE","source":"Géoportail ANSTAT"}},{"type":"Feature","geometry":{"type":"Point","coordinates":[-6.139265999999964,7.20873000000006]},"properties":{"id":21267,"nom":"MOSQUE","type":"mosquee","district_region":null,"departement_commune":null,"verifie":true,"name":"MOSQUE","source":"Géoportail ANSTAT"}},{"type":"Feature","geometry":{"type":"Point","coordinates":[-6.246491999999932,6.904467000000068]},"properties":{"id":21268,"nom":"MOSQUE","type":"mosquee","district_region":null,"departement_commune":null,"verifie":true,"name":"MOSQUE","source":"Géoportail ANSTAT"}},{"type":"Feature","geometry":{"type":"Point","coordinates":[-6.369852999999978,7.084161000000051]},"properties":{"id":21270,"nom":"MOSQUE","type":"mosquee","district_region":null,"departement_commune":null,"verifie":true,"name":"MOSQUE","source":"Géoportail ANSTAT"}},{"type":"Feature","geometry":{"type":"Point","coordinates":[-6.16882499999997,7.16338200000007]},"properties":{"id":21271,"nom":"MOSQUE","type":"mosquee","district_region":null,"departement_commune":null,"verifie":true,"name":"MOSQUE","source":"Géoportail ANSTAT"}},{"type":"Feature","geometry":{"type":"Point","coordinates":[-6.164649999999938,7.160611000000074]},"properties":{"id":21280,"nom":"MOSQUE","type":"mosquee","district_region":null,"departement_commune":null,"verifie":true,"name":"MOSQUE","source":"Géoportail ANSTAT"}},{"type":"Feature","geometry":{"type":"Point","coordinates":[-6.436953999999957,6.862271000000021]},"properties":{"id":21283,"nom":"MOSQUE","type":"mosquee","district_region":null,"departement_commune":null,"verifie":true,"name":"MOSQUE","source":"Géoportail ANSTAT"}},{"type":"Feature","geometry":{"type":"Point","coordinates":[-6.113230999999928,6.419302000000073]},"properties":{"id":21286,"nom":"MOSQUE","type":"mosquee","district_region":null,"departement_commune":null,"verifie":true,"name":"MOSQUE","source":"Géoportail ANSTAT"}},{"type":"Feature","geometry":{"type":"Point","coordinates":[-6.882648999999958,6.65205700000007]},"properties":{"id":21290,"nom":"MOSQUE","type":"mosquee","district_region":null,"departement_commune":null,"verifie":true,"name":"MOSQUE","source":"Géoportail ANSTAT"}},{"type":"Feature","geometry":{"type":"Point","coordinates":[-6.278268999999966,6.494004000000075]},"properties":{"id":21291,"nom":"MOSQUE","type":"mosquee","district_region":null,"departement_commune":null,"verifie":true,"name":"MOSQUE","source":"Géoportail ANSTAT"}},{"type":"Feature","geometry":{"type":"Point","coordinates":[-6.277949999999976,6.486860000000036]},"properties":{"id":21292,"nom":"MOSQUE","type":"mosquee","district_region":null,"departement_commune":null,"verifie":true,"name":"MOSQUE","source":"Géoportail ANSTAT"}},{"type":"Feature","geometry":{"type":"Point","coordinates":[-6.277401999999938,6.483414000000039]},"properties":{"id":21293,"nom":"MOSQUE","type":"mosquee","district_region":null,"departement_commune":null,"verifie":true,"name":"MOSQUE","source":"Géoportail ANSTAT"}},{"type":"Feature","geometry":{"type":"Point","coordinates":[-6.580694999999935,6.500858000000051]},"properties":{"id":21294,"nom":"MOSQUE","type":"mosquee","district_region":null,"departement_commune":null,"verifie":true,"name":"MOSQUE","source":"Géoportail ANSTAT"}},{"type":"Feature","geometry":{"type":"Point","coordinates":[-6.786205999999936,6.250566000000049]},"properties":{"id":21303,"nom":"MOSQUE","type":"mosquee","district_region":null,"departement_commune":null,"verifie":true,"name":"MOSQUE","source":"Géoportail ANSTAT"}},{"type":"Feature","geometry":{"type":"Point","coordinates":[-4.609875999999929,5.992453000000069]},"properties":{"id":21311,"nom":"MOSQUE","type":"mosquee","district_region":null,"departement_commune":null,"verifie":true,"name":"MOSQUE","source":"Géoportail ANSTAT"}},{"type":"Feature","geometry":{"type":"Point","coordinates":[-7.796690999999953,9.039481000000023]},"properties":{"id":21312,"nom":"MOSQUE","type":"mosquee","district_region":null,"departement_commune":null,"verifie":true,"name":"MOSQUE","source":"Géoportail ANSTAT"}},{"type":"Feature","geometry":{"type":"Point","coordinates":[-5.675462999999979,6.112254000000064]},"properties":{"id":21316,"nom":"MOSQUE","type":"mosquee","district_region":null,"departement_commune":null,"verifie":true,"name":"MOSQUE","source":"Géoportail ANSTAT"}},{"type":"Feature","geometry":{"type":"Point","coordinates":[-5.91701299999994,5.739238000000057]},"properties":{"id":21317,"nom":"MOSQUE","type":"mosquee","district_region":null,"departement_commune":null,"verifie":true,"name":"MOSQUE","source":"Géoportail ANSTAT"}},{"type":"Feature","geometry":{"type":"Point","coordinates":[-5.91804499999995,5.744493000000034]},"properties":{"id":21318,"nom":"MOSQUE","type":"mosquee","district_region":null,"departement_commune":null,"verifie":true,"name":"MOSQUE","source":"Géoportail ANSTAT"}},{"type":"Feature","geometry":{"type":"Point","coordinates":[-5.120052999999928,5.234131000000048]},"properties":{"id":21319,"nom":"MOSQUE","type":"mosquee","district_region":null,"departement_commune":null,"verifie":true,"name":"MOSQUE","source":"Géoportail ANSTAT"}},{"type":"Feature","geometry":{"type":"Point","coordinates":[-5.110041999999964,5.266104000000041]},"properties":{"id":21320,"nom":"MOSQUE","type":"mosquee","district_region":null,"departement_commune":null,"verifie":true,"name":"MOSQUE","source":"Géoportail ANSTAT"}},{"type":"Feature","geometry":{"type":"Point","coordinates":[-5.162747999999965,5.391798000000051]},"properties":{"id":21321,"nom":"MOSQUE","type":"mosquee","district_region":null,"departement_commune":null,"verifie":true,"name":"MOSQUE","source":"Géoportail ANSTAT"}},{"type":"Feature","geometry":{"type":"Point","coordinates":[-5.209724999999935,5.420395000000042]},"properties":{"id":21322,"nom":"MOSQUE","type":"mosquee","district_region":null,"departement_commune":null,"verifie":true,"name":"MOSQUE","source":"Géoportail ANSTAT"}},{"type":"Feature","geometry":{"type":"Point","coordinates":[-5.368118999999979,5.582613000000038]},"properties":{"id":21323,"nom":"MOSQUE","type":"mosquee","district_region":null,"departement_commune":null,"verifie":true,"name":"MOSQUE","source":"Géoportail ANSTAT"}},{"type":"Feature","geometry":{"type":"Point","coordinates":[-5.118889999999965,5.611612000000036]},"properties":{"id":21329,"nom":"MOSQUE","type":"mosquee","district_region":null,"departement_commune":null,"verifie":true,"name":"MOSQUE","source":"Géoportail ANSTAT"}},{"type":"Feature","geometry":{"type":"Point","coordinates":[-5.127725999999939,5.938269000000048]},"properties":{"id":21330,"nom":"MOSQUE","type":"mosquee","district_region":null,"departement_commune":null,"verifie":true,"name":"MOSQUE","source":"Géoportail ANSTAT"}},{"type":"Feature","geometry":{"type":"Point","coordinates":[-5.501333999999929,5.913196000000028]},"properties":{"id":21331,"nom":"MOSQUE","type":"mosquee","district_region":null,"departement_commune":null,"verifie":true,"name":"MOSQUE","source":"Géoportail ANSTAT"}},{"type":"Feature","geometry":{"type":"Point","coordinates":[-5.019003999999939,5.927741000000026]},"properties":{"id":21333,"nom":"MOSQUE","type":"mosquee","district_region":null,"departement_commune":null,"verifie":true,"name":"MOSQUE","source":"Géoportail ANSTAT"}},{"type":"Feature","geometry":{"type":"Point","coordinates":[-5.321911999999941,5.969443000000069]},"properties":{"id":21334,"nom":"MOSQUE","type":"mosquee","district_region":null,"departement_commune":null,"verifie":true,"name":"MOSQUE","source":"Géoportail ANSTAT"}},{"type":"Feature","geometry":{"type":"Point","coordinates":[-5.632830999999953,6.123049000000037]},"properties":{"id":21336,"nom":"MOSQUE","type":"mosquee","district_region":null,"departement_commune":null,"verifie":true,"name":"MOSQUE","source":"Géoportail ANSTAT"}},{"type":"Feature","geometry":{"type":"Point","coordinates":[-6.456297999999947,9.767372000000025]},"properties":{"id":21337,"nom":"MOSQUE","type":"mosquee","district_region":null,"departement_commune":null,"verifie":true,"name":"MOSQUE","source":"Géoportail ANSTAT"}},{"type":"Feature","geometry":{"type":"Point","coordinates":[-6.483637999999928,9.521475000000066]},"properties":{"id":21338,"nom":"MOSQUE","type":"mosquee","district_region":null,"departement_commune":null,"verifie":true,"name":"MOSQUE","source":"Géoportail ANSTAT"}},{"type":"Feature","geometry":{"type":"Point","coordinates":[-6.467180999999925,9.523699000000022]},"properties":{"id":21339,"nom":"MOSQUE","type":"mosquee","district_region":null,"departement_commune":null,"verifie":true,"name":"MOSQUE","source":"Géoportail ANSTAT"}},{"type":"Feature","geometry":{"type":"Point","coordinates":[-6.484357999999929,9.51582600000006]},"properties":{"id":21340,"nom":"MOSQUE","type":"mosquee","district_region":null,"departement_commune":null,"verifie":true,"name":"MOSQUE","source":"Géoportail ANSTAT"}},{"type":"Feature","geometry":{"type":"Point","coordinates":[-6.465129999999931,9.53192800000005]},"properties":{"id":21341,"nom":"MOSQUE","type":"mosquee","district_region":null,"departement_commune":null,"verifie":true,"name":"MOSQUE","source":"Géoportail ANSTAT"}},{"type":"Feature","geometry":{"type":"Point","coordinates":[-6.464608999999939,9.530120000000068]},"properties":{"id":21342,"nom":"MOSQUE","type":"mosquee","district_region":null,"departement_commune":null,"verifie":true,"name":"MOSQUE","source":"Géoportail ANSTAT"}},{"type":"Feature","geometry":{"type":"Point","coordinates":[-6.64563499999997,10.61861100000004]},"properties":{"id":21343,"nom":"MOSQUE","type":"mosquee","district_region":null,"departement_commune":null,"verifie":true,"name":"MOSQUE","source":"Géoportail ANSTAT"}},{"type":"Feature","geometry":{"type":"Point","coordinates":[-6.22724999999997,8.428203000000053]},"properties":{"id":21344,"nom":"MOSQUE","type":"mosquee","district_region":null,"departement_commune":null,"verifie":true,"name":"MOSQUE","source":"Géoportail ANSTAT"}},{"type":"Feature","geometry":{"type":"Point","coordinates":[-5.836847999999975,7.797351000000049]},"properties":{"id":21345,"nom":"MOSQUE","type":"mosquee","district_region":null,"departement_commune":null,"verifie":true,"name":"MOSQUE","source":"Géoportail ANSTAT"}},{"type":"Feature","geometry":{"type":"Point","coordinates":[-6.936978999999951,10.31049800000005]},"properties":{"id":21346,"nom":"MOSQUE","type":"mosquee","district_region":null,"departement_commune":null,"verifie":true,"name":"MOSQUE","source":"Géoportail ANSTAT"}},{"type":"Feature","geometry":{"type":"Point","coordinates":[-6.947952999999927,10.16011800000007]},"properties":{"id":21347,"nom":"MOSQUE","type":"mosquee","district_region":null,"departement_commune":null,"verifie":true,"name":"MOSQUE","source":"Géoportail ANSTAT"}},{"type":"Feature","geometry":{"type":"Point","coordinates":[-3.334466999999961,6.75096300000007]},"properties":{"id":21355,"nom":"MOSQUE","type":"mosquee","district_region":null,"departement_commune":null,"verifie":true,"name":"MOSQUE","source":"Géoportail ANSTAT"}},{"type":"Feature","geometry":{"type":"Point","coordinates":[-3.382440999999972,7.039736000000062]},"properties":{"id":21359,"nom":"MOSQUE","type":"mosquee","district_region":null,"departement_commune":null,"verifie":true,"name":"MOSQUE","source":"Géoportail ANSTAT"}},{"type":"Feature","geometry":{"type":"Point","coordinates":[-3.197415999999976,7.145915000000059]},"properties":{"id":21360,"nom":"MOSQUE","type":"mosquee","district_region":null,"departement_commune":null,"verifie":true,"name":"MOSQUE","source":"Géoportail ANSTAT"}},{"type":"Feature","geometry":{"type":"Point","coordinates":[-3.471382999999946,6.25477200000006]},"properties":{"id":21362,"nom":"MOSQUE","type":"mosquee","district_region":null,"departement_commune":null,"verifie":true,"name":"MOSQUE","source":"Géoportail ANSTAT"}},{"type":"Feature","geometry":{"type":"Point","coordinates":[-7.577778999999964,9.506251000000075]},"properties":{"id":21363,"nom":"MOSQUE","type":"mosquee","district_region":null,"departement_commune":null,"verifie":true,"name":"MOSQUE","source":"Géoportail ANSTAT"}},{"type":"Feature","geometry":{"type":"Point","coordinates":[-7.161066999999946,9.580955000000074]},"properties":{"id":21364,"nom":"MMOSQUEE","type":"mosquee","district_region":null,"departement_commune":null,"verifie":true,"name":"MMOSQUEE","source":"Géoportail ANSTAT"}},{"type":"Feature","geometry":{"type":"Point","coordinates":[-7.851783999999952,9.618282000000022]},"properties":{"id":21368,"nom":"MOSQUE","type":"mosquee","district_region":null,"departement_commune":null,"verifie":true,"name":"MOSQUE","source":"Géoportail ANSTAT"}},{"type":"Feature","geometry":{"type":"Point","coordinates":[-3.907356999999934,6.174469000000045]},"properties":{"id":21380,"nom":"MOSQUE","type":"mosquee","district_region":null,"departement_commune":null,"verifie":true,"name":"MOSQUE","source":"Géoportail ANSTAT"}},{"type":"Feature","geometry":{"type":"Point","coordinates":[-3.505188999999973,5.278377000000035]},"properties":{"id":21381,"nom":"MOSQUE","type":"mosquee","district_region":null,"departement_commune":null,"verifie":true,"name":"MOSQUE","source":"Géoportail ANSTAT"}},{"type":"Feature","geometry":{"type":"Point","coordinates":[-3.517822999999964,5.40275500000007]},"properties":{"id":21383,"nom":"MOSQUE","type":"mosquee","district_region":null,"departement_commune":null,"verifie":true,"name":"MOSQUE","source":"Géoportail ANSTAT"}},{"type":"Feature","geometry":{"type":"Point","coordinates":[-3.448673999999926,5.504575000000045]},"properties":{"id":21388,"nom":"MOSQUE","type":"mosquee","district_region":null,"departement_commune":null,"verifie":true,"name":"MOSQUE","source":"Géoportail ANSTAT"}},{"type":"Feature","geometry":{"type":"Point","coordinates":[-3.381127999999933,5.293991000000062]},"properties":{"id":21389,"nom":"MOSQUE","type":"mosquee","district_region":null,"departement_commune":null,"verifie":true,"name":"MOSQUE","source":"Géoportail ANSTAT"}},{"type":"Feature","geometry":{"type":"Point","coordinates":[-3.37699299999997,5.293541000000062]},"properties":{"id":21392,"nom":"MOSQUE","type":"mosquee","district_region":null,"departement_commune":null,"verifie":true,"name":"MOSQUE","source":"Géoportail ANSTAT"}},{"type":"Feature","geometry":{"type":"Point","coordinates":[-2.889579999999967,5.216877000000068]},"properties":{"id":21393,"nom":"MOSQUE","type":"mosquee","district_region":null,"departement_commune":null,"verifie":true,"name":"MOSQUE","source":"Géoportail ANSTAT"}},{"type":"Feature","geometry":{"type":"Point","coordinates":[-2.896274999999946,5.180891000000031]},"properties":{"id":21400,"nom":"MOSQUE","type":"mosquee","district_region":null,"departement_commune":null,"verifie":true,"name":"MOSQUE","source":"Géoportail ANSTAT"}},{"type":"Feature","geometry":{"type":"Point","coordinates":[-2.835099999999954,5.504919000000029]},"properties":{"id":21406,"nom":"MOSQUE","type":"mosquee","district_region":null,"departement_commune":null,"verifie":true,"name":"MOSQUE","source":"Géoportail ANSTAT"}},{"type":"Feature","geometry":{"type":"Point","coordinates":[-5.194259999999929,8.787491000000045]},"properties":{"id":21407,"nom":"MOSQUE","type":"mosquee","district_region":null,"departement_commune":null,"verifie":true,"name":"MOSQUE","source":"Géoportail ANSTAT"}},{"type":"Feature","geometry":{"type":"Point","coordinates":[-5.373558999999943,8.894773000000043]},"properties":{"id":21408,"nom":"MOSQUE","type":"mosquee","district_region":null,"departement_commune":null,"verifie":true,"name":"MOSQUE","source":"Géoportail ANSTAT"}},{"type":"Feature","geometry":{"type":"Point","coordinates":[-5.155011999999942,9.077048000000048]},"properties":{"id":21409,"nom":"MOSQUE","type":"mosquee","district_region":null,"departement_commune":null,"verifie":true,"name":"MOSQUE","source":"Géoportail ANSTAT"}},{"type":"Feature","geometry":{"type":"Point","coordinates":[-5.158004999999946,9.068958000000066]},"properties":{"id":21412,"nom":"MOSQUE","type":"mosquee","district_region":null,"departement_commune":null,"verifie":true,"name":"MOSQUE","source":"Géoportail ANSTAT"}},{"type":"Feature","geometry":{"type":"Point","coordinates":[-5.106183999999928,8.133901000000037]},"properties":{"id":21413,"nom":"MOSQUE","type":"mosquee","district_region":null,"departement_commune":null,"verifie":true,"name":"MOSQUE","source":"Géoportail ANSTAT"}},{"type":"Feature","geometry":{"type":"Point","coordinates":[-4.711209999999937,8.407905000000028]},"properties":{"id":21414,"nom":"MOSQUE","type":"mosquee","district_region":null,"departement_commune":null,"verifie":true,"name":"MOSQUE","source":"Géoportail ANSTAT"}},{"type":"Feature","geometry":{"type":"Point","coordinates":[-4.056917999999939,8.426860000000033]},"properties":{"id":21416,"nom":"MOSQUE","type":"mosquee","district_region":null,"departement_commune":null,"verifie":true,"name":"MOSQUE","source":"Géoportail ANSTAT"}},{"type":"Feature","geometry":{"type":"Point","coordinates":[-7.542937999999936,7.581086000000028]},"properties":{"id":21417,"nom":"MOSQUE","type":"mosquee","district_region":null,"departement_commune":null,"verifie":true,"name":"MOSQUE","source":"Géoportail ANSTAT"}},{"type":"Feature","geometry":{"type":"Point","coordinates":[-7.568411999999967,7.433273000000042]},"properties":{"id":21424,"nom":"MOSQUE","type":"mosquee","district_region":null,"departement_commune":null,"verifie":true,"name":"MOSQUE","source":"Géoportail ANSTAT"}},{"type":"Feature","geometry":{"type":"Point","coordinates":[-7.539660999999967,7.409576000000072]},"properties":{"id":21425,"nom":"MOSQUE","type":"mosquee","district_region":null,"departement_commune":null,"verifie":true,"name":"MOSQUE","source":"Géoportail ANSTAT"}},{"type":"Feature","geometry":{"type":"Point","coordinates":[-7.569985999999972,7.187054000000046]},"properties":{"id":21427,"nom":"MOSQUE","type":"mosquee","district_region":null,"departement_commune":null,"verifie":true,"name":"MOSQUE","source":"Géoportail ANSTAT"}},{"type":"Feature","geometry":{"type":"Point","coordinates":[-7.986816999999974,6.770556000000056]},"properties":{"id":21428,"nom":"MOSQUE","type":"mosquee","district_region":null,"departement_commune":null,"verifie":true,"name":"MOSQUE","source":"Géoportail ANSTAT"}},{"type":"Feature","geometry":{"type":"Point","coordinates":[-8.16042299999998,6.986720000000048]},"properties":{"id":21429,"nom":"MOSQUE","type":"mosquee","district_region":null,"departement_commune":null,"verifie":true,"name":"MOSQUE","source":"Géoportail ANSTAT"}},{"type":"Feature","geometry":{"type":"Point","coordinates":[-8.166398999999956,6.986395000000073]},"properties":{"id":21430,"nom":"MOSQUE","type":"mosquee","district_region":null,"departement_commune":null,"verifie":true,"name":"MOSQUE","source":"Géoportail ANSTAT"}},{"type":"Feature","geometry":{"type":"Point","coordinates":[-8.229567999999972,7.104048000000034]},"properties":{"id":21431,"nom":"MOSQUE","type":"mosquee","district_region":null,"departement_commune":null,"verifie":true,"name":"MOSQUE","source":"Géoportail ANSTAT"}},{"type":"Feature","geometry":{"type":"Point","coordinates":[-8.359043999999926,7.252411000000052]},"properties":{"id":21432,"nom":"MOSQUE","type":"mosquee","district_region":null,"departement_commune":null,"verifie":true,"name":"MOSQUE","source":"Géoportail ANSTAT"}},{"type":"Feature","geometry":{"type":"Point","coordinates":[-8.140627999999936,7.267163000000039]},"properties":{"id":21433,"nom":"MOSQUE","type":"mosquee","district_region":null,"departement_commune":null,"verifie":true,"name":"MOSQUE","source":"Géoportail ANSTAT"}},{"type":"Feature","geometry":{"type":"Point","coordinates":[-8.155723999999964,7.256687000000056]},"properties":{"id":21435,"nom":"MOSQUE","type":"mosquee","district_region":null,"departement_commune":null,"verifie":true,"name":"MOSQUE","source":"Géoportail ANSTAT"}},{"type":"Feature","geometry":{"type":"Point","coordinates":[-8.070180999999934,7.392732000000024]},"properties":{"id":21436,"nom":"MOSQUE","type":"mosquee","district_region":null,"departement_commune":null,"verifie":true,"name":"MOSQUE","source":"Géoportail ANSTAT"}},{"type":"Feature","geometry":{"type":"Point","coordinates":[-8.16454699999997,7.445894000000067]},"properties":{"id":21437,"nom":"MOSQUE","type":"mosquee","district_region":null,"departement_commune":null,"verifie":true,"name":"MOSQUE","source":"Géoportail ANSTAT"}},{"type":"Feature","geometry":{"type":"Point","coordinates":[-8.137974999999926,7.459339000000057]},"properties":{"id":21438,"nom":"MOSQUE","type":"mosquee","district_region":null,"departement_commune":null,"verifie":true,"name":"MOSQUE","source":"Géoportail ANSTAT"}},{"type":"Feature","geometry":{"type":"Point","coordinates":[-8.200256999999965,7.489573000000064]},"properties":{"id":21439,"nom":"MOSQUE","type":"mosquee","district_region":null,"departement_commune":null,"verifie":true,"name":"MOSQUE","source":"Géoportail ANSTAT"}},{"type":"Feature","geometry":{"type":"Point","coordinates":[-7.985737999999969,7.551365000000033]},"properties":{"id":21440,"nom":"MOSQUE","type":"mosquee","district_region":null,"departement_commune":null,"verifie":true,"name":"MOSQUE","source":"Géoportail ANSTAT"}},{"type":"Feature","geometry":{"type":"Point","coordinates":[-8.101873999999953,7.602980000000059]},"properties":{"id":21441,"nom":"MOSQUE","type":"mosquee","district_region":null,"departement_commune":null,"verifie":true,"name":"MOSQUE","source":"Géoportail ANSTAT"}},{"type":"Feature","geometry":{"type":"Point","coordinates":[-8.067676999999946,7.682166000000052]},"properties":{"id":21443,"nom":"MOSQUE","type":"mosquee","district_region":null,"departement_commune":null,"verifie":true,"name":"MOSQUE","source":"Géoportail ANSTAT"}},{"type":"Feature","geometry":{"type":"Point","coordinates":[-7.438970999999981,7.558641000000023]},"properties":{"id":21444,"nom":"MOSQUE","type":"mosquee","district_region":null,"departement_commune":null,"verifie":true,"name":"MOSQUE","source":"Géoportail ANSTAT"}},{"type":"Feature","geometry":{"type":"Point","coordinates":[-7.60877899999997,7.736018000000058]},"properties":{"id":21445,"nom":"MOSQUE","type":"mosquee","district_region":null,"departement_commune":null,"verifie":true,"name":"MOSQUE","source":"Géoportail ANSTAT"}},{"type":"Feature","geometry":{"type":"Point","coordinates":[-7.608659999999929,7.736956000000021]},"properties":{"id":21446,"nom":"MOSQUE","type":"mosquee","district_region":null,"departement_commune":null,"verifie":true,"name":"MOSQUE","source":"Géoportail ANSTAT"}},{"type":"Feature","geometry":{"type":"Point","coordinates":[-7.700101999999958,7.769047000000057]},"properties":{"id":21447,"nom":"MOSQUE","type":"mosquee","district_region":null,"departement_commune":null,"verifie":true,"name":"MOSQUE","source":"Géoportail ANSTAT"}},{"type":"Feature","geometry":{"type":"Point","coordinates":[-3.980445999999972,7.770367000000022]},"properties":{"id":21450,"nom":"MOSQUE","type":"mosquee","district_region":null,"departement_commune":null,"verifie":true,"name":"MOSQUE","source":"Géoportail ANSTAT"}},{"type":"Feature","geometry":{"type":"Point","coordinates":[-3.957889999999963,7.055887000000041]},"properties":{"id":21452,"nom":"MOSQUE","type":"mosquee","district_region":null,"departement_commune":null,"verifie":true,"name":"MOSQUE","source":"Géoportail ANSTAT"}},{"type":"Feature","geometry":{"type":"Point","coordinates":[-3.979599999999948,7.069309000000032]},"properties":{"id":21455,"nom":"MOSQUE","type":"mosquee","district_region":null,"departement_commune":null,"verifie":true,"name":"MOSQUE","source":"Géoportail ANSTAT"}},{"type":"Feature","geometry":{"type":"Point","coordinates":[-3.845514999999978,7.049500000000023]},"properties":{"id":21457,"nom":"MOSQUE","type":"mosquee","district_region":null,"departement_commune":null,"verifie":true,"name":"MOSQUE","source":"Géoportail ANSTAT"}},{"type":"Feature","geometry":{"type":"Point","coordinates":[-5.275691999999935,6.811971000000028]},"properties":{"id":21459,"nom":"GRANDE MOSQUE","type":"mosquee","district_region":null,"departement_commune":null,"verifie":true,"name":"GRANDE MOSQUE","source":"Géoportail ANSTAT"}},{"type":"Feature","geometry":{"type":"Point","coordinates":[-4.598123999999927,9.365807000000077]},"properties":{"id":21460,"nom":"MOSQUE DE KONGODJAN","type":"mosquee","district_region":null,"departement_commune":null,"verifie":true,"name":"MOSQUE DE KONGODJAN","source":"Géoportail ANSTAT"}},{"type":"Feature","geometry":{"type":"Point","coordinates":[-4.718923999999959,9.433688000000076]},"properties":{"id":21461,"nom":"MOSQUE ILOT 1","type":"mosquee","district_region":null,"departement_commune":null,"verifie":true,"name":"MOSQUE ILOT 1","source":"Géoportail ANSTAT"}},{"type":"Feature","geometry":{"type":"Point","coordinates":[-5.068181999999979,9.549608000000037]},"properties":{"id":21462,"nom":"MOSQUE DE KORKOUNKAHA","type":"mosquee","district_region":null,"departement_commune":null,"verifie":true,"name":"MOSQUE DE KORKOUNKAHA","source":"Géoportail ANSTAT"}},{"type":"Feature","geometry":{"type":"Point","coordinates":[-5.307687999999928,9.667235000000062]},"properties":{"id":21463,"nom":"MOSQUE DE TIEKPE","type":"mosquee","district_region":null,"departement_commune":null,"verifie":true,"name":"MOSQUE DE TIEKPE","source":"Géoportail ANSTAT"}},{"type":"Feature","geometry":{"type":"Point","coordinates":[-5.614217999999937,10.03523400000006]},"properties":{"id":21464,"nom":"MOSQUE DU VILLAGE","type":"mosquee","district_region":null,"departement_commune":null,"verifie":true,"name":"MOSQUE DU VILLAGE","source":"Géoportail ANSTAT"}},{"type":"Feature","geometry":{"type":"Point","coordinates":[-5.19385699999998,10.09367800000007]},"properties":{"id":21465,"nom":"MOSQUE DE DJIRIRA","type":"mosquee","district_region":null,"departement_commune":null,"verifie":true,"name":"MOSQUE DE DJIRIRA","source":"Géoportail ANSTAT"}},{"type":"Feature","geometry":{"type":"Point","coordinates":[-5.699840999999935,10.19083100000006]},"properties":{"id":21466,"nom":"MOSQUE DE DIELLE","type":"mosquee","district_region":null,"departement_commune":null,"verifie":true,"name":"MOSQUE DE DIELLE","source":"Géoportail ANSTAT"}},{"type":"Feature","geometry":{"type":"Point","coordinates":[-6.592242999999939,4.886541000000022]},"properties":{"id":21467,"nom":"MOSQUE IMAM OUDRAOGO SALIF","type":"mosquee","district_region":null,"departement_commune":null,"verifie":true,"name":"MOSQUE IMAM OUDRAOGO SALIF","source":"Géoportail ANSTAT"}},{"type":"Feature","geometry":{"type":"Point","coordinates":[-6.592498999999975,4.889501000000052]},"properties":{"id":21468,"nom":"MOSQUE MORI","type":"mosquee","district_region":null,"departement_commune":null,"verifie":true,"name":"MOSQUE MORI","source":"Géoportail ANSTAT"}},{"type":"Feature","geometry":{"type":"Point","coordinates":[-6.652083999999945,4.771218000000033]},"properties":{"id":21469,"nom":"MOSQUE BADO 18","type":"mosquee","district_region":null,"departement_commune":null,"verifie":true,"name":"MOSQUE BADO 18","source":"Géoportail ANSTAT"}},{"type":"Feature","geometry":{"type":"Point","coordinates":[-6.654211999999973,4.769248000000061]},"properties":{"id":21470,"nom":"MOSQUE KANTE","type":"mosquee","district_region":null,"departement_commune":null,"verifie":true,"name":"MOSQUE KANTE","source":"Géoportail ANSTAT"}},{"type":"Feature","geometry":{"type":"Point","coordinates":[-6.626837999999964,4.847225000000037]},"properties":{"id":21471,"nom":"MOSQUE DE SOKOURAN","type":"mosquee","district_region":null,"departement_commune":null,"verifie":true,"name":"MOSQUE DE SOKOURAN","source":"Géoportail ANSTAT"}},{"type":"Feature","geometry":{"type":"Point","coordinates":[-6.735923999999955,4.764948000000061]},"properties":{"id":21472,"nom":"MOSQUE DE BABA","type":"mosquee","district_region":null,"departement_commune":null,"verifie":true,"name":"MOSQUE DE BABA","source":"Géoportail ANSTAT"}},{"type":"Feature","geometry":{"type":"Point","coordinates":[-6.72983499999998,4.758754000000067]},"properties":{"id":21473,"nom":"MOSQUE DIOULABOUGOU","type":"mosquee","district_region":null,"departement_commune":null,"verifie":true,"name":"MOSQUE DIOULABOUGOU","source":"Géoportail ANSTAT"}},{"type":"Feature","geometry":{"type":"Point","coordinates":[-7.258599999999944,4.708599000000049]},"properties":{"id":21474,"nom":"MOSQUE","type":"mosquee","district_region":null,"departement_commune":null,"verifie":true,"name":"MOSQUE","source":"Géoportail ANSTAT"}},{"type":"Feature","geometry":{"type":"Point","coordinates":[-7.257274999999936,4.70589700000005]},"properties":{"id":21475,"nom":"MOSQUE ZAWOUYAT","type":"mosquee","district_region":null,"departement_commune":null,"verifie":true,"name":"MOSQUE ZAWOUYAT","source":"Géoportail ANSTAT"}},{"type":"Feature","geometry":{"type":"Point","coordinates":[-6.887094999999931,4.93735300000003]},"properties":{"id":21476,"nom":"MOSQUEE","type":"mosquee","district_region":null,"departement_commune":null,"verifie":true,"name":"MOSQUEE","source":"Géoportail ANSTAT"}},{"type":"Feature","geometry":{"type":"Point","coordinates":[-6.889419999999973,4.938442000000066]},"properties":{"id":21477,"nom":"MOSQUEE","type":"mosquee","district_region":null,"departement_commune":null,"verifie":true,"name":"MOSQUEE","source":"Géoportail ANSTAT"}},{"type":"Feature","geometry":{"type":"Point","coordinates":[-6.663603999999964,4.77669700000007]},"properties":{"id":21478,"nom":"MOSQUE","type":"mosquee","district_region":null,"departement_commune":null,"verifie":true,"name":"MOSQUE","source":"Géoportail ANSTAT"}},{"type":"Feature","geometry":{"type":"Point","coordinates":[-6.64801499999993,4.809522000000072]},"properties":{"id":21479,"nom":"MOSQUE AOUSSA","type":"mosquee","district_region":null,"departement_commune":null,"verifie":true,"name":"MOSQUE AOUSSA","source":"Géoportail ANSTAT"}},{"type":"Feature","geometry":{"type":"Point","coordinates":[-6.657596999999953,4.776936000000035]},"properties":{"id":21480,"nom":"MOSQUE DERRIER LE MARCHE","type":"mosquee","district_region":null,"departement_commune":null,"verifie":true,"name":"MOSQUE DERRIER LE MARCHE","source":"Géoportail ANSTAT"}},{"type":"Feature","geometry":{"type":"Point","coordinates":[-6.656808999999953,4.77771000000007]},"properties":{"id":21481,"nom":"MOSQUE MARCHE","type":"mosquee","district_region":null,"departement_commune":null,"verifie":true,"name":"MOSQUE MARCHE","source":"Géoportail ANSTAT"}},{"type":"Feature","geometry":{"type":"Point","coordinates":[-6.658731999999929,4.785937000000047]},"properties":{"id":21482,"nom":"MOSQUEE","type":"mosquee","district_region":null,"departement_commune":null,"verifie":true,"name":"MOSQUEE","source":"Géoportail ANSTAT"}},{"type":"Feature","geometry":{"type":"Point","coordinates":[-6.669650999999931,4.776588000000061]},"properties":{"id":21483,"nom":"MOSQUEE","type":"mosquee","district_region":null,"departement_commune":null,"verifie":true,"name":"MOSQUEE","source":"Géoportail ANSTAT"}},{"type":"Feature","geometry":{"type":"Point","coordinates":[-6.564617999999939,5.25053500000007]},"properties":{"id":21484,"nom":"MOSQUE  ADAMAKRO","type":"mosquee","district_region":null,"departement_commune":null,"verifie":true,"name":"MOSQUE  ADAMAKRO","source":"Géoportail ANSTAT"}},{"type":"Feature","geometry":{"type":"Point","coordinates":[-6.532263999999941,5.253971000000035]},"properties":{"id":21485,"nom":"MOSQUE 2","type":"mosquee","district_region":null,"departement_commune":null,"verifie":true,"name":"MOSQUE 2","source":"Géoportail ANSTAT"}},{"type":"Feature","geometry":{"type":"Point","coordinates":[-6.534479999999974,5.256497000000024]},"properties":{"id":21486,"nom":"MOSQUE ATTO","type":"mosquee","district_region":null,"departement_commune":null,"verifie":true,"name":"MOSQUE ATTO","source":"Géoportail ANSTAT"}},{"type":"Feature","geometry":{"type":"Point","coordinates":[-6.534931999999969,5.262278000000038]},"properties":{"id":21487,"nom":"MOSQUE DU QUATIER","type":"mosquee","district_region":null,"departement_commune":null,"verifie":true,"name":"MOSQUE DU QUATIER","source":"Géoportail ANSTAT"}},{"type":"Feature","geometry":{"type":"Point","coordinates":[-6.534566999999981,5.264559000000077]},"properties":{"id":21488,"nom":"MOSQUE HOPITAL","type":"mosquee","district_region":null,"departement_commune":null,"verifie":true,"name":"MOSQUE HOPITAL","source":"Géoportail ANSTAT"}},{"type":"Feature","geometry":{"type":"Point","coordinates":[-6.53227099999998,5.253882000000033]},"properties":{"id":21489,"nom":"MOSQUE QUARTIER HEVEA","type":"mosquee","district_region":null,"departement_commune":null,"verifie":true,"name":"MOSQUE QUARTIER HEVEA","source":"Géoportail ANSTAT"}},{"type":"Feature","geometry":{"type":"Point","coordinates":[-6.536116999999933,5.260306000000071]},"properties":{"id":21490,"nom":"MOSQUE SANS FRONTIERE","type":"mosquee","district_region":null,"departement_commune":null,"verifie":true,"name":"MOSQUE SANS FRONTIERE","source":"Géoportail ANSTAT"}},{"type":"Feature","geometry":{"type":"Point","coordinates":[-6.551133999999934,5.023986000000036]},"properties":{"id":21491,"nom":"MOSQUE  MORY BAMBA","type":"mosquee","district_region":null,"departement_commune":null,"verifie":true,"name":"MOSQUE  MORY BAMBA","source":"Géoportail ANSTAT"}},{"type":"Feature","geometry":{"type":"Point","coordinates":[-6.555039999999963,5.025218000000052]},"properties":{"id":21492,"nom":"MOSQUE SECTEUR CATHOLIQUE","type":"mosquee","district_region":null,"departement_commune":null,"verifie":true,"name":"MOSQUE SECTEUR CATHOLIQUE","source":"Géoportail ANSTAT"}},{"type":"Feature","geometry":{"type":"Point","coordinates":[-6.555808999999954,4.992275000000063]},"properties":{"id":21493,"nom":"MOSQUE NOUVEAU QUATIER TOUREDOUGOU","type":"mosquee","district_region":null,"departement_commune":null,"verifie":true,"name":"MOSQUE NOUVEAU QUATIER TOUREDOUGOU","source":"Géoportail ANSTAT"}},{"type":"Feature","geometry":{"type":"Point","coordinates":[-6.570208999999977,5.103883000000053]},"properties":{"id":21494,"nom":"MOSQUE DE MENEBGE","type":"mosquee","district_region":null,"departement_commune":null,"verifie":true,"name":"MOSQUE DE MENEBGE","source":"Géoportail ANSTAT"}},{"type":"Feature","geometry":{"type":"Point","coordinates":[-6.656207999999936,4.977252000000021]},"properties":{"id":21495,"nom":"MOSQUE SCAF","type":"mosquee","district_region":null,"departement_commune":null,"verifie":true,"name":"MOSQUE SCAF","source":"Géoportail ANSTAT"}},{"type":"Feature","geometry":{"type":"Point","coordinates":[-6.657978999999955,5.055539000000067]},"properties":{"id":21496,"nom":"MOSQUE DE G23","type":"mosquee","district_region":null,"departement_commune":null,"verifie":true,"name":"MOSQUE DE G23","source":"Géoportail ANSTAT"}},{"type":"Feature","geometry":{"type":"Point","coordinates":[-6.780812999999966,5.224072000000035]},"properties":{"id":21497,"nom":"MOSQUEE","type":"mosquee","district_region":null,"departement_commune":null,"verifie":true,"name":"MOSQUEE","source":"Géoportail ANSTAT"}},{"type":"Feature","geometry":{"type":"Point","coordinates":[-6.818221999999935,5.126721000000032]},"properties":{"id":21498,"nom":"MOSQUE LAHILA","type":"mosquee","district_region":null,"departement_commune":null,"verifie":true,"name":"MOSQUE LAHILA","source":"Géoportail ANSTAT"}},{"type":"Feature","geometry":{"type":"Point","coordinates":[-6.821271999999965,5.293953000000045]},"properties":{"id":21499,"nom":"MOSQUE SEYDOU","type":"mosquee","district_region":null,"departement_commune":null,"verifie":true,"name":"MOSQUE SEYDOU","source":"Géoportail ANSTAT"}},{"type":"Feature","geometry":{"type":"Point","coordinates":[-6.909585999999933,4.77929800000004]},"properties":{"id":21500,"nom":"MOSQUEE","type":"mosquee","district_region":null,"departement_commune":null,"verifie":true,"name":"MOSQUEE","source":"Géoportail ANSTAT"}},{"type":"Feature","geometry":{"type":"Point","coordinates":[-7.171660999999972,4.950007000000028]},"properties":{"id":21501,"nom":"MOSQUE ALASSANE","type":"mosquee","district_region":null,"departement_commune":null,"verifie":true,"name":"MOSQUE ALASSANE","source":"Géoportail ANSTAT"}},{"type":"Feature","geometry":{"type":"Point","coordinates":[-6.925314999999955,4.649666000000025]},"properties":{"id":21502,"nom":"MOSQUE DU MARCHE","type":"mosquee","district_region":null,"departement_commune":null,"verifie":true,"name":"MOSQUE DU MARCHE","source":"Géoportail ANSTAT"}},{"type":"Feature","geometry":{"type":"Point","coordinates":[-7.278235999999936,4.511894000000041]},"properties":{"id":21503,"nom":"MOSQUE DE MENEKE","type":"mosquee","district_region":null,"departement_commune":null,"verifie":true,"name":"MOSQUE DE MENEKE","source":"Géoportail ANSTAT"}},{"type":"Feature","geometry":{"type":"Point","coordinates":[-7.461900999999955,5.044020000000046]},"properties":{"id":21504,"nom":"MOSQUEE","type":"mosquee","district_region":null,"departement_commune":null,"verifie":true,"name":"MOSQUEE","source":"Géoportail ANSTAT"}},{"type":"Feature","geometry":{"type":"Point","coordinates":[-7.212640999999962,5.20751800000005]},"properties":{"id":21505,"nom":"MOSQUE DJOUMAN","type":"mosquee","district_region":null,"departement_commune":null,"verifie":true,"name":"MOSQUE DJOUMAN","source":"Géoportail ANSTAT"}},{"type":"Feature","geometry":{"type":"Point","coordinates":[-7.346181999999942,5.446295000000021]},"properties":{"id":21506,"nom":"MOSQUE DE KARIE","type":"mosquee","district_region":null,"departement_commune":null,"verifie":true,"name":"MOSQUE DE KARIE","source":"Géoportail ANSTAT"}},{"type":"Feature","geometry":{"type":"Point","coordinates":[-7.279735999999957,5.367356000000029]},"properties":{"id":21507,"nom":"MOSQUE QUARTIER DJOUROUTOU VILLAGE","type":"mosquee","district_region":null,"departement_commune":null,"verifie":true,"name":"MOSQUE QUARTIER DJOUROUTOU VILLAGE","source":"Géoportail ANSTAT"}},{"type":"Feature","geometry":{"type":"Point","coordinates":[-6.348785999999961,4.918407000000059]},"properties":{"id":21508,"nom":"MOSQUE","type":"mosquee","district_region":null,"departement_commune":null,"verifie":true,"name":"MOSQUE","source":"Géoportail ANSTAT"}},{"type":"Feature","geometry":{"type":"Point","coordinates":[-6.351177999999948,4.912051000000076]},"properties":{"id":21509,"nom":"MOSQUE ANTENNE ORANGE","type":"mosquee","district_region":null,"departement_commune":null,"verifie":true,"name":"MOSQUE ANTENNE ORANGE","source":"Géoportail ANSTAT"}},{"type":"Feature","geometry":{"type":"Point","coordinates":[-6.346875999999952,4.911082000000022]},"properties":{"id":21510,"nom":"MOSQUE BENIN 2","type":"mosquee","district_region":null,"departement_commune":null,"verifie":true,"name":"MOSQUE BENIN 2","source":"Géoportail ANSTAT"}},{"type":"Feature","geometry":{"type":"Point","coordinates":[-6.354384999999979,4.906912000000034]},"properties":{"id":21511,"nom":"MOSQUE WABIA","type":"mosquee","district_region":null,"departement_commune":null,"verifie":true,"name":"MOSQUE WABIA","source":"Géoportail ANSTAT"}},{"type":"Feature","geometry":{"type":"Point","coordinates":[-6.346630999999945,4.907690000000059]},"properties":{"id":21512,"nom":"MOSQUE ZANWIYA","type":"mosquee","district_region":null,"departement_commune":null,"verifie":true,"name":"MOSQUE ZANWIYA","source":"Géoportail ANSTAT"}},{"type":"Feature","geometry":{"type":"Point","coordinates":[-6.352624999999932,4.90192200000007]},"properties":{"id":21513,"nom":"MOSQUEE","type":"mosquee","district_region":null,"departement_commune":null,"verifie":true,"name":"MOSQUEE","source":"Géoportail ANSTAT"}},{"type":"Feature","geometry":{"type":"Point","coordinates":[-6.687464999999975,4.778749000000062]},"properties":{"id":21514,"nom":"MOSQUE","type":"mosquee","district_region":null,"departement_commune":null,"verifie":true,"name":"MOSQUE","source":"Géoportail ANSTAT"}},{"type":"Feature","geometry":{"type":"Point","coordinates":[-7.101587999999936,4.889142000000049]},"properties":{"id":21515,"nom":"MOSQUE DJAMALOROU","type":"mosquee","district_region":null,"departement_commune":null,"verifie":true,"name":"MOSQUE DJAMALOROU","source":"Géoportail ANSTAT"}},{"type":"Feature","geometry":{"type":"Point","coordinates":[-7.028081999999927,4.906993000000057]},"properties":{"id":21516,"nom":"MOSQUE DE KOUDOUGOU","type":"mosquee","district_region":null,"departement_commune":null,"verifie":true,"name":"MOSQUE DE KOUDOUGOU","source":"Géoportail ANSTAT"}},{"type":"Feature","geometry":{"type":"Point","coordinates":[-6.547266999999977,5.208950000000073]},"properties":{"id":21517,"nom":"MOSQUE 1","type":"mosquee","district_region":null,"departement_commune":null,"verifie":true,"name":"MOSQUE 1","source":"Géoportail ANSTAT"}},{"type":"Feature","geometry":{"type":"Point","coordinates":[-6.546653999999933,5.211294000000066]},"properties":{"id":21518,"nom":"MOSQUE TOUKROIDJI","type":"mosquee","district_region":null,"departement_commune":null,"verifie":true,"name":"MOSQUE TOUKROIDJI","source":"Géoportail ANSTAT"}},{"type":"Feature","geometry":{"type":"Point","coordinates":[-6.556835999999976,5.176149000000066]},"properties":{"id":21519,"nom":"MOSQUE SALAM","type":"mosquee","district_region":null,"departement_commune":null,"verifie":true,"name":"MOSQUE SALAM","source":"Géoportail ANSTAT"}},{"type":"Feature","geometry":{"type":"Point","coordinates":[-6.511293999999964,5.092336000000046]},"properties":{"id":21520,"nom":"MOSQUE SOILUHA DE GNAMKEKRO","type":"mosquee","district_region":null,"departement_commune":null,"verifie":true,"name":"MOSQUE SOILUHA DE GNAMKEKRO","source":"Géoportail ANSTAT"}},{"type":"Feature","geometry":{"type":"Point","coordinates":[-6.500102999999967,5.025626000000045]},"properties":{"id":21521,"nom":"MOSQUE DE CAREFOUR MATHIEUKRO","type":"mosquee","district_region":null,"departement_commune":null,"verifie":true,"name":"MOSQUE DE CAREFOUR MATHIEUKRO","source":"Géoportail ANSTAT"}},{"type":"Feature","geometry":{"type":"Point","coordinates":[-6.588026999999954,5.136745000000076]},"properties":{"id":21522,"nom":"MOSQUE SCASO","type":"mosquee","district_region":null,"departement_commune":null,"verifie":true,"name":"MOSQUE SCASO","source":"Géoportail ANSTAT"}},{"type":"Feature","geometry":{"type":"Point","coordinates":[-7.522294999999929,4.859868000000063]},"properties":{"id":21523,"nom":"MOSQUE DE YAOKRO","type":"mosquee","district_region":null,"departement_commune":null,"verifie":true,"name":"MOSQUE DE YAOKRO","source":"Géoportail ANSTAT"}},{"type":"Feature","geometry":{"type":"Point","coordinates":[-6.223220999999967,9.059157000000027]},"properties":{"id":21524,"nom":"MOSQUE DE GAMA","type":"mosquee","district_region":null,"departement_commune":null,"verifie":true,"name":"MOSQUE DE GAMA","source":"Géoportail ANSTAT"}},{"type":"Feature","geometry":{"type":"Point","coordinates":[-6.122549999999933,9.10705100000007]},"properties":{"id":21525,"nom":"MOSQUE","type":"mosquee","district_region":null,"departement_commune":null,"verifie":true,"name":"MOSQUE","source":"Géoportail ANSTAT"}},{"type":"Feature","geometry":{"type":"Point","coordinates":[-6.123358999999937,9.110360000000073]},"properties":{"id":21526,"nom":"MOSQUE KANOROBA","type":"mosquee","district_region":null,"departement_commune":null,"verifie":true,"name":"MOSQUE KANOROBA","source":"Géoportail ANSTAT"}},{"type":"Feature","geometry":{"type":"Point","coordinates":[-6.118330999999955,9.129545000000064]},"properties":{"id":21527,"nom":"MOSQUE DE KOKO","type":"mosquee","district_region":null,"departement_commune":null,"verifie":true,"name":"MOSQUE DE KOKO","source":"Géoportail ANSTAT"}},{"type":"Feature","geometry":{"type":"Point","coordinates":[-5.960571999999956,9.245763000000068]},"properties":{"id":21528,"nom":"MOSQUE KAPKLOLO","type":"mosquee","district_region":null,"departement_commune":null,"verifie":true,"name":"MOSQUE KAPKLOLO","source":"Géoportail ANSTAT"}},{"type":"Feature","geometry":{"type":"Point","coordinates":[-6.238954999999976,9.28904300000005]},"properties":{"id":21529,"nom":"MOSQUE","type":"mosquee","district_region":null,"departement_commune":null,"verifie":true,"name":"MOSQUE","source":"Géoportail ANSTAT"}},{"type":"Feature","geometry":{"type":"Point","coordinates":[-5.87408199999993,9.63326200000006]},"properties":{"id":21530,"nom":"MOSQUE","type":"mosquee","district_region":null,"departement_commune":null,"verifie":true,"name":"MOSQUE","source":"Géoportail ANSTAT"}},{"type":"Feature","geometry":{"type":"Point","coordinates":[-5.613155999999947,9.44166800000005]},"properties":{"id":21531,"nom":"MOSQUE","type":"mosquee","district_region":null,"departement_commune":null,"verifie":true,"name":"MOSQUE","source":"Géoportail ANSTAT"}},{"type":"Feature","geometry":{"type":"Point","coordinates":[-5.615433999999937,9.439294000000077]},"properties":{"id":21532,"nom":"MOSQUE","type":"mosquee","district_region":null,"departement_commune":null,"verifie":true,"name":"MOSQUE","source":"Géoportail ANSTAT"}},{"type":"Feature","geometry":{"type":"Point","coordinates":[-5.611372999999958,9.432755000000045]},"properties":{"id":21533,"nom":"MOSQUE DE TIEKELEZO","type":"mosquee","district_region":null,"departement_commune":null,"verifie":true,"name":"MOSQUE DE TIEKELEZO","source":"Géoportail ANSTAT"}},{"type":"Feature","geometry":{"type":"Point","coordinates":[-5.671629999999936,9.48037800000003]},"properties":{"id":21534,"nom":"MOSQUE DE CITE GBON","type":"mosquee","district_region":null,"departement_commune":null,"verifie":true,"name":"MOSQUE DE CITE GBON","source":"Géoportail ANSTAT"}},{"type":"Feature","geometry":{"type":"Point","coordinates":[-5.669404999999927,9.473948000000064]},"properties":{"id":21535,"nom":"MOSQUE JAUNE BLEU","type":"mosquee","district_region":null,"departement_commune":null,"verifie":true,"name":"MOSQUE JAUNE BLEU","source":"Géoportail ANSTAT"}},{"type":"Feature","geometry":{"type":"Point","coordinates":[-5.81293299999993,9.51848700000005]},"properties":{"id":21536,"nom":"MOSQUE DE BINGUEBOUGOU","type":"mosquee","district_region":null,"departement_commune":null,"verifie":true,"name":"MOSQUE DE BINGUEBOUGOU","source":"Géoportail ANSTAT"}},{"type":"Feature","geometry":{"type":"Point","coordinates":[-5.597648999999933,9.477782000000047]},"properties":{"id":21537,"nom":"MOSQUE ABDIRHMANE BENAOUF","type":"mosquee","district_region":null,"departement_commune":null,"verifie":true,"name":"MOSQUE ABDIRHMANE BENAOUF","source":"Géoportail ANSTAT"}},{"type":"Feature","geometry":{"type":"Point","coordinates":[-5.609741999999926,9.46378100000004]},"properties":{"id":21538,"nom":"MOSQUE TRAORE","type":"mosquee","district_region":null,"departement_commune":null,"verifie":true,"name":"MOSQUE TRAORE","source":"Géoportail ANSTAT"}},{"type":"Feature","geometry":{"type":"Point","coordinates":[-5.617655999999954,9.464406000000054]},"properties":{"id":21539,"nom":"MOSQUEE","type":"mosquee","district_region":null,"departement_commune":null,"verifie":true,"name":"MOSQUEE","source":"Géoportail ANSTAT"}},{"type":"Feature","geometry":{"type":"Point","coordinates":[-5.636725999999953,9.472153000000048]},"properties":{"id":21540,"nom":"MOSQUE SAGANOGO","type":"mosquee","district_region":null,"departement_commune":null,"verifie":true,"name":"MOSQUE SAGANOGO","source":"Géoportail ANSTAT"}},{"type":"Feature","geometry":{"type":"Point","coordinates":[-5.712932999999964,9.50386400000002]},"properties":{"id":21541,"nom":"MOSQUE DE FONONFLA","type":"mosquee","district_region":null,"departement_commune":null,"verifie":true,"name":"MOSQUE DE FONONFLA","source":"Géoportail ANSTAT"}},{"type":"Feature","geometry":{"type":"Point","coordinates":[-5.680408999999941,9.402302000000075]},"properties":{"id":21542,"nom":"MOSQUE","type":"mosquee","district_region":null,"departement_commune":null,"verifie":true,"name":"MOSQUE","source":"Géoportail ANSTAT"}},{"type":"Feature","geometry":{"type":"Point","coordinates":[-5.467630999999926,9.631583000000036]},"properties":{"id":21543,"nom":"MOSQUE DE MITEGUEKAHA","type":"mosquee","district_region":null,"departement_commune":null,"verifie":true,"name":"MOSQUE DE MITEGUEKAHA","source":"Géoportail ANSTAT"}},{"type":"Feature","geometry":{"type":"Point","coordinates":[-5.701277999999945,9.131588000000022]},"properties":{"id":21544,"nom":"MOSQUE DE KARAFINE","type":"mosquee","district_region":null,"departement_commune":null,"verifie":true,"name":"MOSQUE DE KARAFINE","source":"Géoportail ANSTAT"}},{"type":"Feature","geometry":{"type":"Point","coordinates":[-5.786344999999926,9.306642000000068]},"properties":{"id":21545,"nom":"MOSQUE DU VILLAGE","type":"mosquee","district_region":null,"departement_commune":null,"verifie":true,"name":"MOSQUE DU VILLAGE","source":"Géoportail ANSTAT"}},{"type":"Feature","geometry":{"type":"Point","coordinates":[-5.861356999999941,9.081434000000058]},"properties":{"id":21546,"nom":"MOSQUE ILOT 32","type":"mosquee","district_region":null,"departement_commune":null,"verifie":true,"name":"MOSQUE ILOT 32","source":"Géoportail ANSTAT"}},{"type":"Feature","geometry":{"type":"Point","coordinates":[-5.637872999999956,9.45593100000002]},"properties":{"id":21547,"nom":"MOSQUE","type":"mosquee","district_region":null,"departement_commune":null,"verifie":true,"name":"MOSQUE","source":"Géoportail ANSTAT"}},{"type":"Feature","geometry":{"type":"Point","coordinates":[-5.630906999999979,9.461277000000052]},"properties":{"id":21548,"nom":"MOSQUE ABDOUL KARIM","type":"mosquee","district_region":null,"departement_commune":null,"verifie":true,"name":"MOSQUE ABDOUL KARIM","source":"Géoportail ANSTAT"}},{"type":"Feature","geometry":{"type":"Point","coordinates":[-5.654886999999974,9.456818000000055]},"properties":{"id":21549,"nom":"MOSQUE DE MONT KORHOGO","type":"mosquee","district_region":null,"departement_commune":null,"verifie":true,"name":"MOSQUE DE MONT KORHOGO","source":"Géoportail ANSTAT"}},{"type":"Feature","geometry":{"type":"Point","coordinates":[-5.660611999999958,9.465787000000034]},"properties":{"id":21550,"nom":"MOSQUE EN CONSTRUCTION","type":"mosquee","district_region":null,"departement_commune":null,"verifie":true,"name":"MOSQUE EN CONSTRUCTION","source":"Géoportail ANSTAT"}},{"type":"Feature","geometry":{"type":"Point","coordinates":[-5.634115999999949,9.463050000000068]},"properties":{"id":21551,"nom":"MOSQUE HOUDA","type":"mosquee","district_region":null,"departement_commune":null,"verifie":true,"name":"MOSQUE HOUDA","source":"Géoportail ANSTAT"}},{"type":"Feature","geometry":{"type":"Point","coordinates":[-5.617255999999941,9.46117700000002]},"properties":{"id":21552,"nom":"MOSQUE OUSTAZ  OUMAR KONE","type":"mosquee","district_region":null,"departement_commune":null,"verifie":true,"name":"MOSQUE OUSTAZ  OUMAR KONE","source":"Géoportail ANSTAT"}},{"type":"Feature","geometry":{"type":"Point","coordinates":[-5.625436999999977,9.45519100000007]},"properties":{"id":21553,"nom":"MOSQUE TCHODALA","type":"mosquee","district_region":null,"departement_commune":null,"verifie":true,"name":"MOSQUE TCHODALA","source":"Géoportail ANSTAT"}},{"type":"Feature","geometry":{"type":"Point","coordinates":[-6.102092999999968,9.27771000000007]},"properties":{"id":21554,"nom":"MOSQUE DE SILIPINHIN","type":"mosquee","district_region":null,"departement_commune":null,"verifie":true,"name":"MOSQUE DE SILIPINHIN","source":"Géoportail ANSTAT"}},{"type":"Feature","geometry":{"type":"Point","coordinates":[-5.903411999999946,10.00699800000007]},"properties":{"id":21555,"nom":"MOSQUEE","type":"mosquee","district_region":null,"departement_commune":null,"verifie":true,"name":"MOSQUEE","source":"Géoportail ANSTAT"}},{"type":"Feature","geometry":{"type":"Point","coordinates":[-5.399297999999931,9.39742300000006]},"properties":{"id":21556,"nom":"MOSQUE DU VILLAGE","type":"mosquee","district_region":null,"departement_commune":null,"verifie":true,"name":"MOSQUE DU VILLAGE","source":"Géoportail ANSTAT"}},{"type":"Feature","geometry":{"type":"Point","coordinates":[-5.508898999999928,9.47954500000003]},"properties":{"id":21557,"nom":"MOSQUE DE KAKLOKAHA","type":"mosquee","district_region":null,"departement_commune":null,"verifie":true,"name":"MOSQUE DE KAKLOKAHA","source":"Géoportail ANSTAT"}},{"type":"Feature","geometry":{"type":"Point","coordinates":[-5.39252399999998,9.468463000000042]},"properties":{"id":21558,"nom":"MOSQUE DEDOHIRIKAHA","type":"mosquee","district_region":null,"departement_commune":null,"verifie":true,"name":"MOSQUE DEDOHIRIKAHA","source":"Géoportail ANSTAT"}},{"type":"Feature","geometry":{"type":"Point","coordinates":[-5.582928999999979,9.28026600000004]},"properties":{"id":21559,"nom":"MOSQUE DE SEKONKAHA","type":"mosquee","district_region":null,"departement_commune":null,"verifie":true,"name":"MOSQUE DE SEKONKAHA","source":"Géoportail ANSTAT"}},{"type":"Feature","geometry":{"type":"Point","coordinates":[-5.604011999999955,9.291079000000025]},"properties":{"id":21560,"nom":"MOSQUE","type":"mosquee","district_region":null,"departement_commune":null,"verifie":true,"name":"MOSQUE","source":"Géoportail ANSTAT"}},{"type":"Feature","geometry":{"type":"Point","coordinates":[-5.540771999999947,9.266859000000068]},"properties":{"id":21561,"nom":"MOSQUE AMINA","type":"mosquee","district_region":null,"departement_commune":null,"verifie":true,"name":"MOSQUE AMINA","source":"Géoportail ANSTAT"}},{"type":"Feature","geometry":{"type":"Point","coordinates":[-5.605788999999959,9.32563300000004]},"properties":{"id":21562,"nom":"MOSQUE","type":"mosquee","district_region":null,"departement_commune":null,"verifie":true,"name":"MOSQUE","source":"Géoportail ANSTAT"}},{"type":"Feature","geometry":{"type":"Point","coordinates":[-5.568446999999935,9.298511000000076]},"properties":{"id":21563,"nom":"MOSQUE CORDJINA ABOUBACAR SIDICK","type":"mosquee","district_region":null,"departement_commune":null,"verifie":true,"name":"MOSQUE CORDJINA ABOUBACAR SIDICK","source":"Géoportail ANSTAT"}},{"type":"Feature","geometry":{"type":"Point","coordinates":[-5.575199999999938,9.37684100000007]},"properties":{"id":21564,"nom":"MOSQUE DE PLAGBOKAHA","type":"mosquee","district_region":null,"departement_commune":null,"verifie":true,"name":"MOSQUE DE PLAGBOKAHA","source":"Géoportail ANSTAT"}},{"type":"Feature","geometry":{"type":"Point","coordinates":[-5.555377999999962,9.369684000000063]},"properties":{"id":21565,"nom":"MOSQUE","type":"mosquee","district_region":null,"departement_commune":null,"verifie":true,"name":"MOSQUE","source":"Géoportail ANSTAT"}},{"type":"Feature","geometry":{"type":"Point","coordinates":[-5.539220999999941,9.36418800000007]},"properties":{"id":21566,"nom":"MOSQUE DE LAVONONKAHA","type":"mosquee","district_region":null,"departement_commune":null,"verifie":true,"name":"MOSQUE DE LAVONONKAHA","source":"Géoportail ANSTAT"}},{"type":"Feature","geometry":{"type":"Point","coordinates":[-5.519676999999945,9.392675000000054]},"properties":{"id":21567,"nom":"MOSQUEE","type":"mosquee","district_region":null,"departement_commune":null,"verifie":true,"name":"MOSQUEE","source":"Géoportail ANSTAT"}},{"type":"Feature","geometry":{"type":"Point","coordinates":[-5.521301999999935,9.388270000000034]},"properties":{"id":21568,"nom":"MOSQUE DE PRINCIPAL DE KARAKORO","type":"mosquee","district_region":null,"departement_commune":null,"verifie":true,"name":"MOSQUE DE PRINCIPAL DE KARAKORO","source":"Géoportail ANSTAT"}},{"type":"Feature","geometry":{"type":"Point","coordinates":[-5.579841999999928,9.291080000000022]},"properties":{"id":21569,"nom":"MOSQUE","type":"mosquee","district_region":null,"departement_commune":null,"verifie":true,"name":"MOSQUE","source":"Géoportail ANSTAT"}},{"type":"Feature","geometry":{"type":"Point","coordinates":[-5.59051299999993,9.293156000000067]},"properties":{"id":21570,"nom":"MOSQUE DE SORINKAHA","type":"mosquee","district_region":null,"departement_commune":null,"verifie":true,"name":"MOSQUE DE SORINKAHA","source":"Géoportail ANSTAT"}},{"type":"Feature","geometry":{"type":"Point","coordinates":[-5.395009999999957,9.518822000000055]},"properties":{"id":21571,"nom":"MOSQUE DE DABONDO","type":"mosquee","district_region":null,"departement_commune":null,"verifie":true,"name":"MOSQUE DE DABONDO","source":"Géoportail ANSTAT"}},{"type":"Feature","geometry":{"type":"Point","coordinates":[-6.73233799999997,5.974378000000058]},"properties":{"id":21572,"nom":"MOSQUE","type":"mosquee","district_region":null,"departement_commune":null,"verifie":true,"name":"MOSQUE","source":"Géoportail ANSTAT"}},{"type":"Feature","geometry":{"type":"Point","coordinates":[-6.734512999999936,5.977615000000071]},"properties":{"id":21573,"nom":"MOSQUE","type":"mosquee","district_region":null,"departement_commune":null,"verifie":true,"name":"MOSQUE","source":"Géoportail ANSTAT"}},{"type":"Feature","geometry":{"type":"Point","coordinates":[-6.734304999999949,5.979314000000045]},"properties":{"id":21574,"nom":"MOSQUE","type":"mosquee","district_region":null,"departement_commune":null,"verifie":true,"name":"MOSQUE","source":"Géoportail ANSTAT"}},{"type":"Feature","geometry":{"type":"Point","coordinates":[-6.740349999999978,5.762727000000041]},"properties":{"id":21575,"nom":"MOSQUE DE KOUAMEDANKRO","type":"mosquee","district_region":null,"departement_commune":null,"verifie":true,"name":"MOSQUE DE KOUAMEDANKRO","source":"Géoportail ANSTAT"}},{"type":"Feature","geometry":{"type":"Point","coordinates":[-6.906987999999956,5.563730000000021]},"properties":{"id":21576,"nom":"MOSQUE","type":"mosquee","district_region":null,"departement_commune":null,"verifie":true,"name":"MOSQUE","source":"Géoportail ANSTAT"}},{"type":"Feature","geometry":{"type":"Point","coordinates":[-6.933084999999949,5.529791000000046]},"properties":{"id":21577,"nom":"MOSQUE 2","type":"mosquee","district_region":null,"departement_commune":null,"verifie":true,"name":"MOSQUE 2","source":"Géoportail ANSTAT"}},{"type":"Feature","geometry":{"type":"Point","coordinates":[-6.600543999999957,5.611570000000029]},"properties":{"id":21578,"nom":"MOSQUEE","type":"mosquee","district_region":null,"departement_commune":null,"verifie":true,"name":"MOSQUEE","source":"Géoportail ANSTAT"}},{"type":"Feature","geometry":{"type":"Point","coordinates":[-6.704776999999979,5.48923000000002]},"properties":{"id":21579,"nom":"MOSQUE DE ZONGOKRO","type":"mosquee","district_region":null,"departement_commune":null,"verifie":true,"name":"MOSQUE DE ZONGOKRO","source":"Géoportail ANSTAT"}},{"type":"Feature","geometry":{"type":"Point","coordinates":[-6.767182999999932,5.394547000000046]},"properties":{"id":21580,"nom":"MOSQUE","type":"mosquee","district_region":null,"departement_commune":null,"verifie":true,"name":"MOSQUE","source":"Géoportail ANSTAT"}},{"type":"Feature","geometry":{"type":"Point","coordinates":[-6.77389299999993,5.406240000000025]},"properties":{"id":21581,"nom":"MOSQUE DE KOUASSIKRO","type":"mosquee","district_region":null,"departement_commune":null,"verifie":true,"name":"MOSQUE DE KOUASSIKRO","source":"Géoportail ANSTAT"}},{"type":"Feature","geometry":{"type":"Point","coordinates":[-6.58059099999997,5.335901000000035]},"properties":{"id":21582,"nom":"MOSQUE DIOULABOUGOU","type":"mosquee","district_region":null,"departement_commune":null,"verifie":true,"name":"MOSQUE DIOULABOUGOU","source":"Géoportail ANSTAT"}},{"type":"Feature","geometry":{"type":"Point","coordinates":[-6.590776999999946,5.271190000000047]},"properties":{"id":21583,"nom":"MOSQUE DE RAYMONKRO","type":"mosquee","district_region":null,"departement_commune":null,"verifie":true,"name":"MOSQUE DE RAYMONKRO","source":"Géoportail ANSTAT"}},{"type":"Feature","geometry":{"type":"Point","coordinates":[-6.418704999999932,5.425675000000069]},"properties":{"id":21584,"nom":"MOSQUE DE BAGUI","type":"mosquee","district_region":null,"departement_commune":null,"verifie":true,"name":"MOSQUE DE BAGUI","source":"Géoportail ANSTAT"}},{"type":"Feature","geometry":{"type":"Point","coordinates":[-6.526164999999935,5.322186000000045]},"properties":{"id":21585,"nom":"MOSQUE NOUR","type":"mosquee","district_region":null,"departement_commune":null,"verifie":true,"name":"MOSQUE NOUR","source":"Géoportail ANSTAT"}},{"type":"Feature","geometry":{"type":"Point","coordinates":[-6.538059999999973,5.801699000000042]},"properties":{"id":21586,"nom":"MOSQUE DE BALLODOUGOU","type":"mosquee","district_region":null,"departement_commune":null,"verifie":true,"name":"MOSQUE DE BALLODOUGOU","source":"Géoportail ANSTAT"}},{"type":"Feature","geometry":{"type":"Point","coordinates":[-6.546869999999956,5.761388000000068]},"properties":{"id":21587,"nom":"MOSQUE DE GBALEYO","type":"mosquee","district_region":null,"departement_commune":null,"verifie":true,"name":"MOSQUE DE GBALEYO","source":"Géoportail ANSTAT"}},{"type":"Feature","geometry":{"type":"Point","coordinates":[-6.591299999999933,5.916455000000042]},"properties":{"id":21588,"nom":"MOSQUE DE TAPEYO","type":"mosquee","district_region":null,"departement_commune":null,"verifie":true,"name":"MOSQUE DE TAPEYO","source":"Géoportail ANSTAT"}},{"type":"Feature","geometry":{"type":"Point","coordinates":[-6.636614999999949,5.868208000000038]},"properties":{"id":21589,"nom":"MOSQUE DE BADAYO","type":"mosquee","district_region":null,"departement_commune":null,"verifie":true,"name":"MOSQUE DE BADAYO","source":"Géoportail ANSTAT"}},{"type":"Feature","geometry":{"type":"Point","coordinates":[-6.653048999999953,5.894026000000054]},"properties":{"id":21590,"nom":"MOSQUE D OBROUAYO","type":"mosquee","district_region":null,"departement_commune":null,"verifie":true,"name":"MOSQUE D OBROUAYO","source":"Géoportail ANSTAT"}},{"type":"Feature","geometry":{"type":"Point","coordinates":[-6.666447999999946,6.040079000000048]},"properties":{"id":21591,"nom":"MOSQUE FERE DAOUSS","type":"mosquee","district_region":null,"departement_commune":null,"verifie":true,"name":"MOSQUE FERE DAOUSS","source":"Géoportail ANSTAT"}},{"type":"Feature","geometry":{"type":"Point","coordinates":[-6.276585999999952,5.718739000000028]},"properties":{"id":21592,"nom":"MOSQUE CENTRALE DE OTTAWA","type":"mosquee","district_region":null,"departement_commune":null,"verifie":true,"name":"MOSQUE CENTRALE DE OTTAWA","source":"Géoportail ANSTAT"}},{"type":"Feature","geometry":{"type":"Point","coordinates":[-6.511909999999943,6.252554000000032]},"properties":{"id":21593,"nom":"MOSQUE","type":"mosquee","district_region":null,"departement_commune":null,"verifie":true,"name":"MOSQUE","source":"Géoportail ANSTAT"}},{"type":"Feature","geometry":{"type":"Point","coordinates":[-6.510195999999951,6.249989000000028]},"properties":{"id":21594,"nom":"MOSQUE","type":"mosquee","district_region":null,"departement_commune":null,"verifie":true,"name":"MOSQUE","source":"Géoportail ANSTAT"}},{"type":"Feature","geometry":{"type":"Point","coordinates":[-7.009429999999952,6.248900000000049]},"properties":{"id":21595,"nom":"MOSQUE","type":"mosquee","district_region":null,"departement_commune":null,"verifie":true,"name":"MOSQUE","source":"Géoportail ANSTAT"}},{"type":"Feature","geometry":{"type":"Point","coordinates":[-7.009709999999927,6.247693000000027]},"properties":{"id":21596,"nom":"MOSQUE DU MARCHE","type":"mosquee","district_region":null,"departement_commune":null,"verifie":true,"name":"MOSQUE DU MARCHE","source":"Géoportail ANSTAT"}},{"type":"Feature","geometry":{"type":"Point","coordinates":[-6.040611999999953,5.476565000000051]},"properties":{"id":21597,"nom":"MOSQUE DE ZOHOURAYO","type":"mosquee","district_region":null,"departement_commune":null,"verifie":true,"name":"MOSQUE DE ZOHOURAYO","source":"Géoportail ANSTAT"}},{"type":"Feature","geometry":{"type":"Point","coordinates":[-6.108140999999932,5.630538000000058]},"properties":{"id":21598,"nom":"MOSQUE3","type":"mosquee","district_region":null,"departement_commune":null,"verifie":true,"name":"MOSQUE3","source":"Géoportail ANSTAT"}},{"type":"Feature","geometry":{"type":"Point","coordinates":[-6.077032999999972,5.661481000000038]},"properties":{"id":21599,"nom":"MOSQUEE","type":"mosquee","district_region":null,"departement_commune":null,"verifie":true,"name":"MOSQUEE","source":"Géoportail ANSTAT"}},{"type":"Feature","geometry":{"type":"Point","coordinates":[-6.560773999999981,5.82250300000004]},"properties":{"id":21600,"nom":"MOSQUE","type":"mosquee","district_region":null,"departement_commune":null,"verifie":true,"name":"MOSQUE","source":"Géoportail ANSTAT"}},{"type":"Feature","geometry":{"type":"Point","coordinates":[-4.215910999999949,6.65879700000005]},"properties":{"id":21601,"nom":"MOSQUE DE BAS KOFFIKRO","type":"mosquee","district_region":null,"departement_commune":null,"verifie":true,"name":"MOSQUE DE BAS KOFFIKRO","source":"Géoportail ANSTAT"}},{"type":"Feature","geometry":{"type":"Point","coordinates":[-4.615462999999977,6.49957900000004]},"properties":{"id":21602,"nom":"MOSQUEE","type":"mosquee","district_region":null,"departement_commune":null,"verifie":true,"name":"MOSQUEE","source":"Géoportail ANSTAT"}},{"type":"Feature","geometry":{"type":"Point","coordinates":[-4.389286999999968,6.453779000000054]},"properties":{"id":21603,"nom":"MOSQUE DE NGRAMASSABO","type":"mosquee","district_region":null,"departement_commune":null,"verifie":true,"name":"MOSQUE DE NGRAMASSABO","source":"Géoportail ANSTAT"}},{"type":"Feature","geometry":{"type":"Point","coordinates":[-4.615549999999928,6.438470000000052]},"properties":{"id":21604,"nom":"MOSQUE DE KONANKRO","type":"mosquee","district_region":null,"departement_commune":null,"verifie":true,"name":"MOSQUE DE KONANKRO","source":"Géoportail ANSTAT"}},{"type":"Feature","geometry":{"type":"Point","coordinates":[-7.471140999999932,7.321889000000056]},"properties":{"id":21605,"nom":"MOSQUE MAMADOU HAIDARA","type":"mosquee","district_region":null,"departement_commune":null,"verifie":true,"name":"MOSQUE MAMADOU HAIDARA","source":"Géoportail ANSTAT"}},{"type":"Feature","geometry":{"type":"Point","coordinates":[-7.20740399999994,7.333548000000064]},"properties":{"id":21606,"nom":"MOSQUE DE GNONDROU","type":"mosquee","district_region":null,"departement_commune":null,"verifie":true,"name":"MOSQUE DE GNONDROU","source":"Géoportail ANSTAT"}},{"type":"Feature","geometry":{"type":"Point","coordinates":[-7.215229999999963,7.403493000000026]},"properties":{"id":21607,"nom":"MOSQUEE","type":"mosquee","district_region":null,"departement_commune":null,"verifie":true,"name":"MOSQUEE","source":"Géoportail ANSTAT"}},{"type":"Feature","geometry":{"type":"Point","coordinates":[-7.303840999999977,7.270275000000026]},"properties":{"id":21608,"nom":"MOSQUE","type":"mosquee","district_region":null,"departement_commune":null,"verifie":true,"name":"MOSQUE","source":"Géoportail ANSTAT"}},{"type":"Feature","geometry":{"type":"Point","coordinates":[-7.706726999999944,6.860278000000051]},"properties":{"id":21609,"nom":"MOSQUE DE LOBIKRO","type":"mosquee","district_region":null,"departement_commune":null,"verifie":true,"name":"MOSQUE DE LOBIKRO","source":"Géoportail ANSTAT"}},{"type":"Feature","geometry":{"type":"Point","coordinates":[-7.027131999999938,6.744897000000037]},"properties":{"id":21610,"nom":"MOSQUE","type":"mosquee","district_region":null,"departement_commune":null,"verifie":true,"name":"MOSQUE","source":"Géoportail ANSTAT"}},{"type":"Feature","geometry":{"type":"Point","coordinates":[-7.040061999999978,6.741908000000024]},"properties":{"id":21611,"nom":"MOSQUE","type":"mosquee","district_region":null,"departement_commune":null,"verifie":true,"name":"MOSQUE","source":"Géoportail ANSTAT"}},{"type":"Feature","geometry":{"type":"Point","coordinates":[-7.044944999999927,6.643583000000035]},"properties":{"id":21612,"nom":"MOSQUE","type":"mosquee","district_region":null,"departement_commune":null,"verifie":true,"name":"MOSQUE","source":"Géoportail ANSTAT"}},{"type":"Feature","geometry":{"type":"Point","coordinates":[-7.194812999999954,6.795976000000053]},"properties":{"id":21613,"nom":"MOSQUE DE KANGAKRO","type":"mosquee","district_region":null,"departement_commune":null,"verifie":true,"name":"MOSQUE DE KANGAKRO","source":"Géoportail ANSTAT"}},{"type":"Feature","geometry":{"type":"Point","coordinates":[-7.426503999999966,6.891683000000057]},"properties":{"id":21614,"nom":"MOSQUE","type":"mosquee","district_region":null,"departement_commune":null,"verifie":true,"name":"MOSQUE","source":"Géoportail ANSTAT"}},{"type":"Feature","geometry":{"type":"Point","coordinates":[-7.42981199999997,6.887767000000053]},"properties":{"id":21615,"nom":"MOSQUE DE OULAPKE","type":"mosquee","district_region":null,"departement_commune":null,"verifie":true,"name":"MOSQUE DE OULAPKE","source":"Géoportail ANSTAT"}},{"type":"Feature","geometry":{"type":"Point","coordinates":[-7.204509999999971,6.475768000000073]},"properties":{"id":21616,"nom":"MOSQUE","type":"mosquee","district_region":null,"departement_commune":null,"verifie":true,"name":"MOSQUE","source":"Géoportail ANSTAT"}},{"type":"Feature","geometry":{"type":"Point","coordinates":[-7.202834999999936,6.483274000000051]},"properties":{"id":21617,"nom":"MOSQUE","type":"mosquee","district_region":null,"departement_commune":null,"verifie":true,"name":"MOSQUE","source":"Géoportail ANSTAT"}},{"type":"Feature","geometry":{"type":"Point","coordinates":[-7.252696999999955,6.405743000000029]},"properties":{"id":21618,"nom":"MOSQUE","type":"mosquee","district_region":null,"departement_commune":null,"verifie":true,"name":"MOSQUE","source":"Géoportail ANSTAT"}},{"type":"Feature","geometry":{"type":"Point","coordinates":[-7.25351999999998,6.514973000000055]},"properties":{"id":21619,"nom":"MOSQUE","type":"mosquee","district_region":null,"departement_commune":null,"verifie":true,"name":"MOSQUE","source":"Géoportail ANSTAT"}},{"type":"Feature","geometry":{"type":"Point","coordinates":[-7.285064999999975,6.798992000000055]},"properties":{"id":21620,"nom":"MOSQUE DE DOBOBLY","type":"mosquee","district_region":null,"departement_commune":null,"verifie":true,"name":"MOSQUE DE DOBOBLY","source":"Géoportail ANSTAT"}},{"type":"Feature","geometry":{"type":"Point","coordinates":[-7.367738999999972,6.731634000000042]},"properties":{"id":21621,"nom":"MOSQUE ALI","type":"mosquee","district_region":null,"departement_commune":null,"verifie":true,"name":"MOSQUE ALI","source":"Géoportail ANSTAT"}},{"type":"Feature","geometry":{"type":"Point","coordinates":[-7.369631999999967,6.625129000000072]},"properties":{"id":21622,"nom":"MOSQUE DU QUARTIER","type":"mosquee","district_region":null,"departement_commune":null,"verifie":true,"name":"MOSQUE DU QUARTIER","source":"Géoportail ANSTAT"}}],"metadata":{"dataset":"Mosquee — ANSTAT","source":"Géoportail ANSTAT","theme":"Lieux de culte","verified":true,"apercu":"limité à 1000 entités"}}