{"type":"FeatureCollection","features":[{"type":"Feature","geometry":{"type":"Point","coordinates":[-5.118691999999953,6.776756000000034]},"properties":{"id":36285,"nom":"SOUS PREFECTURE DE ATTIEGOUAKRO","type":"sous-prefecture","district_region":null,"departement_commune":null,"verifie":true,"name":"SOUS PREFECTURE DE ATTIEGOUAKRO","source":"Géoportail ANSTAT"}},{"type":"Feature","geometry":{"type":"Point","coordinates":[-5.48024799999996,7.001971000000026]},"properties":{"id":36531,"nom":"SOUS PREFECTURE DE KOSSOU","type":"sous-prefecture","district_region":null,"departement_commune":null,"verifie":true,"name":"SOUS PREFECTURE DE KOSSOU","source":"Géoportail ANSTAT"}},{"type":"Feature","geometry":{"type":"Point","coordinates":[-4.792775999999947,9.19341600000007]},"properties":{"id":37856,"nom":"NOUVELLE  SOUS PRFECTURE","type":"sous-prefecture","district_region":null,"departement_commune":null,"verifie":true,"name":"NOUVELLE  SOUS PRFECTURE","source":"Géoportail ANSTAT"}},{"type":"Feature","geometry":{"type":"Point","coordinates":[-3.512669999999957,7.566438000000062]},"properties":{"id":37872,"nom":"NOUVELLE SOUS PREFECTURE","type":"sous-prefecture","district_region":null,"departement_commune":null,"verifie":true,"name":"NOUVELLE SOUS PREFECTURE","source":"Géoportail ANSTAT"}},{"type":"Feature","geometry":{"type":"Point","coordinates":[-2.795347999999933,8.043798000000038]},"properties":{"id":38654,"nom":"REGION DU GONTOUGO DEPARTEMENT DE BONDOUKOU SOUS PREFECTUREDE BONDOUKOU","type":"sous-prefecture","district_region":null,"departement_commune":null,"verifie":true,"name":"REGION DU GONTOUGO DEPARTEMENT DE BONDOUKOU SOUS PREFECTUREDE BONDOUKOU","source":"Géoportail ANSTAT"}},{"type":"Feature","geometry":{"type":"Point","coordinates":[-4.717905999999971,9.441707000000063]},"properties":{"id":38753,"nom":"SOUS PREFECTURE  DE SIKOLO","type":"sous-prefecture","district_region":null,"departement_commune":null,"verifie":true,"name":"SOUS PREFECTURE  DE SIKOLO","source":"Géoportail ANSTAT"}},{"type":"Feature","geometry":{"type":"Point","coordinates":[-5.622357999999963,10.19619900000004]},"properties":{"id":38754,"nom":"SOUS PREFECTURE","type":"sous-prefecture","district_region":null,"departement_commune":null,"verifie":true,"name":"SOUS PREFECTURE","source":"Géoportail ANSTAT"}},{"type":"Feature","geometry":{"type":"Point","coordinates":[-7.467789999999979,4.709347000000037]},"properties":{"id":38755,"nom":"SOUS PREFECTURE D OLODIO","type":"sous-prefecture","district_region":null,"departement_commune":null,"verifie":true,"name":"SOUS PREFECTURE D OLODIO","source":"Géoportail ANSTAT"}},{"type":"Feature","geometry":{"type":"Point","coordinates":[-5.781232999999929,9.389717000000076]},"properties":{"id":38756,"nom":"SOUS PREFECTUE DE DASSOUNGBOHO","type":"sous-prefecture","district_region":null,"departement_commune":null,"verifie":true,"name":"SOUS PREFECTUE DE DASSOUNGBOHO","source":"Géoportail ANSTAT"}},{"type":"Feature","geometry":{"type":"Point","coordinates":[-5.863438999999971,10.21872600000006]},"properties":{"id":38757,"nom":"SOUS PREFECTURE DE BOUGOU","type":"sous-prefecture","district_region":null,"departement_commune":null,"verifie":true,"name":"SOUS PREFECTURE DE BOUGOU","source":"Géoportail ANSTAT"}},{"type":"Feature","geometry":{"type":"Point","coordinates":[-5.593684999999937,9.568677000000037]},"properties":{"id":38758,"nom":"SOUS PPREFECTURE DE LATAHA","type":"sous-prefecture","district_region":null,"departement_commune":null,"verifie":true,"name":"SOUS PPREFECTURE DE LATAHA","source":"Géoportail ANSTAT"}},{"type":"Feature","geometry":{"type":"Point","coordinates":[-5.883579999999938,9.336519000000068]},"properties":{"id":38759,"nom":"SOUS  PREFECTURE  DE  KOMBOLOKOURA","type":"sous-prefecture","district_region":null,"departement_commune":null,"verifie":true,"name":"SOUS  PREFECTURE  DE  KOMBOLOKOURA","source":"Géoportail ANSTAT"}},{"type":"Feature","geometry":{"type":"Point","coordinates":[-5.522074999999973,9.391484000000048]},"properties":{"id":38760,"nom":"SOUS PREFECTURE DE  KARAKORO","type":"sous-prefecture","district_region":null,"departement_commune":null,"verifie":true,"name":"SOUS PREFECTURE DE  KARAKORO","source":"Géoportail ANSTAT"}},{"type":"Feature","geometry":{"type":"Point","coordinates":[-6.401499999999942,5.760318000000041]},"properties":{"id":38763,"nom":"SOUS PREFECTURE D OKROUYO","type":"sous-prefecture","district_region":null,"departement_commune":null,"verifie":true,"name":"SOUS PREFECTURE D OKROUYO","source":"Géoportail ANSTAT"}},{"type":"Feature","geometry":{"type":"Point","coordinates":[-6.997429999999952,6.275438000000065]},"properties":{"id":38764,"nom":"SOUS PREFECTURE  DE BUYO","type":"sous-prefecture","district_region":null,"departement_commune":null,"verifie":true,"name":"SOUS PREFECTURE  DE BUYO","source":"Géoportail ANSTAT"}},{"type":"Feature","geometry":{"type":"Point","coordinates":[-6.035482999999942,5.546987000000058]},"properties":{"id":38765,"nom":"SOUS PRECTURE","type":"sous-prefecture","district_region":null,"departement_commune":null,"verifie":true,"name":"SOUS PRECTURE","source":"Géoportail ANSTAT"}},{"type":"Feature","geometry":{"type":"Point","coordinates":[-4.526648999999964,6.320541000000048]},"properties":{"id":38766,"nom":"SOUS PREFECTURE ANOUMABA","type":"sous-prefecture","district_region":null,"departement_commune":null,"verifie":true,"name":"SOUS PREFECTURE ANOUMABA","source":"Géoportail ANSTAT"}},{"type":"Feature","geometry":{"type":"Point","coordinates":[-4.49588099999994,6.668182000000058]},"properties":{"id":38767,"nom":"SOUS PREFECTURE D ASSAHARA","type":"sous-prefecture","district_region":null,"departement_commune":null,"verifie":true,"name":"SOUS PREFECTURE D ASSAHARA","source":"Géoportail ANSTAT"}},{"type":"Feature","geometry":{"type":"Point","coordinates":[-4.090184999999963,6.794244000000049]},"properties":{"id":38768,"nom":"SOUS PREFECTURE DE ANDE","type":"sous-prefecture","district_region":null,"departement_commune":null,"verifie":true,"name":"SOUS PREFECTURE DE ANDE","source":"Géoportail ANSTAT"}},{"type":"Feature","geometry":{"type":"Point","coordinates":[-3.968839999999943,6.680892000000028]},"properties":{"id":38769,"nom":"SOUS PREFECTURE D ARRAH","type":"sous-prefecture","district_region":null,"departement_commune":null,"verifie":true,"name":"SOUS PREFECTURE D ARRAH","source":"Géoportail ANSTAT"}},{"type":"Feature","geometry":{"type":"Point","coordinates":[-4.198212999999953,6.651476000000059]},"properties":{"id":38770,"nom":"SOUS PREFECTURE","type":"sous-prefecture","district_region":null,"departement_commune":null,"verifie":true,"name":"SOUS PREFECTURE","source":"Géoportail ANSTAT"}},{"type":"Feature","geometry":{"type":"Point","coordinates":[-7.394796999999926,7.052675000000022]},"properties":{"id":38771,"nom":"SOUS PREFECTURE","type":"sous-prefecture","district_region":null,"departement_commune":null,"verifie":true,"name":"SOUS PREFECTURE","source":"Géoportail ANSTAT"}},{"type":"Feature","geometry":{"type":"Point","coordinates":[-7.17933899999997,7.137905000000046]},"properties":{"id":38772,"nom":"SOUS PREFECTURE DE BLENIMEOUIN","type":"sous-prefecture","district_region":null,"departement_commune":null,"verifie":true,"name":"SOUS PREFECTURE DE BLENIMEOUIN","source":"Géoportail ANSTAT"}},{"type":"Feature","geometry":{"type":"Point","coordinates":[-7.171064999999942,6.477955000000065]},"properties":{"id":38773,"nom":"SOUS PREFECTURE","type":"sous-prefecture","district_region":null,"departement_commune":null,"verifie":true,"name":"SOUS PREFECTURE","source":"Géoportail ANSTAT"}},{"type":"Feature","geometry":{"type":"Point","coordinates":[-7.186713999999938,6.894616000000042]},"properties":{"id":38776,"nom":"SOUS PREFECTURE DE BAGOHOUO","type":"sous-prefecture","district_region":null,"departement_commune":null,"verifie":true,"name":"SOUS PREFECTURE DE BAGOHOUO","source":"Géoportail ANSTAT"}},{"type":"Feature","geometry":{"type":"Point","coordinates":[-4.872529999999927,5.630075000000033]},"properties":{"id":38777,"nom":"SOUS PREFECTURE DE BACANDA","type":"sous-prefecture","district_region":null,"departement_commune":null,"verifie":true,"name":"SOUS PREFECTURE DE BACANDA","source":"Géoportail ANSTAT"}},{"type":"Feature","geometry":{"type":"Point","coordinates":[-4.860145999999929,5.508543000000031]},"properties":{"id":38778,"nom":"SOUS PREFECTURE  D AHOUANOU","type":"sous-prefecture","district_region":null,"departement_commune":null,"verifie":true,"name":"SOUS PREFECTURE  D AHOUANOU","source":"Géoportail ANSTAT"}},{"type":"Feature","geometry":{"type":"Point","coordinates":[-6.074157999999954,5.240122000000042]},"properties":{"id":38782,"nom":"SOUS PREFECTURE","type":"sous-prefecture","district_region":null,"departement_commune":null,"verifie":true,"name":"SOUS PREFECTURE","source":"Géoportail ANSTAT"}},{"type":"Feature","geometry":{"type":"Point","coordinates":[-5.588889999999935,5.474558000000059]},"properties":{"id":38783,"nom":"SOUS PREFECTURE","type":"sous-prefecture","district_region":null,"departement_commune":null,"verifie":true,"name":"SOUS PREFECTURE","source":"Géoportail ANSTAT"}},{"type":"Feature","geometry":{"type":"Point","coordinates":[-4.819104999999979,7.239088000000038]},"properties":{"id":38784,"nom":"SOUS PREFECTURE DE BOLI","type":"sous-prefecture","district_region":null,"departement_commune":null,"verifie":true,"name":"SOUS PREFECTURE DE BOLI","source":"Géoportail ANSTAT"}},{"type":"Feature","geometry":{"type":"Point","coordinates":[-4.890727999999967,7.398694000000035]},"properties":{"id":38785,"nom":"SOUS PREFECTUR DE RAVIART","type":"sous-prefecture","district_region":null,"departement_commune":null,"verifie":true,"name":"SOUS PREFECTUR DE RAVIART","source":"Géoportail ANSTAT"}},{"type":"Feature","geometry":{"type":"Point","coordinates":[-4.886529999999937,6.92873000000003]},"properties":{"id":38786,"nom":"SOUS PREFECTURE AKPABO","type":"sous-prefecture","district_region":null,"departement_commune":null,"verifie":true,"name":"SOUS PREFECTURE AKPABO","source":"Géoportail ANSTAT"}},{"type":"Feature","geometry":{"type":"Point","coordinates":[-5.018300999999951,6.554618000000062]},"properties":{"id":38787,"nom":"SOUS PREFECTURE","type":"sous-prefecture","district_region":null,"departement_commune":null,"verifie":true,"name":"SOUS PREFECTURE","source":"Géoportail ANSTAT"}},{"type":"Feature","geometry":{"type":"Point","coordinates":[-5.020674999999926,6.674562000000037]},"properties":{"id":38788,"nom":"SOUS PREFECTURE ANGONDA","type":"sous-prefecture","district_region":null,"departement_commune":null,"verifie":true,"name":"SOUS PREFECTURE ANGONDA","source":"Géoportail ANSTAT"}},{"type":"Feature","geometry":{"type":"Point","coordinates":[-5.029609999999934,7.085773000000074]},"properties":{"id":38789,"nom":"SOUS PREFECTURE  DE LOMOKANKRO","type":"sous-prefecture","district_region":null,"departement_commune":null,"verifie":true,"name":"SOUS PREFECTURE  DE LOMOKANKRO","source":"Géoportail ANSTAT"}},{"type":"Feature","geometry":{"type":"Point","coordinates":[-5.226840999999979,6.390583000000049]},"properties":{"id":38790,"nom":"SOUS PREFECTURE DE BONIKRO","type":"sous-prefecture","district_region":null,"departement_commune":null,"verifie":true,"name":"SOUS PREFECTURE DE BONIKRO","source":"Géoportail ANSTAT"}},{"type":"Feature","geometry":{"type":"Point","coordinates":[-2.873832999999934,7.890872000000059]},"properties":{"id":38791,"nom":"SOUS PREFECTURE DE APPIMANDOUM","type":"sous-prefecture","district_region":null,"departement_commune":null,"verifie":true,"name":"SOUS PREFECTURE DE APPIMANDOUM","source":"Géoportail ANSTAT"}},{"type":"Feature","geometry":{"type":"Point","coordinates":[-3.303401999999949,8.008008000000075]},"properties":{"id":38792,"nom":"SOUS PREFECTURE DE BANDAKAGNI TOMORA","type":"sous-prefecture","district_region":null,"departement_commune":null,"verifie":true,"name":"SOUS PREFECTURE DE BANDAKAGNI TOMORA","source":"Géoportail ANSTAT"}},{"type":"Feature","geometry":{"type":"Point","coordinates":[-3.198942999999929,8.230776000000048]},"properties":{"id":38793,"nom":"SOUS PREFECTURE DE BONDO","type":"sous-prefecture","district_region":null,"departement_commune":null,"verifie":true,"name":"SOUS PREFECTURE DE BONDO","source":"Géoportail ANSTAT"}},{"type":"Feature","geometry":{"type":"Point","coordinates":[-2.948652999999979,8.209152000000074]},"properties":{"id":38794,"nom":"SOUS PREFECTURE","type":"sous-prefecture","district_region":null,"departement_commune":null,"verifie":true,"name":"SOUS PREFECTURE","source":"Géoportail ANSTAT"}},{"type":"Feature","geometry":{"type":"Point","coordinates":[-3.13595799999996,7.966938000000027]},"properties":{"id":38795,"nom":"SOUS PREFECTURE DE AMANVI","type":"sous-prefecture","district_region":null,"departement_commune":null,"verifie":true,"name":"SOUS PREFECTURE DE AMANVI","source":"Géoportail ANSTAT"}},{"type":"Feature","geometry":{"type":"Point","coordinates":[-2.980525999999941,7.697661000000039]},"properties":{"id":38796,"nom":"SOUS PREFECTURE DE ASSUEFRY","type":"sous-prefecture","district_region":null,"departement_commune":null,"verifie":true,"name":"SOUS PREFECTURE DE ASSUEFRY","source":"Géoportail ANSTAT"}},{"type":"Feature","geometry":{"type":"Point","coordinates":[-6.443621999999948,7.898230000000069]},"properties":{"id":38797,"nom":"SOUS PREFECTURE","type":"sous-prefecture","district_region":null,"departement_commune":null,"verifie":true,"name":"SOUS PREFECTURE","source":"Géoportail ANSTAT"}},{"type":"Feature","geometry":{"type":"Point","coordinates":[-5.851783999999952,7.687892000000033]},"properties":{"id":38798,"nom":"SOUS PREFCETURE IRIEFLA","type":"sous-prefecture","district_region":null,"departement_commune":null,"verifie":true,"name":"SOUS PREFCETURE IRIEFLA","source":"Géoportail ANSTAT"}},{"type":"Feature","geometry":{"type":"Point","coordinates":[-5.595074999999952,7.068276000000026]},"properties":{"id":38799,"nom":"SOUS PREFECTURE DE BEGBESSOU","type":"sous-prefecture","district_region":null,"departement_commune":null,"verifie":true,"name":"SOUS PREFECTURE DE BEGBESSOU","source":"Géoportail ANSTAT"}},{"type":"Feature","geometry":{"type":"Point","coordinates":[-5.793127999999967,7.156372000000033]},"properties":{"id":38800,"nom":"SOUS PREFECTURE","type":"sous-prefecture","district_region":null,"departement_commune":null,"verifie":true,"name":"SOUS PREFECTURE","source":"Géoportail ANSTAT"}},{"type":"Feature","geometry":{"type":"Point","coordinates":[-5.491786999999931,6.72272300000003]},"properties":{"id":38801,"nom":"SOUS PREFECTURE DE BAZRE","type":"sous-prefecture","district_region":null,"departement_commune":null,"verifie":true,"name":"SOUS PREFECTURE DE BAZRE","source":"Géoportail ANSTAT"}},{"type":"Feature","geometry":{"type":"Point","coordinates":[-5.03162199999997,7.67807700000003]},"properties":{"id":38806,"nom":"SOUS PREFECTURE DE BOUAKE","type":"sous-prefecture","district_region":null,"departement_commune":null,"verifie":true,"name":"SOUS PREFECTURE DE BOUAKE","source":"Géoportail ANSTAT"}},{"type":"Feature","geometry":{"type":"Point","coordinates":[-5.594556999999952,7.380366000000038]},"properties":{"id":38807,"nom":"SOUS PREFECTURE D AYAOU SRAN","type":"sous-prefecture","district_region":null,"departement_commune":null,"verifie":true,"name":"SOUS PREFECTURE D AYAOU SRAN","source":"Géoportail ANSTAT"}},{"type":"Feature","geometry":{"type":"Point","coordinates":[-5.574283999999977,7.515317000000039]},"properties":{"id":38808,"nom":"SOUS PREFECTURE","type":"sous-prefecture","district_region":null,"departement_commune":null,"verifie":true,"name":"SOUS PREFECTURE","source":"Géoportail ANSTAT"}},{"type":"Feature","geometry":{"type":"Point","coordinates":[-5.575513999999941,7.670674000000076]},"properties":{"id":38809,"nom":"SOUS PREFECTURE DE BEOUMI","type":"sous-prefecture","district_region":null,"departement_commune":null,"verifie":true,"name":"SOUS PREFECTURE DE BEOUMI","source":"Géoportail ANSTAT"}},{"type":"Feature","geometry":{"type":"Point","coordinates":[-5.475938999999926,7.864888000000064]},"properties":{"id":38810,"nom":"SOUS PREFECTURE DE BODOKRO","type":"sous-prefecture","district_region":null,"departement_commune":null,"verifie":true,"name":"SOUS PREFECTURE DE BODOKRO","source":"Géoportail ANSTAT"}},{"type":"Feature","geometry":{"type":"Point","coordinates":[-5.307672999999966,7.84661600000004]},"properties":{"id":38811,"nom":"SOUS PREFECTURE DE BOTRO","type":"sous-prefecture","district_region":null,"departement_commune":null,"verifie":true,"name":"SOUS PREFECTURE DE BOTRO","source":"Géoportail ANSTAT"}},{"type":"Feature","geometry":{"type":"Point","coordinates":[-5.256657999999959,7.704706000000044]},"properties":{"id":38812,"nom":"SOUS  PREFECTURE DE LANGUIBONOU","type":"sous-prefecture","district_region":null,"departement_commune":null,"verifie":true,"name":"SOUS  PREFECTURE DE LANGUIBONOU","source":"Géoportail ANSTAT"}},{"type":"Feature","geometry":{"type":"Point","coordinates":[-4.505393999999967,7.061421000000053]},"properties":{"id":38813,"nom":"SOUS PREFECTURE DE BOCANDA","type":"sous-prefecture","district_region":null,"departement_commune":null,"verifie":true,"name":"SOUS PREFECTURE DE BOCANDA","source":"Géoportail ANSTAT"}},{"type":"Feature","geometry":{"type":"Point","coordinates":[-4.280208999999957,7.078027000000077]},"properties":{"id":38814,"nom":"SOUS PREFECTUR DE NZECREZESSOU","type":"sous-prefecture","district_region":null,"departement_commune":null,"verifie":true,"name":"SOUS PREFECTUR DE NZECREZESSOU","source":"Géoportail ANSTAT"}},{"type":"Feature","geometry":{"type":"Point","coordinates":[-4.832505999999967,6.699159000000066]},"properties":{"id":38815,"nom":"SOUS PREFECTURE DE ABIGUI","type":"sous-prefecture","district_region":null,"departement_commune":null,"verifie":true,"name":"SOUS PREFECTURE DE ABIGUI","source":"Géoportail ANSTAT"}},{"type":"Feature","geometry":{"type":"Point","coordinates":[-8.007763999999952,6.571286000000043]},"properties":{"id":38816,"nom":"SOUS PREFECTURE DE BLOLEQUIN","type":"sous-prefecture","district_region":null,"departement_commune":null,"verifie":true,"name":"SOUS PREFECTURE DE BLOLEQUIN","source":"Géoportail ANSTAT"}},{"type":"Feature","geometry":{"type":"Point","coordinates":[-8.298074999999926,6.522872000000064]},"properties":{"id":38817,"nom":"SOUS PREFECTUE DE MEO","type":"sous-prefecture","district_region":null,"departement_commune":null,"verifie":true,"name":"SOUS PREFECTUE DE MEO","source":"Géoportail ANSTAT"}},{"type":"Feature","geometry":{"type":"Point","coordinates":[-8.411322999999982,6.467959000000064]},"properties":{"id":38818,"nom":"SOUS PREFECTURE","type":"sous-prefecture","district_region":null,"departement_commune":null,"verifie":true,"name":"SOUS PREFECTURE","source":"Géoportail ANSTAT"}},{"type":"Feature","geometry":{"type":"Point","coordinates":[-6.478539999999953,7.388870000000054]},"properties":{"id":38819,"nom":"SOUS PREFECTURE","type":"sous-prefecture","district_region":null,"departement_commune":null,"verifie":true,"name":"SOUS PREFECTURE","source":"Géoportail ANSTAT"}},{"type":"Feature","geometry":{"type":"Point","coordinates":[-6.95244299999996,6.734403000000043]},"properties":{"id":38820,"nom":"SOUS PREFECTIRE DE GESSABO","type":"sous-prefecture","district_region":null,"departement_commune":null,"verifie":true,"name":"SOUS PREFECTIRE DE GESSABO","source":"Géoportail ANSTAT"}},{"type":"Feature","geometry":{"type":"Point","coordinates":[-6.305118999999934,7.17006200000003]},"properties":{"id":38821,"nom":"SOUS PREFECTURE BEDIALA","type":"sous-prefecture","district_region":null,"departement_commune":null,"verifie":true,"name":"SOUS PREFECTURE BEDIALA","source":"Géoportail ANSTAT"}},{"type":"Feature","geometry":{"type":"Point","coordinates":[-6.845584999999971,6.550295000000062]},"properties":{"id":38823,"nom":"SOUS PREFECTURE D IBOGUHE","type":"sous-prefecture","district_region":null,"departement_commune":null,"verifie":true,"name":"SOUS PREFECTURE D IBOGUHE","source":"Géoportail ANSTAT"}},{"type":"Feature","geometry":{"type":"Point","coordinates":[-4.571357999999975,5.668005000000051]},"properties":{"id":38824,"nom":"SOUS PREFECTURE  DE SIKENSI","type":"sous-prefecture","district_region":null,"departement_commune":null,"verifie":true,"name":"SOUS PREFECTURE  DE SIKENSI","source":"Géoportail ANSTAT"}},{"type":"Feature","geometry":{"type":"Point","coordinates":[-4.464121999999975,6.075372000000073]},"properties":{"id":38825,"nom":"SOUS PREFECTURE D ANNANGUIE","type":"sous-prefecture","district_region":null,"departement_commune":null,"verifie":true,"name":"SOUS PREFECTURE D ANNANGUIE","source":"Géoportail ANSTAT"}},{"type":"Feature","geometry":{"type":"Point","coordinates":[-4.544160999999974,5.895587000000035]},"properties":{"id":38827,"nom":"SOUS PREFECTURE DE ABOUDE MANDEKE","type":"sous-prefecture","district_region":null,"departement_commune":null,"verifie":true,"name":"SOUS PREFECTURE DE ABOUDE MANDEKE","source":"Géoportail ANSTAT"}},{"type":"Feature","geometry":{"type":"Point","coordinates":[-4.059964999999977,6.088480000000061]},"properties":{"id":38828,"nom":"SOUS PREFECTURE D ATTOBROU","type":"sous-prefecture","district_region":null,"departement_commune":null,"verifie":true,"name":"SOUS PREFECTURE D ATTOBROU","source":"Géoportail ANSTAT"}},{"type":"Feature","geometry":{"type":"Point","coordinates":[-4.059985999999981,6.088460000000055]},"properties":{"id":38829,"nom":"SOUS PREFECTURE DE ATTOBROU","type":"sous-prefecture","district_region":null,"departement_commune":null,"verifie":true,"name":"SOUS PREFECTURE DE ATTOBROU","source":"Géoportail ANSTAT"}},{"type":"Feature","geometry":{"type":"Point","coordinates":[-4.31121799999994,6.067466000000024]},"properties":{"id":38831,"nom":"SOUS PREFECTURE  DE RUBINO","type":"sous-prefecture","district_region":null,"departement_commune":null,"verifie":true,"name":"SOUS PREFECTURE  DE RUBINO","source":"Géoportail ANSTAT"}},{"type":"Feature","geometry":{"type":"Point","coordinates":[-4.059640999999942,5.640675000000044]},"properties":{"id":38832,"nom":"SOUS PREFECTURE AZAGUIE","type":"sous-prefecture","district_region":null,"departement_commune":null,"verifie":true,"name":"SOUS PREFECTURE AZAGUIE","source":"Géoportail ANSTAT"}},{"type":"Feature","geometry":{"type":"Point","coordinates":[-8.124699999999962,8.374463000000048]},"properties":{"id":38833,"nom":"SOUS PREFECTURE","type":"sous-prefecture","district_region":null,"departement_commune":null,"verifie":true,"name":"SOUS PREFECTURE","source":"Géoportail ANSTAT"}},{"type":"Feature","geometry":{"type":"Point","coordinates":[-7.676444999999944,7.948706000000072]},"properties":{"id":38834,"nom":"SOUS PREFECTURE","type":"sous-prefecture","district_region":null,"departement_commune":null,"verifie":true,"name":"SOUS PREFECTURE","source":"Géoportail ANSTAT"}},{"type":"Feature","geometry":{"type":"Point","coordinates":[-7.492190999999934,8.73523700000004]},"properties":{"id":38835,"nom":"SOUS PREFECTURE","type":"sous-prefecture","district_region":null,"departement_commune":null,"verifie":true,"name":"SOUS PREFECTURE","source":"Géoportail ANSTAT"}},{"type":"Feature","geometry":{"type":"Point","coordinates":[-5.615610999999944,5.728543000000059]},"properties":{"id":38837,"nom":"SOUS PREFECTURE","type":"sous-prefecture","district_region":null,"departement_commune":null,"verifie":true,"name":"SOUS PREFECTURE","source":"Géoportail ANSTAT"}},{"type":"Feature","geometry":{"type":"Point","coordinates":[-6.248315999999932,9.905025000000023]},"properties":{"id":38838,"nom":"SOUS PREFECTURE DE BAYA","type":"sous-prefecture","district_region":null,"departement_commune":null,"verifie":true,"name":"SOUS PREFECTURE DE BAYA","source":"Géoportail ANSTAT"}},{"type":"Feature","geometry":{"type":"Point","coordinates":[-5.663372999999979,8.213295000000073]},"properties":{"id":38840,"nom":"SOUS PREFECTURE DE BOUANDOUGOU","type":"sous-prefecture","district_region":null,"departement_commune":null,"verifie":true,"name":"SOUS PREFECTURE DE BOUANDOUGOU","source":"Géoportail ANSTAT"}},{"type":"Feature","geometry":{"type":"Point","coordinates":[-6.252485999999976,8.946040000000039]},"properties":{"id":38841,"nom":"SOUS PREFECTURE","type":"sous-prefecture","district_region":null,"departement_commune":null,"verifie":true,"name":"SOUS PREFECTURE","source":"Géoportail ANSTAT"}},{"type":"Feature","geometry":{"type":"Point","coordinates":[-5.83666599999998,7.787381000000039]},"properties":{"id":38842,"nom":"SOUS PREFECTURE","type":"sous-prefecture","district_region":null,"departement_commune":null,"verifie":true,"name":"SOUS PREFECTURE","source":"Géoportail ANSTAT"}},{"type":"Feature","geometry":{"type":"Point","coordinates":[-6.679670999999928,10.24965500000008]},"properties":{"id":38843,"nom":"SOUS PREFECTURE","type":"sous-prefecture","district_region":null,"departement_commune":null,"verifie":true,"name":"SOUS PREFECTURE","source":"Géoportail ANSTAT"}},{"type":"Feature","geometry":{"type":"Point","coordinates":[-3.346510999999964,6.374089000000026]},"properties":{"id":38844,"nom":"SOUS PREFECTURE D ELIBILASSOKRO","type":"sous-prefecture","district_region":null,"departement_commune":null,"verifie":true,"name":"SOUS PREFECTURE D ELIBILASSOKRO","source":"Géoportail ANSTAT"}},{"type":"Feature","geometry":{"type":"Point","coordinates":[-3.347055999999952,6.374137000000076]},"properties":{"id":38845,"nom":"SOUS PREFECTURE D ELIBILASSOKRO","type":"sous-prefecture","district_region":null,"departement_commune":null,"verifie":true,"name":"SOUS PREFECTURE D ELIBILASSOKRO","source":"Géoportail ANSTAT"}},{"type":"Feature","geometry":{"type":"Point","coordinates":[-3.570935999999961,6.827065000000061]},"properties":{"id":38846,"nom":"SOUS PREFECTURE D AMELEKIA","type":"sous-prefecture","district_region":null,"departement_commune":null,"verifie":true,"name":"SOUS PREFECTURE D AMELEKIA","source":"Géoportail ANSTAT"}},{"type":"Feature","geometry":{"type":"Point","coordinates":[-3.486085999999943,6.730597000000046]},"properties":{"id":38847,"nom":"SOUS PREFECTURE","type":"sous-prefecture","district_region":null,"departement_commune":null,"verifie":true,"name":"SOUS PREFECTURE","source":"Géoportail ANSTAT"}},{"type":"Feature","geometry":{"type":"Point","coordinates":[-3.232052999999951,6.97133400000007]},"properties":{"id":38848,"nom":"SOUS PREFECTURE DE AKOBOISSUE","type":"sous-prefecture","district_region":null,"departement_commune":null,"verifie":true,"name":"SOUS PREFECTURE DE AKOBOISSUE","source":"Géoportail ANSTAT"}},{"type":"Feature","geometry":{"type":"Point","coordinates":[-3.30809899999997,7.163262000000032]},"properties":{"id":38849,"nom":"SOUS PREFECTURE","type":"sous-prefecture","district_region":null,"departement_commune":null,"verifie":true,"name":"SOUS PREFECTURE","source":"Géoportail ANSTAT"}},{"type":"Feature","geometry":{"type":"Point","coordinates":[-3.200013999999953,7.122578000000033]},"properties":{"id":38851,"nom":"SOUS PREFECTURE AGNIBILEKRO","type":"sous-prefecture","district_region":null,"departement_commune":null,"verifie":true,"name":"SOUS PREFECTURE AGNIBILEKRO","source":"Géoportail ANSTAT"}},{"type":"Feature","geometry":{"type":"Point","coordinates":[-3.408705999999938,6.075853000000052]},"properties":{"id":38852,"nom":"SOUS PREFECTURE DE BETTIE","type":"sous-prefecture","district_region":null,"departement_commune":null,"verifie":true,"name":"SOUS PREFECTURE DE BETTIE","source":"Géoportail ANSTAT"}},{"type":"Feature","geometry":{"type":"Point","coordinates":[-7.562446999999963,9.500946000000056]},"properties":{"id":38853,"nom":"SOUS PREFECTURE D ODIENNE","type":"sous-prefecture","district_region":null,"departement_commune":null,"verifie":true,"name":"SOUS PREFECTURE D ODIENNE","source":"Géoportail ANSTAT"}},{"type":"Feature","geometry":{"type":"Point","coordinates":[-7.126142999999956,9.356483000000026]},"properties":{"id":38854,"nom":"SOUS PREFECTURE","type":"sous-prefecture","district_region":null,"departement_commune":null,"verifie":true,"name":"SOUS PREFECTURE","source":"Géoportail ANSTAT"}},{"type":"Feature","geometry":{"type":"Point","coordinates":[-7.612761999999975,9.14080000000007]},"properties":{"id":38855,"nom":"SOUS PREFECTURE DE BAKO","type":"sous-prefecture","district_region":null,"departement_commune":null,"verifie":true,"name":"SOUS PREFECTURE DE BAKO","source":"Géoportail ANSTAT"}},{"type":"Feature","geometry":{"type":"Point","coordinates":[-7.73239899999993,9.662510000000054]},"properties":{"id":38856,"nom":"SOUS PRECTURE DE SAMANGO","type":"sous-prefecture","district_region":null,"departement_commune":null,"verifie":true,"name":"SOUS PRECTURE DE SAMANGO","source":"Géoportail ANSTAT"}},{"type":"Feature","geometry":{"type":"Point","coordinates":[-7.82350299999996,9.256695000000036]},"properties":{"id":38857,"nom":"SOUS PREFECTURE DE BOUGOUSSO","type":"sous-prefecture","district_region":null,"departement_commune":null,"verifie":true,"name":"SOUS PREFECTURE DE BOUGOUSSO","source":"Géoportail ANSTAT"}},{"type":"Feature","geometry":{"type":"Point","coordinates":[-3.498857999999927,5.565686000000028]},"properties":{"id":38858,"nom":"SOUS PREFECTURE D ALLOSSO","type":"sous-prefecture","district_region":null,"departement_commune":null,"verifie":true,"name":"SOUS PREFECTURE D ALLOSSO","source":"Géoportail ANSTAT"}},{"type":"Feature","geometry":{"type":"Point","coordinates":[-3.659857999999929,5.501709000000062]},"properties":{"id":38859,"nom":"SOUS PREFECTURE D ALEPE","type":"sous-prefecture","district_region":null,"departement_commune":null,"verifie":true,"name":"SOUS PREFECTURE D ALEPE","source":"Géoportail ANSTAT"}},{"type":"Feature","geometry":{"type":"Point","coordinates":[-3.631875999999977,6.082080000000076]},"properties":{"id":38860,"nom":"SOUS PREFECTURE","type":"sous-prefecture","district_region":null,"departement_commune":null,"verifie":true,"name":"SOUS PREFECTURE","source":"Géoportail ANSTAT"}},{"type":"Feature","geometry":{"type":"Point","coordinates":[-3.843233999999939,6.478855000000067]},"properties":{"id":38861,"nom":"SOUS PREFECTURE","type":"sous-prefecture","district_region":null,"departement_commune":null,"verifie":true,"name":"SOUS PREFECTURE","source":"Géoportail ANSTAT"}},{"type":"Feature","geometry":{"type":"Point","coordinates":[-3.769305999999972,5.907274000000029]},"properties":{"id":38862,"nom":"SOUS PREFECTURE D ANNEPE","type":"sous-prefecture","district_region":null,"departement_commune":null,"verifie":true,"name":"SOUS PREFECTURE D ANNEPE","source":"Géoportail ANSTAT"}},{"type":"Feature","geometry":{"type":"Point","coordinates":[-3.811381999999981,5.995685000000037]},"properties":{"id":38863,"nom":"SOUS PREFECTURE DE ASSIKOI","type":"sous-prefecture","district_region":null,"departement_commune":null,"verifie":true,"name":"SOUS PREFECTURE DE ASSIKOI","source":"Géoportail ANSTAT"}},{"type":"Feature","geometry":{"type":"Point","coordinates":[-3.857549999999947,6.110593000000051]},"properties":{"id":38864,"nom":"SOUS PREFECTURE D ADZOPE","type":"sous-prefecture","district_region":null,"departement_commune":null,"verifie":true,"name":"SOUS PREFECTURE D ADZOPE","source":"Géoportail ANSTAT"}},{"type":"Feature","geometry":{"type":"Point","coordinates":[-3.888781999999935,6.394551000000035]},"properties":{"id":38865,"nom":"SOUS PREFECTURE AKOUPE","type":"sous-prefecture","district_region":null,"departement_commune":null,"verifie":true,"name":"SOUS PREFECTURE AKOUPE","source":"Géoportail ANSTAT"}},{"type":"Feature","geometry":{"type":"Point","coordinates":[-3.547583999999972,5.510606000000053]},"properties":{"id":38866,"nom":"SOUS PREFECTURE","type":"sous-prefecture","district_region":null,"departement_commune":null,"verifie":true,"name":"SOUS PREFECTURE","source":"Géoportail ANSTAT"}},{"type":"Feature","geometry":{"type":"Point","coordinates":[-3.293450999999948,5.137300000000039]},"properties":{"id":38867,"nom":"SOUS PREFECTURE D ASSINIE MAFIA","type":"sous-prefecture","district_region":null,"departement_commune":null,"verifie":true,"name":"SOUS PREFECTURE D ASSINIE MAFIA","source":"Géoportail ANSTAT"}},{"type":"Feature","geometry":{"type":"Point","coordinates":[-3.212794999999971,5.212157000000047]},"properties":{"id":38868,"nom":"SOUS PREFECTURE D ETUEBOUE","type":"sous-prefecture","district_region":null,"departement_commune":null,"verifie":true,"name":"SOUS PREFECTURE D ETUEBOUE","source":"Géoportail ANSTAT"}},{"type":"Feature","geometry":{"type":"Point","coordinates":[-3.264344999999935,5.427229000000068]},"properties":{"id":38869,"nom":"SOUS PREFECTURE D ADAOU","type":"sous-prefecture","district_region":null,"departement_commune":null,"verifie":true,"name":"SOUS PREFECTURE D ADAOU","source":"Géoportail ANSTAT"}},{"type":"Feature","geometry":{"type":"Point","coordinates":[-3.144077999999979,5.793656000000055]},"properties":{"id":38870,"nom":"SOUS PREFECTUR E DE YAOU","type":"sous-prefecture","district_region":null,"departement_commune":null,"verifie":true,"name":"SOUS PREFECTUR E DE YAOU","source":"Géoportail ANSTAT"}},{"type":"Feature","geometry":{"type":"Point","coordinates":[-3.150448999999981,5.308283000000074]},"properties":{"id":38871,"nom":"SOUS PREFECTURE DE ADJOUAN","type":"sous-prefecture","district_region":null,"departement_commune":null,"verifie":true,"name":"SOUS PREFECTURE DE ADJOUAN","source":"Géoportail ANSTAT"}},{"type":"Feature","geometry":{"type":"Point","coordinates":[-3.187927999999943,6.01264500000002]},"properties":{"id":38872,"nom":"SOUS PREFECTURE DE BIANOUAN","type":"sous-prefecture","district_region":null,"departement_commune":null,"verifie":true,"name":"SOUS PREFECTURE DE BIANOUAN","source":"Géoportail ANSTAT"}},{"type":"Feature","geometry":{"type":"Point","coordinates":[-3.158697999999958,5.605930000000058]},"properties":{"id":38873,"nom":"SOUS PREFECTURE DAYAME","type":"sous-prefecture","district_region":null,"departement_commune":null,"verifie":true,"name":"SOUS PREFECTURE DAYAME","source":"Géoportail ANSTAT"}},{"type":"Feature","geometry":{"type":"Point","coordinates":[-5.194588999999951,8.787609000000032]},"properties":{"id":38875,"nom":"SOUS PREFECTURE DE ARIKOKAHA","type":"sous-prefecture","district_region":null,"departement_commune":null,"verifie":true,"name":"SOUS PREFECTURE DE ARIKOKAHA","source":"Géoportail ANSTAT"}},{"type":"Feature","geometry":{"type":"Point","coordinates":[-5.177105999999981,8.934865000000059]},"properties":{"id":38876,"nom":"SOUS","type":"sous-prefecture","district_region":null,"departement_commune":null,"verifie":true,"name":"SOUS","source":"Géoportail ANSTAT"}},{"type":"Feature","geometry":{"type":"Point","coordinates":[-5.157578999999942,9.068213000000071]},"properties":{"id":38877,"nom":"SOUS  PREFECTURE","type":"sous-prefecture","district_region":null,"departement_commune":null,"verifie":true,"name":"SOUS  PREFECTURE","source":"Géoportail ANSTAT"}},{"type":"Feature","geometry":{"type":"Point","coordinates":[-5.157514999999933,9.06806800000004]},"properties":{"id":38878,"nom":"SOUS PREFECTURE","type":"sous-prefecture","district_region":null,"departement_commune":null,"verifie":true,"name":"SOUS PREFECTURE","source":"Géoportail ANSTAT"}},{"type":"Feature","geometry":{"type":"Point","coordinates":[-4.719161999999926,8.371643000000063]},"properties":{"id":38879,"nom":"SOUS PREFECTURE  BONIEREDOUGOU","type":"sous-prefecture","district_region":null,"departement_commune":null,"verifie":true,"name":"SOUS PREFECTURE  BONIEREDOUGOU","source":"Géoportail ANSTAT"}},{"type":"Feature","geometry":{"type":"Point","coordinates":[-4.104896999999937,8.05251000000004]},"properties":{"id":38880,"nom":"SOUS PREFECTURE DE BASSAWA","type":"sous-prefecture","district_region":null,"departement_commune":null,"verifie":true,"name":"SOUS PREFECTURE DE BASSAWA","source":"Géoportail ANSTAT"}},{"type":"Feature","geometry":{"type":"Point","coordinates":[-5.166522999999927,9.200853000000052]},"properties":{"id":38881,"nom":"SOUS PREFECTURE DE BADIKAHA","type":"sous-prefecture","district_region":null,"departement_commune":null,"verifie":true,"name":"SOUS PREFECTURE DE BADIKAHA","source":"Géoportail ANSTAT"}},{"type":"Feature","geometry":{"type":"Point","coordinates":[-5.16650599999997,9.200871000000063]},"properties":{"id":38882,"nom":"SOUS PREFECTURE DE BADIKAHA","type":"sous-prefecture","district_region":null,"departement_commune":null,"verifie":true,"name":"SOUS PREFECTURE DE BADIKAHA","source":"Géoportail ANSTAT"}},{"type":"Feature","geometry":{"type":"Point","coordinates":[-7.674639999999954,7.330613000000028]},"properties":{"id":38883,"nom":"SOUS  PREFECTURE DE GBANGBEGOUINE YATI","type":"sous-prefecture","district_region":null,"departement_commune":null,"verifie":true,"name":"SOUS  PREFECTURE DE GBANGBEGOUINE YATI","source":"Géoportail ANSTAT"}},{"type":"Feature","geometry":{"type":"Point","coordinates":[-7.595222999999976,7.255228000000045]},"properties":{"id":38885,"nom":"SOUS PREFECTURE DE BOGOUINE","type":"sous-prefecture","district_region":null,"departement_commune":null,"verifie":true,"name":"SOUS PREFECTURE DE BOGOUINE","source":"Géoportail ANSTAT"}},{"type":"Feature","geometry":{"type":"Point","coordinates":[-7.640596999999957,7.192295000000058]},"properties":{"id":38886,"nom":"SOUS","type":"sous-prefecture","district_region":null,"departement_commune":null,"verifie":true,"name":"SOUS","source":"Géoportail ANSTAT"}},{"type":"Feature","geometry":{"type":"Point","coordinates":[-8.248727999999971,7.076691000000039]},"properties":{"id":38887,"nom":"SOUS PREFECTURE DE BANNEU","type":"sous-prefecture","district_region":null,"departement_commune":null,"verifie":true,"name":"SOUS PREFECTURE DE BANNEU","source":"Géoportail ANSTAT"}},{"type":"Feature","geometry":{"type":"Point","coordinates":[-8.06783299999995,7.170873000000029]},"properties":{"id":38888,"nom":"SOUS PREFECTURE","type":"sous-prefecture","district_region":null,"departement_commune":null,"verifie":true,"name":"SOUS PREFECTURE","source":"Géoportail ANSTAT"}},{"type":"Feature","geometry":{"type":"Point","coordinates":[-8.150804999999934,7.268045000000029]},"properties":{"id":38889,"nom":"SOUS PREFECTURE DALEU ET SEILEU","type":"sous-prefecture","district_region":null,"departement_commune":null,"verifie":true,"name":"SOUS PREFECTURE DALEU ET SEILEU","source":"Géoportail ANSTAT"}},{"type":"Feature","geometry":{"type":"Point","coordinates":[-7.419832999999926,7.719421000000068]},"properties":{"id":38890,"nom":"SOUS PREFECTURE","type":"sous-prefecture","district_region":null,"departement_commune":null,"verifie":true,"name":"SOUS PREFECTURE","source":"Géoportail ANSTAT"}},{"type":"Feature","geometry":{"type":"Point","coordinates":[-7.615205999999944,7.739962000000048]},"properties":{"id":38891,"nom":"SOUS PREFECTURE DE BIANKOUMA","type":"sous-prefecture","district_region":null,"departement_commune":null,"verifie":true,"name":"SOUS PREFECTURE DE BIANKOUMA","source":"Géoportail ANSTAT"}},{"type":"Feature","geometry":{"type":"Point","coordinates":[-7.724691999999948,7.636282000000051]},"properties":{"id":38892,"nom":"SOUS PREFECTURE DE BLAPLEU","type":"sous-prefecture","district_region":null,"departement_commune":null,"verifie":true,"name":"SOUS PREFECTURE DE BLAPLEU","source":"Géoportail ANSTAT"}},{"type":"Feature","geometry":{"type":"Point","coordinates":[-8.315458999999976,6.783698000000072]},"properties":{"id":38893,"nom":"SOUS PRECTURE DE BIN HOUYE","type":"sous-prefecture","district_region":null,"departement_commune":null,"verifie":true,"name":"SOUS PRECTURE DE BIN HOUYE","source":"Géoportail ANSTAT"}},{"type":"Feature","geometry":{"type":"Point","coordinates":[-8.315502999999978,6.78374400000007]},"properties":{"id":38894,"nom":"SOUS PREFECTURE DE BIN HOUYE","type":"sous-prefecture","district_region":null,"departement_commune":null,"verifie":true,"name":"SOUS PREFECTURE DE BIN HOUYE","source":"Géoportail ANSTAT"}},{"type":"Feature","geometry":{"type":"Point","coordinates":[-3.757559999999955,7.686147000000062]},"properties":{"id":38895,"nom":"SOUS PREFECTURE D ANIANOU","type":"sous-prefecture","district_region":null,"departement_commune":null,"verifie":true,"name":"SOUS PREFECTURE D ANIANOU","source":"Géoportail ANSTAT"}},{"type":"Feature","geometry":{"type":"Point","coordinates":[-3.766259999999932,7.256355000000042]},"properties":{"id":38896,"nom":"SOUP PREFECTURE D ETROKRO","type":"sous-prefecture","district_region":null,"departement_commune":null,"verifie":true,"name":"SOUP PREFECTURE D ETROKRO","source":"Géoportail ANSTAT"}},{"type":"Feature","geometry":{"type":"Point","coordinates":[-4.247548999999935,7.284158000000048]},"properties":{"id":38897,"nom":"SOUS PREFECTURE D ANANDA","type":"sous-prefecture","district_region":null,"departement_commune":null,"verifie":true,"name":"SOUS PREFECTURE D ANANDA","source":"Géoportail ANSTAT"}},{"type":"Feature","geometry":{"type":"Point","coordinates":[-4.786035999999967,9.19307200000003]},"properties":{"id":38899,"nom":"SOUS PRFECTURE DE NAFANA","type":"sous-prefecture","district_region":null,"departement_commune":null,"verifie":true,"name":"SOUS PRFECTURE DE NAFANA","source":"Géoportail ANSTAT"}},{"type":"Feature","geometry":{"type":"Point","coordinates":[-5.159537999999941,9.511842000000058]},"properties":{"id":38900,"nom":"SOUS PREFECTURE DE KOUMBALA","type":"sous-prefecture","district_region":null,"departement_commune":null,"verifie":true,"name":"SOUS PREFECTURE DE KOUMBALA","source":"Géoportail ANSTAT"}},{"type":"Feature","geometry":{"type":"Point","coordinates":[-5.192832999999951,10.09008100000005]},"properties":{"id":38901,"nom":"SOUS PREFECTURE DE KAOUARA","type":"sous-prefecture","district_region":null,"departement_commune":null,"verifie":true,"name":"SOUS PREFECTURE DE KAOUARA","source":"Géoportail ANSTAT"}},{"type":"Feature","geometry":{"type":"Point","coordinates":[-5.475732999999934,10.11028000000005]},"properties":{"id":38902,"nom":"SOUS PREFECTURE DE DIAWALA","type":"sous-prefecture","district_region":null,"departement_commune":null,"verifie":true,"name":"SOUS PREFECTURE DE DIAWALA","source":"Géoportail ANSTAT"}},{"type":"Feature","geometry":{"type":"Point","coordinates":[-5.754073999999946,10.38677500000006]},"properties":{"id":38903,"nom":"SOUS PREFECTURE DE TOUMOUKORO","type":"sous-prefecture","district_region":null,"departement_commune":null,"verifie":true,"name":"SOUS PREFECTURE DE TOUMOUKORO","source":"Géoportail ANSTAT"}},{"type":"Feature","geometry":{"type":"Point","coordinates":[-5.622376999999972,10.19619500000005]},"properties":{"id":38904,"nom":"SOUSBPREFECTURE  DE NIELLE","type":"sous-prefecture","district_region":null,"departement_commune":null,"verifie":true,"name":"SOUSBPREFECTURE  DE NIELLE","source":"Géoportail ANSTAT"}},{"type":"Feature","geometry":{"type":"Point","coordinates":[-5.198553999999945,9.594063000000062]},"properties":{"id":38905,"nom":"SOUS PREFECTURE DE FERKESSEDOUGOU","type":"sous-prefecture","district_region":null,"departement_commune":null,"verifie":true,"name":"SOUS PREFECTURE DE FERKESSEDOUGOU","source":"Géoportail ANSTAT"}},{"type":"Feature","geometry":{"type":"Point","coordinates":[-6.921958999999958,4.655484000000058]},"properties":{"id":38907,"nom":"SOUS PREFECTURE DE GRAND BEREBY","type":"sous-prefecture","district_region":null,"departement_commune":null,"verifie":true,"name":"SOUS PREFECTURE DE GRAND BEREBY","source":"Géoportail ANSTAT"}},{"type":"Feature","geometry":{"type":"Point","coordinates":[-6.548549999999977,5.025208000000021]},"properties":{"id":38908,"nom":"SOUS PREFECTURE DE GABIADJI","type":"sous-prefecture","district_region":null,"departement_commune":null,"verifie":true,"name":"SOUS PREFECTURE DE GABIADJI","source":"Géoportail ANSTAT"}},{"type":"Feature","geometry":{"type":"Point","coordinates":[-6.830821999999955,5.201285000000041]},"properties":{"id":38909,"nom":"SOUS PREFECTURE DOBA","type":"sous-prefecture","district_region":null,"departement_commune":null,"verifie":true,"name":"SOUS PREFECTURE DOBA","source":"Géoportail ANSTAT"}},{"type":"Feature","geometry":{"type":"Point","coordinates":[-7.35757899999993,4.420960000000036]},"properties":{"id":38910,"nom":"SOUS PREFECTURE DE TABOU","type":"sous-prefecture","district_region":null,"departement_commune":null,"verifie":true,"name":"SOUS PREFECTURE DE TABOU","source":"Géoportail ANSTAT"}},{"type":"Feature","geometry":{"type":"Point","coordinates":[-7.494191999999941,4.920678000000066]},"properties":{"id":38911,"nom":"SOUS PREFECTURE DE GRABO","type":"sous-prefecture","district_region":null,"departement_commune":null,"verifie":true,"name":"SOUS PREFECTURE DE GRABO","source":"Géoportail ANSTAT"}},{"type":"Feature","geometry":{"type":"Point","coordinates":[-7.494189999999946,4.920679000000064]},"properties":{"id":38912,"nom":"SOUS PREFECTURE DE GRABO","type":"sous-prefecture","district_region":null,"departement_commune":null,"verifie":true,"name":"SOUS PREFECTURE DE GRABO","source":"Géoportail ANSTAT"}},{"type":"Feature","geometry":{"type":"Point","coordinates":[-6.125496999999939,9.113319000000049]},"properties":{"id":38913,"nom":"SOUS PREFECTURE DE KANOROBA","type":"sous-prefecture","district_region":null,"departement_commune":null,"verifie":true,"name":"SOUS PREFECTURE DE KANOROBA","source":"Géoportail ANSTAT"}},{"type":"Feature","geometry":{"type":"Point","coordinates":[-5.994316999999967,9.679676000000027]},"properties":{"id":38914,"nom":"SOUS PREFECTURE DE NGANON","type":"sous-prefecture","district_region":null,"departement_commune":null,"verifie":true,"name":"SOUS PREFECTURE DE NGANON","source":"Géoportail ANSTAT"}},{"type":"Feature","geometry":{"type":"Point","coordinates":[-5.932510999999977,9.821127000000049]},"properties":{"id":38915,"nom":"SOUS PREFECTURE DE KATIALI","type":"sous-prefecture","district_region":null,"departement_commune":null,"verifie":true,"name":"SOUS PREFECTURE DE KATIALI","source":"Géoportail ANSTAT"}},{"type":"Feature","geometry":{"type":"Point","coordinates":[-5.654637999999977,9.603875000000071]},"properties":{"id":38916,"nom":"SOUS PREFECTURE DE SOHOUO","type":"sous-prefecture","district_region":null,"departement_commune":null,"verifie":true,"name":"SOUS PREFECTURE DE SOHOUO","source":"Géoportail ANSTAT"}},{"type":"Feature","geometry":{"type":"Point","coordinates":[-5.638540999999975,9.351058000000023]},"properties":{"id":38917,"nom":"SOUS PREFECTURE DE TIORONIARADOUGOU","type":"sous-prefecture","district_region":null,"departement_commune":null,"verifie":true,"name":"SOUS PREFECTURE DE TIORONIARADOUGOU","source":"Géoportail ANSTAT"}},{"type":"Feature","geometry":{"type":"Point","coordinates":[-5.713340999999957,9.230510000000038]},"properties":{"id":38918,"nom":"SOUS PREFECTURE DE GUIEMBE","type":"sous-prefecture","district_region":null,"departement_commune":null,"verifie":true,"name":"SOUS PREFECTURE DE GUIEMBE","source":"Géoportail ANSTAT"}},{"type":"Feature","geometry":{"type":"Point","coordinates":[-6.072792999999933,9.607909000000063]},"properties":{"id":38919,"nom":"SOUS PREFECTURE DE NIOFOIN","type":"sous-prefecture","district_region":null,"departement_commune":null,"verifie":true,"name":"SOUS PREFECTURE DE NIOFOIN","source":"Géoportail ANSTAT"}},{"type":"Feature","geometry":{"type":"Point","coordinates":[-5.477845999999943,9.511600000000044]},"properties":{"id":38920,"nom":"SOUS PREFECTURE DE SIDIOGO","type":"sous-prefecture","district_region":null,"departement_commune":null,"verifie":true,"name":"SOUS PREFECTURE DE SIDIOGO","source":"Géoportail ANSTAT"}},{"type":"Feature","geometry":{"type":"Point","coordinates":[-5.413773999999933,9.499785000000031]},"properties":{"id":38921,"nom":"SOUSPREFECTURE DE BAHOUAKAHA","type":"sous-prefecture","district_region":null,"departement_commune":null,"verifie":true,"name":"SOUSPREFECTURE DE BAHOUAKAHA","source":"Géoportail ANSTAT"}},{"type":"Feature","geometry":{"type":"Point","coordinates":[-5.554087999999979,9.05661200000003]},"properties":{"id":38922,"nom":"SOUS PREFECTURE DE KIEMOU","type":"sous-prefecture","district_region":null,"departement_commune":null,"verifie":true,"name":"SOUS PREFECTURE DE KIEMOU","source":"Géoportail ANSTAT"}},{"type":"Feature","geometry":{"type":"Point","coordinates":[-5.425242999999966,9.333931000000064]},"properties":{"id":38923,"nom":"SOUS PREFECTURE DE KOMBORODOUGOU","type":"sous-prefecture","district_region":null,"departement_commune":null,"verifie":true,"name":"SOUS PREFECTURE DE KOMBORODOUGOU","source":"Géoportail ANSTAT"}},{"type":"Feature","geometry":{"type":"Point","coordinates":[-5.57808499999993,9.290139000000067]},"properties":{"id":38924,"nom":"SOUS PREFECTURE DE NAPIE","type":"sous-prefecture","district_region":null,"departement_commune":null,"verifie":true,"name":"SOUS PREFECTURE DE NAPIE","source":"Géoportail ANSTAT"}},{"type":"Feature","geometry":{"type":"Point","coordinates":[-6.596710999999971,5.568492000000049]},"properties":{"id":38925,"nom":"SOUS PREFECTURE DOUPOYO","type":"sous-prefecture","district_region":null,"departement_commune":null,"verifie":true,"name":"SOUS PREFECTURE DOUPOYO","source":"Géoportail ANSTAT"}},{"type":"Feature","geometry":{"type":"Point","coordinates":[-6.558320999999978,5.403040000000033]},"properties":{"id":38926,"nom":"SOUS PREFECTURE MEAGUI","type":"sous-prefecture","district_region":null,"departement_commune":null,"verifie":true,"name":"SOUS PREFECTURE MEAGUI","source":"Géoportail ANSTAT"}},{"type":"Feature","geometry":{"type":"Point","coordinates":[-6.363062999999954,5.99386800000002]},"properties":{"id":38928,"nom":"SOUSPREFECTURE DE LILIYO","type":"sous-prefecture","district_region":null,"departement_commune":null,"verifie":true,"name":"SOUSPREFECTURE DE LILIYO","source":"Géoportail ANSTAT"}},{"type":"Feature","geometry":{"type":"Point","coordinates":[-6.536624999999958,6.12030900000002]},"properties":{"id":38929,"nom":"SOUS PREFECTURE DE GRAND ZATTRY","type":"sous-prefecture","district_region":null,"departement_commune":null,"verifie":true,"name":"SOUS PREFECTURE DE GRAND ZATTRY","source":"Géoportail ANSTAT"}},{"type":"Feature","geometry":{"type":"Point","coordinates":[-6.997608999999954,6.27554200000003]},"properties":{"id":38930,"nom":"SOUS PREFECTURE DE BUYO","type":"sous-prefecture","district_region":null,"departement_commune":null,"verifie":true,"name":"SOUS PREFECTURE DE BUYO","source":"Géoportail ANSTAT"}},{"type":"Feature","geometry":{"type":"Point","coordinates":[-6.07516099999998,5.685805000000073]},"properties":{"id":38931,"nom":"SOUS PREFECTURE DE GUEYO","type":"sous-prefecture","district_region":null,"departement_commune":null,"verifie":true,"name":"SOUS PREFECTURE DE GUEYO","source":"Géoportail ANSTAT"}},{"type":"Feature","geometry":{"type":"Point","coordinates":[-4.365121999999928,6.472565000000031]},"properties":{"id":38932,"nom":"SOUS PREFECTURE DE MBATTO","type":"sous-prefecture","district_region":null,"departement_commune":null,"verifie":true,"name":"SOUS PREFECTURE DE MBATTO","source":"Géoportail ANSTAT"}},{"type":"Feature","geometry":{"type":"Point","coordinates":[-4.131710999999939,6.695770000000039]},"properties":{"id":38933,"nom":"SOUS PREFECTURE DE KOTOBI","type":"sous-prefecture","district_region":null,"departement_commune":null,"verifie":true,"name":"SOUS PREFECTURE DE KOTOBI","source":"Géoportail ANSTAT"}},{"type":"Feature","geometry":{"type":"Point","coordinates":[-4.308005999999978,6.63550900000007]},"properties":{"id":38934,"nom":"SOUS PREFECTURE DE N GUESSANKRO","type":"sous-prefecture","district_region":null,"departement_commune":null,"verifie":true,"name":"SOUS PREFECTURE DE N GUESSANKRO","source":"Géoportail ANSTAT"}},{"type":"Feature","geometry":{"type":"Point","coordinates":[-3.993550999999968,6.972466000000054]},"properties":{"id":38935,"nom":"SOUS PREFECTURE DE KREGBE","type":"sous-prefecture","district_region":null,"departement_commune":null,"verifie":true,"name":"SOUS PREFECTURE DE KREGBE","source":"Géoportail ANSTAT"}},{"type":"Feature","geometry":{"type":"Point","coordinates":[-4.626984999999934,6.495104000000026]},"properties":{"id":38936,"nom":"SOUS PREFECTURE DE TIEMELEKRO","type":"sous-prefecture","district_region":null,"departement_commune":null,"verifie":true,"name":"SOUS PREFECTURE DE TIEMELEKRO","source":"Géoportail ANSTAT"}},{"type":"Feature","geometry":{"type":"Point","coordinates":[-7.385015999999951,7.287406000000033]},"properties":{"id":38937,"nom":"SOUS PTEFECTURE DE TOTRODROU","type":"sous-prefecture","district_region":null,"departement_commune":null,"verifie":true,"name":"SOUS PTEFECTURE DE TOTRODROU","source":"Géoportail ANSTAT"}},{"type":"Feature","geometry":{"type":"Point","coordinates":[-7.27087199999994,7.50221300000004]},"properties":{"id":38938,"nom":"SOUS PREFECTURE KOUA","type":"sous-prefecture","district_region":null,"departement_commune":null,"verifie":true,"name":"SOUS PREFECTURE KOUA","source":"Géoportail ANSTAT"}},{"type":"Feature","geometry":{"type":"Point","coordinates":[-7.130780999999956,7.609268000000043]},"properties":{"id":38939,"nom":"SOUS PREFECTURE DE SEMIEN","type":"sous-prefecture","district_region":null,"departement_commune":null,"verifie":true,"name":"SOUS PREFECTURE DE SEMIEN","source":"Géoportail ANSTAT"}},{"type":"Feature","geometry":{"type":"Point","coordinates":[-7.453494999999975,7.29227700000007]},"properties":{"id":38940,"nom":"SOUS PREFECTURE DE NIDROU","type":"sous-prefecture","district_region":null,"departement_commune":null,"verifie":true,"name":"SOUS PREFECTURE DE NIDROU","source":"Géoportail ANSTAT"}},{"type":"Feature","geometry":{"type":"Point","coordinates":[-7.230513999999971,7.255861000000039]},"properties":{"id":38941,"nom":"SOUS PREFECTURE DE KOUIBLY","type":"sous-prefecture","district_region":null,"departement_commune":null,"verifie":true,"name":"SOUS PREFECTURE DE KOUIBLY","source":"Géoportail ANSTAT"}},{"type":"Feature","geometry":{"type":"Point","coordinates":[-7.374382999999966,7.391437000000053]},"properties":{"id":38942,"nom":"SOUS PREFECTURE DE FAKOBLY","type":"sous-prefecture","district_region":null,"departement_commune":null,"verifie":true,"name":"SOUS PREFECTURE DE FAKOBLY","source":"Géoportail ANSTAT"}},{"type":"Feature","geometry":{"type":"Point","coordinates":[-7.456672999999967,7.377713000000028]},"properties":{"id":38943,"nom":"SOUS PREFECTURE DE SEABLY","type":"sous-prefecture","district_region":null,"departement_commune":null,"verifie":true,"name":"SOUS PREFECTURE DE SEABLY","source":"Géoportail ANSTAT"}},{"type":"Feature","geometry":{"type":"Point","coordinates":[-7.288956999999925,7.422836000000075]},"properties":{"id":38944,"nom":"SOUS PREFECTURE DE GUEZON","type":"sous-prefecture","district_region":null,"departement_commune":null,"verifie":true,"name":"SOUS PREFECTURE DE GUEZON","source":"Géoportail ANSTAT"}},{"type":"Feature","geometry":{"type":"Point","coordinates":[-7.63062199999996,6.913178000000073]},"properties":{"id":38945,"nom":"SOUS PREFECTURE DE KAHIN ZARABAON","type":"sous-prefecture","district_region":null,"departement_commune":null,"verifie":true,"name":"SOUS PREFECTURE DE KAHIN ZARABAON","source":"Géoportail ANSTAT"}},{"type":"Feature","geometry":{"type":"Point","coordinates":[-7.388778999999943,7.112042000000031]},"properties":{"id":38946,"nom":"SOUS PRFECTURE DE BEOUE ZIBIAO","type":"sous-prefecture","district_region":null,"departement_commune":null,"verifie":true,"name":"SOUS PRFECTURE DE BEOUE ZIBIAO","source":"Géoportail ANSTAT"}},{"type":"Feature","geometry":{"type":"Point","coordinates":[-7.469807999999944,7.113056000000029]},"properties":{"id":38947,"nom":"SOUS PREFECTURE DE ZEO","type":"sous-prefecture","district_region":null,"departement_commune":null,"verifie":true,"name":"SOUS PREFECTURE DE ZEO","source":"Géoportail ANSTAT"}},{"type":"Feature","geometry":{"type":"Point","coordinates":[-7.463687999999934,7.122421000000031]},"properties":{"id":38948,"nom":"SOUS PRFECTURE DE ZEO","type":"sous-prefecture","district_region":null,"departement_commune":null,"verifie":true,"name":"SOUS PRFECTURE DE ZEO","source":"Géoportail ANSTAT"}},{"type":"Feature","geometry":{"type":"Point","coordinates":[-7.324499999999944,7.156338000000062]},"properties":{"id":38949,"nom":"SOUS PREFECTURE DE DIEOUZON","type":"sous-prefecture","district_region":null,"departement_commune":null,"verifie":true,"name":"SOUS PREFECTURE DE DIEOUZON","source":"Géoportail ANSTAT"}},{"type":"Feature","geometry":{"type":"Point","coordinates":[-7.119000999999969,6.739158000000032]},"properties":{"id":38950,"nom":"SOUS PREFECTURE DE GUEZON","type":"sous-prefecture","district_region":null,"departement_commune":null,"verifie":true,"name":"SOUS PREFECTURE DE GUEZON","source":"Géoportail ANSTAT"}},{"type":"Feature","geometry":{"type":"Point","coordinates":[-7.428569999999979,6.888833000000034]},"properties":{"id":38951,"nom":"SOUS PREFECTURE DE GUEHIEBLY","type":"sous-prefecture","district_region":null,"departement_commune":null,"verifie":true,"name":"SOUS PREFECTURE DE GUEHIEBLY","source":"Géoportail ANSTAT"}},{"type":"Feature","geometry":{"type":"Point","coordinates":[-4.467260999999951,5.424634000000026]},"properties":{"id":38952,"nom":"SOUS PREFECTURE DE LOPOU","type":"sous-prefecture","district_region":null,"departement_commune":null,"verifie":true,"name":"SOUS PREFECTURE DE LOPOU","source":"Géoportail ANSTAT"}},{"type":"Feature","geometry":{"type":"Point","coordinates":[-4.566806999999926,5.323721000000035]},"properties":{"id":38953,"nom":"SOUS PREFECTURE DE TOUPAH","type":"sous-prefecture","district_region":null,"departement_commune":null,"verifie":true,"name":"SOUS PREFECTURE DE TOUPAH","source":"Géoportail ANSTAT"}},{"type":"Feature","geometry":{"type":"Point","coordinates":[-5.006362999999965,5.257399000000021]},"properties":{"id":38954,"nom":"SOUS PREFECTURE DE GRAND LAHOU","type":"sous-prefecture","district_region":null,"departement_commune":null,"verifie":true,"name":"SOUS PREFECTURE DE GRAND LAHOU","source":"Géoportail ANSTAT"}},{"type":"Feature","geometry":{"type":"Point","coordinates":[-4.379777999999931,5.322030000000041]},"properties":{"id":38955,"nom":"SOUS PREFECTURE DE DABOU","type":"sous-prefecture","district_region":null,"departement_commune":null,"verifie":true,"name":"SOUS PREFECTURE DE DABOU","source":"Géoportail ANSTAT"}},{"type":"Feature","geometry":{"type":"Point","coordinates":[-4.80128499999995,5.154757000000075]},"properties":{"id":38956,"nom":"SOUS PREFECTURE DE TOUKOUZOU","type":"sous-prefecture","district_region":null,"departement_commune":null,"verifie":true,"name":"SOUS PREFECTURE DE TOUKOUZOU","source":"Géoportail ANSTAT"}},{"type":"Feature","geometry":{"type":"Point","coordinates":[-6.118407999999931,5.902598000000069]},"properties":{"id":38957,"nom":"SOUS PREFECTURE DE SERIHIO","type":"sous-prefecture","district_region":null,"departement_commune":null,"verifie":true,"name":"SOUS PREFECTURE DE SERIHIO","source":"Géoportail ANSTAT"}},{"type":"Feature","geometry":{"type":"Point","coordinates":[-5.942896999999959,6.132277000000045]},"properties":{"id":38958,"nom":"SOUS PREFECTURE DE GAGNOA","type":"sous-prefecture","district_region":null,"departement_commune":null,"verifie":true,"name":"SOUS PREFECTURE DE GAGNOA","source":"Géoportail ANSTAT"}},{"type":"Feature","geometry":{"type":"Point","coordinates":[-6.28357399999993,6.294010000000071]},"properties":{"id":38959,"nom":"SOUS PREFECTURE DE DIGNAGO","type":"sous-prefecture","district_region":null,"departement_commune":null,"verifie":true,"name":"SOUS PREFECTURE DE DIGNAGO","source":"Géoportail ANSTAT"}},{"type":"Feature","geometry":{"type":"Point","coordinates":[-6.17257799999993,6.238266000000067]},"properties":{"id":38960,"nom":"SOUS PREFECTURE DE GUIBEROUA","type":"sous-prefecture","district_region":null,"departement_commune":null,"verifie":true,"name":"SOUS PREFECTURE DE GUIBEROUA","source":"Géoportail ANSTAT"}},{"type":"Feature","geometry":{"type":"Point","coordinates":[-5.824205999999947,6.396205000000066]},"properties":{"id":38961,"nom":"SOUS PREFECTURE DE YOPOHUE","type":"sous-prefecture","district_region":null,"departement_commune":null,"verifie":true,"name":"SOUS PREFECTURE DE YOPOHUE","source":"Géoportail ANSTAT"}},{"type":"Feature","geometry":{"type":"Point","coordinates":[-5.935535999999956,6.307929000000058]},"properties":{"id":38962,"nom":"SOUS PREFECTURE DE OURAGAHIO","type":"sous-prefecture","district_region":null,"departement_commune":null,"verifie":true,"name":"SOUS PREFECTURE DE OURAGAHIO","source":"Géoportail ANSTAT"}},{"type":"Feature","geometry":{"type":"Point","coordinates":[-5.643757999999934,6.355580000000032]},"properties":{"id":38963,"nom":"SOUS PREFECTURE DE TONLA","type":"sous-prefecture","district_region":null,"departement_commune":null,"verifie":true,"name":"SOUS PREFECTURE DE TONLA","source":"Géoportail ANSTAT"}},{"type":"Feature","geometry":{"type":"Point","coordinates":[-5.581456999999943,6.282737000000054]},"properties":{"id":38964,"nom":"SOUS PREFECTURE DE DIEGONEFLA","type":"sous-prefecture","district_region":null,"departement_commune":null,"verifie":true,"name":"SOUS PREFECTURE DE DIEGONEFLA","source":"Géoportail ANSTAT"}},{"type":"Feature","geometry":{"type":"Point","coordinates":[-6.078589999999963,4.957274000000041]},"properties":{"id":38965,"nom":"SOUS PREFECTURE DE SASSANDRA","type":"sous-prefecture","district_region":null,"departement_commune":null,"verifie":true,"name":"SOUS PREFECTURE DE SASSANDRA","source":"Géoportail ANSTAT"}},{"type":"Feature","geometry":{"type":"Point","coordinates":[-6.346067999999946,5.088948000000073]},"properties":{"id":38966,"nom":"SOUS PREFECTURE DE LOBAKUYA","type":"sous-prefecture","district_region":null,"departement_commune":null,"verifie":true,"name":"SOUS PREFECTURE DE LOBAKUYA","source":"Géoportail ANSTAT"}},{"type":"Feature","geometry":{"type":"Point","coordinates":[-6.217841999999962,5.207294000000047]},"properties":{"id":38967,"nom":"SOUS PREFECTURE DE MEDON","type":"sous-prefecture","district_region":null,"departement_commune":null,"verifie":true,"name":"SOUS PREFECTURE DE MEDON","source":"Géoportail ANSTAT"}},{"type":"Feature","geometry":{"type":"Point","coordinates":[-5.541102999999964,5.283880000000067]},"properties":{"id":38968,"nom":"SOUS PREFECTURE DE DAHIRI","type":"sous-prefecture","district_region":null,"departement_commune":null,"verifie":true,"name":"SOUS PREFECTURE DE DAHIRI","source":"Géoportail ANSTAT"}},{"type":"Feature","geometry":{"type":"Point","coordinates":[-4.862822999999935,6.335255000000075]},"properties":{"id":38969,"nom":"SOUS PREFECTURE DE KPOUEBO","type":"sous-prefecture","district_region":null,"departement_commune":null,"verifie":true,"name":"SOUS PREFECTURE DE KPOUEBO","source":"Géoportail ANSTAT"}},{"type":"Feature","geometry":{"type":"Point","coordinates":[-4.986762999999939,7.392885000000035]},"properties":{"id":38970,"nom":"SOUS PREFECTURE DE MOLONOUBLE","type":"sous-prefecture","district_region":null,"departement_commune":null,"verifie":true,"name":"SOUS PREFECTURE DE MOLONOUBLE","source":"Géoportail ANSTAT"}},{"type":"Feature","geometry":{"type":"Point","coordinates":[-5.114548999999954,6.469581000000062]},"properties":{"id":38971,"nom":"SOUS PREFECTURE DE DJEKANOU","type":"sous-prefecture","district_region":null,"departement_commune":null,"verifie":true,"name":"SOUS PREFECTURE DE DJEKANOU","source":"Géoportail ANSTAT"}},{"type":"Feature","geometry":{"type":"Point","coordinates":[-5.261944999999969,6.53991000000002]},"properties":{"id":38972,"nom":"SOUS PREFECTURE DE KOKUMBO","type":"sous-prefecture","district_region":null,"departement_commune":null,"verifie":true,"name":"SOUS PREFECTURE DE KOKUMBO","source":"Géoportail ANSTAT"}},{"type":"Feature","geometry":{"type":"Point","coordinates":[-5.366574999999955,7.158819000000051]},"properties":{"id":38973,"nom":"SOUS PREFECTURE DE MOLONOU","type":"sous-prefecture","district_region":null,"departement_commune":null,"verifie":true,"name":"SOUS PREFECTURE DE MOLONOU","source":"Géoportail ANSTAT"}},{"type":"Feature","geometry":{"type":"Point","coordinates":[-4.895159999999976,7.127712000000031]},"properties":{"id":38974,"nom":"SOUS PREFECTURE DE DIDIEVI","type":"sous-prefecture","district_region":null,"departement_commune":null,"verifie":true,"name":"SOUS PREFECTURE DE DIDIEVI","source":"Géoportail ANSTAT"}},{"type":"Feature","geometry":{"type":"Point","coordinates":[-3.778540999999962,8.011230000000069]},"properties":{"id":38975,"nom":"SOUS PREFECTURE DE DIMANDOUGOU","type":"sous-prefecture","district_region":null,"departement_commune":null,"verifie":true,"name":"SOUS PREFECTURE DE DIMANDOUGOU","source":"Géoportail ANSTAT"}},{"type":"Feature","geometry":{"type":"Point","coordinates":[-3.68485899999996,8.11259700000005]},"properties":{"id":38976,"nom":"SOUS PREFECTURE DE YOROBODI","type":"sous-prefecture","district_region":null,"departement_commune":null,"verifie":true,"name":"SOUS PREFECTURE DE YOROBODI","source":"Géoportail ANSTAT"}},{"type":"Feature","geometry":{"type":"Point","coordinates":[-2.961031999999932,8.289603000000056]},"properties":{"id":38977,"nom":"SOUS PREFECTURE DE LAOUDI BA","type":"sous-prefecture","district_region":null,"departement_commune":null,"verifie":true,"name":"SOUS PREFECTURE DE LAOUDI BA","source":"Géoportail ANSTAT"}},{"type":"Feature","geometry":{"type":"Point","coordinates":[-2.62585299999995,8.629367000000059]},"properties":{"id":38978,"nom":"SOUS PREFECTURE DE TAGADI","type":"sous-prefecture","district_region":null,"departement_commune":null,"verifie":true,"name":"SOUS PREFECTURE DE TAGADI","source":"Géoportail ANSTAT"}},{"type":"Feature","geometry":{"type":"Point","coordinates":[-3.58504499999998,7.949850000000026]},"properties":{"id":38979,"nom":"SOUS PREFECTURE DE SANDEGUE","type":"sous-prefecture","district_region":null,"departement_commune":null,"verifie":true,"name":"SOUS PREFECTURE DE SANDEGUE","source":"Géoportail ANSTAT"}},{"type":"Feature","geometry":{"type":"Point","coordinates":[-3.43713699999995,8.137806000000069]},"properties":{"id":38980,"nom":"SOUS PREFECTURE DE TAOUDI","type":"sous-prefecture","district_region":null,"departement_commune":null,"verifie":true,"name":"SOUS PREFECTURE DE TAOUDI","source":"Géoportail ANSTAT"}},{"type":"Feature","geometry":{"type":"Point","coordinates":[-2.989027999999962,8.141316000000074]},"properties":{"id":38981,"nom":"SOUS PREFECTURE DE SAPLI SEPINGO","type":"sous-prefecture","district_region":null,"departement_commune":null,"verifie":true,"name":"SOUS PREFECTURE DE SAPLI SEPINGO","source":"Géoportail ANSTAT"}},{"type":"Feature","geometry":{"type":"Point","coordinates":[-3.07395699999995,7.993629000000055]},"properties":{"id":38982,"nom":"SOUS PREFECTURE DE TABAGNE","type":"sous-prefecture","district_region":null,"departement_commune":null,"verifie":true,"name":"SOUS PREFECTURE DE TABAGNE","source":"Géoportail ANSTAT"}},{"type":"Feature","geometry":{"type":"Point","coordinates":[-2.981749999999977,7.897927000000038]},"properties":{"id":38983,"nom":"SOUS PRFECTURE","type":"sous-prefecture","district_region":null,"departement_commune":null,"verifie":true,"name":"SOUS PRFECTURE","source":"Géoportail ANSTAT"}},{"type":"Feature","geometry":{"type":"Point","coordinates":[-2.713000999999963,8.17901900000004]},"properties":{"id":38984,"nom":"SOUS PRFECTURE DE SOROBANGO","type":"sous-prefecture","district_region":null,"departement_commune":null,"verifie":true,"name":"SOUS PRFECTURE DE SOROBANGO","source":"Géoportail ANSTAT"}},{"type":"Feature","geometry":{"type":"Point","coordinates":[-3.063328999999953,7.219141000000036]},"properties":{"id":38985,"nom":"SOUS PREFECTURE DE TIENKOIKRO","type":"sous-prefecture","district_region":null,"departement_commune":null,"verifie":true,"name":"SOUS PREFECTURE DE TIENKOIKRO","source":"Géoportail ANSTAT"}},{"type":"Feature","geometry":{"type":"Point","coordinates":[-3.03997099999998,7.381444000000045]},"properties":{"id":38986,"nom":"SOUS PREFECTURE DE KOUASSIA NIAGUINI","type":"sous-prefecture","district_region":null,"departement_commune":null,"verifie":true,"name":"SOUS PREFECTURE DE KOUASSIA NIAGUINI","source":"Géoportail ANSTAT"}},{"type":"Feature","geometry":{"type":"Point","coordinates":[-3.315752999999972,7.811621000000059]},"properties":{"id":38987,"nom":"SOUS PREFECTURE DE DIAMBA","type":"sous-prefecture","district_region":null,"departement_commune":null,"verifie":true,"name":"SOUS PREFECTURE DE DIAMBA","source":"Géoportail ANSTAT"}},{"type":"Feature","geometry":{"type":"Point","coordinates":[-3.275923999999975,7.879137000000071]},"properties":{"id":38988,"nom":"SOUS PREFECTURE DE TCHEDIO","type":"sous-prefecture","district_region":null,"departement_commune":null,"verifie":true,"name":"SOUS PREFECTURE DE TCHEDIO","source":"Géoportail ANSTAT"}},{"type":"Feature","geometry":{"type":"Point","coordinates":[-3.528227999999956,7.819242000000031]},"properties":{"id":38989,"nom":"SOUS PREFECTURE DE KOUASSI DATEKRO","type":"sous-prefecture","district_region":null,"departement_commune":null,"verifie":true,"name":"SOUS PREFECTURE DE KOUASSI DATEKRO","source":"Géoportail ANSTAT"}},{"type":"Feature","geometry":{"type":"Point","coordinates":[-3.253735999999947,7.487955000000056]},"properties":{"id":38990,"nom":"SOUS PREFECTURE DE KOUN FAO","type":"sous-prefecture","district_region":null,"departement_commune":null,"verifie":true,"name":"SOUS PREFECTURE DE KOUN FAO","source":"Géoportail ANSTAT"}},{"type":"Feature","geometry":{"type":"Point","coordinates":[-6.905169999999941,8.271186000000057]},"properties":{"id":38991,"nom":"SOUS PREFECTURE DE WOROFLA","type":"sous-prefecture","district_region":null,"departement_commune":null,"verifie":true,"name":"SOUS PREFECTURE DE WOROFLA","source":"Géoportail ANSTAT"}},{"type":"Feature","geometry":{"type":"Point","coordinates":[-6.92652099999998,7.978373000000033]},"properties":{"id":38992,"nom":"SOUS PREFECTURE DE SIIFIE","type":"sous-prefecture","district_region":null,"departement_commune":null,"verifie":true,"name":"SOUS PREFECTURE DE SIIFIE","source":"Géoportail ANSTAT"}},{"type":"Feature","geometry":{"type":"Point","coordinates":[-7.020023999999978,7.85649200000006]},"properties":{"id":38993,"nom":"SOUS PREFECTURE DE KAMALO","type":"sous-prefecture","district_region":null,"departement_commune":null,"verifie":true,"name":"SOUS PREFECTURE DE KAMALO","source":"Géoportail ANSTAT"}},{"type":"Feature","geometry":{"type":"Point","coordinates":[-6.607420999999931,8.189276000000064]},"properties":{"id":38994,"nom":"SOUS PREFECTURE DE DIARABANA","type":"sous-prefecture","district_region":null,"departement_commune":null,"verifie":true,"name":"SOUS PREFECTURE DE DIARABANA","source":"Géoportail ANSTAT"}},{"type":"Feature","geometry":{"type":"Point","coordinates":[-6.61727499999995,8.70075600000007]},"properties":{"id":38995,"nom":"SOUS PREFECTURE DE FADIADOUGOU","type":"sous-prefecture","district_region":null,"departement_commune":null,"verifie":true,"name":"SOUS PREFECTURE DE FADIADOUGOU","source":"Géoportail ANSTAT"}},{"type":"Feature","geometry":{"type":"Point","coordinates":[-6.785072999999954,8.944133000000022]},"properties":{"id":38996,"nom":"SOUS PREFECTURE DE MORONDO","type":"sous-prefecture","district_region":null,"departement_commune":null,"verifie":true,"name":"SOUS PREFECTURE DE MORONDO","source":"Géoportail ANSTAT"}},{"type":"Feature","geometry":{"type":"Point","coordinates":[-6.603828999999962,8.471011000000033]},"properties":{"id":38997,"nom":"SOUS PREFECTURE DE KANI","type":"sous-prefecture","district_region":null,"departement_commune":null,"verifie":true,"name":"SOUS PREFECTURE DE KANI","source":"Géoportail ANSTAT"}},{"type":"Feature","geometry":{"type":"Point","coordinates":[-6.542397999999935,8.118690000000072]},"properties":{"id":38998,"nom":"SOUSREFECTURE DE DUALLA","type":"sous-prefecture","district_region":null,"departement_commune":null,"verifie":true,"name":"SOUSREFECTURE DE DUALLA","source":"Géoportail ANSTAT"}},{"type":"Feature","geometry":{"type":"Point","coordinates":[-6.669537999999932,7.962462000000073]},"properties":{"id":38999,"nom":"SOUS PREFECTURE DE SEGUELA","type":"sous-prefecture","district_region":null,"departement_commune":null,"verifie":true,"name":"SOUS PREFECTURE DE SEGUELA","source":"Géoportail ANSTAT"}},{"type":"Feature","geometry":{"type":"Point","coordinates":[-7.882183999999938,7.783657000000062]},"properties":{"id":39000,"nom":"SOUS PREFECTURE DE YORODOUGOU","type":"sous-prefecture","district_region":null,"departement_commune":null,"verifie":true,"name":"SOUS PREFECTURE DE YORODOUGOU","source":"Géoportail ANSTAT"}},{"type":"Feature","geometry":{"type":"Point","coordinates":[-6.049417999999946,7.431936000000064]},"properties":{"id":39001,"nom":"SOUS PREFECTURE DE ZUENOULA","type":"sous-prefecture","district_region":null,"departement_commune":null,"verifie":true,"name":"SOUS PREFECTURE DE ZUENOULA","source":"Géoportail ANSTAT"}},{"type":"Feature","geometry":{"type":"Point","coordinates":[-5.603254999999933,6.653441000000043]},"properties":{"id":39002,"nom":"SOUS PREFECTURE DE KONONFLA","type":"sous-prefecture","district_region":null,"departement_commune":null,"verifie":true,"name":"SOUS PREFECTURE DE KONONFLA","source":"Géoportail ANSTAT"}},{"type":"Feature","geometry":{"type":"Point","coordinates":[-5.84472999999997,7.405526000000066]},"properties":{"id":39003,"nom":"SOUS PREFECTURE DE MAMINIGUI","type":"sous-prefecture","district_region":null,"departement_commune":null,"verifie":true,"name":"SOUS PREFECTURE DE MAMINIGUI","source":"Géoportail ANSTAT"}},{"type":"Feature","geometry":{"type":"Point","coordinates":[-5.851673999999946,7.68781800000005]},"properties":{"id":39004,"nom":"SOUS PREFECTURE IRIEFLA","type":"sous-prefecture","district_region":null,"departement_commune":null,"verifie":true,"name":"SOUS PREFECTURE IRIEFLA","source":"Géoportail ANSTAT"}},{"type":"Feature","geometry":{"type":"Point","coordinates":[-5.946530999999936,7.622663000000045]},"properties":{"id":39005,"nom":"SOUS PREFECTURE DE VOUEBOUFLA","type":"sous-prefecture","district_region":null,"departement_commune":null,"verifie":true,"name":"SOUS PREFECTURE DE VOUEBOUFLA","source":"Géoportail ANSTAT"}},{"type":"Feature","geometry":{"type":"Point","coordinates":[-6.213512999999978,7.474793000000034]},"properties":{"id":39006,"nom":"SOUS PREFECTURE DE ZANZRA","type":"sous-prefecture","district_region":null,"departement_commune":null,"verifie":true,"name":"SOUS PREFECTURE DE ZANZRA","source":"Géoportail ANSTAT"}},{"type":"Feature","geometry":{"type":"Point","coordinates":[-6.215826999999933,7.326103000000046]},"properties":{"id":39007,"nom":"SOUS PREFECTURE DE KANZRA","type":"sous-prefecture","district_region":null,"departement_commune":null,"verifie":true,"name":"SOUS PREFECTURE DE KANZRA","source":"Géoportail ANSTAT"}},{"type":"Feature","geometry":{"type":"Point","coordinates":[-5.823270999999977,6.862732000000051]},"properties":{"id":39008,"nom":"SOUS PREFECTURE DE NDOUFFOUKANKRO","type":"sous-prefecture","district_region":null,"departement_commune":null,"verifie":true,"name":"SOUS PREFECTURE DE NDOUFFOUKANKRO","source":"Géoportail ANSTAT"}},{"type":"Feature","geometry":{"type":"Point","coordinates":[-5.825494999999933,7.18349100000006]},"properties":{"id":39009,"nom":"SOUS PREFECTURE DE TIBEITA","type":"sous-prefecture","district_region":null,"departement_commune":null,"verifie":true,"name":"SOUS PREFECTURE DE TIBEITA","source":"Géoportail ANSTAT"}},{"type":"Feature","geometry":{"type":"Point","coordinates":[-5.914416999999958,6.620533000000023]},"properties":{"id":39010,"nom":"SOUS PREFECTURE DE SINFRA","type":"sous-prefecture","district_region":null,"departement_commune":null,"verifie":true,"name":"SOUS PREFECTURE DE SINFRA","source":"Géoportail ANSTAT"}},{"type":"Feature","geometry":{"type":"Point","coordinates":[-4.82911299999995,7.640456000000029]},"properties":{"id":39011,"nom":"SOUS PREFECTURE DE BROBO","type":"sous-prefecture","district_region":null,"departement_commune":null,"verifie":true,"name":"SOUS PREFECTURE DE BROBO","source":"Géoportail ANSTAT"}},{"type":"Feature","geometry":{"type":"Point","coordinates":[-4.82907599999993,7.640443000000062]},"properties":{"id":39012,"nom":"SOUS PREFECTURE DE BROBO","type":"sous-prefecture","district_region":null,"departement_commune":null,"verifie":true,"name":"SOUS PREFECTURE DE BROBO","source":"Géoportail ANSTAT"}},{"type":"Feature","geometry":{"type":"Point","coordinates":[-5.069698999999957,7.519844000000035]},"properties":{"id":39013,"nom":"SOUS PREFECTURE DE DJEBONOUA","type":"sous-prefecture","district_region":null,"departement_commune":null,"verifie":true,"name":"SOUS PREFECTURE DE DJEBONOUA","source":"Géoportail ANSTAT"}},{"type":"Feature","geometry":{"type":"Point","coordinates":[-5.164699999999925,7.58799300000004]},"properties":{"id":39014,"nom":"SOUS PREFECTURE DE DIBRI ASSIRIKRO","type":"sous-prefecture","district_region":null,"departement_commune":null,"verifie":true,"name":"SOUS PREFECTURE DE DIBRI ASSIRIKRO","source":"Géoportail ANSTAT"}},{"type":"Feature","geometry":{"type":"Point","coordinates":[-5.290857999999957,7.444686000000047]},"properties":{"id":39015,"nom":"SOUS PREFECTURE DE SAKASSOU","type":"sous-prefecture","district_region":null,"departement_commune":null,"verifie":true,"name":"SOUS PREFECTURE DE SAKASSOU","source":"Géoportail ANSTAT"}},{"type":"Feature","geometry":{"type":"Point","coordinates":[-5.441356999999925,8.096093000000053]},"properties":{"id":39016,"nom":"SOUS PREFECTURE DE MARABADJASSA","type":"sous-prefecture","district_region":null,"departement_commune":null,"verifie":true,"name":"SOUS PREFECTURE DE MARABADJASSA","source":"Géoportail ANSTAT"}},{"type":"Feature","geometry":{"type":"Point","coordinates":[-5.439326999999935,8.00531200000006]},"properties":{"id":39017,"nom":"SOUS PREFECTURE DE N GUESSANKRO","type":"sous-prefecture","district_region":null,"departement_commune":null,"verifie":true,"name":"SOUS PREFECTURE DE N GUESSANKRO","source":"Géoportail ANSTAT"}},{"type":"Feature","geometry":{"type":"Point","coordinates":[-5.744006999999954,7.830441000000064]},"properties":{"id":39018,"nom":"SOUS PREFECTURE DE KONDROBO","type":"sous-prefecture","district_region":null,"departement_commune":null,"verifie":true,"name":"SOUS PREFECTURE DE KONDROBO","source":"Géoportail ANSTAT"}},{"type":"Feature","geometry":{"type":"Point","coordinates":[-3.194741999999962,8.694419000000039]},"properties":{"id":39019,"nom":"SOUS PREFECTURE DE KOTOUBA","type":"sous-prefecture","district_region":null,"departement_commune":null,"verifie":true,"name":"SOUS PREFECTURE DE KOTOUBA","source":"Géoportail ANSTAT"}},{"type":"Feature","geometry":{"type":"Point","coordinates":[-3.350112999999965,9.820750000000032]},"properties":{"id":39020,"nom":"SP DE DOROPO","type":"sous-prefecture","district_region":null,"departement_commune":null,"verifie":true,"name":"SP DE DOROPO","source":"Géoportail ANSTAT"}},{"type":"Feature","geometry":{"type":"Point","coordinates":[-3.437304999999981,9.612072000000069]},"properties":{"id":39021,"nom":"SOUS PREFECTURE DE NIAMOUE","type":"sous-prefecture","district_region":null,"departement_commune":null,"verifie":true,"name":"SOUS PREFECTURE DE NIAMOUE","source":"Géoportail ANSTAT"}},{"type":"Feature","geometry":{"type":"Point","coordinates":[-3.52847799999995,9.769341000000054]},"properties":{"id":39022,"nom":"SOUS PREFECTURE DE GOGO","type":"sous-prefecture","district_region":null,"departement_commune":null,"verifie":true,"name":"SOUS PREFECTURE DE GOGO","source":"Géoportail ANSTAT"}},{"type":"Feature","geometry":{"type":"Point","coordinates":[-4.138931999999954,9.765008000000025]},"properties":{"id":39023,"nom":"SOUS PREFECTURE DE TOUGBO","type":"sous-prefecture","district_region":null,"departement_commune":null,"verifie":true,"name":"SOUS PREFECTURE DE TOUGBO","source":"Géoportail ANSTAT"}},{"type":"Feature","geometry":{"type":"Point","coordinates":[-3.009030999999936,9.26342100000005]},"properties":{"id":39024,"nom":"SOUS PREFECTURE DE BOUNA","type":"sous-prefecture","district_region":null,"departement_commune":null,"verifie":true,"name":"SOUS PREFECTURE DE BOUNA","source":"Géoportail ANSTAT"}},{"type":"Feature","geometry":{"type":"Point","coordinates":[-4.586239999999975,6.76315100000005]},"properties":{"id":39025,"nom":"SOUS PREFECTURE DE DJANGOKRO","type":"sous-prefecture","district_region":null,"departement_commune":null,"verifie":true,"name":"SOUS PREFECTURE DE DJANGOKRO","source":"Géoportail ANSTAT"}},{"type":"Feature","geometry":{"type":"Point","coordinates":[-4.280238999999938,7.078037000000052]},"properties":{"id":39026,"nom":"SOUS PREFECTURE DE NZECREZESSOU","type":"sous-prefecture","district_region":null,"departement_commune":null,"verifie":true,"name":"SOUS PREFECTURE DE NZECREZESSOU","source":"Géoportail ANSTAT"}},{"type":"Feature","geometry":{"type":"Point","coordinates":[-4.675008999999932,7.148366000000067]},"properties":{"id":39027,"nom":"SOUS PREFECTURE DE MEKRO","type":"sous-prefecture","district_region":null,"departement_commune":null,"verifie":true,"name":"SOUS PREFECTURE DE MEKRO","source":"Géoportail ANSTAT"}},{"type":"Feature","geometry":{"type":"Point","coordinates":[-4.679504999999949,7.344610000000046]},"properties":{"id":39028,"nom":"SOUS PREFECTURE DE KOUASSI KOUASSIKRO","type":"sous-prefecture","district_region":null,"departement_commune":null,"verifie":true,"name":"SOUS PREFECTURE DE KOUASSI KOUASSIKRO","source":"Géoportail ANSTAT"}},{"type":"Feature","geometry":{"type":"Point","coordinates":[-4.706026999999949,6.830637000000024]},"properties":{"id":39029,"nom":"SP NOFOU","type":"sous-prefecture","district_region":null,"departement_commune":null,"verifie":true,"name":"SP NOFOU","source":"Géoportail ANSTAT"}},{"type":"Feature","geometry":{"type":"Point","coordinates":[-7.487234999999941,6.224321000000032]},"properties":{"id":39030,"nom":"SOUS PREFECTURE DE ZAGNE","type":"sous-prefecture","district_region":null,"departement_commune":null,"verifie":true,"name":"SOUS PREFECTURE DE ZAGNE","source":"Géoportail ANSTAT"}},{"type":"Feature","geometry":{"type":"Point","coordinates":[-7.458304999999939,5.87252200000006]},"properties":{"id":39031,"nom":"SOUS PREFECTURE DE TAI","type":"sous-prefecture","district_region":null,"departement_commune":null,"verifie":true,"name":"SOUS PREFECTURE DE TAI","source":"Géoportail ANSTAT"}},{"type":"Feature","geometry":{"type":"Point","coordinates":[-7.482069999999965,6.544857000000036]},"properties":{"id":39032,"nom":"SOUS PREFECTURE DE GUIGLO","type":"sous-prefecture","district_region":null,"departement_commune":null,"verifie":true,"name":"SOUS PREFECTURE DE GUIGLO","source":"Géoportail ANSTAT"}},{"type":"Feature","geometry":{"type":"Point","coordinates":[-7.707375999999954,6.56685200000004]},"properties":{"id":39033,"nom":"SOUS PREFECTURE DE KAADE","type":"sous-prefecture","district_region":null,"departement_commune":null,"verifie":true,"name":"SOUS PREFECTURE DE KAADE","source":"Géoportail ANSTAT"}},{"type":"Feature","geometry":{"type":"Point","coordinates":[-7.828744999999969,6.559565000000021]},"properties":{"id":39034,"nom":"SOUS PREFECTURE DE ZEAGLO","type":"sous-prefecture","district_region":null,"departement_commune":null,"verifie":true,"name":"SOUS PREFECTURE DE ZEAGLO","source":"Géoportail ANSTAT"}},{"type":"Feature","geometry":{"type":"Point","coordinates":[-8.112588999999957,6.591578000000027]},"properties":{"id":39035,"nom":"SOUS PREFECTURE DE DOKE","type":"sous-prefecture","district_region":null,"departement_commune":null,"verifie":true,"name":"SOUS PREFECTURE DE DOKE","source":"Géoportail ANSTAT"}},{"type":"Feature","geometry":{"type":"Point","coordinates":[-8.410716999999977,6.586834000000067]},"properties":{"id":39036,"nom":"SOUS PREFECTURE DE TOULEUPLEU","type":"sous-prefecture","district_region":null,"departement_commune":null,"verifie":true,"name":"SOUS PREFECTURE DE TOULEUPLEU","source":"Géoportail ANSTAT"}},{"type":"Feature","geometry":{"type":"Point","coordinates":[-8.499585999999965,6.536659000000043]},"properties":{"id":39037,"nom":"SOUS PREFECTURE DE TIOBLY","type":"sous-prefecture","district_region":null,"departement_commune":null,"verifie":true,"name":"SOUS PREFECTURE DE TIOBLY","source":"Géoportail ANSTAT"}},{"type":"Feature","geometry":{"type":"Point","coordinates":[-8.29995699999995,6.568708000000072]},"properties":{"id":39038,"nom":"SOUS PREFECTURE DE PEHE","type":"sous-prefecture","district_region":null,"departement_commune":null,"verifie":true,"name":"SOUS PREFECTURE DE PEHE","source":"Géoportail ANSTAT"}},{"type":"Feature","geometry":{"type":"Point","coordinates":[-6.715167999999949,7.443591000000026]},"properties":{"id":39039,"nom":"SOUS PREFECTURE DE SEITIFLA","type":"sous-prefecture","district_region":null,"departement_commune":null,"verifie":true,"name":"SOUS PREFECTURE DE SEITIFLA","source":"Géoportail ANSTAT"}},{"type":"Feature","geometry":{"type":"Point","coordinates":[-6.837310999999943,7.156078000000036]},"properties":{"id":39040,"nom":"SOUS PREFECTURE DE DANIA","type":"sous-prefecture","district_region":null,"departement_commune":null,"verifie":true,"name":"SOUS PREFECTURE DE DANIA","source":"Géoportail ANSTAT"}},{"type":"Feature","geometry":{"type":"Point","coordinates":[-6.478316999999947,7.388948000000028]},"properties":{"id":39041,"nom":"SOUS PREFECTURE DE VAVOUA","type":"sous-prefecture","district_region":null,"departement_commune":null,"verifie":true,"name":"SOUS PREFECTURE DE VAVOUA","source":"Géoportail ANSTAT"}},{"type":"Feature","geometry":{"type":"Point","coordinates":[-6.736000999999931,6.800775000000044]},"properties":{"id":39042,"nom":"SOUS PREFECTURE DE GREGBEU","type":"sous-prefecture","district_region":null,"departement_commune":null,"verifie":true,"name":"SOUS PREFECTURE DE GREGBEU","source":"Géoportail ANSTAT"}},{"type":"Feature","geometry":{"type":"Point","coordinates":[-6.15272699999997,6.672147000000052]},"properties":{"id":39043,"nom":"SOUS PREFECTURE DE GADOUAN","type":"sous-prefecture","district_region":null,"departement_commune":null,"verifie":true,"name":"SOUS PREFECTURE DE GADOUAN","source":"Géoportail ANSTAT"}},{"type":"Feature","geometry":{"type":"Point","coordinates":[-6.45020999999997,6.888067000000035]},"properties":{"id":39044,"nom":"SOUS PREFECTURE DE DALOA","type":"sous-prefecture","district_region":null,"departement_commune":null,"verifie":true,"name":"SOUS PREFECTURE DE DALOA","source":"Géoportail ANSTAT"}},{"type":"Feature","geometry":{"type":"Point","coordinates":[-6.584357999999952,6.759265000000028]},"properties":{"id":39045,"nom":"SOUS PREFECTURE DE GBOGUHE","type":"sous-prefecture","district_region":null,"departement_commune":null,"verifie":true,"name":"SOUS PREFECTURE DE GBOGUHE","source":"Géoportail ANSTAT"}},{"type":"Feature","geometry":{"type":"Point","coordinates":[-6.861638999999968,6.766818000000058]},"properties":{"id":39046,"nom":"SOUS PREFECTURE DE ZOUKOUGBEU","type":"sous-prefecture","district_region":null,"departement_commune":null,"verifie":true,"name":"SOUS PREFECTURE DE ZOUKOUGBEU","source":"Géoportail ANSTAT"}},{"type":"Feature","geometry":{"type":"Point","coordinates":[-6.228293999999948,6.384010000000046]},"properties":{"id":39047,"nom":"SOUS PREFECTURE DE NAHIO","type":"sous-prefecture","district_region":null,"departement_commune":null,"verifie":true,"name":"SOUS PREFECTURE DE NAHIO","source":"Géoportail ANSTAT"}},{"type":"Feature","geometry":{"type":"Point","coordinates":[-6.516275999999948,6.387137000000052]},"properties":{"id":39048,"nom":"SOUS PREFECTURE DE TAPEGUIA","type":"sous-prefecture","district_region":null,"departement_commune":null,"verifie":true,"name":"SOUS PREFECTURE DE TAPEGUIA","source":"Géoportail ANSTAT"}},{"type":"Feature","geometry":{"type":"Point","coordinates":[-6.708258999999941,6.390035000000069]},"properties":{"id":39050,"nom":"SOUS PREFECTURE DE NAMANE","type":"sous-prefecture","district_region":null,"departement_commune":null,"verifie":true,"name":"SOUS PREFECTURE DE NAMANE","source":"Géoportail ANSTAT"}},{"type":"Feature","geometry":{"type":"Point","coordinates":[-6.269515999999953,6.49015600000007]},"properties":{"id":39051,"nom":"SOUS PREFECTURE DE SAIOUA","type":"sous-prefecture","district_region":null,"departement_commune":null,"verifie":true,"name":"SOUS PREFECTURE DE SAIOUA","source":"Géoportail ANSTAT"}},{"type":"Feature","geometry":{"type":"Point","coordinates":[-4.937395999999978,6.166809000000057]},"properties":{"id":39052,"nom":"SOUS PREFECTURE DE PACOBO","type":"sous-prefecture","district_region":null,"departement_commune":null,"verifie":true,"name":"SOUS PREFECTURE DE PACOBO","source":"Géoportail ANSTAT"}},{"type":"Feature","geometry":{"type":"Point","coordinates":[-4.703845999999942,6.076527000000056]},"properties":{"id":39053,"nom":"SOUS PREFECTURE DE MOROKRO","type":"sous-prefecture","district_region":null,"departement_commune":null,"verifie":true,"name":"SOUS PREFECTURE DE MOROKRO","source":"Géoportail ANSTAT"}},{"type":"Feature","geometry":{"type":"Point","coordinates":[-4.663737999999967,5.797879000000023]},"properties":{"id":39054,"nom":"SP DE BINAO","type":"sous-prefecture","district_region":null,"departement_commune":null,"verifie":true,"name":"SP DE BINAO","source":"Géoportail ANSTAT"}},{"type":"Feature","geometry":{"type":"Point","coordinates":[-4.435987999999952,5.721932000000038]},"properties":{"id":39055,"nom":"SOUS PREFECTURE DE GOMON","type":"sous-prefecture","district_region":null,"departement_commune":null,"verifie":true,"name":"SOUS PREFECTURE DE GOMON","source":"Géoportail ANSTAT"}},{"type":"Feature","geometry":{"type":"Point","coordinates":[-4.418864999999926,6.242586000000074]},"properties":{"id":39056,"nom":"SOUS PREFECTURE DE CECHI","type":"sous-prefecture","district_region":null,"departement_commune":null,"verifie":true,"name":"SOUS PREFECTURE DE CECHI","source":"Géoportail ANSTAT"}},{"type":"Feature","geometry":{"type":"Point","coordinates":[-4.239837999999963,5.736819000000025]},"properties":{"id":39057,"nom":"SOUS PREFECTURE DE GUESSIGUIE","type":"sous-prefecture","district_region":null,"departement_commune":null,"verifie":true,"name":"SOUS PREFECTURE DE GUESSIGUIE","source":"Géoportail ANSTAT"}},{"type":"Feature","geometry":{"type":"Point","coordinates":[-4.133010999999954,5.981073000000038]},"properties":{"id":39058,"nom":"SOUS PREFECTURE DE GRAND MORIE","type":"sous-prefecture","district_region":null,"departement_commune":null,"verifie":true,"name":"SOUS PREFECTURE DE GRAND MORIE","source":"Géoportail ANSTAT"}},{"type":"Feature","geometry":{"type":"Point","coordinates":[-4.309698999999966,6.069887000000051]},"properties":{"id":39059,"nom":"SOUS PREFECTURE DE RUBINO","type":"sous-prefecture","district_region":null,"departement_commune":null,"verifie":true,"name":"SOUS PREFECTURE DE RUBINO","source":"Géoportail ANSTAT"}},{"type":"Feature","geometry":{"type":"Point","coordinates":[-4.309058999999934,6.069735000000037]},"properties":{"id":39060,"nom":"SOUS PREFECTURE DE RUBINO","type":"sous-prefecture","district_region":null,"departement_commune":null,"verifie":true,"name":"SOUS PREFECTURE DE RUBINO","source":"Géoportail ANSTAT"}},{"type":"Feature","geometry":{"type":"Point","coordinates":[-7.543554999999969,8.134196000000031]},"properties":{"id":39061,"nom":"SOUS PREFECTURE DE DIOMAN","type":"sous-prefecture","district_region":null,"departement_commune":null,"verifie":true,"name":"SOUS PREFECTURE DE DIOMAN","source":"Géoportail ANSTAT"}},{"type":"Feature","geometry":{"type":"Point","coordinates":[-7.687371999999925,8.287111000000039]},"properties":{"id":39062,"nom":"SOUS PREFECTURE DE TOUBA","type":"sous-prefecture","district_region":null,"departement_commune":null,"verifie":true,"name":"SOUS PREFECTURE DE TOUBA","source":"Géoportail ANSTAT"}},{"type":"Feature","geometry":{"type":"Point","coordinates":[-7.841852999999958,8.036422000000073]},"properties":{"id":39063,"nom":"SOUS PREFECTURE DE GOUEKAN","type":"sous-prefecture","district_region":null,"departement_commune":null,"verifie":true,"name":"SOUS PREFECTURE DE GOUEKAN","source":"Géoportail ANSTAT"}},{"type":"Feature","geometry":{"type":"Point","coordinates":[-7.761266999999975,8.148040000000037]},"properties":{"id":39064,"nom":"SOUS PREFECTURE DE GBELO","type":"sous-prefecture","district_region":null,"departement_commune":null,"verifie":true,"name":"SOUS PREFECTURE DE GBELO","source":"Géoportail ANSTAT"}},{"type":"Feature","geometry":{"type":"Point","coordinates":[-7.872120999999936,8.239141000000075]},"properties":{"id":39065,"nom":"SOUS PREFECTURE DE OUANINOU","type":"sous-prefecture","district_region":null,"departement_commune":null,"verifie":true,"name":"SOUS PREFECTURE DE OUANINOU","source":"Géoportail ANSTAT"}},{"type":"Feature","geometry":{"type":"Point","coordinates":[-7.973525999999936,8.360131000000024]},"properties":{"id":39066,"nom":"SOUS PREFECTURE DE KOONAN","type":"sous-prefecture","district_region":null,"departement_commune":null,"verifie":true,"name":"SOUS PREFECTURE DE KOONAN","source":"Géoportail ANSTAT"}},{"type":"Feature","geometry":{"type":"Point","coordinates":[-7.312427999999954,8.294906000000026]},"properties":{"id":39067,"nom":"SOUS PREFECTURE DE GUINTEGUELA","type":"sous-prefecture","district_region":null,"departement_commune":null,"verifie":true,"name":"SOUS PREFECTURE DE GUINTEGUELA","source":"Géoportail ANSTAT"}},{"type":"Feature","geometry":{"type":"Point","coordinates":[-7.67062999999996,8.687234000000046]},"properties":{"id":39068,"nom":"SOUS PRRFECTURE DE NIOKOSSO","type":"sous-prefecture","district_region":null,"departement_commune":null,"verifie":true,"name":"SOUS PRRFECTURE DE NIOKOSSO","source":"Géoportail ANSTAT"}},{"type":"Feature","geometry":{"type":"Point","coordinates":[-7.829586999999947,9.033064000000024]},"properties":{"id":39069,"nom":"SOUS PREFECTURE DE MAHANDOUGOU","type":"sous-prefecture","district_region":null,"departement_commune":null,"verifie":true,"name":"SOUS PREFECTURE DE MAHANDOUGOU","source":"Géoportail ANSTAT"}},{"type":"Feature","geometry":{"type":"Point","coordinates":[-7.793116999999938,8.870065000000068]},"properties":{"id":39070,"nom":"SOUS PREFECTURE RE BOOKO","type":"sous-prefecture","district_region":null,"departement_commune":null,"verifie":true,"name":"SOUS PREFECTURE RE BOOKO","source":"Géoportail ANSTAT"}},{"type":"Feature","geometry":{"type":"Point","coordinates":[-5.628636999999969,6.052213000000052]},"properties":{"id":39071,"nom":"SOUS PREFECTURE DE GAGORE","type":"sous-prefecture","district_region":null,"departement_commune":null,"verifie":true,"name":"SOUS PREFECTURE DE GAGORE","source":"Géoportail ANSTAT"}},{"type":"Feature","geometry":{"type":"Point","coordinates":[-5.703342999999961,6.068511000000058]},"properties":{"id":39072,"nom":"SOUS PREFECTURE DE ZIKISSO","type":"sous-prefecture","district_region":null,"departement_commune":null,"verifie":true,"name":"SOUS PREFECTURE DE ZIKISSO","source":"Géoportail ANSTAT"}},{"type":"Feature","geometry":{"type":"Point","coordinates":[-5.693249999999978,6.15910800000006]},"properties":{"id":39073,"nom":"SOUS PREFECTURE DE DJIDJI","type":"sous-prefecture","district_region":null,"departement_commune":null,"verifie":true,"name":"SOUS PREFECTURE DE DJIDJI","source":"Géoportail ANSTAT"}},{"type":"Feature","geometry":{"type":"Point","coordinates":[-5.756119999999953,5.651732000000038]},"properties":{"id":39074,"nom":"SOUS PREFECTURE DE NIAMBEZARIA","type":"sous-prefecture","district_region":null,"departement_commune":null,"verifie":true,"name":"SOUS PREFECTURE DE NIAMBEZARIA","source":"Géoportail ANSTAT"}},{"type":"Feature","geometry":{"type":"Point","coordinates":[-5.681826999999942,5.85408700000005]},"properties":{"id":39075,"nom":"SOUS PREFECTURE DE LAKOTA","type":"sous-prefecture","district_region":null,"departement_commune":null,"verifie":true,"name":"SOUS PREFECTURE DE LAKOTA","source":"Géoportail ANSTAT"}},{"type":"Feature","geometry":{"type":"Point","coordinates":[-5.299057999999945,6.183537000000058]},"properties":{"id":39076,"nom":"SOUS PREFECTURE DE HIRE","type":"sous-prefecture","district_region":null,"departement_commune":null,"verifie":true,"name":"SOUS PREFECTURE DE HIRE","source":"Géoportail ANSTAT"}},{"type":"Feature","geometry":{"type":"Point","coordinates":[-5.106147999999962,5.269630000000063]},"properties":{"id":39077,"nom":"SOUS PREFECTURE DE YOCOBOUE","type":"sous-prefecture","district_region":null,"departement_commune":null,"verifie":true,"name":"SOUS PREFECTURE DE YOCOBOUE","source":"Géoportail ANSTAT"}},{"type":"Feature","geometry":{"type":"Point","coordinates":[-5.24083799999994,5.51918500000005]},"properties":{"id":39078,"nom":"SOUS PREFECTURE DE GUITRY","type":"sous-prefecture","district_region":null,"departement_commune":null,"verifie":true,"name":"SOUS PREFECTURE DE GUITRY","source":"Géoportail ANSTAT"}},{"type":"Feature","geometry":{"type":"Point","coordinates":[-5.360566999999946,5.84187600000007]},"properties":{"id":39079,"nom":"SOUS PREFECTURE DE DIVO","type":"sous-prefecture","district_region":null,"departement_commune":null,"verifie":true,"name":"SOUS PREFECTURE DE DIVO","source":"Géoportail ANSTAT"}},{"type":"Feature","geometry":{"type":"Point","coordinates":[-5.410342999999955,5.939678000000072]},"properties":{"id":39080,"nom":"SOUS PREFECTURE DE NEBO","type":"sous-prefecture","district_region":null,"departement_commune":null,"verifie":true,"name":"SOUS PREFECTURE DE NEBO","source":"Géoportail ANSTAT"}},{"type":"Feature","geometry":{"type":"Point","coordinates":[-5.316623999999933,6.021581000000026]},"properties":{"id":39081,"nom":"SOUS PREFECTURE DE DIDOKO","type":"sous-prefecture","district_region":null,"departement_commune":null,"verifie":true,"name":"SOUS PREFECTURE DE DIDOKO","source":"Géoportail ANSTAT"}},{"type":"Feature","geometry":{"type":"Point","coordinates":[-6.406940999999961,10.19868600000007]},"properties":{"id":39082,"nom":"SOUS PREFECTURE DE KOUTO","type":"sous-prefecture","district_region":null,"departement_commune":null,"verifie":true,"name":"SOUS PREFECTURE DE KOUTO","source":"Géoportail ANSTAT"}},{"type":"Feature","geometry":{"type":"Point","coordinates":[-6.850035999999932,10.03580800000003]},"properties":{"id":39083,"nom":"SOUS PRFECTURE DE SIANHALA","type":"sous-prefecture","district_region":null,"departement_commune":null,"verifie":true,"name":"SOUS PRFECTURE DE SIANHALA","source":"Géoportail ANSTAT"}},{"type":"Feature","geometry":{"type":"Point","coordinates":[-6.324498999999946,9.284197000000065]},"properties":{"id":39084,"nom":"SOUS PREFECTURE DE GANAONI","type":"sous-prefecture","district_region":null,"departement_commune":null,"verifie":true,"name":"SOUS PREFECTURE DE GANAONI","source":"Géoportail ANSTAT"}},{"type":"Feature","geometry":{"type":"Point","coordinates":[-6.197855999999945,9.519524000000049]},"properties":{"id":39085,"nom":"SOUS PREFECTURE DE SIEMPURGO","type":"sous-prefecture","district_region":null,"departement_commune":null,"verifie":true,"name":"SOUS PREFECTURE DE SIEMPURGO","source":"Géoportail ANSTAT"}},{"type":"Feature","geometry":{"type":"Point","coordinates":[-6.474512999999945,9.769375000000023]},"properties":{"id":39086,"nom":"SOUS PREFECTURE DE KOLIA","type":"sous-prefecture","district_region":null,"departement_commune":null,"verifie":true,"name":"SOUS PREFECTURE DE KOLIA","source":"Géoportail ANSTAT"}},{"type":"Feature","geometry":{"type":"Point","coordinates":[-6.41682899999995,9.88253700000007]},"properties":{"id":39087,"nom":"SOUS PREFECTURE DE KOUTO","type":"sous-prefecture","district_region":null,"departement_commune":null,"verifie":true,"name":"SOUS PREFECTURE DE KOUTO","source":"Géoportail ANSTAT"}},{"type":"Feature","geometry":{"type":"Point","coordinates":[-6.477272999999968,9.51915800000006]},"properties":{"id":39088,"nom":"SOUSPREFECTURE DE BOUNDIALI","type":"sous-prefecture","district_region":null,"departement_commune":null,"verifie":true,"name":"SOUSPREFECTURE DE BOUNDIALI","source":"Géoportail ANSTAT"}},{"type":"Feature","geometry":{"type":"Point","coordinates":[-6.255356999999947,10.62459200000006]},"properties":{"id":39089,"nom":"SOUS PREFECTURE DE PAPARA","type":"sous-prefecture","district_region":null,"departement_commune":null,"verifie":true,"name":"SOUS PREFECTURE DE PAPARA","source":"Géoportail ANSTAT"}},{"type":"Feature","geometry":{"type":"Point","coordinates":[-6.233376999999962,10.35856200000006]},"properties":{"id":39090,"nom":"SOUS PREFECTURE DE KANAKONO","type":"sous-prefecture","district_region":null,"departement_commune":null,"verifie":true,"name":"SOUS PREFECTURE DE KANAKONO","source":"Géoportail ANSTAT"}},{"type":"Feature","geometry":{"type":"Point","coordinates":[-6.407926999999972,10.48239600000005]},"properties":{"id":39091,"nom":"SOUS PREFECTURE DE TENGRELA","type":"sous-prefecture","district_region":null,"departement_commune":null,"verifie":true,"name":"SOUS PREFECTURE DE TENGRELA","source":"Géoportail ANSTAT"}},{"type":"Feature","geometry":{"type":"Point","coordinates":[-6.224962999999946,9.833421000000044]},"properties":{"id":39092,"nom":"SOUS PREFECTURE DE KASSERE","type":"sous-prefecture","district_region":null,"departement_commune":null,"verifie":true,"name":"SOUS PREFECTURE DE KASSERE","source":"Géoportail ANSTAT"}},{"type":"Feature","geometry":{"type":"Point","coordinates":[-5.721426999999949,8.18158900000003]},"properties":{"id":39093,"nom":"SOUS PREFECTURE DE TIENINGBOUE","type":"sous-prefecture","district_region":null,"departement_commune":null,"verifie":true,"name":"SOUS PREFECTURE DE TIENINGBOUE","source":"Géoportail ANSTAT"}},{"type":"Feature","geometry":{"type":"Point","coordinates":[-5.922377999999981,8.45303800000005]},"properties":{"id":39094,"nom":"SOUS PREFECTURE DE MARANDALLAH","type":"sous-prefecture","district_region":null,"departement_commune":null,"verifie":true,"name":"SOUS PREFECTURE DE MARANDALLAH","source":"Géoportail ANSTAT"}},{"type":"Feature","geometry":{"type":"Point","coordinates":[-6.191637999999955,8.062840000000051]},"properties":{"id":39095,"nom":"SOUS PREFECTURE DE MANKONO","type":"sous-prefecture","district_region":null,"departement_commune":null,"verifie":true,"name":"SOUS PREFECTURE DE MANKONO","source":"Géoportail ANSTAT"}},{"type":"Feature","geometry":{"type":"Point","coordinates":[-6.691693999999927,10.24943700000006]},"properties":{"id":39096,"nom":"SOUS PREFECTURE DE MAHANDIANA","type":"sous-prefecture","district_region":null,"departement_commune":null,"verifie":true,"name":"SOUS PREFECTURE DE MAHANDIANA","source":"Géoportail ANSTAT"}},{"type":"Feature","geometry":{"type":"Point","coordinates":[-7.202805999999953,10.01823100000007]},"properties":{"id":39097,"nom":"SOUS PREFECTURE DE GOULIA","type":"sous-prefecture","district_region":null,"departement_commune":null,"verifie":true,"name":"SOUS PREFECTURE DE GOULIA","source":"Géoportail ANSTAT"}},{"type":"Feature","geometry":{"type":"Point","coordinates":[-7.487572999999941,10.22455400000007]},"properties":{"id":39098,"nom":"SOUS PREFECTURE DE TIENKO","type":"sous-prefecture","district_region":null,"departement_commune":null,"verifie":true,"name":"SOUS PREFECTURE DE TIENKO","source":"Géoportail ANSTAT"}},{"type":"Feature","geometry":{"type":"Point","coordinates":[-7.516440999999929,10.35922100000005]},"properties":{"id":39099,"nom":"SOUS PREFECTURE KIMBIRILA NORD","type":"sous-prefecture","district_region":null,"departement_commune":null,"verifie":true,"name":"SOUS PREFECTURE KIMBIRILA NORD","source":"Géoportail ANSTAT"}},{"type":"Feature","geometry":{"type":"Point","coordinates":[-7.830714999999941,10.20564100000007]},"properties":{"id":39100,"nom":"SOUS PREFECTURE DE SOKORO","type":"sous-prefecture","district_region":null,"departement_commune":null,"verifie":true,"name":"SOUS PREFECTURE DE SOKORO","source":"Géoportail ANSTAT"}},{"type":"Feature","geometry":{"type":"Point","coordinates":[-7.836958999999979,9.999640000000056]},"properties":{"id":39101,"nom":"SOUS PREFECTURE DE MINIGNAN","type":"sous-prefecture","district_region":null,"departement_commune":null,"verifie":true,"name":"SOUS PREFECTURE DE MINIGNAN","source":"Géoportail ANSTAT"}},{"type":"Feature","geometry":{"type":"Point","coordinates":[-3.36304199999995,6.428739000000064]},"properties":{"id":39102,"nom":"SOUS PREFECTURE DE ZARANOU","type":"sous-prefecture","district_region":null,"departement_commune":null,"verifie":true,"name":"SOUS PREFECTURE DE ZARANOU","source":"Géoportail ANSTAT"}},{"type":"Feature","geometry":{"type":"Point","coordinates":[-3.40964699999995,6.954665000000034]},"properties":{"id":39103,"nom":"SOUS PREFECTURE DE YAKASSE FEYASSE","type":"sous-prefecture","district_region":null,"departement_commune":null,"verifie":true,"name":"SOUS PREFECTURE DE YAKASSE FEYASSE","source":"Géoportail ANSTAT"}},{"type":"Feature","geometry":{"type":"Point","coordinates":[-3.270347999999956,6.662529000000063]},"properties":{"id":39104,"nom":"SOUS PREFECTURE DE NIABLE","type":"sous-prefecture","district_region":null,"departement_commune":null,"verifie":true,"name":"SOUS PREFECTURE DE NIABLE","source":"Géoportail ANSTAT"}},{"type":"Feature","geometry":{"type":"Point","coordinates":[-3.144808999999952,7.069852000000026]},"properties":{"id":39105,"nom":"SOUS PREFECTURE DE DAME","type":"sous-prefecture","district_region":null,"departement_commune":null,"verifie":true,"name":"SOUS PREFECTURE DE DAME","source":"Géoportail ANSTAT"}},{"type":"Feature","geometry":{"type":"Point","coordinates":[-3.45141499999994,7.09350100000006]},"properties":{"id":39106,"nom":"SOUS PREFECTURE DE DUFFREBO","type":"sous-prefecture","district_region":null,"departement_commune":null,"verifie":true,"name":"SOUS PREFECTURE DE DUFFREBO","source":"Géoportail ANSTAT"}},{"type":"Feature","geometry":{"type":"Point","coordinates":[-3.319209999999941,6.239317000000028]},"properties":{"id":39107,"nom":"SOUS PREFECTURE DE DIAMARAKRO","type":"sous-prefecture","district_region":null,"departement_commune":null,"verifie":true,"name":"SOUS PREFECTURE DE DIAMARAKRO","source":"Géoportail ANSTAT"}},{"type":"Feature","geometry":{"type":"Point","coordinates":[-6.906186999999932,9.922496000000024]},"properties":{"id":39108,"nom":"SOUS PREFECTURE DE FENGOLO","type":"sous-prefecture","district_region":null,"departement_commune":null,"verifie":true,"name":"SOUS PREFECTURE DE FENGOLO","source":"Géoportail ANSTAT"}},{"type":"Feature","geometry":{"type":"Point","coordinates":[-6.942411999999933,9.609889000000068]},"properties":{"id":39109,"nom":"SOUS PREFECTURE DE MADINANI","type":"sous-prefecture","district_region":null,"departement_commune":null,"verifie":true,"name":"SOUS PREFECTURE DE MADINANI","source":"Géoportail ANSTAT"}},{"type":"Feature","geometry":{"type":"Point","coordinates":[-7.223603999999966,9.68809200000004]},"properties":{"id":39110,"nom":"SOUS PREFECTURE DE NGOLOGLASSO","type":"sous-prefecture","district_region":null,"departement_commune":null,"verifie":true,"name":"SOUS PREFECTURE DE NGOLOGLASSO","source":"Géoportail ANSTAT"}},{"type":"Feature","geometry":{"type":"Point","coordinates":[-7.239900999999975,8.980151000000035]},"properties":{"id":39111,"nom":"SOUS PREFECTURE DIOULATIEDOUGOU","type":"sous-prefecture","district_region":null,"departement_commune":null,"verifie":true,"name":"SOUS PREFECTURE DIOULATIEDOUGOU","source":"Géoportail ANSTAT"}},{"type":"Feature","geometry":{"type":"Point","coordinates":[-7.312946999999951,9.55090000000007]},"properties":{"id":39112,"nom":"SOUS PREFECTURE DE TIEME","type":"sous-prefecture","district_region":null,"departement_commune":null,"verifie":true,"name":"SOUS PREFECTURE DE TIEME","source":"Géoportail ANSTAT"}},{"type":"Feature","geometry":{"type":"Point","coordinates":[-7.565785999999946,9.825615000000028]},"properties":{"id":39113,"nom":"SOUS PREFECTURE DE SAMATIGUILA","type":"sous-prefecture","district_region":null,"departement_commune":null,"verifie":true,"name":"SOUS PREFECTURE DE SAMATIGUILA","source":"Géoportail ANSTAT"}},{"type":"Feature","geometry":{"type":"Point","coordinates":[-7.61211099999997,9.702241000000072]},"properties":{"id":39114,"nom":"SOUS PREFECTURE DE KIMBIRILA","type":"sous-prefecture","district_region":null,"departement_commune":null,"verifie":true,"name":"SOUS PREFECTURE DE KIMBIRILA","source":"Géoportail ANSTAT"}},{"type":"Feature","geometry":{"type":"Point","coordinates":[-3.772626999999943,5.658180000000073]},"properties":{"id":39115,"nom":"SOUS PREFECTURE DE DANGUIRA","type":"sous-prefecture","district_region":null,"departement_commune":null,"verifie":true,"name":"SOUS PREFECTURE DE DANGUIRA","source":"Géoportail ANSTAT"}},{"type":"Feature","geometry":{"type":"Point","coordinates":[-2.792238999999938,5.292447000000038]},"properties":{"id":39116,"nom":"SOUS PREFECTURE DE NOE","type":"sous-prefecture","district_region":null,"departement_commune":null,"verifie":true,"name":"SOUS PREFECTURE DE NOE","source":"Géoportail ANSTAT"}},{"type":"Feature","geometry":{"type":"Point","coordinates":[-2.896729999999934,5.182745000000068]},"properties":{"id":39117,"nom":"SOUS PREFECTURE DE NOUAMOU","type":"sous-prefecture","district_region":null,"departement_commune":null,"verifie":true,"name":"SOUS PREFECTURE DE NOUAMOU","source":"Géoportail ANSTAT"}},{"type":"Feature","geometry":{"type":"Point","coordinates":[-2.908219999999972,5.440207000000044]},"properties":{"id":39118,"nom":"SOUS PREFECTURE DE KOUKRO","type":"sous-prefecture","district_region":null,"departement_commune":null,"verifie":true,"name":"SOUS PREFECTURE DE KOUKRO","source":"Géoportail ANSTAT"}},{"type":"Feature","geometry":{"type":"Point","coordinates":[-3.029834999999935,5.41160700000006]},"properties":{"id":39119,"nom":"SOUS PREFECTURE DE MAFERE","type":"sous-prefecture","district_region":null,"departement_commune":null,"verifie":true,"name":"SOUS PREFECTURE DE MAFERE","source":"Géoportail ANSTAT"}},{"type":"Feature","geometry":{"type":"Point","coordinates":[-5.17707699999994,8.934972000000073]},"properties":{"id":39120,"nom":"SOUS PREFECTURE NIDIEKAHA","type":"sous-prefecture","district_region":null,"departement_commune":null,"verifie":true,"name":"SOUS PREFECTURE NIDIEKAHA","source":"Géoportail ANSTAT"}},{"type":"Feature","geometry":{"type":"Point","coordinates":[-5.284317999999928,8.656686000000036]},"properties":{"id":39121,"nom":"SOUS PREFERTURE DE NIAKARA","type":"sous-prefecture","district_region":null,"departement_commune":null,"verifie":true,"name":"SOUS PREFERTURE DE NIAKARA","source":"Géoportail ANSTAT"}},{"type":"Feature","geometry":{"type":"Point","coordinates":[-5.683826999999951,8.769514000000072]},"properties":{"id":39122,"nom":"SOUS PREFECTURE DE TORTIYA","type":"sous-prefecture","district_region":null,"departement_commune":null,"verifie":true,"name":"SOUS PREFECTURE DE TORTIYA","source":"Géoportail ANSTAT"}},{"type":"Feature","geometry":{"type":"Point","coordinates":[-5.130375999999956,8.216620000000034]},"properties":{"id":39123,"nom":"SOUS PREFECTURE DE FRONAN","type":"sous-prefecture","district_region":null,"departement_commune":null,"verifie":true,"name":"SOUS PREFECTURE DE FRONAN","source":"Géoportail ANSTAT"}},{"type":"Feature","geometry":{"type":"Point","coordinates":[-5.123135999999931,8.211284000000035]},"properties":{"id":39124,"nom":"SOUS PREFECTURE DE FRONAN","type":"sous-prefecture","district_region":null,"departement_commune":null,"verifie":true,"name":"SOUS PREFECTURE DE FRONAN","source":"Géoportail ANSTAT"}},{"type":"Feature","geometry":{"type":"Point","coordinates":[-4.946214999999938,8.172542000000021]},"properties":{"id":39125,"nom":"SOUS PREFECTURE DE TIMBE","type":"sous-prefecture","district_region":null,"departement_commune":null,"verifie":true,"name":"SOUS PREFECTURE DE TIMBE","source":"Géoportail ANSTAT"}},{"type":"Feature","geometry":{"type":"Point","coordinates":[-5.096806999999956,8.14182900000003]},"properties":{"id":39126,"nom":"SOUS PREFECTURE DE KATIOLA","type":"sous-prefecture","district_region":null,"departement_commune":null,"verifie":true,"name":"SOUS PREFECTURE DE KATIOLA","source":"Géoportail ANSTAT"}},{"type":"Feature","geometry":{"type":"Point","coordinates":[-4.242400999999973,8.23539500000004]},"properties":{"id":39127,"nom":"SOUS PREFECTURE DE YAOSSEDOUGOU","type":"sous-prefecture","district_region":null,"departement_commune":null,"verifie":true,"name":"SOUS PREFECTURE DE YAOSSEDOUGOU","source":"Géoportail ANSTAT"}},{"type":"Feature","geometry":{"type":"Point","coordinates":[-4.242316999999957,8.235373000000038]},"properties":{"id":39128,"nom":"SOUS PREFECTURE DE YAOSSEDOUGOU","type":"sous-prefecture","district_region":null,"departement_commune":null,"verifie":true,"name":"SOUS PREFECTURE DE YAOSSEDOUGOU","source":"Géoportail ANSTAT"}},{"type":"Feature","geometry":{"type":"Point","coordinates":[-4.515243999999939,8.439583000000027]},"properties":{"id":39129,"nom":"SOUS PREFECTURE DE SOKALA SOBARA","type":"sous-prefecture","district_region":null,"departement_commune":null,"verifie":true,"name":"SOUS PREFECTURE DE SOKALA SOBARA","source":"Géoportail ANSTAT"}},{"type":"Feature","geometry":{"type":"Point","coordinates":[-4.689021999999966,8.453706000000068]},"properties":{"id":39130,"nom":"SOUS PREFECTURE DE NIEMENE","type":"sous-prefecture","district_region":null,"departement_commune":null,"verifie":true,"name":"SOUS PREFECTURE DE NIEMENE","source":"Géoportail ANSTAT"}},{"type":"Feature","geometry":{"type":"Point","coordinates":[-4.64637399999998,8.635887000000025]},"properties":{"id":39131,"nom":"SOUS PREFECTURE DE FOUMBOLO","type":"sous-prefecture","district_region":null,"departement_commune":null,"verifie":true,"name":"SOUS PREFECTURE DE FOUMBOLO","source":"Géoportail ANSTAT"}},{"type":"Feature","geometry":{"type":"Point","coordinates":[-4.531431999999938,7.894259000000034]},"properties":{"id":39132,"nom":"SOUS PREFECTURE SATAMA SOKORO","type":"sous-prefecture","district_region":null,"departement_commune":null,"verifie":true,"name":"SOUS PREFECTURE SATAMA SOKORO","source":"Géoportail ANSTAT"}},{"type":"Feature","geometry":{"type":"Point","coordinates":[-4.367185999999947,7.895229000000029]},"properties":{"id":39133,"nom":"SOUS PREFECTURE DE SATAMA SOKOURA","type":"sous-prefecture","district_region":null,"departement_commune":null,"verifie":true,"name":"SOUS PREFECTURE DE SATAMA SOKOURA","source":"Géoportail ANSTAT"}},{"type":"Feature","geometry":{"type":"Point","coordinates":[-4.427765999999963,8.36144900000005]},"properties":{"id":39134,"nom":"SOUS PREFECTURE DE DABAKALA","type":"sous-prefecture","district_region":null,"departement_commune":null,"verifie":true,"name":"SOUS PREFECTURE DE DABAKALA","source":"Géoportail ANSTAT"}},{"type":"Feature","geometry":{"type":"Point","coordinates":[-7.783006999999941,7.26989100000003]},"properties":{"id":39135,"nom":"SOUS PREFECTURE DE SANGOUINE","type":"sous-prefecture","district_region":null,"departement_commune":null,"verifie":true,"name":"SOUS PREFECTURE DE SANGOUINE","source":"Géoportail ANSTAT"}},{"type":"Feature","geometry":{"type":"Point","coordinates":[-7.48290499999996,7.600053000000059]},"properties":{"id":39136,"nom":"SOUS PREFECTURE DE SANDOUGOU SOBA","type":"sous-prefecture","district_region":null,"departement_commune":null,"verifie":true,"name":"SOUS PREFECTURE DE SANDOUGOU SOBA","source":"Géoportail ANSTAT"}},{"type":"Feature","geometry":{"type":"Point","coordinates":[-7.497351999999978,7.47949600000004]},"properties":{"id":39137,"nom":"SOUS PREFECTURE DE ZAGOUE","type":"sous-prefecture","district_region":null,"departement_commune":null,"verifie":true,"name":"SOUS PREFECTURE DE ZAGOUE","source":"Géoportail ANSTAT"}},{"type":"Feature","geometry":{"type":"Point","coordinates":[-7.553655999999933,7.408325000000048]},"properties":{"id":39138,"nom":"SOUS PREFECTURE DE MAN","type":"sous-prefecture","district_region":null,"departement_commune":null,"verifie":true,"name":"SOUS PREFECTURE DE MAN","source":"Géoportail ANSTAT"}},{"type":"Feature","geometry":{"type":"Point","coordinates":[-8.360238999999979,6.706418000000042]},"properties":{"id":39141,"nom":"SOUS PREFECTURE DE GOULALEU","type":"sous-prefecture","district_region":null,"departement_commune":null,"verifie":true,"name":"SOUS PREFECTURE DE GOULALEU","source":"Géoportail ANSTAT"}},{"type":"Feature","geometry":{"type":"Point","coordinates":[-8.264407999999946,7.393372000000056]},"properties":{"id":39143,"nom":"SOUS PREFECTURE DE KOUAN HOULE","type":"sous-prefecture","district_region":null,"departement_commune":null,"verifie":true,"name":"SOUS PREFECTURE DE KOUAN HOULE","source":"Géoportail ANSTAT"}},{"type":"Feature","geometry":{"type":"Point","coordinates":[-8.102646999999934,7.867321000000061]},"properties":{"id":39144,"nom":"SOUS PREFECTURE DE SIPILOU","type":"sous-prefecture","district_region":null,"departement_commune":null,"verifie":true,"name":"SOUS PREFECTURE DE SIPILOU","source":"Géoportail ANSTAT"}},{"type":"Feature","geometry":{"type":"Point","coordinates":[-7.418986999999959,7.533995000000061]},"properties":{"id":39145,"nom":"SOUS PREFECTURE DE GBONNE","type":"sous-prefecture","district_region":null,"departement_commune":null,"verifie":true,"name":"SOUS PREFECTURE DE GBONNE","source":"Géoportail ANSTAT"}},{"type":"Feature","geometry":{"type":"Point","coordinates":[-7.472679999999968,7.674980000000062]},"properties":{"id":39146,"nom":"SOUS PREFECTURE DE GBANGBEGOUINE","type":"sous-prefecture","district_region":null,"departement_commune":null,"verifie":true,"name":"SOUS PREFECTURE DE GBANGBEGOUINE","source":"Géoportail ANSTAT"}},{"type":"Feature","geometry":{"type":"Point","coordinates":[-7.546054999999967,7.71906800000005]},"properties":{"id":39147,"nom":"SOUS PREFECTURE DE KPATA","type":"sous-prefecture","district_region":null,"departement_commune":null,"verifie":true,"name":"SOUS PREFECTURE DE KPATA","source":"Géoportail ANSTAT"}},{"type":"Feature","geometry":{"type":"Point","coordinates":[-8.210047999999972,6.922578000000044]},"properties":{"id":39148,"nom":"SOUS PREFECTURE DE ZOUAN HOUNIEN","type":"sous-prefecture","district_region":null,"departement_commune":null,"verifie":true,"name":"SOUS PREFECTURE DE ZOUAN HOUNIEN","source":"Géoportail ANSTAT"}},{"type":"Feature","geometry":{"type":"Point","coordinates":[-7.935711999999967,7.227520000000027]},"properties":{"id":39149,"nom":"SOUS PREFECTURE DE MAHAPLEU","type":"sous-prefecture","district_region":null,"departement_commune":null,"verifie":true,"name":"SOUS PREFECTURE DE MAHAPLEU","source":"Géoportail ANSTAT"}},{"type":"Feature","geometry":{"type":"Point","coordinates":[-3.729113999999925,7.602106000000049]},"properties":{"id":39150,"nom":"SOUS PREFECTURE DE NAFANA","type":"sous-prefecture","district_region":null,"departement_commune":null,"verifie":true,"name":"SOUS PREFECTURE DE NAFANA","source":"Géoportail ANSTAT"}},{"type":"Feature","geometry":{"type":"Point","coordinates":[-3.996724999999969,7.650866000000065]},"properties":{"id":39151,"nom":"SOUS PREFECTURE DE PRIKRO","type":"sous-prefecture","district_region":null,"departement_commune":null,"verifie":true,"name":"SOUS PREFECTURE DE PRIKRO","source":"Géoportail ANSTAT"}},{"type":"Feature","geometry":{"type":"Point","coordinates":[-4.336479999999938,7.455976000000021]},"properties":{"id":39152,"nom":"SOUS PREFECTURE DE MBAHIAKRO","type":"sous-prefecture","district_region":null,"departement_commune":null,"verifie":true,"name":"SOUS PREFECTURE DE MBAHIAKRO","source":"Géoportail ANSTAT"}},{"type":"Feature","geometry":{"type":"Point","coordinates":[-3.960840999999959,7.47055400000005]},"properties":{"id":39153,"nom":"SOUS PREFECTURE KOFFI AMONKRO","type":"sous-prefecture","district_region":null,"departement_commune":null,"verifie":true,"name":"SOUS PREFECTURE KOFFI AMONKRO","source":"Géoportail ANSTAT"}},{"type":"Feature","geometry":{"type":"Point","coordinates":[-4.013569999999959,7.298201000000063]},"properties":{"id":39154,"nom":"SOUS PREFECTURE DE OUELLE","type":"sous-prefecture","district_region":null,"departement_commune":null,"verifie":true,"name":"SOUS PREFECTURE DE OUELLE","source":"Géoportail ANSTAT"}},{"type":"Feature","geometry":{"type":"Point","coordinates":[-4.05847499999993,5.495397000000025]},"properties":{"id":40412,"nom":"SOUS  PREFECTURE ANYAMA","type":"sous-prefecture","district_region":null,"departement_commune":null,"verifie":true,"name":"SOUS  PREFECTURE ANYAMA","source":"Géoportail ANSTAT"}},{"type":"Feature","geometry":{"type":"Point","coordinates":[-3.890356999999938,5.357585000000029]},"properties":{"id":40465,"nom":"SOUS PREFECTURE DE BINGERVILLE","type":"sous-prefecture","district_region":null,"departement_commune":null,"verifie":true,"name":"SOUS PREFECTURE DE BINGERVILLE","source":"Géoportail ANSTAT"}},{"type":"Feature","geometry":{"type":"Point","coordinates":[-4.020571999999959,5.33567000000005]},"properties":{"id":40500,"nom":"SOUS PREFECTURE D ABIDJAN","type":"sous-prefecture","district_region":null,"departement_commune":null,"verifie":true,"name":"SOUS PREFECTURE D ABIDJAN","source":"Géoportail ANSTAT"}}],"metadata":{"dataset":"Sous-prefecture — ANSTAT","source":"Géoportail ANSTAT","theme":"Administration","verified":true,"apercu":"complet"}}