{"type":"FeatureCollection","features":[{"type":"Feature","geometry":{"type":"Point","coordinates":[-4.043764999999951,5.311276000000021]},"properties":{"id":108203,"nom":"EPP MOBIO AKE CELESTIN 3_PRIMAIRE","type":"ecole primaire","district_region":null,"departement_commune":null,"verifie":true,"name":"EPP MOBIO AKE CELESTIN 3_PRIMAIRE","source":"Géoportail ANSTAT"}},{"type":"Feature","geometry":{"type":"Point","coordinates":[-3.439474999999959,7.190260000000023]},"properties":{"id":108204,"nom":"EPP KOUAKRO-PK_PRIMAIRE","type":"ecole primaire","district_region":null,"departement_commune":null,"verifie":true,"name":"EPP KOUAKRO-PK_PRIMAIRE","source":"Géoportail ANSTAT"}},{"type":"Feature","geometry":{"type":"Point","coordinates":[-3.41432599999996,6.074257000000046]},"properties":{"id":108205,"nom":"EPP BETTIE AMOITTAKRO 1_PRIMAIRE","type":"ecole primaire","district_region":null,"departement_commune":null,"verifie":true,"name":"EPP BETTIE AMOITTAKRO 1_PRIMAIRE","source":"Géoportail ANSTAT"}},{"type":"Feature","geometry":{"type":"Point","coordinates":[-3.266438999999934,6.665530000000047]},"properties":{"id":108206,"nom":"EPP ADOMKRO_PRIMAIRE","type":"ecole primaire","district_region":null,"departement_commune":null,"verifie":true,"name":"EPP ADOMKRO_PRIMAIRE","source":"Géoportail ANSTAT"}},{"type":"Feature","geometry":{"type":"Point","coordinates":[-3.471609999999941,7.336808000000076]},"properties":{"id":108207,"nom":"EC ASSAKAFATOU DINIYA BANGOUA_PRIMAIRE","type":"ecole primaire","district_region":null,"departement_commune":null,"verifie":true,"name":"EC ASSAKAFATOU DINIYA BANGOUA_PRIMAIRE","source":"Géoportail ANSTAT"}},{"type":"Feature","geometry":{"type":"Point","coordinates":[-3.26430199999993,7.166354000000069]},"properties":{"id":108208,"nom":"EPP KANGA N GUESSANKRO_PRIMAIRE","type":"ecole primaire","district_region":null,"departement_commune":null,"verifie":true,"name":"EPP KANGA N GUESSANKRO_PRIMAIRE","source":"Géoportail ANSTAT"}},{"type":"Feature","geometry":{"type":"Point","coordinates":[-3.67146299999996,7.038350000000037]},"properties":{"id":108209,"nom":"EC KOFFIKRO_PRIMAIRE","type":"ecole primaire","district_region":null,"departement_commune":null,"verifie":true,"name":"EC KOFFIKRO_PRIMAIRE","source":"Géoportail ANSTAT"}},{"type":"Feature","geometry":{"type":"Point","coordinates":[-3.682247999999959,7.025607000000036]},"properties":{"id":108210,"nom":"EPP KONANKONANKRO_PRIMAIRE","type":"ecole primaire","district_region":null,"departement_commune":null,"verifie":true,"name":"EPP KONANKONANKRO_PRIMAIRE","source":"Géoportail ANSTAT"}},{"type":"Feature","geometry":{"type":"Point","coordinates":[-3.681278999999961,6.654035000000022]},"properties":{"id":108211,"nom":"EPV LA PERSEVERANCE_PRIMAIRE","type":"ecole primaire","district_region":null,"departement_commune":null,"verifie":true,"name":"EPV LA PERSEVERANCE_PRIMAIRE","source":"Géoportail ANSTAT"}},{"type":"Feature","geometry":{"type":"Point","coordinates":[-3.30708599999997,7.168705000000045]},"properties":{"id":108212,"nom":"EC MADRASSATOU SALAM DE TANGUELAN_PRIMAIRE","type":"ecole primaire","district_region":null,"departement_commune":null,"verifie":true,"name":"EC MADRASSATOU SALAM DE TANGUELAN_PRIMAIRE","source":"Géoportail ANSTAT"}},{"type":"Feature","geometry":{"type":"Point","coordinates":[-3.498124999999959,6.717317000000037]},"properties":{"id":108213,"nom":"EPC ABIBAKRAL AL SIDDIQUE RADIALAHOU ANHOU_PRIMAIRE","type":"ecole primaire","district_region":null,"departement_commune":null,"verifie":true,"name":"EPC ABIBAKRAL AL SIDDIQUE RADIALAHOU ANHOU_PRIMAIRE","source":"Géoportail ANSTAT"}},{"type":"Feature","geometry":{"type":"Point","coordinates":[-3.489536999999928,6.73157800000007]},"properties":{"id":108214,"nom":"EPC ADOUKOFFIKRO_PRIMAIRE","type":"ecole primaire","district_region":null,"departement_commune":null,"verifie":true,"name":"EPC ADOUKOFFIKRO_PRIMAIRE","source":"Géoportail ANSTAT"}},{"type":"Feature","geometry":{"type":"Point","coordinates":[-3.652324999999962,7.36512300000004]},"properties":{"id":108215,"nom":"EPC AGNI-FILLES_PRIMAIRE","type":"ecole primaire","district_region":null,"departement_commune":null,"verifie":true,"name":"EPC AGNI-FILLES_PRIMAIRE","source":"Géoportail ANSTAT"}},{"type":"Feature","geometry":{"type":"Point","coordinates":[-3.203102999999942,7.120997000000045]},"properties":{"id":108216,"nom":"EPC AGNI-GARCONS_PRIMAIRE","type":"ecole primaire","district_region":null,"departement_commune":null,"verifie":true,"name":"EPC AGNI-GARCONS_PRIMAIRE","source":"Géoportail ANSTAT"}},{"type":"Feature","geometry":{"type":"Point","coordinates":[-3.529669999999953,7.096579000000077]},"properties":{"id":108217,"nom":"EPV AHMADIYYA_PRIMAIRE","type":"ecole primaire","district_region":null,"departement_commune":null,"verifie":true,"name":"EPV AHMADIYYA_PRIMAIRE","source":"Géoportail ANSTAT"}},{"type":"Feature","geometry":{"type":"Point","coordinates":[-3.03200499999997,7.321450000000027]},"properties":{"id":108218,"nom":"EPC AL HOUDA_PRIMAIRE","type":"ecole primaire","district_region":null,"departement_commune":null,"verifie":true,"name":"EPC AL HOUDA_PRIMAIRE","source":"Géoportail ANSTAT"}},{"type":"Feature","geometry":{"type":"Point","coordinates":[-3.320011999999963,7.320121000000029]},"properties":{"id":108219,"nom":"EPC AL MAHAD SAKAFIYIL ISLAMIYI_PRIMAIRE","type":"ecole primaire","district_region":null,"departement_commune":null,"verifie":true,"name":"EPC AL MAHAD SAKAFIYIL ISLAMIYI_PRIMAIRE","source":"Géoportail ANSTAT"}},{"type":"Feature","geometry":{"type":"Point","coordinates":[-3.570967999999937,6.824970000000064]},"properties":{"id":108220,"nom":"EPC AMELEKIA_PRIMAIRE","type":"ecole primaire","district_region":null,"departement_commune":null,"verifie":true,"name":"EPC AMELEKIA_PRIMAIRE","source":"Géoportail ANSTAT"}},{"type":"Feature","geometry":{"type":"Point","coordinates":[-3.497852999999964,6.744911000000059]},"properties":{"id":108221,"nom":"EPC ASSEMBLEE DE DIEU_PRIMAIRE","type":"ecole primaire","district_region":null,"departement_commune":null,"verifie":true,"name":"EPC ASSEMBLEE DE DIEU_PRIMAIRE","source":"Géoportail ANSTAT"}},{"type":"Feature","geometry":{"type":"Point","coordinates":[-3.319309999999973,6.295972000000063]},"properties":{"id":108222,"nom":"EPC ATTARBIAT ISLAMIA APPROMPRON_PRIMAIRE","type":"ecole primaire","district_region":null,"departement_commune":null,"verifie":true,"name":"EPC ATTARBIAT ISLAMIA APPROMPRON_PRIMAIRE","source":"Géoportail ANSTAT"}},{"type":"Feature","geometry":{"type":"Point","coordinates":[-3.121249999999975,7.201232000000061]},"properties":{"id":108223,"nom":"EPC BAPTIST SCHOOL EDUCATION_PRIMAIRE","type":"ecole primaire","district_region":null,"departement_commune":null,"verifie":true,"name":"EPC BAPTIST SCHOOL EDUCATION_PRIMAIRE","source":"Géoportail ANSTAT"}},{"type":"Feature","geometry":{"type":"Point","coordinates":[-3.496857999999975,6.719876000000056]},"properties":{"id":108224,"nom":"EPC BEN SAOUD_PRIMAIRE","type":"ecole primaire","district_region":null,"departement_commune":null,"verifie":true,"name":"EPC BEN SAOUD_PRIMAIRE","source":"Géoportail ANSTAT"}},{"type":"Feature","geometry":{"type":"Point","coordinates":[-3.500622999999962,6.717238000000066]},"properties":{"id":108225,"nom":"EPC CHERIFOULA_PRIMAIRE","type":"ecole primaire","district_region":null,"departement_commune":null,"verifie":true,"name":"EPC CHERIFOULA_PRIMAIRE","source":"Géoportail ANSTAT"}},{"type":"Feature","geometry":{"type":"Point","coordinates":[-3.502141999999935,6.722928000000024]},"properties":{"id":108226,"nom":"EPC CHRIST-ROI 1_PRIMAIRE","type":"ecole primaire","district_region":null,"departement_commune":null,"verifie":true,"name":"EPC CHRIST-ROI 1_PRIMAIRE","source":"Géoportail ANSTAT"}},{"type":"Feature","geometry":{"type":"Point","coordinates":[-3.502141999999935,6.722928000000024]},"properties":{"id":108227,"nom":"EPC CHRIST-ROI 2_PRIMAIRE","type":"ecole primaire","district_region":null,"departement_commune":null,"verifie":true,"name":"EPC CHRIST-ROI 2_PRIMAIRE","source":"Géoportail ANSTAT"}},{"type":"Feature","geometry":{"type":"Point","coordinates":[-3.36521399999998,7.147258000000022]},"properties":{"id":108228,"nom":"EPC DAME_PRIMAIRE","type":"ecole primaire","district_region":null,"departement_commune":null,"verifie":true,"name":"EPC DAME_PRIMAIRE","source":"Géoportail ANSTAT"}},{"type":"Feature","geometry":{"type":"Point","coordinates":[-3.497432999999944,6.721070000000054]},"properties":{"id":108229,"nom":"EPC DAR EL HADISS_PRIMAIRE","type":"ecole primaire","district_region":null,"departement_commune":null,"verifie":true,"name":"EPC DAR EL HADISS_PRIMAIRE","source":"Géoportail ANSTAT"}},{"type":"Feature","geometry":{"type":"Point","coordinates":[-3.681814999999972,6.656350000000032]},"properties":{"id":108230,"nom":"EPC DAROU TAWHID_PRIMAIRE","type":"ecole primaire","district_region":null,"departement_commune":null,"verifie":true,"name":"EPC DAROU TAWHID_PRIMAIRE","source":"Géoportail ANSTAT"}},{"type":"Feature","geometry":{"type":"Point","coordinates":[-3.218471999999963,6.130122000000028]},"properties":{"id":108231,"nom":"EPC EL RIDWANE ATTIEKRO_PRIMAIRE","type":"ecole primaire","district_region":null,"departement_commune":null,"verifie":true,"name":"EPC EL RIDWANE ATTIEKRO_PRIMAIRE","source":"Géoportail ANSTAT"}},{"type":"Feature","geometry":{"type":"Point","coordinates":[-3.483896999999956,6.727808000000039]},"properties":{"id":108232,"nom":"EPC FILLES_PRIMAIRE","type":"ecole primaire","district_region":null,"departement_commune":null,"verifie":true,"name":"EPC FILLES_PRIMAIRE","source":"Géoportail ANSTAT"}},{"type":"Feature","geometry":{"type":"Point","coordinates":[-3.483894999999961,6.727806000000044]},"properties":{"id":108233,"nom":"EPC GARCONS 2_PRIMAIRE","type":"ecole primaire","district_region":null,"departement_commune":null,"verifie":true,"name":"EPC GARCONS 2_PRIMAIRE","source":"Géoportail ANSTAT"}},{"type":"Feature","geometry":{"type":"Point","coordinates":[-3.489536999999928,6.73157800000007]},"properties":{"id":108234,"nom":"EPC LA PROVIDENCE_PRIMAIRE","type":"ecole primaire","district_region":null,"departement_commune":null,"verifie":true,"name":"EPC LA PROVIDENCE_PRIMAIRE","source":"Géoportail ANSTAT"}},{"type":"Feature","geometry":{"type":"Point","coordinates":[-3.507580999999959,6.742495000000076]},"properties":{"id":108235,"nom":"EPC LE JUBILE-ABENGOUROU_PRIMAIRE","type":"ecole primaire","district_region":null,"departement_commune":null,"verifie":true,"name":"EPC LE JUBILE-ABENGOUROU_PRIMAIRE","source":"Géoportail ANSTAT"}},{"type":"Feature","geometry":{"type":"Point","coordinates":[-3.320833999999934,6.232389000000069]},"properties":{"id":108236,"nom":"EPC MAKACIDE ISLAMIYAT DIAMARAKRO_PRIMAIRE","type":"ecole primaire","district_region":null,"departement_commune":null,"verifie":true,"name":"EPC MAKACIDE ISLAMIYAT DIAMARAKRO_PRIMAIRE","source":"Géoportail ANSTAT"}},{"type":"Feature","geometry":{"type":"Point","coordinates":[-4.23924599999998,8.331225000000074]},"properties":{"id":108237,"nom":"EPV METHODISTE_PRIMAIRE","type":"ecole primaire","district_region":null,"departement_commune":null,"verifie":true,"name":"EPV METHODISTE_PRIMAIRE","source":"Géoportail ANSTAT"}},{"type":"Feature","geometry":{"type":"Point","coordinates":[-3.512812999999937,6.731502000000035]},"properties":{"id":108238,"nom":"EPC MOUHAMADIYYAT ABENGOUROU_PRIMAIRE","type":"ecole primaire","district_region":null,"departement_commune":null,"verifie":true,"name":"EPC MOUHAMADIYYAT ABENGOUROU_PRIMAIRE","source":"Géoportail ANSTAT"}},{"type":"Feature","geometry":{"type":"Point","coordinates":[-3.629367999999943,6.580082000000061]},"properties":{"id":108239,"nom":"EPC MOUHAMMADIYYA D ASSAKRO_PRIMAIRE","type":"ecole primaire","district_region":null,"departement_commune":null,"verifie":true,"name":"EPC MOUHAMMADIYYA D ASSAKRO_PRIMAIRE","source":"Géoportail ANSTAT"}},{"type":"Feature","geometry":{"type":"Point","coordinates":[-3.266197999999974,6.660682000000065]},"properties":{"id":108240,"nom":"EPC NIABLE_PRIMAIRE","type":"ecole primaire","district_region":null,"departement_commune":null,"verifie":true,"name":"EPC NIABLE_PRIMAIRE","source":"Géoportail ANSTAT"}},{"type":"Feature","geometry":{"type":"Point","coordinates":[-3.50966399999993,6.731001000000049]},"properties":{"id":108241,"nom":"EPC SAINT JEAN_PRIMAIRE","type":"ecole primaire","district_region":null,"departement_commune":null,"verifie":true,"name":"EPC SAINT JEAN_PRIMAIRE","source":"Géoportail ANSTAT"}},{"type":"Feature","geometry":{"type":"Point","coordinates":[-3.477999999999952,6.857100000000059]},"properties":{"id":108242,"nom":"EPC SANKADIOKRO_PRIMAIRE","type":"ecole primaire","district_region":null,"departement_commune":null,"verifie":true,"name":"EPC SANKADIOKRO_PRIMAIRE","source":"Géoportail ANSTAT"}},{"type":"Feature","geometry":{"type":"Point","coordinates":[-3.637241999999958,6.61325800000003]},"properties":{"id":108243,"nom":"EPC UNION ISLAMIQUE DE N GRAKON_PRIMAIRE","type":"ecole primaire","district_region":null,"departement_commune":null,"verifie":true,"name":"EPC UNION ISLAMIQUE DE N GRAKON_PRIMAIRE","source":"Géoportail ANSTAT"}},{"type":"Feature","geometry":{"type":"Point","coordinates":[-3.41020999999995,6.953000000000031]},"properties":{"id":108244,"nom":"EPC YAKASSE_PRIMAIRE","type":"ecole primaire","district_region":null,"departement_commune":null,"verifie":true,"name":"EPC YAKASSE_PRIMAIRE","source":"Géoportail ANSTAT"}},{"type":"Feature","geometry":{"type":"Point","coordinates":[-3.457176999999945,6.190713000000073]},"properties":{"id":108245,"nom":"EPP ABRADINOU_PRIMAIRE","type":"ecole primaire","district_region":null,"departement_commune":null,"verifie":true,"name":"EPP ABRADINOU_PRIMAIRE","source":"Géoportail ANSTAT"}},{"type":"Feature","geometry":{"type":"Point","coordinates":[-3.331824999999981,6.780537000000038]},"properties":{"id":108246,"nom":"EPP ABRONAMOUE 1_PRIMAIRE","type":"ecole primaire","district_region":null,"departement_commune":null,"verifie":true,"name":"EPP ABRONAMOUE 1_PRIMAIRE","source":"Géoportail ANSTAT"}},{"type":"Feature","geometry":{"type":"Point","coordinates":[-3.338199999999972,6.752200000000073]},"properties":{"id":108247,"nom":"EPP ABRONAMOUE 2_PRIMAIRE","type":"ecole primaire","district_region":null,"departement_commune":null,"verifie":true,"name":"EPP ABRONAMOUE 2_PRIMAIRE","source":"Géoportail ANSTAT"}},{"type":"Feature","geometry":{"type":"Point","coordinates":[-3.54016699999994,7.267505000000028]},"properties":{"id":108248,"nom":"EPP ADAHAMA_PRIMAIRE","type":"ecole primaire","district_region":null,"departement_commune":null,"verifie":true,"name":"EPP ADAHAMA_PRIMAIRE","source":"Géoportail ANSTAT"}},{"type":"Feature","geometry":{"type":"Point","coordinates":[-3.513949999999966,6.718022000000076]},"properties":{"id":108249,"nom":"EPP ADAHOU 1_PRIMAIRE","type":"ecole primaire","district_region":null,"departement_commune":null,"verifie":true,"name":"EPP ADAHOU 1_PRIMAIRE","source":"Géoportail ANSTAT"}},{"type":"Feature","geometry":{"type":"Point","coordinates":[-3.51239499999997,6.718022000000076]},"properties":{"id":108250,"nom":"EPP ADAHOU 2_PRIMAIRE","type":"ecole primaire","district_region":null,"departement_commune":null,"verifie":true,"name":"EPP ADAHOU 2_PRIMAIRE","source":"Géoportail ANSTAT"}},{"type":"Feature","geometry":{"type":"Point","coordinates":[-3.512559999999951,6.718907000000058]},"properties":{"id":108251,"nom":"EPP ADAHOU 3_PRIMAIRE","type":"ecole primaire","district_region":null,"departement_commune":null,"verifie":true,"name":"EPP ADAHOU 3_PRIMAIRE","source":"Géoportail ANSTAT"}},{"type":"Feature","geometry":{"type":"Point","coordinates":[-3.340307999999936,6.773284000000046]},"properties":{"id":108252,"nom":"EPP ADAMAKRO_PRIMAIRE","type":"ecole primaire","district_region":null,"departement_commune":null,"verifie":true,"name":"EPP ADAMAKRO_PRIMAIRE","source":"Géoportail ANSTAT"}},{"type":"Feature","geometry":{"type":"Point","coordinates":[-3.300122999999928,7.023310000000038]},"properties":{"id":108253,"nom":"EPP ADAMAKRO_PRIMAIRE","type":"ecole primaire","district_region":null,"departement_commune":null,"verifie":true,"name":"EPP ADAMAKRO_PRIMAIRE","source":"Géoportail ANSTAT"}},{"type":"Feature","geometry":{"type":"Point","coordinates":[-3.230019999999968,6.304116000000022]},"properties":{"id":108254,"nom":"EPP ADAMAKRO 1_PRIMAIRE","type":"ecole primaire","district_region":null,"departement_commune":null,"verifie":true,"name":"EPP ADAMAKRO 1_PRIMAIRE","source":"Géoportail ANSTAT"}},{"type":"Feature","geometry":{"type":"Point","coordinates":[-3.230412999999942,6.304216000000054]},"properties":{"id":108255,"nom":"EPP ADAMAKRO 2_PRIMAIRE","type":"ecole primaire","district_region":null,"departement_commune":null,"verifie":true,"name":"EPP ADAMAKRO 2_PRIMAIRE","source":"Géoportail ANSTAT"}},{"type":"Feature","geometry":{"type":"Point","coordinates":[-3.357454999999959,7.180904000000055]},"properties":{"id":108256,"nom":"EPP ADANEKRO_PRIMAIRE","type":"ecole primaire","district_region":null,"departement_commune":null,"verifie":true,"name":"EPP ADANEKRO_PRIMAIRE","source":"Géoportail ANSTAT"}},{"type":"Feature","geometry":{"type":"Point","coordinates":[-3.357626999999979,6.646305000000041]},"properties":{"id":108257,"nom":"EPP ADJOUMANIKOUASSIKRO_PRIMAIRE","type":"ecole primaire","district_region":null,"departement_commune":null,"verifie":true,"name":"EPP ADJOUMANIKOUASSIKRO_PRIMAIRE","source":"Géoportail ANSTAT"}},{"type":"Feature","geometry":{"type":"Point","coordinates":[-3.335441999999944,6.43113500000004]},"properties":{"id":108258,"nom":"EPP ADONIKRO_PRIMAIRE","type":"ecole primaire","district_region":null,"departement_commune":null,"verifie":true,"name":"EPP ADONIKRO_PRIMAIRE","source":"Géoportail ANSTAT"}},{"type":"Feature","geometry":{"type":"Point","coordinates":[-3.365141999999935,7.123456000000033]},"properties":{"id":108259,"nom":"EPP ADOU FRANCOIS_PRIMAIRE","type":"ecole primaire","district_region":null,"departement_commune":null,"verifie":true,"name":"EPP ADOU FRANCOIS_PRIMAIRE","source":"Géoportail ANSTAT"}},{"type":"Feature","geometry":{"type":"Point","coordinates":[-3.423002999999937,7.302123000000051]},"properties":{"id":108260,"nom":"EPP ADOUKRO_PRIMAIRE","type":"ecole primaire","district_region":null,"departement_commune":null,"verifie":true,"name":"EPP ADOUKRO_PRIMAIRE","source":"Géoportail ANSTAT"}},{"type":"Feature","geometry":{"type":"Point","coordinates":[-3.379676999999958,6.64474800000005]},"properties":{"id":108261,"nom":"EPP AFFALIKRO 1_PRIMAIRE","type":"ecole primaire","district_region":null,"departement_commune":null,"verifie":true,"name":"EPP AFFALIKRO 1_PRIMAIRE","source":"Géoportail ANSTAT"}},{"type":"Feature","geometry":{"type":"Point","coordinates":[-3.379616999999939,6.644758000000024]},"properties":{"id":108262,"nom":"EPP AFFALIKRO 2_PRIMAIRE","type":"ecole primaire","district_region":null,"departement_commune":null,"verifie":true,"name":"EPP AFFALIKRO 2_PRIMAIRE","source":"Géoportail ANSTAT"}},{"type":"Feature","geometry":{"type":"Point","coordinates":[-3.387351999999964,6.641672000000028]},"properties":{"id":108263,"nom":"EPP 1 JEAN KADIO MOROKRO_PRIMAIRE","type":"ecole primaire","district_region":null,"departement_commune":null,"verifie":true,"name":"EPP 1 JEAN KADIO MOROKRO_PRIMAIRE","source":"Géoportail ANSTAT"}},{"type":"Feature","geometry":{"type":"Point","coordinates":[-3.126547999999957,7.325658000000033]},"properties":{"id":108264,"nom":"EPP AGNANFOUTOU 1_PRIMAIRE","type":"ecole primaire","district_region":null,"departement_commune":null,"verifie":true,"name":"EPP AGNANFOUTOU 1_PRIMAIRE","source":"Géoportail ANSTAT"}},{"type":"Feature","geometry":{"type":"Point","coordinates":[-3.765428999999926,7.69815600000004]},"properties":{"id":108265,"nom":"EPP AGNANFOUTOU 2_PRIMAIRE","type":"ecole primaire","district_region":null,"departement_commune":null,"verifie":true,"name":"EPP AGNANFOUTOU 2_PRIMAIRE","source":"Géoportail ANSTAT"}},{"type":"Feature","geometry":{"type":"Point","coordinates":[-3.484437999999955,6.72393500000004]},"properties":{"id":108266,"nom":"EPP AGNI 1_PRIMAIRE","type":"ecole primaire","district_region":null,"departement_commune":null,"verifie":true,"name":"EPP AGNI 1_PRIMAIRE","source":"Géoportail ANSTAT"}},{"type":"Feature","geometry":{"type":"Point","coordinates":[-3.483709999999974,6.725871000000041]},"properties":{"id":108267,"nom":"EPP AGNI 2_PRIMAIRE","type":"ecole primaire","district_region":null,"departement_commune":null,"verifie":true,"name":"EPP AGNI 2_PRIMAIRE","source":"Géoportail ANSTAT"}},{"type":"Feature","geometry":{"type":"Point","coordinates":[-3.484279999999956,6.725754000000052]},"properties":{"id":108268,"nom":"EPP AGNI 3_PRIMAIRE","type":"ecole primaire","district_region":null,"departement_commune":null,"verifie":true,"name":"EPP AGNI 3_PRIMAIRE","source":"Géoportail ANSTAT"}},{"type":"Feature","geometry":{"type":"Point","coordinates":[-3.122386999999947,7.734518000000037]},"properties":{"id":108269,"nom":"EPP AGNI-AGNI 2_PRIMAIRE","type":"ecole primaire","district_region":null,"departement_commune":null,"verifie":true,"name":"EPP AGNI-AGNI 2_PRIMAIRE","source":"Géoportail ANSTAT"}},{"type":"Feature","geometry":{"type":"Point","coordinates":[-3.123873999999944,7.734518000000037]},"properties":{"id":108270,"nom":"EPP AGNI-AGNI 3_PRIMAIRE","type":"ecole primaire","district_region":null,"departement_commune":null,"verifie":true,"name":"EPP AGNI-AGNI 3_PRIMAIRE","source":"Géoportail ANSTAT"}},{"type":"Feature","geometry":{"type":"Point","coordinates":[-3.122386999999947,7.734518000000037]},"properties":{"id":108271,"nom":"EPP AGNI-AGNI 4_PRIMAIRE","type":"ecole primaire","district_region":null,"departement_commune":null,"verifie":true,"name":"EPP AGNI-AGNI 4_PRIMAIRE","source":"Géoportail ANSTAT"}},{"type":"Feature","geometry":{"type":"Point","coordinates":[-3.333204999999964,7.321020000000033]},"properties":{"id":108272,"nom":"EPP AGNI-EST 1_PRIMAIRE","type":"ecole primaire","district_region":null,"departement_commune":null,"verifie":true,"name":"EPP AGNI-EST 1_PRIMAIRE","source":"Géoportail ANSTAT"}},{"type":"Feature","geometry":{"type":"Point","coordinates":[-3.333204999999964,7.321020000000033]},"properties":{"id":108273,"nom":"EPP AGNI-EST 2_PRIMAIRE","type":"ecole primaire","district_region":null,"departement_commune":null,"verifie":true,"name":"EPP AGNI-EST 2_PRIMAIRE","source":"Géoportail ANSTAT"}},{"type":"Feature","geometry":{"type":"Point","coordinates":[-3.333204999999964,7.321020000000033]},"properties":{"id":108274,"nom":"EPP AGNI-EST 3_PRIMAIRE","type":"ecole primaire","district_region":null,"departement_commune":null,"verifie":true,"name":"EPP AGNI-EST 3_PRIMAIRE","source":"Géoportail ANSTAT"}},{"type":"Feature","geometry":{"type":"Point","coordinates":[-3.478749999999934,6.726100000000031]},"properties":{"id":108275,"nom":"EPP AGNI-EXTENSION_PRIMAIRE","type":"ecole primaire","district_region":null,"departement_commune":null,"verifie":true,"name":"EPP AGNI-EXTENSION_PRIMAIRE","source":"Géoportail ANSTAT"}},{"type":"Feature","geometry":{"type":"Point","coordinates":[-3.850149999999928,7.362123000000054]},"properties":{"id":108276,"nom":"EPP AGNIMOU-AGNINIKRO_PRIMAIRE","type":"ecole primaire","district_region":null,"departement_commune":null,"verifie":true,"name":"EPP AGNIMOU-AGNINIKRO_PRIMAIRE","source":"Géoportail ANSTAT"}},{"type":"Feature","geometry":{"type":"Point","coordinates":[-3.417889999999943,7.261960000000045]},"properties":{"id":108277,"nom":"EPP AGNINIKRO_PRIMAIRE","type":"ecole primaire","district_region":null,"departement_commune":null,"verifie":true,"name":"EPP AGNINIKRO_PRIMAIRE","source":"Géoportail ANSTAT"}},{"type":"Feature","geometry":{"type":"Point","coordinates":[-3.875320999999929,7.345899000000031]},"properties":{"id":108278,"nom":"EPP AGNI-OUEST 1_PRIMAIRE","type":"ecole primaire","district_region":null,"departement_commune":null,"verifie":true,"name":"EPP AGNI-OUEST 1_PRIMAIRE","source":"Géoportail ANSTAT"}},{"type":"Feature","geometry":{"type":"Point","coordinates":[-3.875320999999929,7.345899000000031]},"properties":{"id":108279,"nom":"EPP AGNI-OUEST 2_PRIMAIRE","type":"ecole primaire","district_region":null,"departement_commune":null,"verifie":true,"name":"EPP AGNI-OUEST 2_PRIMAIRE","source":"Géoportail ANSTAT"}},{"type":"Feature","geometry":{"type":"Point","coordinates":[-3.875320999999929,7.345899000000031]},"properties":{"id":108280,"nom":"EPP AGNI-OUEST 3_PRIMAIRE","type":"ecole primaire","district_region":null,"departement_commune":null,"verifie":true,"name":"EPP AGNI-OUEST 3_PRIMAIRE","source":"Géoportail ANSTAT"}},{"type":"Feature","geometry":{"type":"Point","coordinates":[-3.875320999999929,7.345899000000031]},"properties":{"id":108281,"nom":"EPP AGNI-OUEST 4_PRIMAIRE","type":"ecole primaire","district_region":null,"departement_commune":null,"verifie":true,"name":"EPP AGNI-OUEST 4_PRIMAIRE","source":"Géoportail ANSTAT"}},{"type":"Feature","geometry":{"type":"Point","coordinates":[-3.21300199999996,7.123102000000074]},"properties":{"id":108282,"nom":"EPP AGNI-OUEST EXTENSION_PRIMAIRE","type":"ecole primaire","district_region":null,"departement_commune":null,"verifie":true,"name":"EPP AGNI-OUEST EXTENSION_PRIMAIRE","source":"Géoportail ANSTAT"}},{"type":"Feature","geometry":{"type":"Point","coordinates":[-3.201034999999933,7.140545000000031]},"properties":{"id":108283,"nom":"EPP AGNI-PLATEAU 1_PRIMAIRE","type":"ecole primaire","district_region":null,"departement_commune":null,"verifie":true,"name":"EPP AGNI-PLATEAU 1_PRIMAIRE","source":"Géoportail ANSTAT"}},{"type":"Feature","geometry":{"type":"Point","coordinates":[-3.201034999999933,7.314054000000056]},"properties":{"id":108284,"nom":"EPP AGNI-PLATEAU 2_PRIMAIRE","type":"ecole primaire","district_region":null,"departement_commune":null,"verifie":true,"name":"EPP AGNI-PLATEAU 2_PRIMAIRE","source":"Géoportail ANSTAT"}},{"type":"Feature","geometry":{"type":"Point","coordinates":[-3.201034999999933,7.140545000000031]},"properties":{"id":108285,"nom":"EPP AGNI-PLATEAU 3_PRIMAIRE","type":"ecole primaire","district_region":null,"departement_commune":null,"verifie":true,"name":"EPP AGNI-PLATEAU 3_PRIMAIRE","source":"Géoportail ANSTAT"}},{"type":"Feature","geometry":{"type":"Point","coordinates":[-3.201034999999933,7.140545000000031]},"properties":{"id":108286,"nom":"EPP AGNI-PLATEAU 4_PRIMAIRE","type":"ecole primaire","district_region":null,"departement_commune":null,"verifie":true,"name":"EPP AGNI-PLATEAU 4_PRIMAIRE","source":"Géoportail ANSTAT"}},{"type":"Feature","geometry":{"type":"Point","coordinates":[-3.152002999999979,7.102321000000074]},"properties":{"id":108287,"nom":"EPP AGNI-RESIDENTIEL_PRIMAIRE","type":"ecole primaire","district_region":null,"departement_commune":null,"verifie":true,"name":"EPP AGNI-RESIDENTIEL_PRIMAIRE","source":"Géoportail ANSTAT"}},{"type":"Feature","geometry":{"type":"Point","coordinates":[-3.630794999999978,6.528349000000048]},"properties":{"id":108288,"nom":"EPP AHINIKRO_PRIMAIRE","type":"ecole primaire","district_region":null,"departement_commune":null,"verifie":true,"name":"EPP AHINIKRO_PRIMAIRE","source":"Géoportail ANSTAT"}},{"type":"Feature","geometry":{"type":"Point","coordinates":[-3.405539999999974,6.297170000000051]},"properties":{"id":108289,"nom":"EPP AHOUSSIKRO_PRIMAIRE","type":"ecole primaire","district_region":null,"departement_commune":null,"verifie":true,"name":"EPP AHOUSSIKRO_PRIMAIRE","source":"Géoportail ANSTAT"}},{"type":"Feature","geometry":{"type":"Point","coordinates":[-3.45651399999997,6.190567000000044]},"properties":{"id":108290,"nom":"EPP AKA ANGHUI D ABRADINOU_PRIMAIRE","type":"ecole primaire","district_region":null,"departement_commune":null,"verifie":true,"name":"EPP AKA ANGHUI D ABRADINOU_PRIMAIRE","source":"Géoportail ANSTAT"}},{"type":"Feature","geometry":{"type":"Point","coordinates":[-3.35632899999996,6.174303000000066]},"properties":{"id":108291,"nom":"EPP AKACOMOEKRO 1_PRIMAIRE","type":"ecole primaire","district_region":null,"departement_commune":null,"verifie":true,"name":"EPP AKACOMOEKRO 1_PRIMAIRE","source":"Géoportail ANSTAT"}},{"type":"Feature","geometry":{"type":"Point","coordinates":[-3.35632899999996,6.174303000000066]},"properties":{"id":108292,"nom":"EPP AKACOMOEKRO 2_PRIMAIRE","type":"ecole primaire","district_region":null,"departement_commune":null,"verifie":true,"name":"EPP AKACOMOEKRO 2_PRIMAIRE","source":"Géoportail ANSTAT"}},{"type":"Feature","geometry":{"type":"Point","coordinates":[-3.205997999999965,6.404313000000059]},"properties":{"id":108293,"nom":"EPP AKATI_PRIMAIRE","type":"ecole primaire","district_region":null,"departement_commune":null,"verifie":true,"name":"EPP AKATI_PRIMAIRE","source":"Géoportail ANSTAT"}},{"type":"Feature","geometry":{"type":"Point","coordinates":[-3.20600799999994,6.404608000000053]},"properties":{"id":108294,"nom":"EPP AKATI 2_PRIMAIRE","type":"ecole primaire","district_region":null,"departement_commune":null,"verifie":true,"name":"EPP AKATI 2_PRIMAIRE","source":"Géoportail ANSTAT"}},{"type":"Feature","geometry":{"type":"Point","coordinates":[-3.455420999999944,7.368452000000048]},"properties":{"id":108295,"nom":"EPP NANAN DJEDOU BROU_PRIMAIRE","type":"ecole primaire","district_region":null,"departement_commune":null,"verifie":true,"name":"EPP NANAN DJEDOU BROU_PRIMAIRE","source":"Géoportail ANSTAT"}},{"type":"Feature","geometry":{"type":"Point","coordinates":[-3.120319999999936,7.202120000000036]},"properties":{"id":108296,"nom":"EPP KOUAME AMOIKON_PRIMAIRE","type":"ecole primaire","district_region":null,"departement_commune":null,"verifie":true,"name":"EPP KOUAME AMOIKON_PRIMAIRE","source":"Géoportail ANSTAT"}},{"type":"Feature","geometry":{"type":"Point","coordinates":[-3.456752999999935,7.369258000000059]},"properties":{"id":108297,"nom":"EPP KOUAO YAO ANASET D AKOBOISSUE_PRIMAIRE","type":"ecole primaire","district_region":null,"departement_commune":null,"verifie":true,"name":"EPP KOUAO YAO ANASET D AKOBOISSUE_PRIMAIRE","source":"Géoportail ANSTAT"}},{"type":"Feature","geometry":{"type":"Point","coordinates":[-3.503661999999963,6.759779000000037]},"properties":{"id":108298,"nom":"EPP AKOIKRO_PRIMAIRE","type":"ecole primaire","district_region":null,"departement_commune":null,"verifie":true,"name":"EPP AKOIKRO_PRIMAIRE","source":"Géoportail ANSTAT"}},{"type":"Feature","geometry":{"type":"Point","coordinates":[-3.478312999999957,7.113718000000063]},"properties":{"id":108299,"nom":"EPP AKPOKRO_PRIMAIRE","type":"ecole primaire","district_region":null,"departement_commune":null,"verifie":true,"name":"EPP AKPOKRO_PRIMAIRE","source":"Géoportail ANSTAT"}},{"type":"Feature","geometry":{"type":"Point","coordinates":[-3.454265999999961,7.28171100000003]},"properties":{"id":108300,"nom":"EPP AKPOUESSOU_PRIMAIRE","type":"ecole primaire","district_region":null,"departement_commune":null,"verifie":true,"name":"EPP AKPOUESSOU_PRIMAIRE","source":"Géoportail ANSTAT"}},{"type":"Feature","geometry":{"type":"Point","coordinates":[-3.386459999999943,6.145430000000033]},"properties":{"id":108301,"nom":"EPP AKREBI 1_PRIMAIRE","type":"ecole primaire","district_region":null,"departement_commune":null,"verifie":true,"name":"EPP AKREBI 1_PRIMAIRE","source":"Géoportail ANSTAT"}},{"type":"Feature","geometry":{"type":"Point","coordinates":[-3.386459999999943,6.145430000000033]},"properties":{"id":108302,"nom":"EPP AKREBI 2_PRIMAIRE","type":"ecole primaire","district_region":null,"departement_commune":null,"verifie":true,"name":"EPP AKREBI 2_PRIMAIRE","source":"Géoportail ANSTAT"}},{"type":"Feature","geometry":{"type":"Point","coordinates":[-3.768134999999972,6.866595000000075]},"properties":{"id":108303,"nom":"EPP AMANGOUAKRO_PRIMAIRE","type":"ecole primaire","district_region":null,"departement_commune":null,"verifie":true,"name":"EPP AMANGOUAKRO_PRIMAIRE","source":"Géoportail ANSTAT"}},{"type":"Feature","geometry":{"type":"Point","coordinates":[-3.673347999999976,6.957505000000026]},"properties":{"id":108304,"nom":"EPP AMEAKRO_PRIMAIRE","type":"ecole primaire","district_region":null,"departement_commune":null,"verifie":true,"name":"EPP AMEAKRO_PRIMAIRE","source":"Géoportail ANSTAT"}},{"type":"Feature","geometry":{"type":"Point","coordinates":[-3.570037999999954,6.824245000000076]},"properties":{"id":108305,"nom":"EPP AMELEKIA 1_PRIMAIRE","type":"ecole primaire","district_region":null,"departement_commune":null,"verifie":true,"name":"EPP AMELEKIA 1_PRIMAIRE","source":"Géoportail ANSTAT"}},{"type":"Feature","geometry":{"type":"Point","coordinates":[-3.58067699999998,6.823867000000064]},"properties":{"id":108306,"nom":"EPP AMELEKIA 2_PRIMAIRE","type":"ecole primaire","district_region":null,"departement_commune":null,"verifie":true,"name":"EPP AMELEKIA 2_PRIMAIRE","source":"Géoportail ANSTAT"}},{"type":"Feature","geometry":{"type":"Point","coordinates":[-3.581527999999935,6.823227000000031]},"properties":{"id":108307,"nom":"EPP AMELEKIA 3_PRIMAIRE","type":"ecole primaire","district_region":null,"departement_commune":null,"verifie":true,"name":"EPP AMELEKIA 3_PRIMAIRE","source":"Géoportail ANSTAT"}},{"type":"Feature","geometry":{"type":"Point","coordinates":[-3.569556999999975,6.823960000000056]},"properties":{"id":108308,"nom":"EPP AMELEKIA 4_PRIMAIRE","type":"ecole primaire","district_region":null,"departement_commune":null,"verifie":true,"name":"EPP AMELEKIA 4_PRIMAIRE","source":"Géoportail ANSTAT"}},{"type":"Feature","geometry":{"type":"Point","coordinates":[-3.309849999999926,7.164897000000053]},"properties":{"id":108309,"nom":"EPP AMIAN BOUVARD_PRIMAIRE","type":"ecole primaire","district_region":null,"departement_commune":null,"verifie":true,"name":"EPP AMIAN BOUVARD_PRIMAIRE","source":"Géoportail ANSTAT"}},{"type":"Feature","geometry":{"type":"Point","coordinates":[-3.637999999999977,6.470200000000034]},"properties":{"id":108310,"nom":"EPP AMIANKOUASSIKRO 1_PRIMAIRE","type":"ecole primaire","district_region":null,"departement_commune":null,"verifie":true,"name":"EPP AMIANKOUASSIKRO 1_PRIMAIRE","source":"Géoportail ANSTAT"}},{"type":"Feature","geometry":{"type":"Point","coordinates":[-3.637999999999977,6.470200000000034]},"properties":{"id":108311,"nom":"EPP AMIANKOUASSIKRO 2_PRIMAIRE","type":"ecole primaire","district_region":null,"departement_commune":null,"verifie":true,"name":"EPP AMIANKOUASSIKRO 2_PRIMAIRE","source":"Géoportail ANSTAT"}},{"type":"Feature","geometry":{"type":"Point","coordinates":[-3.524330999999961,7.097113000000036]},"properties":{"id":108312,"nom":"EPP 1 AMORIAKRO_PRIMAIRE","type":"ecole primaire","district_region":null,"departement_commune":null,"verifie":true,"name":"EPP 1 AMORIAKRO_PRIMAIRE","source":"Géoportail ANSTAT"}},{"type":"Feature","geometry":{"type":"Point","coordinates":[-3.533706999999936,7.099799000000075]},"properties":{"id":108313,"nom":"EPP 2 AMORIAKRO_PRIMAIRE","type":"ecole primaire","district_region":null,"departement_commune":null,"verifie":true,"name":"EPP 2 AMORIAKRO_PRIMAIRE","source":"Géoportail ANSTAT"}},{"type":"Feature","geometry":{"type":"Point","coordinates":[-3.529472999999939,7.09127200000006]},"properties":{"id":108314,"nom":"EPP 3 AMORIAKRO_PRIMAIRE","type":"ecole primaire","district_region":null,"departement_commune":null,"verifie":true,"name":"EPP 3 AMORIAKRO_PRIMAIRE","source":"Géoportail ANSTAT"}},{"type":"Feature","geometry":{"type":"Point","coordinates":[-3.713749999999948,6.64366300000006]},"properties":{"id":108315,"nom":"EPP ANEKOUADIOKRO 1_PRIMAIRE","type":"ecole primaire","district_region":null,"departement_commune":null,"verifie":true,"name":"EPP ANEKOUADIOKRO 1_PRIMAIRE","source":"Géoportail ANSTAT"}},{"type":"Feature","geometry":{"type":"Point","coordinates":[-3.714210999999978,6.643376000000046]},"properties":{"id":108316,"nom":"EPP ANEKOUADIOKRO 2_PRIMAIRE","type":"ecole primaire","district_region":null,"departement_commune":null,"verifie":true,"name":"EPP ANEKOUADIOKRO 2_PRIMAIRE","source":"Géoportail ANSTAT"}},{"type":"Feature","geometry":{"type":"Point","coordinates":[-3.301559999999938,6.215121000000067]},"properties":{"id":108317,"nom":"EPP ANEYKRO_PRIMAIRE","type":"ecole primaire","district_region":null,"departement_commune":null,"verifie":true,"name":"EPP ANEYKRO_PRIMAIRE","source":"Géoportail ANSTAT"}},{"type":"Feature","geometry":{"type":"Point","coordinates":[-3.361081999999953,6.64321300000006]},"properties":{"id":108318,"nom":"EPP ANGOUAKRO_PRIMAIRE","type":"ecole primaire","district_region":null,"departement_commune":null,"verifie":true,"name":"EPP ANGOUAKRO_PRIMAIRE","source":"Géoportail ANSTAT"}},{"type":"Feature","geometry":{"type":"Point","coordinates":[-3.683385999999928,6.652604000000053]},"properties":{"id":108319,"nom":"EPP ANIASSUE 1_PRIMAIRE","type":"ecole primaire","district_region":null,"departement_commune":null,"verifie":true,"name":"EPP ANIASSUE 1_PRIMAIRE","source":"Géoportail ANSTAT"}},{"type":"Feature","geometry":{"type":"Point","coordinates":[-3.680119999999931,6.653757000000041]},"properties":{"id":108320,"nom":"EPP ANIASSUE 2_PRIMAIRE","type":"ecole primaire","district_region":null,"departement_commune":null,"verifie":true,"name":"EPP ANIASSUE 2_PRIMAIRE","source":"Géoportail ANSTAT"}},{"type":"Feature","geometry":{"type":"Point","coordinates":[-3.678785999999945,6.653734000000043]},"properties":{"id":108321,"nom":"EPP ANIASSUE 3_PRIMAIRE","type":"ecole primaire","district_region":null,"departement_commune":null,"verifie":true,"name":"EPP ANIASSUE 3_PRIMAIRE","source":"Géoportail ANSTAT"}},{"type":"Feature","geometry":{"type":"Point","coordinates":[-3.685959999999966,6.66314200000005]},"properties":{"id":108322,"nom":"EPP ANIASSUE 4_PRIMAIRE","type":"ecole primaire","district_region":null,"departement_commune":null,"verifie":true,"name":"EPP ANIASSUE 4_PRIMAIRE","source":"Géoportail ANSTAT"}},{"type":"Feature","geometry":{"type":"Point","coordinates":[-3.740242999999964,6.964120000000037]},"properties":{"id":108323,"nom":"EPP ANOUGBAKRO_PRIMAIRE","type":"ecole primaire","district_region":null,"departement_commune":null,"verifie":true,"name":"EPP ANOUGBAKRO_PRIMAIRE","source":"Géoportail ANSTAT"}},{"type":"Feature","geometry":{"type":"Point","coordinates":[-3.424499999999966,6.545081000000039]},"properties":{"id":108324,"nom":"EPP APOUEBA_PRIMAIRE","type":"ecole primaire","district_region":null,"departement_commune":null,"verifie":true,"name":"EPP APOUEBA_PRIMAIRE","source":"Géoportail ANSTAT"}},{"type":"Feature","geometry":{"type":"Point","coordinates":[-3.424499999999966,6.545081000000039]},"properties":{"id":108325,"nom":"EPP APPOISSO 1_PRIMAIRE","type":"ecole primaire","district_region":null,"departement_commune":null,"verifie":true,"name":"EPP APPOISSO 1_PRIMAIRE","source":"Géoportail ANSTAT"}},{"type":"Feature","geometry":{"type":"Point","coordinates":[-3.43135099999995,6.56165100000004]},"properties":{"id":108326,"nom":"EPP APPOISSO 2_PRIMAIRE","type":"ecole primaire","district_region":null,"departement_commune":null,"verifie":true,"name":"EPP APPOISSO 2_PRIMAIRE","source":"Géoportail ANSTAT"}},{"type":"Feature","geometry":{"type":"Point","coordinates":[-3.424499999999966,6.545081000000039]},"properties":{"id":108327,"nom":"EPP APPOISSO-APOUEBA_PRIMAIRE","type":"ecole primaire","district_region":null,"departement_commune":null,"verifie":true,"name":"EPP APPOISSO-APOUEBA_PRIMAIRE","source":"Géoportail ANSTAT"}},{"type":"Feature","geometry":{"type":"Point","coordinates":[-3.317029999999932,6.293830000000071]},"properties":{"id":108328,"nom":"EPP APPROMPRON 1_PRIMAIRE","type":"ecole primaire","district_region":null,"departement_commune":null,"verifie":true,"name":"EPP APPROMPRON 1_PRIMAIRE","source":"Géoportail ANSTAT"}},{"type":"Feature","geometry":{"type":"Point","coordinates":[-3.317029999999932,6.293830000000071]},"properties":{"id":108329,"nom":"EPP APPROMPRON 2_PRIMAIRE","type":"ecole primaire","district_region":null,"departement_commune":null,"verifie":true,"name":"EPP APPROMPRON 2_PRIMAIRE","source":"Géoportail ANSTAT"}},{"type":"Feature","geometry":{"type":"Point","coordinates":[-3.305406999999946,6.288894000000028]},"properties":{"id":108330,"nom":"EPP APPROMPRON 3_PRIMAIRE","type":"ecole primaire","district_region":null,"departement_commune":null,"verifie":true,"name":"EPP APPROMPRON 3_PRIMAIRE","source":"Géoportail ANSTAT"}},{"type":"Feature","geometry":{"type":"Point","coordinates":[-3.36257999999998,7.00518500000004]},"properties":{"id":108331,"nom":"EPP APPROMPRONOU 1_PRIMAIRE","type":"ecole primaire","district_region":null,"departement_commune":null,"verifie":true,"name":"EPP APPROMPRONOU 1_PRIMAIRE","source":"Géoportail ANSTAT"}},{"type":"Feature","geometry":{"type":"Point","coordinates":[-3.363017999999954,6.999218000000042]},"properties":{"id":108332,"nom":"EPP APPROMPRONOU 2_PRIMAIRE","type":"ecole primaire","district_region":null,"departement_commune":null,"verifie":true,"name":"EPP APPROMPRONOU 2_PRIMAIRE","source":"Géoportail ANSTAT"}},{"type":"Feature","geometry":{"type":"Point","coordinates":[-3.362774999999942,7.00582600000007]},"properties":{"id":108333,"nom":"EPP APPROMPRONOU 3_PRIMAIRE","type":"ecole primaire","district_region":null,"departement_commune":null,"verifie":true,"name":"EPP APPROMPRONOU 3_PRIMAIRE","source":"Géoportail ANSTAT"}},{"type":"Feature","geometry":{"type":"Point","coordinates":[-3.628232999999966,6.579215000000033]},"properties":{"id":108334,"nom":"EPP ASSAKRO 1_PRIMAIRE","type":"ecole primaire","district_region":null,"departement_commune":null,"verifie":true,"name":"EPP ASSAKRO 1_PRIMAIRE","source":"Géoportail ANSTAT"}},{"type":"Feature","geometry":{"type":"Point","coordinates":[-3.628232999999966,6.579215000000033]},"properties":{"id":108335,"nom":"EPP ASSAKRO 2_PRIMAIRE","type":"ecole primaire","district_region":null,"departement_commune":null,"verifie":true,"name":"EPP ASSAKRO 2_PRIMAIRE","source":"Géoportail ANSTAT"}},{"type":"Feature","geometry":{"type":"Point","coordinates":[-3.412699999999973,6.663600000000031]},"properties":{"id":108336,"nom":"EPP ASSEKRO_PRIMAIRE","type":"ecole primaire","district_region":null,"departement_commune":null,"verifie":true,"name":"EPP ASSEKRO_PRIMAIRE","source":"Géoportail ANSTAT"}},{"type":"Feature","geometry":{"type":"Point","coordinates":[-3.751686999999947,6.775318000000027]},"properties":{"id":108337,"nom":"EPP ASSEMANOU_PRIMAIRE","type":"ecole primaire","district_region":null,"departement_commune":null,"verifie":true,"name":"EPP ASSEMANOU_PRIMAIRE","source":"Géoportail ANSTAT"}},{"type":"Feature","geometry":{"type":"Point","coordinates":[-3.306976999999961,7.219205000000045]},"properties":{"id":108338,"nom":"EPP ASSEMPANAYE_PRIMAIRE","type":"ecole primaire","district_region":null,"departement_commune":null,"verifie":true,"name":"EPP ASSEMPANAYE_PRIMAIRE","source":"Géoportail ANSTAT"}},{"type":"Feature","geometry":{"type":"Point","coordinates":[-3.569794999999942,6.475287000000037]},"properties":{"id":108339,"nom":"EPP ASSIDJAN_PRIMAIRE","type":"ecole primaire","district_region":null,"departement_commune":null,"verifie":true,"name":"EPP ASSIDJAN_PRIMAIRE","source":"Géoportail ANSTAT"}},{"type":"Feature","geometry":{"type":"Point","coordinates":[-3.289392999999961,6.394071000000054]},"properties":{"id":108340,"nom":"EPP ASSIEDOUAKRO_PRIMAIRE","type":"ecole primaire","district_region":null,"departement_commune":null,"verifie":true,"name":"EPP ASSIEDOUAKRO_PRIMAIRE","source":"Géoportail ANSTAT"}},{"type":"Feature","geometry":{"type":"Point","coordinates":[-3.235779999999977,7.088628000000028]},"properties":{"id":108341,"nom":"EPP ASSIKASSO_PRIMAIRE","type":"ecole primaire","district_region":null,"departement_commune":null,"verifie":true,"name":"EPP ASSIKASSO_PRIMAIRE","source":"Géoportail ANSTAT"}},{"type":"Feature","geometry":{"type":"Point","coordinates":[-3.235779999999977,7.088628000000028]},"properties":{"id":108342,"nom":"EPP ASSIKASSO 2_PRIMAIRE","type":"ecole primaire","district_region":null,"departement_commune":null,"verifie":true,"name":"EPP ASSIKASSO 2_PRIMAIRE","source":"Géoportail ANSTAT"}},{"type":"Feature","geometry":{"type":"Point","coordinates":[-3.325620999999956,7.322651000000064]},"properties":{"id":108343,"nom":"EPP ASSUAME 1_PRIMAIRE","type":"ecole primaire","district_region":null,"departement_commune":null,"verifie":true,"name":"EPP ASSUAME 1_PRIMAIRE","source":"Géoportail ANSTAT"}},{"type":"Feature","geometry":{"type":"Point","coordinates":[-3.456320999999946,7.325456000000031]},"properties":{"id":108344,"nom":"EPP ASSUAME 2_PRIMAIRE","type":"ecole primaire","district_region":null,"departement_commune":null,"verifie":true,"name":"EPP ASSUAME 2_PRIMAIRE","source":"Géoportail ANSTAT"}},{"type":"Feature","geometry":{"type":"Point","coordinates":[-3.216237999999976,6.134627000000023]},"properties":{"id":108345,"nom":"EPP ATTIEKRO 1_PRIMAIRE","type":"ecole primaire","district_region":null,"departement_commune":null,"verifie":true,"name":"EPP ATTIEKRO 1_PRIMAIRE","source":"Géoportail ANSTAT"}},{"type":"Feature","geometry":{"type":"Point","coordinates":[-3.216237999999976,6.134627000000023]},"properties":{"id":108346,"nom":"EPP ATTIEKRO 2_PRIMAIRE","type":"ecole primaire","district_region":null,"departement_commune":null,"verifie":true,"name":"EPP ATTIEKRO 2_PRIMAIRE","source":"Géoportail ANSTAT"}},{"type":"Feature","geometry":{"type":"Point","coordinates":[-3.380179999999939,7.034613000000036]},"properties":{"id":108347,"nom":"EPP ATTOBRO_PRIMAIRE","type":"ecole primaire","district_region":null,"departement_commune":null,"verifie":true,"name":"EPP ATTOBRO_PRIMAIRE","source":"Géoportail ANSTAT"}},{"type":"Feature","geometry":{"type":"Point","coordinates":[-3.222649999999931,7.160465000000045]},"properties":{"id":108348,"nom":"EPP AYENOU_PRIMAIRE","type":"ecole primaire","district_region":null,"departement_commune":null,"verifie":true,"name":"EPP AYENOU_PRIMAIRE","source":"Géoportail ANSTAT"}},{"type":"Feature","geometry":{"type":"Point","coordinates":[-3.223101999999926,7.365211000000045]},"properties":{"id":108349,"nom":"EPP BAD AGNI 1_PRIMAIRE","type":"ecole primaire","district_region":null,"departement_commune":null,"verifie":true,"name":"EPP BAD AGNI 1_PRIMAIRE","source":"Géoportail ANSTAT"}},{"type":"Feature","geometry":{"type":"Point","coordinates":[-3.65425399999998,7.321654000000024]},"properties":{"id":108350,"nom":"EPP BAD AGNI 2_PRIMAIRE","type":"ecole primaire","district_region":null,"departement_commune":null,"verifie":true,"name":"EPP BAD AGNI 2_PRIMAIRE","source":"Géoportail ANSTAT"}},{"type":"Feature","geometry":{"type":"Point","coordinates":[-3.403873999999973,6.079611000000057]},"properties":{"id":108351,"nom":"EPP BAD BETTIE_PRIMAIRE","type":"ecole primaire","district_region":null,"departement_commune":null,"verifie":true,"name":"EPP BAD BETTIE_PRIMAIRE","source":"Géoportail ANSTAT"}},{"type":"Feature","geometry":{"type":"Point","coordinates":[-3.507787999999948,6.745022000000063]},"properties":{"id":108352,"nom":"EPP BAD LOBIKRO_PRIMAIRE","type":"ecole primaire","district_region":null,"departement_commune":null,"verifie":true,"name":"EPP BAD LOBIKRO_PRIMAIRE","source":"Géoportail ANSTAT"}},{"type":"Feature","geometry":{"type":"Point","coordinates":[-3.266352999999981,6.665237000000047]},"properties":{"id":108353,"nom":"EPP BAD NIABLE_PRIMAIRE","type":"ecole primaire","district_region":null,"departement_commune":null,"verifie":true,"name":"EPP BAD NIABLE_PRIMAIRE","source":"Géoportail ANSTAT"}},{"type":"Feature","geometry":{"type":"Point","coordinates":[-3.266489999999976,6.665700000000072]},"properties":{"id":108354,"nom":"EPP HENRI CLAIRON DE NIABLE_PRIMAIRE","type":"ecole primaire","district_region":null,"departement_commune":null,"verifie":true,"name":"EPP HENRI CLAIRON DE NIABLE_PRIMAIRE","source":"Géoportail ANSTAT"}},{"type":"Feature","geometry":{"type":"Point","coordinates":[-3.47595599999994,6.723615000000052]},"properties":{"id":108355,"nom":"EPP BAD-AGNI_PRIMAIRE","type":"ecole primaire","district_region":null,"departement_commune":null,"verifie":true,"name":"EPP BAD-AGNI_PRIMAIRE","source":"Géoportail ANSTAT"}},{"type":"Feature","geometry":{"type":"Point","coordinates":[-3.473532999999975,7.336585000000071]},"properties":{"id":108356,"nom":"EPP BANGOUA 1_PRIMAIRE","type":"ecole primaire","district_region":null,"departement_commune":null,"verifie":true,"name":"EPP BANGOUA 1_PRIMAIRE","source":"Géoportail ANSTAT"}},{"type":"Feature","geometry":{"type":"Point","coordinates":[-3.473329999999976,7.335682000000077]},"properties":{"id":108357,"nom":"EPP BANGOUA 2_PRIMAIRE","type":"ecole primaire","district_region":null,"departement_commune":null,"verifie":true,"name":"EPP BANGOUA 2_PRIMAIRE","source":"Géoportail ANSTAT"}},{"type":"Feature","geometry":{"type":"Point","coordinates":[-3.411954999999978,6.364492000000041]},"properties":{"id":108358,"nom":"EPP BEBOU_PRIMAIRE","type":"ecole primaire","district_region":null,"departement_commune":null,"verifie":true,"name":"EPP BEBOU_PRIMAIRE","source":"Géoportail ANSTAT"}},{"type":"Feature","geometry":{"type":"Point","coordinates":[-3.416999999999973,6.363000000000056]},"properties":{"id":108359,"nom":"EPP BEBOU 2_PRIMAIRE","type":"ecole primaire","district_region":null,"departement_commune":null,"verifie":true,"name":"EPP BEBOU 2_PRIMAIRE","source":"Géoportail ANSTAT"}},{"type":"Feature","geometry":{"type":"Point","coordinates":[-3.407999999999959,6.077111000000059]},"properties":{"id":108360,"nom":"EPP BETTIE 1_PRIMAIRE","type":"ecole primaire","district_region":null,"departement_commune":null,"verifie":true,"name":"EPP BETTIE 1_PRIMAIRE","source":"Géoportail ANSTAT"}},{"type":"Feature","geometry":{"type":"Point","coordinates":[-3.403335999999967,6.079678000000058]},"properties":{"id":108361,"nom":"EPP BETTIE 2_PRIMAIRE","type":"ecole primaire","district_region":null,"departement_commune":null,"verifie":true,"name":"EPP BETTIE 2_PRIMAIRE","source":"Géoportail ANSTAT"}},{"type":"Feature","geometry":{"type":"Point","coordinates":[-3.403335999999967,6.079678000000058]},"properties":{"id":108362,"nom":"EPP BETTIE 3_PRIMAIRE","type":"ecole primaire","district_region":null,"departement_commune":null,"verifie":true,"name":"EPP BETTIE 3_PRIMAIRE","source":"Géoportail ANSTAT"}},{"type":"Feature","geometry":{"type":"Point","coordinates":[-3.41604499999994,6.075450000000046]},"properties":{"id":108363,"nom":"EPP BETTIE AMOITTAKRO 2_PRIMAIRE","type":"ecole primaire","district_region":null,"departement_commune":null,"verifie":true,"name":"EPP BETTIE AMOITTAKRO 2_PRIMAIRE","source":"Géoportail ANSTAT"}},{"type":"Feature","geometry":{"type":"Point","coordinates":[-3.308801999999957,6.122339000000068]},"properties":{"id":108364,"nom":"EPP BETTIE SAPH V2_PRIMAIRE","type":"ecole primaire","district_region":null,"departement_commune":null,"verifie":true,"name":"EPP BETTIE SAPH V2_PRIMAIRE","source":"Géoportail ANSTAT"}},{"type":"Feature","geometry":{"type":"Point","coordinates":[-3.249181999999962,6.451332000000036]},"properties":{"id":108365,"nom":"EPP BETTIE TERRE D AZUR_PRIMAIRE","type":"ecole primaire","district_region":null,"departement_commune":null,"verifie":true,"name":"EPP BETTIE TERRE D AZUR_PRIMAIRE","source":"Géoportail ANSTAT"}},{"type":"Feature","geometry":{"type":"Point","coordinates":[-3.337304999999958,6.131748000000073]},"properties":{"id":108366,"nom":"EPP DE BETTIE SAPH V1_PRIMAIRE","type":"ecole primaire","district_region":null,"departement_commune":null,"verifie":true,"name":"EPP DE BETTIE SAPH V1_PRIMAIRE","source":"Géoportail ANSTAT"}},{"type":"Feature","geometry":{"type":"Point","coordinates":[-3.41182299999997,6.080864000000076]},"properties":{"id":108367,"nom":"EPP EGOUA BENIE DE BETTIE_PRIMAIRE","type":"ecole primaire","district_region":null,"departement_commune":null,"verifie":true,"name":"EPP EGOUA BENIE DE BETTIE_PRIMAIRE","source":"Géoportail ANSTAT"}},{"type":"Feature","geometry":{"type":"Point","coordinates":[-3.537442999999939,6.391652000000022]},"properties":{"id":108368,"nom":"EPP BLEKOUM_PRIMAIRE","type":"ecole primaire","district_region":null,"departement_commune":null,"verifie":true,"name":"EPP BLEKOUM_PRIMAIRE","source":"Géoportail ANSTAT"}},{"type":"Feature","geometry":{"type":"Point","coordinates":[-3.386099999999942,6.457100000000025]},"properties":{"id":108369,"nom":"EPP BOKAKOKORE 1_PRIMAIRE","type":"ecole primaire","district_region":null,"departement_commune":null,"verifie":true,"name":"EPP BOKAKOKORE 1_PRIMAIRE","source":"Géoportail ANSTAT"}},{"type":"Feature","geometry":{"type":"Point","coordinates":[-3.386099999999942,6.457100000000025]},"properties":{"id":108370,"nom":"EPP BOKAKOKORE 2_PRIMAIRE","type":"ecole primaire","district_region":null,"departement_commune":null,"verifie":true,"name":"EPP BOKAKOKORE 2_PRIMAIRE","source":"Géoportail ANSTAT"}},{"type":"Feature","geometry":{"type":"Point","coordinates":[-3.497889999999927,6.723852000000022]},"properties":{"id":108371,"nom":"EPP BOKO KOUAO EUGENE 1_PRIMAIRE","type":"ecole primaire","district_region":null,"departement_commune":null,"verifie":true,"name":"EPP BOKO KOUAO EUGENE 1_PRIMAIRE","source":"Géoportail ANSTAT"}},{"type":"Feature","geometry":{"type":"Point","coordinates":[-3.498260999999957,6.723527000000047]},"properties":{"id":108372,"nom":"EPP BOKO KOUAO EUGENE 2_PRIMAIRE","type":"ecole primaire","district_region":null,"departement_commune":null,"verifie":true,"name":"EPP BOKO KOUAO EUGENE 2_PRIMAIRE","source":"Géoportail ANSTAT"}},{"type":"Feature","geometry":{"type":"Point","coordinates":[-3.498098999999968,6.723453000000063]},"properties":{"id":108373,"nom":"EPP BOKO KOUAO EUGENE 3_PRIMAIRE","type":"ecole primaire","district_region":null,"departement_commune":null,"verifie":true,"name":"EPP BOKO KOUAO EUGENE 3_PRIMAIRE","source":"Géoportail ANSTAT"}},{"type":"Feature","geometry":{"type":"Point","coordinates":[-3.493876999999941,6.721881000000053]},"properties":{"id":108374,"nom":"EPP BOKO KOUAO EUGENE 4_PRIMAIRE","type":"ecole primaire","district_region":null,"departement_commune":null,"verifie":true,"name":"EPP BOKO KOUAO EUGENE 4_PRIMAIRE","source":"Géoportail ANSTAT"}},{"type":"Feature","geometry":{"type":"Point","coordinates":[-3.497906999999941,6.722919000000047]},"properties":{"id":108375,"nom":"EPP BOKO KOUAO EUGENE 5_PRIMAIRE","type":"ecole primaire","district_region":null,"departement_commune":null,"verifie":true,"name":"EPP BOKO KOUAO EUGENE 5_PRIMAIRE","source":"Géoportail ANSTAT"}},{"type":"Feature","geometry":{"type":"Point","coordinates":[-3.514789999999948,6.719462000000021]},"properties":{"id":108376,"nom":"EPP BONZOU IER 1_PRIMAIRE","type":"ecole primaire","district_region":null,"departement_commune":null,"verifie":true,"name":"EPP BONZOU IER 1_PRIMAIRE","source":"Géoportail ANSTAT"}},{"type":"Feature","geometry":{"type":"Point","coordinates":[-3.514789999999948,6.719468000000063]},"properties":{"id":108377,"nom":"EPP BONZOU IER 2_PRIMAIRE","type":"ecole primaire","district_region":null,"departement_commune":null,"verifie":true,"name":"EPP BONZOU IER 2_PRIMAIRE","source":"Géoportail ANSTAT"}},{"type":"Feature","geometry":{"type":"Point","coordinates":[-3.294958999999949,6.199893000000031]},"properties":{"id":108378,"nom":"EPP BOROBO 1_PRIMAIRE","type":"ecole primaire","district_region":null,"departement_commune":null,"verifie":true,"name":"EPP BOROBO 1_PRIMAIRE","source":"Géoportail ANSTAT"}},{"type":"Feature","geometry":{"type":"Point","coordinates":[-3.294958999999949,6.199893000000031]},"properties":{"id":108379,"nom":"EPP BOROBO 2_PRIMAIRE","type":"ecole primaire","district_region":null,"departement_commune":null,"verifie":true,"name":"EPP BOROBO 2_PRIMAIRE","source":"Géoportail ANSTAT"}},{"type":"Feature","geometry":{"type":"Point","coordinates":[-3.442816999999934,6.60810900000007]},"properties":{"id":108380,"nom":"EPP BOSSEMATIE_PRIMAIRE","type":"ecole primaire","district_region":null,"departement_commune":null,"verifie":true,"name":"EPP BOSSEMATIE_PRIMAIRE","source":"Géoportail ANSTAT"}},{"type":"Feature","geometry":{"type":"Point","coordinates":[-3.170349999999928,7.504090000000076]},"properties":{"id":108381,"nom":"EPP BRINDOUKRO_PRIMAIRE","type":"ecole primaire","district_region":null,"departement_commune":null,"verifie":true,"name":"EPP BRINDOUKRO_PRIMAIRE","source":"Géoportail ANSTAT"}},{"type":"Feature","geometry":{"type":"Point","coordinates":[-3.367116999999951,6.747528000000045]},"properties":{"id":108382,"nom":"EPP BRINDOUKRO_PRIMAIRE","type":"ecole primaire","district_region":null,"departement_commune":null,"verifie":true,"name":"EPP BRINDOUKRO_PRIMAIRE","source":"Géoportail ANSTAT"}},{"type":"Feature","geometry":{"type":"Point","coordinates":[-3.496759999999938,6.715901000000031]},"properties":{"id":108383,"nom":"EPP CAFETOU 1_PRIMAIRE","type":"ecole primaire","district_region":null,"departement_commune":null,"verifie":true,"name":"EPP CAFETOU 1_PRIMAIRE","source":"Géoportail ANSTAT"}},{"type":"Feature","geometry":{"type":"Point","coordinates":[-3.497118999999941,6.71539400000006]},"properties":{"id":108384,"nom":"EPP CAFETOU 2_PRIMAIRE","type":"ecole primaire","district_region":null,"departement_commune":null,"verifie":true,"name":"EPP CAFETOU 2_PRIMAIRE","source":"Géoportail ANSTAT"}},{"type":"Feature","geometry":{"type":"Point","coordinates":[-3.496907999999962,6.715273000000025]},"properties":{"id":108385,"nom":"EPP CAFETOU 3_PRIMAIRE","type":"ecole primaire","district_region":null,"departement_commune":null,"verifie":true,"name":"EPP CAFETOU 3_PRIMAIRE","source":"Géoportail ANSTAT"}},{"type":"Feature","geometry":{"type":"Point","coordinates":[-3.46999999999997,6.140000000000043]},"properties":{"id":108386,"nom":"EPP NANAN ATTAHI AKPANGNI 2 DE CAMP_PRIMAIRE","type":"ecole primaire","district_region":null,"departement_commune":null,"verifie":true,"name":"EPP NANAN ATTAHI AKPANGNI 2 DE CAMP_PRIMAIRE","source":"Géoportail ANSTAT"}},{"type":"Feature","geometry":{"type":"Point","coordinates":[-3.547077999999942,7.198560000000043]},"properties":{"id":108387,"nom":"EPP CECELUIBO_PRIMAIRE","type":"ecole primaire","district_region":null,"departement_commune":null,"verifie":true,"name":"EPP CECELUIBO_PRIMAIRE","source":"Géoportail ANSTAT"}},{"type":"Feature","geometry":{"type":"Point","coordinates":[-3.501207999999963,6.728870000000029]},"properties":{"id":108388,"nom":"EPP CHATEAU D EAU 1_PRIMAIRE","type":"ecole primaire","district_region":null,"departement_commune":null,"verifie":true,"name":"EPP CHATEAU D EAU 1_PRIMAIRE","source":"Géoportail ANSTAT"}},{"type":"Feature","geometry":{"type":"Point","coordinates":[-3.50120099999998,6.728717000000074]},"properties":{"id":108389,"nom":"EPP CHATEAU D EAU 2_PRIMAIRE","type":"ecole primaire","district_region":null,"departement_commune":null,"verifie":true,"name":"EPP CHATEAU D EAU 2_PRIMAIRE","source":"Géoportail ANSTAT"}},{"type":"Feature","geometry":{"type":"Point","coordinates":[-3.501207999999963,6.728870000000029]},"properties":{"id":108390,"nom":"EPP CHATEAU D EAU 3_PRIMAIRE","type":"ecole primaire","district_region":null,"departement_commune":null,"verifie":true,"name":"EPP CHATEAU D EAU 3_PRIMAIRE","source":"Géoportail ANSTAT"}},{"type":"Feature","geometry":{"type":"Point","coordinates":[-3.572244999999953,7.246647000000053]},"properties":{"id":108391,"nom":"EPP COMOE N DANOU_PRIMAIRE","type":"ecole primaire","district_region":null,"departement_commune":null,"verifie":true,"name":"EPP COMOE N DANOU_PRIMAIRE","source":"Géoportail ANSTAT"}},{"type":"Feature","geometry":{"type":"Point","coordinates":[-3.783496999999954,6.749630000000025]},"properties":{"id":108392,"nom":"EPP DALLO_PRIMAIRE","type":"ecole primaire","district_region":null,"departement_commune":null,"verifie":true,"name":"EPP DALLO_PRIMAIRE","source":"Géoportail ANSTAT"}},{"type":"Feature","geometry":{"type":"Point","coordinates":[-3.945125999999959,7.450112000000047]},"properties":{"id":108393,"nom":"EPP DAME 1_PRIMAIRE","type":"ecole primaire","district_region":null,"departement_commune":null,"verifie":true,"name":"EPP DAME 1_PRIMAIRE","source":"Géoportail ANSTAT"}},{"type":"Feature","geometry":{"type":"Point","coordinates":[-3.945125999999959,7.450112000000047]},"properties":{"id":108394,"nom":"EPP DAME 2_PRIMAIRE","type":"ecole primaire","district_region":null,"departement_commune":null,"verifie":true,"name":"EPP DAME 2_PRIMAIRE","source":"Géoportail ANSTAT"}},{"type":"Feature","geometry":{"type":"Point","coordinates":[-3.945125999999959,7.450112000000047]},"properties":{"id":108395,"nom":"EPP DAME 3_PRIMAIRE","type":"ecole primaire","district_region":null,"departement_commune":null,"verifie":true,"name":"EPP DAME 3_PRIMAIRE","source":"Géoportail ANSTAT"}},{"type":"Feature","geometry":{"type":"Point","coordinates":[-3.319218999999975,6.236342000000036]},"properties":{"id":108396,"nom":"EPP DIAMARAKRO 1_PRIMAIRE","type":"ecole primaire","district_region":null,"departement_commune":null,"verifie":true,"name":"EPP DIAMARAKRO 1_PRIMAIRE","source":"Géoportail ANSTAT"}},{"type":"Feature","geometry":{"type":"Point","coordinates":[-3.319776999999931,6.241080000000068]},"properties":{"id":108397,"nom":"EPP DIAMARAKRO 2_PRIMAIRE","type":"ecole primaire","district_region":null,"departement_commune":null,"verifie":true,"name":"EPP DIAMARAKRO 2_PRIMAIRE","source":"Géoportail ANSTAT"}},{"type":"Feature","geometry":{"type":"Point","coordinates":[-3.317330999999967,6.232029000000068]},"properties":{"id":108398,"nom":"EPP DIAMARAKRO 3_PRIMAIRE","type":"ecole primaire","district_region":null,"departement_commune":null,"verifie":true,"name":"EPP DIAMARAKRO 3_PRIMAIRE","source":"Géoportail ANSTAT"}},{"type":"Feature","geometry":{"type":"Point","coordinates":[-3.336962999999969,6.56963200000007]},"properties":{"id":108399,"nom":"EPP DIANGOBO 1_PRIMAIRE","type":"ecole primaire","district_region":null,"departement_commune":null,"verifie":true,"name":"EPP DIANGOBO 1_PRIMAIRE","source":"Géoportail ANSTAT"}},{"type":"Feature","geometry":{"type":"Point","coordinates":[-3.339829999999949,6.56267200000002]},"properties":{"id":108400,"nom":"EPP DIANGOBO 2_PRIMAIRE","type":"ecole primaire","district_region":null,"departement_commune":null,"verifie":true,"name":"EPP DIANGOBO 2_PRIMAIRE","source":"Géoportail ANSTAT"}},{"type":"Feature","geometry":{"type":"Point","coordinates":[-3.339806999999951,6.562776000000042]},"properties":{"id":108401,"nom":"EPP DIANGOBO 3_PRIMAIRE","type":"ecole primaire","district_region":null,"departement_commune":null,"verifie":true,"name":"EPP DIANGOBO 3_PRIMAIRE","source":"Géoportail ANSTAT"}},{"type":"Feature","geometry":{"type":"Point","coordinates":[-3.598482999999931,6.50633700000003]},"properties":{"id":108402,"nom":"EPP DIBY-N GUESSANKRO_PRIMAIRE","type":"ecole primaire","district_region":null,"departement_commune":null,"verifie":true,"name":"EPP DIBY-N GUESSANKRO_PRIMAIRE","source":"Géoportail ANSTAT"}},{"type":"Feature","geometry":{"type":"Point","coordinates":[-3.247001999999952,6.149125000000026]},"properties":{"id":108403,"nom":"EPP DJAHAKONANKRO_PRIMAIRE","type":"ecole primaire","district_region":null,"departement_commune":null,"verifie":true,"name":"EPP DJAHAKONANKRO_PRIMAIRE","source":"Géoportail ANSTAT"}},{"type":"Feature","geometry":{"type":"Point","coordinates":[-3.447682999999927,7.089883000000043]},"properties":{"id":108404,"nom":"EPP 1 DUFFREBO_PRIMAIRE","type":"ecole primaire","district_region":null,"departement_commune":null,"verifie":true,"name":"EPP 1 DUFFREBO_PRIMAIRE","source":"Géoportail ANSTAT"}},{"type":"Feature","geometry":{"type":"Point","coordinates":[-3.444610999999952,7.084537000000068]},"properties":{"id":108405,"nom":"EPP 2 DUFFREBO_PRIMAIRE","type":"ecole primaire","district_region":null,"departement_commune":null,"verifie":true,"name":"EPP 2 DUFFREBO_PRIMAIRE","source":"Géoportail ANSTAT"}},{"type":"Feature","geometry":{"type":"Point","coordinates":[-3.41274999999996,7.162067000000036]},"properties":{"id":108406,"nom":"EPP EBIKOFFIKRO_PRIMAIRE","type":"ecole primaire","district_region":null,"departement_commune":null,"verifie":true,"name":"EPP EBIKOFFIKRO_PRIMAIRE","source":"Géoportail ANSTAT"}},{"type":"Feature","geometry":{"type":"Point","coordinates":[-3.349625999999944,6.382032000000038]},"properties":{"id":108407,"nom":"EPP EBILASSOKRO 1_PRIMAIRE","type":"ecole primaire","district_region":null,"departement_commune":null,"verifie":true,"name":"EPP EBILASSOKRO 1_PRIMAIRE","source":"Géoportail ANSTAT"}},{"type":"Feature","geometry":{"type":"Point","coordinates":[-3.351892999999961,6.382898000000068]},"properties":{"id":108408,"nom":"EPP EBILASSOKRO 2_PRIMAIRE","type":"ecole primaire","district_region":null,"departement_commune":null,"verifie":true,"name":"EPP EBILASSOKRO 2_PRIMAIRE","source":"Géoportail ANSTAT"}},{"type":"Feature","geometry":{"type":"Point","coordinates":[-3.35056899999995,6.382901000000061]},"properties":{"id":108409,"nom":"EPP EBILASSOKRO 3_PRIMAIRE","type":"ecole primaire","district_region":null,"departement_commune":null,"verifie":true,"name":"EPP EBILASSOKRO 3_PRIMAIRE","source":"Géoportail ANSTAT"}},{"type":"Feature","geometry":{"type":"Point","coordinates":[-3.350305999999932,6.382326000000035]},"properties":{"id":108410,"nom":"EPP EBILASSOKRO 4_PRIMAIRE","type":"ecole primaire","district_region":null,"departement_commune":null,"verifie":true,"name":"EPP EBILASSOKRO 4_PRIMAIRE","source":"Géoportail ANSTAT"}},{"type":"Feature","geometry":{"type":"Point","coordinates":[-3.35091099999994,6.382637000000045]},"properties":{"id":108411,"nom":"EPP EBILASSOKRO 5_PRIMAIRE","type":"ecole primaire","district_region":null,"departement_commune":null,"verifie":true,"name":"EPP EBILASSOKRO 5_PRIMAIRE","source":"Géoportail ANSTAT"}},{"type":"Feature","geometry":{"type":"Point","coordinates":[-3.511135999999965,6.826858000000072]},"properties":{"id":108412,"nom":"EPP EBOISSUE_PRIMAIRE","type":"ecole primaire","district_region":null,"departement_commune":null,"verifie":true,"name":"EPP EBOISSUE_PRIMAIRE","source":"Géoportail ANSTAT"}},{"type":"Feature","geometry":{"type":"Point","coordinates":[-3.489536999999928,6.73157800000007]},"properties":{"id":108413,"nom":"EPP EDOUKOUKRO_PRIMAIRE","type":"ecole primaire","district_region":null,"departement_commune":null,"verifie":true,"name":"EPP EDOUKOUKRO_PRIMAIRE","source":"Géoportail ANSTAT"}},{"type":"Feature","geometry":{"type":"Point","coordinates":[-3.486769999999979,6.733850000000075]},"properties":{"id":108414,"nom":"EPP EECI_PRIMAIRE","type":"ecole primaire","district_region":null,"departement_commune":null,"verifie":true,"name":"EPP EECI_PRIMAIRE","source":"Géoportail ANSTAT"}},{"type":"Feature","geometry":{"type":"Point","coordinates":[-3.439999999999941,6.32000000000005]},"properties":{"id":108415,"nom":"EPP EHUASSO 1_PRIMAIRE","type":"ecole primaire","district_region":null,"departement_commune":null,"verifie":true,"name":"EPP EHUASSO 1_PRIMAIRE","source":"Géoportail ANSTAT"}},{"type":"Feature","geometry":{"type":"Point","coordinates":[-3.439999999999941,6.32000000000005]},"properties":{"id":108416,"nom":"EPP EHUASSO 2_PRIMAIRE","type":"ecole primaire","district_region":null,"departement_commune":null,"verifie":true,"name":"EPP EHUASSO 2_PRIMAIRE","source":"Géoportail ANSTAT"}},{"type":"Feature","geometry":{"type":"Point","coordinates":[-3.41274999999996,7.162067000000036]},"properties":{"id":108417,"nom":"EPP EKRAKRO_PRIMAIRE","type":"ecole primaire","district_region":null,"departement_commune":null,"verifie":true,"name":"EPP EKRAKRO_PRIMAIRE","source":"Géoportail ANSTAT"}},{"type":"Feature","geometry":{"type":"Point","coordinates":[-3.68805999999995,6.968070000000068]},"properties":{"id":108418,"nom":"EPP ELINSO 1_PRIMAIRE","type":"ecole primaire","district_region":null,"departement_commune":null,"verifie":true,"name":"EPP ELINSO 1_PRIMAIRE","source":"Géoportail ANSTAT"}},{"type":"Feature","geometry":{"type":"Point","coordinates":[-3.692277999999931,6.96911300000005]},"properties":{"id":108419,"nom":"EPP ELINSO 2_PRIMAIRE","type":"ecole primaire","district_region":null,"departement_commune":null,"verifie":true,"name":"EPP ELINSO 2_PRIMAIRE","source":"Géoportail ANSTAT"}},{"type":"Feature","geometry":{"type":"Point","coordinates":[-3.156233999999927,7.357462000000055]},"properties":{"id":108420,"nom":"EPP BRAHIMAKRO_PRIMAIRE","type":"ecole primaire","district_region":null,"departement_commune":null,"verifie":true,"name":"EPP BRAHIMAKRO_PRIMAIRE","source":"Géoportail ANSTAT"}},{"type":"Feature","geometry":{"type":"Point","coordinates":[-3.845975999999951,7.908850000000029]},"properties":{"id":108421,"nom":"EPP EMANZOUKRO_PRIMAIRE","type":"ecole primaire","district_region":null,"departement_commune":null,"verifie":true,"name":"EPP EMANZOUKRO_PRIMAIRE","source":"Géoportail ANSTAT"}},{"type":"Feature","geometry":{"type":"Point","coordinates":[-3.415268999999967,6.82764700000007]},"properties":{"id":108422,"nom":"EPP ESPERANCE-SCIERIE_PRIMAIRE","type":"ecole primaire","district_region":null,"departement_commune":null,"verifie":true,"name":"EPP ESPERANCE-SCIERIE_PRIMAIRE","source":"Géoportail ANSTAT"}},{"type":"Feature","geometry":{"type":"Point","coordinates":[-3.673610999999937,6.65411800000004]},"properties":{"id":108423,"nom":"EPP ETTIENKRO_PRIMAIRE","type":"ecole primaire","district_region":null,"departement_commune":null,"verifie":true,"name":"EPP ETTIENKRO_PRIMAIRE","source":"Géoportail ANSTAT"}},{"type":"Feature","geometry":{"type":"Point","coordinates":[-3.456122999999934,7.963258000000053]},"properties":{"id":108424,"nom":"EPP FRAABO_PRIMAIRE","type":"ecole primaire","district_region":null,"departement_commune":null,"verifie":true,"name":"EPP FRAABO_PRIMAIRE","source":"Géoportail ANSTAT"}},{"type":"Feature","geometry":{"type":"Point","coordinates":[-3.474999999999966,6.720000000000027]},"properties":{"id":108425,"nom":"EPP GEOBETON-AGNI_PRIMAIRE","type":"ecole primaire","district_region":null,"departement_commune":null,"verifie":true,"name":"EPP GEOBETON-AGNI_PRIMAIRE","source":"Géoportail ANSTAT"}},{"type":"Feature","geometry":{"type":"Point","coordinates":[-3.509840999999938,6.733637000000044]},"properties":{"id":108426,"nom":"EPP HENRI KONAN BEDIE_PRIMAIRE","type":"ecole primaire","district_region":null,"departement_commune":null,"verifie":true,"name":"EPP HENRI KONAN BEDIE_PRIMAIRE","source":"Géoportail ANSTAT"}},{"type":"Feature","geometry":{"type":"Point","coordinates":[-3.397270999999932,6.259727000000055]},"properties":{"id":108427,"nom":"EPP HEREDOUGOU_PRIMAIRE","type":"ecole primaire","district_region":null,"departement_commune":null,"verifie":true,"name":"EPP HEREDOUGOU_PRIMAIRE","source":"Géoportail ANSTAT"}},{"type":"Feature","geometry":{"type":"Point","coordinates":[-3.495551999999975,6.74155600000006]},"properties":{"id":108428,"nom":"EPP INDENIE 1_PRIMAIRE","type":"ecole primaire","district_region":null,"departement_commune":null,"verifie":true,"name":"EPP INDENIE 1_PRIMAIRE","source":"Géoportail ANSTAT"}},{"type":"Feature","geometry":{"type":"Point","coordinates":[-3.495519999999942,6.741558000000055]},"properties":{"id":108429,"nom":"EPP INDENIE 2_PRIMAIRE","type":"ecole primaire","district_region":null,"departement_commune":null,"verifie":true,"name":"EPP INDENIE 2_PRIMAIRE","source":"Géoportail ANSTAT"}},{"type":"Feature","geometry":{"type":"Point","coordinates":[-3.495519999999942,6.741558000000055]},"properties":{"id":108430,"nom":"EPP INDENIE 3_PRIMAIRE","type":"ecole primaire","district_region":null,"departement_commune":null,"verifie":true,"name":"EPP INDENIE 3_PRIMAIRE","source":"Géoportail ANSTAT"}},{"type":"Feature","geometry":{"type":"Point","coordinates":[-3.494939999999929,6.742223000000024]},"properties":{"id":108431,"nom":"EPP INDENIE 4_PRIMAIRE","type":"ecole primaire","district_region":null,"departement_commune":null,"verifie":true,"name":"EPP INDENIE 4_PRIMAIRE","source":"Géoportail ANSTAT"}},{"type":"Feature","geometry":{"type":"Point","coordinates":[-3.45999999999998,6.770000000000039]},"properties":{"id":108432,"nom":"EPP IRCC_PRIMAIRE","type":"ecole primaire","district_region":null,"departement_commune":null,"verifie":true,"name":"EPP IRCC_PRIMAIRE","source":"Géoportail ANSTAT"}},{"type":"Feature","geometry":{"type":"Point","coordinates":[-3.25727999999998,6.266257000000053]},"properties":{"id":108433,"nom":"EPP ISSOUFKRO_PRIMAIRE","type":"ecole primaire","district_region":null,"departement_commune":null,"verifie":true,"name":"EPP ISSOUFKRO_PRIMAIRE","source":"Géoportail ANSTAT"}},{"type":"Feature","geometry":{"type":"Point","coordinates":[-3.147851999999943,7.456123000000048]},"properties":{"id":108434,"nom":"EPP JEAN-CLAUDE YOBOUET 2_PRIMAIRE","type":"ecole primaire","district_region":null,"departement_commune":null,"verifie":true,"name":"EPP JEAN-CLAUDE YOBOUET 2_PRIMAIRE","source":"Géoportail ANSTAT"}},{"type":"Feature","geometry":{"type":"Point","coordinates":[-3.76049299999994,6.714828000000068]},"properties":{"id":108435,"nom":"EPP KABLANKRO_PRIMAIRE","type":"ecole primaire","district_region":null,"departement_commune":null,"verifie":true,"name":"EPP KABLANKRO_PRIMAIRE","source":"Géoportail ANSTAT"}},{"type":"Feature","geometry":{"type":"Point","coordinates":[-3.269459999999981,6.653118000000063]},"properties":{"id":108436,"nom":"EPP KACOU JEROME 1_PRIMAIRE","type":"ecole primaire","district_region":null,"departement_commune":null,"verifie":true,"name":"EPP KACOU JEROME 1_PRIMAIRE","source":"Géoportail ANSTAT"}},{"type":"Feature","geometry":{"type":"Point","coordinates":[-3.269425999999953,6.653118000000063]},"properties":{"id":108437,"nom":"EPP KACOU JEROME 2_PRIMAIRE","type":"ecole primaire","district_region":null,"departement_commune":null,"verifie":true,"name":"EPP KACOU JEROME 2_PRIMAIRE","source":"Géoportail ANSTAT"}},{"type":"Feature","geometry":{"type":"Point","coordinates":[-3.235601999999972,7.125301000000036]},"properties":{"id":108438,"nom":"EPP KANGAKRO_PRIMAIRE","type":"ecole primaire","district_region":null,"departement_commune":null,"verifie":true,"name":"EPP KANGAKRO_PRIMAIRE","source":"Géoportail ANSTAT"}},{"type":"Feature","geometry":{"type":"Point","coordinates":[-3.489536999999928,6.73157800000007]},"properties":{"id":108439,"nom":"EPP KIRIFI_PRIMAIRE","type":"ecole primaire","district_region":null,"departement_commune":null,"verifie":true,"name":"EPP KIRIFI_PRIMAIRE","source":"Géoportail ANSTAT"}},{"type":"Feature","geometry":{"type":"Point","coordinates":[-3.614451999999972,6.894790000000057]},"properties":{"id":108440,"nom":"EPP KOITIENKRO 1_PRIMAIRE","type":"ecole primaire","district_region":null,"departement_commune":null,"verifie":true,"name":"EPP KOITIENKRO 1_PRIMAIRE","source":"Géoportail ANSTAT"}},{"type":"Feature","geometry":{"type":"Point","coordinates":[-3.612909999999943,6.896935000000042]},"properties":{"id":108441,"nom":"EPP KOITIENKRO 2_PRIMAIRE","type":"ecole primaire","district_region":null,"departement_commune":null,"verifie":true,"name":"EPP KOITIENKRO 2_PRIMAIRE","source":"Géoportail ANSTAT"}},{"type":"Feature","geometry":{"type":"Point","coordinates":[-3.618999999999971,7.133527000000072]},"properties":{"id":108442,"nom":"EPP KOKONOU_PRIMAIRE","type":"ecole primaire","district_region":null,"departement_commune":null,"verifie":true,"name":"EPP KOKONOU_PRIMAIRE","source":"Géoportail ANSTAT"}},{"type":"Feature","geometry":{"type":"Point","coordinates":[-3.521035999999981,7.003652000000045]},"properties":{"id":108443,"nom":"EPP KONGODIA 1_PRIMAIRE","type":"ecole primaire","district_region":null,"departement_commune":null,"verifie":true,"name":"EPP KONGODIA 1_PRIMAIRE","source":"Géoportail ANSTAT"}},{"type":"Feature","geometry":{"type":"Point","coordinates":[-3.523253999999952,7.325120000000027]},"properties":{"id":108444,"nom":"EPP KONGODIA 2_PRIMAIRE","type":"ecole primaire","district_region":null,"departement_commune":null,"verifie":true,"name":"EPP KONGODIA 2_PRIMAIRE","source":"Géoportail ANSTAT"}},{"type":"Feature","geometry":{"type":"Point","coordinates":[-3.102331999999933,7.369002000000023]},"properties":{"id":108445,"nom":"EPP KOTOKOSSO 1_PRIMAIRE","type":"ecole primaire","district_region":null,"departement_commune":null,"verifie":true,"name":"EPP KOTOKOSSO 1_PRIMAIRE","source":"Géoportail ANSTAT"}},{"type":"Feature","geometry":{"type":"Point","coordinates":[-3.658935999999926,7.756320000000073]},"properties":{"id":108446,"nom":"EPP KOTOKOSSO 2_PRIMAIRE","type":"ecole primaire","district_region":null,"departement_commune":null,"verifie":true,"name":"EPP KOTOKOSSO 2_PRIMAIRE","source":"Géoportail ANSTAT"}},{"type":"Feature","geometry":{"type":"Point","coordinates":[-3.649726999999928,6.930970000000059]},"properties":{"id":108447,"nom":"EPP KOUADIOKRO_PRIMAIRE","type":"ecole primaire","district_region":null,"departement_commune":null,"verifie":true,"name":"EPP KOUADIOKRO_PRIMAIRE","source":"Géoportail ANSTAT"}},{"type":"Feature","geometry":{"type":"Point","coordinates":[-3.462549999999965,7.225832000000025]},"properties":{"id":108448,"nom":"EPP KOUADIOKRO_PRIMAIRE","type":"ecole primaire","district_region":null,"departement_commune":null,"verifie":true,"name":"EPP KOUADIOKRO_PRIMAIRE","source":"Géoportail ANSTAT"}},{"type":"Feature","geometry":{"type":"Point","coordinates":[-3.343324999999936,6.524296000000049]},"properties":{"id":108449,"nom":"EPP KOUADIOKRO_PRIMAIRE","type":"ecole primaire","district_region":null,"departement_commune":null,"verifie":true,"name":"EPP KOUADIOKRO_PRIMAIRE","source":"Géoportail ANSTAT"}},{"type":"Feature","geometry":{"type":"Point","coordinates":[-3.351577999999961,6.644337000000064]},"properties":{"id":108450,"nom":"EPP KOUAKOU N DRAMANKRO_PRIMAIRE","type":"ecole primaire","district_region":null,"departement_commune":null,"verifie":true,"name":"EPP KOUAKOU N DRAMANKRO_PRIMAIRE","source":"Géoportail ANSTAT"}},{"type":"Feature","geometry":{"type":"Point","coordinates":[-3.457565999999929,6.675641000000041]},"properties":{"id":108451,"nom":"EPP KOUAKOUKRO_PRIMAIRE","type":"ecole primaire","district_region":null,"departement_commune":null,"verifie":true,"name":"EPP KOUAKOUKRO_PRIMAIRE","source":"Géoportail ANSTAT"}},{"type":"Feature","geometry":{"type":"Point","coordinates":[-3.386077999999941,7.218352000000039]},"properties":{"id":108452,"nom":"EPP KOUAMEKRO_PRIMAIRE","type":"ecole primaire","district_region":null,"departement_commune":null,"verifie":true,"name":"EPP KOUAMEKRO_PRIMAIRE","source":"Géoportail ANSTAT"}},{"type":"Feature","geometry":{"type":"Point","coordinates":[-3.399999999999977,6.450000000000045]},"properties":{"id":108453,"nom":"EPP KOUAMETIEMELEKRO_PRIMAIRE","type":"ecole primaire","district_region":null,"departement_commune":null,"verifie":true,"name":"EPP KOUAMETIEMELEKRO_PRIMAIRE","source":"Géoportail ANSTAT"}},{"type":"Feature","geometry":{"type":"Point","coordinates":[-3.382196999999962,7.026802000000032]},"properties":{"id":108454,"nom":"EPP KOUAMEZIANKRO 1_PRIMAIRE","type":"ecole primaire","district_region":null,"departement_commune":null,"verifie":true,"name":"EPP KOUAMEZIANKRO 1_PRIMAIRE","source":"Géoportail ANSTAT"}},{"type":"Feature","geometry":{"type":"Point","coordinates":[-3.382196999999962,7.026802000000032]},"properties":{"id":108455,"nom":"EPP KOUAMEZIANKRO 2_PRIMAIRE","type":"ecole primaire","district_region":null,"departement_commune":null,"verifie":true,"name":"EPP KOUAMEZIANKRO 2_PRIMAIRE","source":"Géoportail ANSTAT"}},{"type":"Feature","geometry":{"type":"Point","coordinates":[-3.434667999999931,7.243706000000032]},"properties":{"id":108456,"nom":"EPP KOUASSI ANDREKRO_PRIMAIRE","type":"ecole primaire","district_region":null,"departement_commune":null,"verifie":true,"name":"EPP KOUASSI ANDREKRO_PRIMAIRE","source":"Géoportail ANSTAT"}},{"type":"Feature","geometry":{"type":"Point","coordinates":[-3.526881999999944,6.802362000000073]},"properties":{"id":108457,"nom":"EPP KOUASSIBENIEKRO_PRIMAIRE","type":"ecole primaire","district_region":null,"departement_commune":null,"verifie":true,"name":"EPP KOUASSIBENIEKRO_PRIMAIRE","source":"Géoportail ANSTAT"}},{"type":"Feature","geometry":{"type":"Point","coordinates":[-3.508204999999975,6.744883000000073]},"properties":{"id":108458,"nom":"EPP LOBIKRO_PRIMAIRE","type":"ecole primaire","district_region":null,"departement_commune":null,"verifie":true,"name":"EPP LOBIKRO_PRIMAIRE","source":"Géoportail ANSTAT"}},{"type":"Feature","geometry":{"type":"Point","coordinates":[-3.341987999999958,6.378287000000057]},"properties":{"id":108459,"nom":"EPP LONACI EBILASSOKRO_PRIMAIRE","type":"ecole primaire","district_region":null,"departement_commune":null,"verifie":true,"name":"EPP LONACI EBILASSOKRO_PRIMAIRE","source":"Géoportail ANSTAT"}},{"type":"Feature","geometry":{"type":"Point","coordinates":[-3.419999999999959,6.350000000000023]},"properties":{"id":108460,"nom":"EPP MAFIA_PRIMAIRE","type":"ecole primaire","district_region":null,"departement_commune":null,"verifie":true,"name":"EPP MAFIA_PRIMAIRE","source":"Géoportail ANSTAT"}},{"type":"Feature","geometry":{"type":"Point","coordinates":[-3.258609999999976,6.486370000000022]},"properties":{"id":108461,"nom":"EPP MAHOUNOU_PRIMAIRE","type":"ecole primaire","district_region":null,"departement_commune":null,"verifie":true,"name":"EPP MAHOUNOU_PRIMAIRE","source":"Géoportail ANSTAT"}},{"type":"Feature","geometry":{"type":"Point","coordinates":[-3.20313699999997,7.123729000000026]},"properties":{"id":108462,"nom":"EPP MAIRIE NORD_PRIMAIRE","type":"ecole primaire","district_region":null,"departement_commune":null,"verifie":true,"name":"EPP MAIRIE NORD_PRIMAIRE","source":"Géoportail ANSTAT"}},{"type":"Feature","geometry":{"type":"Point","coordinates":[-3.237296999999955,6.534217000000069]},"properties":{"id":108463,"nom":"EPP MAMPROUSSI_PRIMAIRE","type":"ecole primaire","district_region":null,"departement_commune":null,"verifie":true,"name":"EPP MAMPROUSSI_PRIMAIRE","source":"Géoportail ANSTAT"}},{"type":"Feature","geometry":{"type":"Point","coordinates":[-3.170349999999928,7.504090000000076]},"properties":{"id":108464,"nom":"EPP MANZANOUAN 5_PRIMAIRE","type":"ecole primaire","district_region":null,"departement_commune":null,"verifie":true,"name":"EPP MANZANOUAN 5_PRIMAIRE","source":"Géoportail ANSTAT"}},{"type":"Feature","geometry":{"type":"Point","coordinates":[-3.828209999999956,7.021882000000062]},"properties":{"id":108465,"nom":"EPP MASSAKRO_PRIMAIRE","type":"ecole primaire","district_region":null,"departement_commune":null,"verifie":true,"name":"EPP MASSAKRO_PRIMAIRE","source":"Géoportail ANSTAT"}},{"type":"Feature","geometry":{"type":"Point","coordinates":[-3.469608999999934,6.304832000000033]},"properties":{"id":108466,"nom":"EPP M BASSO_PRIMAIRE","type":"ecole primaire","district_region":null,"departement_commune":null,"verifie":true,"name":"EPP M BASSO_PRIMAIRE","source":"Géoportail ANSTAT"}},{"type":"Feature","geometry":{"type":"Point","coordinates":[-3.261431999999957,7.127145000000041]},"properties":{"id":108467,"nom":"EPP MIANKOUADIOKRO_PRIMAIRE","type":"ecole primaire","district_region":null,"departement_commune":null,"verifie":true,"name":"EPP MIANKOUADIOKRO_PRIMAIRE","source":"Géoportail ANSTAT"}},{"type":"Feature","geometry":{"type":"Point","coordinates":[-3.565543999999932,7.12444000000005]},"properties":{"id":108468,"nom":"EPP MORIKRO_PRIMAIRE","type":"ecole primaire","district_region":null,"departement_commune":null,"verifie":true,"name":"EPP MORIKRO_PRIMAIRE","source":"Géoportail ANSTAT"}},{"type":"Feature","geometry":{"type":"Point","coordinates":[-3.489536999999928,6.73157800000007]},"properties":{"id":108469,"nom":"EPP ADOU BANGA JULES 1_PRIMAIRE","type":"ecole primaire","district_region":null,"departement_commune":null,"verifie":true,"name":"EPP ADOU BANGA JULES 1_PRIMAIRE","source":"Géoportail ANSTAT"}},{"type":"Feature","geometry":{"type":"Point","coordinates":[-3.489536999999928,6.73157800000007]},"properties":{"id":108470,"nom":"EPP ADOU BANGA JULES 2_PRIMAIRE","type":"ecole primaire","district_region":null,"departement_commune":null,"verifie":true,"name":"EPP ADOU BANGA JULES 2_PRIMAIRE","source":"Géoportail ANSTAT"}},{"type":"Feature","geometry":{"type":"Point","coordinates":[-3.489117999999962,6.720866000000058]},"properties":{"id":108471,"nom":"EPP MOSSIKRO 3_PRIMAIRE","type":"ecole primaire","district_region":null,"departement_commune":null,"verifie":true,"name":"EPP MOSSIKRO 3_PRIMAIRE","source":"Géoportail ANSTAT"}},{"type":"Feature","geometry":{"type":"Point","coordinates":[-3.489317999999969,6.720866000000058]},"properties":{"id":108472,"nom":"EPP MOSSIKRO 4_PRIMAIRE","type":"ecole primaire","district_region":null,"departement_commune":null,"verifie":true,"name":"EPP MOSSIKRO 4_PRIMAIRE","source":"Géoportail ANSTAT"}},{"type":"Feature","geometry":{"type":"Point","coordinates":[-3.39187499999997,6.263721000000032]},"properties":{"id":108473,"nom":"EPP MOUSSAKRO_PRIMAIRE","type":"ecole primaire","district_region":null,"departement_commune":null,"verifie":true,"name":"EPP MOUSSAKRO_PRIMAIRE","source":"Géoportail ANSTAT"}},{"type":"Feature","geometry":{"type":"Point","coordinates":[-3.489536999999928,6.73157800000007]},"properties":{"id":108474,"nom":"EPP NANAN ADOUKOFFI-1_PRIMAIRE","type":"ecole primaire","district_region":null,"departement_commune":null,"verifie":true,"name":"EPP NANAN ADOUKOFFI-1_PRIMAIRE","source":"Géoportail ANSTAT"}},{"type":"Feature","geometry":{"type":"Point","coordinates":[-3.50640199999998,6.729710000000068]},"properties":{"id":108475,"nom":"EPP NANAN BOA KOUASSI III-1_PRIMAIRE","type":"ecole primaire","district_region":null,"departement_commune":null,"verifie":true,"name":"EPP NANAN BOA KOUASSI III-1_PRIMAIRE","source":"Géoportail ANSTAT"}},{"type":"Feature","geometry":{"type":"Point","coordinates":[-3.50645499999996,6.729647000000057]},"properties":{"id":108476,"nom":"EPP NANAN BOA KOUASSI III-2_PRIMAIRE","type":"ecole primaire","district_region":null,"departement_commune":null,"verifie":true,"name":"EPP NANAN BOA KOUASSI III-2_PRIMAIRE","source":"Géoportail ANSTAT"}},{"type":"Feature","geometry":{"type":"Point","coordinates":[-3.246380999999928,7.020188000000076]},"properties":{"id":108477,"nom":"EPP N DJOREKRO 1_PRIMAIRE","type":"ecole primaire","district_region":null,"departement_commune":null,"verifie":true,"name":"EPP N DJOREKRO 1_PRIMAIRE","source":"Géoportail ANSTAT"}},{"type":"Feature","geometry":{"type":"Point","coordinates":[-4.169009999999957,7.179963000000043]},"properties":{"id":108478,"nom":"EPP N DJOREKRO 2_PRIMAIRE","type":"ecole primaire","district_region":null,"departement_commune":null,"verifie":true,"name":"EPP N DJOREKRO 2_PRIMAIRE","source":"Géoportail ANSTAT"}},{"type":"Feature","geometry":{"type":"Point","coordinates":[-3.600139999999953,7.173554000000024]},"properties":{"id":108479,"nom":"EPP N DJOREKRO-ABBEY_PRIMAIRE","type":"ecole primaire","district_region":null,"departement_commune":null,"verifie":true,"name":"EPP N DJOREKRO-ABBEY_PRIMAIRE","source":"Géoportail ANSTAT"}},{"type":"Feature","geometry":{"type":"Point","coordinates":[-3.468283999999926,7.114967000000036]},"properties":{"id":108480,"nom":"EPP N DRIKRO_PRIMAIRE","type":"ecole primaire","district_region":null,"departement_commune":null,"verifie":true,"name":"EPP N DRIKRO_PRIMAIRE","source":"Géoportail ANSTAT"}},{"type":"Feature","geometry":{"type":"Point","coordinates":[-3.342246999999929,6.377431000000058]},"properties":{"id":108481,"nom":"EPP NEHO- EBILASSOKRO_PRIMAIRE","type":"ecole primaire","district_region":null,"departement_commune":null,"verifie":true,"name":"EPP NEHO- EBILASSOKRO_PRIMAIRE","source":"Géoportail ANSTAT"}},{"type":"Feature","geometry":{"type":"Point","coordinates":[-3.400177999999926,7.071283000000051]},"properties":{"id":108482,"nom":"EPP 1 N GRAH_PRIMAIRE","type":"ecole primaire","district_region":null,"departement_commune":null,"verifie":true,"name":"EPP 1 N GRAH_PRIMAIRE","source":"Géoportail ANSTAT"}},{"type":"Feature","geometry":{"type":"Point","coordinates":[-3.408342999999945,7.078528000000063]},"properties":{"id":108483,"nom":"EPP 2 N GRAH_PRIMAIRE","type":"ecole primaire","district_region":null,"departement_commune":null,"verifie":true,"name":"EPP 2 N GRAH_PRIMAIRE","source":"Géoportail ANSTAT"}},{"type":"Feature","geometry":{"type":"Point","coordinates":[-3.63206699999995,6.616840000000025]},"properties":{"id":108484,"nom":"EPP N GRAKON 2_PRIMAIRE","type":"ecole primaire","district_region":null,"departement_commune":null,"verifie":true,"name":"EPP N GRAKON 2_PRIMAIRE","source":"Géoportail ANSTAT"}},{"type":"Feature","geometry":{"type":"Point","coordinates":[-3.341395999999975,7.122200000000021]},"properties":{"id":108485,"nom":"EPP 1 N GUESSANKRO_PRIMAIRE","type":"ecole primaire","district_region":null,"departement_commune":null,"verifie":true,"name":"EPP 1 N GUESSANKRO_PRIMAIRE","source":"Géoportail ANSTAT"}},{"type":"Feature","geometry":{"type":"Point","coordinates":[-3.341395999999975,7.122200000000021]},"properties":{"id":108486,"nom":"EPP 2 N GUESSANKRO_PRIMAIRE","type":"ecole primaire","district_region":null,"departement_commune":null,"verifie":true,"name":"EPP 2 N GUESSANKRO_PRIMAIRE","source":"Géoportail ANSTAT"}},{"type":"Feature","geometry":{"type":"Point","coordinates":[-3.351169999999968,7.125353000000075]},"properties":{"id":108487,"nom":"EPP 3 N GUESSANKRO_PRIMAIRE","type":"ecole primaire","district_region":null,"departement_commune":null,"verifie":true,"name":"EPP 3 N GUESSANKRO_PRIMAIRE","source":"Géoportail ANSTAT"}},{"type":"Feature","geometry":{"type":"Point","coordinates":[-3.273706999999945,6.663237000000038]},"properties":{"id":108488,"nom":"EPP NIABLE 1_PRIMAIRE","type":"ecole primaire","district_region":null,"departement_commune":null,"verifie":true,"name":"EPP NIABLE 1_PRIMAIRE","source":"Géoportail ANSTAT"}},{"type":"Feature","geometry":{"type":"Point","coordinates":[-3.273727999999949,6.663477000000057]},"properties":{"id":108489,"nom":"EPP NIABLE 2_PRIMAIRE","type":"ecole primaire","district_region":null,"departement_commune":null,"verifie":true,"name":"EPP NIABLE 2_PRIMAIRE","source":"Géoportail ANSTAT"}},{"type":"Feature","geometry":{"type":"Point","coordinates":[-3.280369999999948,6.653186000000062]},"properties":{"id":108490,"nom":"EPP NIABLE 3_PRIMAIRE","type":"ecole primaire","district_region":null,"departement_commune":null,"verifie":true,"name":"EPP NIABLE 3_PRIMAIRE","source":"Géoportail ANSTAT"}},{"type":"Feature","geometry":{"type":"Point","coordinates":[-3.261901999999964,6.652970000000039]},"properties":{"id":108491,"nom":"EPP NIABLE 4_PRIMAIRE","type":"ecole primaire","district_region":null,"departement_commune":null,"verifie":true,"name":"EPP NIABLE 4_PRIMAIRE","source":"Géoportail ANSTAT"}},{"type":"Feature","geometry":{"type":"Point","coordinates":[-3.621355999999935,7.345263000000045]},"properties":{"id":108492,"nom":"EPP NIANDA 1_PRIMAIRE","type":"ecole primaire","district_region":null,"departement_commune":null,"verifie":true,"name":"EPP NIANDA 1_PRIMAIRE","source":"Géoportail ANSTAT"}},{"type":"Feature","geometry":{"type":"Point","coordinates":[-4.223221999999964,8.125340000000051]},"properties":{"id":108493,"nom":"EPP NIANDA 2_PRIMAIRE","type":"ecole primaire","district_region":null,"departement_commune":null,"verifie":true,"name":"EPP NIANDA 2_PRIMAIRE","source":"Géoportail ANSTAT"}},{"type":"Feature","geometry":{"type":"Point","coordinates":[-3.277159999999981,7.046119000000033]},"properties":{"id":108494,"nom":"EPP NIANDA 3_PRIMAIRE","type":"ecole primaire","district_region":null,"departement_commune":null,"verifie":true,"name":"EPP NIANDA 3_PRIMAIRE","source":"Géoportail ANSTAT"}},{"type":"Feature","geometry":{"type":"Point","coordinates":[-3.347489999999937,6.205317000000036]},"properties":{"id":108495,"nom":"EPP N ZIKRO_PRIMAIRE","type":"ecole primaire","district_region":null,"departement_commune":null,"verifie":true,"name":"EPP N ZIKRO_PRIMAIRE","source":"Géoportail ANSTAT"}},{"type":"Feature","geometry":{"type":"Point","coordinates":[-3.424294999999972,6.540989000000025]},"properties":{"id":108496,"nom":"EPP N ZIPLIKRO_PRIMAIRE","type":"ecole primaire","district_region":null,"departement_commune":null,"verifie":true,"name":"EPP N ZIPLIKRO_PRIMAIRE","source":"Géoportail ANSTAT"}},{"type":"Feature","geometry":{"type":"Point","coordinates":[-3.357452999999964,7.258159000000035]},"properties":{"id":108497,"nom":"EPP N ZOREKRO_PRIMAIRE","type":"ecole primaire","district_region":null,"departement_commune":null,"verifie":true,"name":"EPP N ZOREKRO_PRIMAIRE","source":"Géoportail ANSTAT"}},{"type":"Feature","geometry":{"type":"Point","coordinates":[-3.409999999999968,6.36000000000007]},"properties":{"id":108498,"nom":"EPP OUSMANE COULIBALY BEBOU_PRIMAIRE","type":"ecole primaire","district_region":null,"departement_commune":null,"verifie":true,"name":"EPP OUSMANE COULIBALY BEBOU_PRIMAIRE","source":"Géoportail ANSTAT"}},{"type":"Feature","geometry":{"type":"Point","coordinates":[-3.423946999999941,6.980716000000029]},"properties":{"id":108499,"nom":"EPP PADIEGNAN 1_PRIMAIRE","type":"ecole primaire","district_region":null,"departement_commune":null,"verifie":true,"name":"EPP PADIEGNAN 1_PRIMAIRE","source":"Géoportail ANSTAT"}},{"type":"Feature","geometry":{"type":"Point","coordinates":[-3.419691999999941,6.977945000000034]},"properties":{"id":108500,"nom":"EPP PADIEGNAN 2_PRIMAIRE","type":"ecole primaire","district_region":null,"departement_commune":null,"verifie":true,"name":"EPP PADIEGNAN 2_PRIMAIRE","source":"Géoportail ANSTAT"}},{"type":"Feature","geometry":{"type":"Point","coordinates":[-3.423823999999968,6.980685000000051]},"properties":{"id":108501,"nom":"EPP PADIEGNAN 3_PRIMAIRE","type":"ecole primaire","district_region":null,"departement_commune":null,"verifie":true,"name":"EPP PADIEGNAN 3_PRIMAIRE","source":"Géoportail ANSTAT"}},{"type":"Feature","geometry":{"type":"Point","coordinates":[-3.552550999999937,6.497217000000035]},"properties":{"id":108502,"nom":"EPP PIERREKRO_PRIMAIRE","type":"ecole primaire","district_region":null,"departement_commune":null,"verifie":true,"name":"EPP PIERREKRO_PRIMAIRE","source":"Géoportail ANSTAT"}},{"type":"Feature","geometry":{"type":"Point","coordinates":[-3.486831999999936,6.736942000000056]},"properties":{"id":108503,"nom":"EPP PLATEAU 1_PRIMAIRE","type":"ecole primaire","district_region":null,"departement_commune":null,"verifie":true,"name":"EPP PLATEAU 1_PRIMAIRE","source":"Géoportail ANSTAT"}},{"type":"Feature","geometry":{"type":"Point","coordinates":[-3.484773999999959,6.736783000000059]},"properties":{"id":108504,"nom":"EPP PLATEAU 2_PRIMAIRE","type":"ecole primaire","district_region":null,"departement_commune":null,"verifie":true,"name":"EPP PLATEAU 2_PRIMAIRE","source":"Géoportail ANSTAT"}},{"type":"Feature","geometry":{"type":"Point","coordinates":[-3.486472999999933,6.736705000000029]},"properties":{"id":108505,"nom":"EPP PLATEAU 3_PRIMAIRE","type":"ecole primaire","district_region":null,"departement_commune":null,"verifie":true,"name":"EPP PLATEAU 3_PRIMAIRE","source":"Géoportail ANSTAT"}},{"type":"Feature","geometry":{"type":"Point","coordinates":[-3.489536999999928,6.73157800000007]},"properties":{"id":108506,"nom":"EPP PLATEAU 4_PRIMAIRE","type":"ecole primaire","district_region":null,"departement_commune":null,"verifie":true,"name":"EPP PLATEAU 4_PRIMAIRE","source":"Géoportail ANSTAT"}},{"type":"Feature","geometry":{"type":"Point","coordinates":[-3.025811999999974,7.357421000000045]},"properties":{"id":108507,"nom":"EPP PLAWOOD_PRIMAIRE","type":"ecole primaire","district_region":null,"departement_commune":null,"verifie":true,"name":"EPP PLAWOOD_PRIMAIRE","source":"Géoportail ANSTAT"}},{"type":"Feature","geometry":{"type":"Point","coordinates":[-3.547741999999971,6.553114000000051]},"properties":{"id":108508,"nom":"EPP POKOUKRO_PRIMAIRE","type":"ecole primaire","district_region":null,"departement_commune":null,"verifie":true,"name":"EPP POKOUKRO_PRIMAIRE","source":"Géoportail ANSTAT"}},{"type":"Feature","geometry":{"type":"Point","coordinates":[-3.40430299999997,6.506947000000025]},"properties":{"id":108509,"nom":"EPP PRAKRO_PRIMAIRE","type":"ecole primaire","district_region":null,"departement_commune":null,"verifie":true,"name":"EPP PRAKRO_PRIMAIRE","source":"Géoportail ANSTAT"}},{"type":"Feature","geometry":{"type":"Point","coordinates":[-3.482722999999964,6.864432000000022]},"properties":{"id":108510,"nom":"EPP SANKADIOKRO 1_PRIMAIRE","type":"ecole primaire","district_region":null,"departement_commune":null,"verifie":true,"name":"EPP SANKADIOKRO 1_PRIMAIRE","source":"Géoportail ANSTAT"}},{"type":"Feature","geometry":{"type":"Point","coordinates":[-3.482944999999972,6.864822000000061]},"properties":{"id":108511,"nom":"EPP SANKADIOKRO 2_PRIMAIRE","type":"ecole primaire","district_region":null,"departement_commune":null,"verifie":true,"name":"EPP SANKADIOKRO 2_PRIMAIRE","source":"Géoportail ANSTAT"}},{"type":"Feature","geometry":{"type":"Point","coordinates":[-3.491741999999931,6.856401000000062]},"properties":{"id":108512,"nom":"EPP SANKADIOKRO 3_PRIMAIRE","type":"ecole primaire","district_region":null,"departement_commune":null,"verifie":true,"name":"EPP SANKADIOKRO 3_PRIMAIRE","source":"Géoportail ANSTAT"}},{"type":"Feature","geometry":{"type":"Point","coordinates":[-3.474994999999979,6.861003000000039]},"properties":{"id":108513,"nom":"EPP SANKADIOKRO 4_PRIMAIRE","type":"ecole primaire","district_region":null,"departement_commune":null,"verifie":true,"name":"EPP SANKADIOKRO 4_PRIMAIRE","source":"Géoportail ANSTAT"}},{"type":"Feature","geometry":{"type":"Point","coordinates":[-3.74079299999994,6.823588000000029]},"properties":{"id":108514,"nom":"EPP SATIKRAN 1_PRIMAIRE","type":"ecole primaire","district_region":null,"departement_commune":null,"verifie":true,"name":"EPP SATIKRAN 1_PRIMAIRE","source":"Géoportail ANSTAT"}},{"type":"Feature","geometry":{"type":"Point","coordinates":[-3.745216999999968,6.827910000000031]},"properties":{"id":108515,"nom":"EPP SATIKRAN 2_PRIMAIRE","type":"ecole primaire","district_region":null,"departement_commune":null,"verifie":true,"name":"EPP SATIKRAN 2_PRIMAIRE","source":"Géoportail ANSTAT"}},{"type":"Feature","geometry":{"type":"Point","coordinates":[-3.739847999999938,6.823358000000042]},"properties":{"id":108516,"nom":"EPP SATIKRAN 3_PRIMAIRE","type":"ecole primaire","district_region":null,"departement_commune":null,"verifie":true,"name":"EPP SATIKRAN 3_PRIMAIRE","source":"Géoportail ANSTAT"}},{"type":"Feature","geometry":{"type":"Point","coordinates":[-3.17035199999998,7.504090000000076]},"properties":{"id":108517,"nom":"EPP SIAKAKRO 1_PRIMAIRE","type":"ecole primaire","district_region":null,"departement_commune":null,"verifie":true,"name":"EPP SIAKAKRO 1_PRIMAIRE","source":"Géoportail ANSTAT"}},{"type":"Feature","geometry":{"type":"Point","coordinates":[-3.325620999999956,7.956120000000055]},"properties":{"id":108518,"nom":"EPP SIAKAKRO 2_PRIMAIRE","type":"ecole primaire","district_region":null,"departement_commune":null,"verifie":true,"name":"EPP SIAKAKRO 2_PRIMAIRE","source":"Géoportail ANSTAT"}},{"type":"Feature","geometry":{"type":"Point","coordinates":[-3.342887999999959,6.480219000000034]},"properties":{"id":108519,"nom":"EPP SOUKOU-SOUKOU_PRIMAIRE","type":"ecole primaire","district_region":null,"departement_commune":null,"verifie":true,"name":"EPP SOUKOU-SOUKOU_PRIMAIRE","source":"Géoportail ANSTAT"}},{"type":"Feature","geometry":{"type":"Point","coordinates":[-3.735269999999957,6.991927000000032]},"properties":{"id":108520,"nom":"EPP TAHAKRO 1_PRIMAIRE","type":"ecole primaire","district_region":null,"departement_commune":null,"verifie":true,"name":"EPP TAHAKRO 1_PRIMAIRE","source":"Géoportail ANSTAT"}},{"type":"Feature","geometry":{"type":"Point","coordinates":[-3.735269999999957,6.991927000000032]},"properties":{"id":108521,"nom":"EPP TAHAKRO 2_PRIMAIRE","type":"ecole primaire","district_region":null,"departement_commune":null,"verifie":true,"name":"EPP TAHAKRO 2_PRIMAIRE","source":"Géoportail ANSTAT"}},{"type":"Feature","geometry":{"type":"Point","coordinates":[-3.299322999999958,7.16151700000006]},"properties":{"id":108522,"nom":"EPP 3 TANGUELAN_PRIMAIRE","type":"ecole primaire","district_region":null,"departement_commune":null,"verifie":true,"name":"EPP 3 TANGUELAN_PRIMAIRE","source":"Géoportail ANSTAT"}},{"type":"Feature","geometry":{"type":"Point","coordinates":[-3.305609999999945,7.15963000000005]},"properties":{"id":108523,"nom":"EPP 4 TANGUELAN_PRIMAIRE","type":"ecole primaire","district_region":null,"departement_commune":null,"verifie":true,"name":"EPP 4 TANGUELAN_PRIMAIRE","source":"Géoportail ANSTAT"}},{"type":"Feature","geometry":{"type":"Point","coordinates":[-3.654986999999949,7.98765400000002]},"properties":{"id":108524,"nom":"EPP TANKOUAKANKRO_PRIMAIRE","type":"ecole primaire","district_region":null,"departement_commune":null,"verifie":true,"name":"EPP TANKOUAKANKRO_PRIMAIRE","source":"Géoportail ANSTAT"}},{"type":"Feature","geometry":{"type":"Point","coordinates":[-3.489536999999928,6.73157800000007]},"properties":{"id":108525,"nom":"EPP TOUZOUKRO_PRIMAIRE","type":"ecole primaire","district_region":null,"departement_commune":null,"verifie":true,"name":"EPP TOUZOUKRO_PRIMAIRE","source":"Géoportail ANSTAT"}},{"type":"Feature","geometry":{"type":"Point","coordinates":[-3.308479999999975,7.165570000000059]},"properties":{"id":108526,"nom":"EPP 1 VAHO GABRIEL_PRIMAIRE","type":"ecole primaire","district_region":null,"departement_commune":null,"verifie":true,"name":"EPP 1 VAHO GABRIEL_PRIMAIRE","source":"Géoportail ANSTAT"}},{"type":"Feature","geometry":{"type":"Point","coordinates":[-3.308307999999954,7.164947000000041]},"properties":{"id":108527,"nom":"EPP 2 VAHO GABRIEL_PRIMAIRE","type":"ecole primaire","district_region":null,"departement_commune":null,"verifie":true,"name":"EPP 2 VAHO GABRIEL_PRIMAIRE","source":"Géoportail ANSTAT"}},{"type":"Feature","geometry":{"type":"Point","coordinates":[-3.415137999999956,6.956060000000036]},"properties":{"id":108528,"nom":"EPP YAKASSE 1_PRIMAIRE","type":"ecole primaire","district_region":null,"departement_commune":null,"verifie":true,"name":"EPP YAKASSE 1_PRIMAIRE","source":"Géoportail ANSTAT"}},{"type":"Feature","geometry":{"type":"Point","coordinates":[-3.407772999999963,6.952778000000023]},"properties":{"id":108529,"nom":"EPP YAKASSE 3_PRIMAIRE","type":"ecole primaire","district_region":null,"departement_commune":null,"verifie":true,"name":"EPP YAKASSE 3_PRIMAIRE","source":"Géoportail ANSTAT"}},{"type":"Feature","geometry":{"type":"Point","coordinates":[-3.41608199999996,6.96522200000004]},"properties":{"id":108530,"nom":"EPP YAKASSE 4_PRIMAIRE","type":"ecole primaire","district_region":null,"departement_commune":null,"verifie":true,"name":"EPP YAKASSE 4_PRIMAIRE","source":"Géoportail ANSTAT"}},{"type":"Feature","geometry":{"type":"Point","coordinates":[-3.416537999999946,6.95673000000005]},"properties":{"id":108531,"nom":"EPP YAKASSE-FEYASSE 2_PRIMAIRE","type":"ecole primaire","district_region":null,"departement_commune":null,"verifie":true,"name":"EPP YAKASSE-FEYASSE 2_PRIMAIRE","source":"Géoportail ANSTAT"}},{"type":"Feature","geometry":{"type":"Point","coordinates":[-3.325989999999933,6.894590000000051]},"properties":{"id":108532,"nom":"EPP YAOBABIKRO_PRIMAIRE","type":"ecole primaire","district_region":null,"departement_commune":null,"verifie":true,"name":"EPP YAOBABIKRO_PRIMAIRE","source":"Géoportail ANSTAT"}},{"type":"Feature","geometry":{"type":"Point","coordinates":[-3.428224999999941,6.241926000000035]},"properties":{"id":108533,"nom":"EPP YEREYERE_PRIMAIRE","type":"ecole primaire","district_region":null,"departement_commune":null,"verifie":true,"name":"EPP YEREYERE_PRIMAIRE","source":"Géoportail ANSTAT"}},{"type":"Feature","geometry":{"type":"Point","coordinates":[-3.123651999999936,7.365210000000047]},"properties":{"id":108534,"nom":"EPP YOBOUAKRO 1_PRIMAIRE","type":"ecole primaire","district_region":null,"departement_commune":null,"verifie":true,"name":"EPP YOBOUAKRO 1_PRIMAIRE","source":"Géoportail ANSTAT"}},{"type":"Feature","geometry":{"type":"Point","coordinates":[-3.420135999999957,7.145545000000027]},"properties":{"id":108535,"nom":"EPP YOBOUAKRO 2_PRIMAIRE","type":"ecole primaire","district_region":null,"departement_commune":null,"verifie":true,"name":"EPP YOBOUAKRO 2_PRIMAIRE","source":"Géoportail ANSTAT"}},{"type":"Feature","geometry":{"type":"Point","coordinates":[-3.352644999999939,7.145535000000052]},"properties":{"id":108536,"nom":"EPP YOBOUAKRO 3_PRIMAIRE","type":"ecole primaire","district_region":null,"departement_commune":null,"verifie":true,"name":"EPP YOBOUAKRO 3_PRIMAIRE","source":"Géoportail ANSTAT"}},{"type":"Feature","geometry":{"type":"Point","coordinates":[-3.325680999999975,7.245366000000047]},"properties":{"id":108537,"nom":"EPP YOBOUAKRO 4_PRIMAIRE","type":"ecole primaire","district_region":null,"departement_commune":null,"verifie":true,"name":"EPP YOBOUAKRO 4_PRIMAIRE","source":"Géoportail ANSTAT"}},{"type":"Feature","geometry":{"type":"Point","coordinates":[-3.41719999999998,6.910400000000038]},"properties":{"id":108538,"nom":"EPP ZAMAKA 1_PRIMAIRE","type":"ecole primaire","district_region":null,"departement_commune":null,"verifie":true,"name":"EPP ZAMAKA 1_PRIMAIRE","source":"Géoportail ANSTAT"}},{"type":"Feature","geometry":{"type":"Point","coordinates":[-3.417129999999929,6.910498000000075]},"properties":{"id":108539,"nom":"EPP ZAMAKA 2_PRIMAIRE","type":"ecole primaire","district_region":null,"departement_commune":null,"verifie":true,"name":"EPP ZAMAKA 2_PRIMAIRE","source":"Géoportail ANSTAT"}},{"type":"Feature","geometry":{"type":"Point","coordinates":[-3.411019999999951,6.914070000000038]},"properties":{"id":108540,"nom":"EPP ZAMAKA 3_PRIMAIRE","type":"ecole primaire","district_region":null,"departement_commune":null,"verifie":true,"name":"EPP ZAMAKA 3_PRIMAIRE","source":"Géoportail ANSTAT"}},{"type":"Feature","geometry":{"type":"Point","coordinates":[-3.359999999999957,6.420000000000073]},"properties":{"id":108541,"nom":"EPP 1 NANAN ADOU BOA JEAN BAPTISTE DE ZARANOU_PRIMAIRE","type":"ecole primaire","district_region":null,"departement_commune":null,"verifie":true,"name":"EPP 1 NANAN ADOU BOA JEAN BAPTISTE DE ZARANOU_PRIMAIRE","source":"Géoportail ANSTAT"}},{"type":"Feature","geometry":{"type":"Point","coordinates":[-3.361972999999978,6.428674000000058]},"properties":{"id":108542,"nom":"EPP 2 NANAN ADOU BOA JEAN BAPTISTE DE ZARANOU_PRIMAIRE","type":"ecole primaire","district_region":null,"departement_commune":null,"verifie":true,"name":"EPP 2 NANAN ADOU BOA JEAN BAPTISTE DE ZARANOU_PRIMAIRE","source":"Géoportail ANSTAT"}},{"type":"Feature","geometry":{"type":"Point","coordinates":[-3.36911299999997,6.433781000000067]},"properties":{"id":108543,"nom":"EPP MIAN ANE KOUASSI DE ZARANOU_PRIMAIRE","type":"ecole primaire","district_region":null,"departement_commune":null,"verifie":true,"name":"EPP MIAN ANE KOUASSI DE ZARANOU_PRIMAIRE","source":"Géoportail ANSTAT"}},{"type":"Feature","geometry":{"type":"Point","coordinates":[-3.371977999999956,6.427314000000024]},"properties":{"id":108544,"nom":"EPP SERI BAROUAN DE ZARANOU_PRIMAIRE","type":"ecole primaire","district_region":null,"departement_commune":null,"verifie":true,"name":"EPP SERI BAROUAN DE ZARANOU_PRIMAIRE","source":"Géoportail ANSTAT"}},{"type":"Feature","geometry":{"type":"Point","coordinates":[-3.569436999999937,6.824275000000057]},"properties":{"id":108545,"nom":"EPP ZEBENOU 1_PRIMAIRE","type":"ecole primaire","district_region":null,"departement_commune":null,"verifie":true,"name":"EPP ZEBENOU 1_PRIMAIRE","source":"Géoportail ANSTAT"}},{"type":"Feature","geometry":{"type":"Point","coordinates":[-3.68805999999995,6.968070000000068]},"properties":{"id":108546,"nom":"EPP ZEBENOU 2_PRIMAIRE","type":"ecole primaire","district_region":null,"departement_commune":null,"verifie":true,"name":"EPP ZEBENOU 2_PRIMAIRE","source":"Géoportail ANSTAT"}},{"type":"Feature","geometry":{"type":"Point","coordinates":[-3.457769999999925,6.886340000000075]},"properties":{"id":108547,"nom":"EPP ZINZENOU 1_PRIMAIRE","type":"ecole primaire","district_region":null,"departement_commune":null,"verifie":true,"name":"EPP ZINZENOU 1_PRIMAIRE","source":"Géoportail ANSTAT"}},{"type":"Feature","geometry":{"type":"Point","coordinates":[-3.457769999999925,6.886340000000075]},"properties":{"id":108548,"nom":"EPP ZINZENOU 2_PRIMAIRE","type":"ecole primaire","district_region":null,"departement_commune":null,"verifie":true,"name":"EPP ZINZENOU 2_PRIMAIRE","source":"Géoportail ANSTAT"}},{"type":"Feature","geometry":{"type":"Point","coordinates":[-3.457769999999925,6.886340000000075]},"properties":{"id":108549,"nom":"EPP ZINZENOU 3_PRIMAIRE","type":"ecole primaire","district_region":null,"departement_commune":null,"verifie":true,"name":"EPP ZINZENOU 3_PRIMAIRE","source":"Géoportail ANSTAT"}},{"type":"Feature","geometry":{"type":"Point","coordinates":[-3.292694999999981,6.613883000000044]},"properties":{"id":108550,"nom":"EPP ZOUHOUNOU 1_PRIMAIRE","type":"ecole primaire","district_region":null,"departement_commune":null,"verifie":true,"name":"EPP ZOUHOUNOU 1_PRIMAIRE","source":"Géoportail ANSTAT"}},{"type":"Feature","geometry":{"type":"Point","coordinates":[-3.29205799999994,6.62011700000005]},"properties":{"id":108551,"nom":"EPP ZOUHOUNOU 2_PRIMAIRE","type":"ecole primaire","district_region":null,"departement_commune":null,"verifie":true,"name":"EPP ZOUHOUNOU 2_PRIMAIRE","source":"Géoportail ANSTAT"}},{"type":"Feature","geometry":{"type":"Point","coordinates":[-3.292299999999955,6.640379000000053]},"properties":{"id":108552,"nom":"EPP ZOUHOUNOU3_PRIMAIRE","type":"ecole primaire","district_region":null,"departement_commune":null,"verifie":true,"name":"EPP ZOUHOUNOU3_PRIMAIRE","source":"Géoportail ANSTAT"}},{"type":"Feature","geometry":{"type":"Point","coordinates":[-3.507364999999936,6.756977000000063]},"properties":{"id":108553,"nom":"EPV MONTESSORI BILINGUE_PRIMAIRE","type":"ecole primaire","district_region":null,"departement_commune":null,"verifie":true,"name":"EPV MONTESSORI BILINGUE_PRIMAIRE","source":"Géoportail ANSTAT"}},{"type":"Feature","geometry":{"type":"Point","coordinates":[-3.508531999999946,6.731319000000042]},"properties":{"id":108554,"nom":"EPV MONTESSORI LA MAISON DES ENFANTS_PRIMAIRE","type":"ecole primaire","district_region":null,"departement_commune":null,"verifie":true,"name":"EPV MONTESSORI LA MAISON DES ENFANTS_PRIMAIRE","source":"Géoportail ANSTAT"}},{"type":"Feature","geometry":{"type":"Point","coordinates":[-3.489536999999928,6.73157800000007]},"properties":{"id":108555,"nom":"EPV AHMADIYYA_PRIMAIRE","type":"ecole primaire","district_region":null,"departement_commune":null,"verifie":true,"name":"EPV AHMADIYYA_PRIMAIRE","source":"Géoportail ANSTAT"}},{"type":"Feature","geometry":{"type":"Point","coordinates":[-3.49652199999997,6.736742000000049]},"properties":{"id":108556,"nom":"EPV CENTRE MONTESSORI_PRIMAIRE","type":"ecole primaire","district_region":null,"departement_commune":null,"verifie":true,"name":"EPV CENTRE MONTESSORI_PRIMAIRE","source":"Géoportail ANSTAT"}},{"type":"Feature","geometry":{"type":"Point","coordinates":[-3.489536999999928,6.73157800000007]},"properties":{"id":108557,"nom":"EPV DIOP_PRIMAIRE","type":"ecole primaire","district_region":null,"departement_commune":null,"verifie":true,"name":"EPV DIOP_PRIMAIRE","source":"Géoportail ANSTAT"}},{"type":"Feature","geometry":{"type":"Point","coordinates":[-3.493554999999958,6.728457000000049]},"properties":{"id":108558,"nom":"EPV KENANIA_PRIMAIRE","type":"ecole primaire","district_region":null,"departement_commune":null,"verifie":true,"name":"EPV KENANIA_PRIMAIRE","source":"Géoportail ANSTAT"}},{"type":"Feature","geometry":{"type":"Point","coordinates":[-3.504996999999946,6.730532000000039]},"properties":{"id":108559,"nom":"EPV LE JOURDAIN_PRIMAIRE","type":"ecole primaire","district_region":null,"departement_commune":null,"verifie":true,"name":"EPV LE JOURDAIN_PRIMAIRE","source":"Géoportail ANSTAT"}},{"type":"Feature","geometry":{"type":"Point","coordinates":[-3.003209999999967,7.320102000000077]},"properties":{"id":108560,"nom":"EPV METHODISTE_PRIMAIRE","type":"ecole primaire","district_region":null,"departement_commune":null,"verifie":true,"name":"EPV METHODISTE_PRIMAIRE","source":"Géoportail ANSTAT"}},{"type":"Feature","geometry":{"type":"Point","coordinates":[-3.254620999999929,6.452542000000051]},"properties":{"id":108561,"nom":"EPV N CHO BETTIE_PRIMAIRE","type":"ecole primaire","district_region":null,"departement_commune":null,"verifie":true,"name":"EPV N CHO BETTIE_PRIMAIRE","source":"Géoportail ANSTAT"}},{"type":"Feature","geometry":{"type":"Point","coordinates":[-3.376116999999965,6.435185000000047]},"properties":{"id":108562,"nom":"EPV SANHEDRIN_PRIMAIRE","type":"ecole primaire","district_region":null,"departement_commune":null,"verifie":true,"name":"EPV SANHEDRIN_PRIMAIRE","source":"Géoportail ANSTAT"}},{"type":"Feature","geometry":{"type":"Point","coordinates":[-4.015243999999939,5.348133000000075]},"properties":{"id":108563,"nom":"EPP  FRATERNITE_PRIMAIRE","type":"ecole primaire","district_region":null,"departement_commune":null,"verifie":true,"name":"EPP  FRATERNITE_PRIMAIRE","source":"Géoportail ANSTAT"}},{"type":"Feature","geometry":{"type":"Point","coordinates":[-4.015200999999934,5.347975000000076]},"properties":{"id":108564,"nom":"EPP 220 LOGEMENTS 2_PRIMAIRE","type":"ecole primaire","district_region":null,"departement_commune":null,"verifie":true,"name":"EPP 220 LOGEMENTS 2_PRIMAIRE","source":"Géoportail ANSTAT"}},{"type":"Feature","geometry":{"type":"Point","coordinates":[-3.916140999999925,5.326270000000022]},"properties":{"id":108565,"nom":"EPP ABATTA 1_PRIMAIRE","type":"ecole primaire","district_region":null,"departement_commune":null,"verifie":true,"name":"EPP ABATTA 1_PRIMAIRE","source":"Géoportail ANSTAT"}},{"type":"Feature","geometry":{"type":"Point","coordinates":[-3.972434999999962,5.377055000000041]},"properties":{"id":108566,"nom":"EPP ABRI 2000_PRIMAIRE","type":"ecole primaire","district_region":null,"departement_commune":null,"verifie":true,"name":"EPP ABRI 2000_PRIMAIRE","source":"Géoportail ANSTAT"}},{"type":"Feature","geometry":{"type":"Point","coordinates":[-3.835890999999947,5.376472000000035]},"properties":{"id":108567,"nom":"EPP ACHOKOI_PRIMAIRE","type":"ecole primaire","district_region":null,"departement_commune":null,"verifie":true,"name":"EPP ACHOKOI_PRIMAIRE","source":"Géoportail ANSTAT"}},{"type":"Feature","geometry":{"type":"Point","coordinates":[-3.87138699999997,5.350062000000037]},"properties":{"id":108568,"nom":"EPP ADJAME BINGERVILLE 1_PRIMAIRE","type":"ecole primaire","district_region":null,"departement_commune":null,"verifie":true,"name":"EPP ADJAME BINGERVILLE 1_PRIMAIRE","source":"Géoportail ANSTAT"}},{"type":"Feature","geometry":{"type":"Point","coordinates":[-3.870386999999937,5.350263000000041]},"properties":{"id":108569,"nom":"EPP ADJAME BINGERVILLE 2_PRIMAIRE","type":"ecole primaire","district_region":null,"departement_commune":null,"verifie":true,"name":"EPP ADJAME BINGERVILLE 2_PRIMAIRE","source":"Géoportail ANSTAT"}},{"type":"Feature","geometry":{"type":"Point","coordinates":[-3.87138699999997,5.350062000000037]},"properties":{"id":108570,"nom":"EPP ADJAME BINGERVILLE 3_PRIMAIRE","type":"ecole primaire","district_region":null,"departement_commune":null,"verifie":true,"name":"EPP ADJAME BINGERVILLE 3_PRIMAIRE","source":"Géoportail ANSTAT"}},{"type":"Feature","geometry":{"type":"Point","coordinates":[-3.854992999999979,5.394803000000024]},"properties":{"id":108571,"nom":"EPP ADJIN_PRIMAIRE","type":"ecole primaire","district_region":null,"departement_commune":null,"verifie":true,"name":"EPP ADJIN_PRIMAIRE","source":"Géoportail ANSTAT"}},{"type":"Feature","geometry":{"type":"Point","coordinates":[-3.825924999999927,5.307057000000043]},"properties":{"id":108572,"nom":"EPP AGBAN BINGERVILLE_PRIMAIRE","type":"ecole primaire","district_region":null,"departement_commune":null,"verifie":true,"name":"EPP AGBAN BINGERVILLE_PRIMAIRE","source":"Géoportail ANSTAT"}},{"type":"Feature","geometry":{"type":"Point","coordinates":[-3.756579999999929,5.899600000000021]},"properties":{"id":108573,"nom":"EPP AGBANA_PRIMAIRE","type":"ecole primaire","district_region":null,"departement_commune":null,"verifie":true,"name":"EPP AGBANA_PRIMAIRE","source":"Géoportail ANSTAT"}},{"type":"Feature","geometry":{"type":"Point","coordinates":[-3.996045999999978,5.382796000000042]},"properties":{"id":108574,"nom":"EPP AGHIEN 1_PRIMAIRE","type":"ecole primaire","district_region":null,"departement_commune":null,"verifie":true,"name":"EPP AGHIEN 1_PRIMAIRE","source":"Géoportail ANSTAT"}},{"type":"Feature","geometry":{"type":"Point","coordinates":[-3.478892999999971,5.348867000000041]},"properties":{"id":108575,"nom":"EPP AGRICULTURE_PRIMAIRE","type":"ecole primaire","district_region":null,"departement_commune":null,"verifie":true,"name":"EPP AGRICULTURE_PRIMAIRE","source":"Géoportail ANSTAT"}},{"type":"Feature","geometry":{"type":"Point","coordinates":[-3.896679999999947,5.41528100000005]},"properties":{"id":108576,"nom":"EPP AKANDJE_PRIMAIRE","type":"ecole primaire","district_region":null,"departement_commune":null,"verifie":true,"name":"EPP AKANDJE_PRIMAIRE","source":"Géoportail ANSTAT"}},{"type":"Feature","geometry":{"type":"Point","coordinates":[-3.892313999999942,5.367768000000069]},"properties":{"id":108577,"nom":"EPP AKOUAI SANTE1_PRIMAIRE","type":"ecole primaire","district_region":null,"departement_commune":null,"verifie":true,"name":"EPP AKOUAI SANTE1_PRIMAIRE","source":"Géoportail ANSTAT"}},{"type":"Feature","geometry":{"type":"Point","coordinates":[-3.940259999999967,5.354070000000036]},"properties":{"id":108578,"nom":"EPP AKOUDO VILLAGE 2_PRIMAIRE","type":"ecole primaire","district_region":null,"departement_commune":null,"verifie":true,"name":"EPP AKOUDO VILLAGE 2_PRIMAIRE","source":"Géoportail ANSTAT"}},{"type":"Feature","geometry":{"type":"Point","coordinates":[-3.553435999999977,5.774463000000026]},"properties":{"id":108579,"nom":"EPP AKOUEDO ATTIE_PRIMAIRE","type":"ecole primaire","district_region":null,"departement_commune":null,"verifie":true,"name":"EPP AKOUEDO ATTIE_PRIMAIRE","source":"Géoportail ANSTAT"}},{"type":"Feature","geometry":{"type":"Point","coordinates":[-3.94488199999995,5.353918000000021]},"properties":{"id":108580,"nom":"EPP AKOUEDO CAMP 1_PRIMAIRE","type":"ecole primaire","district_region":null,"departement_commune":null,"verifie":true,"name":"EPP AKOUEDO CAMP 1_PRIMAIRE","source":"Géoportail ANSTAT"}},{"type":"Feature","geometry":{"type":"Point","coordinates":[-3.94488199999995,5.353918000000021]},"properties":{"id":108581,"nom":"EPP AKOUEDO CAMP 2_PRIMAIRE","type":"ecole primaire","district_region":null,"departement_commune":null,"verifie":true,"name":"EPP AKOUEDO CAMP 2_PRIMAIRE","source":"Géoportail ANSTAT"}},{"type":"Feature","geometry":{"type":"Point","coordinates":[-3.94488199999995,5.353918000000021]},"properties":{"id":108582,"nom":"EPP AKOUEDO CAMP 3_PRIMAIRE","type":"ecole primaire","district_region":null,"departement_commune":null,"verifie":true,"name":"EPP AKOUEDO CAMP 3_PRIMAIRE","source":"Géoportail ANSTAT"}},{"type":"Feature","geometry":{"type":"Point","coordinates":[-3.940259999999967,5.354070000000036]},"properties":{"id":108583,"nom":"EPP AKOUEDO VILLAGE 1_PRIMAIRE","type":"ecole primaire","district_region":null,"departement_commune":null,"verifie":true,"name":"EPP AKOUEDO VILLAGE 1_PRIMAIRE","source":"Géoportail ANSTAT"}},{"type":"Feature","geometry":{"type":"Point","coordinates":[-3.940259999999967,5.354070000000036]},"properties":{"id":108584,"nom":"EPP AKOUEDO VILLAGE 3_PRIMAIRE","type":"ecole primaire","district_region":null,"departement_commune":null,"verifie":true,"name":"EPP AKOUEDO VILLAGE 3_PRIMAIRE","source":"Géoportail ANSTAT"}},{"type":"Feature","geometry":{"type":"Point","coordinates":[-3.940259999999967,5.354070000000036]},"properties":{"id":108585,"nom":"EPP AKOUEDO VILLAGE 4_PRIMAIRE","type":"ecole primaire","district_region":null,"departement_commune":null,"verifie":true,"name":"EPP AKOUEDO VILLAGE 4_PRIMAIRE","source":"Géoportail ANSTAT"}},{"type":"Feature","geometry":{"type":"Point","coordinates":[-3.846964999999955,5.385892000000069]},"properties":{"id":108586,"nom":"EPP AKOUYATE_PRIMAIRE","type":"ecole primaire","district_region":null,"departement_commune":null,"verifie":true,"name":"EPP AKOUYATE_PRIMAIRE","source":"Géoportail ANSTAT"}},{"type":"Feature","geometry":{"type":"Point","coordinates":[-3.872299999999939,5.321931000000063]},"properties":{"id":108587,"nom":"EPP ANAN_PRIMAIRE","type":"ecole primaire","district_region":null,"departement_commune":null,"verifie":true,"name":"EPP ANAN_PRIMAIRE","source":"Géoportail ANSTAT"}},{"type":"Feature","geometry":{"type":"Point","coordinates":[-3.989721999999972,5.400412000000074]},"properties":{"id":108588,"nom":"EPP ANGRE 1_PRIMAIRE","type":"ecole primaire","district_region":null,"departement_commune":null,"verifie":true,"name":"EPP ANGRE 1_PRIMAIRE","source":"Géoportail ANSTAT"}},{"type":"Feature","geometry":{"type":"Point","coordinates":[-3.564199999999971,5.986700000000042]},"properties":{"id":108589,"nom":"EPP ANGRE 2_PRIMAIRE","type":"ecole primaire","district_region":null,"departement_commune":null,"verifie":true,"name":"EPP ANGRE 2_PRIMAIRE","source":"Géoportail ANSTAT"}},{"type":"Feature","geometry":{"type":"Point","coordinates":[-3.686339999999973,5.986600000000067]},"properties":{"id":108590,"nom":"EPP ANGRE 3_PRIMAIRE","type":"ecole primaire","district_region":null,"departement_commune":null,"verifie":true,"name":"EPP ANGRE 3_PRIMAIRE","source":"Géoportail ANSTAT"}},{"type":"Feature","geometry":{"type":"Point","coordinates":[-3.992090999999959,5.413519000000065]},"properties":{"id":108591,"nom":"EPP ANGRE STAR 9A_PRIMAIRE","type":"ecole primaire","district_region":null,"departement_commune":null,"verifie":true,"name":"EPP ANGRE STAR 9A_PRIMAIRE","source":"Géoportail ANSTAT"}},{"type":"Feature","geometry":{"type":"Point","coordinates":[-3.992052999999942,5.413736000000029]},"properties":{"id":108592,"nom":"EPP ANGRE STAR 9B_PRIMAIRE","type":"ecole primaire","district_region":null,"departement_commune":null,"verifie":true,"name":"EPP ANGRE STAR 9B_PRIMAIRE","source":"Géoportail ANSTAT"}},{"type":"Feature","geometry":{"type":"Point","coordinates":[-3.972650999999928,5.343308000000036]},"properties":{"id":108593,"nom":"EPP ANON0 3_PRIMAIRE","type":"ecole primaire","district_region":null,"departement_commune":null,"verifie":true,"name":"EPP ANON0 3_PRIMAIRE","source":"Géoportail ANSTAT"}},{"type":"Feature","geometry":{"type":"Point","coordinates":[-3.972650999999928,5.343308000000036]},"properties":{"id":108594,"nom":"EPP ANONO 1_PRIMAIRE","type":"ecole primaire","district_region":null,"departement_commune":null,"verifie":true,"name":"EPP ANONO 1_PRIMAIRE","source":"Géoportail ANSTAT"}},{"type":"Feature","geometry":{"type":"Point","coordinates":[-3.972650999999928,5.343308000000036]},"properties":{"id":108595,"nom":"EPP ANONO 2_PRIMAIRE","type":"ecole primaire","district_region":null,"departement_commune":null,"verifie":true,"name":"EPP ANONO 2_PRIMAIRE","source":"Géoportail ANSTAT"}},{"type":"Feature","geometry":{"type":"Point","coordinates":[-3.972650999999928,5.343308000000036]},"properties":{"id":108596,"nom":"EPP ANONO 4_PRIMAIRE","type":"ecole primaire","district_region":null,"departement_commune":null,"verifie":true,"name":"EPP ANONO 4_PRIMAIRE","source":"Géoportail ANSTAT"}},{"type":"Feature","geometry":{"type":"Point","coordinates":[-3.972650999999928,5.343308000000036]},"properties":{"id":108597,"nom":"EPP ANONO 5_PRIMAIRE","type":"ecole primaire","district_region":null,"departement_commune":null,"verifie":true,"name":"EPP ANONO 5_PRIMAIRE","source":"Géoportail ANSTAT"}},{"type":"Feature","geometry":{"type":"Point","coordinates":[-3.972650999999928,5.343308000000036]},"properties":{"id":108598,"nom":"EPP ANONO 6_PRIMAIRE","type":"ecole primaire","district_region":null,"departement_commune":null,"verifie":true,"name":"EPP ANONO 6_PRIMAIRE","source":"Géoportail ANSTAT"}},{"type":"Feature","geometry":{"type":"Point","coordinates":[-3.88934699999993,5.35773000000006]},"properties":{"id":108599,"nom":"EPP APPLICATION_PRIMAIRE","type":"ecole primaire","district_region":null,"departement_commune":null,"verifie":true,"name":"EPP APPLICATION_PRIMAIRE","source":"Géoportail ANSTAT"}},{"type":"Feature","geometry":{"type":"Point","coordinates":[-3.982039999999927,5.370062000000075]},"properties":{"id":108600,"nom":"EPP ATTOBAN A_PRIMAIRE","type":"ecole primaire","district_region":null,"departement_commune":null,"verifie":true,"name":"EPP ATTOBAN A_PRIMAIRE","source":"Géoportail ANSTAT"}},{"type":"Feature","geometry":{"type":"Point","coordinates":[-3.982138999999961,5.370342000000051]},"properties":{"id":108601,"nom":"EPP ATTOBAN B_PRIMAIRE","type":"ecole primaire","district_region":null,"departement_commune":null,"verifie":true,"name":"EPP ATTOBAN B_PRIMAIRE","source":"Géoportail ANSTAT"}},{"type":"Feature","geometry":{"type":"Point","coordinates":[-4.027391999999963,5.343531000000041]},"properties":{"id":108602,"nom":"EPP AVENUE DE LA BIA 1_PRIMAIRE","type":"ecole primaire","district_region":null,"departement_commune":null,"verifie":true,"name":"EPP AVENUE DE LA BIA 1_PRIMAIRE","source":"Géoportail ANSTAT"}},{"type":"Feature","geometry":{"type":"Point","coordinates":[-4.027391999999963,5.343531000000041]},"properties":{"id":108603,"nom":"EPP AVENUE DE LA BIA 2_PRIMAIRE","type":"ecole primaire","district_region":null,"departement_commune":null,"verifie":true,"name":"EPP AVENUE DE LA BIA 2_PRIMAIRE","source":"Géoportail ANSTAT"}},{"type":"Feature","geometry":{"type":"Point","coordinates":[-4.027391999999963,5.343531000000041]},"properties":{"id":108604,"nom":"EPP AVENUE DE LA BIA 3_PRIMAIRE","type":"ecole primaire","district_region":null,"departement_commune":null,"verifie":true,"name":"EPP AVENUE DE LA BIA 3_PRIMAIRE","source":"Géoportail ANSTAT"}},{"type":"Feature","geometry":{"type":"Point","coordinates":[-3.254999999999939,5.698980000000063]},"properties":{"id":108605,"nom":"EPP AZUR 2000_PRIMAIRE","type":"ecole primaire","district_region":null,"departement_commune":null,"verifie":true,"name":"EPP AZUR 2000_PRIMAIRE","source":"Géoportail ANSTAT"}},{"type":"Feature","geometry":{"type":"Point","coordinates":[-3.883581999999933,5.341065000000071]},"properties":{"id":108606,"nom":"EPP BAGBA EXTENSION 1_PRIMAIRE","type":"ecole primaire","district_region":null,"departement_commune":null,"verifie":true,"name":"EPP BAGBA EXTENSION 1_PRIMAIRE","source":"Géoportail ANSTAT"}},{"type":"Feature","geometry":{"type":"Point","coordinates":[-3.88404399999996,5.340844000000061]},"properties":{"id":108607,"nom":"EPP BAGBA EXTENSION 2_PRIMAIRE","type":"ecole primaire","district_region":null,"departement_commune":null,"verifie":true,"name":"EPP BAGBA EXTENSION 2_PRIMAIRE","source":"Géoportail ANSTAT"}},{"type":"Feature","geometry":{"type":"Point","coordinates":[-3.883951999999965,5.350529000000051]},"properties":{"id":108608,"nom":"EPP BAGBA NORD 1_PRIMAIRE","type":"ecole primaire","district_region":null,"departement_commune":null,"verifie":true,"name":"EPP BAGBA NORD 1_PRIMAIRE","source":"Géoportail ANSTAT"}},{"type":"Feature","geometry":{"type":"Point","coordinates":[-3.883951999999965,5.350529000000051]},"properties":{"id":108609,"nom":"EPP BAGBA NORD 2_PRIMAIRE","type":"ecole primaire","district_region":null,"departement_commune":null,"verifie":true,"name":"EPP BAGBA NORD 2_PRIMAIRE","source":"Géoportail ANSTAT"}},{"type":"Feature","geometry":{"type":"Point","coordinates":[-3.894837999999936,5.352761000000044]},"properties":{"id":108610,"nom":"EPP BAGBA SUD 1_PRIMAIRE","type":"ecole primaire","district_region":null,"departement_commune":null,"verifie":true,"name":"EPP BAGBA SUD 1_PRIMAIRE","source":"Géoportail ANSTAT"}},{"type":"Feature","geometry":{"type":"Point","coordinates":[-3.894837999999936,5.352761000000044]},"properties":{"id":108611,"nom":"EPP BAGBA SUD 2_PRIMAIRE","type":"ecole primaire","district_region":null,"departement_commune":null,"verifie":true,"name":"EPP BAGBA SUD 2_PRIMAIRE","source":"Géoportail ANSTAT"}},{"type":"Feature","geometry":{"type":"Point","coordinates":[-3.894837999999936,5.352761000000044]},"properties":{"id":108612,"nom":"EPP BAGBA SUD 3_PRIMAIRE","type":"ecole primaire","district_region":null,"departement_commune":null,"verifie":true,"name":"EPP BAGBA SUD 3_PRIMAIRE","source":"Géoportail ANSTAT"}},{"type":"Feature","geometry":{"type":"Point","coordinates":[-3.98322799999994,5.402833000000044]},"properties":{"id":108613,"nom":"EPP BENIE EMMANUEL_PRIMAIRE","type":"ecole primaire","district_region":null,"departement_commune":null,"verifie":true,"name":"EPP BENIE EMMANUEL_PRIMAIRE","source":"Géoportail ANSTAT"}},{"type":"Feature","geometry":{"type":"Point","coordinates":[-3.877089999999953,5.354387000000031]},"properties":{"id":108614,"nom":"EPP BLACHON 1_PRIMAIRE","type":"ecole primaire","district_region":null,"departement_commune":null,"verifie":true,"name":"EPP BLACHON 1_PRIMAIRE","source":"Géoportail ANSTAT"}},{"type":"Feature","geometry":{"type":"Point","coordinates":[-3.875829999999951,5.356240000000071]},"properties":{"id":108615,"nom":"EPP BLACHON 2_PRIMAIRE","type":"ecole primaire","district_region":null,"departement_commune":null,"verifie":true,"name":"EPP BLACHON 2_PRIMAIRE","source":"Géoportail ANSTAT"}},{"type":"Feature","geometry":{"type":"Point","coordinates":[-3.877238999999975,5.358066000000065]},"properties":{"id":108616,"nom":"EPP BLACHON 3_PRIMAIRE","type":"ecole primaire","district_region":null,"departement_commune":null,"verifie":true,"name":"EPP BLACHON 3_PRIMAIRE","source":"Géoportail ANSTAT"}},{"type":"Feature","geometry":{"type":"Point","coordinates":[-4.003640999999959,5.322551000000033]},"properties":{"id":108617,"nom":"EPP BLOCKHAUSS 1_PRIMAIRE","type":"ecole primaire","district_region":null,"departement_commune":null,"verifie":true,"name":"EPP BLOCKHAUSS 1_PRIMAIRE","source":"Géoportail ANSTAT"}},{"type":"Feature","geometry":{"type":"Point","coordinates":[-4.003640999999959,5.322551000000033]},"properties":{"id":108618,"nom":"EPP BLOCKHAUSS 2_PRIMAIRE","type":"ecole primaire","district_region":null,"departement_commune":null,"verifie":true,"name":"EPP BLOCKHAUSS 2_PRIMAIRE","source":"Géoportail ANSTAT"}},{"type":"Feature","geometry":{"type":"Point","coordinates":[-3.825924999999927,5.307057000000043]},"properties":{"id":108619,"nom":"EPP AHMED BAKAYOKO 1 DE BREGBO_PRIMAIRE","type":"ecole primaire","district_region":null,"departement_commune":null,"verifie":true,"name":"EPP AHMED BAKAYOKO 1 DE BREGBO_PRIMAIRE","source":"Géoportail ANSTAT"}},{"type":"Feature","geometry":{"type":"Point","coordinates":[-3.825924999999927,5.307057000000043]},"properties":{"id":108620,"nom":"EPP HAMED BAKAYOKO 2 DE BREGBO_PRIMAIRE","type":"ecole primaire","district_region":null,"departement_commune":null,"verifie":true,"name":"EPP HAMED BAKAYOKO 2 DE BREGBO_PRIMAIRE","source":"Géoportail ANSTAT"}},{"type":"Feature","geometry":{"type":"Point","coordinates":[-3.647899999999936,5.998600000000067]},"properties":{"id":108621,"nom":"EPP CAFEIERS B_PRIMAIRE","type":"ecole primaire","district_region":null,"departement_commune":null,"verifie":true,"name":"EPP CAFEIERS B_PRIMAIRE","source":"Géoportail ANSTAT"}},{"type":"Feature","geometry":{"type":"Point","coordinates":[-3.646799999999928,5.968000000000075]},"properties":{"id":108622,"nom":"EPP CAMP AGBAN B_PRIMAIRE","type":"ecole primaire","district_region":null,"departement_commune":null,"verifie":true,"name":"EPP CAMP AGBAN B_PRIMAIRE","source":"Géoportail ANSTAT"}},{"type":"Feature","geometry":{"type":"Point","coordinates":[-3.465499999999963,5.968300000000056]},"properties":{"id":108623,"nom":"EPP CAMP AGBAN C_PRIMAIRE","type":"ecole primaire","district_region":null,"departement_commune":null,"verifie":true,"name":"EPP CAMP AGBAN C_PRIMAIRE","source":"Géoportail ANSTAT"}},{"type":"Feature","geometry":{"type":"Point","coordinates":[-3.914853999999934,5.362144000000058]},"properties":{"id":108624,"nom":"EPP CARRIERE_PRIMAIRE","type":"ecole primaire","district_region":null,"departement_commune":null,"verifie":true,"name":"EPP CARRIERE_PRIMAIRE","source":"Géoportail ANSTAT"}},{"type":"Feature","geometry":{"type":"Point","coordinates":[-4.025162999999964,5.347110000000043]},"properties":{"id":108625,"nom":"EPP CECILE PANGO_PRIMAIRE","type":"ecole primaire","district_region":null,"departement_commune":null,"verifie":true,"name":"EPP CECILE PANGO_PRIMAIRE","source":"Géoportail ANSTAT"}},{"type":"Feature","geometry":{"type":"Point","coordinates":[-4.030119999999954,5.354463000000067]},"properties":{"id":108626,"nom":"EPP CHATEAU D EAU_PRIMAIRE","type":"ecole primaire","district_region":null,"departement_commune":null,"verifie":true,"name":"EPP CHATEAU D EAU_PRIMAIRE","source":"Géoportail ANSTAT"}},{"type":"Feature","geometry":{"type":"Point","coordinates":[-4.002419999999972,5.336640000000045]},"properties":{"id":108627,"nom":"EPP CHATEAU D EAU 1_PRIMAIRE","type":"ecole primaire","district_region":null,"departement_commune":null,"verifie":true,"name":"EPP CHATEAU D EAU 1_PRIMAIRE","source":"Géoportail ANSTAT"}},{"type":"Feature","geometry":{"type":"Point","coordinates":[-4.002419999999972,5.336640000000045]},"properties":{"id":108628,"nom":"EPP CHATEAU D EAU 2_PRIMAIRE","type":"ecole primaire","district_region":null,"departement_commune":null,"verifie":true,"name":"EPP CHATEAU D EAU 2_PRIMAIRE","source":"Géoportail ANSTAT"}},{"type":"Feature","geometry":{"type":"Point","coordinates":[-4.009099999999933,5.362320000000068]},"properties":{"id":108629,"nom":"EPP CHRISTOPHE ASSAMOI 1_PRIMAIRE","type":"ecole primaire","district_region":null,"departement_commune":null,"verifie":true,"name":"EPP CHRISTOPHE ASSAMOI 1_PRIMAIRE","source":"Géoportail ANSTAT"}},{"type":"Feature","geometry":{"type":"Point","coordinates":[-3.545199999999966,5.986500000000035]},"properties":{"id":108630,"nom":"EPP CHRISTOPHE ASSAMOI 2_PRIMAIRE","type":"ecole primaire","district_region":null,"departement_commune":null,"verifie":true,"name":"EPP CHRISTOPHE ASSAMOI 2_PRIMAIRE","source":"Géoportail ANSTAT"}},{"type":"Feature","geometry":{"type":"Point","coordinates":[-3.945427999999936,5.327898000000062]},"properties":{"id":108631,"nom":"EPP CIAD PRIMO 1_PRIMAIRE","type":"ecole primaire","district_region":null,"departement_commune":null,"verifie":true,"name":"EPP CIAD PRIMO 1_PRIMAIRE","source":"Géoportail ANSTAT"}},{"type":"Feature","geometry":{"type":"Point","coordinates":[-3.945427999999936,5.327898000000062]},"properties":{"id":108632,"nom":"EPP CIAD PRIMO 2_PRIMAIRE","type":"ecole primaire","district_region":null,"departement_commune":null,"verifie":true,"name":"EPP CIAD PRIMO 2_PRIMAIRE","source":"Géoportail ANSTAT"}},{"type":"Feature","geometry":{"type":"Point","coordinates":[-3.999409999999955,5.346703000000048]},"properties":{"id":108633,"nom":"EPP CITE DES ARTS 2A_PRIMAIRE","type":"ecole primaire","district_region":null,"departement_commune":null,"verifie":true,"name":"EPP CITE DES ARTS 2A_PRIMAIRE","source":"Géoportail ANSTAT"}},{"type":"Feature","geometry":{"type":"Point","coordinates":[-3.999409999999955,5.346703000000048]},"properties":{"id":108634,"nom":"EPP CITE DES ARTS 2B_PRIMAIRE","type":"ecole primaire","district_region":null,"departement_commune":null,"verifie":true,"name":"EPP CITE DES ARTS 2B_PRIMAIRE","source":"Géoportail ANSTAT"}},{"type":"Feature","geometry":{"type":"Point","coordinates":[-4.012599999999964,5.373600000000067]},"properties":{"id":108635,"nom":"EPP CITE PAILLER 1_PRIMAIRE","type":"ecole primaire","district_region":null,"departement_commune":null,"verifie":true,"name":"EPP CITE PAILLER 1_PRIMAIRE","source":"Géoportail ANSTAT"}},{"type":"Feature","geometry":{"type":"Point","coordinates":[-4.01313099999993,5.373681000000033]},"properties":{"id":108636,"nom":"EPP CITE PAILLER 2_PRIMAIRE","type":"ecole primaire","district_region":null,"departement_commune":null,"verifie":true,"name":"EPP CITE PAILLER 2_PRIMAIRE","source":"Géoportail ANSTAT"}},{"type":"Feature","geometry":{"type":"Point","coordinates":[-3.967714999999941,5.372916000000032]},"properties":{"id":108637,"nom":"EPP CITE SYNINFO_PRIMAIRE","type":"ecole primaire","district_region":null,"departement_commune":null,"verifie":true,"name":"EPP CITE SYNINFO_PRIMAIRE","source":"Géoportail ANSTAT"}},{"type":"Feature","geometry":{"type":"Point","coordinates":[-4.006929999999954,5.338820000000055]},"properties":{"id":108638,"nom":"EPP COCODY DANGA_PRIMAIRE","type":"ecole primaire","district_region":null,"departement_commune":null,"verifie":true,"name":"EPP COCODY DANGA_PRIMAIRE","source":"Géoportail ANSTAT"}},{"type":"Feature","geometry":{"type":"Point","coordinates":[-3.999062999999978,5.337493000000052]},"properties":{"id":108639,"nom":"EPP COCODY EST 1_PRIMAIRE","type":"ecole primaire","district_region":null,"departement_commune":null,"verifie":true,"name":"EPP COCODY EST 1_PRIMAIRE","source":"Géoportail ANSTAT"}},{"type":"Feature","geometry":{"type":"Point","coordinates":[-3.999217999999928,5.337490000000059]},"properties":{"id":108640,"nom":"EPP COCODY EST 2_PRIMAIRE","type":"ecole primaire","district_region":null,"departement_commune":null,"verifie":true,"name":"EPP COCODY EST 2_PRIMAIRE","source":"Géoportail ANSTAT"}},{"type":"Feature","geometry":{"type":"Point","coordinates":[-3.999113999999963,5.337698000000046]},"properties":{"id":108641,"nom":"EPP COCODY EST 3_PRIMAIRE","type":"ecole primaire","district_region":null,"departement_commune":null,"verifie":true,"name":"EPP COCODY EST 3_PRIMAIRE","source":"Géoportail ANSTAT"}},{"type":"Feature","geometry":{"type":"Point","coordinates":[-4.002515999999957,5.332341000000042]},"properties":{"id":108642,"nom":"EPP COCODY SUD 1_PRIMAIRE","type":"ecole primaire","district_region":null,"departement_commune":null,"verifie":true,"name":"EPP COCODY SUD 1_PRIMAIRE","source":"Géoportail ANSTAT"}},{"type":"Feature","geometry":{"type":"Point","coordinates":[-4.002515999999957,5.332341000000042]},"properties":{"id":108643,"nom":"EPP COCODY SUD 2_PRIMAIRE","type":"ecole primaire","district_region":null,"departement_commune":null,"verifie":true,"name":"EPP COCODY SUD 2_PRIMAIRE","source":"Géoportail ANSTAT"}},{"type":"Feature","geometry":{"type":"Point","coordinates":[-3.678866999999968,5.383963000000051]},"properties":{"id":108644,"nom":"EPP COMMANDANT SANON_PRIMAIRE","type":"ecole primaire","district_region":null,"departement_commune":null,"verifie":true,"name":"EPP COMMANDANT SANON_PRIMAIRE","source":"Géoportail ANSTAT"}},{"type":"Feature","geometry":{"type":"Point","coordinates":[-3.959619999999973,5.383867000000066]},"properties":{"id":108645,"nom":"EPP COULIBALY KARIMOU_PRIMAIRE","type":"ecole primaire","district_region":null,"departement_commune":null,"verifie":true,"name":"EPP COULIBALY KARIMOU_PRIMAIRE","source":"Géoportail ANSTAT"}},{"type":"Feature","geometry":{"type":"Point","coordinates":[-4.019055999999978,5.349051000000031]},"properties":{"id":108646,"nom":"EPV CROIX ROUGE_PRIMAIRE","type":"ecole primaire","district_region":null,"departement_commune":null,"verifie":true,"name":"EPV CROIX ROUGE_PRIMAIRE","source":"Géoportail ANSTAT"}},{"type":"Feature","geometry":{"type":"Point","coordinates":[-3.887020999999947,5.371351000000061]},"properties":{"id":108647,"nom":"EPP DE LA CELLE_PRIMAIRE","type":"ecole primaire","district_region":null,"departement_commune":null,"verifie":true,"name":"EPP DE LA CELLE_PRIMAIRE","source":"Géoportail ANSTAT"}},{"type":"Feature","geometry":{"type":"Point","coordinates":[-3.998952999999972,5.36701400000004]},"properties":{"id":108648,"nom":"EPP DEUX PLATEAUX NORD 1_PRIMAIRE","type":"ecole primaire","district_region":null,"departement_commune":null,"verifie":true,"name":"EPP DEUX PLATEAUX NORD 1_PRIMAIRE","source":"Géoportail ANSTAT"}},{"type":"Feature","geometry":{"type":"Point","coordinates":[-3.999293999999963,5.366888000000074]},"properties":{"id":108649,"nom":"EPP DEUX PLATEAUX NORD 2_PRIMAIRE","type":"ecole primaire","district_region":null,"departement_commune":null,"verifie":true,"name":"EPP DEUX PLATEAUX NORD 2_PRIMAIRE","source":"Géoportail ANSTAT"}},{"type":"Feature","geometry":{"type":"Point","coordinates":[-3.999435999999946,5.367260000000044]},"properties":{"id":108650,"nom":"EPP DEUX PLATEAUX NORD 3_PRIMAIRE","type":"ecole primaire","district_region":null,"departement_commune":null,"verifie":true,"name":"EPP DEUX PLATEAUX NORD 3_PRIMAIRE","source":"Géoportail ANSTAT"}},{"type":"Feature","geometry":{"type":"Point","coordinates":[-3.99959999999993,5.367025000000069]},"properties":{"id":108651,"nom":"EPP DEUX PLATEAUX NORD 4_PRIMAIRE","type":"ecole primaire","district_region":null,"departement_commune":null,"verifie":true,"name":"EPP DEUX PLATEAUX NORD 4_PRIMAIRE","source":"Géoportail ANSTAT"}},{"type":"Feature","geometry":{"type":"Point","coordinates":[-3.99332499999997,5.393269000000032]},"properties":{"id":108652,"nom":"EPP STARS_PRIMAIRE","type":"ecole primaire","district_region":null,"departement_commune":null,"verifie":true,"name":"EPP STARS_PRIMAIRE","source":"Géoportail ANSTAT"}},{"type":"Feature","geometry":{"type":"Point","coordinates":[-4.006498999999963,5.349388000000033]},"properties":{"id":108653,"nom":"EPP DEUX PLATEAUX SUD-_PRIMAIRE","type":"ecole primaire","district_region":null,"departement_commune":null,"verifie":true,"name":"EPP DEUX PLATEAUX SUD-_PRIMAIRE","source":"Géoportail ANSTAT"}},{"type":"Feature","geometry":{"type":"Point","coordinates":[-4.020018999999934,5.384133000000077]},"properties":{"id":108654,"nom":"EPP DIA KOUAKOU 1_PRIMAIRE","type":"ecole primaire","district_region":null,"departement_commune":null,"verifie":true,"name":"EPP DIA KOUAKOU 1_PRIMAIRE","source":"Géoportail ANSTAT"}},{"type":"Feature","geometry":{"type":"Point","coordinates":[-4.020018999999934,5.387338000000057]},"properties":{"id":108655,"nom":"EPP DIA KOUAKOU 2_PRIMAIRE","type":"ecole primaire","district_region":null,"departement_commune":null,"verifie":true,"name":"EPP DIA KOUAKOU 2_PRIMAIRE","source":"Géoportail ANSTAT"}},{"type":"Feature","geometry":{"type":"Point","coordinates":[-3.54882299999997,5.242102000000045]},"properties":{"id":108656,"nom":"EPP DJIBI 3_PRIMAIRE","type":"ecole primaire","district_region":null,"departement_commune":null,"verifie":true,"name":"EPP DJIBI 3_PRIMAIRE","source":"Géoportail ANSTAT"}},{"type":"Feature","geometry":{"type":"Point","coordinates":[-3.941153999999926,5.40360000000004]},"properties":{"id":108657,"nom":"EPP DJOROGOBITE 1_PRIMAIRE","type":"ecole primaire","district_region":null,"departement_commune":null,"verifie":true,"name":"EPP DJOROGOBITE 1_PRIMAIRE","source":"Géoportail ANSTAT"}},{"type":"Feature","geometry":{"type":"Point","coordinates":[-3.93732799999998,5.398888000000056]},"properties":{"id":108658,"nom":"EPP VICTOR EKRA_PRIMAIRE","type":"ecole primaire","district_region":null,"departement_commune":null,"verifie":true,"name":"EPP VICTOR EKRA_PRIMAIRE","source":"Géoportail ANSTAT"}},{"type":"Feature","geometry":{"type":"Point","coordinates":[-4.018675999999971,5.356006000000036]},"properties":{"id":108659,"nom":"EPP EBRIE_PRIMAIRE","type":"ecole primaire","district_region":null,"departement_commune":null,"verifie":true,"name":"EPP EBRIE_PRIMAIRE","source":"Géoportail ANSTAT"}},{"type":"Feature","geometry":{"type":"Point","coordinates":[-3.748216999999954,5.300124000000039]},"properties":{"id":108660,"nom":"EPP ELOKA 1_PRIMAIRE","type":"ecole primaire","district_region":null,"departement_commune":null,"verifie":true,"name":"EPP ELOKA 1_PRIMAIRE","source":"Géoportail ANSTAT"}},{"type":"Feature","geometry":{"type":"Point","coordinates":[-3.748216999999954,5.300124000000039]},"properties":{"id":108661,"nom":"EPP ELOKA 2_PRIMAIRE","type":"ecole primaire","district_region":null,"departement_commune":null,"verifie":true,"name":"EPP ELOKA 2_PRIMAIRE","source":"Géoportail ANSTAT"}},{"type":"Feature","geometry":{"type":"Point","coordinates":[-3.799349999999947,5.315750000000037]},"properties":{"id":108662,"nom":"EPP ELOKA PALM 1_PRIMAIRE","type":"ecole primaire","district_region":null,"departement_commune":null,"verifie":true,"name":"EPP ELOKA PALM 1_PRIMAIRE","source":"Géoportail ANSTAT"}},{"type":"Feature","geometry":{"type":"Point","coordinates":[-3.799784999999929,5.315944000000059]},"properties":{"id":108663,"nom":"EPP ELOKA PALM 2_PRIMAIRE","type":"ecole primaire","district_region":null,"departement_commune":null,"verifie":true,"name":"EPP ELOKA PALM 2_PRIMAIRE","source":"Géoportail ANSTAT"}},{"type":"Feature","geometry":{"type":"Point","coordinates":[-3.743666999999959,5.283488000000034]},"properties":{"id":108664,"nom":"EPP ELOKATE 1_PRIMAIRE","type":"ecole primaire","district_region":null,"departement_commune":null,"verifie":true,"name":"EPP ELOKATE 1_PRIMAIRE","source":"Géoportail ANSTAT"}},{"type":"Feature","geometry":{"type":"Point","coordinates":[-3.743666999999959,5.283498000000066]},"properties":{"id":108665,"nom":"EPP ELOKATE 2_PRIMAIRE","type":"ecole primaire","district_region":null,"departement_commune":null,"verifie":true,"name":"EPP ELOKATE 2_PRIMAIRE","source":"Géoportail ANSTAT"}},{"type":"Feature","geometry":{"type":"Point","coordinates":[-3.961329999999975,5.365420000000029]},"properties":{"id":108666,"nom":"EPP EMINENCE_PRIMAIRE","type":"ecole primaire","district_region":null,"departement_commune":null,"verifie":true,"name":"EPP EMINENCE_PRIMAIRE","source":"Géoportail ANSTAT"}},{"type":"Feature","geometry":{"type":"Point","coordinates":[-4.024980999999968,5.362408000000073]},"properties":{"id":108667,"nom":"EPP EVEIL_PRIMAIRE","type":"ecole primaire","district_region":null,"departement_commune":null,"verifie":true,"name":"EPP EVEIL_PRIMAIRE","source":"Géoportail ANSTAT"}},{"type":"Feature","geometry":{"type":"Point","coordinates":[-4.020922999999925,5.363784000000066]},"properties":{"id":108668,"nom":"EPP GABRIEL ANOMA DADIE 1_PRIMAIRE","type":"ecole primaire","district_region":null,"departement_commune":null,"verifie":true,"name":"EPP GABRIEL ANOMA DADIE 1_PRIMAIRE","source":"Géoportail ANSTAT"}},{"type":"Feature","geometry":{"type":"Point","coordinates":[-4.020776999999953,5.36627900000002]},"properties":{"id":108669,"nom":"EPP GABRIEL ANOMA DADIE 2_PRIMAIRE","type":"ecole primaire","district_region":null,"departement_commune":null,"verifie":true,"name":"EPP GABRIEL ANOMA DADIE 2_PRIMAIRE","source":"Géoportail ANSTAT"}},{"type":"Feature","geometry":{"type":"Point","coordinates":[-3.93561399999993,5.374345000000062]},"properties":{"id":108670,"nom":"EPP GENIE 2000 A_PRIMAIRE","type":"ecole primaire","district_region":null,"departement_commune":null,"verifie":true,"name":"EPP GENIE 2000 A_PRIMAIRE","source":"Géoportail ANSTAT"}},{"type":"Feature","geometry":{"type":"Point","coordinates":[-3.93561399999993,5.374345000000062]},"properties":{"id":108671,"nom":"EPP GENIE 2000 B_PRIMAIRE","type":"ecole primaire","district_region":null,"departement_commune":null,"verifie":true,"name":"EPP GENIE 2000 B_PRIMAIRE","source":"Géoportail ANSTAT"}},{"type":"Feature","geometry":{"type":"Point","coordinates":[-3.683754999999962,5.968300000000056]},"properties":{"id":108672,"nom":"EPP GROUPEMENT 4000_PRIMAIRE","type":"ecole primaire","district_region":null,"departement_commune":null,"verifie":true,"name":"EPP GROUPEMENT 4000_PRIMAIRE","source":"Géoportail ANSTAT"}},{"type":"Feature","geometry":{"type":"Point","coordinates":[-3.144544999999937,5.956800000000044]},"properties":{"id":108673,"nom":"EPP GROUPEMENT 4000 C1_PRIMAIRE","type":"ecole primaire","district_region":null,"departement_commune":null,"verifie":true,"name":"EPP GROUPEMENT 4000 C1_PRIMAIRE","source":"Géoportail ANSTAT"}},{"type":"Feature","geometry":{"type":"Point","coordinates":[-3.979799999999955,5.410600000000045]},"properties":{"id":108674,"nom":"EPP GROUPEMENT 4000C2_PRIMAIRE","type":"ecole primaire","district_region":null,"departement_commune":null,"verifie":true,"name":"EPP GROUPEMENT 4000C2_PRIMAIRE","source":"Géoportail ANSTAT"}},{"type":"Feature","geometry":{"type":"Point","coordinates":[-4.02402799999993,5.35828900000007]},"properties":{"id":108675,"nom":"EPP HABITAT A_PRIMAIRE","type":"ecole primaire","district_region":null,"departement_commune":null,"verifie":true,"name":"EPP HABITAT A_PRIMAIRE","source":"Géoportail ANSTAT"}},{"type":"Feature","geometry":{"type":"Point","coordinates":[-4.024006999999926,5.357917000000043]},"properties":{"id":108676,"nom":"EPP HABITAT B_PRIMAIRE","type":"ecole primaire","district_region":null,"departement_commune":null,"verifie":true,"name":"EPP HABITAT B_PRIMAIRE","source":"Géoportail ANSTAT"}},{"type":"Feature","geometry":{"type":"Point","coordinates":[-4.023411999999951,5.357782000000043]},"properties":{"id":108677,"nom":"EPP HABITAT C_PRIMAIRE","type":"ecole primaire","district_region":null,"departement_commune":null,"verifie":true,"name":"EPP HABITAT C_PRIMAIRE","source":"Géoportail ANSTAT"}},{"type":"Feature","geometry":{"type":"Point","coordinates":[-4.024009999999976,5.345985000000042]},"properties":{"id":108678,"nom":"EPP HARRIS 1_PRIMAIRE","type":"ecole primaire","district_region":null,"departement_commune":null,"verifie":true,"name":"EPP HARRIS 1_PRIMAIRE","source":"Géoportail ANSTAT"}},{"type":"Feature","geometry":{"type":"Point","coordinates":[-4.024009999999976,5.345985000000042]},"properties":{"id":108679,"nom":"EPP HARRIS 2_PRIMAIRE","type":"ecole primaire","district_region":null,"departement_commune":null,"verifie":true,"name":"EPP HARRIS 2_PRIMAIRE","source":"Géoportail ANSTAT"}},{"type":"Feature","geometry":{"type":"Point","coordinates":[-4.052767999999958,5.353400000000022]},"properties":{"id":108680,"nom":"EPP HELENE HOBA_PRIMAIRE","type":"ecole primaire","district_region":null,"departement_commune":null,"verifie":true,"name":"EPP HELENE HOBA_PRIMAIRE","source":"Géoportail ANSTAT"}},{"type":"Feature","geometry":{"type":"Point","coordinates":[-3.574878999999953,5.222748000000024]},"properties":{"id":108681,"nom":"EPP HIBA MAX_PRIMAIRE","type":"ecole primaire","district_region":null,"departement_commune":null,"verifie":true,"name":"EPP HIBA MAX_PRIMAIRE","source":"Géoportail ANSTAT"}},{"type":"Feature","geometry":{"type":"Point","coordinates":[-3.965964999999926,5.378071000000034]},"properties":{"id":108682,"nom":"EPP HOBA HELENE_PRIMAIRE","type":"ecole primaire","district_region":null,"departement_commune":null,"verifie":true,"name":"EPP HOBA HELENE_PRIMAIRE","source":"Géoportail ANSTAT"}},{"type":"Feature","geometry":{"type":"Point","coordinates":[-3.986961999999949,5.41148000000004]},"properties":{"id":108683,"nom":"EPP HOROKIA KEITA_PRIMAIRE","type":"ecole primaire","district_region":null,"departement_commune":null,"verifie":true,"name":"EPP HOROKIA KEITA_PRIMAIRE","source":"Géoportail ANSTAT"}},{"type":"Feature","geometry":{"type":"Point","coordinates":[-4.030293999999969,5.344858000000045]},"properties":{"id":108684,"nom":"EPP JACOB WILLIAMS 1_PRIMAIRE","type":"ecole primaire","district_region":null,"departement_commune":null,"verifie":true,"name":"EPP JACOB WILLIAMS 1_PRIMAIRE","source":"Géoportail ANSTAT"}},{"type":"Feature","geometry":{"type":"Point","coordinates":[-4.030028999999956,5.344858000000045]},"properties":{"id":108685,"nom":"EPP JACOB WILLIAMS 2_PRIMAIRE","type":"ecole primaire","district_region":null,"departement_commune":null,"verifie":true,"name":"EPP JACOB WILLIAMS 2_PRIMAIRE","source":"Géoportail ANSTAT"}},{"type":"Feature","geometry":{"type":"Point","coordinates":[-4.030293999999969,5.344858000000045]},"properties":{"id":108686,"nom":"EPP JACOB WILLIAMS 3_PRIMAIRE","type":"ecole primaire","district_region":null,"departement_commune":null,"verifie":true,"name":"EPP JACOB WILLIAMS 3_PRIMAIRE","source":"Géoportail ANSTAT"}},{"type":"Feature","geometry":{"type":"Point","coordinates":[-4.028652999999963,5.341125000000034]},"properties":{"id":108687,"nom":"EPP JACOB WILLIAMS 4_PRIMAIRE","type":"ecole primaire","district_region":null,"departement_commune":null,"verifie":true,"name":"EPP JACOB WILLIAMS 4_PRIMAIRE","source":"Géoportail ANSTAT"}},{"type":"Feature","geometry":{"type":"Point","coordinates":[-4.02759999999995,5.331120000000055]},"properties":{"id":108688,"nom":"EPP JACOB WILLIAMS 5_PRIMAIRE","type":"ecole primaire","district_region":null,"departement_commune":null,"verifie":true,"name":"EPP JACOB WILLIAMS 5_PRIMAIRE","source":"Géoportail ANSTAT"}},{"type":"Feature","geometry":{"type":"Point","coordinates":[-4.015521999999976,5.347889000000066]},"properties":{"id":108689,"nom":"EPP JEAN DELAFOSSE 1_PRIMAIRE","type":"ecole primaire","district_region":null,"departement_commune":null,"verifie":true,"name":"EPP JEAN DELAFOSSE 1_PRIMAIRE","source":"Géoportail ANSTAT"}},{"type":"Feature","geometry":{"type":"Point","coordinates":[-4.01563299999998,5.347736000000054]},"properties":{"id":108690,"nom":"EPP JEAN DELAFOSSE 2_PRIMAIRE","type":"ecole primaire","district_region":null,"departement_commune":null,"verifie":true,"name":"EPP JEAN DELAFOSSE 2_PRIMAIRE","source":"Géoportail ANSTAT"}},{"type":"Feature","geometry":{"type":"Point","coordinates":[-4.020776999999953,5.362279000000058]},"properties":{"id":108691,"nom":"EPP JEAN PORQUET 1_PRIMAIRE","type":"ecole primaire","district_region":null,"departement_commune":null,"verifie":true,"name":"EPP JEAN PORQUET 1_PRIMAIRE","source":"Géoportail ANSTAT"}},{"type":"Feature","geometry":{"type":"Point","coordinates":[-4.020776999999953,5.363279000000034]},"properties":{"id":108692,"nom":"EPP JEAN PORQUET 2_PRIMAIRE","type":"ecole primaire","district_region":null,"departement_commune":null,"verifie":true,"name":"EPP JEAN PORQUET 2_PRIMAIRE","source":"Géoportail ANSTAT"}},{"type":"Feature","geometry":{"type":"Point","coordinates":[-3.698699999999974,5.396400000000028]},"properties":{"id":108693,"nom":"EPP JEANNE GERVAIS_PRIMAIRE","type":"ecole primaire","district_region":null,"departement_commune":null,"verifie":true,"name":"EPP JEANNE GERVAIS_PRIMAIRE","source":"Géoportail ANSTAT"}},{"type":"Feature","geometry":{"type":"Point","coordinates":[-3.584822999999972,5.242102000000045]},"properties":{"id":108694,"nom":"EPP JOACHIM BONY A_PRIMAIRE","type":"ecole primaire","district_region":null,"departement_commune":null,"verifie":true,"name":"EPP JOACHIM BONY A_PRIMAIRE","source":"Géoportail ANSTAT"}},{"type":"Feature","geometry":{"type":"Point","coordinates":[-3.584822999999972,5.242102000000045]},"properties":{"id":108695,"nom":"EPP JOACHIM BONY B_PRIMAIRE","type":"ecole primaire","district_region":null,"departement_commune":null,"verifie":true,"name":"EPP JOACHIM BONY B_PRIMAIRE","source":"Géoportail ANSTAT"}},{"type":"Feature","geometry":{"type":"Point","coordinates":[-4.028413999999941,5.340690000000052]},"properties":{"id":108696,"nom":"EPP JOSEPH ATTOUMBRE_PRIMAIRE","type":"ecole primaire","district_region":null,"departement_commune":null,"verifie":true,"name":"EPP JOSEPH ATTOUMBRE_PRIMAIRE","source":"Géoportail ANSTAT"}},{"type":"Feature","geometry":{"type":"Point","coordinates":[-4.025162999999964,5.347110000000043]},"properties":{"id":108697,"nom":"EPP JOSEPH SENAC_PRIMAIRE","type":"ecole primaire","district_region":null,"departement_commune":null,"verifie":true,"name":"EPP JOSEPH SENAC_PRIMAIRE","source":"Géoportail ANSTAT"}},{"type":"Feature","geometry":{"type":"Point","coordinates":[-3.955171999999948,5.34814700000004]},"properties":{"id":108698,"nom":"EPP K. OESTREM_PRIMAIRE","type":"ecole primaire","district_region":null,"departement_commune":null,"verifie":true,"name":"EPP K. OESTREM_PRIMAIRE","source":"Géoportail ANSTAT"}},{"type":"Feature","geometry":{"type":"Point","coordinates":[-3.397784999999942,5.373660000000029]},"properties":{"id":108699,"nom":"EPP KADIO NIANGUE LEON_PRIMAIRE","type":"ecole primaire","district_region":null,"departement_commune":null,"verifie":true,"name":"EPP KADIO NIANGUE LEON_PRIMAIRE","source":"Géoportail ANSTAT"}},{"type":"Feature","geometry":{"type":"Point","coordinates":[-3.825108999999941,5.324678000000063]},"properties":{"id":108700,"nom":"EPP KOFFIKRO_PRIMAIRE","type":"ecole primaire","district_region":null,"departement_commune":null,"verifie":true,"name":"EPP KOFFIKRO_PRIMAIRE","source":"Géoportail ANSTAT"}},{"type":"Feature","geometry":{"type":"Point","coordinates":[-3.964287999999954,5.381070000000022]},"properties":{"id":108701,"nom":"EPP KOUADIO ASSAHORE B_PRIMAIRE","type":"ecole primaire","district_region":null,"departement_commune":null,"verifie":true,"name":"EPP KOUADIO ASSAHORE B_PRIMAIRE","source":"Géoportail ANSTAT"}},{"type":"Feature","geometry":{"type":"Point","coordinates":[-3.64874999999995,5.398660000000064]},"properties":{"id":108702,"nom":"EPP LA COLOMBE_PRIMAIRE","type":"ecole primaire","district_region":null,"departement_commune":null,"verifie":true,"name":"EPP LA COLOMBE_PRIMAIRE","source":"Géoportail ANSTAT"}},{"type":"Feature","geometry":{"type":"Point","coordinates":[-4.024099999999976,5.372000000000071]},"properties":{"id":108703,"nom":"EPP LABAT A_PRIMAIRE","type":"ecole primaire","district_region":null,"departement_commune":null,"verifie":true,"name":"EPP LABAT A_PRIMAIRE","source":"Géoportail ANSTAT"}},{"type":"Feature","geometry":{"type":"Point","coordinates":[-4.024099999999976,5.372000000000071]},"properties":{"id":108704,"nom":"EPP LABAT-B_PRIMAIRE","type":"ecole primaire","district_region":null,"departement_commune":null,"verifie":true,"name":"EPP LABAT-B_PRIMAIRE","source":"Géoportail ANSTAT"}},{"type":"Feature","geometry":{"type":"Point","coordinates":[-3.932262999999978,5.363876000000062]},"properties":{"id":108705,"nom":"EPP LAURIERS 10_PRIMAIRE","type":"ecole primaire","district_region":null,"departement_commune":null,"verifie":true,"name":"EPP LAURIERS 10_PRIMAIRE","source":"Géoportail ANSTAT"}},{"type":"Feature","geometry":{"type":"Point","coordinates":[-3.977836999999965,5.372537000000023]},"properties":{"id":108706,"nom":"EPP LAURIERS 3 ET 4_PRIMAIRE","type":"ecole primaire","district_region":null,"departement_commune":null,"verifie":true,"name":"EPP LAURIERS 3 ET 4_PRIMAIRE","source":"Géoportail ANSTAT"}},{"type":"Feature","geometry":{"type":"Point","coordinates":[-3.213999999999942,5.342000000000041]},"properties":{"id":108707,"nom":"EPP LAURIERS 6_PRIMAIRE","type":"ecole primaire","district_region":null,"departement_commune":null,"verifie":true,"name":"EPP LAURIERS 6_PRIMAIRE","source":"Géoportail ANSTAT"}},{"type":"Feature","geometry":{"type":"Point","coordinates":[-3.974047999999925,5.369257000000061]},"properties":{"id":108708,"nom":"EPP LAURIERS 7_PRIMAIRE","type":"ecole primaire","district_region":null,"departement_commune":null,"verifie":true,"name":"EPP LAURIERS 7_PRIMAIRE","source":"Géoportail ANSTAT"}},{"type":"Feature","geometry":{"type":"Point","coordinates":[-3.932262999999978,5.363876000000062]},"properties":{"id":108709,"nom":"EPP LAURIERS 8_PRIMAIRE","type":"ecole primaire","district_region":null,"departement_commune":null,"verifie":true,"name":"EPP LAURIERS 8_PRIMAIRE","source":"Géoportail ANSTAT"}},{"type":"Feature","geometry":{"type":"Point","coordinates":[-3.932262999999978,5.363876000000062]},"properties":{"id":108710,"nom":"EPP LAURIERS 9_PRIMAIRE","type":"ecole primaire","district_region":null,"departement_commune":null,"verifie":true,"name":"EPP LAURIERS 9_PRIMAIRE","source":"Géoportail ANSTAT"}},{"type":"Feature","geometry":{"type":"Point","coordinates":[-3.956492999999966,5.358380000000068]},"properties":{"id":108711,"nom":"EPP LES COTEAUX_PRIMAIRE","type":"ecole primaire","district_region":null,"departement_commune":null,"verifie":true,"name":"EPP LES COTEAUX_PRIMAIRE","source":"Géoportail ANSTAT"}},{"type":"Feature","geometry":{"type":"Point","coordinates":[-3.973263999999972,5.35412400000007]},"properties":{"id":108712,"nom":"EPP LES JARDINS DE LA RIVIERA_PRIMAIRE","type":"ecole primaire","district_region":null,"departement_commune":null,"verifie":true,"name":"EPP LES JARDINS DE LA RIVIERA_PRIMAIRE","source":"Géoportail ANSTAT"}},{"type":"Feature","geometry":{"type":"Point","coordinates":[-3.567999999999927,5.968000000000075]},"properties":{"id":108713,"nom":"EPP LES PERLES 1_PRIMAIRE","type":"ecole primaire","district_region":null,"departement_commune":null,"verifie":true,"name":"EPP LES PERLES 1_PRIMAIRE","source":"Géoportail ANSTAT"}},{"type":"Feature","geometry":{"type":"Point","coordinates":[-4.018149999999935,5.355830000000026]},"properties":{"id":108714,"nom":"EPP LIBERTE 1_PRIMAIRE","type":"ecole primaire","district_region":null,"departement_commune":null,"verifie":true,"name":"EPP LIBERTE 1_PRIMAIRE","source":"Géoportail ANSTAT"}},{"type":"Feature","geometry":{"type":"Point","coordinates":[-4.018144999999947,5.35588800000005]},"properties":{"id":108715,"nom":"EPP LIBERTE 2_PRIMAIRE","type":"ecole primaire","district_region":null,"departement_commune":null,"verifie":true,"name":"EPP LIBERTE 2_PRIMAIRE","source":"Géoportail ANSTAT"}},{"type":"Feature","geometry":{"type":"Point","coordinates":[-4.018144999999947,5.35588800000005]},"properties":{"id":108716,"nom":"EPP LIBERTE 3_PRIMAIRE","type":"ecole primaire","district_region":null,"departement_commune":null,"verifie":true,"name":"EPP LIBERTE 3_PRIMAIRE","source":"Géoportail ANSTAT"}},{"type":"Feature","geometry":{"type":"Point","coordinates":[-4.052767999999958,5.353450000000066]},"properties":{"id":108717,"nom":"EPP MAMADOU COULIBALY 1_PRIMAIRE","type":"ecole primaire","district_region":null,"departement_commune":null,"verifie":true,"name":"EPP MAMADOU COULIBALY 1_PRIMAIRE","source":"Géoportail ANSTAT"}},{"type":"Feature","geometry":{"type":"Point","coordinates":[-4.030164999999954,5.354109000000051]},"properties":{"id":108718,"nom":"EPP MAMADOU COULIBALY 2_PRIMAIRE","type":"ecole primaire","district_region":null,"departement_commune":null,"verifie":true,"name":"EPP MAMADOU COULIBALY 2_PRIMAIRE","source":"Géoportail ANSTAT"}},{"type":"Feature","geometry":{"type":"Point","coordinates":[-3.886540999999966,5.335275000000024]},"properties":{"id":108719,"nom":"EPP MARCHOUX 1_PRIMAIRE","type":"ecole primaire","district_region":null,"departement_commune":null,"verifie":true,"name":"EPP MARCHOUX 1_PRIMAIRE","source":"Géoportail ANSTAT"}},{"type":"Feature","geometry":{"type":"Point","coordinates":[-3.887258999999972,5.335686000000067]},"properties":{"id":108720,"nom":"EPP MARCHOUX 2_PRIMAIRE","type":"ecole primaire","district_region":null,"departement_commune":null,"verifie":true,"name":"EPP MARCHOUX 2_PRIMAIRE","source":"Géoportail ANSTAT"}},{"type":"Feature","geometry":{"type":"Point","coordinates":[-3.932837999999947,5.329417000000035]},"properties":{"id":108721,"nom":"EPP M BADON 1_PRIMAIRE","type":"ecole primaire","district_region":null,"departement_commune":null,"verifie":true,"name":"EPP M BADON 1_PRIMAIRE","source":"Géoportail ANSTAT"}},{"type":"Feature","geometry":{"type":"Point","coordinates":[-3.932837999999947,5.329417000000035]},"properties":{"id":108722,"nom":"EPP M BADON 2_PRIMAIRE","type":"ecole primaire","district_region":null,"departement_commune":null,"verifie":true,"name":"EPP M BADON 2_PRIMAIRE","source":"Géoportail ANSTAT"}},{"type":"Feature","geometry":{"type":"Point","coordinates":[-3.789199999999937,5.352300000000071]},"properties":{"id":108723,"nom":"EPP M BATTO BOUAKE_PRIMAIRE","type":"ecole primaire","district_region":null,"departement_commune":null,"verifie":true,"name":"EPP M BATTO BOUAKE_PRIMAIRE","source":"Géoportail ANSTAT"}},{"type":"Feature","geometry":{"type":"Point","coordinates":[-3.954214999999976,5.325845000000072]},"properties":{"id":108724,"nom":"EPP M POUTO 1_PRIMAIRE","type":"ecole primaire","district_region":null,"departement_commune":null,"verifie":true,"name":"EPP M POUTO 1_PRIMAIRE","source":"Géoportail ANSTAT"}},{"type":"Feature","geometry":{"type":"Point","coordinates":[-3.954178999999954,5.325732000000073]},"properties":{"id":108725,"nom":"EPP M POUTO 2_PRIMAIRE","type":"ecole primaire","district_region":null,"departement_commune":null,"verifie":true,"name":"EPP M POUTO 2_PRIMAIRE","source":"Géoportail ANSTAT"}},{"type":"Feature","geometry":{"type":"Point","coordinates":[-3.954178999999954,5.325732000000073]},"properties":{"id":108726,"nom":"EPP M POUTO 3_PRIMAIRE","type":"ecole primaire","district_region":null,"departement_commune":null,"verifie":true,"name":"EPP M POUTO 3_PRIMAIRE","source":"Géoportail ANSTAT"}},{"type":"Feature","geometry":{"type":"Point","coordinates":[-3.954214999999976,5.325845000000072]},"properties":{"id":108727,"nom":"EPP M POUTO 4_PRIMAIRE","type":"ecole primaire","district_region":null,"departement_commune":null,"verifie":true,"name":"EPP M POUTO 4_PRIMAIRE","source":"Géoportail ANSTAT"}},{"type":"Feature","geometry":{"type":"Point","coordinates":[-3.885899999999936,5.358388000000048]},"properties":{"id":108728,"nom":"EPP MUNICIPALITE_PRIMAIRE","type":"ecole primaire","district_region":null,"departement_commune":null,"verifie":true,"name":"EPP MUNICIPALITE_PRIMAIRE","source":"Géoportail ANSTAT"}},{"type":"Feature","geometry":{"type":"Point","coordinates":[-4.020823999999948,5.354180000000042]},"properties":{"id":108729,"nom":"EPP MUNICIPALITE 1_PRIMAIRE","type":"ecole primaire","district_region":null,"departement_commune":null,"verifie":true,"name":"EPP MUNICIPALITE 1_PRIMAIRE","source":"Géoportail ANSTAT"}},{"type":"Feature","geometry":{"type":"Point","coordinates":[-3.998250999999925,5.333186000000069]},"properties":{"id":108730,"nom":"EPP MUNICIPALITE 1_PRIMAIRE","type":"ecole primaire","district_region":null,"departement_commune":null,"verifie":true,"name":"EPP MUNICIPALITE 1_PRIMAIRE","source":"Géoportail ANSTAT"}},{"type":"Feature","geometry":{"type":"Point","coordinates":[-4.020759999999939,5.353973000000053]},"properties":{"id":108731,"nom":"EPP MUNICIPALITE 2_PRIMAIRE","type":"ecole primaire","district_region":null,"departement_commune":null,"verifie":true,"name":"EPP MUNICIPALITE 2_PRIMAIRE","source":"Géoportail ANSTAT"}},{"type":"Feature","geometry":{"type":"Point","coordinates":[-3.998250999999925,5.333186000000069]},"properties":{"id":108732,"nom":"EPP MUNICIPALITE 2_PRIMAIRE","type":"ecole primaire","district_region":null,"departement_commune":null,"verifie":true,"name":"EPP MUNICIPALITE 2_PRIMAIRE","source":"Géoportail ANSTAT"}},{"type":"Feature","geometry":{"type":"Point","coordinates":[-4.020759999999939,5.353973000000053]},"properties":{"id":108733,"nom":"EPP MUNICIPALITE 3_PRIMAIRE","type":"ecole primaire","district_region":null,"departement_commune":null,"verifie":true,"name":"EPP MUNICIPALITE 3_PRIMAIRE","source":"Géoportail ANSTAT"}},{"type":"Feature","geometry":{"type":"Point","coordinates":[-4.020759999999939,5.353973000000053]},"properties":{"id":108734,"nom":"EPP MUNICIPALITE 4_PRIMAIRE","type":"ecole primaire","district_region":null,"departement_commune":null,"verifie":true,"name":"EPP MUNICIPALITE 4_PRIMAIRE","source":"Géoportail ANSTAT"}},{"type":"Feature","geometry":{"type":"Point","coordinates":[-3.924687999999946,5.340948000000026]},"properties":{"id":108735,"nom":"EPP ORIBAT_PRIMAIRE","type":"ecole primaire","district_region":null,"departement_commune":null,"verifie":true,"name":"EPP ORIBAT_PRIMAIRE","source":"Géoportail ANSTAT"}},{"type":"Feature","geometry":{"type":"Point","coordinates":[-3.887999999999977,5.361260000000073]},"properties":{"id":108736,"nom":"EPP ORPHELINAT 1_PRIMAIRE","type":"ecole primaire","district_region":null,"departement_commune":null,"verifie":true,"name":"EPP ORPHELINAT 1_PRIMAIRE","source":"Géoportail ANSTAT"}},{"type":"Feature","geometry":{"type":"Point","coordinates":[-3.888080999999943,5.361260000000073]},"properties":{"id":108737,"nom":"EPP ORPHELINAT 2_PRIMAIRE","type":"ecole primaire","district_region":null,"departement_commune":null,"verifie":true,"name":"EPP ORPHELINAT 2_PRIMAIRE","source":"Géoportail ANSTAT"}},{"type":"Feature","geometry":{"type":"Point","coordinates":[-3.56839999999994,5.968360000000075]},"properties":{"id":108738,"nom":"EPP OUATTARA THOMAS D AQUIN 1_PRIMAIRE","type":"ecole primaire","district_region":null,"departement_commune":null,"verifie":true,"name":"EPP OUATTARA THOMAS D AQUIN 1_PRIMAIRE","source":"Géoportail ANSTAT"}},{"type":"Feature","geometry":{"type":"Point","coordinates":[-4.008142999999961,5.364743000000033]},"properties":{"id":108739,"nom":"EPP OUATTARA THOMAS D AQUIN 2_PRIMAIRE","type":"ecole primaire","district_region":null,"departement_commune":null,"verifie":true,"name":"EPP OUATTARA THOMAS D AQUIN 2_PRIMAIRE","source":"Géoportail ANSTAT"}},{"type":"Feature","geometry":{"type":"Point","coordinates":[-4.036350999999968,5.357503000000065]},"properties":{"id":108740,"nom":"EPP OUEZZIN COULIBALY 1_PRIMAIRE","type":"ecole primaire","district_region":null,"departement_commune":null,"verifie":true,"name":"EPP OUEZZIN COULIBALY 1_PRIMAIRE","source":"Géoportail ANSTAT"}},{"type":"Feature","geometry":{"type":"Point","coordinates":[-4.090397999999936,5.354293000000041]},"properties":{"id":108741,"nom":"EPP OUEZZIN COULIBALY 2_PRIMAIRE","type":"ecole primaire","district_region":null,"departement_commune":null,"verifie":true,"name":"EPP OUEZZIN COULIBALY 2_PRIMAIRE","source":"Géoportail ANSTAT"}},{"type":"Feature","geometry":{"type":"Point","coordinates":[-3.657399999999939,5.963800000000049]},"properties":{"id":108742,"nom":"EPP PERLES 2_PRIMAIRE","type":"ecole primaire","district_region":null,"departement_commune":null,"verifie":true,"name":"EPP PERLES 2_PRIMAIRE","source":"Géoportail ANSTAT"}},{"type":"Feature","geometry":{"type":"Point","coordinates":[-4.02759999999995,5.331120000000055]},"properties":{"id":108743,"nom":"EPP PHILIPPE YACE 1_PRIMAIRE","type":"ecole primaire","district_region":null,"departement_commune":null,"verifie":true,"name":"EPP PHILIPPE YACE 1_PRIMAIRE","source":"Géoportail ANSTAT"}},{"type":"Feature","geometry":{"type":"Point","coordinates":[-4.02759999999995,5.331120000000055]},"properties":{"id":108744,"nom":"EPP PHILIPPE YACE 2_PRIMAIRE","type":"ecole primaire","district_region":null,"departement_commune":null,"verifie":true,"name":"EPP PHILIPPE YACE 2_PRIMAIRE","source":"Géoportail ANSTAT"}},{"type":"Feature","geometry":{"type":"Point","coordinates":[-3.889161999999942,5.356089000000054]},"properties":{"id":108745,"nom":"EPP PLATEAU1_PRIMAIRE","type":"ecole primaire","district_region":null,"departement_commune":null,"verifie":true,"name":"EPP PLATEAU1_PRIMAIRE","source":"Géoportail ANSTAT"}},{"type":"Feature","geometry":{"type":"Point","coordinates":[-3.889277999999933,5.355730000000051]},"properties":{"id":108746,"nom":"EPP PLATEAU 2_PRIMAIRE","type":"ecole primaire","district_region":null,"departement_commune":null,"verifie":true,"name":"EPP PLATEAU 2_PRIMAIRE","source":"Géoportail ANSTAT"}},{"type":"Feature","geometry":{"type":"Point","coordinates":[-3.889341999999942,5.355612000000065]},"properties":{"id":108747,"nom":"EPP PLATEAU 3_PRIMAIRE","type":"ecole primaire","district_region":null,"departement_commune":null,"verifie":true,"name":"EPP PLATEAU 3_PRIMAIRE","source":"Géoportail ANSTAT"}},{"type":"Feature","geometry":{"type":"Point","coordinates":[-4.024009999999976,5.345985000000042]},"properties":{"id":108748,"nom":"EPP RAYMOND DESCLERCS_PRIMAIRE","type":"ecole primaire","district_region":null,"departement_commune":null,"verifie":true,"name":"EPP RAYMOND DESCLERCS_PRIMAIRE","source":"Géoportail ANSTAT"}},{"type":"Feature","geometry":{"type":"Point","coordinates":[-3.244999999999948,5.382300000000043]},"properties":{"id":108749,"nom":"EPP RESIDENCES LATRILLE_PRIMAIRE","type":"ecole primaire","district_region":null,"departement_commune":null,"verifie":true,"name":"EPP RESIDENCES LATRILLE_PRIMAIRE","source":"Géoportail ANSTAT"}},{"type":"Feature","geometry":{"type":"Point","coordinates":[-3.889842999999928,5.35659400000003]},"properties":{"id":108750,"nom":"EPP RESIDENTIEL 1_PRIMAIRE","type":"ecole primaire","district_region":null,"departement_commune":null,"verifie":true,"name":"EPP RESIDENTIEL 1_PRIMAIRE","source":"Géoportail ANSTAT"}},{"type":"Feature","geometry":{"type":"Point","coordinates":[-3.889842999999928,5.35659400000003]},"properties":{"id":108751,"nom":"EPP RESIDENTIEL 2_PRIMAIRE","type":"ecole primaire","district_region":null,"departement_commune":null,"verifie":true,"name":"EPP RESIDENTIEL 2_PRIMAIRE","source":"Géoportail ANSTAT"}},{"type":"Feature","geometry":{"type":"Point","coordinates":[-3.973263999999972,5.35412400000007]},"properties":{"id":108752,"nom":"EPP RIVIERA GOLF 1_PRIMAIRE","type":"ecole primaire","district_region":null,"departement_commune":null,"verifie":true,"name":"EPP RIVIERA GOLF 1_PRIMAIRE","source":"Géoportail ANSTAT"}},{"type":"Feature","geometry":{"type":"Point","coordinates":[-3.977349999999944,5.341729000000043]},"properties":{"id":108753,"nom":"EPP RIVIERA GOLF 2_PRIMAIRE","type":"ecole primaire","district_region":null,"departement_commune":null,"verifie":true,"name":"EPP RIVIERA GOLF 2_PRIMAIRE","source":"Géoportail ANSTAT"}},{"type":"Feature","geometry":{"type":"Point","coordinates":[-3.931699999999978,5.389800000000037]},"properties":{"id":108754,"nom":"EPP RIVIERA PALMERAIE_PRIMAIRE","type":"ecole primaire","district_region":null,"departement_commune":null,"verifie":true,"name":"EPP RIVIERA PALMERAIE_PRIMAIRE","source":"Géoportail ANSTAT"}},{"type":"Feature","geometry":{"type":"Point","coordinates":[-4.018867999999941,5.360344000000055]},"properties":{"id":108755,"nom":"EPP ROLAND CISSE A_PRIMAIRE","type":"ecole primaire","district_region":null,"departement_commune":null,"verifie":true,"name":"EPP ROLAND CISSE A_PRIMAIRE","source":"Géoportail ANSTAT"}},{"type":"Feature","geometry":{"type":"Point","coordinates":[-4.018867999999941,5.360344000000055]},"properties":{"id":108756,"nom":"EPP ROLAND CISSE B_PRIMAIRE","type":"ecole primaire","district_region":null,"departement_commune":null,"verifie":true,"name":"EPP ROLAND CISSE B_PRIMAIRE","source":"Géoportail ANSTAT"}},{"type":"Feature","geometry":{"type":"Point","coordinates":[-3.967064999999934,5.390722000000039]},"properties":{"id":108757,"nom":"EPP ROSIERS 5B_PRIMAIRE","type":"ecole primaire","district_region":null,"departement_commune":null,"verifie":true,"name":"EPP ROSIERS 5B_PRIMAIRE","source":"Géoportail ANSTAT"}},{"type":"Feature","geometry":{"type":"Point","coordinates":[-3.967064999999934,5.390722000000039]},"properties":{"id":108758,"nom":"EPP ROSIERS 5A_PRIMAIRE","type":"ecole primaire","district_region":null,"departement_commune":null,"verifie":true,"name":"EPP ROSIERS 5A_PRIMAIRE","source":"Géoportail ANSTAT"}},{"type":"Feature","geometry":{"type":"Point","coordinates":[-3.586749999999938,5.23417900000004]},"properties":{"id":108759,"nom":"EPP ROSIERS 6_PRIMAIRE","type":"ecole primaire","district_region":null,"departement_commune":null,"verifie":true,"name":"EPP ROSIERS 6_PRIMAIRE","source":"Géoportail ANSTAT"}},{"type":"Feature","geometry":{"type":"Point","coordinates":[-3.535041999999976,5.215527000000066]},"properties":{"id":108760,"nom":"EPP AKOUAI SANTE2_PRIMAIRE","type":"ecole primaire","district_region":null,"departement_commune":null,"verifie":true,"name":"EPP AKOUAI SANTE2_PRIMAIRE","source":"Géoportail ANSTAT"}},{"type":"Feature","geometry":{"type":"Point","coordinates":[-4.025286999999935,5.347368000000074]},"properties":{"id":108761,"nom":"EPP SATIGUI SANGARE A_PRIMAIRE","type":"ecole primaire","district_region":null,"departement_commune":null,"verifie":true,"name":"EPP SATIGUI SANGARE A_PRIMAIRE","source":"Géoportail ANSTAT"}},{"type":"Feature","geometry":{"type":"Point","coordinates":[-4.025162999999964,5.347110000000043]},"properties":{"id":108762,"nom":"EPP SATIGUI SANGARE B_PRIMAIRE","type":"ecole primaire","district_region":null,"departement_commune":null,"verifie":true,"name":"EPP SATIGUI SANGARE B_PRIMAIRE","source":"Géoportail ANSTAT"}},{"type":"Feature","geometry":{"type":"Point","coordinates":[-4.025162999999964,5.347110000000043]},"properties":{"id":108763,"nom":"EPP SATIGUI SANGARE C_PRIMAIRE","type":"ecole primaire","district_region":null,"departement_commune":null,"verifie":true,"name":"EPP SATIGUI SANGARE C_PRIMAIRE","source":"Géoportail ANSTAT"}},{"type":"Feature","geometry":{"type":"Point","coordinates":[-3.839608999999939,5.325433000000032]},"properties":{"id":108764,"nom":"EPP SEBIA YAO_PRIMAIRE","type":"ecole primaire","district_region":null,"departement_commune":null,"verifie":true,"name":"EPP SEBIA YAO_PRIMAIRE","source":"Géoportail ANSTAT"}},{"type":"Feature","geometry":{"type":"Point","coordinates":[-4.023411999999951,5.357782000000043]},"properties":{"id":108765,"nom":"EPP SERY KORE MARIE 2_PRIMAIRE","type":"ecole primaire","district_region":null,"departement_commune":null,"verifie":true,"name":"EPP SERY KORE MARIE 2_PRIMAIRE","source":"Géoportail ANSTAT"}},{"type":"Feature","geometry":{"type":"Point","coordinates":[-4.024050999999929,5.357939000000044]},"properties":{"id":108766,"nom":"EPP SERY KORE MARIE 3_PRIMAIRE","type":"ecole primaire","district_region":null,"departement_commune":null,"verifie":true,"name":"EPP SERY KORE MARIE 3_PRIMAIRE","source":"Géoportail ANSTAT"}},{"type":"Feature","geometry":{"type":"Point","coordinates":[-4.024050999999929,5.357939000000044]},"properties":{"id":108767,"nom":"EPP SERY KORE MARIE-1_PRIMAIRE","type":"ecole primaire","district_region":null,"departement_commune":null,"verifie":true,"name":"EPP SERY KORE MARIE-1_PRIMAIRE","source":"Géoportail ANSTAT"}},{"type":"Feature","geometry":{"type":"Point","coordinates":[-3.879823999999928,5.355973000000063]},"properties":{"id":108768,"nom":"EPP SICOGI 1_PRIMAIRE","type":"ecole primaire","district_region":null,"departement_commune":null,"verifie":true,"name":"EPP SICOGI 1_PRIMAIRE","source":"Géoportail ANSTAT"}},{"type":"Feature","geometry":{"type":"Point","coordinates":[-3.21999999999997,5.660000000000025]},"properties":{"id":108769,"nom":"EPP SIPIM LES PLANETES_PRIMAIRE","type":"ecole primaire","district_region":null,"departement_commune":null,"verifie":true,"name":"EPP SIPIM LES PLANETES_PRIMAIRE","source":"Géoportail ANSTAT"}},{"type":"Feature","geometry":{"type":"Point","coordinates":[-4.030500999999958,5.377887000000044]},"properties":{"id":108770,"nom":"EPP SODECI ZONE NORD 2_PRIMAIRE","type":"ecole primaire","district_region":null,"departement_commune":null,"verifie":true,"name":"EPP SODECI ZONE NORD 2_PRIMAIRE","source":"Géoportail ANSTAT"}},{"type":"Feature","geometry":{"type":"Point","coordinates":[-4.030104999999935,5.377887000000044]},"properties":{"id":108771,"nom":"EPP SODECI ZONE NORD NORD 1_PRIMAIRE","type":"ecole primaire","district_region":null,"departement_commune":null,"verifie":true,"name":"EPP SODECI ZONE NORD NORD 1_PRIMAIRE","source":"Géoportail ANSTAT"}},{"type":"Feature","geometry":{"type":"Point","coordinates":[-3.973141999999939,5.354071000000033]},"properties":{"id":108772,"nom":"EPP SOGEFIHA 1_PRIMAIRE","type":"ecole primaire","district_region":null,"departement_commune":null,"verifie":true,"name":"EPP SOGEFIHA 1_PRIMAIRE","source":"Géoportail ANSTAT"}},{"type":"Feature","geometry":{"type":"Point","coordinates":[-3.973141999999939,5.354071000000033]},"properties":{"id":108773,"nom":"EPP SOGEFIHA 2_PRIMAIRE","type":"ecole primaire","district_region":null,"departement_commune":null,"verifie":true,"name":"EPP SOGEFIHA 2_PRIMAIRE","source":"Géoportail ANSTAT"}},{"type":"Feature","geometry":{"type":"Point","coordinates":[-3.973141999999939,5.354071000000033]},"properties":{"id":108774,"nom":"EPP SOGEFIHA 3_PRIMAIRE","type":"ecole primaire","district_region":null,"departement_commune":null,"verifie":true,"name":"EPP SOGEFIHA 3_PRIMAIRE","source":"Géoportail ANSTAT"}},{"type":"Feature","geometry":{"type":"Point","coordinates":[-3.973141999999939,5.354071000000033]},"properties":{"id":108775,"nom":"EPP SOGEFIHA 4_PRIMAIRE","type":"ecole primaire","district_region":null,"departement_commune":null,"verifie":true,"name":"EPP SOGEFIHA 4_PRIMAIRE","source":"Géoportail ANSTAT"}},{"type":"Feature","geometry":{"type":"Point","coordinates":[-3.973141999999939,5.354071000000033]},"properties":{"id":108776,"nom":"EPP SOGEFIHA 5_PRIMAIRE","type":"ecole primaire","district_region":null,"departement_commune":null,"verifie":true,"name":"EPP SOGEFIHA 5_PRIMAIRE","source":"Géoportail ANSTAT"}},{"type":"Feature","geometry":{"type":"Point","coordinates":[-4.026046999999949,5.370877000000064]},"properties":{"id":108777,"nom":"EPP UNITE 1_PRIMAIRE","type":"ecole primaire","district_region":null,"departement_commune":null,"verifie":true,"name":"EPP UNITE 1_PRIMAIRE","source":"Géoportail ANSTAT"}},{"type":"Feature","geometry":{"type":"Point","coordinates":[-4.024099999999976,5.372000000000071]},"properties":{"id":108778,"nom":"EPP UNITE 2_PRIMAIRE","type":"ecole primaire","district_region":null,"departement_commune":null,"verifie":true,"name":"EPP UNITE 2_PRIMAIRE","source":"Géoportail ANSTAT"}},{"type":"Feature","geometry":{"type":"Point","coordinates":[-4.026846999999975,5.370877000000064]},"properties":{"id":108779,"nom":"EPP UNITE 3_PRIMAIRE","type":"ecole primaire","district_region":null,"departement_commune":null,"verifie":true,"name":"EPP UNITE 3_PRIMAIRE","source":"Géoportail ANSTAT"}},{"type":"Feature","geometry":{"type":"Point","coordinates":[-4.024099999999976,5.372000000000071]},"properties":{"id":108780,"nom":"EPP WILLIAMSVILLE A_PRIMAIRE","type":"ecole primaire","district_region":null,"departement_commune":null,"verifie":true,"name":"EPP WILLIAMSVILLE A_PRIMAIRE","source":"Géoportail ANSTAT"}},{"type":"Feature","geometry":{"type":"Point","coordinates":[-4.024099999999976,5.372000000000071]},"properties":{"id":108781,"nom":"EPP WILLIAMSVILLE B_PRIMAIRE","type":"ecole primaire","district_region":null,"departement_commune":null,"verifie":true,"name":"EPP WILLIAMSVILLE B_PRIMAIRE","source":"Géoportail ANSTAT"}},{"type":"Feature","geometry":{"type":"Point","coordinates":[-4.024099999999976,5.372000000000071]},"properties":{"id":108782,"nom":"EPP WILLIAMSVILLE C_PRIMAIRE","type":"ecole primaire","district_region":null,"departement_commune":null,"verifie":true,"name":"EPP WILLIAMSVILLE C_PRIMAIRE","source":"Géoportail ANSTAT"}},{"type":"Feature","geometry":{"type":"Point","coordinates":[-4.01900999999998,5.379490000000033]},"properties":{"id":108783,"nom":"EPP YOUSSOUF SYLLA 1_PRIMAIRE","type":"ecole primaire","district_region":null,"departement_commune":null,"verifie":true,"name":"EPP YOUSSOUF SYLLA 1_PRIMAIRE","source":"Géoportail ANSTAT"}},{"type":"Feature","geometry":{"type":"Point","coordinates":[-4.009999999999934,5.370000000000061]},"properties":{"id":108784,"nom":"EPP YOUSSOUF SYLLA 2_PRIMAIRE","type":"ecole primaire","district_region":null,"departement_commune":null,"verifie":true,"name":"EPP YOUSSOUF SYLLA 2_PRIMAIRE","source":"Géoportail ANSTAT"}},{"type":"Feature","geometry":{"type":"Point","coordinates":[-3.942441999999971,5.343165000000056]},"properties":{"id":108785,"nom":"EPP ZEIN AHMAD 1_PRIMAIRE","type":"ecole primaire","district_region":null,"departement_commune":null,"verifie":true,"name":"EPP ZEIN AHMAD 1_PRIMAIRE","source":"Géoportail ANSTAT"}},{"type":"Feature","geometry":{"type":"Point","coordinates":[-3.942441999999971,5.343165000000056]},"properties":{"id":108786,"nom":"EPP ZEIN HAMAD 2_PRIMAIRE","type":"ecole primaire","district_region":null,"departement_commune":null,"verifie":true,"name":"EPP ZEIN HAMAD 2_PRIMAIRE","source":"Géoportail ANSTAT"}},{"type":"Feature","geometry":{"type":"Point","coordinates":[-3.977123999999947,5.368775000000028]},"properties":{"id":108787,"nom":"EPP ZINSOU_PRIMAIRE","type":"ecole primaire","district_region":null,"departement_commune":null,"verifie":true,"name":"EPP ZINSOU_PRIMAIRE","source":"Géoportail ANSTAT"}},{"type":"Feature","geometry":{"type":"Point","coordinates":[-3.936087999999927,5.329192000000035]},"properties":{"id":108788,"nom":"EPV ABONDANCE_PRIMAIRE","type":"ecole primaire","district_region":null,"departement_commune":null,"verifie":true,"name":"EPV ABONDANCE_PRIMAIRE","source":"Géoportail ANSTAT"}},{"type":"Feature","geometry":{"type":"Point","coordinates":[-3.963147999999933,5.36757300000005]},"properties":{"id":108789,"nom":"EPV ABOUBAKAR SIDIK_PRIMAIRE","type":"ecole primaire","district_region":null,"departement_commune":null,"verifie":true,"name":"EPV ABOUBAKAR SIDIK_PRIMAIRE","source":"Géoportail ANSTAT"}},{"type":"Feature","geometry":{"type":"Point","coordinates":[-4.012903999999935,5.393774000000064]},"properties":{"id":108790,"nom":"EPV ABRI-SUR_PRIMAIRE","type":"ecole primaire","district_region":null,"departement_commune":null,"verifie":true,"name":"EPV ABRI-SUR_PRIMAIRE","source":"Géoportail ANSTAT"}},{"type":"Feature","geometry":{"type":"Point","coordinates":[-4.027581999999938,5.368921000000057]},"properties":{"id":108791,"nom":"EPV AEECI_PRIMAIRE","type":"ecole primaire","district_region":null,"departement_commune":null,"verifie":true,"name":"EPV AEECI_PRIMAIRE","source":"Géoportail ANSTAT"}},{"type":"Feature","geometry":{"type":"Point","coordinates":[-4.019929999999931,5.354835000000037]},"properties":{"id":108792,"nom":"EPV AHMADIYYA_PRIMAIRE","type":"ecole primaire","district_region":null,"departement_commune":null,"verifie":true,"name":"EPV AHMADIYYA_PRIMAIRE","source":"Géoportail ANSTAT"}},{"type":"Feature","geometry":{"type":"Point","coordinates":[-3.944770999999946,5.328863000000069]},"properties":{"id":108793,"nom":"EPV AL GHADIR_PRIMAIRE","type":"ecole primaire","district_region":null,"departement_commune":null,"verifie":true,"name":"EPV AL GHADIR_PRIMAIRE","source":"Géoportail ANSTAT"}},{"type":"Feature","geometry":{"type":"Point","coordinates":[-3.929322999999954,5.369438000000059]},"properties":{"id":108794,"nom":"EPV ALBERT LEY_PRIMAIRE","type":"ecole primaire","district_region":null,"departement_commune":null,"verifie":true,"name":"EPV ALBERT LEY_PRIMAIRE","source":"Géoportail ANSTAT"}},{"type":"Feature","geometry":{"type":"Point","coordinates":[-3.96999999999997,5.350000000000023]},"properties":{"id":108795,"nom":"EPV ANDRE MALRAUX_PRIMAIRE","type":"ecole primaire","district_region":null,"departement_commune":null,"verifie":true,"name":"EPV ANDRE MALRAUX_PRIMAIRE","source":"Géoportail ANSTAT"}},{"type":"Feature","geometry":{"type":"Point","coordinates":[-3.567999999999927,5.986000000000047]},"properties":{"id":108796,"nom":"EPV ARC-EN-CIEL_PRIMAIRE","type":"ecole primaire","district_region":null,"departement_commune":null,"verifie":true,"name":"EPV ARC-EN-CIEL_PRIMAIRE","source":"Géoportail ANSTAT"}},{"type":"Feature","geometry":{"type":"Point","coordinates":[-3.894199999999955,5.358400000000074]},"properties":{"id":108797,"nom":"EPV ARHOGNINCI_PRIMAIRE","type":"ecole primaire","district_region":null,"departement_commune":null,"verifie":true,"name":"EPV ARHOGNINCI_PRIMAIRE","source":"Géoportail ANSTAT"}},{"type":"Feature","geometry":{"type":"Point","coordinates":[-3.014499999999941,5.241810000000044]},"properties":{"id":108798,"nom":"EPV ARMSTRONG_PRIMAIRE","type":"ecole primaire","district_region":null,"departement_commune":null,"verifie":true,"name":"EPV ARMSTRONG_PRIMAIRE","source":"Géoportail ANSTAT"}},{"type":"Feature","geometry":{"type":"Point","coordinates":[-3.921468999999945,5.347209000000021]},"properties":{"id":108799,"nom":"EPV ASSEMBLEES DE DIEU LES AGNEAUX D AKOUEDO SYDES_PRIMAIRE","type":"ecole primaire","district_region":null,"departement_commune":null,"verifie":true,"name":"EPV ASSEMBLEES DE DIEU LES AGNEAUX D AKOUEDO SYDES_PRIMAIRE","source":"Géoportail ANSTAT"}},{"type":"Feature","geometry":{"type":"Point","coordinates":[-3.958446999999978,5.373022000000049]},"properties":{"id":108800,"nom":"EPV AVICENNE_PRIMAIRE","type":"ecole primaire","district_region":null,"departement_commune":null,"verifie":true,"name":"EPV AVICENNE_PRIMAIRE","source":"Géoportail ANSTAT"}},{"type":"Feature","geometry":{"type":"Point","coordinates":[-3.98572299999995,5.397766000000047]},"properties":{"id":108801,"nom":"EPV BABY STAR_PRIMAIRE","type":"ecole primaire","district_region":null,"departement_commune":null,"verifie":true,"name":"EPV BABY STAR_PRIMAIRE","source":"Géoportail ANSTAT"}},{"type":"Feature","geometry":{"type":"Point","coordinates":[-3.923006999999927,5.357458000000065]},"properties":{"id":108802,"nom":"EPV BARAKAH LA BENEDICTION_PRIMAIRE","type":"ecole primaire","district_region":null,"departement_commune":null,"verifie":true,"name":"EPV BARAKAH LA BENEDICTION_PRIMAIRE","source":"Géoportail ANSTAT"}},{"type":"Feature","geometry":{"type":"Point","coordinates":[-3.456499999999949,5.968900000000076]},"properties":{"id":108803,"nom":"EPV BELLE FONTAINE_PRIMAIRE","type":"ecole primaire","district_region":null,"departement_commune":null,"verifie":true,"name":"EPV BELLE FONTAINE_PRIMAIRE","source":"Géoportail ANSTAT"}},{"type":"Feature","geometry":{"type":"Point","coordinates":[-4.010139999999978,5.365431000000058]},"properties":{"id":108804,"nom":"EPV BETHANIE MIRACLE_PRIMAIRE","type":"ecole primaire","district_region":null,"departement_commune":null,"verifie":true,"name":"EPV BETHANIE MIRACLE_PRIMAIRE","source":"Géoportail ANSTAT"}},{"type":"Feature","geometry":{"type":"Point","coordinates":[-3.913339999999948,5.327734000000021]},"properties":{"id":108805,"nom":"EPV BETHEL_PRIMAIRE","type":"ecole primaire","district_region":null,"departement_commune":null,"verifie":true,"name":"EPV BETHEL_PRIMAIRE","source":"Géoportail ANSTAT"}},{"type":"Feature","geometry":{"type":"Point","coordinates":[-4.022286999999949,5.373075000000028]},"properties":{"id":108806,"nom":"EPV BIO_PRIMAIRE","type":"ecole primaire","district_region":null,"departement_commune":null,"verifie":true,"name":"EPV BIO_PRIMAIRE","source":"Géoportail ANSTAT"}},{"type":"Feature","geometry":{"type":"Point","coordinates":[-3.103749999999934,5.321710000000053]},"properties":{"id":108807,"nom":"EPV CANADA LA PROVIDENCE_PRIMAIRE","type":"ecole primaire","district_region":null,"departement_commune":null,"verifie":true,"name":"EPV CANADA LA PROVIDENCE_PRIMAIRE","source":"Géoportail ANSTAT"}},{"type":"Feature","geometry":{"type":"Point","coordinates":[-4.021534999999972,5.377513000000022]},"properties":{"id":108808,"nom":"EPV CAROLINE JESUS_PRIMAIRE","type":"ecole primaire","district_region":null,"departement_commune":null,"verifie":true,"name":"EPV CAROLINE JESUS_PRIMAIRE","source":"Géoportail ANSTAT"}},{"type":"Feature","geometry":{"type":"Point","coordinates":[-4.026177999999959,5.372000000000071]},"properties":{"id":108809,"nom":"EPV CENDRILLON_PRIMAIRE","type":"ecole primaire","district_region":null,"departement_commune":null,"verifie":true,"name":"EPV CENDRILLON_PRIMAIRE","source":"Géoportail ANSTAT"}},{"type":"Feature","geometry":{"type":"Point","coordinates":[-3.568420999999944,5.95663200000007]},"properties":{"id":108810,"nom":"EPV SAINTE PHILOMENE_PRIMAIRE","type":"ecole primaire","district_region":null,"departement_commune":null,"verifie":true,"name":"EPV SAINTE PHILOMENE_PRIMAIRE","source":"Géoportail ANSTAT"}},{"type":"Feature","geometry":{"type":"Point","coordinates":[-3.555999999999926,5.986000000000047]},"properties":{"id":108811,"nom":"EPV CLAIRE FONTAINE_PRIMAIRE","type":"ecole primaire","district_region":null,"departement_commune":null,"verifie":true,"name":"EPV CLAIRE FONTAINE_PRIMAIRE","source":"Géoportail ANSTAT"}},{"type":"Feature","geometry":{"type":"Point","coordinates":[-3.985659999999939,5.405742000000032]},"properties":{"id":108812,"nom":"EPV COMMANDANT COUSTEAU_PRIMAIRE","type":"ecole primaire","district_region":null,"departement_commune":null,"verifie":true,"name":"EPV COMMANDANT COUSTEAU_PRIMAIRE","source":"Géoportail ANSTAT"}},{"type":"Feature","geometry":{"type":"Point","coordinates":[-3.987341999999956,5.394991000000061]},"properties":{"id":108813,"nom":"EPV COMPLEXE EDUCATIF MARIE AUZEY_PRIMAIRE","type":"ecole primaire","district_region":null,"departement_commune":null,"verifie":true,"name":"EPV COMPLEXE EDUCATIF MARIE AUZEY_PRIMAIRE","source":"Géoportail ANSTAT"}},{"type":"Feature","geometry":{"type":"Point","coordinates":[-3.889580999999964,5.353777000000036]},"properties":{"id":108814,"nom":"EPC DAR CORAN KARIM WALHADIS_PRIMAIRE","type":"ecole primaire","district_region":null,"departement_commune":null,"verifie":true,"name":"EPC DAR CORAN KARIM WALHADIS_PRIMAIRE","source":"Géoportail ANSTAT"}},{"type":"Feature","geometry":{"type":"Point","coordinates":[-3.96115199999997,5.371168000000068]},"properties":{"id":108815,"nom":"EPV DIVINE GRACE_PRIMAIRE","type":"ecole primaire","district_region":null,"departement_commune":null,"verifie":true,"name":"EPV DIVINE GRACE_PRIMAIRE","source":"Géoportail ANSTAT"}},{"type":"Feature","geometry":{"type":"Point","coordinates":[-3.902815999999973,5.360852000000023]},"properties":{"id":108816,"nom":"EPV DJEKAT_PRIMAIRE","type":"ecole primaire","district_region":null,"departement_commune":null,"verifie":true,"name":"EPV DJEKAT_PRIMAIRE","source":"Géoportail ANSTAT"}},{"type":"Feature","geometry":{"type":"Point","coordinates":[-3.951784999999973,5.359067000000039]},"properties":{"id":108817,"nom":"EPV DJEKE HAVRE DE PAIX_PRIMAIRE","type":"ecole primaire","district_region":null,"departement_commune":null,"verifie":true,"name":"EPV DJEKE HAVRE DE PAIX_PRIMAIRE","source":"Géoportail ANSTAT"}},{"type":"Feature","geometry":{"type":"Point","coordinates":[-3.920591999999942,5.345497000000023]},"properties":{"id":108818,"nom":"EPV DJIGUIYA  ESPOIR_PRIMAIRE","type":"ecole primaire","district_region":null,"departement_commune":null,"verifie":true,"name":"EPV DJIGUIYA  ESPOIR_PRIMAIRE","source":"Géoportail ANSTAT"}},{"type":"Feature","geometry":{"type":"Point","coordinates":[-4.054700999999966,5.490802000000031]},"properties":{"id":108819,"nom":"EPV DOMINIQUE SAVIO_PRIMAIRE","type":"ecole primaire","district_region":null,"departement_commune":null,"verifie":true,"name":"EPV DOMINIQUE SAVIO_PRIMAIRE","source":"Géoportail ANSTAT"}},{"type":"Feature","geometry":{"type":"Point","coordinates":[-3.94098699999995,5.38064600000007]},"properties":{"id":108820,"nom":"EPV DUBASS_PRIMAIRE","type":"ecole primaire","district_region":null,"departement_commune":null,"verifie":true,"name":"EPV DUBASS_PRIMAIRE","source":"Géoportail ANSTAT"}},{"type":"Feature","geometry":{"type":"Point","coordinates":[-3.56839999999994,5.996880000000033]},"properties":{"id":108821,"nom":"EPV ECI IQRA_PRIMAIRE","type":"ecole primaire","district_region":null,"departement_commune":null,"verifie":true,"name":"EPV ECI IQRA_PRIMAIRE","source":"Géoportail ANSTAT"}},{"type":"Feature","geometry":{"type":"Point","coordinates":[-3.684519999999964,5.986000000000047]},"properties":{"id":108822,"nom":"EPV ECOLE BLANCHE NEIGE_PRIMAIRE","type":"ecole primaire","district_region":null,"departement_commune":null,"verifie":true,"name":"EPV ECOLE BLANCHE NEIGE_PRIMAIRE","source":"Géoportail ANSTAT"}},{"type":"Feature","geometry":{"type":"Point","coordinates":[-3.98063499999995,5.374989000000028]},"properties":{"id":108823,"nom":"EPV ECOLE CHRETIENNE LA PEPINIERE DES VAINQUEURS_PRIMAIRE","type":"ecole primaire","district_region":null,"departement_commune":null,"verifie":true,"name":"EPV ECOLE CHRETIENNE LA PEPINIERE DES VAINQUEURS_PRIMAIRE","source":"Géoportail ANSTAT"}},{"type":"Feature","geometry":{"type":"Point","coordinates":[-3.95999999999998,5.370000000000061]},"properties":{"id":108824,"nom":"EPV ECOLE CHRETIENNE LA SEMENCE_PRIMAIRE","type":"ecole primaire","district_region":null,"departement_commune":null,"verifie":true,"name":"EPV ECOLE CHRETIENNE LA SEMENCE_PRIMAIRE","source":"Géoportail ANSTAT"}},{"type":"Feature","geometry":{"type":"Point","coordinates":[-4.022825999999952,5.368334000000061]},"properties":{"id":108825,"nom":"EPV EDEN_PRIMAIRE","type":"ecole primaire","district_region":null,"departement_commune":null,"verifie":true,"name":"EPV EDEN_PRIMAIRE","source":"Géoportail ANSTAT"}},{"type":"Feature","geometry":{"type":"Point","coordinates":[-3.88382699999994,5.341662000000042]},"properties":{"id":108826,"nom":"EPV EMMAUS_PRIMAIRE","type":"ecole primaire","district_region":null,"departement_commune":null,"verifie":true,"name":"EPV EMMAUS_PRIMAIRE","source":"Géoportail ANSTAT"}},{"type":"Feature","geometry":{"type":"Point","coordinates":[-3.919027999999969,5.342373000000066]},"properties":{"id":108827,"nom":"EPV EMY_PRIMAIRE","type":"ecole primaire","district_region":null,"departement_commune":null,"verifie":true,"name":"EPV EMY_PRIMAIRE","source":"Géoportail ANSTAT"}},{"type":"Feature","geometry":{"type":"Point","coordinates":[-3.984324999999956,5.365935000000036]},"properties":{"id":108828,"nom":"EPV ENFANT EPANOUI 1_PRIMAIRE","type":"ecole primaire","district_region":null,"departement_commune":null,"verifie":true,"name":"EPV ENFANT EPANOUI 1_PRIMAIRE","source":"Géoportail ANSTAT"}},{"type":"Feature","geometry":{"type":"Point","coordinates":[-3.93394399999994,5.380939000000069]},"properties":{"id":108829,"nom":"EPV EPHRATA_PRIMAIRE","type":"ecole primaire","district_region":null,"departement_commune":null,"verifie":true,"name":"EPV EPHRATA_PRIMAIRE","source":"Géoportail ANSTAT"}},{"type":"Feature","geometry":{"type":"Point","coordinates":[-4.005908999999974,5.365710000000036]},"properties":{"id":108830,"nom":"EPV ESAIE-GRAH_PRIMAIRE","type":"ecole primaire","district_region":null,"departement_commune":null,"verifie":true,"name":"EPV ESAIE-GRAH_PRIMAIRE","source":"Géoportail ANSTAT"}},{"type":"Feature","geometry":{"type":"Point","coordinates":[-3.91952699999996,5.332759000000067]},"properties":{"id":108831,"nom":"EPV ETIMOE_PRIMAIRE","type":"ecole primaire","district_region":null,"departement_commune":null,"verifie":true,"name":"EPV ETIMOE_PRIMAIRE","source":"Géoportail ANSTAT"}},{"type":"Feature","geometry":{"type":"Point","coordinates":[-4.000478999999928,5.355457000000058]},"properties":{"id":108832,"nom":"EPV EXTERNAT SAINT JACQUES DES 2 PLATEAUX_PRIMAIRE","type":"ecole primaire","district_region":null,"departement_commune":null,"verifie":true,"name":"EPV EXTERNAT SAINT JACQUES DES 2 PLATEAUX_PRIMAIRE","source":"Géoportail ANSTAT"}},{"type":"Feature","geometry":{"type":"Point","coordinates":[-3.96908099999996,5.355128000000036]},"properties":{"id":108833,"nom":"EPV EXTERNAT SAINTE FAMILLE_PRIMAIRE","type":"ecole primaire","district_region":null,"departement_commune":null,"verifie":true,"name":"EPV EXTERNAT SAINTE FAMILLE_PRIMAIRE","source":"Géoportail ANSTAT"}},{"type":"Feature","geometry":{"type":"Point","coordinates":[-3.970916999999929,5.360748000000058]},"properties":{"id":108834,"nom":"EPV FAHONDY_PRIMAIRE","type":"ecole primaire","district_region":null,"departement_commune":null,"verifie":true,"name":"EPV FAHONDY_PRIMAIRE","source":"Géoportail ANSTAT"}},{"type":"Feature","geometry":{"type":"Point","coordinates":[-3.906192999999973,5.378236000000072]},"properties":{"id":108835,"nom":"EPV FLEUR DE LYS_PRIMAIRE","type":"ecole primaire","district_region":null,"departement_commune":null,"verifie":true,"name":"EPV FLEUR DE LYS_PRIMAIRE","source":"Géoportail ANSTAT"}},{"type":"Feature","geometry":{"type":"Point","coordinates":[-3.683399999999949,5.968000000000075]},"properties":{"id":108836,"nom":"EPV FRATERNITE_PRIMAIRE","type":"ecole primaire","district_region":null,"departement_commune":null,"verifie":true,"name":"EPV FRATERNITE_PRIMAIRE","source":"Géoportail ANSTAT"}},{"type":"Feature","geometry":{"type":"Point","coordinates":[-3.975879999999961,5.392720000000054]},"properties":{"id":108837,"nom":"EPVGROUPE FRED ET POPPEE_PRIMAIRE","type":"ecole primaire","district_region":null,"departement_commune":null,"verifie":true,"name":"EPVGROUPE FRED ET POPPEE_PRIMAIRE","source":"Géoportail ANSTAT"}},{"type":"Feature","geometry":{"type":"Point","coordinates":[-3.963398394999956,5.326452697000036]},"properties":{"id":108838,"nom":"EPV G.S SAINT MARC_PRIMAIRE","type":"ecole primaire","district_region":null,"departement_commune":null,"verifie":true,"name":"EPV G.S SAINT MARC_PRIMAIRE","source":"Géoportail ANSTAT"}},{"type":"Feature","geometry":{"type":"Point","coordinates":[-4.054700999999966,5.490802000000031]},"properties":{"id":108839,"nom":"EPV GRACE ESTHER_PRIMAIRE","type":"ecole primaire","district_region":null,"departement_commune":null,"verifie":true,"name":"EPV GRACE ESTHER_PRIMAIRE","source":"Géoportail ANSTAT"}},{"type":"Feature","geometry":{"type":"Point","coordinates":[-3.968499999999949,5.38190000000003]},"properties":{"id":108840,"nom":"EPV GROUPE SCOLAIRE LES CHERUBINS_PRIMAIRE","type":"ecole primaire","district_region":null,"departement_commune":null,"verifie":true,"name":"EPV GROUPE SCOLAIRE LES CHERUBINS_PRIMAIRE","source":"Géoportail ANSTAT"}},{"type":"Feature","geometry":{"type":"Point","coordinates":[-3.456559999999968,5.96837000000005]},"properties":{"id":108841,"nom":"EPV GS ASSEMBLEE DE DIEU EDEN PLATEAU DOKUI_PRIMAIRE","type":"ecole primaire","district_region":null,"departement_commune":null,"verifie":true,"name":"EPV GS ASSEMBLEE DE DIEU EDEN PLATEAU DOKUI_PRIMAIRE","source":"Géoportail ANSTAT"}},{"type":"Feature","geometry":{"type":"Point","coordinates":[-3.968739999999968,5.382990000000063]},"properties":{"id":108842,"nom":"EPV GS LES PETITES ABEILLES DE COCODY_PRIMAIRE","type":"ecole primaire","district_region":null,"departement_commune":null,"verifie":true,"name":"EPV GS LES PETITES ABEILLES DE COCODY_PRIMAIRE","source":"Géoportail ANSTAT"}},{"type":"Feature","geometry":{"type":"Point","coordinates":[-4.015661999999963,5.37875200000002]},"properties":{"id":108843,"nom":"EPV GS MERLAN_PRIMAIRE","type":"ecole primaire","district_region":null,"departement_commune":null,"verifie":true,"name":"EPV GS MERLAN_PRIMAIRE","source":"Géoportail ANSTAT"}},{"type":"Feature","geometry":{"type":"Point","coordinates":[-3.966861999999935,5.368934000000024]},"properties":{"id":108844,"nom":"EPV GSC LE FIGUIER_PRIMAIRE","type":"ecole primaire","district_region":null,"departement_commune":null,"verifie":true,"name":"EPV GSC LE FIGUIER_PRIMAIRE","source":"Géoportail ANSTAT"}},{"type":"Feature","geometry":{"type":"Point","coordinates":[-3.986940999999945,5.392894000000069]},"properties":{"id":108845,"nom":"EPV GSI LES CYGNES_PRIMAIRE","type":"ecole primaire","district_region":null,"departement_commune":null,"verifie":true,"name":"EPV GSI LES CYGNES_PRIMAIRE","source":"Géoportail ANSTAT"}},{"type":"Feature","geometry":{"type":"Point","coordinates":[-4.021951999999942,5.350378000000035]},"properties":{"id":108846,"nom":"EPC MIXTE DOUMBIA_PRIMAIRE","type":"ecole primaire","district_region":null,"departement_commune":null,"verifie":true,"name":"EPC MIXTE DOUMBIA_PRIMAIRE","source":"Géoportail ANSTAT"}},{"type":"Feature","geometry":{"type":"Point","coordinates":[-3.944439999999929,5.337788000000046]},"properties":{"id":108847,"nom":"EPV HELIORETH_PRIMAIRE","type":"ecole primaire","district_region":null,"departement_commune":null,"verifie":true,"name":"EPV HELIORETH_PRIMAIRE","source":"Géoportail ANSTAT"}},{"type":"Feature","geometry":{"type":"Point","coordinates":[-3.942769999999939,5.364835000000028]},"properties":{"id":108848,"nom":"EPV HENRI BARBUSSE_PRIMAIRE","type":"ecole primaire","district_region":null,"departement_commune":null,"verifie":true,"name":"EPV HENRI BARBUSSE_PRIMAIRE","source":"Géoportail ANSTAT"}},{"type":"Feature","geometry":{"type":"Point","coordinates":[-3.929427999999973,5.368137000000047]},"properties":{"id":108849,"nom":"EPV HENRI CARTAN_PRIMAIRE","type":"ecole primaire","district_region":null,"departement_commune":null,"verifie":true,"name":"EPV HENRI CARTAN_PRIMAIRE","source":"Géoportail ANSTAT"}},{"type":"Feature","geometry":{"type":"Point","coordinates":[-3.869999999999948,5.470000000000027]},"properties":{"id":108850,"nom":"EPV INSTITUT CHARLES LEROY_PRIMAIRE","type":"ecole primaire","district_region":null,"departement_commune":null,"verifie":true,"name":"EPV INSTITUT CHARLES LEROY_PRIMAIRE","source":"Géoportail ANSTAT"}},{"type":"Feature","geometry":{"type":"Point","coordinates":[-3.980069999999955,5.417105000000049]},"properties":{"id":108851,"nom":"EPV INSTITUT SCOLAIRE LAVOISIER_PRIMAIRE","type":"ecole primaire","district_region":null,"departement_commune":null,"verifie":true,"name":"EPV INSTITUT SCOLAIRE LAVOISIER_PRIMAIRE","source":"Géoportail ANSTAT"}},{"type":"Feature","geometry":{"type":"Point","coordinates":[-3.951999999999941,5.378000000000043]},"properties":{"id":108852,"nom":"EPV ISMAT_PRIMAIRE","type":"ecole primaire","district_region":null,"departement_commune":null,"verifie":true,"name":"EPV ISMAT_PRIMAIRE","source":"Géoportail ANSTAT"}},{"type":"Feature","geometry":{"type":"Point","coordinates":[-3.949986999999965,5.333331000000044]},"properties":{"id":108853,"nom":"EPV JEAN XIII_PRIMAIRE","type":"ecole primaire","district_region":null,"departement_commune":null,"verifie":true,"name":"EPV JEAN XIII_PRIMAIRE","source":"Géoportail ANSTAT"}},{"type":"Feature","geometry":{"type":"Point","coordinates":[-3.93222899999995,5.364155000000039]},"properties":{"id":108854,"nom":"EPV JEAN XIII LAURIER_PRIMAIRE","type":"ecole primaire","district_region":null,"departement_commune":null,"verifie":true,"name":"EPV JEAN XIII LAURIER_PRIMAIRE","source":"Géoportail ANSTAT"}},{"type":"Feature","geometry":{"type":"Point","coordinates":[-3.979956999999956,5.403061000000037]},"properties":{"id":108855,"nom":"EPV JEANIFA SCHOOL_PRIMAIRE","type":"ecole primaire","district_region":null,"departement_commune":null,"verifie":true,"name":"EPV JEANIFA SCHOOL_PRIMAIRE","source":"Géoportail ANSTAT"}},{"type":"Feature","geometry":{"type":"Point","coordinates":[-4.017402999999945,5.363567000000046]},"properties":{"id":108856,"nom":"EPV KONATE WILLIAMSVILLE_PRIMAIRE","type":"ecole primaire","district_region":null,"departement_commune":null,"verifie":true,"name":"EPV KONATE WILLIAMSVILLE_PRIMAIRE","source":"Géoportail ANSTAT"}},{"type":"Feature","geometry":{"type":"Point","coordinates":[-4.027881999999977,5.346937000000025]},"properties":{"id":108857,"nom":"EPV KONE ABDOULAYE_PRIMAIRE","type":"ecole primaire","district_region":null,"departement_commune":null,"verifie":true,"name":"EPV KONE ABDOULAYE_PRIMAIRE","source":"Géoportail ANSTAT"}},{"type":"Feature","geometry":{"type":"Point","coordinates":[-3.649999999999977,5.362000000000023]},"properties":{"id":108858,"nom":"EPV LA BELLE FONTAINE_PRIMAIRE","type":"ecole primaire","district_region":null,"departement_commune":null,"verifie":true,"name":"EPV LA BELLE FONTAINE_PRIMAIRE","source":"Géoportail ANSTAT"}},{"type":"Feature","geometry":{"type":"Point","coordinates":[-3.564499999999953,5.968360000000075]},"properties":{"id":108859,"nom":"EPV LA CLE_PRIMAIRE","type":"ecole primaire","district_region":null,"departement_commune":null,"verifie":true,"name":"EPV LA CLE_PRIMAIRE","source":"Géoportail ANSTAT"}},{"type":"Feature","geometry":{"type":"Point","coordinates":[-3.948057999999946,5.397676000000047]},"properties":{"id":108860,"nom":"EPV LA COMPTINE DES TOUT-PETITS_PRIMAIRE","type":"ecole primaire","district_region":null,"departement_commune":null,"verifie":true,"name":"EPV LA COMPTINE DES TOUT-PETITS_PRIMAIRE","source":"Géoportail ANSTAT"}},{"type":"Feature","geometry":{"type":"Point","coordinates":[-3.969059999999956,5.352012000000059]},"properties":{"id":108861,"nom":"EPV LA MADELEINE PEDAGOGIE FREINET_PRIMAIRE","type":"ecole primaire","district_region":null,"departement_commune":null,"verifie":true,"name":"EPV LA MADELEINE PEDAGOGIE FREINET_PRIMAIRE","source":"Géoportail ANSTAT"}},{"type":"Feature","geometry":{"type":"Point","coordinates":[-3.906248999999946,5.370106000000021]},"properties":{"id":108862,"nom":"EPV LA NOUVELLE ROSEE_PRIMAIRE","type":"ecole primaire","district_region":null,"departement_commune":null,"verifie":true,"name":"EPV LA NOUVELLE ROSEE_PRIMAIRE","source":"Géoportail ANSTAT"}},{"type":"Feature","geometry":{"type":"Point","coordinates":[-3.951061999999979,5.367763000000025]},"properties":{"id":108863,"nom":"EPV LA PALMERAIE_PRIMAIRE","type":"ecole primaire","district_region":null,"departement_commune":null,"verifie":true,"name":"EPV LA PALMERAIE_PRIMAIRE","source":"Géoportail ANSTAT"}},{"type":"Feature","geometry":{"type":"Point","coordinates":[-3.95799999999997,5.384000000000071]},"properties":{"id":108864,"nom":"EPV LA PEROUSE_PRIMAIRE","type":"ecole primaire","district_region":null,"departement_commune":null,"verifie":true,"name":"EPV LA PEROUSE_PRIMAIRE","source":"Géoportail ANSTAT"}},{"type":"Feature","geometry":{"type":"Point","coordinates":[-3.911389999999926,5.379565000000071]},"properties":{"id":108865,"nom":"EPV LA PRUNELLE_PRIMAIRE","type":"ecole primaire","district_region":null,"departement_commune":null,"verifie":true,"name":"EPV LA PRUNELLE_PRIMAIRE","source":"Géoportail ANSTAT"}},{"type":"Feature","geometry":{"type":"Point","coordinates":[-3.921573999999964,5.341573000000039]},"properties":{"id":108866,"nom":"EPV LA REGLE D ORIBAT_PRIMAIRE","type":"ecole primaire","district_region":null,"departement_commune":null,"verifie":true,"name":"EPV LA REGLE D ORIBAT_PRIMAIRE","source":"Géoportail ANSTAT"}},{"type":"Feature","geometry":{"type":"Point","coordinates":[-4.021851999999967,5.367597000000046]},"properties":{"id":108867,"nom":"EPV LA SORBONNE_PRIMAIRE","type":"ecole primaire","district_region":null,"departement_commune":null,"verifie":true,"name":"EPV LA SORBONNE_PRIMAIRE","source":"Géoportail ANSTAT"}},{"type":"Feature","geometry":{"type":"Point","coordinates":[-3.890620999999953,5.374311000000034]},"properties":{"id":108868,"nom":"EPV ELISABETH KATIE_PRIMAIRE","type":"ecole primaire","district_region":null,"departement_commune":null,"verifie":true,"name":"EPV ELISABETH KATIE_PRIMAIRE","source":"Géoportail ANSTAT"}},{"type":"Feature","geometry":{"type":"Point","coordinates":[-3.926366999999971,5.38941600000004]},"properties":{"id":108869,"nom":"EPV LABI ELISABETH_PRIMAIRE","type":"ecole primaire","district_region":null,"departement_commune":null,"verifie":true,"name":"EPV LABI ELISABETH_PRIMAIRE","source":"Géoportail ANSTAT"}},{"type":"Feature","geometry":{"type":"Point","coordinates":[-3.863099999999974,5.967600000000061]},"properties":{"id":108870,"nom":"EPV L ALPHABET_PRIMAIRE","type":"ecole primaire","district_region":null,"departement_commune":null,"verifie":true,"name":"EPV L ALPHABET_PRIMAIRE","source":"Géoportail ANSTAT"}},{"type":"Feature","geometry":{"type":"Point","coordinates":[-3.977281999999946,5.337035000000071]},"properties":{"id":108871,"nom":"EPV L ATHENE DES ANGES_PRIMAIRE","type":"ecole primaire","district_region":null,"departement_commune":null,"verifie":true,"name":"EPV L ATHENE DES ANGES_PRIMAIRE","source":"Géoportail ANSTAT"}},{"type":"Feature","geometry":{"type":"Point","coordinates":[-3.543653999999947,5.885340000000042]},"properties":{"id":108872,"nom":"EPV LE BON BERGER_PRIMAIRE","type":"ecole primaire","district_region":null,"departement_commune":null,"verifie":true,"name":"EPV LE BON BERGER_PRIMAIRE","source":"Géoportail ANSTAT"}},{"type":"Feature","geometry":{"type":"Point","coordinates":[-3.959864999999979,5.369323000000065]},"properties":{"id":108873,"nom":"EPV LE CANEVAS_PRIMAIRE","type":"ecole primaire","district_region":null,"departement_commune":null,"verifie":true,"name":"EPV LE CANEVAS_PRIMAIRE","source":"Géoportail ANSTAT"}},{"type":"Feature","geometry":{"type":"Point","coordinates":[-3.846799999999973,5.348681000000056]},"properties":{"id":108874,"nom":"EPV LE COEUR DE LA MERE THERESA_PRIMAIRE","type":"ecole primaire","district_region":null,"departement_commune":null,"verifie":true,"name":"EPV LE COEUR DE LA MERE THERESA_PRIMAIRE","source":"Géoportail ANSTAT"}},{"type":"Feature","geometry":{"type":"Point","coordinates":[-3.956492999999966,5.358380000000068]},"properties":{"id":108875,"nom":"EPV LE CORTEX_PRIMAIRE","type":"ecole primaire","district_region":null,"departement_commune":null,"verifie":true,"name":"EPV LE CORTEX_PRIMAIRE","source":"Géoportail ANSTAT"}},{"type":"Feature","geometry":{"type":"Point","coordinates":[-3.567999999999927,5.968000000000075]},"properties":{"id":108876,"nom":"EPV LE FLEURON_PRIMAIRE","type":"ecole primaire","district_region":null,"departement_commune":null,"verifie":true,"name":"EPV LE FLEURON_PRIMAIRE","source":"Géoportail ANSTAT"}},{"type":"Feature","geometry":{"type":"Point","coordinates":[-4.049999999999955,5.490000000000066]},"properties":{"id":108877,"nom":"EPV LE MIRI_PRIMAIRE","type":"ecole primaire","district_region":null,"departement_commune":null,"verifie":true,"name":"EPV LE MIRI_PRIMAIRE","source":"Géoportail ANSTAT"}},{"type":"Feature","geometry":{"type":"Point","coordinates":[-3.568539999999928,5.968365000000063]},"properties":{"id":108878,"nom":"EPV LE MONDE DES ANGES_PRIMAIRE","type":"ecole primaire","district_region":null,"departement_commune":null,"verifie":true,"name":"EPV LE MONDE DES ANGES_PRIMAIRE","source":"Géoportail ANSTAT"}},{"type":"Feature","geometry":{"type":"Point","coordinates":[-3.97246999999993,5.376060000000052]},"properties":{"id":108879,"nom":"EPV LE MUGUET_PRIMAIRE","type":"ecole primaire","district_region":null,"departement_commune":null,"verifie":true,"name":"EPV LE MUGUET_PRIMAIRE","source":"Géoportail ANSTAT"}},{"type":"Feature","geometry":{"type":"Point","coordinates":[-3.973227999999949,5.602833000000032]},"properties":{"id":108880,"nom":"EPV LE PONT NEUF_PRIMAIRE","type":"ecole primaire","district_region":null,"departement_commune":null,"verifie":true,"name":"EPV LE PONT NEUF_PRIMAIRE","source":"Géoportail ANSTAT"}},{"type":"Feature","geometry":{"type":"Point","coordinates":[-3.255499999999927,5.987700000000075]},"properties":{"id":108881,"nom":"EPV LE POURVOYEUR_PRIMAIRE","type":"ecole primaire","district_region":null,"departement_commune":null,"verifie":true,"name":"EPV LE POURVOYEUR_PRIMAIRE","source":"Géoportail ANSTAT"}},{"type":"Feature","geometry":{"type":"Point","coordinates":[-3.964508999999964,5.362440000000049]},"properties":{"id":108882,"nom":"EPV LE P TIT ROYAUME_PRIMAIRE","type":"ecole primaire","district_region":null,"departement_commune":null,"verifie":true,"name":"EPV LE P TIT ROYAUME_PRIMAIRE","source":"Géoportail ANSTAT"}},{"type":"Feature","geometry":{"type":"Point","coordinates":[-3.984416999999951,5.41124700000006]},"properties":{"id":108883,"nom":"EPV LE ROYAUME DES ENFANTS_PRIMAIRE","type":"ecole primaire","district_region":null,"departement_commune":null,"verifie":true,"name":"EPV LE ROYAUME DES ENFANTS_PRIMAIRE","source":"Géoportail ANSTAT"}},{"type":"Feature","geometry":{"type":"Point","coordinates":[-3.909616999999969,5.365533000000028]},"properties":{"id":108884,"nom":"EPV LE TRIOMPHE_PRIMAIRE","type":"ecole primaire","district_region":null,"departement_commune":null,"verifie":true,"name":"EPV LE TRIOMPHE_PRIMAIRE","source":"Géoportail ANSTAT"}},{"type":"Feature","geometry":{"type":"Point","coordinates":[-4.027057999999954,5.36001600000003]},"properties":{"id":108885,"nom":"EPV LEGRAND 2_PRIMAIRE","type":"ecole primaire","district_region":null,"departement_commune":null,"verifie":true,"name":"EPV LEGRAND 2_PRIMAIRE","source":"Géoportail ANSTAT"}},{"type":"Feature","geometry":{"type":"Point","coordinates":[-3.567999999999927,5.986800000000073]},"properties":{"id":108886,"nom":"EPV LES ACADEMICIEN_PRIMAIRE","type":"ecole primaire","district_region":null,"departement_commune":null,"verifie":true,"name":"EPV LES ACADEMICIEN_PRIMAIRE","source":"Géoportail ANSTAT"}},{"type":"Feature","geometry":{"type":"Point","coordinates":[-3.930139999999938,5.361854000000051]},"properties":{"id":108887,"nom":"EPV LES ADORABLES_PRIMAIRE","type":"ecole primaire","district_region":null,"departement_commune":null,"verifie":true,"name":"EPV LES ADORABLES_PRIMAIRE","source":"Géoportail ANSTAT"}},{"type":"Feature","geometry":{"type":"Point","coordinates":[-3.924076999999954,5.350383000000022]},"properties":{"id":108888,"nom":"EPV LES AGNEAUX_PRIMAIRE","type":"ecole primaire","district_region":null,"departement_commune":null,"verifie":true,"name":"EPV LES AGNEAUX_PRIMAIRE","source":"Géoportail ANSTAT"}},{"type":"Feature","geometry":{"type":"Point","coordinates":[-3.568939999999941,5.986300000000028]},"properties":{"id":108889,"nom":"EPV  LA MISERICORDE_PRIMAIRE","type":"ecole primaire","district_region":null,"departement_commune":null,"verifie":true,"name":"EPV  LA MISERICORDE_PRIMAIRE","source":"Géoportail ANSTAT"}},{"type":"Feature","geometry":{"type":"Point","coordinates":[-3.937030999999934,5.363614000000041]},"properties":{"id":108890,"nom":"EPV LES ALIZEES_PRIMAIRE","type":"ecole primaire","district_region":null,"departement_commune":null,"verifie":true,"name":"EPV LES ALIZEES_PRIMAIRE","source":"Géoportail ANSTAT"}},{"type":"Feature","geometry":{"type":"Point","coordinates":[-4.02610999999996,5.358635000000049]},"properties":{"id":108891,"nom":"EPV LES ALOUETTES_PRIMAIRE","type":"ecole primaire","district_region":null,"departement_commune":null,"verifie":true,"name":"EPV LES ALOUETTES_PRIMAIRE","source":"Géoportail ANSTAT"}},{"type":"Feature","geometry":{"type":"Point","coordinates":[-3.35979999999995,5.365240000000028]},"properties":{"id":108892,"nom":"EPV LES AMARYLLIS_PRIMAIRE","type":"ecole primaire","district_region":null,"departement_commune":null,"verifie":true,"name":"EPV LES AMARYLLIS_PRIMAIRE","source":"Géoportail ANSTAT"}},{"type":"Feature","geometry":{"type":"Point","coordinates":[-3.956159999999954,5.356970000000047]},"properties":{"id":108893,"nom":"EPV LES AMIS DE SAINT JOSEPH_PRIMAIRE","type":"ecole primaire","district_region":null,"departement_commune":null,"verifie":true,"name":"EPV LES AMIS DE SAINT JOSEPH_PRIMAIRE","source":"Géoportail ANSTAT"}},{"type":"Feature","geometry":{"type":"Point","coordinates":[-4.008609999999976,5.382948000000056]},"properties":{"id":108894,"nom":"EPV LES BOSSONS_PRIMAIRE","type":"ecole primaire","district_region":null,"departement_commune":null,"verifie":true,"name":"EPV LES BOSSONS_PRIMAIRE","source":"Géoportail ANSTAT"}},{"type":"Feature","geometry":{"type":"Point","coordinates":[-3.962458999999967,5.391444000000035]},"properties":{"id":108895,"nom":"EPV LES COLLINETTES_PRIMAIRE","type":"ecole primaire","district_region":null,"departement_commune":null,"verifie":true,"name":"EPV LES COLLINETTES_PRIMAIRE","source":"Géoportail ANSTAT"}},{"type":"Feature","geometry":{"type":"Point","coordinates":[-3.990689999999972,5.369082000000049]},"properties":{"id":108896,"nom":"EPV LES DAUPHINS_PRIMAIRE","type":"ecole primaire","district_region":null,"departement_commune":null,"verifie":true,"name":"EPV LES DAUPHINS_PRIMAIRE","source":"Géoportail ANSTAT"}},{"type":"Feature","geometry":{"type":"Point","coordinates":[-3.864099999999951,5.986000000000047]},"properties":{"id":108897,"nom":"EPV LES FLAMBOYANTS_PRIMAIRE","type":"ecole primaire","district_region":null,"departement_commune":null,"verifie":true,"name":"EPV LES FLAMBOYANTS_PRIMAIRE","source":"Géoportail ANSTAT"}},{"type":"Feature","geometry":{"type":"Point","coordinates":[-3.989412999999956,5.416279000000031]},"properties":{"id":108898,"nom":"EPV LES FLORIANES_PRIMAIRE","type":"ecole primaire","district_region":null,"departement_commune":null,"verifie":true,"name":"EPV LES FLORIANES_PRIMAIRE","source":"Géoportail ANSTAT"}},{"type":"Feature","geometry":{"type":"Point","coordinates":[-3.933014999999955,5.328922000000034]},"properties":{"id":108899,"nom":"GS LES BEATITUDES_PRIMAIRE","type":"ecole primaire","district_region":null,"departement_commune":null,"verifie":true,"name":"GS LES BEATITUDES_PRIMAIRE","source":"Géoportail ANSTAT"}},{"type":"Feature","geometry":{"type":"Point","coordinates":[-4.018812999999966,5.359329000000059]},"properties":{"id":108900,"nom":"EPV LES HIRONDELLES_PRIMAIRE","type":"ecole primaire","district_region":null,"departement_commune":null,"verifie":true,"name":"EPV LES HIRONDELLES_PRIMAIRE","source":"Géoportail ANSTAT"}},{"type":"Feature","geometry":{"type":"Point","coordinates":[-3.978639999999928,5.350950000000068]},"properties":{"id":108901,"nom":"EPV LES JASMINS_PRIMAIRE","type":"ecole primaire","district_region":null,"departement_commune":null,"verifie":true,"name":"EPV LES JASMINS_PRIMAIRE","source":"Géoportail ANSTAT"}},{"type":"Feature","geometry":{"type":"Point","coordinates":[-3.925907999999936,5.377827000000025]},"properties":{"id":108902,"nom":"EPV LES LAUREADES_PRIMAIRE","type":"ecole primaire","district_region":null,"departement_commune":null,"verifie":true,"name":"EPV LES LAUREADES_PRIMAIRE","source":"Géoportail ANSTAT"}},{"type":"Feature","geometry":{"type":"Point","coordinates":[-4.028127999999981,5.37128000000007]},"properties":{"id":108903,"nom":"EPV LES MERVEILLES_PRIMAIRE","type":"ecole primaire","district_region":null,"departement_commune":null,"verifie":true,"name":"EPV LES MERVEILLES_PRIMAIRE","source":"Géoportail ANSTAT"}},{"type":"Feature","geometry":{"type":"Point","coordinates":[-4.019296999999938,5.352290000000039]},"properties":{"id":108904,"nom":"EPV LES MESANGES_PRIMAIRE","type":"ecole primaire","district_region":null,"departement_commune":null,"verifie":true,"name":"EPV LES MESANGES_PRIMAIRE","source":"Géoportail ANSTAT"}},{"type":"Feature","geometry":{"type":"Point","coordinates":[-4.024604999999951,5.360177000000022]},"properties":{"id":108905,"nom":"EPV LES MOINEAUX_PRIMAIRE","type":"ecole primaire","district_region":null,"departement_commune":null,"verifie":true,"name":"EPV LES MOINEAUX_PRIMAIRE","source":"Géoportail ANSTAT"}},{"type":"Feature","geometry":{"type":"Point","coordinates":[-3.989921999999979,5.382116000000053]},"properties":{"id":108906,"nom":"EPV LES PAPILLONS_PRIMAIRE","type":"ecole primaire","district_region":null,"departement_commune":null,"verifie":true,"name":"EPV LES PAPILLONS_PRIMAIRE","source":"Géoportail ANSTAT"}},{"type":"Feature","geometry":{"type":"Point","coordinates":[-3.948056999999949,5.325715000000059]},"properties":{"id":108907,"nom":"EPV LES PAVILLONS DE LA GRACE_PRIMAIRE","type":"ecole primaire","district_region":null,"departement_commune":null,"verifie":true,"name":"EPV LES PAVILLONS DE LA GRACE_PRIMAIRE","source":"Géoportail ANSTAT"}},{"type":"Feature","geometry":{"type":"Point","coordinates":[-3.96999999999997,5.390000000000043]},"properties":{"id":108908,"nom":"EPV LES ROSIERS 8E TRANCHE_PRIMAIRE","type":"ecole primaire","district_region":null,"departement_commune":null,"verifie":true,"name":"EPV LES ROSIERS 8E TRANCHE_PRIMAIRE","source":"Géoportail ANSTAT"}},{"type":"Feature","geometry":{"type":"Point","coordinates":[-3.96999999999997,5.390000000000043]},"properties":{"id":108909,"nom":"EPV LES ROSIERS DE LA DJIBI_PRIMAIRE","type":"ecole primaire","district_region":null,"departement_commune":null,"verifie":true,"name":"EPV LES ROSIERS DE LA DJIBI_PRIMAIRE","source":"Géoportail ANSTAT"}},{"type":"Feature","geometry":{"type":"Point","coordinates":[-3.943315999999925,5.339174000000071]},"properties":{"id":108910,"nom":"EPV LES SCARABEES_PRIMAIRE","type":"ecole primaire","district_region":null,"departement_commune":null,"verifie":true,"name":"EPV LES SCARABEES_PRIMAIRE","source":"Géoportail ANSTAT"}},{"type":"Feature","geometry":{"type":"Point","coordinates":[-3.95090799999997,5.376068000000032]},"properties":{"id":108911,"nom":"EPV LOUIS NICOLLIN_PRIMAIRE","type":"ecole primaire","district_region":null,"departement_commune":null,"verifie":true,"name":"EPV LOUIS NICOLLIN_PRIMAIRE","source":"Géoportail ANSTAT"}},{"type":"Feature","geometry":{"type":"Point","coordinates":[-3.581839999999943,5.212659000000031]},"properties":{"id":108912,"nom":"EPV LUMIERE DE LA VIE_PRIMAIRE","type":"ecole primaire","district_region":null,"departement_commune":null,"verifie":true,"name":"EPV LUMIERE DE LA VIE_PRIMAIRE","source":"Géoportail ANSTAT"}},{"type":"Feature","geometry":{"type":"Point","coordinates":[-3.956159999999954,5.366772000000026]},"properties":{"id":108913,"nom":"EPV MACI CANADA_PRIMAIRE","type":"ecole primaire","district_region":null,"departement_commune":null,"verifie":true,"name":"EPV MACI CANADA_PRIMAIRE","source":"Géoportail ANSTAT"}},{"type":"Feature","geometry":{"type":"Point","coordinates":[-3.921614999999974,5.333713000000046]},"properties":{"id":108914,"nom":"EPV MAKORE_PRIMAIRE","type":"ecole primaire","district_region":null,"departement_commune":null,"verifie":true,"name":"EPV MAKORE_PRIMAIRE","source":"Géoportail ANSTAT"}},{"type":"Feature","geometry":{"type":"Point","coordinates":[-3.974173999999948,5.387440000000026]},"properties":{"id":108915,"nom":"EPV MAREL_PRIMAIRE","type":"ecole primaire","district_region":null,"departement_commune":null,"verifie":true,"name":"EPV MAREL_PRIMAIRE","source":"Géoportail ANSTAT"}},{"type":"Feature","geometry":{"type":"Point","coordinates":[-3.980101999999931,5.396752000000049]},"properties":{"id":108916,"nom":"EPV MARIE IMMACULEE_PRIMAIRE","type":"ecole primaire","district_region":null,"departement_commune":null,"verifie":true,"name":"EPV MARIE IMMACULEE_PRIMAIRE","source":"Géoportail ANSTAT"}},{"type":"Feature","geometry":{"type":"Point","coordinates":[-3.942098999999928,5.38714600000003]},"properties":{"id":108917,"nom":"EPV MARIE LALOU_PRIMAIRE","type":"ecole primaire","district_region":null,"departement_commune":null,"verifie":true,"name":"EPV MARIE LALOU_PRIMAIRE","source":"Géoportail ANSTAT"}},{"type":"Feature","geometry":{"type":"Point","coordinates":[-4.023045999999965,5.364745000000028]},"properties":{"id":108918,"nom":"EPV METHODISTE_PRIMAIRE","type":"ecole primaire","district_region":null,"departement_commune":null,"verifie":true,"name":"EPV METHODISTE_PRIMAIRE","source":"Géoportail ANSTAT"}},{"type":"Feature","geometry":{"type":"Point","coordinates":[-3.993349999999964,5.346707000000038]},"properties":{"id":108919,"nom":"EPV METHODISTE_PRIMAIRE","type":"ecole primaire","district_region":null,"departement_commune":null,"verifie":true,"name":"EPV METHODISTE_PRIMAIRE","source":"Géoportail ANSTAT"}},{"type":"Feature","geometry":{"type":"Point","coordinates":[-4.023715999999979,5.344877000000054]},"properties":{"id":108920,"nom":"EPV METHODISTE ADJAME_PRIMAIRE","type":"ecole primaire","district_region":null,"departement_commune":null,"verifie":true,"name":"EPV METHODISTE ADJAME_PRIMAIRE","source":"Géoportail ANSTAT"}},{"type":"Feature","geometry":{"type":"Point","coordinates":[-3.980519999999956,5.366293000000042]},"properties":{"id":108921,"nom":"EPV METHODISTE BONOUMIN_PRIMAIRE","type":"ecole primaire","district_region":null,"departement_commune":null,"verifie":true,"name":"EPV METHODISTE BONOUMIN_PRIMAIRE","source":"Géoportail ANSTAT"}},{"type":"Feature","geometry":{"type":"Point","coordinates":[-3.962016999999946,5.408772000000056]},"properties":{"id":108922,"nom":"EPV METHODISTE JOHN WESLEY  ANGRE BESIKOI_PRIMAIRE","type":"ecole primaire","district_region":null,"departement_commune":null,"verifie":true,"name":"EPV METHODISTE JOHN WESLEY  ANGRE BESIKOI_PRIMAIRE","source":"Géoportail ANSTAT"}},{"type":"Feature","geometry":{"type":"Point","coordinates":[-3.657399999999939,5.968300000000056]},"properties":{"id":108923,"nom":"EPV MEVE-CI_PRIMAIRE","type":"ecole primaire","district_region":null,"departement_commune":null,"verifie":true,"name":"EPV MEVE-CI_PRIMAIRE","source":"Géoportail ANSTAT"}},{"type":"Feature","geometry":{"type":"Point","coordinates":[-3.949274999999943,5.378756000000067]},"properties":{"id":108924,"nom":"EPV MICHEL SARRAZIN_PRIMAIRE","type":"ecole primaire","district_region":null,"departement_commune":null,"verifie":true,"name":"EPV MICHEL SARRAZIN_PRIMAIRE","source":"Géoportail ANSTAT"}},{"type":"Feature","geometry":{"type":"Point","coordinates":[-3.949309999999969,5.32797800000003]},"properties":{"id":108925,"nom":"EPV MIMY S SCHOOL INTERNATIONAL_PRIMAIRE","type":"ecole primaire","district_region":null,"departement_commune":null,"verifie":true,"name":"EPV MIMY S SCHOOL INTERNATIONAL_PRIMAIRE","source":"Géoportail ANSTAT"}},{"type":"Feature","geometry":{"type":"Point","coordinates":[-4.022935999999959,5.340819000000067]},"properties":{"id":108926,"nom":"EPV MISSION LIBANAISE_PRIMAIRE","type":"ecole primaire","district_region":null,"departement_commune":null,"verifie":true,"name":"EPV MISSION LIBANAISE_PRIMAIRE","source":"Géoportail ANSTAT"}},{"type":"Feature","geometry":{"type":"Point","coordinates":[-4.021009999999933,5.370040000000074]},"properties":{"id":108927,"nom":"EPV MOUSTAPHA GOITA_PRIMAIRE","type":"ecole primaire","district_region":null,"departement_commune":null,"verifie":true,"name":"EPV MOUSTAPHA GOITA_PRIMAIRE","source":"Géoportail ANSTAT"}},{"type":"Feature","geometry":{"type":"Point","coordinates":[-3.880742999999939,5.34229700000003]},"properties":{"id":108928,"nom":"EPV NAMAN_PRIMAIRE","type":"ecole primaire","district_region":null,"departement_commune":null,"verifie":true,"name":"EPV NAMAN_PRIMAIRE","source":"Géoportail ANSTAT"}},{"type":"Feature","geometry":{"type":"Point","coordinates":[-3.997882999999945,5.323880000000031]},"properties":{"id":108929,"nom":"EPV NDA BLOCKHAUSS_PRIMAIRE","type":"ecole primaire","district_region":null,"departement_commune":null,"verifie":true,"name":"EPV NDA BLOCKHAUSS_PRIMAIRE","source":"Géoportail ANSTAT"}},{"type":"Feature","geometry":{"type":"Point","coordinates":[-3.571876999999972,5.223875000000021]},"properties":{"id":108930,"nom":"EPV NDP RIVIERA PALMERAIE_PRIMAIRE","type":"ecole primaire","district_region":null,"departement_commune":null,"verifie":true,"name":"EPV NDP RIVIERA PALMERAIE_PRIMAIRE","source":"Géoportail ANSTAT"}},{"type":"Feature","geometry":{"type":"Point","coordinates":[-3.132699999999943,5.331870000000038]},"properties":{"id":108931,"nom":"EPV N GUESSAN BI_PRIMAIRE","type":"ecole primaire","district_region":null,"departement_commune":null,"verifie":true,"name":"EPV N GUESSAN BI_PRIMAIRE","source":"Géoportail ANSTAT"}},{"type":"Feature","geometry":{"type":"Point","coordinates":[-3.536755999999968,5.212877000000049]},"properties":{"id":108932,"nom":"EPC NOTRE DAME DE LA PAIX_PRIMAIRE","type":"ecole primaire","district_region":null,"departement_commune":null,"verifie":true,"name":"EPC NOTRE DAME DE LA PAIX_PRIMAIRE","source":"Géoportail ANSTAT"}},{"type":"Feature","geometry":{"type":"Point","coordinates":[-3.988664999999969,5.400196000000051]},"properties":{"id":108933,"nom":"EPV NOTRE DAME DES 2 PLATEAUX_PRIMAIRE","type":"ecole primaire","district_region":null,"departement_commune":null,"verifie":true,"name":"EPV NOTRE DAME DES 2 PLATEAUX_PRIMAIRE","source":"Géoportail ANSTAT"}},{"type":"Feature","geometry":{"type":"Point","coordinates":[-4.020024999999976,5.345035000000053]},"properties":{"id":108934,"nom":"EPV NOTRE DAME DES APOTRES_PRIMAIRE","type":"ecole primaire","district_region":null,"departement_commune":null,"verifie":true,"name":"EPV NOTRE DAME DES APOTRES_PRIMAIRE","source":"Géoportail ANSTAT"}},{"type":"Feature","geometry":{"type":"Point","coordinates":[-4.02828999999997,5.35352800000004]},"properties":{"id":108935,"nom":"EPV NOUR AL HIDAYA_PRIMAIRE","type":"ecole primaire","district_region":null,"departement_commune":null,"verifie":true,"name":"EPV NOUR AL HIDAYA_PRIMAIRE","source":"Géoportail ANSTAT"}},{"type":"Feature","geometry":{"type":"Point","coordinates":[-4.029571999999973,5.345145000000059]},"properties":{"id":108936,"nom":"EPV OUMAR BOUN KHATAB_PRIMAIRE","type":"ecole primaire","district_region":null,"departement_commune":null,"verifie":true,"name":"EPV OUMAR BOUN KHATAB_PRIMAIRE","source":"Géoportail ANSTAT"}},{"type":"Feature","geometry":{"type":"Point","coordinates":[-3.926281999999958,5.360852000000023]},"properties":{"id":108937,"nom":"EPV PRIMUS_PRIMAIRE","type":"ecole primaire","district_region":null,"departement_commune":null,"verifie":true,"name":"EPV PRIMUS_PRIMAIRE","source":"Géoportail ANSTAT"}},{"type":"Feature","geometry":{"type":"Point","coordinates":[-3.986519999999928,5.339870000000076]},"properties":{"id":108938,"nom":"EPV RODOLPHE EBENEZER_PRIMAIRE","type":"ecole primaire","district_region":null,"departement_commune":null,"verifie":true,"name":"EPV RODOLPHE EBENEZER_PRIMAIRE","source":"Géoportail ANSTAT"}},{"type":"Feature","geometry":{"type":"Point","coordinates":[-3.885964999999942,5.35807600000004]},"properties":{"id":108939,"nom":"EPC SAINT AUGUSTIN_PRIMAIRE","type":"ecole primaire","district_region":null,"departement_commune":null,"verifie":true,"name":"EPC SAINT AUGUSTIN_PRIMAIRE","source":"Géoportail ANSTAT"}},{"type":"Feature","geometry":{"type":"Point","coordinates":[-3.972226999999975,5.343812000000071]},"properties":{"id":108940,"nom":"EPV SAINT FRANCOIS XAVIER D ANONO_PRIMAIRE","type":"ecole primaire","district_region":null,"departement_commune":null,"verifie":true,"name":"EPV SAINT FRANCOIS XAVIER D ANONO_PRIMAIRE","source":"Géoportail ANSTAT"}},{"type":"Feature","geometry":{"type":"Point","coordinates":[-3.651399999999967,5.968000000000075]},"properties":{"id":108941,"nom":"EPV SAINT JOSEPH LA SAGESSE_PRIMAIRE","type":"ecole primaire","district_region":null,"departement_commune":null,"verifie":true,"name":"EPV SAINT JOSEPH LA SAGESSE_PRIMAIRE","source":"Géoportail ANSTAT"}},{"type":"Feature","geometry":{"type":"Point","coordinates":[-4.021697999999958,5.366684000000021]},"properties":{"id":108942,"nom":"EPV SAINT KIZITO_PRIMAIRE","type":"ecole primaire","district_region":null,"departement_commune":null,"verifie":true,"name":"EPV SAINT KIZITO_PRIMAIRE","source":"Géoportail ANSTAT"}},{"type":"Feature","geometry":{"type":"Point","coordinates":[-4.021855999999957,5.345015000000046]},"properties":{"id":108943,"nom":"EPV SAINT MICHEL 1_PRIMAIRE","type":"ecole primaire","district_region":null,"departement_commune":null,"verifie":true,"name":"EPV SAINT MICHEL 1_PRIMAIRE","source":"Géoportail ANSTAT"}},{"type":"Feature","geometry":{"type":"Point","coordinates":[-4.021855999999957,5.345015000000046]},"properties":{"id":108944,"nom":"EPV SAINT MICHEL 2_PRIMAIRE","type":"ecole primaire","district_region":null,"departement_commune":null,"verifie":true,"name":"EPV SAINT MICHEL 2_PRIMAIRE","source":"Géoportail ANSTAT"}},{"type":"Feature","geometry":{"type":"Point","coordinates":[-3.942177999999956,5.327017000000069]},"properties":{"id":108945,"nom":"EPV SAINT ROSAIRE_PRIMAIRE","type":"ecole primaire","district_region":null,"departement_commune":null,"verifie":true,"name":"EPV SAINT ROSAIRE_PRIMAIRE","source":"Géoportail ANSTAT"}},{"type":"Feature","geometry":{"type":"Point","coordinates":[-3.932471999999962,5.370300000000043]},"properties":{"id":108946,"nom":"EPV SAINTE ANNE_PRIMAIRE","type":"ecole primaire","district_region":null,"departement_commune":null,"verifie":true,"name":"EPV SAINTE ANNE_PRIMAIRE","source":"Géoportail ANSTAT"}},{"type":"Feature","geometry":{"type":"Point","coordinates":[-3.921631999999931,5.369169000000056]},"properties":{"id":108947,"nom":"EPV SAINTE ANNE II_PRIMAIRE","type":"ecole primaire","district_region":null,"departement_commune":null,"verifie":true,"name":"EPV SAINTE ANNE II_PRIMAIRE","source":"Géoportail ANSTAT"}},{"type":"Feature","geometry":{"type":"Point","coordinates":[-3.932472999999959,5.368987000000061]},"properties":{"id":108948,"nom":"EPV SAINTE FAMILLE DE L ENFANT JESUS_PRIMAIRE","type":"ecole primaire","district_region":null,"departement_commune":null,"verifie":true,"name":"EPV SAINTE FAMILLE DE L ENFANT JESUS_PRIMAIRE","source":"Géoportail ANSTAT"}},{"type":"Feature","geometry":{"type":"Point","coordinates":[-5.432099999999934,5.123600000000067]},"properties":{"id":108949,"nom":"EPV SAINTE INGRID_PRIMAIRE","type":"ecole primaire","district_region":null,"departement_commune":null,"verifie":true,"name":"EPV SAINTE INGRID_PRIMAIRE","source":"Géoportail ANSTAT"}},{"type":"Feature","geometry":{"type":"Point","coordinates":[-4.020236999999952,5.343811000000073]},"properties":{"id":108950,"nom":"EPV SAINTE MARIE DES PETITS_PRIMAIRE","type":"ecole primaire","district_region":null,"departement_commune":null,"verifie":true,"name":"EPV SAINTE MARIE DES PETITS_PRIMAIRE","source":"Géoportail ANSTAT"}},{"type":"Feature","geometry":{"type":"Point","coordinates":[-3.992439999999931,5.384180000000072]},"properties":{"id":108951,"nom":"EPV SAINTE THERESE D AVILA_PRIMAIRE","type":"ecole primaire","district_region":null,"departement_commune":null,"verifie":true,"name":"EPV SAINTE THERESE D AVILA_PRIMAIRE","source":"Géoportail ANSTAT"}},{"type":"Feature","geometry":{"type":"Point","coordinates":[-4.028181999999958,5.376746000000026]},"properties":{"id":108952,"nom":"EPV SAINT-PARFAIT_PRIMAIRE","type":"ecole primaire","district_region":null,"departement_commune":null,"verifie":true,"name":"EPV SAINT-PARFAIT_PRIMAIRE","source":"Géoportail ANSTAT"}},{"type":"Feature","geometry":{"type":"Point","coordinates":[-3.65399999999994,5.968000000000075]},"properties":{"id":108953,"nom":"EPV SANTOS_PRIMAIRE","type":"ecole primaire","district_region":null,"departement_commune":null,"verifie":true,"name":"EPV SANTOS_PRIMAIRE","source":"Géoportail ANSTAT"}},{"type":"Feature","geometry":{"type":"Point","coordinates":[-4.007941999999957,5.369642000000056]},"properties":{"id":108954,"nom":"EPV SHALOM_PRIMAIRE","type":"ecole primaire","district_region":null,"departement_commune":null,"verifie":true,"name":"EPV SHALOM_PRIMAIRE","source":"Géoportail ANSTAT"}},{"type":"Feature","geometry":{"type":"Point","coordinates":[-4.027006999999969,5.352282000000059]},"properties":{"id":108955,"nom":"EPV SOMA SAMAKE_PRIMAIRE","type":"ecole primaire","district_region":null,"departement_commune":null,"verifie":true,"name":"EPV SOMA SAMAKE_PRIMAIRE","source":"Géoportail ANSTAT"}},{"type":"Feature","geometry":{"type":"Point","coordinates":[-3.993829999999946,5.393250000000023]},"properties":{"id":108956,"nom":"EPV STE FAMILLE DE L ENFANT JESUS_PRIMAIRE","type":"ecole primaire","district_region":null,"departement_commune":null,"verifie":true,"name":"EPV STE FAMILLE DE L ENFANT JESUS_PRIMAIRE","source":"Géoportail ANSTAT"}},{"type":"Feature","geometry":{"type":"Point","coordinates":[-3.698499999999967,5.968300000000056]},"properties":{"id":108957,"nom":"EPV THANON NAMANKO_PRIMAIRE","type":"ecole primaire","district_region":null,"departement_commune":null,"verifie":true,"name":"EPV THANON NAMANKO_PRIMAIRE","source":"Géoportail ANSTAT"}},{"type":"Feature","geometry":{"type":"Point","coordinates":[-3.45799999999997,5.664000000000044]},"properties":{"id":108958,"nom":"EPV THOMAS EDISON_PRIMAIRE","type":"ecole primaire","district_region":null,"departement_commune":null,"verifie":true,"name":"EPV THOMAS EDISON_PRIMAIRE","source":"Géoportail ANSTAT"}},{"type":"Feature","geometry":{"type":"Point","coordinates":[-3.946759999999927,5.391402000000028]},"properties":{"id":108959,"nom":"EPV TIEHOUA_PRIMAIRE","type":"ecole primaire","district_region":null,"departement_commune":null,"verifie":true,"name":"EPV TIEHOUA_PRIMAIRE","source":"Géoportail ANSTAT"}},{"type":"Feature","geometry":{"type":"Point","coordinates":[-3.973431999999946,5.413287000000025]},"properties":{"id":108960,"nom":"EPV TRAYE BERNARD_PRIMAIRE","type":"ecole primaire","district_region":null,"departement_commune":null,"verifie":true,"name":"EPV TRAYE BERNARD_PRIMAIRE","source":"Géoportail ANSTAT"}},{"type":"Feature","geometry":{"type":"Point","coordinates":[-3.924600999999939,5.351404000000059]},"properties":{"id":108961,"nom":"EPV L ARC DE TRIOMPHE_PRIMAIRE","type":"ecole primaire","district_region":null,"departement_commune":null,"verifie":true,"name":"EPV L ARC DE TRIOMPHE_PRIMAIRE","source":"Géoportail ANSTAT"}},{"type":"Feature","geometry":{"type":"Point","coordinates":[-4.018313999999975,5.351992000000052]},"properties":{"id":108962,"nom":"EPV VICTOR SCHOELCHER_PRIMAIRE","type":"ecole primaire","district_region":null,"departement_commune":null,"verifie":true,"name":"EPV VICTOR SCHOELCHER_PRIMAIRE","source":"Géoportail ANSTAT"}},{"type":"Feature","geometry":{"type":"Point","coordinates":[-3.966336999999953,5.358687000000032]},"properties":{"id":108963,"nom":"EPV VICTOR SCHOELCHER_PRIMAIRE","type":"ecole primaire","district_region":null,"departement_commune":null,"verifie":true,"name":"EPV VICTOR SCHOELCHER_PRIMAIRE","source":"Géoportail ANSTAT"}},{"type":"Feature","geometry":{"type":"Point","coordinates":[-3.863999999999976,5.968300000000056]},"properties":{"id":108964,"nom":"EPV VICTORLOBA DJOKOUEHI_PRIMAIRE","type":"ecole primaire","district_region":null,"departement_commune":null,"verifie":true,"name":"EPV VICTORLOBA DJOKOUEHI_PRIMAIRE","source":"Géoportail ANSTAT"}},{"type":"Feature","geometry":{"type":"Point","coordinates":[-3.965526999999952,5.384877000000074]},"properties":{"id":108965,"nom":"EPV WINGNIUM_PRIMAIRE","type":"ecole primaire","district_region":null,"departement_commune":null,"verifie":true,"name":"EPV WINGNIUM_PRIMAIRE","source":"Géoportail ANSTAT"}},{"type":"Feature","geometry":{"type":"Point","coordinates":[-3.928849999999954,5.386370000000056]},"properties":{"id":108966,"nom":"EPC YADA - OZI-1_PRIMAIRE","type":"ecole primaire","district_region":null,"departement_commune":null,"verifie":true,"name":"EPC YADA - OZI-1_PRIMAIRE","source":"Géoportail ANSTAT"}},{"type":"Feature","geometry":{"type":"Point","coordinates":[-3.996559999999931,5.399560000000065]},"properties":{"id":108967,"nom":"EPV  GRAINS DE SENEVE_PRIMAIRE","type":"ecole primaire","district_region":null,"departement_commune":null,"verifie":true,"name":"EPV  GRAINS DE SENEVE_PRIMAIRE","source":"Géoportail ANSTAT"}},{"type":"Feature","geometry":{"type":"Point","coordinates":[-4.001491999999928,5.306363000000033]},"properties":{"id":108968,"nom":"EPP YACE PHILIPPE_PRIMAIRE","type":"ecole primaire","district_region":null,"departement_commune":null,"verifie":true,"name":"EPP YACE PHILIPPE_PRIMAIRE","source":"Géoportail ANSTAT"}},{"type":"Feature","geometry":{"type":"Point","coordinates":[-3.98776799999996,5.304959000000053]},"properties":{"id":108969,"nom":"EPP GBON COULIBALY 2_PRIMAIRE","type":"ecole primaire","district_region":null,"departement_commune":null,"verifie":true,"name":"EPP GBON COULIBALY 2_PRIMAIRE","source":"Géoportail ANSTAT"}},{"type":"Feature","geometry":{"type":"Point","coordinates":[-3.96999999999997,5.300000000000068]},"properties":{"id":108970,"nom":"EPP GFCI_PRIMAIRE","type":"ecole primaire","district_region":null,"departement_commune":null,"verifie":true,"name":"EPP GFCI_PRIMAIRE","source":"Géoportail ANSTAT"}},{"type":"Feature","geometry":{"type":"Point","coordinates":[-3.946630999999968,5.308644000000072]},"properties":{"id":108971,"nom":"EPC BAPTISTE LA GRACE DIVINE_PRIMAIRE","type":"ecole primaire","district_region":null,"departement_commune":null,"verifie":true,"name":"EPC BAPTISTE LA GRACE DIVINE_PRIMAIRE","source":"Géoportail ANSTAT"}},{"type":"Feature","geometry":{"type":"Point","coordinates":[-3.834566999999936,5.999906000000067]},"properties":{"id":108972,"nom":"EPC BAPTISTE SHALOM_PRIMAIRE","type":"ecole primaire","district_region":null,"departement_commune":null,"verifie":true,"name":"EPC BAPTISTE SHALOM_PRIMAIRE","source":"Géoportail ANSTAT"}},{"type":"Feature","geometry":{"type":"Point","coordinates":[-3.944829999999968,5.304871000000048]},"properties":{"id":108973,"nom":"EPC GROUPE SCOLAIRE BETHANIE_PRIMAIRE","type":"ecole primaire","district_region":null,"departement_commune":null,"verifie":true,"name":"EPC GROUPE SCOLAIRE BETHANIE_PRIMAIRE","source":"Géoportail ANSTAT"}},{"type":"Feature","geometry":{"type":"Point","coordinates":[-3.955597999999952,5.282498000000032]},"properties":{"id":108974,"nom":"EPC ASSEMBLEES DE DIEU LES GRACES_PRIMAIRE","type":"ecole primaire","district_region":null,"departement_commune":null,"verifie":true,"name":"EPC ASSEMBLEES DE DIEU LES GRACES_PRIMAIRE","source":"Géoportail ANSTAT"}},{"type":"Feature","geometry":{"type":"Point","coordinates":[-3.951049999999952,5.312250000000063]},"properties":{"id":108975,"nom":"EPV ADONAI_PRIMAIRE","type":"ecole primaire","district_region":null,"departement_commune":null,"verifie":true,"name":"EPV ADONAI_PRIMAIRE","source":"Géoportail ANSTAT"}},{"type":"Feature","geometry":{"type":"Point","coordinates":[-3.95999999999998,5.29000000000002]},"properties":{"id":108976,"nom":"EPC AL ANWAR CHARIFAT_PRIMAIRE","type":"ecole primaire","district_region":null,"departement_commune":null,"verifie":true,"name":"EPC AL ANWAR CHARIFAT_PRIMAIRE","source":"Géoportail ANSTAT"}},{"type":"Feature","geometry":{"type":"Point","coordinates":[-3.961160999999947,5.297867000000053]},"properties":{"id":108977,"nom":"EPC A-SAQUALAYNE_PRIMAIRE","type":"ecole primaire","district_region":null,"departement_commune":null,"verifie":true,"name":"EPC A-SAQUALAYNE_PRIMAIRE","source":"Géoportail ANSTAT"}},{"type":"Feature","geometry":{"type":"Point","coordinates":[-3.909999999999968,5.250000000000057]},"properties":{"id":108978,"nom":"EPC ASSEMBLEES DE DIEU BETHEL_PRIMAIRE","type":"ecole primaire","district_region":null,"departement_commune":null,"verifie":true,"name":"EPC ASSEMBLEES DE DIEU BETHEL_PRIMAIRE","source":"Géoportail ANSTAT"}},{"type":"Feature","geometry":{"type":"Point","coordinates":[-3.955218999999943,5.299247000000037]},"properties":{"id":108979,"nom":"EPC BAKOUNADI-KOUMASSI_PRIMAIRE","type":"ecole primaire","district_region":null,"departement_commune":null,"verifie":true,"name":"EPC BAKOUNADI-KOUMASSI_PRIMAIRE","source":"Géoportail ANSTAT"}},{"type":"Feature","geometry":{"type":"Point","coordinates":[-3.956086999999968,5.289580000000058]},"properties":{"id":108980,"nom":"EPC BAPTISTE 1_PRIMAIRE","type":"ecole primaire","district_region":null,"departement_commune":null,"verifie":true,"name":"EPC BAPTISTE 1_PRIMAIRE","source":"Géoportail ANSTAT"}},{"type":"Feature","geometry":{"type":"Point","coordinates":[-3.950939999999946,5.307950000000062]},"properties":{"id":108981,"nom":"EPC BETHLEHEM_PRIMAIRE","type":"ecole primaire","district_region":null,"departement_commune":null,"verifie":true,"name":"EPC BETHLEHEM_PRIMAIRE","source":"Géoportail ANSTAT"}},{"type":"Feature","geometry":{"type":"Point","coordinates":[-3.899999999999977,5.240000000000066]},"properties":{"id":108982,"nom":"EPC EL RID WANE_PRIMAIRE","type":"ecole primaire","district_region":null,"departement_commune":null,"verifie":true,"name":"EPC EL RID WANE_PRIMAIRE","source":"Géoportail ANSTAT"}},{"type":"Feature","geometry":{"type":"Point","coordinates":[-4.004345999999941,5.302616000000057]},"properties":{"id":108983,"nom":"EPC EL RIDWAN 1_PRIMAIRE","type":"ecole primaire","district_region":null,"departement_commune":null,"verifie":true,"name":"EPC EL RIDWAN 1_PRIMAIRE","source":"Géoportail ANSTAT"}},{"type":"Feature","geometry":{"type":"Point","coordinates":[-3.966963999999962,5.292122000000063]},"properties":{"id":108984,"nom":"EPC INSTITUT MAHAMA CISSE SABIL NADJAH_PRIMAIRE","type":"ecole primaire","district_region":null,"departement_commune":null,"verifie":true,"name":"EPC INSTITUT MAHAMA CISSE SABIL NADJAH_PRIMAIRE","source":"Géoportail ANSTAT"}},{"type":"Feature","geometry":{"type":"Point","coordinates":[-3.959417999999971,5.308585000000051]},"properties":{"id":108985,"nom":"EPC ISNAY ACHARIA_PRIMAIRE","type":"ecole primaire","district_region":null,"departement_commune":null,"verifie":true,"name":"EPC ISNAY ACHARIA_PRIMAIRE","source":"Géoportail ANSTAT"}},{"type":"Feature","geometry":{"type":"Point","coordinates":[-3.88999999999993,5.240000000000066]},"properties":{"id":108986,"nom":"EPC LA PETITE THERESE_PRIMAIRE","type":"ecole primaire","district_region":null,"departement_commune":null,"verifie":true,"name":"EPC LA PETITE THERESE_PRIMAIRE","source":"Géoportail ANSTAT"}},{"type":"Feature","geometry":{"type":"Point","coordinates":[-3.963406999999961,5.307848000000035]},"properties":{"id":108987,"nom":"EPC LA VOIX DU SUCCES_PRIMAIRE","type":"ecole primaire","district_region":null,"departement_commune":null,"verifie":true,"name":"EPC LA VOIX DU SUCCES_PRIMAIRE","source":"Géoportail ANSTAT"}},{"type":"Feature","geometry":{"type":"Point","coordinates":[-3.96999999999997,5.900000000000034]},"properties":{"id":108988,"nom":"EPC LE JOURDAIN_PRIMAIRE","type":"ecole primaire","district_region":null,"departement_commune":null,"verifie":true,"name":"EPC LE JOURDAIN_PRIMAIRE","source":"Géoportail ANSTAT"}},{"type":"Feature","geometry":{"type":"Point","coordinates":[-3.95826999999997,5.303466000000071]},"properties":{"id":108989,"nom":"EPC MARIE DOMINIQUE_PRIMAIRE","type":"ecole primaire","district_region":null,"departement_commune":null,"verifie":true,"name":"EPC MARIE DOMINIQUE_PRIMAIRE","source":"Géoportail ANSTAT"}},{"type":"Feature","geometry":{"type":"Point","coordinates":[-4.005178999999941,5.30497500000007]},"properties":{"id":108990,"nom":"EPC METHODISTE_PRIMAIRE","type":"ecole primaire","district_region":null,"departement_commune":null,"verifie":true,"name":"EPC METHODISTE_PRIMAIRE","source":"Géoportail ANSTAT"}},{"type":"Feature","geometry":{"type":"Point","coordinates":[-3.956992999999954,5.291317000000049]},"properties":{"id":108991,"nom":"EPC METHODISTE 1_PRIMAIRE","type":"ecole primaire","district_region":null,"departement_commune":null,"verifie":true,"name":"EPC METHODISTE 1_PRIMAIRE","source":"Géoportail ANSTAT"}},{"type":"Feature","geometry":{"type":"Point","coordinates":[-3.956992999999954,5.291317000000049]},"properties":{"id":108992,"nom":"EPC METHODISTE 2_PRIMAIRE","type":"ecole primaire","district_region":null,"departement_commune":null,"verifie":true,"name":"EPC METHODISTE 2_PRIMAIRE","source":"Géoportail ANSTAT"}},{"type":"Feature","geometry":{"type":"Point","coordinates":[-3.961999999999932,5.255000000000052]},"properties":{"id":108993,"nom":"EPC METHODISTE EMMANUEL_PRIMAIRE","type":"ecole primaire","district_region":null,"departement_commune":null,"verifie":true,"name":"EPC METHODISTE EMMANUEL_PRIMAIRE","source":"Géoportail ANSTAT"}},{"type":"Feature","geometry":{"type":"Point","coordinates":[-3.894999999999925,5.240000000000066]},"properties":{"id":108994,"nom":"EPC NADJAH_PRIMAIRE","type":"ecole primaire","district_region":null,"departement_commune":null,"verifie":true,"name":"EPC NADJAH_PRIMAIRE","source":"Géoportail ANSTAT"}},{"type":"Feature","geometry":{"type":"Point","coordinates":[-4.003088999999932,5.304051000000072]},"properties":{"id":108995,"nom":"EPC NOTRE DAME DE LA PAIX_PRIMAIRE","type":"ecole primaire","district_region":null,"departement_commune":null,"verifie":true,"name":"EPC NOTRE DAME DE LA PAIX_PRIMAIRE","source":"Géoportail ANSTAT"}},{"type":"Feature","geometry":{"type":"Point","coordinates":[-3.954979999999978,5.304990000000032]},"properties":{"id":108996,"nom":"EPC SABIL HIDAYAT_PRIMAIRE","type":"ecole primaire","district_region":null,"departement_commune":null,"verifie":true,"name":"EPC SABIL HIDAYAT_PRIMAIRE","source":"Géoportail ANSTAT"}},{"type":"Feature","geometry":{"type":"Point","coordinates":[-3.956316999999956,5.307083000000034]},"properties":{"id":108997,"nom":"EPC SABIL NADJAH_PRIMAIRE","type":"ecole primaire","district_region":null,"departement_commune":null,"verifie":true,"name":"EPC SABIL NADJAH_PRIMAIRE","source":"Géoportail ANSTAT"}},{"type":"Feature","geometry":{"type":"Point","coordinates":[-3.96672899999993,5.290839000000062]},"properties":{"id":108998,"nom":"EPC SABIL SA ADA_PRIMAIRE","type":"ecole primaire","district_region":null,"departement_commune":null,"verifie":true,"name":"EPC SABIL SA ADA_PRIMAIRE","source":"Géoportail ANSTAT"}},{"type":"Feature","geometry":{"type":"Point","coordinates":[-3.962174999999945,5.292205000000024]},"properties":{"id":108999,"nom":"EPC SAINT ETIENNE 1_PRIMAIRE","type":"ecole primaire","district_region":null,"departement_commune":null,"verifie":true,"name":"EPC SAINT ETIENNE 1_PRIMAIRE","source":"Géoportail ANSTAT"}},{"type":"Feature","geometry":{"type":"Point","coordinates":[-3.962174999999945,5.292205000000024]},"properties":{"id":109000,"nom":"EPC SAINT ETIENNE 2_PRIMAIRE","type":"ecole primaire","district_region":null,"departement_commune":null,"verifie":true,"name":"EPC SAINT ETIENNE 2_PRIMAIRE","source":"Géoportail ANSTAT"}},{"type":"Feature","geometry":{"type":"Point","coordinates":[-4.003460999999959,5.306034000000068]},"properties":{"id":109001,"nom":"EPC SAINT JEAN BOSCO 1_PRIMAIRE","type":"ecole primaire","district_region":null,"departement_commune":null,"verifie":true,"name":"EPC SAINT JEAN BOSCO 1_PRIMAIRE","source":"Géoportail ANSTAT"}},{"type":"Feature","geometry":{"type":"Point","coordinates":[-4.000340999999935,5.306034000000068]},"properties":{"id":109002,"nom":"EPC SAINT JEAN BOSCO 2_PRIMAIRE","type":"ecole primaire","district_region":null,"departement_commune":null,"verifie":true,"name":"EPC SAINT JEAN BOSCO 2_PRIMAIRE","source":"Géoportail ANSTAT"}},{"type":"Feature","geometry":{"type":"Point","coordinates":[-4.003460999999959,5.305034000000035]},"properties":{"id":109003,"nom":"EPC SAINT JEAN BOSCO 3_PRIMAIRE","type":"ecole primaire","district_region":null,"departement_commune":null,"verifie":true,"name":"EPC SAINT JEAN BOSCO 3_PRIMAIRE","source":"Géoportail ANSTAT"}},{"type":"Feature","geometry":{"type":"Point","coordinates":[-3.971849999999961,5.308925000000045]},"properties":{"id":109004,"nom":"EPC SAINT PIERRE ANOUMABO_PRIMAIRE","type":"ecole primaire","district_region":null,"departement_commune":null,"verifie":true,"name":"EPC SAINT PIERRE ANOUMABO_PRIMAIRE","source":"Géoportail ANSTAT"}},{"type":"Feature","geometry":{"type":"Point","coordinates":[-3.956919999999968,5.24989800000003]},"properties":{"id":109005,"nom":"EPC SAINTE ANNE 1_PRIMAIRE","type":"ecole primaire","district_region":null,"departement_commune":null,"verifie":true,"name":"EPC SAINTE ANNE 1_PRIMAIRE","source":"Géoportail ANSTAT"}},{"type":"Feature","geometry":{"type":"Point","coordinates":[-3.973797999999931,5.295421000000033]},"properties":{"id":109006,"nom":"EPC SAINTE BERNADETTE_PRIMAIRE","type":"ecole primaire","district_region":null,"departement_commune":null,"verifie":true,"name":"EPC SAINTE BERNADETTE_PRIMAIRE","source":"Géoportail ANSTAT"}},{"type":"Feature","geometry":{"type":"Point","coordinates":[-3.954009999999926,5.302340000000072]},"properties":{"id":109007,"nom":"EPC SAINTE MARIE DES PAUVRES ET DES PETITS_PRIMAIRE","type":"ecole primaire","district_region":null,"departement_commune":null,"verifie":true,"name":"EPC SAINTE MARIE DES PAUVRES ET DES PETITS_PRIMAIRE","source":"Géoportail ANSTAT"}},{"type":"Feature","geometry":{"type":"Point","coordinates":[-3.964395999999965,5.293590000000052]},"properties":{"id":109008,"nom":"EPC SANGARE_PRIMAIRE","type":"ecole primaire","district_region":null,"departement_commune":null,"verifie":true,"name":"EPC SANGARE_PRIMAIRE","source":"Géoportail ANSTAT"}},{"type":"Feature","geometry":{"type":"Point","coordinates":[-3.98680799999994,5.26282800000007]},"properties":{"id":109009,"nom":"EPC SCHEKINAEL_PRIMAIRE","type":"ecole primaire","district_region":null,"departement_commune":null,"verifie":true,"name":"EPC SCHEKINAEL_PRIMAIRE","source":"Géoportail ANSTAT"}},{"type":"Feature","geometry":{"type":"Point","coordinates":[-4.006130999999925,5.309010000000058]},"properties":{"id":109010,"nom":"EPC SABILOUL KHAYRI_PRIMAIRE","type":"ecole primaire","district_region":null,"departement_commune":null,"verifie":true,"name":"EPC SABILOUL KHAYRI_PRIMAIRE","source":"Géoportail ANSTAT"}},{"type":"Feature","geometry":{"type":"Point","coordinates":[-3.972081999999943,5.271497000000068]},"properties":{"id":109011,"nom":"EPP ABIA_PRIMAIRE","type":"ecole primaire","district_region":null,"departement_commune":null,"verifie":true,"name":"EPP ABIA_PRIMAIRE","source":"Géoportail ANSTAT"}},{"type":"Feature","geometry":{"type":"Point","coordinates":[-3.907999999999959,5.295000000000073]},"properties":{"id":109012,"nom":"EPP ABOUABOU_PRIMAIRE","type":"ecole primaire","district_region":null,"departement_commune":null,"verifie":true,"name":"EPP ABOUABOU_PRIMAIRE","source":"Géoportail ANSTAT"}},{"type":"Feature","geometry":{"type":"Point","coordinates":[-3.943799999999953,5.305617000000041]},"properties":{"id":109013,"nom":"EPP ABRI 2000-1_PRIMAIRE","type":"ecole primaire","district_region":null,"departement_commune":null,"verifie":true,"name":"EPP ABRI 2000-1_PRIMAIRE","source":"Géoportail ANSTAT"}},{"type":"Feature","geometry":{"type":"Point","coordinates":[-3.943799999999953,5.305617000000041]},"properties":{"id":109014,"nom":"EPP ABRI 2000-2_PRIMAIRE","type":"ecole primaire","district_region":null,"departement_commune":null,"verifie":true,"name":"EPP ABRI 2000-2_PRIMAIRE","source":"Géoportail ANSTAT"}},{"type":"Feature","geometry":{"type":"Point","coordinates":[-3.976751999999976,5.286897000000067]},"properties":{"id":109015,"nom":"EPP ADAIMIN_PRIMAIRE","type":"ecole primaire","district_region":null,"departement_commune":null,"verifie":true,"name":"EPP ADAIMIN_PRIMAIRE","source":"Géoportail ANSTAT"}},{"type":"Feature","geometry":{"type":"Point","coordinates":[-3.949999999999932,5.270000000000039]},"properties":{"id":109016,"nom":"EPP ADJAHUI-COUBE 1_PRIMAIRE","type":"ecole primaire","district_region":null,"departement_commune":null,"verifie":true,"name":"EPP ADJAHUI-COUBE 1_PRIMAIRE","source":"Géoportail ANSTAT"}},{"type":"Feature","geometry":{"type":"Point","coordinates":[-3.94399999999996,5.275000000000034]},"properties":{"id":109017,"nom":"EPP ADJAHUI-COUBE 2_PRIMAIRE","type":"ecole primaire","district_region":null,"departement_commune":null,"verifie":true,"name":"EPP ADJAHUI-COUBE 2_PRIMAIRE","source":"Géoportail ANSTAT"}},{"type":"Feature","geometry":{"type":"Point","coordinates":[-3.919999999999959,5.247000000000071]},"properties":{"id":109018,"nom":"EPP ADJOUFFOU- C_PRIMAIRE","type":"ecole primaire","district_region":null,"departement_commune":null,"verifie":true,"name":"EPP ADJOUFFOU- C_PRIMAIRE","source":"Géoportail ANSTAT"}},{"type":"Feature","geometry":{"type":"Point","coordinates":[-3.92999999999995,5.250000000000057]},"properties":{"id":109019,"nom":"EPP AEROPORT 1_PRIMAIRE","type":"ecole primaire","district_region":null,"departement_commune":null,"verifie":true,"name":"EPP AEROPORT 1_PRIMAIRE","source":"Géoportail ANSTAT"}},{"type":"Feature","geometry":{"type":"Point","coordinates":[-3.92999999999995,5.250000000000057]},"properties":{"id":109020,"nom":"EPP AEROPORT 2_PRIMAIRE","type":"ecole primaire","district_region":null,"departement_commune":null,"verifie":true,"name":"EPP AEROPORT 2_PRIMAIRE","source":"Géoportail ANSTAT"}},{"type":"Feature","geometry":{"type":"Point","coordinates":[-4.001099999999951,5.300000000000068]},"properties":{"id":109021,"nom":"EPP AKPA NIAGNE_PRIMAIRE","type":"ecole primaire","district_region":null,"departement_commune":null,"verifie":true,"name":"EPP AKPA NIAGNE_PRIMAIRE","source":"Géoportail ANSTAT"}},{"type":"Feature","geometry":{"type":"Point","coordinates":[-3.966774999999927,5.310025000000053]},"properties":{"id":109022,"nom":"EPP ALIODAN 1_PRIMAIRE","type":"ecole primaire","district_region":null,"departement_commune":null,"verifie":true,"name":"EPP ALIODAN 1_PRIMAIRE","source":"Géoportail ANSTAT"}},{"type":"Feature","geometry":{"type":"Point","coordinates":[-3.966774999999927,5.310250000000053]},"properties":{"id":109023,"nom":"EPP ALIODAN 2_PRIMAIRE","type":"ecole primaire","district_region":null,"departement_commune":null,"verifie":true,"name":"EPP ALIODAN 2_PRIMAIRE","source":"Géoportail ANSTAT"}},{"type":"Feature","geometry":{"type":"Point","coordinates":[-3.963672999999972,5.303302000000031]},"properties":{"id":109024,"nom":"EPP ALIODAN 3_PRIMAIRE","type":"ecole primaire","district_region":null,"departement_commune":null,"verifie":true,"name":"EPP ALIODAN 3_PRIMAIRE","source":"Géoportail ANSTAT"}},{"type":"Feature","geometry":{"type":"Point","coordinates":[-3.963672999999972,5.303302000000031]},"properties":{"id":109025,"nom":"EPP ALIODAN 4_PRIMAIRE","type":"ecole primaire","district_region":null,"departement_commune":null,"verifie":true,"name":"EPP ALIODAN 4_PRIMAIRE","source":"Géoportail ANSTAT"}},{"type":"Feature","geometry":{"type":"Point","coordinates":[-3.966774999999927,5.310250000000053]},"properties":{"id":109026,"nom":"EPP ALIODAN 5_PRIMAIRE","type":"ecole primaire","district_region":null,"departement_commune":null,"verifie":true,"name":"EPP ALIODAN 5_PRIMAIRE","source":"Géoportail ANSTAT"}},{"type":"Feature","geometry":{"type":"Point","coordinates":[-3.963672999999972,5.303302000000031]},"properties":{"id":109027,"nom":"EPP ALIODAN 6_PRIMAIRE","type":"ecole primaire","district_region":null,"departement_commune":null,"verifie":true,"name":"EPP ALIODAN 6_PRIMAIRE","source":"Géoportail ANSTAT"}},{"type":"Feature","geometry":{"type":"Point","coordinates":[-3.966774999999927,5.310025000000053]},"properties":{"id":109028,"nom":"EPP ALIODAN BAD_PRIMAIRE","type":"ecole primaire","district_region":null,"departement_commune":null,"verifie":true,"name":"EPP ALIODAN BAD_PRIMAIRE","source":"Géoportail ANSTAT"}},{"type":"Feature","geometry":{"type":"Point","coordinates":[-3.963672999999972,5.303302000000031]},"properties":{"id":109029,"nom":"EPP ALIODAN MUNICIPALITE_PRIMAIRE","type":"ecole primaire","district_region":null,"departement_commune":null,"verifie":true,"name":"EPP ALIODAN MUNICIPALITE_PRIMAIRE","source":"Géoportail ANSTAT"}},{"type":"Feature","geometry":{"type":"Point","coordinates":[-4.00423399999994,5.309896000000037]},"properties":{"id":109030,"nom":"EPP ALLE ROSETTE_PRIMAIRE","type":"ecole primaire","district_region":null,"departement_commune":null,"verifie":true,"name":"EPP ALLE ROSETTE_PRIMAIRE","source":"Géoportail ANSTAT"}},{"type":"Feature","geometry":{"type":"Point","coordinates":[-3.919999999999959,5.28000000000003]},"properties":{"id":109031,"nom":"EPP AMANGOUA-KOI 1_PRIMAIRE","type":"ecole primaire","district_region":null,"departement_commune":null,"verifie":true,"name":"EPP AMANGOUA-KOI 1_PRIMAIRE","source":"Géoportail ANSTAT"}},{"type":"Feature","geometry":{"type":"Point","coordinates":[-3.919999999999959,5.28000000000003]},"properties":{"id":109032,"nom":"EPP AMANGOUA-KOI 2_PRIMAIRE","type":"ecole primaire","district_region":null,"departement_commune":null,"verifie":true,"name":"EPP AMANGOUA-KOI 2_PRIMAIRE","source":"Géoportail ANSTAT"}},{"type":"Feature","geometry":{"type":"Point","coordinates":[-3.849999999999966,5.260000000000048]},"properties":{"id":109033,"nom":"EPP MAFIBLE 2_PRIMAIRE","type":"ecole primaire","district_region":null,"departement_commune":null,"verifie":true,"name":"EPP MAFIBLE 2_PRIMAIRE","source":"Géoportail ANSTAT"}},{"type":"Feature","geometry":{"type":"Point","coordinates":[-3.977810999999974,5.307386000000065]},"properties":{"id":109034,"nom":"EPP ANOUMABO 1_PRIMAIRE","type":"ecole primaire","district_region":null,"departement_commune":null,"verifie":true,"name":"EPP ANOUMABO 1_PRIMAIRE","source":"Géoportail ANSTAT"}},{"type":"Feature","geometry":{"type":"Point","coordinates":[-3.977810999999974,5.307382000000075]},"properties":{"id":109035,"nom":"EPP ANOUMABO 2_PRIMAIRE","type":"ecole primaire","district_region":null,"departement_commune":null,"verifie":true,"name":"EPP ANOUMABO 2_PRIMAIRE","source":"Géoportail ANSTAT"}},{"type":"Feature","geometry":{"type":"Point","coordinates":[-3.977810999999974,5.307382000000075]},"properties":{"id":109036,"nom":"EPP ANOUMABO 3_PRIMAIRE","type":"ecole primaire","district_region":null,"departement_commune":null,"verifie":true,"name":"EPP ANOUMABO 3_PRIMAIRE","source":"Géoportail ANSTAT"}},{"type":"Feature","geometry":{"type":"Point","coordinates":[-3.977810999999974,5.307382000000075]},"properties":{"id":109037,"nom":"EPP ANOUMABO 4_PRIMAIRE","type":"ecole primaire","district_region":null,"departement_commune":null,"verifie":true,"name":"EPP ANOUMABO 4_PRIMAIRE","source":"Géoportail ANSTAT"}},{"type":"Feature","geometry":{"type":"Point","coordinates":[-3.977810999999974,5.307382000000075]},"properties":{"id":109038,"nom":"EPP ANOUMABO BAD_PRIMAIRE","type":"ecole primaire","district_region":null,"departement_commune":null,"verifie":true,"name":"EPP ANOUMABO BAD_PRIMAIRE","source":"Géoportail ANSTAT"}},{"type":"Feature","geometry":{"type":"Point","coordinates":[-3.939999999999941,5.250000000000057]},"properties":{"id":109039,"nom":"EPP ARMEE DE L AIR 2_PRIMAIRE","type":"ecole primaire","district_region":null,"departement_commune":null,"verifie":true,"name":"EPP ARMEE DE L AIR 2_PRIMAIRE","source":"Géoportail ANSTAT"}},{"type":"Feature","geometry":{"type":"Point","coordinates":[-3.939999999999941,5.250000000000057]},"properties":{"id":109040,"nom":"EPP ARMEEDE L AIR 1_PRIMAIRE","type":"ecole primaire","district_region":null,"departement_commune":null,"verifie":true,"name":"EPP ARMEEDE L AIR 1_PRIMAIRE","source":"Géoportail ANSTAT"}},{"type":"Feature","geometry":{"type":"Point","coordinates":[-3.976751999999976,5.286897000000067]},"properties":{"id":109041,"nom":"EPP ASSAMOI ALPHONSE_PRIMAIRE","type":"ecole primaire","district_region":null,"departement_commune":null,"verifie":true,"name":"EPP ASSAMOI ALPHONSE_PRIMAIRE","source":"Géoportail ANSTAT"}},{"type":"Feature","geometry":{"type":"Point","coordinates":[-3.945461999999964,5.251469000000043]},"properties":{"id":109042,"nom":"EPP ATLANTIDE_PRIMAIRE","type":"ecole primaire","district_region":null,"departement_commune":null,"verifie":true,"name":"EPP ATLANTIDE_PRIMAIRE","source":"Géoportail ANSTAT"}},{"type":"Feature","geometry":{"type":"Point","coordinates":[-4.018282154999952,5.314099175000024]},"properties":{"id":109043,"nom":"EPP ATTOH LOUIS_PRIMAIRE","type":"ecole primaire","district_region":null,"departement_commune":null,"verifie":true,"name":"EPP ATTOH LOUIS_PRIMAIRE","source":"Géoportail ANSTAT"}},{"type":"Feature","geometry":{"type":"Point","coordinates":[-4.006570999999951,5.301333000000056]},"properties":{"id":109044,"nom":"EPP AUGUSTE DENISE_PRIMAIRE","type":"ecole primaire","district_region":null,"departement_commune":null,"verifie":true,"name":"EPP AUGUSTE DENISE_PRIMAIRE","source":"Géoportail ANSTAT"}},{"type":"Feature","geometry":{"type":"Point","coordinates":[-4.003615999999965,5.314065000000028]},"properties":{"id":109045,"nom":"EPP AVENUE 2_PRIMAIRE","type":"ecole primaire","district_region":null,"departement_commune":null,"verifie":true,"name":"EPP AVENUE 2_PRIMAIRE","source":"Géoportail ANSTAT"}},{"type":"Feature","geometry":{"type":"Point","coordinates":[-4.003615999999965,5.314065000000028]},"properties":{"id":109046,"nom":"EPP AVENUE 2/B_PRIMAIRE","type":"ecole primaire","district_region":null,"departement_commune":null,"verifie":true,"name":"EPP AVENUE 2/B_PRIMAIRE","source":"Géoportail ANSTAT"}},{"type":"Feature","geometry":{"type":"Point","coordinates":[-4.018274154999972,5.314024175000043]},"properties":{"id":109047,"nom":"EPP AVENUE 3_PRIMAIRE","type":"ecole primaire","district_region":null,"departement_commune":null,"verifie":true,"name":"EPP AVENUE 3_PRIMAIRE","source":"Géoportail ANSTAT"}},{"type":"Feature","geometry":{"type":"Point","coordinates":[-4.008643999999947,5.310035000000028]},"properties":{"id":109048,"nom":"EPP AVENUE 4_PRIMAIRE","type":"ecole primaire","district_region":null,"departement_commune":null,"verifie":true,"name":"EPP AVENUE 4_PRIMAIRE","source":"Géoportail ANSTAT"}},{"type":"Feature","geometry":{"type":"Point","coordinates":[-4.00422999999995,5.309896000000037]},"properties":{"id":109049,"nom":"EPP AVENUE 8_PRIMAIRE","type":"ecole primaire","district_region":null,"departement_commune":null,"verifie":true,"name":"EPP AVENUE 8_PRIMAIRE","source":"Géoportail ANSTAT"}},{"type":"Feature","geometry":{"type":"Point","coordinates":[-3.983081999999968,5.301889000000074]},"properties":{"id":109050,"nom":"EPP AVENUE COTE D IVOIRE 3_PRIMAIRE","type":"ecole primaire","district_region":null,"departement_commune":null,"verifie":true,"name":"EPP AVENUE COTE D IVOIRE 3_PRIMAIRE","source":"Géoportail ANSTAT"}},{"type":"Feature","geometry":{"type":"Point","coordinates":[-3.983081999999968,5.301889000000074]},"properties":{"id":109051,"nom":"EPP AVENUE DE COTE D IVOIRE 1_PRIMAIRE","type":"ecole primaire","district_region":null,"departement_commune":null,"verifie":true,"name":"EPP AVENUE DE COTE D IVOIRE 1_PRIMAIRE","source":"Géoportail ANSTAT"}},{"type":"Feature","geometry":{"type":"Point","coordinates":[-3.983081999999968,5.301889000000074]},"properties":{"id":109052,"nom":"EPP AVENUE DE COTE D IVOIRE 2_PRIMAIRE","type":"ecole primaire","district_region":null,"departement_commune":null,"verifie":true,"name":"EPP AVENUE DE COTE D IVOIRE 2_PRIMAIRE","source":"Géoportail ANSTAT"}},{"type":"Feature","geometry":{"type":"Point","coordinates":[-4.009999999999934,5.310000000000059]},"properties":{"id":109053,"nom":"EPP AYEMOU NIANGORAN 1_PRIMAIRE","type":"ecole primaire","district_region":null,"departement_commune":null,"verifie":true,"name":"EPP AYEMOU NIANGORAN 1_PRIMAIRE","source":"Géoportail ANSTAT"}},{"type":"Feature","geometry":{"type":"Point","coordinates":[-4.012344999999925,5.312302000000045]},"properties":{"id":109054,"nom":"EPP AYEMOU NIANGORAN 2_PRIMAIRE","type":"ecole primaire","district_region":null,"departement_commune":null,"verifie":true,"name":"EPP AYEMOU NIANGORAN 2_PRIMAIRE","source":"Géoportail ANSTAT"}},{"type":"Feature","geometry":{"type":"Point","coordinates":[-3.935187999999926,5.309563000000026]},"properties":{"id":109055,"nom":"EPP BAD 1_PRIMAIRE","type":"ecole primaire","district_region":null,"departement_commune":null,"verifie":true,"name":"EPP BAD 1_PRIMAIRE","source":"Géoportail ANSTAT"}},{"type":"Feature","geometry":{"type":"Point","coordinates":[-3.950966999999935,5.31291200000004]},"properties":{"id":109056,"nom":"EPP BAD 11A_PRIMAIRE","type":"ecole primaire","district_region":null,"departement_commune":null,"verifie":true,"name":"EPP BAD 11A_PRIMAIRE","source":"Géoportail ANSTAT"}},{"type":"Feature","geometry":{"type":"Point","coordinates":[-3.951082999999926,5.312287000000026]},"properties":{"id":109057,"nom":"EPP BAD 11B_PRIMAIRE","type":"ecole primaire","district_region":null,"departement_commune":null,"verifie":true,"name":"EPP BAD 11B_PRIMAIRE","source":"Géoportail ANSTAT"}},{"type":"Feature","geometry":{"type":"Point","coordinates":[-3.950966999999935,5.31291200000004]},"properties":{"id":109058,"nom":"EPP BAD 11C_PRIMAIRE","type":"ecole primaire","district_region":null,"departement_commune":null,"verifie":true,"name":"EPP BAD 11C_PRIMAIRE","source":"Géoportail ANSTAT"}},{"type":"Feature","geometry":{"type":"Point","coordinates":[-3.964871999999957,5.29908000000006]},"properties":{"id":109059,"nom":"EPP BAD 4_PRIMAIRE","type":"ecole primaire","district_region":null,"departement_commune":null,"verifie":true,"name":"EPP BAD 4_PRIMAIRE","source":"Géoportail ANSTAT"}},{"type":"Feature","geometry":{"type":"Point","coordinates":[-3.963706999999943,5.294817000000023]},"properties":{"id":109060,"nom":"EPP BAD 5_PRIMAIRE","type":"ecole primaire","district_region":null,"departement_commune":null,"verifie":true,"name":"EPP BAD 5_PRIMAIRE","source":"Géoportail ANSTAT"}},{"type":"Feature","geometry":{"type":"Point","coordinates":[-3.958227999999963,5.296435000000031]},"properties":{"id":109061,"nom":"EPP BAD 6_PRIMAIRE","type":"ecole primaire","district_region":null,"departement_commune":null,"verifie":true,"name":"EPP BAD 6_PRIMAIRE","source":"Géoportail ANSTAT"}},{"type":"Feature","geometry":{"type":"Point","coordinates":[-3.966799999999978,5.294685000000072]},"properties":{"id":109062,"nom":"EPP BAD 7_PRIMAIRE","type":"ecole primaire","district_region":null,"departement_commune":null,"verifie":true,"name":"EPP BAD 7_PRIMAIRE","source":"Géoportail ANSTAT"}},{"type":"Feature","geometry":{"type":"Point","coordinates":[-3.95035699999994,5.286253000000045]},"properties":{"id":109063,"nom":"EPP BAD 8-A_PRIMAIRE","type":"ecole primaire","district_region":null,"departement_commune":null,"verifie":true,"name":"EPP BAD 8-A_PRIMAIRE","source":"Géoportail ANSTAT"}},{"type":"Feature","geometry":{"type":"Point","coordinates":[-3.95035699999994,5.286253000000045]},"properties":{"id":109064,"nom":"EPP BAD 8-B_PRIMAIRE","type":"ecole primaire","district_region":null,"departement_commune":null,"verifie":true,"name":"EPP BAD 8-B_PRIMAIRE","source":"Géoportail ANSTAT"}},{"type":"Feature","geometry":{"type":"Point","coordinates":[-3.958519999999965,5.283684000000051]},"properties":{"id":109065,"nom":"EPP BAD 9-A_PRIMAIRE","type":"ecole primaire","district_region":null,"departement_commune":null,"verifie":true,"name":"EPP BAD 9-A_PRIMAIRE","source":"Géoportail ANSTAT"}},{"type":"Feature","geometry":{"type":"Point","coordinates":[-3.957985999999948,5.283873000000028]},"properties":{"id":109066,"nom":"EPP BAD 9-B_PRIMAIRE","type":"ecole primaire","district_region":null,"departement_commune":null,"verifie":true,"name":"EPP BAD 9-B_PRIMAIRE","source":"Géoportail ANSTAT"}},{"type":"Feature","geometry":{"type":"Point","coordinates":[-4.006785999999977,5.301439000000073]},"properties":{"id":109067,"nom":"EPP BERNARD DADIE_PRIMAIRE","type":"ecole primaire","district_region":null,"departement_commune":null,"verifie":true,"name":"EPP BERNARD DADIE_PRIMAIRE","source":"Géoportail ANSTAT"}},{"type":"Feature","geometry":{"type":"Point","coordinates":[-3.035609999999963,5.253251000000034]},"properties":{"id":109068,"nom":"EPP BRAKRE_PRIMAIRE","type":"ecole primaire","district_region":null,"departement_commune":null,"verifie":true,"name":"EPP BRAKRE_PRIMAIRE","source":"Géoportail ANSTAT"}},{"type":"Feature","geometry":{"type":"Point","coordinates":[-4.021179999999958,5.306220000000053]},"properties":{"id":109069,"nom":"EPP CHAPMAN JEANNE_PRIMAIRE","type":"ecole primaire","district_region":null,"departement_commune":null,"verifie":true,"name":"EPP CHAPMAN JEANNE_PRIMAIRE","source":"Géoportail ANSTAT"}},{"type":"Feature","geometry":{"type":"Point","coordinates":[-3.96999999999997,5.260000000000048]},"properties":{"id":109070,"nom":"EPP COOPERATION FRANCAISE_PRIMAIRE","type":"ecole primaire","district_region":null,"departement_commune":null,"verifie":true,"name":"EPP COOPERATION FRANCAISE_PRIMAIRE","source":"Géoportail ANSTAT"}},{"type":"Feature","geometry":{"type":"Point","coordinates":[-3.999809999999968,5.306302000000073]},"properties":{"id":109071,"nom":"EPP DELAIR_PRIMAIRE","type":"ecole primaire","district_region":null,"departement_commune":null,"verifie":true,"name":"EPP DELAIR_PRIMAIRE","source":"Géoportail ANSTAT"}},{"type":"Feature","geometry":{"type":"Point","coordinates":[-4.001714999999933,5.306869000000063]},"properties":{"id":109072,"nom":"EPP DIASSO_PRIMAIRE","type":"ecole primaire","district_region":null,"departement_commune":null,"verifie":true,"name":"EPP DIASSO_PRIMAIRE","source":"Géoportail ANSTAT"}},{"type":"Feature","geometry":{"type":"Point","coordinates":[-3.032447999999931,5.312573000000043]},"properties":{"id":109073,"nom":"EPP DION ROBERT 2_PRIMAIRE","type":"ecole primaire","district_region":null,"departement_commune":null,"verifie":true,"name":"EPP DION ROBERT 2_PRIMAIRE","source":"Géoportail ANSTAT"}},{"type":"Feature","geometry":{"type":"Point","coordinates":[-3.962524999999971,5.286158000000057]},"properties":{"id":109074,"nom":"EPP DION ROBERT 3_PRIMAIRE","type":"ecole primaire","district_region":null,"departement_commune":null,"verifie":true,"name":"EPP DION ROBERT 3_PRIMAIRE","source":"Géoportail ANSTAT"}},{"type":"Feature","geometry":{"type":"Point","coordinates":[-3.962524999999971,5.286158000000057]},"properties":{"id":109075,"nom":"EPP DION ROBERT 4_PRIMAIRE","type":"ecole primaire","district_region":null,"departement_commune":null,"verifie":true,"name":"EPP DION ROBERT 4_PRIMAIRE","source":"Géoportail ANSTAT"}},{"type":"Feature","geometry":{"type":"Point","coordinates":[-3.956448999999964,5.287087000000042]},"properties":{"id":109076,"nom":"EPP DION ROBERT 5_PRIMAIRE","type":"ecole primaire","district_region":null,"departement_commune":null,"verifie":true,"name":"EPP DION ROBERT 5_PRIMAIRE","source":"Géoportail ANSTAT"}},{"type":"Feature","geometry":{"type":"Point","coordinates":[-3.962695999999937,5.285728000000063]},"properties":{"id":109077,"nom":"EPP DION ROBERT 6_PRIMAIRE","type":"ecole primaire","district_region":null,"departement_commune":null,"verifie":true,"name":"EPP DION ROBERT 6_PRIMAIRE","source":"Géoportail ANSTAT"}},{"type":"Feature","geometry":{"type":"Point","coordinates":[-3.95850699999994,5.296668000000068]},"properties":{"id":109078,"nom":"EPP DJEHI BENOIT_PRIMAIRE","type":"ecole primaire","district_region":null,"departement_commune":null,"verifie":true,"name":"EPP DJEHI BENOIT_PRIMAIRE","source":"Géoportail ANSTAT"}},{"type":"Feature","geometry":{"type":"Point","coordinates":[-3.952192999999966,5.299247000000037]},"properties":{"id":109079,"nom":"EPP DRAMANE COULIBALY 1_PRIMAIRE","type":"ecole primaire","district_region":null,"departement_commune":null,"verifie":true,"name":"EPP DRAMANE COULIBALY 1_PRIMAIRE","source":"Géoportail ANSTAT"}},{"type":"Feature","geometry":{"type":"Point","coordinates":[-3.96035999999998,5.299428000000034]},"properties":{"id":109080,"nom":"EPP DRAMANE COULIBALY 2_PRIMAIRE","type":"ecole primaire","district_region":null,"departement_commune":null,"verifie":true,"name":"EPP DRAMANE COULIBALY 2_PRIMAIRE","source":"Géoportail ANSTAT"}},{"type":"Feature","geometry":{"type":"Point","coordinates":[-3.98786599999994,5.305244000000073]},"properties":{"id":109081,"nom":"EPP ECHENE KOBINAH_PRIMAIRE","type":"ecole primaire","district_region":null,"departement_commune":null,"verifie":true,"name":"EPP ECHENE KOBINAH_PRIMAIRE","source":"Géoportail ANSTAT"}},{"type":"Feature","geometry":{"type":"Point","coordinates":[-3.973797999999931,5.295421000000033]},"properties":{"id":109082,"nom":"EPP EECI_PRIMAIRE","type":"ecole primaire","district_region":null,"departement_commune":null,"verifie":true,"name":"EPP EECI_PRIMAIRE","source":"Géoportail ANSTAT"}},{"type":"Feature","geometry":{"type":"Point","coordinates":[-3.939597999999933,5.30607800000007]},"properties":{"id":109083,"nom":"EPP FOFANA TIDIANE_PRIMAIRE","type":"ecole primaire","district_region":null,"departement_commune":null,"verifie":true,"name":"EPP FOFANA TIDIANE_PRIMAIRE","source":"Géoportail ANSTAT"}},{"type":"Feature","geometry":{"type":"Point","coordinates":[-3.978865999999925,5.305244000000073]},"properties":{"id":109084,"nom":"EPP GABRIEL DADIE_PRIMAIRE","type":"ecole primaire","district_region":null,"departement_commune":null,"verifie":true,"name":"EPP GABRIEL DADIE_PRIMAIRE","source":"Géoportail ANSTAT"}},{"type":"Feature","geometry":{"type":"Point","coordinates":[-3.96440599999994,5.29932400000007]},"properties":{"id":109085,"nom":"EPP GABRIEL DADIE 1_PRIMAIRE","type":"ecole primaire","district_region":null,"departement_commune":null,"verifie":true,"name":"EPP GABRIEL DADIE 1_PRIMAIRE","source":"Géoportail ANSTAT"}},{"type":"Feature","geometry":{"type":"Point","coordinates":[-3.964871999999957,5.29908000000006]},"properties":{"id":109086,"nom":"EPP GABRIEL DADIE 2_PRIMAIRE","type":"ecole primaire","district_region":null,"departement_commune":null,"verifie":true,"name":"EPP GABRIEL DADIE 2_PRIMAIRE","source":"Géoportail ANSTAT"}},{"type":"Feature","geometry":{"type":"Point","coordinates":[-3.98776799999996,5.304959000000053]},"properties":{"id":109087,"nom":"EPP GBON COULIBALY 1_PRIMAIRE","type":"ecole primaire","district_region":null,"departement_commune":null,"verifie":true,"name":"EPP GBON COULIBALY 1_PRIMAIRE","source":"Géoportail ANSTAT"}},{"type":"Feature","geometry":{"type":"Point","coordinates":[-3.966767999999945,5.282537000000048]},"properties":{"id":109088,"nom":"EPP GENDARMERIE 1_PRIMAIRE","type":"ecole primaire","district_region":null,"departement_commune":null,"verifie":true,"name":"EPP GENDARMERIE 1_PRIMAIRE","source":"Géoportail ANSTAT"}},{"type":"Feature","geometry":{"type":"Point","coordinates":[-3.966919999999959,5.28350000000006]},"properties":{"id":109089,"nom":"EPP GENDARMERIE 2_PRIMAIRE","type":"ecole primaire","district_region":null,"departement_commune":null,"verifie":true,"name":"EPP GENDARMERIE 2_PRIMAIRE","source":"Géoportail ANSTAT"}},{"type":"Feature","geometry":{"type":"Point","coordinates":[-3.563999999999965,5.268000000000029]},"properties":{"id":109090,"nom":"EPP GONZAGUEVILLE 1_PRIMAIRE","type":"ecole primaire","district_region":null,"departement_commune":null,"verifie":true,"name":"EPP GONZAGUEVILLE 1_PRIMAIRE","source":"Géoportail ANSTAT"}},{"type":"Feature","geometry":{"type":"Point","coordinates":[-3.899999999999977,5.240000000000066]},"properties":{"id":109091,"nom":"EPP GONZAGUEVILLE 2_PRIMAIRE","type":"ecole primaire","district_region":null,"departement_commune":null,"verifie":true,"name":"EPP GONZAGUEVILLE 2_PRIMAIRE","source":"Géoportail ANSTAT"}},{"type":"Feature","geometry":{"type":"Point","coordinates":[-3.899999999999977,5.240000000000066]},"properties":{"id":109092,"nom":"EPP GONZAGUEVILLE 3_PRIMAIRE","type":"ecole primaire","district_region":null,"departement_commune":null,"verifie":true,"name":"EPP GONZAGUEVILLE 3_PRIMAIRE","source":"Géoportail ANSTAT"}},{"type":"Feature","geometry":{"type":"Point","coordinates":[-3.899999999999977,5.240000000000066]},"properties":{"id":109093,"nom":"EPP GONZAGUEVILLE 4_PRIMAIRE","type":"ecole primaire","district_region":null,"departement_commune":null,"verifie":true,"name":"EPP GONZAGUEVILLE 4_PRIMAIRE","source":"Géoportail ANSTAT"}},{"type":"Feature","geometry":{"type":"Point","coordinates":[-3.976751999999976,5.286897000000067]},"properties":{"id":109094,"nom":"EPP GRAND MOULIN_PRIMAIRE","type":"ecole primaire","district_region":null,"departement_commune":null,"verifie":true,"name":"EPP GRAND MOULIN_PRIMAIRE","source":"Géoportail ANSTAT"}},{"type":"Feature","geometry":{"type":"Point","coordinates":[-3.909999999999968,5.248000000000047]},"properties":{"id":109095,"nom":"EPP HORTENSE AKA ANGHUI 2_PRIMAIRE","type":"ecole primaire","district_region":null,"departement_commune":null,"verifie":true,"name":"EPP HORTENSE AKA ANGHUI 2_PRIMAIRE","source":"Géoportail ANSTAT"}},{"type":"Feature","geometry":{"type":"Point","coordinates":[-3.965541999999971,5.294615000000022]},"properties":{"id":109096,"nom":"EPP JEAN BAPTSTE EKRA_PRIMAIRE","type":"ecole primaire","district_region":null,"departement_commune":null,"verifie":true,"name":"EPP JEAN BAPTSTE EKRA_PRIMAIRE","source":"Géoportail ANSTAT"}},{"type":"Feature","geometry":{"type":"Point","coordinates":[-4.40036299999997,5.31141400000007]},"properties":{"id":109097,"nom":"EPP JEANNE GERVAIS_PRIMAIRE","type":"ecole primaire","district_region":null,"departement_commune":null,"verifie":true,"name":"EPP JEANNE GERVAIS_PRIMAIRE","source":"Géoportail ANSTAT"}},{"type":"Feature","geometry":{"type":"Point","coordinates":[-3.958159999999964,5.296747000000039]},"properties":{"id":109098,"nom":"EPP KANKANKOURA 1_PRIMAIRE","type":"ecole primaire","district_region":null,"departement_commune":null,"verifie":true,"name":"EPP KANKANKOURA 1_PRIMAIRE","source":"Géoportail ANSTAT"}},{"type":"Feature","geometry":{"type":"Point","coordinates":[-3.958159999999964,5.296747000000039]},"properties":{"id":109099,"nom":"EPP KANKANKOURA 2_PRIMAIRE","type":"ecole primaire","district_region":null,"departement_commune":null,"verifie":true,"name":"EPP KANKANKOURA 2_PRIMAIRE","source":"Géoportail ANSTAT"}},{"type":"Feature","geometry":{"type":"Point","coordinates":[-4.001096999999959,5.307446000000027]},"properties":{"id":109100,"nom":"EPP KONAN KANGA BERTHE_PRIMAIRE","type":"ecole primaire","district_region":null,"departement_commune":null,"verifie":true,"name":"EPP KONAN KANGA BERTHE_PRIMAIRE","source":"Géoportail ANSTAT"}},{"type":"Feature","geometry":{"type":"Point","coordinates":[-3.976751999999976,5.286897000000067]},"properties":{"id":109101,"nom":"EPP KONAN RAPHAEL_PRIMAIRE","type":"ecole primaire","district_region":null,"departement_commune":null,"verifie":true,"name":"EPP KONAN RAPHAEL_PRIMAIRE","source":"Géoportail ANSTAT"}},{"type":"Feature","geometry":{"type":"Point","coordinates":[-3.999944999999968,5.306253000000027]},"properties":{"id":109102,"nom":"EPP KONE AMARA_PRIMAIRE","type":"ecole primaire","district_region":null,"departement_commune":null,"verifie":true,"name":"EPP KONE AMARA_PRIMAIRE","source":"Géoportail ANSTAT"}},{"type":"Feature","geometry":{"type":"Point","coordinates":[-4.007819999999981,5.301602000000059]},"properties":{"id":109103,"nom":"EPP KOTCHA CECILE_PRIMAIRE","type":"ecole primaire","district_region":null,"departement_commune":null,"verifie":true,"name":"EPP KOTCHA CECILE_PRIMAIRE","source":"Géoportail ANSTAT"}},{"type":"Feature","geometry":{"type":"Point","coordinates":[-3.55183999999997,5.615110000000072]},"properties":{"id":109104,"nom":"EPP KOUAME KONAN N SIKAN 1_PRIMAIRE","type":"ecole primaire","district_region":null,"departement_commune":null,"verifie":true,"name":"EPP KOUAME KONAN N SIKAN 1_PRIMAIRE","source":"Géoportail ANSTAT"}},{"type":"Feature","geometry":{"type":"Point","coordinates":[-3.983265999999958,5.262723000000051]},"properties":{"id":109105,"nom":"EPP KOUAME KONAN N SIKAN 2_PRIMAIRE","type":"ecole primaire","district_region":null,"departement_commune":null,"verifie":true,"name":"EPP KOUAME KONAN N SIKAN 2_PRIMAIRE","source":"Géoportail ANSTAT"}},{"type":"Feature","geometry":{"type":"Point","coordinates":[-4.00423399999994,5.309896000000037]},"properties":{"id":109106,"nom":"EPP KOUASSI LENOIR_PRIMAIRE","type":"ecole primaire","district_region":null,"departement_commune":null,"verifie":true,"name":"EPP KOUASSI LENOIR_PRIMAIRE","source":"Géoportail ANSTAT"}},{"type":"Feature","geometry":{"type":"Point","coordinates":[-3.976751999999976,5.286897000000067]},"properties":{"id":109107,"nom":"EPP KOUMASSI BIETRY_PRIMAIRE","type":"ecole primaire","district_region":null,"departement_commune":null,"verifie":true,"name":"EPP KOUMASSI BIETRY_PRIMAIRE","source":"Géoportail ANSTAT"}},{"type":"Feature","geometry":{"type":"Point","coordinates":[-4.001815999999963,5.307582000000025]},"properties":{"id":109108,"nom":"EPP LAGUNE_PRIMAIRE","type":"ecole primaire","district_region":null,"departement_commune":null,"verifie":true,"name":"EPP LAGUNE_PRIMAIRE","source":"Géoportail ANSTAT"}},{"type":"Feature","geometry":{"type":"Point","coordinates":[-3.951529999999934,5.278610000000072]},"properties":{"id":109109,"nom":"EPP LAGUNE 1_PRIMAIRE","type":"ecole primaire","district_region":null,"departement_commune":null,"verifie":true,"name":"EPP LAGUNE 1_PRIMAIRE","source":"Géoportail ANSTAT"}},{"type":"Feature","geometry":{"type":"Point","coordinates":[-3.19259999999997,5.298892000000023]},"properties":{"id":109110,"nom":"EPP LAGUNE 2_PRIMAIRE","type":"ecole primaire","district_region":null,"departement_commune":null,"verifie":true,"name":"EPP LAGUNE 2_PRIMAIRE","source":"Géoportail ANSTAT"}},{"type":"Feature","geometry":{"type":"Point","coordinates":[-3.952399999999955,5.298500000000047]},"properties":{"id":109111,"nom":"EPP LAGUNE 3_PRIMAIRE","type":"ecole primaire","district_region":null,"departement_commune":null,"verifie":true,"name":"EPP LAGUNE 3_PRIMAIRE","source":"Géoportail ANSTAT"}},{"type":"Feature","geometry":{"type":"Point","coordinates":[-3.949999999999932,5.29000000000002]},"properties":{"id":109112,"nom":"EPP LAGUNE 4_PRIMAIRE","type":"ecole primaire","district_region":null,"departement_commune":null,"verifie":true,"name":"EPP LAGUNE 4_PRIMAIRE","source":"Géoportail ANSTAT"}},{"type":"Feature","geometry":{"type":"Point","coordinates":[-4.008643999999947,5.310035000000028]},"properties":{"id":109113,"nom":"EPP LAMIZANA MAMADOU_PRIMAIRE","type":"ecole primaire","district_region":null,"departement_commune":null,"verifie":true,"name":"EPP LAMIZANA MAMADOU_PRIMAIRE","source":"Géoportail ANSTAT"}},{"type":"Feature","geometry":{"type":"Point","coordinates":[-4.009999999999934,5.310000000000059]},"properties":{"id":109114,"nom":"EPP LEON ROBERT 1_PRIMAIRE","type":"ecole primaire","district_region":null,"departement_commune":null,"verifie":true,"name":"EPP LEON ROBERT 1_PRIMAIRE","source":"Géoportail ANSTAT"}},{"type":"Feature","geometry":{"type":"Point","coordinates":[-3.935181999999941,5.309722000000022]},"properties":{"id":109115,"nom":"EPP LONACI_PRIMAIRE","type":"ecole primaire","district_region":null,"departement_commune":null,"verifie":true,"name":"EPP LONACI_PRIMAIRE","source":"Géoportail ANSTAT"}},{"type":"Feature","geometry":{"type":"Point","coordinates":[-3.976366999999925,5.309400000000039]},"properties":{"id":109116,"nom":"EPP MAGIC SYSTEM_PRIMAIRE","type":"ecole primaire","district_region":null,"departement_commune":null,"verifie":true,"name":"EPP MAGIC SYSTEM_PRIMAIRE","source":"Géoportail ANSTAT"}},{"type":"Feature","geometry":{"type":"Point","coordinates":[-3.960480999999959,5.299149000000057]},"properties":{"id":109117,"nom":"EPP MAMADOU COULBALY_PRIMAIRE","type":"ecole primaire","district_region":null,"departement_commune":null,"verifie":true,"name":"EPP MAMADOU COULBALY_PRIMAIRE","source":"Géoportail ANSTAT"}},{"type":"Feature","geometry":{"type":"Point","coordinates":[-3.835999999999956,5.27800000000002]},"properties":{"id":109118,"nom":"EPP MARC DELORME 1_PRIMAIRE","type":"ecole primaire","district_region":null,"departement_commune":null,"verifie":true,"name":"EPP MARC DELORME 1_PRIMAIRE","source":"Géoportail ANSTAT"}},{"type":"Feature","geometry":{"type":"Point","coordinates":[-3.835999999999956,5.27800000000002]},"properties":{"id":109119,"nom":"EPP MARC DELORME 2_PRIMAIRE","type":"ecole primaire","district_region":null,"departement_commune":null,"verifie":true,"name":"EPP MARC DELORME 2_PRIMAIRE","source":"Géoportail ANSTAT"}},{"type":"Feature","geometry":{"type":"Point","coordinates":[-3.98776799999996,5.304959000000053]},"properties":{"id":109120,"nom":"EPP MARCORY_PRIMAIRE","type":"ecole primaire","district_region":null,"departement_commune":null,"verifie":true,"name":"EPP MARCORY_PRIMAIRE","source":"Géoportail ANSTAT"}},{"type":"Feature","geometry":{"type":"Point","coordinates":[-3.983081999999968,5.301188000000025]},"properties":{"id":109121,"nom":"EPP MEA KOUADIO_PRIMAIRE","type":"ecole primaire","district_region":null,"departement_commune":null,"verifie":true,"name":"EPP MEA KOUADIO_PRIMAIRE","source":"Géoportail ANSTAT"}},{"type":"Feature","geometry":{"type":"Point","coordinates":[-3.88999999999993,5.240000000000066]},"properties":{"id":109122,"nom":"EPP MUNICIPALITE 2_PRIMAIRE","type":"ecole primaire","district_region":null,"departement_commune":null,"verifie":true,"name":"EPP MUNICIPALITE 2_PRIMAIRE","source":"Géoportail ANSTAT"}},{"type":"Feature","geometry":{"type":"Point","coordinates":[-3.963706999999943,5.294817000000023]},"properties":{"id":109123,"nom":"EPP MUNICIPALITE 2_PRIMAIRE","type":"ecole primaire","district_region":null,"departement_commune":null,"verifie":true,"name":"EPP MUNICIPALITE 2_PRIMAIRE","source":"Géoportail ANSTAT"}},{"type":"Feature","geometry":{"type":"Point","coordinates":[-3.964871999999957,5.29908000000006]},"properties":{"id":109124,"nom":"EPP MUNICIPALITE 3_PRIMAIRE","type":"ecole primaire","district_region":null,"departement_commune":null,"verifie":true,"name":"EPP MUNICIPALITE 3_PRIMAIRE","source":"Géoportail ANSTAT"}},{"type":"Feature","geometry":{"type":"Point","coordinates":[-4.001394999999945,5.306720000000041]},"properties":{"id":109125,"nom":"EPP NANOU AKA_PRIMAIRE","type":"ecole primaire","district_region":null,"departement_commune":null,"verifie":true,"name":"EPP NANOU AKA_PRIMAIRE","source":"Géoportail ANSTAT"}},{"type":"Feature","geometry":{"type":"Point","coordinates":[-3.96032699999995,5.299342000000024]},"properties":{"id":109126,"nom":"EPP NORD 1_PRIMAIRE","type":"ecole primaire","district_region":null,"departement_commune":null,"verifie":true,"name":"EPP NORD 1_PRIMAIRE","source":"Géoportail ANSTAT"}},{"type":"Feature","geometry":{"type":"Point","coordinates":[-3.952192999999966,5.299247000000037]},"properties":{"id":109127,"nom":"EPP NORD 2_PRIMAIRE","type":"ecole primaire","district_region":null,"departement_commune":null,"verifie":true,"name":"EPP NORD 2_PRIMAIRE","source":"Géoportail ANSTAT"}},{"type":"Feature","geometry":{"type":"Point","coordinates":[-3.96035999999998,5.299428000000034]},"properties":{"id":109128,"nom":"EPP NORD 3_PRIMAIRE","type":"ecole primaire","district_region":null,"departement_commune":null,"verifie":true,"name":"EPP NORD 3_PRIMAIRE","source":"Géoportail ANSTAT"}},{"type":"Feature","geometry":{"type":"Point","coordinates":[-3.960284999999942,5.299455000000023]},"properties":{"id":109129,"nom":"EPP NORD 4_PRIMAIRE","type":"ecole primaire","district_region":null,"departement_commune":null,"verifie":true,"name":"EPP NORD 4_PRIMAIRE","source":"Géoportail ANSTAT"}},{"type":"Feature","geometry":{"type":"Point","coordinates":[-3.963802999999928,5.289351000000067]},"properties":{"id":109130,"nom":"EPP NOUVEAU KOUMASSI 1_PRIMAIRE","type":"ecole primaire","district_region":null,"departement_commune":null,"verifie":true,"name":"EPP NOUVEAU KOUMASSI 1_PRIMAIRE","source":"Géoportail ANSTAT"}},{"type":"Feature","geometry":{"type":"Point","coordinates":[-3.963091999999961,5.289300000000026]},"properties":{"id":109131,"nom":"EPP NOUVEAU KOUMASSI 2_PRIMAIRE","type":"ecole primaire","district_region":null,"departement_commune":null,"verifie":true,"name":"EPP NOUVEAU KOUMASSI 2_PRIMAIRE","source":"Géoportail ANSTAT"}},{"type":"Feature","geometry":{"type":"Point","coordinates":[-3.962854999999934,5.28893800000003]},"properties":{"id":109132,"nom":"EPP NOUVEAU KOUMASSI 3_PRIMAIRE","type":"ecole primaire","district_region":null,"departement_commune":null,"verifie":true,"name":"EPP NOUVEAU KOUMASSI 3_PRIMAIRE","source":"Géoportail ANSTAT"}},{"type":"Feature","geometry":{"type":"Point","coordinates":[-3.962366999999972,5.289311000000055]},"properties":{"id":109133,"nom":"EPP NOUVEAU KOUMASSI BAD 2_PRIMAIRE","type":"ecole primaire","district_region":null,"departement_commune":null,"verifie":true,"name":"EPP NOUVEAU KOUMASSI BAD 2_PRIMAIRE","source":"Géoportail ANSTAT"}},{"type":"Feature","geometry":{"type":"Point","coordinates":[-3.963116999999954,5.289325000000076]},"properties":{"id":109134,"nom":"EPP NOUVEAU KOUMASSI BAD 3_PRIMAIRE","type":"ecole primaire","district_region":null,"departement_commune":null,"verifie":true,"name":"EPP NOUVEAU KOUMASSI BAD 3_PRIMAIRE","source":"Géoportail ANSTAT"}},{"type":"Feature","geometry":{"type":"Point","coordinates":[-3.96384699999993,5.28917400000006]},"properties":{"id":109135,"nom":"EPP NOUVEAU KOUMASSI LAC 1_PRIMAIRE","type":"ecole primaire","district_region":null,"departement_commune":null,"verifie":true,"name":"EPP NOUVEAU KOUMASSI LAC 1_PRIMAIRE","source":"Géoportail ANSTAT"}},{"type":"Feature","geometry":{"type":"Point","coordinates":[-3.963487999999927,5.288830000000075]},"properties":{"id":109136,"nom":"EPP NOUVEAU KOUMASSI LAC 2_PRIMAIRE","type":"ecole primaire","district_region":null,"departement_commune":null,"verifie":true,"name":"EPP NOUVEAU KOUMASSI LAC 2_PRIMAIRE","source":"Géoportail ANSTAT"}},{"type":"Feature","geometry":{"type":"Point","coordinates":[-3.963749999999948,5.293526000000043]},"properties":{"id":109137,"nom":"EPP OUEZZIN COULIBALY_PRIMAIRE","type":"ecole primaire","district_region":null,"departement_commune":null,"verifie":true,"name":"EPP OUEZZIN COULIBALY_PRIMAIRE","source":"Géoportail ANSTAT"}},{"type":"Feature","geometry":{"type":"Point","coordinates":[-3.948441999999943,5.31282200000004]},"properties":{"id":109138,"nom":"EPP PANGOLIN 1_PRIMAIRE","type":"ecole primaire","district_region":null,"departement_commune":null,"verifie":true,"name":"EPP PANGOLIN 1_PRIMAIRE","source":"Géoportail ANSTAT"}},{"type":"Feature","geometry":{"type":"Point","coordinates":[-3.948441999999943,5.31282200000004]},"properties":{"id":109139,"nom":"EPP PANGOLIN 2_PRIMAIRE","type":"ecole primaire","district_region":null,"departement_commune":null,"verifie":true,"name":"EPP PANGOLIN 2_PRIMAIRE","source":"Géoportail ANSTAT"}},{"type":"Feature","geometry":{"type":"Point","coordinates":[-3.977112999999974,5.256813000000022]},"properties":{"id":109140,"nom":"EPP PETIT BASSAM 1_PRIMAIRE","type":"ecole primaire","district_region":null,"departement_commune":null,"verifie":true,"name":"EPP PETIT BASSAM 1_PRIMAIRE","source":"Géoportail ANSTAT"}},{"type":"Feature","geometry":{"type":"Point","coordinates":[-3.977114999999969,5.256815000000074]},"properties":{"id":109141,"nom":"EPP PETIT BASSAM 2_PRIMAIRE","type":"ecole primaire","district_region":null,"departement_commune":null,"verifie":true,"name":"EPP PETIT BASSAM 2_PRIMAIRE","source":"Géoportail ANSTAT"}},{"type":"Feature","geometry":{"type":"Point","coordinates":[-3.979999999999961,5.301600000000064]},"properties":{"id":109142,"nom":"EPP PILOTE_PRIMAIRE","type":"ecole primaire","district_region":null,"departement_commune":null,"verifie":true,"name":"EPP PILOTE_PRIMAIRE","source":"Géoportail ANSTAT"}},{"type":"Feature","geometry":{"type":"Point","coordinates":[-4.017862999999977,5.308565000000044]},"properties":{"id":109143,"nom":"EPP PONT_PRIMAIRE","type":"ecole primaire","district_region":null,"departement_commune":null,"verifie":true,"name":"EPP PONT_PRIMAIRE","source":"Géoportail ANSTAT"}},{"type":"Feature","geometry":{"type":"Point","coordinates":[-4.018282154999952,5.314099175000024]},"properties":{"id":109144,"nom":"EPP PONT 3 BAD_PRIMAIRE","type":"ecole primaire","district_region":null,"departement_commune":null,"verifie":true,"name":"EPP PONT 3 BAD_PRIMAIRE","source":"Géoportail ANSTAT"}},{"type":"Feature","geometry":{"type":"Point","coordinates":[-4.018282154999952,5.314099175000024]},"properties":{"id":109145,"nom":"EPP PONT LONACI_PRIMAIRE","type":"ecole primaire","district_region":null,"departement_commune":null,"verifie":true,"name":"EPP PONT LONACI_PRIMAIRE","source":"Géoportail ANSTAT"}},{"type":"Feature","geometry":{"type":"Point","coordinates":[-3.949999999999932,5.250000000000057]},"properties":{"id":109146,"nom":"EPP PORT-BOUET 1A_PRIMAIRE","type":"ecole primaire","district_region":null,"departement_commune":null,"verifie":true,"name":"EPP PORT-BOUET 1A_PRIMAIRE","source":"Géoportail ANSTAT"}},{"type":"Feature","geometry":{"type":"Point","coordinates":[-3.949999999999932,5.250000000000057]},"properties":{"id":109147,"nom":"EPP PORT-BOUET 1B_PRIMAIRE","type":"ecole primaire","district_region":null,"departement_commune":null,"verifie":true,"name":"EPP PORT-BOUET 1B_PRIMAIRE","source":"Géoportail ANSTAT"}},{"type":"Feature","geometry":{"type":"Point","coordinates":[-3.949999999999932,5.250000000000057]},"properties":{"id":109148,"nom":"EPP PORT-BOUET 2A_PRIMAIRE","type":"ecole primaire","district_region":null,"departement_commune":null,"verifie":true,"name":"EPP PORT-BOUET 2A_PRIMAIRE","source":"Géoportail ANSTAT"}},{"type":"Feature","geometry":{"type":"Point","coordinates":[-3.949999999999932,5.250000000000057]},"properties":{"id":109149,"nom":"EPP PORT-BOUET 2B_PRIMAIRE","type":"ecole primaire","district_region":null,"departement_commune":null,"verifie":true,"name":"EPP PORT-BOUET 2B_PRIMAIRE","source":"Géoportail ANSTAT"}},{"type":"Feature","geometry":{"type":"Point","coordinates":[-3.949999999999932,5.250000000000057]},"properties":{"id":109150,"nom":"EPP PORT-BOUET 3_PRIMAIRE","type":"ecole primaire","district_region":null,"departement_commune":null,"verifie":true,"name":"EPP PORT-BOUET 3_PRIMAIRE","source":"Géoportail ANSTAT"}},{"type":"Feature","geometry":{"type":"Point","coordinates":[-3.94720099999995,5.304980000000057]},"properties":{"id":109151,"nom":"EPP PRODOMO 1_PRIMAIRE","type":"ecole primaire","district_region":null,"departement_commune":null,"verifie":true,"name":"EPP PRODOMO 1_PRIMAIRE","source":"Géoportail ANSTAT"}},{"type":"Feature","geometry":{"type":"Point","coordinates":[-3.947218999999961,5.305056000000036]},"properties":{"id":109152,"nom":"EPP PRODOMO 2_PRIMAIRE","type":"ecole primaire","district_region":null,"departement_commune":null,"verifie":true,"name":"EPP PRODOMO 2_PRIMAIRE","source":"Géoportail ANSTAT"}},{"type":"Feature","geometry":{"type":"Point","coordinates":[-3.947218999999961,5.305056000000036]},"properties":{"id":109153,"nom":"EPP PRODOMO 3_PRIMAIRE","type":"ecole primaire","district_region":null,"departement_commune":null,"verifie":true,"name":"EPP PRODOMO 3_PRIMAIRE","source":"Géoportail ANSTAT"}},{"type":"Feature","geometry":{"type":"Point","coordinates":[-4.001045999999974,5.305813000000057]},"properties":{"id":109154,"nom":"EPP RAQUAIN_PRIMAIRE","type":"ecole primaire","district_region":null,"departement_commune":null,"verifie":true,"name":"EPP RAQUAIN_PRIMAIRE","source":"Géoportail ANSTAT"}},{"type":"Feature","geometry":{"type":"Point","coordinates":[-4.001041999999927,5.306774000000075]},"properties":{"id":109155,"nom":"EPP REGIONALE_PRIMAIRE","type":"ecole primaire","district_region":null,"departement_commune":null,"verifie":true,"name":"EPP REGIONALE_PRIMAIRE","source":"Géoportail ANSTAT"}},{"type":"Feature","geometry":{"type":"Point","coordinates":[-3.946932999999945,5.304482000000064]},"properties":{"id":109156,"nom":"EPP SELMER_PRIMAIRE","type":"ecole primaire","district_region":null,"departement_commune":null,"verifie":true,"name":"EPP SELMER_PRIMAIRE","source":"Géoportail ANSTAT"}},{"type":"Feature","geometry":{"type":"Point","coordinates":[-3.968233999999939,5.258653000000038]},"properties":{"id":109157,"nom":"EPP SELMER CAMP VRIDI 1_PRIMAIRE","type":"ecole primaire","district_region":null,"departement_commune":null,"verifie":true,"name":"EPP SELMER CAMP VRIDI 1_PRIMAIRE","source":"Géoportail ANSTAT"}},{"type":"Feature","geometry":{"type":"Point","coordinates":[-3.969527999999968,5.25736500000005]},"properties":{"id":109158,"nom":"EPP SELMER CAMP VRIDI 2_PRIMAIRE","type":"ecole primaire","district_region":null,"departement_commune":null,"verifie":true,"name":"EPP SELMER CAMP VRIDI 2_PRIMAIRE","source":"Géoportail ANSTAT"}},{"type":"Feature","geometry":{"type":"Point","coordinates":[-3.969675999999936,5.257097000000044]},"properties":{"id":109159,"nom":"EPP SELMER CAMP VRIDI 3_PRIMAIRE","type":"ecole primaire","district_region":null,"departement_commune":null,"verifie":true,"name":"EPP SELMER CAMP VRIDI 3_PRIMAIRE","source":"Géoportail ANSTAT"}},{"type":"Feature","geometry":{"type":"Point","coordinates":[-3.95999999999998,5.257000000000062]},"properties":{"id":109160,"nom":"EPP SELMER COMMISSARIAT A_PRIMAIRE","type":"ecole primaire","district_region":null,"departement_commune":null,"verifie":true,"name":"EPP SELMER COMMISSARIAT A_PRIMAIRE","source":"Géoportail ANSTAT"}},{"type":"Feature","geometry":{"type":"Point","coordinates":[-3.95999999999998,5.257000000000062]},"properties":{"id":109161,"nom":"EPP SELMER COMMISSARIAT B_PRIMAIRE","type":"ecole primaire","district_region":null,"departement_commune":null,"verifie":true,"name":"EPP SELMER COMMISSARIAT B_PRIMAIRE","source":"Géoportail ANSTAT"}},{"type":"Feature","geometry":{"type":"Point","coordinates":[-3.961999999999932,5.259000000000071]},"properties":{"id":109162,"nom":"EPP SELMER HOPITAL C_PRIMAIRE","type":"ecole primaire","district_region":null,"departement_commune":null,"verifie":true,"name":"EPP SELMER HOPITAL C_PRIMAIRE","source":"Géoportail ANSTAT"}},{"type":"Feature","geometry":{"type":"Point","coordinates":[-3.961999999999932,5.259000000000071]},"properties":{"id":109163,"nom":"EPP SELMER HOPITAL D_PRIMAIRE","type":"ecole primaire","district_region":null,"departement_commune":null,"verifie":true,"name":"EPP SELMER HOPITAL D_PRIMAIRE","source":"Géoportail ANSTAT"}},{"type":"Feature","geometry":{"type":"Point","coordinates":[-3.949999999999932,5.29000000000002]},"properties":{"id":109164,"nom":"EPP SERI KORE_PRIMAIRE","type":"ecole primaire","district_region":null,"departement_commune":null,"verifie":true,"name":"EPP SERI KORE_PRIMAIRE","source":"Géoportail ANSTAT"}},{"type":"Feature","geometry":{"type":"Point","coordinates":[-4.000004999999931,5.301338000000044]},"properties":{"id":109165,"nom":"EPP BAH GLE GASTON_PRIMAIRE","type":"ecole primaire","district_region":null,"departement_commune":null,"verifie":true,"name":"EPP BAH GLE GASTON_PRIMAIRE","source":"Géoportail ANSTAT"}},{"type":"Feature","geometry":{"type":"Point","coordinates":[-3.973797999999931,5.295421000000033]},"properties":{"id":109166,"nom":"EPP SICOGI 1_PRIMAIRE","type":"ecole primaire","district_region":null,"departement_commune":null,"verifie":true,"name":"EPP SICOGI 1_PRIMAIRE","source":"Géoportail ANSTAT"}},{"type":"Feature","geometry":{"type":"Point","coordinates":[-3.973797999999931,5.295421000000033]},"properties":{"id":109167,"nom":"EPP SICOGI 4_PRIMAIRE","type":"ecole primaire","district_region":null,"departement_commune":null,"verifie":true,"name":"EPP SICOGI 4_PRIMAIRE","source":"Géoportail ANSTAT"}},{"type":"Feature","geometry":{"type":"Point","coordinates":[-3.966999999999928,5.284000000000049]},"properties":{"id":109168,"nom":"EPP SICOGI COLLECTIF 1_PRIMAIRE","type":"ecole primaire","district_region":null,"departement_commune":null,"verifie":true,"name":"EPP SICOGI COLLECTIF 1_PRIMAIRE","source":"Géoportail ANSTAT"}},{"type":"Feature","geometry":{"type":"Point","coordinates":[-3.966999999999928,5.284000000000049]},"properties":{"id":109169,"nom":"EPP SICOGI COLLECTIF 2_PRIMAIRE","type":"ecole primaire","district_region":null,"departement_commune":null,"verifie":true,"name":"EPP SICOGI COLLECTIF 2_PRIMAIRE","source":"Géoportail ANSTAT"}},{"type":"Feature","geometry":{"type":"Point","coordinates":[-3.966999999999928,5.284000000000049]},"properties":{"id":109170,"nom":"EPP SICOGI COLLECTIF 3_PRIMAIRE","type":"ecole primaire","district_region":null,"departement_commune":null,"verifie":true,"name":"EPP SICOGI COLLECTIF 3_PRIMAIRE","source":"Géoportail ANSTAT"}},{"type":"Feature","geometry":{"type":"Point","coordinates":[-3.956270999999958,5.286462000000029]},"properties":{"id":109171,"nom":"EPP SICOGI COLLECTIF 4_PRIMAIRE","type":"ecole primaire","district_region":null,"departement_commune":null,"verifie":true,"name":"EPP SICOGI COLLECTIF 4_PRIMAIRE","source":"Géoportail ANSTAT"}},{"type":"Feature","geometry":{"type":"Point","coordinates":[-3.956448999999964,5.286407000000054]},"properties":{"id":109172,"nom":"EPP SICOGI EST 1_PRIMAIRE","type":"ecole primaire","district_region":null,"departement_commune":null,"verifie":true,"name":"EPP SICOGI EST 1_PRIMAIRE","source":"Géoportail ANSTAT"}},{"type":"Feature","geometry":{"type":"Point","coordinates":[-3.973797999999931,5.295421000000033]},"properties":{"id":109173,"nom":"EPP SICOGI EST 2_PRIMAIRE","type":"ecole primaire","district_region":null,"departement_commune":null,"verifie":true,"name":"EPP SICOGI EST 2_PRIMAIRE","source":"Géoportail ANSTAT"}},{"type":"Feature","geometry":{"type":"Point","coordinates":[-3.032447999999931,5.312573000000043]},"properties":{"id":109174,"nom":"EPP SICOGI EST 2_PRIMAIRE","type":"ecole primaire","district_region":null,"departement_commune":null,"verifie":true,"name":"EPP SICOGI EST 2_PRIMAIRE","source":"Géoportail ANSTAT"}},{"type":"Feature","geometry":{"type":"Point","coordinates":[-3.976751999999976,5.286897000000067]},"properties":{"id":109175,"nom":"EPP SICOGI EST 3_PRIMAIRE","type":"ecole primaire","district_region":null,"departement_commune":null,"verifie":true,"name":"EPP SICOGI EST 3_PRIMAIRE","source":"Géoportail ANSTAT"}},{"type":"Feature","geometry":{"type":"Point","coordinates":[-3.956193999999925,5.287087000000042]},"properties":{"id":109176,"nom":"EPP SICOGI EST 3_PRIMAIRE","type":"ecole primaire","district_region":null,"departement_commune":null,"verifie":true,"name":"EPP SICOGI EST 3_PRIMAIRE","source":"Géoportail ANSTAT"}},{"type":"Feature","geometry":{"type":"Point","coordinates":[-3.956270999999958,5.286462000000029]},"properties":{"id":109177,"nom":"EPP SICOGI EST 4_PRIMAIRE","type":"ecole primaire","district_region":null,"departement_commune":null,"verifie":true,"name":"EPP SICOGI EST 4_PRIMAIRE","source":"Géoportail ANSTAT"}},{"type":"Feature","geometry":{"type":"Point","coordinates":[-3.956448999999964,5.287087000000042]},"properties":{"id":109178,"nom":"EPP SICOGI EST 5_PRIMAIRE","type":"ecole primaire","district_region":null,"departement_commune":null,"verifie":true,"name":"EPP SICOGI EST 5_PRIMAIRE","source":"Géoportail ANSTAT"}},{"type":"Feature","geometry":{"type":"Point","coordinates":[-3.94599599999998,5.313506000000075]},"properties":{"id":109179,"nom":"EPP SICOGI NORD EST 1_PRIMAIRE","type":"ecole primaire","district_region":null,"departement_commune":null,"verifie":true,"name":"EPP SICOGI NORD EST 1_PRIMAIRE","source":"Géoportail ANSTAT"}},{"type":"Feature","geometry":{"type":"Point","coordinates":[-3.94599599999998,5.313506000000075]},"properties":{"id":109180,"nom":"EPP SICOGI NORD EST 2_PRIMAIRE","type":"ecole primaire","district_region":null,"departement_commune":null,"verifie":true,"name":"EPP SICOGI NORD EST 2_PRIMAIRE","source":"Géoportail ANSTAT"}},{"type":"Feature","geometry":{"type":"Point","coordinates":[-3.94599599999998,5.313506000000075]},"properties":{"id":109181,"nom":"EPP SICOGI NORD-EST 3_PRIMAIRE","type":"ecole primaire","district_region":null,"departement_commune":null,"verifie":true,"name":"EPP SICOGI NORD-EST 3_PRIMAIRE","source":"Géoportail ANSTAT"}},{"type":"Feature","geometry":{"type":"Point","coordinates":[-3.944330999999977,5.252294000000063]},"properties":{"id":109182,"nom":"EPP SIRENE_PRIMAIRE","type":"ecole primaire","district_region":null,"departement_commune":null,"verifie":true,"name":"EPP SIRENE_PRIMAIRE","source":"Géoportail ANSTAT"}},{"type":"Feature","geometry":{"type":"Point","coordinates":[-3.967581999999936,5.259214000000043]},"properties":{"id":109183,"nom":"EPP SOGEFIHA 1A_PRIMAIRE","type":"ecole primaire","district_region":null,"departement_commune":null,"verifie":true,"name":"EPP SOGEFIHA 1A_PRIMAIRE","source":"Géoportail ANSTAT"}},{"type":"Feature","geometry":{"type":"Point","coordinates":[-3.583347999999944,5.259167000000048]},"properties":{"id":109184,"nom":"EPP SOGEFIHA 1B_PRIMAIRE","type":"ecole primaire","district_region":null,"departement_commune":null,"verifie":true,"name":"EPP SOGEFIHA 1B_PRIMAIRE","source":"Géoportail ANSTAT"}},{"type":"Feature","geometry":{"type":"Point","coordinates":[-3.968021999999962,5.259124000000043]},"properties":{"id":109185,"nom":"EPP SOGEFIHA 1C_PRIMAIRE","type":"ecole primaire","district_region":null,"departement_commune":null,"verifie":true,"name":"EPP SOGEFIHA 1C_PRIMAIRE","source":"Géoportail ANSTAT"}},{"type":"Feature","geometry":{"type":"Point","coordinates":[-3.900481999999954,5.26000300000004]},"properties":{"id":109186,"nom":"EPP SOGEFIHA 2A_PRIMAIRE","type":"ecole primaire","district_region":null,"departement_commune":null,"verifie":true,"name":"EPP SOGEFIHA 2A_PRIMAIRE","source":"Géoportail ANSTAT"}},{"type":"Feature","geometry":{"type":"Point","coordinates":[-3.960299999999961,5.26000300000004]},"properties":{"id":109187,"nom":"EPP SOGEFIHA 2B_PRIMAIRE","type":"ecole primaire","district_region":null,"departement_commune":null,"verifie":true,"name":"EPP SOGEFIHA 2B_PRIMAIRE","source":"Géoportail ANSTAT"}},{"type":"Feature","geometry":{"type":"Point","coordinates":[-3.960640999999953,5.260424000000057]},"properties":{"id":109188,"nom":"EPP SOGEFIHA 2C_PRIMAIRE","type":"ecole primaire","district_region":null,"departement_commune":null,"verifie":true,"name":"EPP SOGEFIHA 2C_PRIMAIRE","source":"Géoportail ANSTAT"}},{"type":"Feature","geometry":{"type":"Point","coordinates":[-3.899999999999977,5.700000000000045]},"properties":{"id":109189,"nom":"EPP SOMBO ISAAC_PRIMAIRE","type":"ecole primaire","district_region":null,"departement_commune":null,"verifie":true,"name":"EPP SOMBO ISAAC_PRIMAIRE","source":"Géoportail ANSTAT"}},{"type":"Feature","geometry":{"type":"Point","coordinates":[-3.947621999999967,5.30589800000007]},"properties":{"id":109190,"nom":"EPP SOPIM 1_PRIMAIRE","type":"ecole primaire","district_region":null,"departement_commune":null,"verifie":true,"name":"EPP SOPIM 1_PRIMAIRE","source":"Géoportail ANSTAT"}},{"type":"Feature","geometry":{"type":"Point","coordinates":[-3.947621999999967,5.30589800000007]},"properties":{"id":109191,"nom":"EPP SOPIM 2_PRIMAIRE","type":"ecole primaire","district_region":null,"departement_commune":null,"verifie":true,"name":"EPP SOPIM 2_PRIMAIRE","source":"Géoportail ANSTAT"}},{"type":"Feature","geometry":{"type":"Point","coordinates":[-3.976751999999976,5.286897000000067]},"properties":{"id":109192,"nom":"EPP STADE 1_PRIMAIRE","type":"ecole primaire","district_region":null,"departement_commune":null,"verifie":true,"name":"EPP STADE 1_PRIMAIRE","source":"Géoportail ANSTAT"}},{"type":"Feature","geometry":{"type":"Point","coordinates":[-3.976751999999976,5.286897000000067]},"properties":{"id":109193,"nom":"EPP STADE 3_PRIMAIRE","type":"ecole primaire","district_region":null,"departement_commune":null,"verifie":true,"name":"EPP STADE 3_PRIMAIRE","source":"Géoportail ANSTAT"}},{"type":"Feature","geometry":{"type":"Point","coordinates":[-3.973797999999931,5.295421000000033]},"properties":{"id":109194,"nom":"EPP STADE2_PRIMAIRE","type":"ecole primaire","district_region":null,"departement_commune":null,"verifie":true,"name":"EPP STADE2_PRIMAIRE","source":"Géoportail ANSTAT"}},{"type":"Feature","geometry":{"type":"Point","coordinates":[-3.879999999999939,5.240000000000066]},"properties":{"id":109195,"nom":"EPP STATION MARC DELORME_PRIMAIRE","type":"ecole primaire","district_region":null,"departement_commune":null,"verifie":true,"name":"EPP STATION MARC DELORME_PRIMAIRE","source":"Géoportail ANSTAT"}},{"type":"Feature","geometry":{"type":"Point","coordinates":[-3.996883999999966,5.255191000000025]},"properties":{"id":109196,"nom":"EPP VRIDI 1B_PRIMAIRE","type":"ecole primaire","district_region":null,"departement_commune":null,"verifie":true,"name":"EPP VRIDI 1B_PRIMAIRE","source":"Géoportail ANSTAT"}},{"type":"Feature","geometry":{"type":"Point","coordinates":[-3.994152999999926,5.275146000000063]},"properties":{"id":109197,"nom":"EPP VRIDI 3B_PRIMAIRE","type":"ecole primaire","district_region":null,"departement_commune":null,"verifie":true,"name":"EPP VRIDI 3B_PRIMAIRE","source":"Géoportail ANSTAT"}},{"type":"Feature","geometry":{"type":"Point","coordinates":[-4.035609999999963,5.253251000000034]},"properties":{"id":109198,"nom":"EPP VRIDI AKO_PRIMAIRE","type":"ecole primaire","district_region":null,"departement_commune":null,"verifie":true,"name":"EPP VRIDI AKO_PRIMAIRE","source":"Géoportail ANSTAT"}},{"type":"Feature","geometry":{"type":"Point","coordinates":[-3.98527299999995,5.265737000000058]},"properties":{"id":109199,"nom":"EPP VRIDI CHAPELLE 1_PRIMAIRE","type":"ecole primaire","district_region":null,"departement_commune":null,"verifie":true,"name":"EPP VRIDI CHAPELLE 1_PRIMAIRE","source":"Géoportail ANSTAT"}},{"type":"Feature","geometry":{"type":"Point","coordinates":[-3.98527299999995,5.265737000000058]},"properties":{"id":109200,"nom":"EPP VRIDI CHAPELLE 2_PRIMAIRE","type":"ecole primaire","district_region":null,"departement_commune":null,"verifie":true,"name":"EPP VRIDI CHAPELLE 2_PRIMAIRE","source":"Géoportail ANSTAT"}},{"type":"Feature","geometry":{"type":"Point","coordinates":[-3.984643999999946,5.262125000000026]},"properties":{"id":109201,"nom":"EPP VRIDI CITE 1_PRIMAIRE","type":"ecole primaire","district_region":null,"departement_commune":null,"verifie":true,"name":"EPP VRIDI CITE 1_PRIMAIRE","source":"Géoportail ANSTAT"}},{"type":"Feature","geometry":{"type":"Point","coordinates":[-3.984741999999926,5.262022000000059]},"properties":{"id":109202,"nom":"EPP VRIDI CITE 2_PRIMAIRE","type":"ecole primaire","district_region":null,"departement_commune":null,"verifie":true,"name":"EPP VRIDI CITE 2_PRIMAIRE","source":"Géoportail ANSTAT"}}],"metadata":{"dataset":"Ecole primaire — ANSTAT","source":"Géoportail ANSTAT","theme":"Éducation","verified":true,"apercu":"limité à 1000 entités"}}