{"type":"FeatureCollection","features":[{"type":"Feature","geometry":{"type":"Point","coordinates":[-5.361184999999978,7.063834000000043]},"properties":{"id":40819,"nom":"CHATEAUX D EAU SUIBONOU","type":"chateau eau","district_region":null,"departement_commune":null,"verifie":true,"name":"CHATEAUX D EAU SUIBONOU","source":"Géoportail ANSTAT"}},{"type":"Feature","geometry":{"type":"Point","coordinates":[-5.608378999999957,9.44139400000006]},"properties":{"id":40826,"nom":"ACTION FAIM","type":"chateau eau","district_region":null,"departement_commune":null,"verifie":true,"name":"ACTION FAIM","source":"Géoportail ANSTAT"}},{"type":"Feature","geometry":{"type":"Point","coordinates":[-4.459827999999959,5.268503000000067]},"properties":{"id":40865,"nom":"ABRACO","type":"chateau eau","district_region":null,"departement_commune":null,"verifie":true,"name":"ABRACO","source":"Géoportail ANSTAT"}},{"type":"Feature","geometry":{"type":"Point","coordinates":[-3.074012999999979,7.890443000000062]},"properties":{"id":40868,"nom":"ADDUCTION D EAU","type":"chateau eau","district_region":null,"departement_commune":null,"verifie":true,"name":"ADDUCTION D EAU","source":"Géoportail ANSTAT"}},{"type":"Feature","geometry":{"type":"Point","coordinates":[-3.948741999999925,6.32389900000004]},"properties":{"id":40871,"nom":"AFFERY","type":"chateau eau","district_region":null,"departement_commune":null,"verifie":true,"name":"AFFERY","source":"Géoportail ANSTAT"}},{"type":"Feature","geometry":{"type":"Point","coordinates":[-4.611462999999958,5.616190000000074]},"properties":{"id":41262,"nom":"ANONYME","type":"chateau eau","district_region":null,"departement_commune":null,"verifie":true,"name":"ANONYME","source":"Géoportail ANSTAT"}},{"type":"Feature","geometry":{"type":"Point","coordinates":[-4.154855999999938,5.82630400000005]},"properties":{"id":41270,"nom":"ANCIEN CHATEAU D EAU DE GRAND YAPO","type":"chateau eau","district_region":null,"departement_commune":null,"verifie":true,"name":"ANCIEN CHATEAU D EAU DE GRAND YAPO","source":"Géoportail ANSTAT"}},{"type":"Feature","geometry":{"type":"Point","coordinates":[-4.333484999999939,5.94403200000005]},"properties":{"id":41278,"nom":"ANONYME","type":"chateau eau","district_region":null,"departement_commune":null,"verifie":true,"name":"ANONYME","source":"Géoportail ANSTAT"}},{"type":"Feature","geometry":{"type":"Point","coordinates":[-3.117663999999934,5.347716000000048]},"properties":{"id":41279,"nom":"ANCIEN CHATEAUX D EAU D EBOUE","type":"chateau eau","district_region":null,"departement_commune":null,"verifie":true,"name":"ANCIEN CHATEAUX D EAU D EBOUE","source":"Géoportail ANSTAT"}},{"type":"Feature","geometry":{"type":"Point","coordinates":[-5.166596999999967,9.06239000000005]},"properties":{"id":41281,"nom":"ASSAINISSEUR SODECI","type":"chateau eau","district_region":null,"departement_commune":null,"verifie":true,"name":"ASSAINISSEUR SODECI","source":"Géoportail ANSTAT"}},{"type":"Feature","geometry":{"type":"Point","coordinates":[-5.244379999999978,7.074388000000056]},"properties":{"id":41288,"nom":"CHATEAUX D EAU TOUNZOUEBO","type":"chateau eau","district_region":null,"departement_commune":null,"verifie":true,"name":"CHATEAUX D EAU TOUNZOUEBO","source":"Géoportail ANSTAT"}},{"type":"Feature","geometry":{"type":"Point","coordinates":[-5.32749999999993,7.002081000000032]},"properties":{"id":41290,"nom":"CHATEAU DEAU","type":"chateau eau","district_region":null,"departement_commune":null,"verifie":true,"name":"CHATEAU DEAU","source":"Géoportail ANSTAT"}},{"type":"Feature","geometry":{"type":"Point","coordinates":[-7.340359999999976,4.516236000000049]},"properties":{"id":41294,"nom":"AUCUN","type":"chateau eau","district_region":null,"departement_commune":null,"verifie":true,"name":"AUCUN","source":"Géoportail ANSTAT"}},{"type":"Feature","geometry":{"type":"Point","coordinates":[-7.315103999999963,4.479581000000053]},"properties":{"id":41298,"nom":"AUCUN","type":"chateau eau","district_region":null,"departement_commune":null,"verifie":true,"name":"AUCUN","source":"Géoportail ANSTAT"}},{"type":"Feature","geometry":{"type":"Point","coordinates":[-5.258480999999961,7.347632000000033]},"properties":{"id":41300,"nom":"AUCUN","type":"chateau eau","district_region":null,"departement_commune":null,"verifie":true,"name":"AUCUN","source":"Géoportail ANSTAT"}},{"type":"Feature","geometry":{"type":"Point","coordinates":[-5.613101999999969,7.672259000000054]},"properties":{"id":41301,"nom":"AUCUN","type":"chateau eau","district_region":null,"departement_commune":null,"verifie":true,"name":"AUCUN","source":"Géoportail ANSTAT"}},{"type":"Feature","geometry":{"type":"Point","coordinates":[-4.550196999999969,6.066528000000062]},"properties":{"id":41302,"nom":"AUCUN","type":"chateau eau","district_region":null,"departement_commune":null,"verifie":true,"name":"AUCUN","source":"Géoportail ANSTAT"}},{"type":"Feature","geometry":{"type":"Point","coordinates":[-4.81275299999993,5.954479000000049]},"properties":{"id":41303,"nom":"AUCUN","type":"chateau eau","district_region":null,"departement_commune":null,"verifie":true,"name":"AUCUN","source":"Géoportail ANSTAT"}},{"type":"Feature","geometry":{"type":"Point","coordinates":[-3.980977999999936,6.285892000000047]},"properties":{"id":41304,"nom":"AUCUN","type":"chateau eau","district_region":null,"departement_commune":null,"verifie":true,"name":"AUCUN","source":"Géoportail ANSTAT"}},{"type":"Feature","geometry":{"type":"Point","coordinates":[-4.01135899999997,5.911260000000027]},"properties":{"id":41305,"nom":"AUCUN","type":"chateau eau","district_region":null,"departement_commune":null,"verifie":true,"name":"AUCUN","source":"Géoportail ANSTAT"}},{"type":"Feature","geometry":{"type":"Point","coordinates":[-6.666964999999948,6.502322000000049]},"properties":{"id":41310,"nom":"BAS SODECI","type":"chateau eau","district_region":null,"departement_commune":null,"verifie":true,"name":"BAS SODECI","source":"Géoportail ANSTAT"}},{"type":"Feature","geometry":{"type":"Point","coordinates":[-5.253683999999964,6.812305000000038]},"properties":{"id":41311,"nom":"SODECI","type":"chateau eau","district_region":null,"departement_commune":null,"verifie":true,"name":"SODECI","source":"Géoportail ANSTAT"}},{"type":"Feature","geometry":{"type":"Point","coordinates":[-6.200136999999927,8.069830000000024]},"properties":{"id":41312,"nom":"BASE SODECI","type":"chateau eau","district_region":null,"departement_commune":null,"verifie":true,"name":"BASE SODECI","source":"Géoportail ANSTAT"}},{"type":"Feature","geometry":{"type":"Point","coordinates":[-4.999331999999981,6.766782000000035]},"properties":{"id":41313,"nom":"CHATEAUX DEAU","type":"chateau eau","district_region":null,"departement_commune":null,"verifie":true,"name":"CHATEAUX DEAU","source":"Géoportail ANSTAT"}},{"type":"Feature","geometry":{"type":"Point","coordinates":[-5.26744999999994,6.955187000000024]},"properties":{"id":41314,"nom":"SODECI","type":"chateau eau","district_region":null,"departement_commune":null,"verifie":true,"name":"SODECI","source":"Géoportail ANSTAT"}},{"type":"Feature","geometry":{"type":"Point","coordinates":[-5.282713999999942,6.988519000000053]},"properties":{"id":41315,"nom":"CHATEAU","type":"chateau eau","district_region":null,"departement_commune":null,"verifie":true,"name":"CHATEAU","source":"Géoportail ANSTAT"}},{"type":"Feature","geometry":{"type":"Point","coordinates":[-5.172034999999937,6.937234000000046]},"properties":{"id":41316,"nom":"CHATEAU D EAU NZERE","type":"chateau eau","district_region":null,"departement_commune":null,"verifie":true,"name":"CHATEAU D EAU NZERE","source":"Géoportail ANSTAT"}},{"type":"Feature","geometry":{"type":"Point","coordinates":[-5.265958999999953,6.699964000000023]},"properties":{"id":41322,"nom":"CHATEAUX D EAU","type":"chateau eau","district_region":null,"departement_commune":null,"verifie":true,"name":"CHATEAUX D EAU","source":"Géoportail ANSTAT"}},{"type":"Feature","geometry":{"type":"Point","coordinates":[-5.273992999999962,6.863988000000063]},"properties":{"id":41327,"nom":"CHATEAU EAU DU CAFOP","type":"chateau eau","district_region":null,"departement_commune":null,"verifie":true,"name":"CHATEAU EAU DU CAFOP","source":"Géoportail ANSTAT"}},{"type":"Feature","geometry":{"type":"Point","coordinates":[-5.348270999999954,6.834973000000048]},"properties":{"id":41328,"nom":"CHATEAU D EAU","type":"chateau eau","district_region":null,"departement_commune":null,"verifie":true,"name":"CHATEAU D EAU","source":"Géoportail ANSTAT"}},{"type":"Feature","geometry":{"type":"Point","coordinates":[-5.141013999999927,6.813036000000068]},"properties":{"id":41338,"nom":"CHATEAUX D EAU","type":"chateau eau","district_region":null,"departement_commune":null,"verifie":true,"name":"CHATEAUX D EAU","source":"Géoportail ANSTAT"}},{"type":"Feature","geometry":{"type":"Point","coordinates":[-6.99365899999998,6.272118000000034]},"properties":{"id":41351,"nom":"BUYO VILLE","type":"chateau eau","district_region":null,"departement_commune":null,"verifie":true,"name":"BUYO VILLE","source":"Géoportail ANSTAT"}},{"type":"Feature","geometry":{"type":"Point","coordinates":[-5.266656999999952,6.800419000000034]},"properties":{"id":41353,"nom":"SODECI","type":"chateau eau","district_region":null,"departement_commune":null,"verifie":true,"name":"SODECI","source":"Géoportail ANSTAT"}},{"type":"Feature","geometry":{"type":"Point","coordinates":[-5.465517999999975,10.10661200000004]},"properties":{"id":41357,"nom":"SODECI","type":"chateau eau","district_region":null,"departement_commune":null,"verifie":true,"name":"SODECI","source":"Géoportail ANSTAT"}},{"type":"Feature","geometry":{"type":"Point","coordinates":[-6.674502999999959,4.794095000000027]},"properties":{"id":41361,"nom":"SODECI","type":"chateau eau","district_region":null,"departement_commune":null,"verifie":true,"name":"SODECI","source":"Géoportail ANSTAT"}},{"type":"Feature","geometry":{"type":"Point","coordinates":[-6.841117999999938,4.762352000000021]},"properties":{"id":41369,"nom":"SODECI","type":"chateau eau","district_region":null,"departement_commune":null,"verifie":true,"name":"SODECI","source":"Géoportail ANSTAT"}},{"type":"Feature","geometry":{"type":"Point","coordinates":[-5.649118999999928,9.517232000000035]},"properties":{"id":41371,"nom":"SODECI","type":"chateau eau","district_region":null,"departement_commune":null,"verifie":true,"name":"SODECI","source":"Géoportail ANSTAT"}},{"type":"Feature","geometry":{"type":"Point","coordinates":[-4.706778999999926,6.654777000000024]},"properties":{"id":41372,"nom":"C A","type":"chateau eau","district_region":null,"departement_commune":null,"verifie":true,"name":"C A","source":"Géoportail ANSTAT"}},{"type":"Feature","geometry":{"type":"Point","coordinates":[-5.584407999999939,9.477734000000057]},"properties":{"id":41373,"nom":"SODECI","type":"chateau eau","district_region":null,"departement_commune":null,"verifie":true,"name":"SODECI","source":"Géoportail ANSTAT"}},{"type":"Feature","geometry":{"type":"Point","coordinates":[-5.637584999999945,9.445973000000038]},"properties":{"id":41374,"nom":"SODECI","type":"chateau eau","district_region":null,"departement_commune":null,"verifie":true,"name":"SODECI","source":"Géoportail ANSTAT"}},{"type":"Feature","geometry":{"type":"Point","coordinates":[-6.557671999999968,5.413303000000042]},"properties":{"id":41375,"nom":"SODECI","type":"chateau eau","district_region":null,"departement_commune":null,"verifie":true,"name":"SODECI","source":"Géoportail ANSTAT"}},{"type":"Feature","geometry":{"type":"Point","coordinates":[-6.553137999999933,5.40123600000004]},"properties":{"id":41376,"nom":"SODECI","type":"chateau eau","district_region":null,"departement_commune":null,"verifie":true,"name":"SODECI","source":"Géoportail ANSTAT"}},{"type":"Feature","geometry":{"type":"Point","coordinates":[-6.556974999999966,5.400941000000046]},"properties":{"id":41377,"nom":"SODECI","type":"chateau eau","district_region":null,"departement_commune":null,"verifie":true,"name":"SODECI","source":"Géoportail ANSTAT"}},{"type":"Feature","geometry":{"type":"Point","coordinates":[-6.358292999999946,5.993498000000045]},"properties":{"id":41378,"nom":"SODECI","type":"chateau eau","district_region":null,"departement_commune":null,"verifie":true,"name":"SODECI","source":"Géoportail ANSTAT"}},{"type":"Feature","geometry":{"type":"Point","coordinates":[-6.549867999999947,5.958699000000024]},"properties":{"id":41379,"nom":"SODECI","type":"chateau eau","district_region":null,"departement_commune":null,"verifie":true,"name":"SODECI","source":"Géoportail ANSTAT"}},{"type":"Feature","geometry":{"type":"Point","coordinates":[-6.610765999999956,5.788835000000063]},"properties":{"id":41380,"nom":"SODECI","type":"chateau eau","district_region":null,"departement_commune":null,"verifie":true,"name":"SODECI","source":"Géoportail ANSTAT"}},{"type":"Feature","geometry":{"type":"Point","coordinates":[-6.408655999999951,5.761581000000035]},"properties":{"id":41381,"nom":"SODECI","type":"chateau eau","district_region":null,"departement_commune":null,"verifie":true,"name":"SODECI","source":"Géoportail ANSTAT"}},{"type":"Feature","geometry":{"type":"Point","coordinates":[-7.345054999999945,6.733302000000037]},"properties":{"id":41382,"nom":"CATEAU DE DUOKOUE ENTENNE","type":"chateau eau","district_region":null,"departement_commune":null,"verifie":true,"name":"CATEAU DE DUOKOUE ENTENNE","source":"Géoportail ANSTAT"}},{"type":"Feature","geometry":{"type":"Point","coordinates":[-4.895080999999948,6.122276000000056]},"properties":{"id":41383,"nom":"CATEAU DEAU DU VILLAGE","type":"chateau eau","district_region":null,"departement_commune":null,"verifie":true,"name":"CATEAU DEAU DU VILLAGE","source":"Géoportail ANSTAT"}},{"type":"Feature","geometry":{"type":"Point","coordinates":[-6.265537999999935,6.492333000000031]},"properties":{"id":41384,"nom":"CENTRALE SODECI","type":"chateau eau","district_region":null,"departement_commune":null,"verifie":true,"name":"CENTRALE SODECI","source":"Géoportail ANSTAT"}},{"type":"Feature","geometry":{"type":"Point","coordinates":[-4.375602999999956,6.784984000000065]},"properties":{"id":41385,"nom":"SODECI","type":"chateau eau","district_region":null,"departement_commune":null,"verifie":true,"name":"SODECI","source":"Géoportail ANSTAT"}},{"type":"Feature","geometry":{"type":"Point","coordinates":[-5.005938999999955,5.269782000000021]},"properties":{"id":41386,"nom":"SODECI","type":"chateau eau","district_region":null,"departement_commune":null,"verifie":true,"name":"SODECI","source":"Géoportail ANSTAT"}},{"type":"Feature","geometry":{"type":"Point","coordinates":[-5.353651999999954,5.123421000000064]},"properties":{"id":41388,"nom":"SODECI","type":"chateau eau","district_region":null,"departement_commune":null,"verifie":true,"name":"SODECI","source":"Géoportail ANSTAT"}},{"type":"Feature","geometry":{"type":"Point","coordinates":[-5.002637999999934,5.248427000000049]},"properties":{"id":41389,"nom":"SODECI","type":"chateau eau","district_region":null,"departement_commune":null,"verifie":true,"name":"SODECI","source":"Géoportail ANSTAT"}},{"type":"Feature","geometry":{"type":"Point","coordinates":[-5.171594999999968,6.976375000000075]},"properties":{"id":41390,"nom":"CHATEAU D EAU","type":"chateau eau","district_region":null,"departement_commune":null,"verifie":true,"name":"CHATEAU D EAU","source":"Géoportail ANSTAT"}},{"type":"Feature","geometry":{"type":"Point","coordinates":[-5.25376099999994,9.549878000000035]},"properties":{"id":41391,"nom":"CHATEAU D EAU","type":"chateau eau","district_region":null,"departement_commune":null,"verifie":true,"name":"CHATEAU D EAU","source":"Géoportail ANSTAT"}},{"type":"Feature","geometry":{"type":"Point","coordinates":[-5.069673999999964,9.59375700000004]},"properties":{"id":41392,"nom":"CHATEAU D EAU","type":"chateau eau","district_region":null,"departement_commune":null,"verifie":true,"name":"CHATEAU D EAU","source":"Géoportail ANSTAT"}},{"type":"Feature","geometry":{"type":"Point","coordinates":[-5.068431999999973,9.596204000000055]},"properties":{"id":41393,"nom":"CHATEAU D EAU 2 DU CENTRE DE SANTE","type":"chateau eau","district_region":null,"departement_commune":null,"verifie":true,"name":"CHATEAU D EAU 2 DU CENTRE DE SANTE","source":"Géoportail ANSTAT"}},{"type":"Feature","geometry":{"type":"Point","coordinates":[-5.307211999999936,9.663805000000025]},"properties":{"id":41394,"nom":"CHATEAU D EAU","type":"chateau eau","district_region":null,"departement_commune":null,"verifie":true,"name":"CHATEAU D EAU","source":"Géoportail ANSTAT"}},{"type":"Feature","geometry":{"type":"Point","coordinates":[-5.628234999999961,9.903440000000046]},"properties":{"id":41395,"nom":"CHATEAU","type":"chateau eau","district_region":null,"departement_commune":null,"verifie":true,"name":"CHATEAU","source":"Géoportail ANSTAT"}},{"type":"Feature","geometry":{"type":"Point","coordinates":[-5.191771999999958,10.09141300000005]},"properties":{"id":41396,"nom":"CHATEAU D EAU","type":"chateau eau","district_region":null,"departement_commune":null,"verifie":true,"name":"CHATEAU D EAU","source":"Géoportail ANSTAT"}},{"type":"Feature","geometry":{"type":"Point","coordinates":[-5.178559999999948,10.10078400000003]},"properties":{"id":41397,"nom":"CHATEAU D EAU","type":"chateau eau","district_region":null,"departement_commune":null,"verifie":true,"name":"CHATEAU D EAU","source":"Géoportail ANSTAT"}},{"type":"Feature","geometry":{"type":"Point","coordinates":[-5.475006999999948,10.11126000000007]},"properties":{"id":41399,"nom":"CHATEAU D EAU","type":"chateau eau","district_region":null,"departement_commune":null,"verifie":true,"name":"CHATEAU D EAU","source":"Géoportail ANSTAT"}},{"type":"Feature","geometry":{"type":"Point","coordinates":[-5.080071999999973,10.15364700000003]},"properties":{"id":41400,"nom":"CHATEAU D EAU","type":"chateau eau","district_region":null,"departement_commune":null,"verifie":true,"name":"CHATEAU D EAU","source":"Géoportail ANSTAT"}},{"type":"Feature","geometry":{"type":"Point","coordinates":[-5.074841999999933,10.15739200000007]},"properties":{"id":41402,"nom":"CHATEAU D EAU DE LALERABA","type":"chateau eau","district_region":null,"departement_commune":null,"verifie":true,"name":"CHATEAU D EAU DE LALERABA","source":"Géoportail ANSTAT"}},{"type":"Feature","geometry":{"type":"Point","coordinates":[-7.09026799999998,4.683420000000069]},"properties":{"id":41403,"nom":"CHATEAU CTC SOGB","type":"chateau eau","district_region":null,"departement_commune":null,"verifie":true,"name":"CHATEAU CTC SOGB","source":"Géoportail ANSTAT"}},{"type":"Feature","geometry":{"type":"Point","coordinates":[-6.87895999999995,4.675031000000047]},"properties":{"id":41404,"nom":"CHATEAU","type":"chateau eau","district_region":null,"departement_commune":null,"verifie":true,"name":"CHATEAU","source":"Géoportail ANSTAT"}},{"type":"Feature","geometry":{"type":"Point","coordinates":[-6.963670999999977,4.620452000000057]},"properties":{"id":41405,"nom":"CHATEAU","type":"chateau eau","district_region":null,"departement_commune":null,"verifie":true,"name":"CHATEAU","source":"Géoportail ANSTAT"}},{"type":"Feature","geometry":{"type":"Point","coordinates":[-7.096244999999954,4.669287000000054]},"properties":{"id":41406,"nom":"CHATEAU D EAU","type":"chateau eau","district_region":null,"departement_commune":null,"verifie":true,"name":"CHATEAU D EAU","source":"Géoportail ANSTAT"}},{"type":"Feature","geometry":{"type":"Point","coordinates":[-7.436618999999951,4.703993000000025]},"properties":{"id":41407,"nom":"CHATEAU D EAU","type":"chateau eau","district_region":null,"departement_commune":null,"verifie":true,"name":"CHATEAU D EAU","source":"Géoportail ANSTAT"}},{"type":"Feature","geometry":{"type":"Point","coordinates":[-7.499438999999938,4.563814000000036]},"properties":{"id":41408,"nom":"CHATEAU","type":"chateau eau","district_region":null,"departement_commune":null,"verifie":true,"name":"CHATEAU","source":"Géoportail ANSTAT"}},{"type":"Feature","geometry":{"type":"Point","coordinates":[-5.723574999999926,9.359080000000064]},"properties":{"id":41409,"nom":"CHAPEAU DE KAFONON","type":"chateau eau","district_region":null,"departement_commune":null,"verifie":true,"name":"CHAPEAU DE KAFONON","source":"Géoportail ANSTAT"}},{"type":"Feature","geometry":{"type":"Point","coordinates":[-5.780921999999975,9.360288000000024]},"properties":{"id":41410,"nom":"CHATEAU D EAU DE FONANVOGO","type":"chateau eau","district_region":null,"departement_commune":null,"verifie":true,"name":"CHATEAU D EAU DE FONANVOGO","source":"Géoportail ANSTAT"}},{"type":"Feature","geometry":{"type":"Point","coordinates":[-5.818335999999931,9.904732000000024]},"properties":{"id":41411,"nom":"CHATEAU","type":"chateau eau","district_region":null,"departement_commune":null,"verifie":true,"name":"CHATEAU","source":"Géoportail ANSTAT"}},{"type":"Feature","geometry":{"type":"Point","coordinates":[-5.88502699999998,9.982336000000032]},"properties":{"id":41412,"nom":"CHATAUX D EAU","type":"chateau eau","district_region":null,"departement_commune":null,"verifie":true,"name":"CHATAUX D EAU","source":"Géoportail ANSTAT"}},{"type":"Feature","geometry":{"type":"Point","coordinates":[-6.04966399999995,10.00347500000004]},"properties":{"id":41413,"nom":"CHATEAU D EAU","type":"chateau eau","district_region":null,"departement_commune":null,"verifie":true,"name":"CHATEAU D EAU","source":"Géoportail ANSTAT"}},{"type":"Feature","geometry":{"type":"Point","coordinates":[-5.819379999999967,10.05089400000003]},"properties":{"id":41414,"nom":"CHATEAU D EAU","type":"chateau eau","district_region":null,"departement_commune":null,"verifie":true,"name":"CHATEAU D EAU","source":"Géoportail ANSTAT"}},{"type":"Feature","geometry":{"type":"Point","coordinates":[-5.657588999999973,9.480103000000042]},"properties":{"id":41415,"nom":"CHATEAU COCODY","type":"chateau eau","district_region":null,"departement_commune":null,"verifie":true,"name":"CHATEAU COCODY","source":"Géoportail ANSTAT"}},{"type":"Feature","geometry":{"type":"Point","coordinates":[-5.691335999999978,9.553078000000028]},"properties":{"id":41416,"nom":"CHATEAU D EAU","type":"chateau eau","district_region":null,"departement_commune":null,"verifie":true,"name":"CHATEAU D EAU","source":"Géoportail ANSTAT"}},{"type":"Feature","geometry":{"type":"Point","coordinates":[-5.395347999999956,9.52137700000003]},"properties":{"id":41417,"nom":"CHATEAU D EAU","type":"chateau eau","district_region":null,"departement_commune":null,"verifie":true,"name":"CHATEAU D EAU","source":"Géoportail ANSTAT"}},{"type":"Feature","geometry":{"type":"Point","coordinates":[-5.55556699999994,9.054161000000022]},"properties":{"id":41418,"nom":"CHATEAU D EAU","type":"chateau eau","district_region":null,"departement_commune":null,"verifie":true,"name":"CHATEAU D EAU","source":"Géoportail ANSTAT"}},{"type":"Feature","geometry":{"type":"Point","coordinates":[-6.643697999999972,5.66694700000005]},"properties":{"id":41419,"nom":"CHATEAU D EAU","type":"chateau eau","district_region":null,"departement_commune":null,"verifie":true,"name":"CHATEAU D EAU","source":"Géoportail ANSTAT"}},{"type":"Feature","geometry":{"type":"Point","coordinates":[-6.596654999999942,5.569472000000076]},"properties":{"id":41420,"nom":"CHATEAU D EAU","type":"chateau eau","district_region":null,"departement_commune":null,"verifie":true,"name":"CHATEAU D EAU","source":"Géoportail ANSTAT"}},{"type":"Feature","geometry":{"type":"Point","coordinates":[-6.513080999999943,5.965260000000058]},"properties":{"id":41421,"nom":"CHATEAU D EAU","type":"chateau eau","district_region":null,"departement_commune":null,"verifie":true,"name":"CHATEAU D EAU","source":"Géoportail ANSTAT"}},{"type":"Feature","geometry":{"type":"Point","coordinates":[-6.323059999999941,5.629917000000034]},"properties":{"id":41422,"nom":"CHATEAU D EAU","type":"chateau eau","district_region":null,"departement_commune":null,"verifie":true,"name":"CHATEAU D EAU","source":"Géoportail ANSTAT"}},{"type":"Feature","geometry":{"type":"Point","coordinates":[-6.71305899999993,6.112313000000029]},"properties":{"id":41423,"nom":"CHATEAU D EAU","type":"chateau eau","district_region":null,"departement_commune":null,"verifie":true,"name":"CHATEAU D EAU","source":"Géoportail ANSTAT"}},{"type":"Feature","geometry":{"type":"Point","coordinates":[-6.504930999999942,6.246775000000071]},"properties":{"id":41424,"nom":"CHATEAU D EAU","type":"chateau eau","district_region":null,"departement_commune":null,"verifie":true,"name":"CHATEAU D EAU","source":"Géoportail ANSTAT"}},{"type":"Feature","geometry":{"type":"Point","coordinates":[-6.971297999999933,6.234808000000044]},"properties":{"id":41425,"nom":"CHATEAU D EAU DE GBILY","type":"chateau eau","district_region":null,"departement_commune":null,"verifie":true,"name":"CHATEAU D EAU DE GBILY","source":"Géoportail ANSTAT"}},{"type":"Feature","geometry":{"type":"Point","coordinates":[-7.008937999999944,6.244887000000062]},"properties":{"id":41426,"nom":"CHATEAU D EAU BELLEVILLE","type":"chateau eau","district_region":null,"departement_commune":null,"verifie":true,"name":"CHATEAU D EAU BELLEVILLE","source":"Géoportail ANSTAT"}},{"type":"Feature","geometry":{"type":"Point","coordinates":[-6.04540499999996,5.552771000000064]},"properties":{"id":41427,"nom":"CHATEAU D EAU","type":"chateau eau","district_region":null,"departement_commune":null,"verifie":true,"name":"CHATEAU D EAU","source":"Géoportail ANSTAT"}},{"type":"Feature","geometry":{"type":"Point","coordinates":[-4.226713999999959,6.57584300000002]},"properties":{"id":41428,"nom":"CHATEAU D EAU","type":"chateau eau","district_region":null,"departement_commune":null,"verifie":true,"name":"CHATEAU D EAU","source":"Géoportail ANSTAT"}},{"type":"Feature","geometry":{"type":"Point","coordinates":[-4.36333099999996,6.475553000000048]},"properties":{"id":41429,"nom":"CHATEAU D EAU","type":"chateau eau","district_region":null,"departement_commune":null,"verifie":true,"name":"CHATEAU D EAU","source":"Géoportail ANSTAT"}},{"type":"Feature","geometry":{"type":"Point","coordinates":[-4.41381999999993,6.494874000000038]},"properties":{"id":41430,"nom":"CHATEAU D EAU","type":"chateau eau","district_region":null,"departement_commune":null,"verifie":true,"name":"CHATEAU D EAU","source":"Géoportail ANSTAT"}},{"type":"Feature","geometry":{"type":"Point","coordinates":[-4.499310999999977,6.668591000000049]},"properties":{"id":41431,"nom":"CHATEAU D EAU D ASSAHARA","type":"chateau eau","district_region":null,"departement_commune":null,"verifie":true,"name":"CHATEAU D EAU D ASSAHARA","source":"Géoportail ANSTAT"}},{"type":"Feature","geometry":{"type":"Point","coordinates":[-4.487562999999966,6.503974000000028]},"properties":{"id":41432,"nom":"CHATEAU D EAU","type":"chateau eau","district_region":null,"departement_commune":null,"verifie":true,"name":"CHATEAU D EAU","source":"Géoportail ANSTAT"}},{"type":"Feature","geometry":{"type":"Point","coordinates":[-4.132995999999935,6.696525000000065]},"properties":{"id":41433,"nom":"CHATEAU D EAU","type":"chateau eau","district_region":null,"departement_commune":null,"verifie":true,"name":"CHATEAU D EAU","source":"Géoportail ANSTAT"}},{"type":"Feature","geometry":{"type":"Point","coordinates":[-4.376532999999938,6.777909000000022]},"properties":{"id":41434,"nom":"CHATEAU D EAU AHOUENFOUTOU","type":"chateau eau","district_region":null,"departement_commune":null,"verifie":true,"name":"CHATEAU D EAU AHOUENFOUTOU","source":"Géoportail ANSTAT"}},{"type":"Feature","geometry":{"type":"Point","coordinates":[-4.301418999999953,6.764346000000046]},"properties":{"id":41435,"nom":"CHATEAU D EAU","type":"chateau eau","district_region":null,"departement_commune":null,"verifie":true,"name":"CHATEAU D EAU","source":"Géoportail ANSTAT"}},{"type":"Feature","geometry":{"type":"Point","coordinates":[-3.910469999999975,6.968960000000038]},"properties":{"id":41436,"nom":"CHATEAU D EAU","type":"chateau eau","district_region":null,"departement_commune":null,"verifie":true,"name":"CHATEAU D EAU","source":"Géoportail ANSTAT"}},{"type":"Feature","geometry":{"type":"Point","coordinates":[-3.860835999999949,6.892688000000021]},"properties":{"id":41437,"nom":"CHATEAU D EAU","type":"chateau eau","district_region":null,"departement_commune":null,"verifie":true,"name":"CHATEAU D EAU","source":"Géoportail ANSTAT"}},{"type":"Feature","geometry":{"type":"Point","coordinates":[-3.985171999999977,6.973619000000042]},"properties":{"id":41438,"nom":"CHATEAU D EAU DE KREGBE","type":"chateau eau","district_region":null,"departement_commune":null,"verifie":true,"name":"CHATEAU D EAU DE KREGBE","source":"Géoportail ANSTAT"}},{"type":"Feature","geometry":{"type":"Point","coordinates":[-4.105648999999971,6.706946000000073]},"properties":{"id":41439,"nom":"CHATEAU D EAU","type":"chateau eau","district_region":null,"departement_commune":null,"verifie":true,"name":"CHATEAU D EAU","source":"Géoportail ANSTAT"}},{"type":"Feature","geometry":{"type":"Point","coordinates":[-4.471127999999965,6.376496000000031]},"properties":{"id":41440,"nom":"CHATEAU D EAU","type":"chateau eau","district_region":null,"departement_commune":null,"verifie":true,"name":"CHATEAU D EAU","source":"Géoportail ANSTAT"}},{"type":"Feature","geometry":{"type":"Point","coordinates":[-4.476264999999955,6.496471000000042]},"properties":{"id":41441,"nom":"CHATEAU D EAU","type":"chateau eau","district_region":null,"departement_commune":null,"verifie":true,"name":"CHATEAU D EAU","source":"Géoportail ANSTAT"}},{"type":"Feature","geometry":{"type":"Point","coordinates":[-4.418205999999941,6.530946000000029]},"properties":{"id":41442,"nom":"CHATEAU D EAU","type":"chateau eau","district_region":null,"departement_commune":null,"verifie":true,"name":"CHATEAU D EAU","source":"Géoportail ANSTAT"}},{"type":"Feature","geometry":{"type":"Point","coordinates":[-4.20560299999994,6.658122000000049]},"properties":{"id":41443,"nom":"CHATEAU D EAU","type":"chateau eau","district_region":null,"departement_commune":null,"verifie":true,"name":"CHATEAU D EAU","source":"Géoportail ANSTAT"}},{"type":"Feature","geometry":{"type":"Point","coordinates":[-4.100537999999972,6.809120000000064]},"properties":{"id":41444,"nom":"CHATEAU D EAU DE ELLIZUE","type":"chateau eau","district_region":null,"departement_commune":null,"verifie":true,"name":"CHATEAU D EAU DE ELLIZUE","source":"Géoportail ANSTAT"}},{"type":"Feature","geometry":{"type":"Point","coordinates":[-4.008731999999952,6.968273000000067]},"properties":{"id":41445,"nom":"CHATEAU D EAU","type":"chateau eau","district_region":null,"departement_commune":null,"verifie":true,"name":"CHATEAU D EAU","source":"Géoportail ANSTAT"}},{"type":"Feature","geometry":{"type":"Point","coordinates":[-7.132177999999953,7.61650000000003]},"properties":{"id":41446,"nom":"CHATEAU D EAU","type":"chateau eau","district_region":null,"departement_commune":null,"verifie":true,"name":"CHATEAU D EAU","source":"Géoportail ANSTAT"}},{"type":"Feature","geometry":{"type":"Point","coordinates":[-7.228983999999969,7.256811000000027]},"properties":{"id":41447,"nom":"CHATEAU D EAU DE KOUIBLY","type":"chateau eau","district_region":null,"departement_commune":null,"verifie":true,"name":"CHATEAU D EAU DE KOUIBLY","source":"Géoportail ANSTAT"}},{"type":"Feature","geometry":{"type":"Point","coordinates":[-7.351104999999961,7.109757000000059]},"properties":{"id":41448,"nom":"CHATEAU D EAU DE GLOPLOU","type":"chateau eau","district_region":null,"departement_commune":null,"verifie":true,"name":"CHATEAU D EAU DE GLOPLOU","source":"Géoportail ANSTAT"}},{"type":"Feature","geometry":{"type":"Point","coordinates":[-7.179098999999951,7.137365000000045]},"properties":{"id":41449,"nom":"CHATEAU D EAU","type":"chateau eau","district_region":null,"departement_commune":null,"verifie":true,"name":"CHATEAU D EAU","source":"Géoportail ANSTAT"}},{"type":"Feature","geometry":{"type":"Point","coordinates":[-7.298362999999938,7.178874000000064]},"properties":{"id":41450,"nom":"CHATEAU D EAU","type":"chateau eau","district_region":null,"departement_commune":null,"verifie":true,"name":"CHATEAU D EAU","source":"Géoportail ANSTAT"}},{"type":"Feature","geometry":{"type":"Point","coordinates":[-7.194389999999942,6.594363000000044]},"properties":{"id":41451,"nom":"CHATEAU D EAU","type":"chateau eau","district_region":null,"departement_commune":null,"verifie":true,"name":"CHATEAU D EAU","source":"Géoportail ANSTAT"}},{"type":"Feature","geometry":{"type":"Point","coordinates":[-7.129258999999934,6.478637000000049]},"properties":{"id":41452,"nom":"CHATEAU D EAU","type":"chateau eau","district_region":null,"departement_commune":null,"verifie":true,"name":"CHATEAU D EAU","source":"Géoportail ANSTAT"}},{"type":"Feature","geometry":{"type":"Point","coordinates":[-7.290862999999945,6.796122000000025]},"properties":{"id":41453,"nom":"CHATEAU","type":"chateau eau","district_region":null,"departement_commune":null,"verifie":true,"name":"CHATEAU","source":"Géoportail ANSTAT"}},{"type":"Feature","geometry":{"type":"Point","coordinates":[-7.371747999999968,6.749591000000066]},"properties":{"id":41454,"nom":"CHATEAU D EAU DE GUITROZON","type":"chateau eau","district_region":null,"departement_commune":null,"verifie":true,"name":"CHATEAU D EAU DE GUITROZON","source":"Géoportail ANSTAT"}},{"type":"Feature","geometry":{"type":"Point","coordinates":[-7.193366999999967,6.890669000000059]},"properties":{"id":41455,"nom":"CHATEAU D EAU","type":"chateau eau","district_region":null,"departement_commune":null,"verifie":true,"name":"CHATEAU D EAU","source":"Géoportail ANSTAT"}},{"type":"Feature","geometry":{"type":"Point","coordinates":[-4.78384699999998,5.155962000000045]},"properties":{"id":41456,"nom":"CHATEAU D EAU DE KRAFFY","type":"chateau eau","district_region":null,"departement_commune":null,"verifie":true,"name":"CHATEAU D EAU DE KRAFFY","source":"Géoportail ANSTAT"}},{"type":"Feature","geometry":{"type":"Point","coordinates":[-4.773413999999946,5.29120800000004]},"properties":{"id":41457,"nom":"CHATEAU","type":"chateau eau","district_region":null,"departement_commune":null,"verifie":true,"name":"CHATEAU","source":"Géoportail ANSTAT"}},{"type":"Feature","geometry":{"type":"Point","coordinates":[-4.773746999999958,5.291266000000064]},"properties":{"id":41458,"nom":"CHATEAU","type":"chateau eau","district_region":null,"departement_commune":null,"verifie":true,"name":"CHATEAU","source":"Géoportail ANSTAT"}},{"type":"Feature","geometry":{"type":"Point","coordinates":[-4.571821999999941,5.220597000000055]},"properties":{"id":41459,"nom":"CHATEAU","type":"chateau eau","district_region":null,"departement_commune":null,"verifie":true,"name":"CHATEAU","source":"Géoportail ANSTAT"}},{"type":"Feature","geometry":{"type":"Point","coordinates":[-4.458947999999964,5.269704000000047]},"properties":{"id":41460,"nom":"CHATEAU D EAU CONSEIL REGIONAL DES GRANDS PONTS","type":"chateau eau","district_region":null,"departement_commune":null,"verifie":true,"name":"CHATEAU D EAU CONSEIL REGIONAL DES GRANDS PONTS","source":"Géoportail ANSTAT"}},{"type":"Feature","geometry":{"type":"Point","coordinates":[-4.468129999999974,5.20065100000005]},"properties":{"id":41461,"nom":"CHATEAU D EAU DE GRAND JACK","type":"chateau eau","district_region":null,"departement_commune":null,"verifie":true,"name":"CHATEAU D EAU DE GRAND JACK","source":"Géoportail ANSTAT"}},{"type":"Feature","geometry":{"type":"Point","coordinates":[-4.323810999999978,5.21312000000006]},"properties":{"id":41462,"nom":"CHATEAU D AVAGOU","type":"chateau eau","district_region":null,"departement_commune":null,"verifie":true,"name":"CHATEAU D AVAGOU","source":"Géoportail ANSTAT"}},{"type":"Feature","geometry":{"type":"Point","coordinates":[-5.005016999999953,5.295889000000045]},"properties":{"id":41463,"nom":"CHATEAU","type":"chateau eau","district_region":null,"departement_commune":null,"verifie":true,"name":"CHATEAU","source":"Géoportail ANSTAT"}},{"type":"Feature","geometry":{"type":"Point","coordinates":[-4.882560999999953,5.331826000000035]},"properties":{"id":41464,"nom":"CHATEAU","type":"chateau eau","district_region":null,"departement_commune":null,"verifie":true,"name":"CHATEAU","source":"Géoportail ANSTAT"}},{"type":"Feature","geometry":{"type":"Point","coordinates":[-4.791515999999945,5.36364100000003]},"properties":{"id":41465,"nom":"CHATEAU","type":"chateau eau","district_region":null,"departement_commune":null,"verifie":true,"name":"CHATEAU","source":"Géoportail ANSTAT"}},{"type":"Feature","geometry":{"type":"Point","coordinates":[-4.794309999999939,5.368280000000027]},"properties":{"id":41466,"nom":"CHATEAU D EAU","type":"chateau eau","district_region":null,"departement_commune":null,"verifie":true,"name":"CHATEAU D EAU","source":"Géoportail ANSTAT"}},{"type":"Feature","geometry":{"type":"Point","coordinates":[-4.536626999999953,5.417781000000048]},"properties":{"id":41467,"nom":"CHATEAU D EAU","type":"chateau eau","district_region":null,"departement_commune":null,"verifie":true,"name":"CHATEAU D EAU","source":"Géoportail ANSTAT"}},{"type":"Feature","geometry":{"type":"Point","coordinates":[-4.487436999999943,5.426910000000021]},"properties":{"id":41468,"nom":"CHATEAU D EAU","type":"chateau eau","district_region":null,"departement_commune":null,"verifie":true,"name":"CHATEAU D EAU","source":"Géoportail ANSTAT"}},{"type":"Feature","geometry":{"type":"Point","coordinates":[-4.474754999999959,5.414319000000035]},"properties":{"id":41469,"nom":"CHATEAU D EAU","type":"chateau eau","district_region":null,"departement_commune":null,"verifie":true,"name":"CHATEAU D EAU","source":"Géoportail ANSTAT"}},{"type":"Feature","geometry":{"type":"Point","coordinates":[-4.414008999999965,5.399225000000058]},"properties":{"id":41470,"nom":"CHATEAU D EAU","type":"chateau eau","district_region":null,"departement_commune":null,"verifie":true,"name":"CHATEAU D EAU","source":"Géoportail ANSTAT"}},{"type":"Feature","geometry":{"type":"Point","coordinates":[-4.377764999999954,5.303813000000048]},"properties":{"id":41471,"nom":"CHATEAU D EAU DE GBOUGBO","type":"chateau eau","district_region":null,"departement_commune":null,"verifie":true,"name":"CHATEAU D EAU DE GBOUGBO","source":"Géoportail ANSTAT"}},{"type":"Feature","geometry":{"type":"Point","coordinates":[-4.412413999999956,5.310576000000026]},"properties":{"id":41472,"nom":"CHATEAU D EAU DE KPASS","type":"chateau eau","district_region":null,"departement_commune":null,"verifie":true,"name":"CHATEAU D EAU DE KPASS","source":"Géoportail ANSTAT"}},{"type":"Feature","geometry":{"type":"Point","coordinates":[-4.532965999999931,5.279391000000032]},"properties":{"id":41473,"nom":"CHATEAU D EAU DE KPANDAH","type":"chateau eau","district_region":null,"departement_commune":null,"verifie":true,"name":"CHATEAU D EAU DE KPANDAH","source":"Géoportail ANSTAT"}},{"type":"Feature","geometry":{"type":"Point","coordinates":[-4.579398999999967,5.322938000000022]},"properties":{"id":41474,"nom":"CHATEAU D EAU DE CITE PALAFRIQUE","type":"chateau eau","district_region":null,"departement_commune":null,"verifie":true,"name":"CHATEAU D EAU DE CITE PALAFRIQUE","source":"Géoportail ANSTAT"}},{"type":"Feature","geometry":{"type":"Point","coordinates":[-4.906828999999959,5.583296000000075]},"properties":{"id":41475,"nom":"CHATEAU D EAU","type":"chateau eau","district_region":null,"departement_commune":null,"verifie":true,"name":"CHATEAU D EAU","source":"Géoportail ANSTAT"}},{"type":"Feature","geometry":{"type":"Point","coordinates":[-4.399114999999938,5.33400800000004]},"properties":{"id":41476,"nom":"CHATEAU","type":"chateau eau","district_region":null,"departement_commune":null,"verifie":true,"name":"CHATEAU","source":"Géoportail ANSTAT"}},{"type":"Feature","geometry":{"type":"Point","coordinates":[-4.393835999999965,5.319800000000043]},"properties":{"id":41477,"nom":"CHATEAU D EAU","type":"chateau eau","district_region":null,"departement_commune":null,"verifie":true,"name":"CHATEAU D EAU","source":"Géoportail ANSTAT"}},{"type":"Feature","geometry":{"type":"Point","coordinates":[-4.371366999999964,5.32919000000004]},"properties":{"id":41478,"nom":"CHATEAU D EAU","type":"chateau eau","district_region":null,"departement_commune":null,"verifie":true,"name":"CHATEAU D EAU","source":"Géoportail ANSTAT"}},{"type":"Feature","geometry":{"type":"Point","coordinates":[-5.947911999999974,5.900865000000067]},"properties":{"id":41479,"nom":"CHATEAU D EAU","type":"chateau eau","district_region":null,"departement_commune":null,"verifie":true,"name":"CHATEAU D EAU","source":"Géoportail ANSTAT"}},{"type":"Feature","geometry":{"type":"Point","coordinates":[-6.14164999999997,6.315368000000035]},"properties":{"id":41480,"nom":"CHATEAU D EAU DE BELIEHOA","type":"chateau eau","district_region":null,"departement_commune":null,"verifie":true,"name":"CHATEAU D EAU DE BELIEHOA","source":"Géoportail ANSTAT"}},{"type":"Feature","geometry":{"type":"Point","coordinates":[-6.196046999999965,6.266755000000046]},"properties":{"id":41481,"nom":"CHATEAU","type":"chateau eau","district_region":null,"departement_commune":null,"verifie":true,"name":"CHATEAU","source":"Géoportail ANSTAT"}},{"type":"Feature","geometry":{"type":"Point","coordinates":[-6.198556999999937,6.288475000000062]},"properties":{"id":41482,"nom":"CHATEAU","type":"chateau eau","district_region":null,"departement_commune":null,"verifie":true,"name":"CHATEAU","source":"Géoportail ANSTAT"}},{"type":"Feature","geometry":{"type":"Point","coordinates":[-6.281690999999967,6.289860000000033]},"properties":{"id":41483,"nom":"CHATEAU","type":"chateau eau","district_region":null,"departement_commune":null,"verifie":true,"name":"CHATEAU","source":"Géoportail ANSTAT"}},{"type":"Feature","geometry":{"type":"Point","coordinates":[-5.785216999999932,6.425629000000072]},"properties":{"id":41484,"nom":"CHATEAU","type":"chateau eau","district_region":null,"departement_commune":null,"verifie":true,"name":"CHATEAU","source":"Géoportail ANSTAT"}},{"type":"Feature","geometry":{"type":"Point","coordinates":[-5.942874999999958,6.465077000000065]},"properties":{"id":41485,"nom":"CHATEAU D EAU DE BAYOTA","type":"chateau eau","district_region":null,"departement_commune":null,"verifie":true,"name":"CHATEAU D EAU DE BAYOTA","source":"Géoportail ANSTAT"}},{"type":"Feature","geometry":{"type":"Point","coordinates":[-5.953092999999967,6.254248000000075]},"properties":{"id":41486,"nom":"CHATEAU D EAU AKA OBOU JEANNETTE","type":"chateau eau","district_region":null,"departement_commune":null,"verifie":true,"name":"CHATEAU D EAU AKA OBOU JEANNETTE","source":"Géoportail ANSTAT"}},{"type":"Feature","geometry":{"type":"Point","coordinates":[-5.835863999999958,5.966649000000075]},"properties":{"id":41487,"nom":"CHATEAU D EAU","type":"chateau eau","district_region":null,"departement_commune":null,"verifie":true,"name":"CHATEAU D EAU","source":"Géoportail ANSTAT"}},{"type":"Feature","geometry":{"type":"Point","coordinates":[-5.344873999999948,6.270966000000044]},"properties":{"id":41488,"nom":"CHATEAU D EAU","type":"chateau eau","district_region":null,"departement_commune":null,"verifie":true,"name":"CHATEAU D EAU","source":"Géoportail ANSTAT"}},{"type":"Feature","geometry":{"type":"Point","coordinates":[-5.557024999999953,6.492499000000066]},"properties":{"id":41489,"nom":"CHATEAU D EAU","type":"chateau eau","district_region":null,"departement_commune":null,"verifie":true,"name":"CHATEAU D EAU","source":"Géoportail ANSTAT"}},{"type":"Feature","geometry":{"type":"Point","coordinates":[-5.707333999999946,6.309392000000059]},"properties":{"id":41490,"nom":"CHATEAU D EAU DE BLEA","type":"chateau eau","district_region":null,"departement_commune":null,"verifie":true,"name":"CHATEAU D EAU DE BLEA","source":"Géoportail ANSTAT"}},{"type":"Feature","geometry":{"type":"Point","coordinates":[-5.578382999999974,6.296647000000064]},"properties":{"id":41491,"nom":"CHATEAU D EAU","type":"chateau eau","district_region":null,"departement_commune":null,"verifie":true,"name":"CHATEAU D EAU","source":"Géoportail ANSTAT"}},{"type":"Feature","geometry":{"type":"Point","coordinates":[-5.972880999999973,5.31370400000003]},"properties":{"id":41492,"nom":"CHATEAU D EAU","type":"chateau eau","district_region":null,"departement_commune":null,"verifie":true,"name":"CHATEAU D EAU","source":"Géoportail ANSTAT"}},{"type":"Feature","geometry":{"type":"Point","coordinates":[-5.914226999999926,5.260792000000038]},"properties":{"id":41493,"nom":"CHATEAU","type":"chateau eau","district_region":null,"departement_commune":null,"verifie":true,"name":"CHATEAU","source":"Géoportail ANSTAT"}},{"type":"Feature","geometry":{"type":"Point","coordinates":[-5.923198999999954,5.285236000000054]},"properties":{"id":41494,"nom":"CHATEAU","type":"chateau eau","district_region":null,"departement_commune":null,"verifie":true,"name":"CHATEAU","source":"Géoportail ANSTAT"}},{"type":"Feature","geometry":{"type":"Point","coordinates":[-5.83824999999996,5.115557000000024]},"properties":{"id":41495,"nom":"CHATEAU D EAU","type":"chateau eau","district_region":null,"departement_commune":null,"verifie":true,"name":"CHATEAU D EAU","source":"Géoportail ANSTAT"}},{"type":"Feature","geometry":{"type":"Point","coordinates":[-4.778247999999962,7.268030000000067]},"properties":{"id":41496,"nom":"CHATEAU D EAU","type":"chateau eau","district_region":null,"departement_commune":null,"verifie":true,"name":"CHATEAU D EAU","source":"Géoportail ANSTAT"}},{"type":"Feature","geometry":{"type":"Point","coordinates":[-4.815797999999972,6.430960000000027]},"properties":{"id":41497,"nom":"CHATEAU","type":"chateau eau","district_region":null,"departement_commune":null,"verifie":true,"name":"CHATEAU","source":"Géoportail ANSTAT"}},{"type":"Feature","geometry":{"type":"Point","coordinates":[-4.81617499999993,6.398766000000023]},"properties":{"id":41498,"nom":"CHATEAU D EAU DE DIDA KOUADIOKRO","type":"chateau eau","district_region":null,"departement_commune":null,"verifie":true,"name":"CHATEAU D EAU DE DIDA KOUADIOKRO","source":"Géoportail ANSTAT"}},{"type":"Feature","geometry":{"type":"Point","coordinates":[-4.86832499999997,7.155902000000026]},"properties":{"id":41499,"nom":"CHATEAU D EAU","type":"chateau eau","district_region":null,"departement_commune":null,"verifie":true,"name":"CHATEAU D EAU","source":"Géoportail ANSTAT"}},{"type":"Feature","geometry":{"type":"Point","coordinates":[-4.887654999999938,6.283544000000063]},"properties":{"id":41500,"nom":"CHATEAU","type":"chateau eau","district_region":null,"departement_commune":null,"verifie":true,"name":"CHATEAU","source":"Géoportail ANSTAT"}},{"type":"Feature","geometry":{"type":"Point","coordinates":[-4.970719999999972,6.315955000000031]},"properties":{"id":41501,"nom":"CHATEAU D EAU","type":"chateau eau","district_region":null,"departement_commune":null,"verifie":true,"name":"CHATEAU D EAU","source":"Géoportail ANSTAT"}},{"type":"Feature","geometry":{"type":"Point","coordinates":[-4.98084799999998,6.485164000000054]},"properties":{"id":41502,"nom":"CHATEAU D EAU","type":"chateau eau","district_region":null,"departement_commune":null,"verifie":true,"name":"CHATEAU D EAU","source":"Géoportail ANSTAT"}},{"type":"Feature","geometry":{"type":"Point","coordinates":[-4.977641999999946,7.093833000000075]},"properties":{"id":41503,"nom":"CHATEAU","type":"chateau eau","district_region":null,"departement_commune":null,"verifie":true,"name":"CHATEAU","source":"Géoportail ANSTAT"}},{"type":"Feature","geometry":{"type":"Point","coordinates":[-5.012647999999956,7.056712000000061]},"properties":{"id":41504,"nom":"CHATEAU D EAU","type":"chateau eau","district_region":null,"departement_commune":null,"verifie":true,"name":"CHATEAU D EAU","source":"Géoportail ANSTAT"}},{"type":"Feature","geometry":{"type":"Point","coordinates":[-5.036779999999965,6.75327900000002]},"properties":{"id":41505,"nom":"CHATEAU","type":"chateau eau","district_region":null,"departement_commune":null,"verifie":true,"name":"CHATEAU","source":"Géoportail ANSTAT"}},{"type":"Feature","geometry":{"type":"Point","coordinates":[-5.051433999999972,7.16042200000004]},"properties":{"id":41506,"nom":"CHATEAU D EAU","type":"chateau eau","district_region":null,"departement_commune":null,"verifie":true,"name":"CHATEAU D EAU","source":"Géoportail ANSTAT"}},{"type":"Feature","geometry":{"type":"Point","coordinates":[-5.06510899999995,6.707576000000074]},"properties":{"id":41507,"nom":"CHATEAU D EAU","type":"chateau eau","district_region":null,"departement_commune":null,"verifie":true,"name":"CHATEAU D EAU","source":"Géoportail ANSTAT"}},{"type":"Feature","geometry":{"type":"Point","coordinates":[-5.073696999999925,7.237456000000066]},"properties":{"id":41508,"nom":"CHATEAU","type":"chateau eau","district_region":null,"departement_commune":null,"verifie":true,"name":"CHATEAU","source":"Géoportail ANSTAT"}},{"type":"Feature","geometry":{"type":"Point","coordinates":[-5.07275599999997,6.696698000000026]},"properties":{"id":41509,"nom":"CHATEAU","type":"chateau eau","district_region":null,"departement_commune":null,"verifie":true,"name":"CHATEAU","source":"Géoportail ANSTAT"}},{"type":"Feature","geometry":{"type":"Point","coordinates":[-5.103971999999942,6.628407000000038]},"properties":{"id":41510,"nom":"CHATEAU D EAU","type":"chateau eau","district_region":null,"departement_commune":null,"verifie":true,"name":"CHATEAU D EAU","source":"Géoportail ANSTAT"}},{"type":"Feature","geometry":{"type":"Point","coordinates":[-5.111398999999949,6.52257000000003]},"properties":{"id":41511,"nom":"CHATEAU D EAU","type":"chateau eau","district_region":null,"departement_commune":null,"verifie":true,"name":"CHATEAU D EAU","source":"Géoportail ANSTAT"}},{"type":"Feature","geometry":{"type":"Point","coordinates":[-5.126162999999963,7.116045000000042]},"properties":{"id":41512,"nom":"CHATEAU D EAU","type":"chateau eau","district_region":null,"departement_commune":null,"verifie":true,"name":"CHATEAU D EAU","source":"Géoportail ANSTAT"}},{"type":"Feature","geometry":{"type":"Point","coordinates":[-5.23837999999995,7.15494700000005]},"properties":{"id":41513,"nom":"CHAPEAU D EAU SODECI","type":"chateau eau","district_region":null,"departement_commune":null,"verifie":true,"name":"CHAPEAU D EAU SODECI","source":"Géoportail ANSTAT"}},{"type":"Feature","geometry":{"type":"Point","coordinates":[-5.303946999999937,7.197737000000075]},"properties":{"id":41514,"nom":"CHATEAU D EAU","type":"chateau eau","district_region":null,"departement_commune":null,"verifie":true,"name":"CHATEAU D EAU","source":"Géoportail ANSTAT"}},{"type":"Feature","geometry":{"type":"Point","coordinates":[-5.416519999999934,7.237284000000045]},"properties":{"id":41515,"nom":"CHATEAU D EAU DE KOFFI AGROKRO","type":"chateau eau","district_region":null,"departement_commune":null,"verifie":true,"name":"CHATEAU D EAU DE KOFFI AGROKRO","source":"Géoportail ANSTAT"}},{"type":"Feature","geometry":{"type":"Point","coordinates":[-5.124111999999968,6.317158000000063]},"properties":{"id":41516,"nom":"CHATEAU D EAU","type":"chateau eau","district_region":null,"departement_commune":null,"verifie":true,"name":"CHATEAU D EAU","source":"Géoportail ANSTAT"}},{"type":"Feature","geometry":{"type":"Point","coordinates":[-4.843437999999935,7.029497000000049]},"properties":{"id":41517,"nom":"CHATEAU","type":"chateau eau","district_region":null,"departement_commune":null,"verifie":true,"name":"CHATEAU","source":"Géoportail ANSTAT"}},{"type":"Feature","geometry":{"type":"Point","coordinates":[-4.80526999999995,7.220829000000037]},"properties":{"id":41518,"nom":"CHATEAU D EAU","type":"chateau eau","district_region":null,"departement_commune":null,"verifie":true,"name":"CHATEAU D EAU","source":"Géoportail ANSTAT"}},{"type":"Feature","geometry":{"type":"Point","coordinates":[-4.292500999999959,5.386884000000066]},"properties":{"id":41519,"nom":"CHATEAU D EAU","type":"chateau eau","district_region":null,"departement_commune":null,"verifie":true,"name":"CHATEAU D EAU","source":"Géoportail ANSTAT"}},{"type":"Feature","geometry":{"type":"Point","coordinates":[-4.152192999999954,5.331661000000054]},"properties":{"id":41520,"nom":"CHATEAU D EAU DE ABADJIN KOUTE","type":"chateau eau","district_region":null,"departement_commune":null,"verifie":true,"name":"CHATEAU D EAU DE ABADJIN KOUTE","source":"Géoportail ANSTAT"}},{"type":"Feature","geometry":{"type":"Point","coordinates":[-4.184415999999942,5.469928000000039]},"properties":{"id":41521,"nom":"CHATEAU","type":"chateau eau","district_region":null,"departement_commune":null,"verifie":true,"name":"CHATEAU","source":"Géoportail ANSTAT"}},{"type":"Feature","geometry":{"type":"Point","coordinates":[-4.165648999999974,5.547945000000027]},"properties":{"id":41522,"nom":"CHATEAU D EAU DE ADATTIE","type":"chateau eau","district_region":null,"departement_commune":null,"verifie":true,"name":"CHATEAU D EAU DE ADATTIE","source":"Géoportail ANSTAT"}},{"type":"Feature","geometry":{"type":"Point","coordinates":[-3.963829999999973,5.543150000000026]},"properties":{"id":41523,"nom":"CHATEAU","type":"chateau eau","district_region":null,"departement_commune":null,"verifie":true,"name":"CHATEAU","source":"Géoportail ANSTAT"}},{"type":"Feature","geometry":{"type":"Point","coordinates":[-3.931009999999958,5.515071000000034]},"properties":{"id":41524,"nom":"CHATEAU D EAU DE BROFODOUME","type":"chateau eau","district_region":null,"departement_commune":null,"verifie":true,"name":"CHATEAU D EAU DE BROFODOUME","source":"Géoportail ANSTAT"}},{"type":"Feature","geometry":{"type":"Point","coordinates":[-3.927087999999969,5.435857000000055]},"properties":{"id":41525,"nom":"CHATEAU D EAU D ANYAMA DEBARCADERE","type":"chateau eau","district_region":null,"departement_commune":null,"verifie":true,"name":"CHATEAU D EAU D ANYAMA DEBARCADERE","source":"Géoportail ANSTAT"}},{"type":"Feature","geometry":{"type":"Point","coordinates":[-3.280857999999967,8.060853000000066]},"properties":{"id":41526,"nom":"CHATEAU D EAU DE KEMEDI","type":"chateau eau","district_region":null,"departement_commune":null,"verifie":true,"name":"CHATEAU D EAU DE KEMEDI","source":"Géoportail ANSTAT"}},{"type":"Feature","geometry":{"type":"Point","coordinates":[-2.820692999999949,8.051951000000031]},"properties":{"id":41527,"nom":"CHATEAU D EAU","type":"chateau eau","district_region":null,"departement_commune":null,"verifie":true,"name":"CHATEAU D EAU","source":"Géoportail ANSTAT"}},{"type":"Feature","geometry":{"type":"Point","coordinates":[-3.68847999999997,8.118340000000046]},"properties":{"id":41528,"nom":"CHATEAU D EAU","type":"chateau eau","district_region":null,"departement_commune":null,"verifie":true,"name":"CHATEAU D EAU","source":"Géoportail ANSTAT"}},{"type":"Feature","geometry":{"type":"Point","coordinates":[-3.228504999999927,8.12651900000003]},"properties":{"id":41529,"nom":"CHATEAU D EAU","type":"chateau eau","district_region":null,"departement_commune":null,"verifie":true,"name":"CHATEAU D EAU","source":"Géoportail ANSTAT"}},{"type":"Feature","geometry":{"type":"Point","coordinates":[-3.446708999999942,8.221705000000043]},"properties":{"id":41530,"nom":"CHATEAU D EAU","type":"chateau eau","district_region":null,"departement_commune":null,"verifie":true,"name":"CHATEAU D EAU","source":"Géoportail ANSTAT"}},{"type":"Feature","geometry":{"type":"Point","coordinates":[-2.964714999999956,8.279418000000021]},"properties":{"id":41531,"nom":"CHATEAU D EAU","type":"chateau eau","district_region":null,"departement_commune":null,"verifie":true,"name":"CHATEAU D EAU","source":"Géoportail ANSTAT"}},{"type":"Feature","geometry":{"type":"Point","coordinates":[-3.160611999999958,8.345152000000041]},"properties":{"id":41532,"nom":"CHATEAU D EAU","type":"chateau eau","district_region":null,"departement_commune":null,"verifie":true,"name":"CHATEAU D EAU","source":"Géoportail ANSTAT"}},{"type":"Feature","geometry":{"type":"Point","coordinates":[-3.435521999999935,8.134065000000021]},"properties":{"id":41533,"nom":"CHATEAU D EAU","type":"chateau eau","district_region":null,"departement_commune":null,"verifie":true,"name":"CHATEAU D EAU","source":"Géoportail ANSTAT"}},{"type":"Feature","geometry":{"type":"Point","coordinates":[-3.102422999999931,7.203820000000064]},"properties":{"id":41534,"nom":"CHATEAU D EAU","type":"chateau eau","district_region":null,"departement_commune":null,"verifie":true,"name":"CHATEAU D EAU","source":"Géoportail ANSTAT"}},{"type":"Feature","geometry":{"type":"Point","coordinates":[-3.212632999999926,7.297405000000026]},"properties":{"id":41535,"nom":"CHATEAU","type":"chateau eau","district_region":null,"departement_commune":null,"verifie":true,"name":"CHATEAU","source":"Géoportail ANSTAT"}},{"type":"Feature","geometry":{"type":"Point","coordinates":[-3.374263999999926,7.369520000000023]},"properties":{"id":41536,"nom":"CHATEAU","type":"chateau eau","district_region":null,"departement_commune":null,"verifie":true,"name":"CHATEAU","source":"Géoportail ANSTAT"}},{"type":"Feature","geometry":{"type":"Point","coordinates":[-3.256244999999979,7.499114000000077]},"properties":{"id":41537,"nom":"CHATEAU D EAU DE KOUN FAO","type":"chateau eau","district_region":null,"departement_commune":null,"verifie":true,"name":"CHATEAU D EAU DE KOUN FAO","source":"Géoportail ANSTAT"}},{"type":"Feature","geometry":{"type":"Point","coordinates":[-2.991467999999941,7.55765800000006]},"properties":{"id":41538,"nom":"CHATEAU D EAU","type":"chateau eau","district_region":null,"departement_commune":null,"verifie":true,"name":"CHATEAU D EAU","source":"Géoportail ANSTAT"}},{"type":"Feature","geometry":{"type":"Point","coordinates":[-3.508725999999967,7.567224000000067]},"properties":{"id":41539,"nom":"CHATEAU","type":"chateau eau","district_region":null,"departement_commune":null,"verifie":true,"name":"CHATEAU","source":"Géoportail ANSTAT"}},{"type":"Feature","geometry":{"type":"Point","coordinates":[-3.495873999999958,7.591269000000068]},"properties":{"id":41540,"nom":"CHATEAU","type":"chateau eau","district_region":null,"departement_commune":null,"verifie":true,"name":"CHATEAU","source":"Géoportail ANSTAT"}},{"type":"Feature","geometry":{"type":"Point","coordinates":[-3.22380899999996,7.726347000000032]},"properties":{"id":41541,"nom":"CHATEAU","type":"chateau eau","district_region":null,"departement_commune":null,"verifie":true,"name":"CHATEAU","source":"Géoportail ANSTAT"}},{"type":"Feature","geometry":{"type":"Point","coordinates":[-3.214440999999965,7.835043000000042]},"properties":{"id":41542,"nom":"CHATEAU","type":"chateau eau","district_region":null,"departement_commune":null,"verifie":true,"name":"CHATEAU","source":"Géoportail ANSTAT"}},{"type":"Feature","geometry":{"type":"Point","coordinates":[-3.318234999999959,7.920813000000066]},"properties":{"id":41543,"nom":"CHATEAU D EAU","type":"chateau eau","district_region":null,"departement_commune":null,"verifie":true,"name":"CHATEAU D EAU","source":"Géoportail ANSTAT"}},{"type":"Feature","geometry":{"type":"Point","coordinates":[-3.376025999999968,7.924196000000052]},"properties":{"id":41544,"nom":"CHATEAU D EAU DE GONDIA","type":"chateau eau","district_region":null,"departement_commune":null,"verifie":true,"name":"CHATEAU D EAU DE GONDIA","source":"Géoportail ANSTAT"}},{"type":"Feature","geometry":{"type":"Point","coordinates":[-6.612704999999949,8.186412000000075]},"properties":{"id":41545,"nom":"CHATEAU D EAU DE DIARABANA","type":"chateau eau","district_region":null,"departement_commune":null,"verifie":true,"name":"CHATEAU D EAU DE DIARABANA","source":"Géoportail ANSTAT"}},{"type":"Feature","geometry":{"type":"Point","coordinates":[-6.623785999999939,8.13681500000007]},"properties":{"id":41546,"nom":"CHATEAU D EAU DE FORONA","type":"chateau eau","district_region":null,"departement_commune":null,"verifie":true,"name":"CHATEAU D EAU DE FORONA","source":"Géoportail ANSTAT"}},{"type":"Feature","geometry":{"type":"Point","coordinates":[-6.609719999999925,8.59772300000003]},"properties":{"id":41547,"nom":"CHATEAU","type":"chateau eau","district_region":null,"departement_commune":null,"verifie":true,"name":"CHATEAU","source":"Géoportail ANSTAT"}},{"type":"Feature","geometry":{"type":"Point","coordinates":[-6.605767999999955,8.470259000000055]},"properties":{"id":41548,"nom":"CHATEAU D EAU DE KANI","type":"chateau eau","district_region":null,"departement_commune":null,"verifie":true,"name":"CHATEAU D EAU DE KANI","source":"Géoportail ANSTAT"}},{"type":"Feature","geometry":{"type":"Point","coordinates":[-6.042378999999926,6.920774000000051]},"properties":{"id":41549,"nom":"CHATEAU D EAU","type":"chateau eau","district_region":null,"departement_commune":null,"verifie":true,"name":"CHATEAU D EAU","source":"Géoportail ANSTAT"}},{"type":"Feature","geometry":{"type":"Point","coordinates":[-6.039148999999952,7.428220000000067]},"properties":{"id":41550,"nom":"CHATEAU D EAU","type":"chateau eau","district_region":null,"departement_commune":null,"verifie":true,"name":"CHATEAU D EAU","source":"Géoportail ANSTAT"}},{"type":"Feature","geometry":{"type":"Point","coordinates":[-5.888894999999934,7.572622000000024]},"properties":{"id":41551,"nom":"CHATEAU","type":"chateau eau","district_region":null,"departement_commune":null,"verifie":true,"name":"CHATEAU","source":"Géoportail ANSTAT"}},{"type":"Feature","geometry":{"type":"Point","coordinates":[-5.945685999999966,7.622674000000075]},"properties":{"id":41552,"nom":"CHATEAU D EAU","type":"chateau eau","district_region":null,"departement_commune":null,"verifie":true,"name":"CHATEAU D EAU","source":"Géoportail ANSTAT"}},{"type":"Feature","geometry":{"type":"Point","coordinates":[-5.991378999999938,7.680467000000021]},"properties":{"id":41553,"nom":"CHATEAU  D EAU  DE ZIRIFLA","type":"chateau eau","district_region":null,"departement_commune":null,"verifie":true,"name":"CHATEAU  D EAU  DE ZIRIFLA","source":"Géoportail ANSTAT"}},{"type":"Feature","geometry":{"type":"Point","coordinates":[-6.008088999999927,7.324459000000047]},"properties":{"id":41554,"nom":"CHATEAU  D EAU  DE BINZRA","type":"chateau eau","district_region":null,"departement_commune":null,"verifie":true,"name":"CHATEAU  D EAU  DE BINZRA","source":"Géoportail ANSTAT"}},{"type":"Feature","geometry":{"type":"Point","coordinates":[-6.176132999999936,7.463449000000026]},"properties":{"id":41555,"nom":"CHATEAU","type":"chateau eau","district_region":null,"departement_commune":null,"verifie":true,"name":"CHATEAU","source":"Géoportail ANSTAT"}},{"type":"Feature","geometry":{"type":"Point","coordinates":[-6.216678999999942,7.325311000000056]},"properties":{"id":41556,"nom":"CHATEAU D EAU","type":"chateau eau","district_region":null,"departement_commune":null,"verifie":true,"name":"CHATEAU D EAU","source":"Géoportail ANSTAT"}},{"type":"Feature","geometry":{"type":"Point","coordinates":[-5.538151999999968,6.920191000000045]},"properties":{"id":41557,"nom":"CHATEAU","type":"chateau eau","district_region":null,"departement_commune":null,"verifie":true,"name":"CHATEAU","source":"Géoportail ANSTAT"}},{"type":"Feature","geometry":{"type":"Point","coordinates":[-5.586085999999966,6.878554000000065]},"properties":{"id":41558,"nom":"CHATEAU D EAU","type":"chateau eau","district_region":null,"departement_commune":null,"verifie":true,"name":"CHATEAU D EAU","source":"Géoportail ANSTAT"}},{"type":"Feature","geometry":{"type":"Point","coordinates":[-5.823080999999945,7.135939000000064]},"properties":{"id":41559,"nom":"CHATEAU D EAU","type":"chateau eau","district_region":null,"departement_commune":null,"verifie":true,"name":"CHATEAU D EAU","source":"Géoportail ANSTAT"}},{"type":"Feature","geometry":{"type":"Point","coordinates":[-5.860566999999946,6.92771300000004]},"properties":{"id":41560,"nom":"CHATEAU","type":"chateau eau","district_region":null,"departement_commune":null,"verifie":true,"name":"CHATEAU","source":"Géoportail ANSTAT"}},{"type":"Feature","geometry":{"type":"Point","coordinates":[-5.871069999999975,6.876961000000051]},"properties":{"id":41561,"nom":"CHATEAU","type":"chateau eau","district_region":null,"departement_commune":null,"verifie":true,"name":"CHATEAU","source":"Géoportail ANSTAT"}},{"type":"Feature","geometry":{"type":"Point","coordinates":[-6.117752999999936,6.72879800000004]},"properties":{"id":41562,"nom":"CHATEAU","type":"chateau eau","district_region":null,"departement_commune":null,"verifie":true,"name":"CHATEAU","source":"Géoportail ANSTAT"}},{"type":"Feature","geometry":{"type":"Point","coordinates":[-5.783337999999958,6.554229000000021]},"properties":{"id":41563,"nom":"CHATEAU D EAU","type":"chateau eau","district_region":null,"departement_commune":null,"verifie":true,"name":"CHATEAU D EAU","source":"Géoportail ANSTAT"}},{"type":"Feature","geometry":{"type":"Point","coordinates":[-5.807294999999954,6.653332000000034]},"properties":{"id":41564,"nom":"CHATEAU D EAU","type":"chateau eau","district_region":null,"departement_commune":null,"verifie":true,"name":"CHATEAU D EAU","source":"Géoportail ANSTAT"}},{"type":"Feature","geometry":{"type":"Point","coordinates":[-5.310700999999938,7.542115000000024]},"properties":{"id":41565,"nom":"CHATEAU ASSABOU KOUASSIKRO","type":"chateau eau","district_region":null,"departement_commune":null,"verifie":true,"name":"CHATEAU ASSABOU KOUASSIKRO","source":"Géoportail ANSTAT"}},{"type":"Feature","geometry":{"type":"Point","coordinates":[-5.61485799999997,7.42093200000005]},"properties":{"id":41566,"nom":"CHATEAU","type":"chateau eau","district_region":null,"departement_commune":null,"verifie":true,"name":"CHATEAU","source":"Géoportail ANSTAT"}},{"type":"Feature","geometry":{"type":"Point","coordinates":[-5.610281999999927,7.419361000000038]},"properties":{"id":41567,"nom":"CHATEAU D EAU D AYAOU","type":"chateau eau","district_region":null,"departement_commune":null,"verifie":true,"name":"CHATEAU D EAU D AYAOU","source":"Géoportail ANSTAT"}},{"type":"Feature","geometry":{"type":"Point","coordinates":[-5.398688999999933,8.03416500000003]},"properties":{"id":41568,"nom":"CHATEAU D EAU","type":"chateau eau","district_region":null,"departement_commune":null,"verifie":true,"name":"CHATEAU D EAU","source":"Géoportail ANSTAT"}},{"type":"Feature","geometry":{"type":"Point","coordinates":[-5.439783999999975,8.09577900000005]},"properties":{"id":41569,"nom":"CHATEAU D EAU","type":"chateau eau","district_region":null,"departement_commune":null,"verifie":true,"name":"CHATEAU D EAU","source":"Géoportail ANSTAT"}},{"type":"Feature","geometry":{"type":"Point","coordinates":[-5.464140999999927,7.669162000000028]},"properties":{"id":41570,"nom":"CHATEAU AFFOTOBO","type":"chateau eau","district_region":null,"departement_commune":null,"verifie":true,"name":"CHATEAU AFFOTOBO","source":"Géoportail ANSTAT"}},{"type":"Feature","geometry":{"type":"Point","coordinates":[-5.51618499999995,7.539828000000057]},"properties":{"id":41571,"nom":"CHATEAU D EAU","type":"chateau eau","district_region":null,"departement_commune":null,"verifie":true,"name":"CHATEAU D EAU","source":"Géoportail ANSTAT"}},{"type":"Feature","geometry":{"type":"Point","coordinates":[-5.523228999999958,7.607200000000034]},"properties":{"id":41572,"nom":"CHATEAU D EAU","type":"chateau eau","district_region":null,"departement_commune":null,"verifie":true,"name":"CHATEAU D EAU","source":"Géoportail ANSTAT"}},{"type":"Feature","geometry":{"type":"Point","coordinates":[-5.608019999999954,7.583484000000055]},"properties":{"id":41573,"nom":"CHATEAU D EAU DE DIEVIESSOU","type":"chateau eau","district_region":null,"departement_commune":null,"verifie":true,"name":"CHATEAU D EAU DE DIEVIESSOU","source":"Géoportail ANSTAT"}},{"type":"Feature","geometry":{"type":"Point","coordinates":[-5.308821999999964,7.653752000000054]},"properties":{"id":41574,"nom":"CHATEAU D EAU","type":"chateau eau","district_region":null,"departement_commune":null,"verifie":true,"name":"CHATEAU D EAU","source":"Géoportail ANSTAT"}},{"type":"Feature","geometry":{"type":"Point","coordinates":[-5.204376999999965,7.63311200000004]},"properties":{"id":41575,"nom":"CHATEAU D EAU","type":"chateau eau","district_region":null,"departement_commune":null,"verifie":true,"name":"CHATEAU D EAU","source":"Géoportail ANSTAT"}},{"type":"Feature","geometry":{"type":"Point","coordinates":[-3.004011999999932,9.041305000000024]},"properties":{"id":41576,"nom":"CHATEAU D EAU","type":"chateau eau","district_region":null,"departement_commune":null,"verifie":true,"name":"CHATEAU D EAU","source":"Géoportail ANSTAT"}},{"type":"Feature","geometry":{"type":"Point","coordinates":[-3.016247999999962,8.76595100000003]},"properties":{"id":41577,"nom":"CHATEAU D EAU DE KARTOUDOUO","type":"chateau eau","district_region":null,"departement_commune":null,"verifie":true,"name":"CHATEAU D EAU DE KARTOUDOUO","source":"Géoportail ANSTAT"}},{"type":"Feature","geometry":{"type":"Point","coordinates":[-3.350244999999973,9.812404000000072]},"properties":{"id":41578,"nom":"CHATEAU D EAU","type":"chateau eau","district_region":null,"departement_commune":null,"verifie":true,"name":"CHATEAU D EAU","source":"Géoportail ANSTAT"}},{"type":"Feature","geometry":{"type":"Point","coordinates":[-4.502756999999974,7.069483000000048]},"properties":{"id":41579,"nom":"CHATEAU D EAU","type":"chateau eau","district_region":null,"departement_commune":null,"verifie":true,"name":"CHATEAU D EAU","source":"Géoportail ANSTAT"}},{"type":"Feature","geometry":{"type":"Point","coordinates":[-4.298894999999959,7.053519000000051]},"properties":{"id":41580,"nom":"CHATEAU D EAU","type":"chateau eau","district_region":null,"departement_commune":null,"verifie":true,"name":"CHATEAU D EAU","source":"Géoportail ANSTAT"}},{"type":"Feature","geometry":{"type":"Point","coordinates":[-4.298880999999938,7.053531000000021]},"properties":{"id":41581,"nom":"CHATEAU D EAU","type":"chateau eau","district_region":null,"departement_commune":null,"verifie":true,"name":"CHATEAU D EAU","source":"Géoportail ANSTAT"}},{"type":"Feature","geometry":{"type":"Point","coordinates":[-4.489792999999963,6.793636000000049]},"properties":{"id":41582,"nom":"CHATEAU","type":"chateau eau","district_region":null,"departement_commune":null,"verifie":true,"name":"CHATEAU","source":"Géoportail ANSTAT"}},{"type":"Feature","geometry":{"type":"Point","coordinates":[-4.832861999999977,6.698620000000062]},"properties":{"id":41583,"nom":"CHATEAU D EAU","type":"chateau eau","district_region":null,"departement_commune":null,"verifie":true,"name":"CHATEAU D EAU","source":"Géoportail ANSTAT"}},{"type":"Feature","geometry":{"type":"Point","coordinates":[-4.892571999999973,6.778574000000049]},"properties":{"id":41584,"nom":"CHATEAU D EAU","type":"chateau eau","district_region":null,"departement_commune":null,"verifie":true,"name":"CHATEAU D EAU","source":"Géoportail ANSTAT"}},{"type":"Feature","geometry":{"type":"Point","coordinates":[-4.916795999999977,6.805055000000038]},"properties":{"id":41585,"nom":"CHATEAU D EAU DE AGNERE KOFFIKRO","type":"chateau eau","district_region":null,"departement_commune":null,"verifie":true,"name":"CHATEAU D EAU DE AGNERE KOFFIKRO","source":"Géoportail ANSTAT"}},{"type":"Feature","geometry":{"type":"Point","coordinates":[-4.63572199999993,6.610431000000062]},"properties":{"id":41586,"nom":"CHATEAU D EAU","type":"chateau eau","district_region":null,"departement_commune":null,"verifie":true,"name":"CHATEAU D EAU","source":"Géoportail ANSTAT"}},{"type":"Feature","geometry":{"type":"Point","coordinates":[-4.618693999999948,6.630231000000038]},"properties":{"id":41587,"nom":"CHATEAU D EAU","type":"chateau eau","district_region":null,"departement_commune":null,"verifie":true,"name":"CHATEAU D EAU","source":"Géoportail ANSTAT"}},{"type":"Feature","geometry":{"type":"Point","coordinates":[-4.591215999999974,6.688766000000044]},"properties":{"id":41588,"nom":"CHATEAU","type":"chateau eau","district_region":null,"departement_commune":null,"verifie":true,"name":"CHATEAU","source":"Géoportail ANSTAT"}},{"type":"Feature","geometry":{"type":"Point","coordinates":[-4.611638999999968,6.715827000000047]},"properties":{"id":41589,"nom":"CHATEAU D EAU","type":"chateau eau","district_region":null,"departement_commune":null,"verifie":true,"name":"CHATEAU D EAU","source":"Géoportail ANSTAT"}},{"type":"Feature","geometry":{"type":"Point","coordinates":[-4.627654999999947,6.734945000000039]},"properties":{"id":41590,"nom":"CHATEAU D EAU","type":"chateau eau","district_region":null,"departement_commune":null,"verifie":true,"name":"CHATEAU D EAU","source":"Géoportail ANSTAT"}},{"type":"Feature","geometry":{"type":"Point","coordinates":[-4.559092999999962,6.760054000000025]},"properties":{"id":41591,"nom":"CHATEAU","type":"chateau eau","district_region":null,"departement_commune":null,"verifie":true,"name":"CHATEAU","source":"Géoportail ANSTAT"}},{"type":"Feature","geometry":{"type":"Point","coordinates":[-7.718211999999937,6.159842000000026]},"properties":{"id":41592,"nom":"CHATEAU D EAU","type":"chateau eau","district_region":null,"departement_commune":null,"verifie":true,"name":"CHATEAU D EAU","source":"Géoportail ANSTAT"}},{"type":"Feature","geometry":{"type":"Point","coordinates":[-7.420342999999946,6.314145000000053]},"properties":{"id":41593,"nom":"CHATEAU D EAU DE  BEHEBO","type":"chateau eau","district_region":null,"departement_commune":null,"verifie":true,"name":"CHATEAU D EAU DE  BEHEBO","source":"Géoportail ANSTAT"}},{"type":"Feature","geometry":{"type":"Point","coordinates":[-7.491007999999965,6.547951000000069]},"properties":{"id":41594,"nom":"CHATEAU D EAU","type":"chateau eau","district_region":null,"departement_commune":null,"verifie":true,"name":"CHATEAU D EAU","source":"Géoportail ANSTAT"}},{"type":"Feature","geometry":{"type":"Point","coordinates":[-8.065465999999958,6.587366000000031]},"properties":{"id":41595,"nom":"CHATEAU D EAU DE BLEDI DIEYA","type":"chateau eau","district_region":null,"departement_commune":null,"verifie":true,"name":"CHATEAU D EAU DE BLEDI DIEYA","source":"Géoportail ANSTAT"}},{"type":"Feature","geometry":{"type":"Point","coordinates":[-8.277637999999968,6.538325000000043]},"properties":{"id":41596,"nom":"CHATEAU D EAU DE DENAN","type":"chateau eau","district_region":null,"departement_commune":null,"verifie":true,"name":"CHATEAU D EAU DE DENAN","source":"Géoportail ANSTAT"}},{"type":"Feature","geometry":{"type":"Point","coordinates":[-6.51095799999996,7.532000000000039]},"properties":{"id":41597,"nom":"CHATEAU D EAU","type":"chateau eau","district_region":null,"departement_commune":null,"verifie":true,"name":"CHATEAU D EAU","source":"Géoportail ANSTAT"}},{"type":"Feature","geometry":{"type":"Point","coordinates":[-6.863724999999931,7.420509000000038]},"properties":{"id":41598,"nom":"CHATEAU D EAU","type":"chateau eau","district_region":null,"departement_commune":null,"verifie":true,"name":"CHATEAU D EAU","source":"Géoportail ANSTAT"}},{"type":"Feature","geometry":{"type":"Point","coordinates":[-6.991583999999932,7.442674000000068]},"properties":{"id":41599,"nom":"CHATEAU","type":"chateau eau","district_region":null,"departement_commune":null,"verifie":true,"name":"CHATEAU","source":"Géoportail ANSTAT"}},{"type":"Feature","geometry":{"type":"Point","coordinates":[-6.769176999999956,6.796489000000065]},"properties":{"id":41600,"nom":"CHATEAU","type":"chateau eau","district_region":null,"departement_commune":null,"verifie":true,"name":"CHATEAU","source":"Géoportail ANSTAT"}},{"type":"Feature","geometry":{"type":"Point","coordinates":[-6.853224999999952,6.769778000000031]},"properties":{"id":41601,"nom":"CHATEAU D EAU","type":"chateau eau","district_region":null,"departement_commune":null,"verifie":true,"name":"CHATEAU D EAU","source":"Géoportail ANSTAT"}},{"type":"Feature","geometry":{"type":"Point","coordinates":[-6.527279999999962,6.733726000000047]},"properties":{"id":41602,"nom":"CHATEAU D EAU DE GUEDIBOUA","type":"chateau eau","district_region":null,"departement_commune":null,"verifie":true,"name":"CHATEAU D EAU DE GUEDIBOUA","source":"Géoportail ANSTAT"}},{"type":"Feature","geometry":{"type":"Point","coordinates":[-6.577829999999949,6.918948000000057]},"properties":{"id":41603,"nom":"CHATEAU D EAU","type":"chateau eau","district_region":null,"departement_commune":null,"verifie":true,"name":"CHATEAU D EAU","source":"Géoportail ANSTAT"}},{"type":"Feature","geometry":{"type":"Point","coordinates":[-6.580400999999938,6.848348000000044]},"properties":{"id":41604,"nom":"CHATEAU D EAU","type":"chateau eau","district_region":null,"departement_commune":null,"verifie":true,"name":"CHATEAU D EAU","source":"Géoportail ANSTAT"}},{"type":"Feature","geometry":{"type":"Point","coordinates":[-6.626381999999978,6.831234000000052]},"properties":{"id":41605,"nom":"CHATEAU D EAU","type":"chateau eau","district_region":null,"departement_commune":null,"verifie":true,"name":"CHATEAU D EAU","source":"Géoportail ANSTAT"}},{"type":"Feature","geometry":{"type":"Point","coordinates":[-6.236995999999976,6.792459000000065]},"properties":{"id":41606,"nom":"CHATEAU D EAU","type":"chateau eau","district_region":null,"departement_commune":null,"verifie":true,"name":"CHATEAU D EAU","source":"Géoportail ANSTAT"}},{"type":"Feature","geometry":{"type":"Point","coordinates":[-6.205165999999963,6.552771000000064]},"properties":{"id":41607,"nom":"CHATEAU D EAU","type":"chateau eau","district_region":null,"departement_commune":null,"verifie":true,"name":"CHATEAU D EAU","source":"Géoportail ANSTAT"}},{"type":"Feature","geometry":{"type":"Point","coordinates":[-6.451942999999972,6.789782000000059]},"properties":{"id":41608,"nom":"CHATEAU","type":"chateau eau","district_region":null,"departement_commune":null,"verifie":true,"name":"CHATEAU","source":"Géoportail ANSTAT"}},{"type":"Feature","geometry":{"type":"Point","coordinates":[-6.15198399999997,6.679376000000047]},"properties":{"id":41609,"nom":"CHATEAU D EAU DE GADOUAN","type":"chateau eau","district_region":null,"departement_commune":null,"verifie":true,"name":"CHATEAU D EAU DE GADOUAN","source":"Géoportail ANSTAT"}},{"type":"Feature","geometry":{"type":"Point","coordinates":[-6.585808999999927,6.758563000000038]},"properties":{"id":41610,"nom":"CHATEAU D EAU DE LA SOUS PREFECTURE DE GBOGUHE","type":"chateau eau","district_region":null,"departement_commune":null,"verifie":true,"name":"CHATEAU D EAU DE LA SOUS PREFECTURE DE GBOGUHE","source":"Géoportail ANSTAT"}},{"type":"Feature","geometry":{"type":"Point","coordinates":[-6.389381999999955,6.448443000000054]},"properties":{"id":41611,"nom":"CHATEAU  D EAU  DE  DERAHIO","type":"chateau eau","district_region":null,"departement_commune":null,"verifie":true,"name":"CHATEAU  D EAU  DE  DERAHIO","source":"Géoportail ANSTAT"}},{"type":"Feature","geometry":{"type":"Point","coordinates":[-6.49018499999994,6.368287000000066]},"properties":{"id":41612,"nom":"CHATEAU D EAU","type":"chateau eau","district_region":null,"departement_commune":null,"verifie":true,"name":"CHATEAU D EAU","source":"Géoportail ANSTAT"}},{"type":"Feature","geometry":{"type":"Point","coordinates":[-6.52569399999993,6.312072000000057]},"properties":{"id":41613,"nom":"CHATEAU  D EAU","type":"chateau eau","district_region":null,"departement_commune":null,"verifie":true,"name":"CHATEAU  D EAU","source":"Géoportail ANSTAT"}},{"type":"Feature","geometry":{"type":"Point","coordinates":[-4.938876999999934,6.168987000000072]},"properties":{"id":41614,"nom":"CHATEAU","type":"chateau eau","district_region":null,"departement_commune":null,"verifie":true,"name":"CHATEAU","source":"Géoportail ANSTAT"}},{"type":"Feature","geometry":{"type":"Point","coordinates":[-4.93704699999995,6.168229000000053]},"properties":{"id":41615,"nom":"CHATEAU","type":"chateau eau","district_region":null,"departement_commune":null,"verifie":true,"name":"CHATEAU","source":"Géoportail ANSTAT"}},{"type":"Feature","geometry":{"type":"Point","coordinates":[-4.703036999999938,6.075259000000074]},"properties":{"id":41616,"nom":"CHATEAU D EAU","type":"chateau eau","district_region":null,"departement_commune":null,"verifie":true,"name":"CHATEAU D EAU","source":"Géoportail ANSTAT"}},{"type":"Feature","geometry":{"type":"Point","coordinates":[-4.683745999999928,5.910993000000076]},"properties":{"id":41617,"nom":"CHATEAU","type":"chateau eau","district_region":null,"departement_commune":null,"verifie":true,"name":"CHATEAU","source":"Géoportail ANSTAT"}},{"type":"Feature","geometry":{"type":"Point","coordinates":[-5.150907999999959,6.307377000000031]},"properties":{"id":41618,"nom":"CHATEAU","type":"chateau eau","district_region":null,"departement_commune":null,"verifie":true,"name":"CHATEAU","source":"Géoportail ANSTAT"}},{"type":"Feature","geometry":{"type":"Point","coordinates":[-5.109241999999938,6.202322000000038]},"properties":{"id":41619,"nom":"CHATEAU","type":"chateau eau","district_region":null,"departement_commune":null,"verifie":true,"name":"CHATEAU","source":"Géoportail ANSTAT"}},{"type":"Feature","geometry":{"type":"Point","coordinates":[-5.109374999999943,6.20214500000003]},"properties":{"id":41620,"nom":"CHATEAU","type":"chateau eau","district_region":null,"departement_commune":null,"verifie":true,"name":"CHATEAU","source":"Géoportail ANSTAT"}},{"type":"Feature","geometry":{"type":"Point","coordinates":[-5.109201999999925,6.202353000000073]},"properties":{"id":41621,"nom":"CHATEAU","type":"chateau eau","district_region":null,"departement_commune":null,"verifie":true,"name":"CHATEAU","source":"Géoportail ANSTAT"}},{"type":"Feature","geometry":{"type":"Point","coordinates":[-5.061711999999943,6.180041000000074]},"properties":{"id":41622,"nom":"CHATEAU","type":"chateau eau","district_region":null,"departement_commune":null,"verifie":true,"name":"CHATEAU","source":"Géoportail ANSTAT"}},{"type":"Feature","geometry":{"type":"Point","coordinates":[-4.928397999999959,6.216454000000056]},"properties":{"id":41623,"nom":"CHATEAU","type":"chateau eau","district_region":null,"departement_commune":null,"verifie":true,"name":"CHATEAU","source":"Géoportail ANSTAT"}},{"type":"Feature","geometry":{"type":"Point","coordinates":[-4.540945999999963,5.666054000000031]},"properties":{"id":41624,"nom":"CHATEAU D EAU","type":"chateau eau","district_region":null,"departement_commune":null,"verifie":true,"name":"CHATEAU D EAU","source":"Géoportail ANSTAT"}},{"type":"Feature","geometry":{"type":"Point","coordinates":[-4.470276999999953,6.078298000000075]},"properties":{"id":41625,"nom":"CHATEAU","type":"chateau eau","district_region":null,"departement_commune":null,"verifie":true,"name":"CHATEAU","source":"Géoportail ANSTAT"}},{"type":"Feature","geometry":{"type":"Point","coordinates":[-4.470235999999943,6.078289000000041]},"properties":{"id":41626,"nom":"CHATEAU D EAU D ANANGUIE","type":"chateau eau","district_region":null,"departement_commune":null,"verifie":true,"name":"CHATEAU D EAU D ANANGUIE","source":"Géoportail ANSTAT"}},{"type":"Feature","geometry":{"type":"Point","coordinates":[-4.202873999999952,5.627191000000039]},"properties":{"id":41627,"nom":"CHATEAU D EAU D OBOGUIE","type":"chateau eau","district_region":null,"departement_commune":null,"verifie":true,"name":"CHATEAU D EAU D OBOGUIE","source":"Géoportail ANSTAT"}},{"type":"Feature","geometry":{"type":"Point","coordinates":[-4.189599999999928,5.652125000000069]},"properties":{"id":41628,"nom":"CHATEAU D EAU D ELEVI","type":"chateau eau","district_region":null,"departement_commune":null,"verifie":true,"name":"CHATEAU D EAU D ELEVI","source":"Géoportail ANSTAT"}},{"type":"Feature","geometry":{"type":"Point","coordinates":[-4.398684999999944,5.730602000000033]},"properties":{"id":41629,"nom":"CHAATEAU D EAU D ORESS KROBOU","type":"chateau eau","district_region":null,"departement_commune":null,"verifie":true,"name":"CHAATEAU D EAU D ORESS KROBOU","source":"Géoportail ANSTAT"}},{"type":"Feature","geometry":{"type":"Point","coordinates":[-4.380970999999931,5.858464000000026]},"properties":{"id":41630,"nom":"CHATEAU ANNO","type":"chateau eau","district_region":null,"departement_commune":null,"verifie":true,"name":"CHATEAU ANNO","source":"Géoportail ANSTAT"}},{"type":"Feature","geometry":{"type":"Point","coordinates":[-4.130700999999931,6.026460000000043]},"properties":{"id":41631,"nom":"CHATEAU D EAU","type":"chateau eau","district_region":null,"departement_commune":null,"verifie":true,"name":"CHATEAU D EAU","source":"Géoportail ANSTAT"}},{"type":"Feature","geometry":{"type":"Point","coordinates":[-4.207844999999963,5.92447100000004]},"properties":{"id":41632,"nom":"CHATEAU","type":"chateau eau","district_region":null,"departement_commune":null,"verifie":true,"name":"CHATEAU","source":"Géoportail ANSTAT"}},{"type":"Feature","geometry":{"type":"Point","coordinates":[-4.086240999999973,5.632403000000068]},"properties":{"id":41633,"nom":"CHATEAU D EAU D AZAGUIE","type":"chateau eau","district_region":null,"departement_commune":null,"verifie":true,"name":"CHATEAU D EAU D AZAGUIE","source":"Géoportail ANSTAT"}},{"type":"Feature","geometry":{"type":"Point","coordinates":[-4.050744999999949,5.64353600000004]},"properties":{"id":41634,"nom":"CHATEAU D EAU DE 2IAE ET 2IFE","type":"chateau eau","district_region":null,"departement_commune":null,"verifie":true,"name":"CHATEAU D EAU DE 2IAE ET 2IFE","source":"Géoportail ANSTAT"}},{"type":"Feature","geometry":{"type":"Point","coordinates":[-7.570322999999973,8.306572000000074]},"properties":{"id":41635,"nom":"CHATEAU","type":"chateau eau","district_region":null,"departement_commune":null,"verifie":true,"name":"CHATEAU","source":"Géoportail ANSTAT"}},{"type":"Feature","geometry":{"type":"Point","coordinates":[-7.196032999999943,8.47865900000005]},"properties":{"id":41636,"nom":"CHATEAU D EAU","type":"chateau eau","district_region":null,"departement_commune":null,"verifie":true,"name":"CHATEAU D EAU","source":"Géoportail ANSTAT"}},{"type":"Feature","geometry":{"type":"Point","coordinates":[-7.309297999999956,8.288507000000038]},"properties":{"id":41637,"nom":"CHATEAU","type":"chateau eau","district_region":null,"departement_commune":null,"verifie":true,"name":"CHATEAU","source":"Géoportail ANSTAT"}},{"type":"Feature","geometry":{"type":"Point","coordinates":[-7.790619999999933,8.86951700000003]},"properties":{"id":41638,"nom":"CHATEAU","type":"chateau eau","district_region":null,"departement_commune":null,"verifie":true,"name":"CHATEAU","source":"Géoportail ANSTAT"}},{"type":"Feature","geometry":{"type":"Point","coordinates":[-5.673651999999947,6.116250000000036]},"properties":{"id":41639,"nom":"CHATEAU D EAU","type":"chateau eau","district_region":null,"departement_commune":null,"verifie":true,"name":"CHATEAU D EAU","source":"Géoportail ANSTAT"}},{"type":"Feature","geometry":{"type":"Point","coordinates":[-5.690764999999942,6.152435000000025]},"properties":{"id":41640,"nom":"CHATEAU","type":"chateau eau","district_region":null,"departement_commune":null,"verifie":true,"name":"CHATEAU","source":"Géoportail ANSTAT"}},{"type":"Feature","geometry":{"type":"Point","coordinates":[-5.625305999999966,5.920043000000021]},"properties":{"id":41641,"nom":"CHATEAU D EAU","type":"chateau eau","district_region":null,"departement_commune":null,"verifie":true,"name":"CHATEAU D EAU","source":"Géoportail ANSTAT"}},{"type":"Feature","geometry":{"type":"Point","coordinates":[-5.625306999999964,5.920041000000026]},"properties":{"id":41642,"nom":"CHATEAU D EAU","type":"chateau eau","district_region":null,"departement_commune":null,"verifie":true,"name":"CHATEAU D EAU","source":"Géoportail ANSTAT"}},{"type":"Feature","geometry":{"type":"Point","coordinates":[-5.634813999999949,5.977816000000075]},"properties":{"id":41644,"nom":"CHATEAU D EAU","type":"chateau eau","district_region":null,"departement_commune":null,"verifie":true,"name":"CHATEAU D EAU","source":"Géoportail ANSTAT"}},{"type":"Feature","geometry":{"type":"Point","coordinates":[-5.301993999999979,6.119170000000054]},"properties":{"id":41645,"nom":"CHATEAU","type":"chateau eau","district_region":null,"departement_commune":null,"verifie":true,"name":"CHATEAU","source":"Géoportail ANSTAT"}},{"type":"Feature","geometry":{"type":"Point","coordinates":[-5.193200999999931,6.14228300000002]},"properties":{"id":41646,"nom":"CHATEAU","type":"chateau eau","district_region":null,"departement_commune":null,"verifie":true,"name":"CHATEAU","source":"Géoportail ANSTAT"}},{"type":"Feature","geometry":{"type":"Point","coordinates":[-5.304842999999948,6.143590000000074]},"properties":{"id":41647,"nom":"CHATEAU D EAU","type":"chateau eau","district_region":null,"departement_commune":null,"verifie":true,"name":"CHATEAU D EAU","source":"Géoportail ANSTAT"}},{"type":"Feature","geometry":{"type":"Point","coordinates":[-5.32216399999993,6.15683800000005]},"properties":{"id":41648,"nom":"CHATEAU","type":"chateau eau","district_region":null,"departement_commune":null,"verifie":true,"name":"CHATEAU","source":"Géoportail ANSTAT"}},{"type":"Feature","geometry":{"type":"Point","coordinates":[-5.300460999999927,6.151066000000071]},"properties":{"id":41649,"nom":"CHATEAU D EAU","type":"chateau eau","district_region":null,"departement_commune":null,"verifie":true,"name":"CHATEAU D EAU","source":"Géoportail ANSTAT"}},{"type":"Feature","geometry":{"type":"Point","coordinates":[-5.316246999999976,6.224893000000066]},"properties":{"id":41650,"nom":"CHATEAU","type":"chateau eau","district_region":null,"departement_commune":null,"verifie":true,"name":"CHATEAU","source":"Géoportail ANSTAT"}},{"type":"Feature","geometry":{"type":"Point","coordinates":[-5.303727999999978,6.182226000000071]},"properties":{"id":41651,"nom":"CHATEAU D EAU","type":"chateau eau","district_region":null,"departement_commune":null,"verifie":true,"name":"CHATEAU D EAU","source":"Géoportail ANSTAT"}},{"type":"Feature","geometry":{"type":"Point","coordinates":[-5.109214999999949,5.273438000000056]},"properties":{"id":41652,"nom":"CHATEAU D EAU","type":"chateau eau","district_region":null,"departement_commune":null,"verifie":true,"name":"CHATEAU D EAU","source":"Géoportail ANSTAT"}},{"type":"Feature","geometry":{"type":"Point","coordinates":[-5.245159999999942,5.521850000000029]},"properties":{"id":41653,"nom":"CHATEAU D EAU DE GUITRY","type":"chateau eau","district_region":null,"departement_commune":null,"verifie":true,"name":"CHATEAU D EAU DE GUITRY","source":"Géoportail ANSTAT"}},{"type":"Feature","geometry":{"type":"Point","coordinates":[-5.139370999999926,5.600173000000041]},"properties":{"id":41654,"nom":"CHATEAU D EAU","type":"chateau eau","district_region":null,"departement_commune":null,"verifie":true,"name":"CHATEAU D EAU","source":"Géoportail ANSTAT"}},{"type":"Feature","geometry":{"type":"Point","coordinates":[-5.309877999999969,5.747786000000076]},"properties":{"id":41655,"nom":"CHATEAU D EAU","type":"chateau eau","district_region":null,"departement_commune":null,"verifie":true,"name":"CHATEAU D EAU","source":"Géoportail ANSTAT"}},{"type":"Feature","geometry":{"type":"Point","coordinates":[-5.298885999999925,5.795401000000027]},"properties":{"id":41656,"nom":"CHATEAU D EAU DE BRABODOUGOU","type":"chateau eau","district_region":null,"departement_commune":null,"verifie":true,"name":"CHATEAU D EAU DE BRABODOUGOU","source":"Géoportail ANSTAT"}},{"type":"Feature","geometry":{"type":"Point","coordinates":[-5.365996999999936,5.835956000000067]},"properties":{"id":41657,"nom":"CHATEAU D EAU","type":"chateau eau","district_region":null,"departement_commune":null,"verifie":true,"name":"CHATEAU D EAU","source":"Géoportail ANSTAT"}},{"type":"Feature","geometry":{"type":"Point","coordinates":[-5.446472999999969,5.908733000000041]},"properties":{"id":41658,"nom":"CHATEAU D EAU","type":"chateau eau","district_region":null,"departement_commune":null,"verifie":true,"name":"CHATEAU D EAU","source":"Géoportail ANSTAT"}},{"type":"Feature","geometry":{"type":"Point","coordinates":[-5.032429999999977,5.930033000000037]},"properties":{"id":41659,"nom":"CHATEAU D EAU","type":"chateau eau","district_region":null,"departement_commune":null,"verifie":true,"name":"CHATEAU D EAU","source":"Géoportail ANSTAT"}},{"type":"Feature","geometry":{"type":"Point","coordinates":[-5.321011999999939,5.935074000000043]},"properties":{"id":41660,"nom":"CHATEAU","type":"chateau eau","district_region":null,"departement_commune":null,"verifie":true,"name":"CHATEAU","source":"Géoportail ANSTAT"}},{"type":"Feature","geometry":{"type":"Point","coordinates":[-5.41992799999997,5.966908000000046]},"properties":{"id":41661,"nom":"CHATEAU D EAU","type":"chateau eau","district_region":null,"departement_commune":null,"verifie":true,"name":"CHATEAU D EAU","source":"Géoportail ANSTAT"}},{"type":"Feature","geometry":{"type":"Point","coordinates":[-5.771812999999952,5.701133000000027]},"properties":{"id":41662,"nom":"CHATEAU","type":"chateau eau","district_region":null,"departement_commune":null,"verifie":true,"name":"CHATEAU","source":"Géoportail ANSTAT"}},{"type":"Feature","geometry":{"type":"Point","coordinates":[-6.391899999999964,9.74017200000003]},"properties":{"id":41663,"nom":"CHATEAU D EAU","type":"chateau eau","district_region":null,"departement_commune":null,"verifie":true,"name":"CHATEAU D EAU","source":"Géoportail ANSTAT"}},{"type":"Feature","geometry":{"type":"Point","coordinates":[-6.622487999999976,9.968204000000071]},"properties":{"id":41664,"nom":"CHATEAU D EAU","type":"chateau eau","district_region":null,"departement_commune":null,"verifie":true,"name":"CHATEAU D EAU","source":"Géoportail ANSTAT"}},{"type":"Feature","geometry":{"type":"Point","coordinates":[-6.672455999999954,10.01486000000006]},"properties":{"id":41665,"nom":"CHATEAU D EAU","type":"chateau eau","district_region":null,"departement_commune":null,"verifie":true,"name":"CHATEAU D EAU","source":"Géoportail ANSTAT"}},{"type":"Feature","geometry":{"type":"Point","coordinates":[-6.851553999999965,10.03307800000005]},"properties":{"id":41666,"nom":"CHATEAU D EAU","type":"chateau eau","district_region":null,"departement_commune":null,"verifie":true,"name":"CHATEAU D EAU","source":"Géoportail ANSTAT"}},{"type":"Feature","geometry":{"type":"Point","coordinates":[-6.246888999999953,9.90475900000007]},"properties":{"id":41667,"nom":"CHATEAU D EAU DE BAYA","type":"chateau eau","district_region":null,"departement_commune":null,"verifie":true,"name":"CHATEAU D EAU DE BAYA","source":"Géoportail ANSTAT"}},{"type":"Feature","geometry":{"type":"Point","coordinates":[-6.43259299999994,9.529796000000031]},"properties":{"id":41668,"nom":"CHATEAU  D EAU","type":"chateau eau","district_region":null,"departement_commune":null,"verifie":true,"name":"CHATEAU  D EAU","source":"Géoportail ANSTAT"}},{"type":"Feature","geometry":{"type":"Point","coordinates":[-6.365190999999925,10.53666500000003]},"properties":{"id":41669,"nom":"CHATEAU D EAU","type":"chateau eau","district_region":null,"departement_commune":null,"verifie":true,"name":"CHATEAU D EAU","source":"Géoportail ANSTAT"}},{"type":"Feature","geometry":{"type":"Point","coordinates":[-6.52574999999996,10.56403700000004]},"properties":{"id":41670,"nom":"CHATEAU D EAU","type":"chateau eau","district_region":null,"departement_commune":null,"verifie":true,"name":"CHATEAU D EAU","source":"Géoportail ANSTAT"}},{"type":"Feature","geometry":{"type":"Point","coordinates":[-6.635808999999938,10.61921300000006]},"properties":{"id":41671,"nom":"CHATEAU D EAU","type":"chateau eau","district_region":null,"departement_commune":null,"verifie":true,"name":"CHATEAU D EAU","source":"Géoportail ANSTAT"}},{"type":"Feature","geometry":{"type":"Point","coordinates":[-6.441657999999961,10.29766100000006]},"properties":{"id":41672,"nom":"CHATEAU D EAU","type":"chateau eau","district_region":null,"departement_commune":null,"verifie":true,"name":"CHATEAU D EAU","source":"Géoportail ANSTAT"}},{"type":"Feature","geometry":{"type":"Point","coordinates":[-6.33531899999997,10.35523100000006]},"properties":{"id":41673,"nom":"CHATEAU D EAU","type":"chateau eau","district_region":null,"departement_commune":null,"verifie":true,"name":"CHATEAU D EAU","source":"Géoportail ANSTAT"}},{"type":"Feature","geometry":{"type":"Point","coordinates":[-6.410028999999952,10.47542200000004]},"properties":{"id":41674,"nom":"CHATEAU D EAU","type":"chateau eau","district_region":null,"departement_commune":null,"verifie":true,"name":"CHATEAU D EAU","source":"Géoportail ANSTAT"}},{"type":"Feature","geometry":{"type":"Point","coordinates":[-6.410723999999959,10.47989300000006]},"properties":{"id":41675,"nom":"CHATEAU D EAU","type":"chateau eau","district_region":null,"departement_commune":null,"verifie":true,"name":"CHATEAU D EAU","source":"Géoportail ANSTAT"}},{"type":"Feature","geometry":{"type":"Point","coordinates":[-6.415371999999934,10.48554000000007]},"properties":{"id":41676,"nom":"CHATEAU D EAU","type":"chateau eau","district_region":null,"departement_commune":null,"verifie":true,"name":"CHATEAU D EAU","source":"Géoportail ANSTAT"}},{"type":"Feature","geometry":{"type":"Point","coordinates":[-6.410733999999934,10.48360900000006]},"properties":{"id":41677,"nom":"CHATEAU D EAU","type":"chateau eau","district_region":null,"departement_commune":null,"verifie":true,"name":"CHATEAU D EAU","source":"Géoportail ANSTAT"}},{"type":"Feature","geometry":{"type":"Point","coordinates":[-6.412049999999965,10.48451700000004]},"properties":{"id":41678,"nom":"CHATEAU D EAU","type":"chateau eau","district_region":null,"departement_commune":null,"verifie":true,"name":"CHATEAU D EAU","source":"Géoportail ANSTAT"}},{"type":"Feature","geometry":{"type":"Point","coordinates":[-6.413317999999947,10.48661200000004]},"properties":{"id":41679,"nom":"CHATEAU D EAU","type":"chateau eau","district_region":null,"departement_commune":null,"verifie":true,"name":"CHATEAU D EAU","source":"Géoportail ANSTAT"}},{"type":"Feature","geometry":{"type":"Point","coordinates":[-6.413255999999933,10.48646800000006]},"properties":{"id":41680,"nom":"CHATEAU D EAU","type":"chateau eau","district_region":null,"departement_commune":null,"verifie":true,"name":"CHATEAU D EAU","source":"Géoportail ANSTAT"}},{"type":"Feature","geometry":{"type":"Point","coordinates":[-6.419509999999946,10.48656000000005]},"properties":{"id":41681,"nom":"CHATEAU D EAU","type":"chateau eau","district_region":null,"departement_commune":null,"verifie":true,"name":"CHATEAU D EAU","source":"Géoportail ANSTAT"}},{"type":"Feature","geometry":{"type":"Point","coordinates":[-6.226688999999965,9.83455600000002]},"properties":{"id":41682,"nom":"CHATEAU D EAU DE KASSERE","type":"chateau eau","district_region":null,"departement_commune":null,"verifie":true,"name":"CHATEAU D EAU DE KASSERE","source":"Géoportail ANSTAT"}},{"type":"Feature","geometry":{"type":"Point","coordinates":[-6.174028999999962,8.422637000000066]},"properties":{"id":41683,"nom":"CHATEAU","type":"chateau eau","district_region":null,"departement_commune":null,"verifie":true,"name":"CHATEAU","source":"Géoportail ANSTAT"}},{"type":"Feature","geometry":{"type":"Point","coordinates":[-6.198396999999943,8.540178000000026]},"properties":{"id":41684,"nom":"CHATEAU D EAU","type":"chateau eau","district_region":null,"departement_commune":null,"verifie":true,"name":"CHATEAU D EAU","source":"Géoportail ANSTAT"}},{"type":"Feature","geometry":{"type":"Point","coordinates":[-6.259089999999958,8.954271000000062]},"properties":{"id":41685,"nom":"CHATEAU","type":"chateau eau","district_region":null,"departement_commune":null,"verifie":true,"name":"CHATEAU","source":"Géoportail ANSTAT"}},{"type":"Feature","geometry":{"type":"Point","coordinates":[-5.964038999999957,7.88162600000004]},"properties":{"id":41686,"nom":"CHATEAU D EAU","type":"chateau eau","district_region":null,"departement_commune":null,"verifie":true,"name":"CHATEAU D EAU","source":"Géoportail ANSTAT"}},{"type":"Feature","geometry":{"type":"Point","coordinates":[-7.20485199999996,10.01619000000005]},"properties":{"id":41687,"nom":"CHATEAU D EAU DE GOULIA","type":"chateau eau","district_region":null,"departement_commune":null,"verifie":true,"name":"CHATEAU D EAU DE GOULIA","source":"Géoportail ANSTAT"}},{"type":"Feature","geometry":{"type":"Point","coordinates":[-3.29317599999996,6.611933000000022]},"properties":{"id":41688,"nom":"CHATEAU D EAU","type":"chateau eau","district_region":null,"departement_commune":null,"verifie":true,"name":"CHATEAU D EAU","source":"Géoportail ANSTAT"}},{"type":"Feature","geometry":{"type":"Point","coordinates":[-3.344237999999962,6.567461000000037]},"properties":{"id":41689,"nom":"CHATEAU D EAU","type":"chateau eau","district_region":null,"departement_commune":null,"verifie":true,"name":"CHATEAU D EAU","source":"Géoportail ANSTAT"}},{"type":"Feature","geometry":{"type":"Point","coordinates":[-3.362514999999973,6.42770500000006]},"properties":{"id":41690,"nom":"CHATEAU","type":"chateau eau","district_region":null,"departement_commune":null,"verifie":true,"name":"CHATEAU","source":"Géoportail ANSTAT"}},{"type":"Feature","geometry":{"type":"Point","coordinates":[-3.382667999999967,7.025383000000033]},"properties":{"id":41691,"nom":"CHATEAU D EAU","type":"chateau eau","district_region":null,"departement_commune":null,"verifie":true,"name":"CHATEAU D EAU","source":"Géoportail ANSTAT"}},{"type":"Feature","geometry":{"type":"Point","coordinates":[-3.38719199999997,6.45793800000007]},"properties":{"id":41692,"nom":"CHATEAU D EAU","type":"chateau eau","district_region":null,"departement_commune":null,"verifie":true,"name":"CHATEAU D EAU","source":"Géoportail ANSTAT"}},{"type":"Feature","geometry":{"type":"Point","coordinates":[-3.403953999999942,6.507245000000069]},"properties":{"id":41693,"nom":"CHATEAU D EAU","type":"chateau eau","district_region":null,"departement_commune":null,"verifie":true,"name":"CHATEAU D EAU","source":"Géoportail ANSTAT"}},{"type":"Feature","geometry":{"type":"Point","coordinates":[-3.41571399999998,6.364487000000054]},"properties":{"id":41694,"nom":"CHATEAU  DEAU DE BEBOU","type":"chateau eau","district_region":null,"departement_commune":null,"verifie":true,"name":"CHATEAU  DEAU DE BEBOU","source":"Géoportail ANSTAT"}},{"type":"Feature","geometry":{"type":"Point","coordinates":[-3.524153999999953,6.820384000000047]},"properties":{"id":41695,"nom":"CHATEAU D EAU","type":"chateau eau","district_region":null,"departement_commune":null,"verifie":true,"name":"CHATEAU D EAU","source":"Géoportail ANSTAT"}},{"type":"Feature","geometry":{"type":"Point","coordinates":[-3.234221999999932,6.968282000000045]},"properties":{"id":41696,"nom":"CHATEAU D EAU","type":"chateau eau","district_region":null,"departement_commune":null,"verifie":true,"name":"CHATEAU D EAU","source":"Géoportail ANSTAT"}},{"type":"Feature","geometry":{"type":"Point","coordinates":[-3.279620999999963,7.04635200000007]},"properties":{"id":41697,"nom":"CHATEAU","type":"chateau eau","district_region":null,"departement_commune":null,"verifie":true,"name":"CHATEAU","source":"Géoportail ANSTAT"}},{"type":"Feature","geometry":{"type":"Point","coordinates":[-3.289132999999936,6.84215400000005]},"properties":{"id":41698,"nom":"CHATEAU D EAU","type":"chateau eau","district_region":null,"departement_commune":null,"verifie":true,"name":"CHATEAU D EAU","source":"Géoportail ANSTAT"}},{"type":"Feature","geometry":{"type":"Point","coordinates":[-3.286587999999938,6.857961000000046]},"properties":{"id":41699,"nom":"CHATEAU D EAU","type":"chateau eau","district_region":null,"departement_commune":null,"verifie":true,"name":"CHATEAU D EAU","source":"Géoportail ANSTAT"}},{"type":"Feature","geometry":{"type":"Point","coordinates":[-3.345838999999955,7.122842000000048]},"properties":{"id":41700,"nom":"CHATEAU D EAU","type":"chateau eau","district_region":null,"departement_commune":null,"verifie":true,"name":"CHATEAU D EAU","source":"Géoportail ANSTAT"}},{"type":"Feature","geometry":{"type":"Point","coordinates":[-3.44688199999996,7.085789000000034]},"properties":{"id":41701,"nom":"CHATEAU D EAU","type":"chateau eau","district_region":null,"departement_commune":null,"verifie":true,"name":"CHATEAU D EAU","source":"Géoportail ANSTAT"}},{"type":"Feature","geometry":{"type":"Point","coordinates":[-3.52468099999993,7.094002000000046]},"properties":{"id":41702,"nom":"CHATEAU D EAU","type":"chateau eau","district_region":null,"departement_commune":null,"verifie":true,"name":"CHATEAU D EAU","source":"Géoportail ANSTAT"}},{"type":"Feature","geometry":{"type":"Point","coordinates":[-3.573644999999942,7.250026000000048]},"properties":{"id":41703,"nom":"CHATEAU D EAU","type":"chateau eau","district_region":null,"departement_commune":null,"verifie":true,"name":"CHATEAU D EAU","source":"Géoportail ANSTAT"}},{"type":"Feature","geometry":{"type":"Point","coordinates":[-3.619451999999967,7.134003000000064]},"properties":{"id":41704,"nom":"CHATEAU D EAU","type":"chateau eau","district_region":null,"departement_commune":null,"verifie":true,"name":"CHATEAU D EAU","source":"Géoportail ANSTAT"}},{"type":"Feature","geometry":{"type":"Point","coordinates":[-3.216357999999957,6.133784000000048]},"properties":{"id":41705,"nom":"CHATEAU","type":"chateau eau","district_region":null,"departement_commune":null,"verifie":true,"name":"CHATEAU","source":"Géoportail ANSTAT"}},{"type":"Feature","geometry":{"type":"Point","coordinates":[-3.323268999999925,6.238967000000059]},"properties":{"id":41706,"nom":"CHATEAU","type":"chateau eau","district_region":null,"departement_commune":null,"verifie":true,"name":"CHATEAU","source":"Géoportail ANSTAT"}},{"type":"Feature","geometry":{"type":"Point","coordinates":[-3.33851599999997,6.13153200000005]},"properties":{"id":41707,"nom":"CHATEAU D EAU","type":"chateau eau","district_region":null,"departement_commune":null,"verifie":true,"name":"CHATEAU D EAU","source":"Géoportail ANSTAT"}},{"type":"Feature","geometry":{"type":"Point","coordinates":[-3.384641999999928,6.142353000000071]},"properties":{"id":41708,"nom":"CHATEAU D EAU DE AKREBY","type":"chateau eau","district_region":null,"departement_commune":null,"verifie":true,"name":"CHATEAU D EAU DE AKREBY","source":"Géoportail ANSTAT"}},{"type":"Feature","geometry":{"type":"Point","coordinates":[-3.454947999999945,6.185362000000055]},"properties":{"id":41709,"nom":"CHATEAU D EAU","type":"chateau eau","district_region":null,"departement_commune":null,"verifie":true,"name":"CHATEAU D EAU","source":"Géoportail ANSTAT"}},{"type":"Feature","geometry":{"type":"Point","coordinates":[-3.454307999999969,6.189607000000024]},"properties":{"id":41710,"nom":"CHATEAU D EAU DE ABRADINOU","type":"chateau eau","district_region":null,"departement_commune":null,"verifie":true,"name":"CHATEAU D EAU DE ABRADINOU","source":"Géoportail ANSTAT"}},{"type":"Feature","geometry":{"type":"Point","coordinates":[-3.318519999999978,6.294341000000031]},"properties":{"id":41711,"nom":"CHATEAU D EAU","type":"chateau eau","district_region":null,"departement_commune":null,"verifie":true,"name":"CHATEAU D EAU","source":"Géoportail ANSTAT"}},{"type":"Feature","geometry":{"type":"Point","coordinates":[-3.402250999999978,6.076276000000064]},"properties":{"id":41712,"nom":"CHATEAU D EAU","type":"chateau eau","district_region":null,"departement_commune":null,"verifie":true,"name":"CHATEAU D EAU","source":"Géoportail ANSTAT"}},{"type":"Feature","geometry":{"type":"Point","coordinates":[-7.56203899999997,9.500540000000058]},"properties":{"id":41713,"nom":"CHATEAU D EAU DE LA SOUS PREFECTURE","type":"chateau eau","district_region":null,"departement_commune":null,"verifie":true,"name":"CHATEAU D EAU DE LA SOUS PREFECTURE","source":"Géoportail ANSTAT"}},{"type":"Feature","geometry":{"type":"Point","coordinates":[-7.400910999999951,8.803656000000046]},"properties":{"id":41714,"nom":"CHATEAU D EAU DE FORACO","type":"chateau eau","district_region":null,"departement_commune":null,"verifie":true,"name":"CHATEAU D EAU DE FORACO","source":"Géoportail ANSTAT"}},{"type":"Feature","geometry":{"type":"Point","coordinates":[-7.792547999999954,9.338786000000027]},"properties":{"id":41715,"nom":"CHATEAU D EAU","type":"chateau eau","district_region":null,"departement_commune":null,"verifie":true,"name":"CHATEAU D EAU","source":"Géoportail ANSTAT"}},{"type":"Feature","geometry":{"type":"Point","coordinates":[-7.78942399999994,9.526683000000048]},"properties":{"id":41716,"nom":"CHATEAU","type":"chateau eau","district_region":null,"departement_commune":null,"verifie":true,"name":"CHATEAU","source":"Géoportail ANSTAT"}},{"type":"Feature","geometry":{"type":"Point","coordinates":[-7.81626499999993,9.669242000000054]},"properties":{"id":41717,"nom":"CHATEAU D EAU","type":"chateau eau","district_region":null,"departement_commune":null,"verifie":true,"name":"CHATEAU D EAU","source":"Géoportail ANSTAT"}},{"type":"Feature","geometry":{"type":"Point","coordinates":[-7.885867999999959,9.58888200000007]},"properties":{"id":41718,"nom":"CHATEAU D EAU","type":"chateau eau","district_region":null,"departement_commune":null,"verifie":true,"name":"CHATEAU D EAU","source":"Géoportail ANSTAT"}},{"type":"Feature","geometry":{"type":"Point","coordinates":[-7.983978999999977,9.857245000000034]},"properties":{"id":41719,"nom":"CHATAUEX D EAU DE LOSSOGO","type":"chateau eau","district_region":null,"departement_commune":null,"verifie":true,"name":"CHATAUEX D EAU DE LOSSOGO","source":"Géoportail ANSTAT"}},{"type":"Feature","geometry":{"type":"Point","coordinates":[-7.985732999999925,9.440999000000032]},"properties":{"id":41720,"nom":"CHATEAU D EAU DE BALALA","type":"chateau eau","district_region":null,"departement_commune":null,"verifie":true,"name":"CHATEAU D EAU DE BALALA","source":"Géoportail ANSTAT"}},{"type":"Feature","geometry":{"type":"Point","coordinates":[-8.006477999999959,9.630198000000064]},"properties":{"id":41721,"nom":"CHATEAU D EAU","type":"chateau eau","district_region":null,"departement_commune":null,"verifie":true,"name":"CHATEAU D EAU","source":"Géoportail ANSTAT"}},{"type":"Feature","geometry":{"type":"Point","coordinates":[-8.125607999999943,9.58258900000004]},"properties":{"id":41722,"nom":"CHATEAU D EAU DE GBELEBAN","type":"chateau eau","district_region":null,"departement_commune":null,"verifie":true,"name":"CHATEAU D EAU DE GBELEBAN","source":"Géoportail ANSTAT"}},{"type":"Feature","geometry":{"type":"Point","coordinates":[-3.756263999999931,5.775245000000041]},"properties":{"id":41723,"nom":"CHATEAU D EAU","type":"chateau eau","district_region":null,"departement_commune":null,"verifie":true,"name":"CHATEAU D EAU","source":"Géoportail ANSTAT"}},{"type":"Feature","geometry":{"type":"Point","coordinates":[-3.608989999999949,5.824091000000067]},"properties":{"id":41724,"nom":"CHATEAU D EAU","type":"chateau eau","district_region":null,"departement_commune":null,"verifie":true,"name":"CHATEAU D EAU","source":"Géoportail ANSTAT"}},{"type":"Feature","geometry":{"type":"Point","coordinates":[-3.659631999999931,5.407247000000041]},"properties":{"id":41725,"nom":"CHATEAU D EAU","type":"chateau eau","district_region":null,"departement_commune":null,"verifie":true,"name":"CHATEAU D EAU","source":"Géoportail ANSTAT"}},{"type":"Feature","geometry":{"type":"Point","coordinates":[-3.640146999999956,5.35774200000003]},"properties":{"id":41726,"nom":"CHAEAU DEAU","type":"chateau eau","district_region":null,"departement_commune":null,"verifie":true,"name":"CHAEAU DEAU","source":"Géoportail ANSTAT"}},{"type":"Feature","geometry":{"type":"Point","coordinates":[-3.669089999999926,5.499221000000034]},"properties":{"id":41727,"nom":"CHATEAU","type":"chateau eau","district_region":null,"departement_commune":null,"verifie":true,"name":"CHATEAU","source":"Géoportail ANSTAT"}},{"type":"Feature","geometry":{"type":"Point","coordinates":[-3.601441999999963,6.206881000000067]},"properties":{"id":41728,"nom":"CHATEAU","type":"chateau eau","district_region":null,"departement_commune":null,"verifie":true,"name":"CHATEAU","source":"Géoportail ANSTAT"}},{"type":"Feature","geometry":{"type":"Point","coordinates":[-3.636373999999932,6.155949000000021]},"properties":{"id":41729,"nom":"CHATEAU","type":"chateau eau","district_region":null,"departement_commune":null,"verifie":true,"name":"CHATEAU","source":"Géoportail ANSTAT"}},{"type":"Feature","geometry":{"type":"Point","coordinates":[-3.64860299999998,6.116350000000068]},"properties":{"id":41730,"nom":"CHATEAU","type":"chateau eau","district_region":null,"departement_commune":null,"verifie":true,"name":"CHATEAU","source":"Géoportail ANSTAT"}},{"type":"Feature","geometry":{"type":"Point","coordinates":[-3.792438999999945,6.240788000000066]},"properties":{"id":41731,"nom":"CHATEAU D EAU D AHOUABO","type":"chateau eau","district_region":null,"departement_commune":null,"verifie":true,"name":"CHATEAU D EAU D AHOUABO","source":"Géoportail ANSTAT"}},{"type":"Feature","geometry":{"type":"Point","coordinates":[-3.90729099999993,6.175874000000022]},"properties":{"id":41732,"nom":"CHATEAU","type":"chateau eau","district_region":null,"departement_commune":null,"verifie":true,"name":"CHATEAU","source":"Géoportail ANSTAT"}},{"type":"Feature","geometry":{"type":"Point","coordinates":[-3.951861999999949,6.038956000000042]},"properties":{"id":41733,"nom":"CHATEAU D EAU","type":"chateau eau","district_region":null,"departement_commune":null,"verifie":true,"name":"CHATEAU D EAU","source":"Géoportail ANSTAT"}},{"type":"Feature","geometry":{"type":"Point","coordinates":[-3.99022199999996,5.986645000000067]},"properties":{"id":41734,"nom":"CHATEAU D EAU","type":"chateau eau","district_region":null,"departement_commune":null,"verifie":true,"name":"CHATEAU D EAU","source":"Géoportail ANSTAT"}},{"type":"Feature","geometry":{"type":"Point","coordinates":[-3.852309999999932,6.484692000000052]},"properties":{"id":41735,"nom":"CHATEAU D EAU","type":"chateau eau","district_region":null,"departement_commune":null,"verifie":true,"name":"CHATEAU D EAU","source":"Géoportail ANSTAT"}},{"type":"Feature","geometry":{"type":"Point","coordinates":[-3.857053999999948,6.347752000000071]},"properties":{"id":41736,"nom":"CHATEAU D EAU","type":"chateau eau","district_region":null,"departement_commune":null,"verifie":true,"name":"CHATEAU D EAU","source":"Géoportail ANSTAT"}},{"type":"Feature","geometry":{"type":"Point","coordinates":[-3.950474999999926,5.813683000000026]},"properties":{"id":41737,"nom":"CHATEAU","type":"chateau eau","district_region":null,"departement_commune":null,"verifie":true,"name":"CHATEAU","source":"Géoportail ANSTAT"}},{"type":"Feature","geometry":{"type":"Point","coordinates":[-3.649621999999965,6.180457000000047]},"properties":{"id":41738,"nom":"CHATEAU","type":"chateau eau","district_region":null,"departement_commune":null,"verifie":true,"name":"CHATEAU","source":"Géoportail ANSTAT"}},{"type":"Feature","geometry":{"type":"Point","coordinates":[-3.869852999999978,6.112512000000038]},"properties":{"id":41739,"nom":"CHATEAU","type":"chateau eau","district_region":null,"departement_commune":null,"verifie":true,"name":"CHATEAU","source":"Géoportail ANSTAT"}},{"type":"Feature","geometry":{"type":"Point","coordinates":[-3.877460999999926,6.12536300000005]},"properties":{"id":41740,"nom":"CHATEAU D EAU","type":"chateau eau","district_region":null,"departement_commune":null,"verifie":true,"name":"CHATEAU D EAU","source":"Géoportail ANSTAT"}},{"type":"Feature","geometry":{"type":"Point","coordinates":[-3.85336499999994,6.113362000000052]},"properties":{"id":41741,"nom":"CHATEAU D EAU D ADZOPE","type":"chateau eau","district_region":null,"departement_commune":null,"verifie":true,"name":"CHATEAU D EAU D ADZOPE","source":"Géoportail ANSTAT"}},{"type":"Feature","geometry":{"type":"Point","coordinates":[-3.888822999999945,6.396990000000073]},"properties":{"id":41742,"nom":"CHATEAU AKOUPE","type":"chateau eau","district_region":null,"departement_commune":null,"verifie":true,"name":"CHATEAU AKOUPE","source":"Géoportail ANSTAT"}},{"type":"Feature","geometry":{"type":"Point","coordinates":[-3.522801999999956,5.289237000000071]},"properties":{"id":41743,"nom":"CHATEAU D EAU","type":"chateau eau","district_region":null,"departement_commune":null,"verifie":true,"name":"CHATEAU D EAU","source":"Géoportail ANSTAT"}},{"type":"Feature","geometry":{"type":"Point","coordinates":[-3.524175999999954,5.381910000000062]},"properties":{"id":41744,"nom":"CHATEAU D EAU","type":"chateau eau","district_region":null,"departement_commune":null,"verifie":true,"name":"CHATEAU D EAU","source":"Géoportail ANSTAT"}},{"type":"Feature","geometry":{"type":"Point","coordinates":[-3.476537999999948,5.323127000000056]},"properties":{"id":41745,"nom":"CHATEAU D EAU","type":"chateau eau","district_region":null,"departement_commune":null,"verifie":true,"name":"CHATEAU D EAU","source":"Géoportail ANSTAT"}},{"type":"Feature","geometry":{"type":"Point","coordinates":[-3.438060999999948,5.266044000000022]},"properties":{"id":41746,"nom":"CHATEAU D EAU","type":"chateau eau","district_region":null,"departement_commune":null,"verifie":true,"name":"CHATEAU D EAU","source":"Géoportail ANSTAT"}},{"type":"Feature","geometry":{"type":"Point","coordinates":[-3.769127999999967,5.217338000000041]},"properties":{"id":41747,"nom":"CHATEAU","type":"chateau eau","district_region":null,"departement_commune":null,"verifie":true,"name":"CHATEAU","source":"Géoportail ANSTAT"}},{"type":"Feature","geometry":{"type":"Point","coordinates":[-3.731427999999937,5.215633000000025]},"properties":{"id":41748,"nom":"CHATEAU D EAU","type":"chateau eau","district_region":null,"departement_commune":null,"verifie":true,"name":"CHATEAU D EAU","source":"Géoportail ANSTAT"}},{"type":"Feature","geometry":{"type":"Point","coordinates":[-3.383619999999951,5.297053000000062]},"properties":{"id":41749,"nom":"CHATEAU D EAU","type":"chateau eau","district_region":null,"departement_commune":null,"verifie":true,"name":"CHATEAU D EAU","source":"Géoportail ANSTAT"}},{"type":"Feature","geometry":{"type":"Point","coordinates":[-3.451997999999946,5.289075000000025]},"properties":{"id":41750,"nom":"CHATEAU D EAU","type":"chateau eau","district_region":null,"departement_commune":null,"verifie":true,"name":"CHATEAU D EAU","source":"Géoportail ANSTAT"}},{"type":"Feature","geometry":{"type":"Point","coordinates":[-3.340529999999944,5.14850000000007]},"properties":{"id":41751,"nom":"CHATEAU D EAU D ASSINIE","type":"chateau eau","district_region":null,"departement_commune":null,"verifie":true,"name":"CHATEAU D EAU D ASSINIE","source":"Géoportail ANSTAT"}},{"type":"Feature","geometry":{"type":"Point","coordinates":[-2.936927999999966,5.149610000000052]},"properties":{"id":41752,"nom":"CHATEAU D EAU","type":"chateau eau","district_region":null,"departement_commune":null,"verifie":true,"name":"CHATEAU D EAU","source":"Géoportail ANSTAT"}},{"type":"Feature","geometry":{"type":"Point","coordinates":[-2.96274399999993,5.125068000000056]},"properties":{"id":41753,"nom":"CHATEAU D EAU","type":"chateau eau","district_region":null,"departement_commune":null,"verifie":true,"name":"CHATEAU D EAU","source":"Géoportail ANSTAT"}},{"type":"Feature","geometry":{"type":"Point","coordinates":[-2.965832999999975,5.200104000000067]},"properties":{"id":41754,"nom":"CHATEAU D EAU","type":"chateau eau","district_region":null,"departement_commune":null,"verifie":true,"name":"CHATEAU D EAU","source":"Géoportail ANSTAT"}},{"type":"Feature","geometry":{"type":"Point","coordinates":[-3.086108999999965,5.148523000000068]},"properties":{"id":41755,"nom":"CHATEAU D EAU DE EBOKO","type":"chateau eau","district_region":null,"departement_commune":null,"verifie":true,"name":"CHATEAU D EAU DE EBOKO","source":"Géoportail ANSTAT"}},{"type":"Feature","geometry":{"type":"Point","coordinates":[-3.114557999999931,5.151737000000026]},"properties":{"id":41756,"nom":"CHATEAU D EAU DE EBOINDA","type":"chateau eau","district_region":null,"departement_commune":null,"verifie":true,"name":"CHATEAU D EAU DE EBOINDA","source":"Géoportail ANSTAT"}},{"type":"Feature","geometry":{"type":"Point","coordinates":[-3.327879999999936,5.33739300000002]},"properties":{"id":41757,"nom":"CHATEAU D EAU DE DOUDOUKRO","type":"chateau eau","district_region":null,"departement_commune":null,"verifie":true,"name":"CHATEAU D EAU DE DOUDOUKRO","source":"Géoportail ANSTAT"}},{"type":"Feature","geometry":{"type":"Point","coordinates":[-3.328919999999925,5.483263000000022]},"properties":{"id":41758,"nom":"CHATAEU DEAU PRIVE DE KOHOUROU","type":"chateau eau","district_region":null,"departement_commune":null,"verifie":true,"name":"CHATAEU DEAU PRIVE DE KOHOUROU","source":"Géoportail ANSTAT"}},{"type":"Feature","geometry":{"type":"Point","coordinates":[-3.332192999999961,5.404035000000022]},"properties":{"id":41759,"nom":"CHATEAU D EAU","type":"chateau eau","district_region":null,"departement_commune":null,"verifie":true,"name":"CHATEAU D EAU","source":"Géoportail ANSTAT"}},{"type":"Feature","geometry":{"type":"Point","coordinates":[-3.333225999999968,5.40383300000002]},"properties":{"id":41760,"nom":"CHATEAU D EAU","type":"chateau eau","district_region":null,"departement_commune":null,"verifie":true,"name":"CHATEAU D EAU","source":"Géoportail ANSTAT"}},{"type":"Feature","geometry":{"type":"Point","coordinates":[-3.384367999999938,5.430085000000076]},"properties":{"id":41761,"nom":"CHATEAU D EAU","type":"chateau eau","district_region":null,"departement_commune":null,"verifie":true,"name":"CHATEAU D EAU","source":"Géoportail ANSTAT"}},{"type":"Feature","geometry":{"type":"Point","coordinates":[-3.426204999999925,5.451500000000067]},"properties":{"id":41762,"nom":"CHATEAU D EAU DE BENIAKRE","type":"chateau eau","district_region":null,"departement_commune":null,"verifie":true,"name":"CHATEAU D EAU DE BENIAKRE","source":"Géoportail ANSTAT"}},{"type":"Feature","geometry":{"type":"Point","coordinates":[-3.079364999999939,5.666183000000046]},"properties":{"id":41763,"nom":"CHATEAU D EAU","type":"chateau eau","district_region":null,"departement_commune":null,"verifie":true,"name":"CHATEAU D EAU","source":"Géoportail ANSTAT"}},{"type":"Feature","geometry":{"type":"Point","coordinates":[-3.113276999999925,5.723801000000037]},"properties":{"id":41764,"nom":"CHATEAU D  EAU DE EBIKRO","type":"chateau eau","district_region":null,"departement_commune":null,"verifie":true,"name":"CHATEAU D  EAU DE EBIKRO","source":"Géoportail ANSTAT"}},{"type":"Feature","geometry":{"type":"Point","coordinates":[-3.178965999999946,5.527701000000036]},"properties":{"id":41765,"nom":"CHATEAU D EAU","type":"chateau eau","district_region":null,"departement_commune":null,"verifie":true,"name":"CHATEAU D EAU","source":"Géoportail ANSTAT"}},{"type":"Feature","geometry":{"type":"Point","coordinates":[-2.977671999999927,5.661829000000068]},"properties":{"id":41766,"nom":"CHATEAU D EAU DE DIBY","type":"chateau eau","district_region":null,"departement_commune":null,"verifie":true,"name":"CHATEAU D EAU DE DIBY","source":"Géoportail ANSTAT"}},{"type":"Feature","geometry":{"type":"Point","coordinates":[-3.063037999999949,5.203697000000034]},"properties":{"id":41767,"nom":"CHATEAU D EAU","type":"chateau eau","district_region":null,"departement_commune":null,"verifie":true,"name":"CHATEAU D EAU","source":"Géoportail ANSTAT"}},{"type":"Feature","geometry":{"type":"Point","coordinates":[-3.118685999999968,5.347619000000066]},"properties":{"id":41768,"nom":"CHATEAU D EAU DE EBOUE","type":"chateau eau","district_region":null,"departement_commune":null,"verifie":true,"name":"CHATEAU D EAU DE EBOUE","source":"Géoportail ANSTAT"}},{"type":"Feature","geometry":{"type":"Point","coordinates":[-3.152608999999927,5.311355000000049]},"properties":{"id":41769,"nom":"CHATEAU D EAU D ADJOUAN","type":"chateau eau","district_region":null,"departement_commune":null,"verifie":true,"name":"CHATEAU D EAU D ADJOUAN","source":"Géoportail ANSTAT"}},{"type":"Feature","geometry":{"type":"Point","coordinates":[-3.026651999999956,5.256273000000022]},"properties":{"id":41770,"nom":"CHATEAU D EAU D EHANIA V2","type":"chateau eau","district_region":null,"departement_commune":null,"verifie":true,"name":"CHATEAU D EAU D EHANIA V2","source":"Géoportail ANSTAT"}},{"type":"Feature","geometry":{"type":"Point","coordinates":[-3.213057999999933,5.466160000000059]},"properties":{"id":41771,"nom":"CHATEAU D EAU","type":"chateau eau","district_region":null,"departement_commune":null,"verifie":true,"name":"CHATEAU D EAU","source":"Géoportail ANSTAT"}},{"type":"Feature","geometry":{"type":"Point","coordinates":[-3.323158999999976,5.327121000000034]},"properties":{"id":41772,"nom":"CHATEAU D EAU","type":"chateau eau","district_region":null,"departement_commune":null,"verifie":true,"name":"CHATEAU D EAU","source":"Géoportail ANSTAT"}},{"type":"Feature","geometry":{"type":"Point","coordinates":[-4.902750999999967,8.135706000000027]},"properties":{"id":41773,"nom":"CHATEAU D EAU","type":"chateau eau","district_region":null,"departement_commune":null,"verifie":true,"name":"CHATEAU D EAU","source":"Géoportail ANSTAT"}},{"type":"Feature","geometry":{"type":"Point","coordinates":[-5.167026999999962,9.150063000000046]},"properties":{"id":41774,"nom":"CHATEAA D EAU","type":"chateau eau","district_region":null,"departement_commune":null,"verifie":true,"name":"CHATEAA D EAU","source":"Géoportail ANSTAT"}},{"type":"Feature","geometry":{"type":"Point","coordinates":[-5.162514999999928,9.193239000000062]},"properties":{"id":41775,"nom":"CHATEAU D EAU","type":"chateau eau","district_region":null,"departement_commune":null,"verifie":true,"name":"CHATEAU D EAU","source":"Géoportail ANSTAT"}},{"type":"Feature","geometry":{"type":"Point","coordinates":[-5.197479999999928,9.287619000000063]},"properties":{"id":41776,"nom":"CHATEAU D EAU DE KOUROUKOUNA","type":"chateau eau","district_region":null,"departement_commune":null,"verifie":true,"name":"CHATEAU D EAU DE KOUROUKOUNA","source":"Géoportail ANSTAT"}},{"type":"Feature","geometry":{"type":"Point","coordinates":[-5.303985999999952,9.299904000000026]},"properties":{"id":41777,"nom":"CHATEAU D EAU","type":"chateau eau","district_region":null,"departement_commune":null,"verifie":true,"name":"CHATEAU D EAU","source":"Géoportail ANSTAT"}},{"type":"Feature","geometry":{"type":"Point","coordinates":[-5.152980999999954,9.071366000000069]},"properties":{"id":41778,"nom":"CHATEAU","type":"chateau eau","district_region":null,"departement_commune":null,"verifie":true,"name":"CHATEAU","source":"Géoportail ANSTAT"}},{"type":"Feature","geometry":{"type":"Point","coordinates":[-4.948173999999938,8.169508000000064]},"properties":{"id":41779,"nom":"CHATEAU","type":"chateau eau","district_region":null,"departement_commune":null,"verifie":true,"name":"CHATEAU","source":"Géoportail ANSTAT"}},{"type":"Feature","geometry":{"type":"Point","coordinates":[-4.94558799999993,8.171746000000041]},"properties":{"id":41780,"nom":"CHATEAU D EAU","type":"chateau eau","district_region":null,"departement_commune":null,"verifie":true,"name":"CHATEAU D EAU","source":"Géoportail ANSTAT"}},{"type":"Feature","geometry":{"type":"Point","coordinates":[-4.514773999999932,8.44373900000005]},"properties":{"id":41781,"nom":"CHATEAU D EAU","type":"chateau eau","district_region":null,"departement_commune":null,"verifie":true,"name":"CHATEAU D EAU","source":"Géoportail ANSTAT"}},{"type":"Feature","geometry":{"type":"Point","coordinates":[-4.64902399999994,8.638462000000061]},"properties":{"id":41782,"nom":"CHATEAU D EAU DE FOUMBOLO","type":"chateau eau","district_region":null,"departement_commune":null,"verifie":true,"name":"CHATEAU D EAU DE FOUMBOLO","source":"Géoportail ANSTAT"}},{"type":"Feature","geometry":{"type":"Point","coordinates":[-4.362224999999967,7.893638000000067]},"properties":{"id":41783,"nom":"CHATEAU D EAU","type":"chateau eau","district_region":null,"departement_commune":null,"verifie":true,"name":"CHATEAU D EAU","source":"Géoportail ANSTAT"}},{"type":"Feature","geometry":{"type":"Point","coordinates":[-4.412348999999949,8.362684000000058]},"properties":{"id":41786,"nom":"CHATEAU","type":"chateau eau","district_region":null,"departement_commune":null,"verifie":true,"name":"CHATEAU","source":"Géoportail ANSTAT"}},{"type":"Feature","geometry":{"type":"Point","coordinates":[-5.165871999999979,9.212225000000046]},"properties":{"id":41787,"nom":"CHATEAU","type":"chateau eau","district_region":null,"departement_commune":null,"verifie":true,"name":"CHATEAU","source":"Géoportail ANSTAT"}},{"type":"Feature","geometry":{"type":"Point","coordinates":[-7.769968999999946,7.133405000000039]},"properties":{"id":41788,"nom":"CHATEAU D EAU","type":"chateau eau","district_region":null,"departement_commune":null,"verifie":true,"name":"CHATEAU D EAU","source":"Géoportail ANSTAT"}},{"type":"Feature","geometry":{"type":"Point","coordinates":[-7.400621999999942,7.446596000000056]},"properties":{"id":41789,"nom":"CHATEAU D EAU","type":"chateau eau","district_region":null,"departement_commune":null,"verifie":true,"name":"CHATEAU D EAU","source":"Géoportail ANSTAT"}},{"type":"Feature","geometry":{"type":"Point","coordinates":[-7.542989999999975,7.407093000000032]},"properties":{"id":41790,"nom":"CHATEAU D EAU","type":"chateau eau","district_region":null,"departement_commune":null,"verifie":true,"name":"CHATEAU D EAU","source":"Géoportail ANSTAT"}},{"type":"Feature","geometry":{"type":"Point","coordinates":[-8.286137999999937,6.847916000000055]},"properties":{"id":41791,"nom":"CHATEAU","type":"chateau eau","district_region":null,"departement_commune":null,"verifie":true,"name":"CHATEAU","source":"Géoportail ANSTAT"}},{"type":"Feature","geometry":{"type":"Point","coordinates":[-8.115408999999943,7.099912000000074]},"properties":{"id":41792,"nom":"CHATEAU D EAU DE DOUEPLEU","type":"chateau eau","district_region":null,"departement_commune":null,"verifie":true,"name":"CHATEAU D EAU DE DOUEPLEU","source":"Géoportail ANSTAT"}},{"type":"Feature","geometry":{"type":"Point","coordinates":[-8.257500999999934,7.390646000000061]},"properties":{"id":41793,"nom":"CHATEAU","type":"chateau eau","district_region":null,"departement_commune":null,"verifie":true,"name":"CHATEAU","source":"Géoportail ANSTAT"}},{"type":"Feature","geometry":{"type":"Point","coordinates":[-4.349400999999943,7.831457000000057]},"properties":{"id":41794,"nom":"CHATEAU D EAU","type":"chateau eau","district_region":null,"departement_commune":null,"verifie":true,"name":"CHATEAU D EAU","source":"Géoportail ANSTAT"}},{"type":"Feature","geometry":{"type":"Point","coordinates":[-4.152545999999973,7.294758000000058]},"properties":{"id":41795,"nom":"CHATEAU D EAU","type":"chateau eau","district_region":null,"departement_commune":null,"verifie":true,"name":"CHATEAU D EAU","source":"Géoportail ANSTAT"}},{"type":"Feature","geometry":{"type":"Point","coordinates":[-4.156477999999936,7.290066000000024]},"properties":{"id":41796,"nom":"CHATEAU D EAU","type":"chateau eau","district_region":null,"departement_commune":null,"verifie":true,"name":"CHATEAU D EAU","source":"Géoportail ANSTAT"}},{"type":"Feature","geometry":{"type":"Point","coordinates":[-3.967378999999937,7.205941000000053]},"properties":{"id":41797,"nom":"CHATEAU D EAU","type":"chateau eau","district_region":null,"departement_commune":null,"verifie":true,"name":"CHATEAU D EAU","source":"Géoportail ANSTAT"}},{"type":"Feature","geometry":{"type":"Point","coordinates":[-4.069552999999928,7.110584000000074]},"properties":{"id":41798,"nom":"CHATEAU D EAU","type":"chateau eau","district_region":null,"departement_commune":null,"verifie":true,"name":"CHATEAU D EAU","source":"Géoportail ANSTAT"}},{"type":"Feature","geometry":{"type":"Point","coordinates":[-4.258987999999931,7.279960000000074]},"properties":{"id":41799,"nom":"CHATEAU D EAU","type":"chateau eau","district_region":null,"departement_commune":null,"verifie":true,"name":"CHATEAU D EAU","source":"Géoportail ANSTAT"}},{"type":"Feature","geometry":{"type":"Point","coordinates":[-4.072382999999945,7.316704000000072]},"properties":{"id":41800,"nom":"CHATEAU D EAU DE KOUMELEKRO","type":"chateau eau","district_region":null,"departement_commune":null,"verifie":true,"name":"CHATEAU D EAU DE KOUMELEKRO","source":"Géoportail ANSTAT"}},{"type":"Feature","geometry":{"type":"Point","coordinates":[-4.097460999999953,7.301291000000049]},"properties":{"id":41801,"nom":"CHATEAU D EAU","type":"chateau eau","district_region":null,"departement_commune":null,"verifie":true,"name":"CHATEAU D EAU","source":"Géoportail ANSTAT"}},{"type":"Feature","geometry":{"type":"Point","coordinates":[-3.909063999999944,7.179531000000054]},"properties":{"id":41802,"nom":"CHATEAU D EAU DE GNAMIENKRO","type":"chateau eau","district_region":null,"departement_commune":null,"verifie":true,"name":"CHATEAU D EAU DE GNAMIENKRO","source":"Géoportail ANSTAT"}},{"type":"Feature","geometry":{"type":"Point","coordinates":[-3.961868999999979,7.343334000000027]},"properties":{"id":41803,"nom":"CHATEAU D EAU","type":"chateau eau","district_region":null,"departement_commune":null,"verifie":true,"name":"CHATEAU D EAU","source":"Géoportail ANSTAT"}},{"type":"Feature","geometry":{"type":"Point","coordinates":[-3.601322999999979,7.381959000000052]},"properties":{"id":41804,"nom":"CHATEAU D EAU","type":"chateau eau","district_region":null,"departement_commune":null,"verifie":true,"name":"CHATEAU D EAU","source":"Géoportail ANSTAT"}},{"type":"Feature","geometry":{"type":"Point","coordinates":[-4.215776999999946,9.04162800000006]},"properties":{"id":41805,"nom":"CHATEAU DEAU","type":"chateau eau","district_region":null,"departement_commune":null,"verifie":true,"name":"CHATEAU DEAU","source":"Géoportail ANSTAT"}},{"type":"Feature","geometry":{"type":"Point","coordinates":[-4.618395999999962,9.154153000000065]},"properties":{"id":41806,"nom":"CHATEAUX D EAU","type":"chateau eau","district_region":null,"departement_commune":null,"verifie":true,"name":"CHATEAUX D EAU","source":"Géoportail ANSTAT"}},{"type":"Feature","geometry":{"type":"Point","coordinates":[-4.784803999999951,9.193802000000062]},"properties":{"id":41807,"nom":"CHATEAUX D EAU","type":"chateau eau","district_region":null,"departement_commune":null,"verifie":true,"name":"CHATEAUX D EAU","source":"Géoportail ANSTAT"}},{"type":"Feature","geometry":{"type":"Point","coordinates":[-4.480995999999948,9.397760000000062]},"properties":{"id":41808,"nom":"CHATEAU ILOT 28","type":"chateau eau","district_region":null,"departement_commune":null,"verifie":true,"name":"CHATEAU ILOT 28","source":"Géoportail ANSTAT"}},{"type":"Feature","geometry":{"type":"Point","coordinates":[-5.201057999999932,9.57922000000002]},"properties":{"id":41809,"nom":"CHATEAU DEAU","type":"chateau eau","district_region":null,"departement_commune":null,"verifie":true,"name":"CHATEAU DEAU","source":"Géoportail ANSTAT"}},{"type":"Feature","geometry":{"type":"Point","coordinates":[-4.318600999999944,9.583570000000066]},"properties":{"id":41810,"nom":"CHATEAUX D EAU  ILOT 44","type":"chateau eau","district_region":null,"departement_commune":null,"verifie":true,"name":"CHATEAUX D EAU  ILOT 44","source":"Géoportail ANSTAT"}},{"type":"Feature","geometry":{"type":"Point","coordinates":[-5.071164999999951,9.59310000000005]},"properties":{"id":41811,"nom":"CHATEAU D EAU PRINCIPALE DE LAFOPKOKAHA","type":"chateau eau","district_region":null,"departement_commune":null,"verifie":true,"name":"CHATEAU D EAU PRINCIPALE DE LAFOPKOKAHA","source":"Géoportail ANSTAT"}},{"type":"Feature","geometry":{"type":"Point","coordinates":[-5.068560999999931,9.59642800000006]},"properties":{"id":41812,"nom":"CHATEAU D EAU1 DU CENTRE DE SANTE","type":"chateau eau","district_region":null,"departement_commune":null,"verifie":true,"name":"CHATEAU D EAU1 DU CENTRE DE SANTE","source":"Géoportail ANSTAT"}},{"type":"Feature","geometry":{"type":"Point","coordinates":[-5.636743999999965,10.29222000000004]},"properties":{"id":41813,"nom":"CHATEAU DE KASSEREGUE","type":"chateau eau","district_region":null,"departement_commune":null,"verifie":true,"name":"CHATEAU DE KASSEREGUE","source":"Géoportail ANSTAT"}},{"type":"Feature","geometry":{"type":"Point","coordinates":[-5.632751999999925,10.43636600000002]},"properties":{"id":41814,"nom":"CHATEAUX D EAU","type":"chateau eau","district_region":null,"departement_commune":null,"verifie":true,"name":"CHATEAUX D EAU","source":"Géoportail ANSTAT"}},{"type":"Feature","geometry":{"type":"Point","coordinates":[-5.626064999999926,10.19601400000005]},"properties":{"id":41815,"nom":"CHATEAU DE ILOT 33","type":"chateau eau","district_region":null,"departement_commune":null,"verifie":true,"name":"CHATEAU DE ILOT 33","source":"Géoportail ANSTAT"}},{"type":"Feature","geometry":{"type":"Point","coordinates":[-7.166280999999969,4.563503000000026]},"properties":{"id":41816,"nom":"CHATEAUX D EAU","type":"chateau eau","district_region":null,"departement_commune":null,"verifie":true,"name":"CHATEAUX D EAU","source":"Géoportail ANSTAT"}},{"type":"Feature","geometry":{"type":"Point","coordinates":[-7.187618999999927,4.55603700000006]},"properties":{"id":41817,"nom":"CHATEAU DU VILLAGE","type":"chateau eau","district_region":null,"departement_commune":null,"verifie":true,"name":"CHATEAU DU VILLAGE","source":"Géoportail ANSTAT"}},{"type":"Feature","geometry":{"type":"Point","coordinates":[-6.671318999999926,4.782829000000049]},"properties":{"id":41818,"nom":"CHATEAUX D EAU","type":"chateau eau","district_region":null,"departement_commune":null,"verifie":true,"name":"CHATEAUX D EAU","source":"Géoportail ANSTAT"}},{"type":"Feature","geometry":{"type":"Point","coordinates":[-6.65346999999997,5.078031000000067]},"properties":{"id":41819,"nom":"CHATEAU V5","type":"chateau eau","district_region":null,"departement_commune":null,"verifie":true,"name":"CHATEAU V5","source":"Géoportail ANSTAT"}},{"type":"Feature","geometry":{"type":"Point","coordinates":[-6.702515999999946,5.084658000000047]},"properties":{"id":41820,"nom":"CHATEAU EAU SAPH V4","type":"chateau eau","district_region":null,"departement_commune":null,"verifie":true,"name":"CHATEAU EAU SAPH V4","source":"Géoportail ANSTAT"}},{"type":"Feature","geometry":{"type":"Point","coordinates":[-6.727100999999948,5.13301800000005]},"properties":{"id":41821,"nom":"CHATEAU DEAU DE V1","type":"chateau eau","district_region":null,"departement_commune":null,"verifie":true,"name":"CHATEAU DEAU DE V1","source":"Géoportail ANSTAT"}},{"type":"Feature","geometry":{"type":"Point","coordinates":[-6.740697999999952,5.089742000000058]},"properties":{"id":41822,"nom":"CHATEAU DE V3","type":"chateau eau","district_region":null,"departement_commune":null,"verifie":true,"name":"CHATEAU DE V3","source":"Géoportail ANSTAT"}},{"type":"Feature","geometry":{"type":"Point","coordinates":[-6.841163999999935,4.762388000000044]},"properties":{"id":41823,"nom":"CHATEAU DEAU DE ADJAMENE","type":"chateau eau","district_region":null,"departement_commune":null,"verifie":true,"name":"CHATEAU DEAU DE ADJAMENE","source":"Géoportail ANSTAT"}},{"type":"Feature","geometry":{"type":"Point","coordinates":[-7.027307999999948,4.748898000000054]},"properties":{"id":41824,"nom":"CHATEAUX D EAU","type":"chateau eau","district_region":null,"departement_commune":null,"verifie":true,"name":"CHATEAUX D EAU","source":"Géoportail ANSTAT"}},{"type":"Feature","geometry":{"type":"Point","coordinates":[-7.395328999999947,4.735304000000042]},"properties":{"id":41825,"nom":"CHATEAU IBOKE V1","type":"chateau eau","district_region":null,"departement_commune":null,"verifie":true,"name":"CHATEAU IBOKE V1","source":"Géoportail ANSTAT"}},{"type":"Feature","geometry":{"type":"Point","coordinates":[-7.492159999999956,4.731229000000042]},"properties":{"id":41826,"nom":"CHATEAU DEAU","type":"chateau eau","district_region":null,"departement_commune":null,"verifie":true,"name":"CHATEAU DEAU","source":"Géoportail ANSTAT"}},{"type":"Feature","geometry":{"type":"Point","coordinates":[-7.414320999999973,4.687635000000057]},"properties":{"id":41827,"nom":"CHATEAU D EAU IBOKE V2","type":"chateau eau","district_region":null,"departement_commune":null,"verifie":true,"name":"CHATEAU D EAU IBOKE V2","source":"Géoportail ANSTAT"}},{"type":"Feature","geometry":{"type":"Point","coordinates":[-7.512853999999948,4.562408000000062]},"properties":{"id":41828,"nom":"CHATEAU EAU","type":"chateau eau","district_region":null,"departement_commune":null,"verifie":true,"name":"CHATEAU EAU","source":"Géoportail ANSTAT"}},{"type":"Feature","geometry":{"type":"Point","coordinates":[-7.460931999999957,4.800695000000076]},"properties":{"id":41829,"nom":"CHATEAU DEAU","type":"chateau eau","district_region":null,"departement_commune":null,"verifie":true,"name":"CHATEAU DEAU","source":"Géoportail ANSTAT"}},{"type":"Feature","geometry":{"type":"Point","coordinates":[-7.400642999999945,5.23510600000003]},"properties":{"id":41830,"nom":"CHATEAU D EAU V2","type":"chateau eau","district_region":null,"departement_commune":null,"verifie":true,"name":"CHATEAU D EAU V2","source":"Géoportail ANSTAT"}},{"type":"Feature","geometry":{"type":"Point","coordinates":[-7.391411999999946,5.244547000000068]},"properties":{"id":41831,"nom":"CHATEAUX D EAU CADRE","type":"chateau eau","district_region":null,"departement_commune":null,"verifie":true,"name":"CHATEAUX D EAU CADRE","source":"Géoportail ANSTAT"}},{"type":"Feature","geometry":{"type":"Point","coordinates":[-7.503749999999968,4.918946000000062]},"properties":{"id":41832,"nom":"CHATEAU DEAU DE GRABO","type":"chateau eau","district_region":null,"departement_commune":null,"verifie":true,"name":"CHATEAU DEAU DE GRABO","source":"Géoportail ANSTAT"}},{"type":"Feature","geometry":{"type":"Point","coordinates":[-6.587847999999951,5.135997000000032]},"properties":{"id":41833,"nom":"CHATEAU D ESCASO","type":"chateau eau","district_region":null,"departement_commune":null,"verifie":true,"name":"CHATEAU D ESCASO","source":"Géoportail ANSTAT"}},{"type":"Feature","geometry":{"type":"Point","coordinates":[-7.512028999999927,4.975492000000031]},"properties":{"id":41834,"nom":"CHATEAUX D EAU","type":"chateau eau","district_region":null,"departement_commune":null,"verifie":true,"name":"CHATEAUX D EAU","source":"Géoportail ANSTAT"}},{"type":"Feature","geometry":{"type":"Point","coordinates":[-5.707073999999977,9.399245000000064]},"properties":{"id":41835,"nom":"CHATEAU DE KENIFONKAHA","type":"chateau eau","district_region":null,"departement_commune":null,"verifie":true,"name":"CHATEAU DE KENIFONKAHA","source":"Géoportail ANSTAT"}},{"type":"Feature","geometry":{"type":"Point","coordinates":[-6.207414999999969,9.331476000000066]},"properties":{"id":41836,"nom":"CHATEAUX D EAU","type":"chateau eau","district_region":null,"departement_commune":null,"verifie":true,"name":"CHATEAUX D EAU","source":"Géoportail ANSTAT"}},{"type":"Feature","geometry":{"type":"Point","coordinates":[-5.827597999999966,9.816309000000048]},"properties":{"id":41837,"nom":"CHATEAU DEAU","type":"chateau eau","district_region":null,"departement_commune":null,"verifie":true,"name":"CHATEAU DEAU","source":"Géoportail ANSTAT"}},{"type":"Feature","geometry":{"type":"Point","coordinates":[-5.729668999999944,9.895919000000047]},"properties":{"id":41838,"nom":"CHATEAUX D EAU","type":"chateau eau","district_region":null,"departement_commune":null,"verifie":true,"name":"CHATEAUX D EAU","source":"Géoportail ANSTAT"}},{"type":"Feature","geometry":{"type":"Point","coordinates":[-5.902543999999978,9.96017100000006]},"properties":{"id":41839,"nom":"CHATEAUX D EAU","type":"chateau eau","district_region":null,"departement_commune":null,"verifie":true,"name":"CHATEAUX D EAU","source":"Géoportail ANSTAT"}},{"type":"Feature","geometry":{"type":"Point","coordinates":[-6.069553999999926,10.13836600000008]},"properties":{"id":41840,"nom":"CHATEAUX D EAU","type":"chateau eau","district_region":null,"departement_commune":null,"verifie":true,"name":"CHATEAUX D EAU","source":"Géoportail ANSTAT"}},{"type":"Feature","geometry":{"type":"Point","coordinates":[-6.132138999999938,10.14749200000006]},"properties":{"id":41841,"nom":"CHATEAU DEAU","type":"chateau eau","district_region":null,"departement_commune":null,"verifie":true,"name":"CHATEAU DEAU","source":"Géoportail ANSTAT"}},{"type":"Feature","geometry":{"type":"Point","coordinates":[-5.867908999999941,10.22051300000004]},"properties":{"id":41842,"nom":"CHATEAU DE BOUGOU","type":"chateau eau","district_region":null,"departement_commune":null,"verifie":true,"name":"CHATEAU DE BOUGOU","source":"Géoportail ANSTAT"}},{"type":"Feature","geometry":{"type":"Point","coordinates":[-5.738128999999958,9.49165000000005]},"properties":{"id":41843,"nom":"CHATEAU D EAU DE NANGASSEREGUE","type":"chateau eau","district_region":null,"departement_commune":null,"verifie":true,"name":"CHATEAU D EAU DE NANGASSEREGUE","source":"Géoportail ANSTAT"}},{"type":"Feature","geometry":{"type":"Point","coordinates":[-5.60603599999996,9.461457000000053]},"properties":{"id":41844,"nom":"CHATEAUX","type":"chateau eau","district_region":null,"departement_commune":null,"verifie":true,"name":"CHATEAUX","source":"Géoportail ANSTAT"}},{"type":"Feature","geometry":{"type":"Point","coordinates":[-5.591011999999978,9.561005000000025]},"properties":{"id":41845,"nom":"CHATEAU D EAU DE LATAHA","type":"chateau eau","district_region":null,"departement_commune":null,"verifie":true,"name":"CHATEAU D EAU DE LATAHA","source":"Géoportail ANSTAT"}},{"type":"Feature","geometry":{"type":"Point","coordinates":[-5.64897899999994,9.656471000000067]},"properties":{"id":41846,"nom":"CHATEAU DE TAWARA","type":"chateau eau","district_region":null,"departement_commune":null,"verifie":true,"name":"CHATEAU DE TAWARA","source":"Géoportail ANSTAT"}},{"type":"Feature","geometry":{"type":"Point","coordinates":[-5.596108999999956,9.442556000000025]},"properties":{"id":41847,"nom":"CHATEAUX D EAU","type":"chateau eau","district_region":null,"departement_commune":null,"verifie":true,"name":"CHATEAUX D EAU","source":"Géoportail ANSTAT"}},{"type":"Feature","geometry":{"type":"Point","coordinates":[-5.624091999999962,9.65516400000007]},"properties":{"id":41848,"nom":"CHATEAU D EAU POTABLE","type":"chateau eau","district_region":null,"departement_commune":null,"verifie":true,"name":"CHATEAU D EAU POTABLE","source":"Géoportail ANSTAT"}},{"type":"Feature","geometry":{"type":"Point","coordinates":[-5.528197999999975,9.567615000000046]},"properties":{"id":41850,"nom":"CHATEAU EAU","type":"chateau eau","district_region":null,"departement_commune":null,"verifie":true,"name":"CHATEAU EAU","source":"Géoportail ANSTAT"}},{"type":"Feature","geometry":{"type":"Point","coordinates":[-5.750620999999967,8.619830000000036]},"properties":{"id":41851,"nom":"CHATEAU GONFLABLE","type":"chateau eau","district_region":null,"departement_commune":null,"verifie":true,"name":"CHATEAU GONFLABLE","source":"Géoportail ANSTAT"}},{"type":"Feature","geometry":{"type":"Point","coordinates":[-5.639138999999943,9.360922000000071]},"properties":{"id":41852,"nom":"CHATEAU D EAU DE TIORONIARADOUGOU","type":"chateau eau","district_region":null,"departement_commune":null,"verifie":true,"name":"CHATEAU D EAU DE TIORONIARADOUGOU","source":"Géoportail ANSTAT"}},{"type":"Feature","geometry":{"type":"Point","coordinates":[-5.410266999999976,9.496475000000032]},"properties":{"id":41853,"nom":"CHATEAUX D EAU","type":"chateau eau","district_region":null,"departement_commune":null,"verifie":true,"name":"CHATEAUX D EAU","source":"Géoportail ANSTAT"}},{"type":"Feature","geometry":{"type":"Point","coordinates":[-5.424333999999931,9.545104000000038]},"properties":{"id":41854,"nom":"CHATEAU D EAU DE OUOLO","type":"chateau eau","district_region":null,"departement_commune":null,"verifie":true,"name":"CHATEAU D EAU DE OUOLO","source":"Géoportail ANSTAT"}},{"type":"Feature","geometry":{"type":"Point","coordinates":[-5.525291999999979,9.389108000000022]},"properties":{"id":41855,"nom":"CHATEAUX D EAU","type":"chateau eau","district_region":null,"departement_commune":null,"verifie":true,"name":"CHATEAUX D EAU","source":"Géoportail ANSTAT"}},{"type":"Feature","geometry":{"type":"Point","coordinates":[-5.579862999999932,9.287232000000074]},"properties":{"id":41856,"nom":"CHATEAU DEAU","type":"chateau eau","district_region":null,"departement_commune":null,"verifie":true,"name":"CHATEAU DEAU","source":"Géoportail ANSTAT"}},{"type":"Feature","geometry":{"type":"Point","coordinates":[-6.725838999999951,5.812326000000041]},"properties":{"id":41857,"nom":"CHATEAUX","type":"chateau eau","district_region":null,"departement_commune":null,"verifie":true,"name":"CHATEAUX","source":"Géoportail ANSTAT"}},{"type":"Feature","geometry":{"type":"Point","coordinates":[-6.631298999999956,5.628191000000072]},"properties":{"id":41858,"nom":"CHATEAUX D EAU","type":"chateau eau","district_region":null,"departement_commune":null,"verifie":true,"name":"CHATEAUX D EAU","source":"Géoportail ANSTAT"}},{"type":"Feature","geometry":{"type":"Point","coordinates":[-6.521054999999933,5.353116000000057]},"properties":{"id":41859,"nom":"CHATEAUX D EAU","type":"chateau eau","district_region":null,"departement_commune":null,"verifie":true,"name":"CHATEAUX D EAU","source":"Géoportail ANSTAT"}},{"type":"Feature","geometry":{"type":"Point","coordinates":[-6.523383999999965,5.318819000000076]},"properties":{"id":41860,"nom":"CHATEAUX D EAU","type":"chateau eau","district_region":null,"departement_commune":null,"verifie":true,"name":"CHATEAUX D EAU","source":"Géoportail ANSTAT"}},{"type":"Feature","geometry":{"type":"Point","coordinates":[-6.600157999999965,5.954392000000041]},"properties":{"id":41861,"nom":"CHATEAU DE SODECI","type":"chateau eau","district_region":null,"departement_commune":null,"verifie":true,"name":"CHATEAU DE SODECI","source":"Géoportail ANSTAT"}},{"type":"Feature","geometry":{"type":"Point","coordinates":[-6.538016999999968,6.11334800000003]},"properties":{"id":41862,"nom":"CHATEAU DE GRAND ZATTRY","type":"chateau eau","district_region":null,"departement_commune":null,"verifie":true,"name":"CHATEAU DE GRAND ZATTRY","source":"Géoportail ANSTAT"}},{"type":"Feature","geometry":{"type":"Point","coordinates":[-7.012437999999975,6.249544000000071]},"properties":{"id":41863,"nom":"CHATEAU DEAU DE BUYO","type":"chateau eau","district_region":null,"departement_commune":null,"verifie":true,"name":"CHATEAU DEAU DE BUYO","source":"Géoportail ANSTAT"}},{"type":"Feature","geometry":{"type":"Point","coordinates":[-6.216315999999949,5.69657600000005]},"properties":{"id":41864,"nom":"CHATEAU DEAU","type":"chateau eau","district_region":null,"departement_commune":null,"verifie":true,"name":"CHATEAU DEAU","source":"Géoportail ANSTAT"}},{"type":"Feature","geometry":{"type":"Point","coordinates":[-4.28668099999993,6.359382000000039]},"properties":{"id":41865,"nom":"CHATEAU D EAU DE TIEKOU CARREFOUR","type":"chateau eau","district_region":null,"departement_commune":null,"verifie":true,"name":"CHATEAU D EAU DE TIEKOU CARREFOUR","source":"Géoportail ANSTAT"}},{"type":"Feature","geometry":{"type":"Point","coordinates":[-4.158951999999942,6.520734000000061]},"properties":{"id":41866,"nom":"CHATEAUX D EAU","type":"chateau eau","district_region":null,"departement_commune":null,"verifie":true,"name":"CHATEAUX D EAU","source":"Géoportail ANSTAT"}},{"type":"Feature","geometry":{"type":"Point","coordinates":[-4.27397899999994,6.580374000000063]},"properties":{"id":41867,"nom":"CHATEAU D EAU DE MBACESSOU","type":"chateau eau","district_region":null,"departement_commune":null,"verifie":true,"name":"CHATEAU D EAU DE MBACESSOU","source":"Géoportail ANSTAT"}},{"type":"Feature","geometry":{"type":"Point","coordinates":[-4.51594799999998,6.341293000000064]},"properties":{"id":41868,"nom":"CHATEAUX D EAU","type":"chateau eau","district_region":null,"departement_commune":null,"verifie":true,"name":"CHATEAUX D EAU","source":"Géoportail ANSTAT"}},{"type":"Feature","geometry":{"type":"Point","coordinates":[-4.471192999999971,6.670958000000041]},"properties":{"id":41869,"nom":"CHATEAU DEAU","type":"chateau eau","district_region":null,"departement_commune":null,"verifie":true,"name":"CHATEAU DEAU","source":"Géoportail ANSTAT"}},{"type":"Feature","geometry":{"type":"Point","coordinates":[-4.111092999999926,6.752056000000039]},"properties":{"id":41871,"nom":"CHATEAU DEAU","type":"chateau eau","district_region":null,"departement_commune":null,"verifie":true,"name":"CHATEAU DEAU","source":"Géoportail ANSTAT"}},{"type":"Feature","geometry":{"type":"Point","coordinates":[-4.084173999999962,6.781934000000035]},"properties":{"id":41872,"nom":"CHATEAUX D EAU","type":"chateau eau","district_region":null,"departement_commune":null,"verifie":true,"name":"CHATEAUX D EAU","source":"Géoportail ANSTAT"}},{"type":"Feature","geometry":{"type":"Point","coordinates":[-4.055780999999968,6.91110800000007]},"properties":{"id":41873,"nom":"CHATEAU DEAU DE BROU APKAOUSSOU","type":"chateau eau","district_region":null,"departement_commune":null,"verifie":true,"name":"CHATEAU DEAU DE BROU APKAOUSSOU","source":"Géoportail ANSTAT"}},{"type":"Feature","geometry":{"type":"Point","coordinates":[-4.302179999999964,6.637355000000071]},"properties":{"id":41874,"nom":"CHATEAU D EAU DE N GUESSANKRO","type":"chateau eau","district_region":null,"departement_commune":null,"verifie":true,"name":"CHATEAU D EAU DE N GUESSANKRO","source":"Géoportail ANSTAT"}},{"type":"Feature","geometry":{"type":"Point","coordinates":[-4.288848999999971,6.769261000000029]},"properties":{"id":41875,"nom":"CHATEAUX D EAU","type":"chateau eau","district_region":null,"departement_commune":null,"verifie":true,"name":"CHATEAUX D EAU","source":"Géoportail ANSTAT"}},{"type":"Feature","geometry":{"type":"Point","coordinates":[-4.28607999999997,6.702208000000041]},"properties":{"id":41876,"nom":"CHATEAUX D EAU","type":"chateau eau","district_region":null,"departement_commune":null,"verifie":true,"name":"CHATEAUX D EAU","source":"Géoportail ANSTAT"}},{"type":"Feature","geometry":{"type":"Point","coordinates":[-4.157835999999975,6.752346000000045]},"properties":{"id":41877,"nom":"CHATEAUX D EAU","type":"chateau eau","district_region":null,"departement_commune":null,"verifie":true,"name":"CHATEAUX D EAU","source":"Géoportail ANSTAT"}},{"type":"Feature","geometry":{"type":"Point","coordinates":[-4.082480999999973,6.863504000000034]},"properties":{"id":41878,"nom":"CHATEAUX","type":"chateau eau","district_region":null,"departement_commune":null,"verifie":true,"name":"CHATEAUX","source":"Géoportail ANSTAT"}},{"type":"Feature","geometry":{"type":"Point","coordinates":[-4.445120999999972,6.487502000000063]},"properties":{"id":41879,"nom":"CHATEAUX D EAU D ANGAMANKRO","type":"chateau eau","district_region":null,"departement_commune":null,"verifie":true,"name":"CHATEAUX D EAU D ANGAMANKRO","source":"Géoportail ANSTAT"}},{"type":"Feature","geometry":{"type":"Point","coordinates":[-4.344200999999941,6.704365000000053]},"properties":{"id":41880,"nom":"CHATEAU DEAU","type":"chateau eau","district_region":null,"departement_commune":null,"verifie":true,"name":"CHATEAU DEAU","source":"Géoportail ANSTAT"}},{"type":"Feature","geometry":{"type":"Point","coordinates":[-4.234368999999958,6.612941000000035]},"properties":{"id":41881,"nom":"CHATEAUX D AKAKRO","type":"chateau eau","district_region":null,"departement_commune":null,"verifie":true,"name":"CHATEAUX D AKAKRO","source":"Géoportail ANSTAT"}},{"type":"Feature","geometry":{"type":"Point","coordinates":[-4.657971999999972,6.45932300000004]},"properties":{"id":41882,"nom":"CHATEAUX D EAU","type":"chateau eau","district_region":null,"departement_commune":null,"verifie":true,"name":"CHATEAUX D EAU","source":"Géoportail ANSTAT"}},{"type":"Feature","geometry":{"type":"Point","coordinates":[-4.199544999999944,6.61705500000005]},"properties":{"id":41883,"nom":"CHATEAU DEAU","type":"chateau eau","district_region":null,"departement_commune":null,"verifie":true,"name":"CHATEAU DEAU","source":"Géoportail ANSTAT"}},{"type":"Feature","geometry":{"type":"Point","coordinates":[-7.040679999999952,7.481375000000071]},"properties":{"id":41884,"nom":"CHATEAU D EAU KANEBLY","type":"chateau eau","district_region":null,"departement_commune":null,"verifie":true,"name":"CHATEAU D EAU KANEBLY","source":"Géoportail ANSTAT"}},{"type":"Feature","geometry":{"type":"Point","coordinates":[-7.458853999999974,7.282931000000076]},"properties":{"id":41885,"nom":"CHATEAU DE PIANDROU OULAYABLI","type":"chateau eau","district_region":null,"departement_commune":null,"verifie":true,"name":"CHATEAU DE PIANDROU OULAYABLI","source":"Géoportail ANSTAT"}},{"type":"Feature","geometry":{"type":"Point","coordinates":[-7.135978999999963,7.478611000000058]},"properties":{"id":41886,"nom":"CHATEAU PHAM","type":"chateau eau","district_region":null,"departement_commune":null,"verifie":true,"name":"CHATEAU PHAM","source":"Géoportail ANSTAT"}},{"type":"Feature","geometry":{"type":"Point","coordinates":[-7.209754999999973,7.325076000000024]},"properties":{"id":41887,"nom":"CHATEAUX D EAU","type":"chateau eau","district_region":null,"departement_commune":null,"verifie":true,"name":"CHATEAUX D EAU","source":"Géoportail ANSTAT"}},{"type":"Feature","geometry":{"type":"Point","coordinates":[-7.235181999999952,7.365147000000036]},"properties":{"id":41888,"nom":"CHATEAU D EAU DU VILLAGE","type":"chateau eau","district_region":null,"departement_commune":null,"verifie":true,"name":"CHATEAU D EAU DU VILLAGE","source":"Géoportail ANSTAT"}},{"type":"Feature","geometry":{"type":"Point","coordinates":[-7.33449399999995,7.314389000000062]},"properties":{"id":41889,"nom":"CHATEAUX D EAU","type":"chateau eau","district_region":null,"departement_commune":null,"verifie":true,"name":"CHATEAUX D EAU","source":"Géoportail ANSTAT"}},{"type":"Feature","geometry":{"type":"Point","coordinates":[-7.799969999999973,6.978590000000054]},"properties":{"id":41890,"nom":"CHATEAU DEAU DE ZOU","type":"chateau eau","district_region":null,"departement_commune":null,"verifie":true,"name":"CHATEAU DEAU DE ZOU","source":"Géoportail ANSTAT"}},{"type":"Feature","geometry":{"type":"Point","coordinates":[-7.436000999999976,7.05720800000006]},"properties":{"id":41891,"nom":"CHATEAUX D EAU","type":"chateau eau","district_region":null,"departement_commune":null,"verifie":true,"name":"CHATEAUX D EAU","source":"Géoportail ANSTAT"}},{"type":"Feature","geometry":{"type":"Point","coordinates":[-7.178183999999931,7.132646000000022]},"properties":{"id":41892,"nom":"CHATEAUX D EAU","type":"chateau eau","district_region":null,"departement_commune":null,"verifie":true,"name":"CHATEAUX D EAU","source":"Géoportail ANSTAT"}},{"type":"Feature","geometry":{"type":"Point","coordinates":[-7.399689999999964,6.958745000000022]},"properties":{"id":41893,"nom":"CHATEAU DEAU","type":"chateau eau","district_region":null,"departement_commune":null,"verifie":true,"name":"CHATEAU DEAU","source":"Géoportail ANSTAT"}},{"type":"Feature","geometry":{"type":"Point","coordinates":[-7.342082999999946,6.672462000000053]},"properties":{"id":41894,"nom":"CHATEAU DEAU","type":"chateau eau","district_region":null,"departement_commune":null,"verifie":true,"name":"CHATEAU DEAU","source":"Géoportail ANSTAT"}},{"type":"Feature","geometry":{"type":"Point","coordinates":[-4.726625999999953,5.319705000000056]},"properties":{"id":41895,"nom":"CHATEAU DE TIEGBA P I","type":"chateau eau","district_region":null,"departement_commune":null,"verifie":true,"name":"CHATEAU DE TIEGBA P I","source":"Géoportail ANSTAT"}},{"type":"Feature","geometry":{"type":"Point","coordinates":[-4.699122999999929,5.214190000000031]},"properties":{"id":41896,"nom":"CHATEAU DE TEFFREDJI","type":"chateau eau","district_region":null,"departement_commune":null,"verifie":true,"name":"CHATEAU DE TEFFREDJI","source":"Géoportail ANSTAT"}},{"type":"Feature","geometry":{"type":"Point","coordinates":[-4.615913999999975,5.251475000000028]},"properties":{"id":41897,"nom":"CHATEAU D EAU DE NIGUI SAFF QUARTIER TCHADJACHRE","type":"chateau eau","district_region":null,"departement_commune":null,"verifie":true,"name":"CHATEAU D EAU DE NIGUI SAFF QUARTIER TCHADJACHRE","source":"Géoportail ANSTAT"}},{"type":"Feature","geometry":{"type":"Point","coordinates":[-4.565305999999964,5.186783000000048]},"properties":{"id":41898,"nom":"CHATEAUX D ADJACOUTIE","type":"chateau eau","district_region":null,"departement_commune":null,"verifie":true,"name":"CHATEAUX D ADJACOUTIE","source":"Géoportail ANSTAT"}},{"type":"Feature","geometry":{"type":"Point","coordinates":[-4.356154999999944,5.211181000000067]},"properties":{"id":41899,"nom":"CHATEAU DEAU DE AKROU","type":"chateau eau","district_region":null,"departement_commune":null,"verifie":true,"name":"CHATEAU DEAU DE AKROU","source":"Géoportail ANSTAT"}},{"type":"Feature","geometry":{"type":"Point","coordinates":[-4.237349999999935,5.265878000000043]},"properties":{"id":41900,"nom":"CHATEAU D EAU DE NDJEM","type":"chateau eau","district_region":null,"departement_commune":null,"verifie":true,"name":"CHATEAU D EAU DE NDJEM","source":"Géoportail ANSTAT"}},{"type":"Feature","geometry":{"type":"Point","coordinates":[-5.356753999999967,5.121499000000028]},"properties":{"id":41901,"nom":"CHATEAU DEBOUNOU","type":"chateau eau","district_region":null,"departement_commune":null,"verifie":true,"name":"CHATEAU DEBOUNOU","source":"Géoportail ANSTAT"}},{"type":"Feature","geometry":{"type":"Point","coordinates":[-4.643553999999938,5.259495000000072]},"properties":{"id":41902,"nom":"CHATEAUX  D EAU","type":"chateau eau","district_region":null,"departement_commune":null,"verifie":true,"name":"CHATEAUX  D EAU","source":"Géoportail ANSTAT"}},{"type":"Feature","geometry":{"type":"Point","coordinates":[-4.593489999999974,5.283371000000045]},"properties":{"id":41903,"nom":"CHATEAUX D EAU","type":"chateau eau","district_region":null,"departement_commune":null,"verifie":true,"name":"CHATEAUX D EAU","source":"Géoportail ANSTAT"}},{"type":"Feature","geometry":{"type":"Point","coordinates":[-4.61220499999996,5.28202200000004]},"properties":{"id":41904,"nom":"CHATEAU D EAU DE NIGUINANOU","type":"chateau eau","district_region":null,"departement_commune":null,"verifie":true,"name":"CHATEAU D EAU DE NIGUINANOU","source":"Géoportail ANSTAT"}},{"type":"Feature","geometry":{"type":"Point","coordinates":[-4.598578999999972,5.426053000000024]},"properties":{"id":41905,"nom":"CHATEAU DEAU","type":"chateau eau","district_region":null,"departement_commune":null,"verifie":true,"name":"CHATEAU DEAU","source":"Géoportail ANSTAT"}},{"type":"Feature","geometry":{"type":"Point","coordinates":[-4.542299999999955,5.396971000000065]},"properties":{"id":41906,"nom":"CHATEAU D EAU DE OKPOYOU","type":"chateau eau","district_region":null,"departement_commune":null,"verifie":true,"name":"CHATEAU D EAU DE OKPOYOU","source":"Géoportail ANSTAT"}},{"type":"Feature","geometry":{"type":"Point","coordinates":[-4.51012499999996,5.407439000000068]},"properties":{"id":41907,"nom":"CHATEAUX D EAU","type":"chateau eau","district_region":null,"departement_commune":null,"verifie":true,"name":"CHATEAUX D EAU","source":"Géoportail ANSTAT"}},{"type":"Feature","geometry":{"type":"Point","coordinates":[-4.394216999999969,5.36779000000007]},"properties":{"id":41908,"nom":"CHATEAUX","type":"chateau eau","district_region":null,"departement_commune":null,"verifie":true,"name":"CHATEAUX","source":"Géoportail ANSTAT"}},{"type":"Feature","geometry":{"type":"Point","coordinates":[-4.465733999999941,5.320220000000063]},"properties":{"id":41909,"nom":"CHATEAUX D EAU","type":"chateau eau","district_region":null,"departement_commune":null,"verifie":true,"name":"CHATEAUX D EAU","source":"Géoportail ANSTAT"}},{"type":"Feature","geometry":{"type":"Point","coordinates":[-4.496921999999927,5.318119000000024]},"properties":{"id":41910,"nom":"CHATEAU NON FONCTIONNEL","type":"chateau eau","district_region":null,"departement_commune":null,"verifie":true,"name":"CHATEAU NON FONCTIONNEL","source":"Géoportail ANSTAT"}},{"type":"Feature","geometry":{"type":"Point","coordinates":[-4.517446999999947,5.301846000000069]},"properties":{"id":41911,"nom":"CHATEAUX D EAU","type":"chateau eau","district_region":null,"departement_commune":null,"verifie":true,"name":"CHATEAUX D EAU","source":"Géoportail ANSTAT"}},{"type":"Feature","geometry":{"type":"Point","coordinates":[-4.485906999999941,5.297417000000053]},"properties":{"id":41912,"nom":"CHATEAU DEAU TIAHA","type":"chateau eau","district_region":null,"departement_commune":null,"verifie":true,"name":"CHATEAU DEAU TIAHA","source":"Géoportail ANSTAT"}},{"type":"Feature","geometry":{"type":"Point","coordinates":[-4.344513999999947,5.293554000000029]},"properties":{"id":41913,"nom":"CHATEAU D EAU DE NGATTY","type":"chateau eau","district_region":null,"departement_commune":null,"verifie":true,"name":"CHATEAU D EAU DE NGATTY","source":"Géoportail ANSTAT"}},{"type":"Feature","geometry":{"type":"Point","coordinates":[-4.462093999999979,5.343296000000066]},"properties":{"id":41914,"nom":"CHATEAU EAU","type":"chateau eau","district_region":null,"departement_commune":null,"verifie":true,"name":"CHATEAU EAU","source":"Géoportail ANSTAT"}},{"type":"Feature","geometry":{"type":"Point","coordinates":[-4.661762999999951,5.352514000000042]},"properties":{"id":41915,"nom":"CHATEAUX D EAU","type":"chateau eau","district_region":null,"departement_commune":null,"verifie":true,"name":"CHATEAUX D EAU","source":"Géoportail ANSTAT"}},{"type":"Feature","geometry":{"type":"Point","coordinates":[-4.659416999999962,5.319112000000075]},"properties":{"id":41916,"nom":"CHATEAUX D EAU","type":"chateau eau","district_region":null,"departement_commune":null,"verifie":true,"name":"CHATEAUX D EAU","source":"Géoportail ANSTAT"}},{"type":"Feature","geometry":{"type":"Point","coordinates":[-4.615757999999971,5.363429000000053]},"properties":{"id":41917,"nom":"CHATEAU D EAU DE VIEUX BADIEN","type":"chateau eau","district_region":null,"departement_commune":null,"verifie":true,"name":"CHATEAU D EAU DE VIEUX BADIEN","source":"Géoportail ANSTAT"}},{"type":"Feature","geometry":{"type":"Point","coordinates":[-4.59185999999994,5.368658000000039]},"properties":{"id":41918,"nom":"CHATEAU DE V2","type":"chateau eau","district_region":null,"departement_commune":null,"verifie":true,"name":"CHATEAU DE V2","source":"Géoportail ANSTAT"}},{"type":"Feature","geometry":{"type":"Point","coordinates":[-4.609183999999971,5.325351000000069]},"properties":{"id":41919,"nom":"CHATEAUX D EAU","type":"chateau eau","district_region":null,"departement_commune":null,"verifie":true,"name":"CHATEAUX D EAU","source":"Géoportail ANSTAT"}},{"type":"Feature","geometry":{"type":"Point","coordinates":[-4.558536999999944,5.353999000000044]},"properties":{"id":41920,"nom":"CHATEAU DU VILLAGE V1","type":"chateau eau","district_region":null,"departement_commune":null,"verifie":true,"name":"CHATEAU DU VILLAGE V1","source":"Géoportail ANSTAT"}},{"type":"Feature","geometry":{"type":"Point","coordinates":[-4.385569999999973,5.328983000000051]},"properties":{"id":41921,"nom":"CHATEAU D EAU DU CSP","type":"chateau eau","district_region":null,"departement_commune":null,"verifie":true,"name":"CHATEAU D EAU DU CSP","source":"Géoportail ANSTAT"}},{"type":"Feature","geometry":{"type":"Point","coordinates":[-4.434201999999971,5.404001000000051]},"properties":{"id":41922,"nom":"CHATEAUX D EAU","type":"chateau eau","district_region":null,"departement_commune":null,"verifie":true,"name":"CHATEAUX D EAU","source":"Géoportail ANSTAT"}},{"type":"Feature","geometry":{"type":"Point","coordinates":[-4.442967999999951,5.39345000000003]},"properties":{"id":41923,"nom":"CHATEAUX D EAU","type":"chateau eau","district_region":null,"departement_commune":null,"verifie":true,"name":"CHATEAUX D EAU","source":"Géoportail ANSTAT"}},{"type":"Feature","geometry":{"type":"Point","coordinates":[-5.759707999999932,6.193508000000065]},"properties":{"id":41924,"nom":"CHATEAU EAU PAYOPA","type":"chateau eau","district_region":null,"departement_commune":null,"verifie":true,"name":"CHATEAU EAU PAYOPA","source":"Géoportail ANSTAT"}},{"type":"Feature","geometry":{"type":"Point","coordinates":[-5.787275999999963,6.188482000000022]},"properties":{"id":41925,"nom":"CHATEAU EAU LOGOBIA","type":"chateau eau","district_region":null,"departement_commune":null,"verifie":true,"name":"CHATEAU EAU LOGOBIA","source":"Géoportail ANSTAT"}},{"type":"Feature","geometry":{"type":"Point","coordinates":[-5.931055999999955,5.986163000000033]},"properties":{"id":41926,"nom":"CHATEAUX D EAU","type":"chateau eau","district_region":null,"departement_commune":null,"verifie":true,"name":"CHATEAUX D EAU","source":"Géoportail ANSTAT"}},{"type":"Feature","geometry":{"type":"Point","coordinates":[-5.958823999999936,6.13902900000005]},"properties":{"id":41927,"nom":"CHATEAU ODIENNEKOURANI","type":"chateau eau","district_region":null,"departement_commune":null,"verifie":true,"name":"CHATEAU ODIENNEKOURANI","source":"Géoportail ANSTAT"}},{"type":"Feature","geometry":{"type":"Point","coordinates":[-6.14326699999998,6.26890700000007]},"properties":{"id":41928,"nom":"CHATEAU TAKOA","type":"chateau eau","district_region":null,"departement_commune":null,"verifie":true,"name":"CHATEAU TAKOA","source":"Géoportail ANSTAT"}},{"type":"Feature","geometry":{"type":"Point","coordinates":[-5.824205999999947,6.397720000000049]},"properties":{"id":41929,"nom":"CHATEAUX D EAU","type":"chateau eau","district_region":null,"departement_commune":null,"verifie":true,"name":"CHATEAUX D EAU","source":"Géoportail ANSTAT"}},{"type":"Feature","geometry":{"type":"Point","coordinates":[-5.958365999999955,6.390826000000061]},"properties":{"id":41930,"nom":"CHATEAU D EAU GBIGBIKOU","type":"chateau eau","district_region":null,"departement_commune":null,"verifie":true,"name":"CHATEAU D EAU GBIGBIKOU","source":"Géoportail ANSTAT"}},{"type":"Feature","geometry":{"type":"Point","coordinates":[-5.792996999999957,6.351965000000064]},"properties":{"id":41931,"nom":"CHATEAU SOLAIRE","type":"chateau eau","district_region":null,"departement_commune":null,"verifie":true,"name":"CHATEAU SOLAIRE","source":"Géoportail ANSTAT"}},{"type":"Feature","geometry":{"type":"Point","coordinates":[-5.333332999999925,6.332159000000047]},"properties":{"id":41932,"nom":"CHATEAU DE DOKA","type":"chateau eau","district_region":null,"departement_commune":null,"verifie":true,"name":"CHATEAU DE DOKA","source":"Géoportail ANSTAT"}},{"type":"Feature","geometry":{"type":"Point","coordinates":[-5.348285999999973,6.429088000000036]},"properties":{"id":41933,"nom":"CHATEAUX","type":"chateau eau","district_region":null,"departement_commune":null,"verifie":true,"name":"CHATEAUX","source":"Géoportail ANSTAT"}},{"type":"Feature","geometry":{"type":"Point","coordinates":[-5.379263999999978,6.307949000000065]},"properties":{"id":41934,"nom":"CHATEAU DE GABIA","type":"chateau eau","district_region":null,"departement_commune":null,"verifie":true,"name":"CHATEAU DE GABIA","source":"Géoportail ANSTAT"}},{"type":"Feature","geometry":{"type":"Point","coordinates":[-5.559136999999964,6.425086000000022]},"properties":{"id":41935,"nom":"CHATEAU HYDROLIQUE","type":"chateau eau","district_region":null,"departement_commune":null,"verifie":true,"name":"CHATEAU HYDROLIQUE","source":"Géoportail ANSTAT"}},{"type":"Feature","geometry":{"type":"Point","coordinates":[-5.666969999999935,6.314258000000052]},"properties":{"id":41936,"nom":"CHATEAUX D EAU","type":"chateau eau","district_region":null,"departement_commune":null,"verifie":true,"name":"CHATEAUX D EAU","source":"Géoportail ANSTAT"}},{"type":"Feature","geometry":{"type":"Point","coordinates":[-6.091976999999929,4.953643000000056]},"properties":{"id":41937,"nom":"CHATEAUX D EAU","type":"chateau eau","district_region":null,"departement_commune":null,"verifie":true,"name":"CHATEAUX D EAU","source":"Géoportail ANSTAT"}},{"type":"Feature","geometry":{"type":"Point","coordinates":[-5.904923999999937,5.402793000000031]},"properties":{"id":41938,"nom":"CHATEAUX D EAU","type":"chateau eau","district_region":null,"departement_commune":null,"verifie":true,"name":"CHATEAUX D EAU","source":"Géoportail ANSTAT"}},{"type":"Feature","geometry":{"type":"Point","coordinates":[-6.170221999999967,4.905859000000021]},"properties":{"id":41939,"nom":"CHATEAU DEAU DE GODE","type":"chateau eau","district_region":null,"departement_commune":null,"verifie":true,"name":"CHATEAU DEAU DE GODE","source":"Géoportail ANSTAT"}},{"type":"Feature","geometry":{"type":"Point","coordinates":[-4.78042499999998,7.457851000000062]},"properties":{"id":41940,"nom":"CHATEAU EAU","type":"chateau eau","district_region":null,"departement_commune":null,"verifie":true,"name":"CHATEAU EAU","source":"Géoportail ANSTAT"}},{"type":"Feature","geometry":{"type":"Point","coordinates":[-4.717086999999935,7.286133000000063]},"properties":{"id":41941,"nom":"CHATEAUX","type":"chateau eau","district_region":null,"departement_commune":null,"verifie":true,"name":"CHATEAUX","source":"Géoportail ANSTAT"}},{"type":"Feature","geometry":{"type":"Point","coordinates":[-4.804953999999952,7.121211000000073]},"properties":{"id":41942,"nom":"CHATEAU DE N DA AKISSIKRO","type":"chateau eau","district_region":null,"departement_commune":null,"verifie":true,"name":"CHATEAU DE N DA AKISSIKRO","source":"Géoportail ANSTAT"}},{"type":"Feature","geometry":{"type":"Point","coordinates":[-4.853704999999934,6.330304000000069]},"properties":{"id":41943,"nom":"CHATEAUX","type":"chateau eau","district_region":null,"departement_commune":null,"verifie":true,"name":"CHATEAUX","source":"Géoportail ANSTAT"}},{"type":"Feature","geometry":{"type":"Point","coordinates":[-4.895716999999934,6.396878000000072]},"properties":{"id":41944,"nom":"CHATEAUX D EAU","type":"chateau eau","district_region":null,"departement_commune":null,"verifie":true,"name":"CHATEAUX D EAU","source":"Géoportail ANSTAT"}},{"type":"Feature","geometry":{"type":"Point","coordinates":[-4.950374999999951,7.068534000000056]},"properties":{"id":41945,"nom":"CHATEAUX D EAU","type":"chateau eau","district_region":null,"departement_commune":null,"verifie":true,"name":"CHATEAUX D EAU","source":"Géoportail ANSTAT"}},{"type":"Feature","geometry":{"type":"Point","coordinates":[-4.972988999999927,7.458863000000065]},"properties":{"id":41946,"nom":"CHATEAU D EAU KONANSUIKRO","type":"chateau eau","district_region":null,"departement_commune":null,"verifie":true,"name":"CHATEAU D EAU KONANSUIKRO","source":"Géoportail ANSTAT"}},{"type":"Feature","geometry":{"type":"Point","coordinates":[-4.967740999999933,6.32125300000007]},"properties":{"id":41947,"nom":"CHATEAUX D EAU","type":"chateau eau","district_region":null,"departement_commune":null,"verifie":true,"name":"CHATEAUX D EAU","source":"Géoportail ANSTAT"}},{"type":"Feature","geometry":{"type":"Point","coordinates":[-5.044966999999929,6.97647900000004]},"properties":{"id":41948,"nom":"CHATEAUX D EAU","type":"chateau eau","district_region":null,"departement_commune":null,"verifie":true,"name":"CHATEAUX D EAU","source":"Géoportail ANSTAT"}},{"type":"Feature","geometry":{"type":"Point","coordinates":[-5.07465899999994,7.102418000000057]},"properties":{"id":41949,"nom":"CHATEAU EAU DE NZISSIESSOU","type":"chateau eau","district_region":null,"departement_commune":null,"verifie":true,"name":"CHATEAU EAU DE NZISSIESSOU","source":"Géoportail ANSTAT"}},{"type":"Feature","geometry":{"type":"Point","coordinates":[-5.093281999999931,7.059401000000037]},"properties":{"id":41950,"nom":"CHATEAU EAU SODECI","type":"chateau eau","district_region":null,"departement_commune":null,"verifie":true,"name":"CHATEAU EAU SODECI","source":"Géoportail ANSTAT"}},{"type":"Feature","geometry":{"type":"Point","coordinates":[-5.127553999999975,7.115604000000076]},"properties":{"id":41951,"nom":"CHATEAUX D EAU","type":"chateau eau","district_region":null,"departement_commune":null,"verifie":true,"name":"CHATEAUX D EAU","source":"Géoportail ANSTAT"}},{"type":"Feature","geometry":{"type":"Point","coordinates":[-5.225517999999965,7.144147000000032]},"properties":{"id":41952,"nom":"CHATEAU SODECI","type":"chateau eau","district_region":null,"departement_commune":null,"verifie":true,"name":"CHATEAU SODECI","source":"Géoportail ANSTAT"}},{"type":"Feature","geometry":{"type":"Point","coordinates":[-5.22368199999994,6.390785000000051]},"properties":{"id":41953,"nom":"CHATEAUX D EAU","type":"chateau eau","district_region":null,"departement_commune":null,"verifie":true,"name":"CHATEAUX D EAU","source":"Géoportail ANSTAT"}},{"type":"Feature","geometry":{"type":"Point","coordinates":[-5.249031999999943,6.544603000000052]},"properties":{"id":41954,"nom":"CHATEAUX D EAU","type":"chateau eau","district_region":null,"departement_commune":null,"verifie":true,"name":"CHATEAUX D EAU","source":"Géoportail ANSTAT"}},{"type":"Feature","geometry":{"type":"Point","coordinates":[-5.249049999999954,6.545128000000034]},"properties":{"id":41955,"nom":"CHATEAUX D EAU","type":"chateau eau","district_region":null,"departement_commune":null,"verifie":true,"name":"CHATEAUX D EAU","source":"Géoportail ANSTAT"}},{"type":"Feature","geometry":{"type":"Point","coordinates":[-5.268245999999976,7.223558000000025]},"properties":{"id":41956,"nom":"CHATEAUX D EAU","type":"chateau eau","district_region":null,"departement_commune":null,"verifie":true,"name":"CHATEAUX D EAU","source":"Géoportail ANSTAT"}},{"type":"Feature","geometry":{"type":"Point","coordinates":[-5.577263999999957,7.251463000000058]},"properties":{"id":41957,"nom":"CHATEAU DE AMANSALEKRO","type":"chateau eau","district_region":null,"departement_commune":null,"verifie":true,"name":"CHATEAU DE AMANSALEKRO","source":"Géoportail ANSTAT"}},{"type":"Feature","geometry":{"type":"Point","coordinates":[-4.900607999999977,7.130436000000032]},"properties":{"id":41958,"nom":"CHATEAU D EAU DIDIEVI","type":"chateau eau","district_region":null,"departement_commune":null,"verifie":true,"name":"CHATEAU D EAU DIDIEVI","source":"Géoportail ANSTAT"}},{"type":"Feature","geometry":{"type":"Point","coordinates":[-4.293376999999964,5.378191000000072]},"properties":{"id":41960,"nom":"CHATEAUX","type":"chateau eau","district_region":null,"departement_commune":null,"verifie":true,"name":"CHATEAUX","source":"Géoportail ANSTAT"}},{"type":"Feature","geometry":{"type":"Point","coordinates":[-4.247652999999957,5.354523000000029]},"properties":{"id":41961,"nom":"CHATEAUX D EAU","type":"chateau eau","district_region":null,"departement_commune":null,"verifie":true,"name":"CHATEAUX D EAU","source":"Géoportail ANSTAT"}},{"type":"Feature","geometry":{"type":"Point","coordinates":[-4.282950999999969,5.528268000000025]},"properties":{"id":41962,"nom":"CHATEAU D EAU KOSSIHOUEN","type":"chateau eau","district_region":null,"departement_commune":null,"verifie":true,"name":"CHATEAU D EAU KOSSIHOUEN","source":"Géoportail ANSTAT"}},{"type":"Feature","geometry":{"type":"Point","coordinates":[-4.303315999999938,5.559668000000045]},"properties":{"id":41963,"nom":"CHATEAU D EAUX","type":"chateau eau","district_region":null,"departement_commune":null,"verifie":true,"name":"CHATEAU D EAUX","source":"Géoportail ANSTAT"}},{"type":"Feature","geometry":{"type":"Point","coordinates":[-3.790698999999961,5.352144000000067]},"properties":{"id":41964,"nom":"CHATEAUX D EAU","type":"chateau eau","district_region":null,"departement_commune":null,"verifie":true,"name":"CHATEAUX D EAU","source":"Géoportail ANSTAT"}},{"type":"Feature","geometry":{"type":"Point","coordinates":[-3.801362999999981,5.315674000000058]},"properties":{"id":41965,"nom":"CHATEAUX D EAU","type":"chateau eau","district_region":null,"departement_commune":null,"verifie":true,"name":"CHATEAUX D EAU","source":"Géoportail ANSTAT"}},{"type":"Feature","geometry":{"type":"Point","coordinates":[-3.749418999999932,5.297012000000052]},"properties":{"id":41966,"nom":"CHATEAUX D EAU","type":"chateau eau","district_region":null,"departement_commune":null,"verifie":true,"name":"CHATEAUX D EAU","source":"Géoportail ANSTAT"}},{"type":"Feature","geometry":{"type":"Point","coordinates":[-3.854460999999958,5.310281000000032]},"properties":{"id":41967,"nom":"CHATEAUX D EAU","type":"chateau eau","district_region":null,"departement_commune":null,"verifie":true,"name":"CHATEAUX D EAU","source":"Géoportail ANSTAT"}},{"type":"Feature","geometry":{"type":"Point","coordinates":[-3.944051999999942,5.49984100000006]},"properties":{"id":41968,"nom":"CHATEAUX","type":"chateau eau","district_region":null,"departement_commune":null,"verifie":true,"name":"CHATEAUX","source":"Géoportail ANSTAT"}},{"type":"Feature","geometry":{"type":"Point","coordinates":[-2.871342999999968,7.899814000000049]},"properties":{"id":41969,"nom":"CHATEAU DEAU DE APPIMADOUM","type":"chateau eau","district_region":null,"departement_commune":null,"verifie":true,"name":"CHATEAU DEAU DE APPIMADOUM","source":"Géoportail ANSTAT"}},{"type":"Feature","geometry":{"type":"Point","coordinates":[-2.837942999999939,7.898903000000075]},"properties":{"id":41970,"nom":"CHATEAU PRIVE","type":"chateau eau","district_region":null,"departement_commune":null,"verifie":true,"name":"CHATEAU PRIVE","source":"Géoportail ANSTAT"}},{"type":"Feature","geometry":{"type":"Point","coordinates":[-2.86022399999996,7.926189000000022]},"properties":{"id":41971,"nom":"CHATEAU DEAU DE BOHI","type":"chateau eau","district_region":null,"departement_commune":null,"verifie":true,"name":"CHATEAU DEAU DE BOHI","source":"Géoportail ANSTAT"}},{"type":"Feature","geometry":{"type":"Point","coordinates":[-3.324546999999939,8.054276000000073]},"properties":{"id":41972,"nom":"CHATEAU D EAU DE SADIAHUI","type":"chateau eau","district_region":null,"departement_commune":null,"verifie":true,"name":"CHATEAU D EAU DE SADIAHUI","source":"Géoportail ANSTAT"}},{"type":"Feature","geometry":{"type":"Point","coordinates":[-2.822670999999957,8.06247200000007]},"properties":{"id":41973,"nom":"CHATEAU SOCIETE KC LAM","type":"chateau eau","district_region":null,"departement_commune":null,"verifie":true,"name":"CHATEAU SOCIETE KC LAM","source":"Géoportail ANSTAT"}},{"type":"Feature","geometry":{"type":"Point","coordinates":[-3.084109999999953,8.070637000000033]},"properties":{"id":41974,"nom":"CHATEAU DU VILLAGE","type":"chateau eau","district_region":null,"departement_commune":null,"verifie":true,"name":"CHATEAU DU VILLAGE","source":"Géoportail ANSTAT"}},{"type":"Feature","geometry":{"type":"Point","coordinates":[-2.743685999999968,8.084888000000035]},"properties":{"id":41975,"nom":"CHATEAUX D EAU","type":"chateau eau","district_region":null,"departement_commune":null,"verifie":true,"name":"CHATEAUX D EAU","source":"Géoportail ANSTAT"}},{"type":"Feature","geometry":{"type":"Point","coordinates":[-2.880827999999951,8.113505000000032]},"properties":{"id":41976,"nom":"CHATEAU D EAU QUARTIER DAKON","type":"chateau eau","district_region":null,"departement_commune":null,"verifie":true,"name":"CHATEAU D EAU QUARTIER DAKON","source":"Géoportail ANSTAT"}},{"type":"Feature","geometry":{"type":"Point","coordinates":[-3.686720999999977,8.116208000000029]},"properties":{"id":41977,"nom":"CHATEAU D EAU DE YOROBODI","type":"chateau eau","district_region":null,"departement_commune":null,"verifie":true,"name":"CHATEAU D EAU DE YOROBODI","source":"Géoportail ANSTAT"}},{"type":"Feature","geometry":{"type":"Point","coordinates":[-3.228214999999977,8.13032000000004]},"properties":{"id":41978,"nom":"CHATEAUX D EAU","type":"chateau eau","district_region":null,"departement_commune":null,"verifie":true,"name":"CHATEAUX D EAU","source":"Géoportail ANSTAT"}},{"type":"Feature","geometry":{"type":"Point","coordinates":[-3.000299999999925,8.152693000000056]},"properties":{"id":41979,"nom":"CHATEAU D EAU DE SEPINGO","type":"chateau eau","district_region":null,"departement_commune":null,"verifie":true,"name":"CHATEAU D EAU DE SEPINGO","source":"Géoportail ANSTAT"}},{"type":"Feature","geometry":{"type":"Point","coordinates":[-2.71184999999997,8.176400000000058]},"properties":{"id":41980,"nom":"CHATEAU DE GBENENI","type":"chateau eau","district_region":null,"departement_commune":null,"verifie":true,"name":"CHATEAU DE GBENENI","source":"Géoportail ANSTAT"}},{"type":"Feature","geometry":{"type":"Point","coordinates":[-2.958463999999935,7.241383000000042]},"properties":{"id":41981,"nom":"CHATEAUX D EAU","type":"chateau eau","district_region":null,"departement_commune":null,"verifie":true,"name":"CHATEAUX D EAU","source":"Géoportail ANSTAT"}},{"type":"Feature","geometry":{"type":"Point","coordinates":[-3.199663999999927,7.345360000000028]},"properties":{"id":41983,"nom":"CHATEAU DEAU DE TANKESSE","type":"chateau eau","district_region":null,"departement_commune":null,"verifie":true,"name":"CHATEAU DEAU DE TANKESSE","source":"Géoportail ANSTAT"}},{"type":"Feature","geometry":{"type":"Point","coordinates":[-3.075420999999949,7.547182000000021]},"properties":{"id":41984,"nom":"CHATEAU PRIVEE","type":"chateau eau","district_region":null,"departement_commune":null,"verifie":true,"name":"CHATEAU PRIVEE","source":"Géoportail ANSTAT"}},{"type":"Feature","geometry":{"type":"Point","coordinates":[-3.134616999999935,7.612410000000068]},"properties":{"id":41985,"nom":"CHATEAU DEAU PRIVE","type":"chateau eau","district_region":null,"departement_commune":null,"verifie":true,"name":"CHATEAU DEAU PRIVE","source":"Géoportail ANSTAT"}},{"type":"Feature","geometry":{"type":"Point","coordinates":[-3.09968699999996,7.711998000000051]},"properties":{"id":41986,"nom":"CHATEAU DEAU","type":"chateau eau","district_region":null,"departement_commune":null,"verifie":true,"name":"CHATEAU DEAU","source":"Géoportail ANSTAT"}},{"type":"Feature","geometry":{"type":"Point","coordinates":[-3.126633999999967,7.715991000000031]},"properties":{"id":41987,"nom":"CHATEAU PRIVEE","type":"chateau eau","district_region":null,"departement_commune":null,"verifie":true,"name":"CHATEAU PRIVEE","source":"Géoportail ANSTAT"}},{"type":"Feature","geometry":{"type":"Point","coordinates":[-3.277714999999944,7.715977000000066]},"properties":{"id":41988,"nom":"CHATEAU DEAU DE PALA","type":"chateau eau","district_region":null,"departement_commune":null,"verifie":true,"name":"CHATEAU DEAU DE PALA","source":"Géoportail ANSTAT"}},{"type":"Feature","geometry":{"type":"Point","coordinates":[-3.315211999999974,7.811289000000045]},"properties":{"id":41989,"nom":"CHATEAU DE DIAMBA","type":"chateau eau","district_region":null,"departement_commune":null,"verifie":true,"name":"CHATEAU DE DIAMBA","source":"Géoportail ANSTAT"}},{"type":"Feature","geometry":{"type":"Point","coordinates":[-2.925048999999944,7.830475000000035]},"properties":{"id":41990,"nom":"CHATEAU DEAU YOMIAN","type":"chateau eau","district_region":null,"departement_commune":null,"verifie":true,"name":"CHATEAU DEAU YOMIAN","source":"Géoportail ANSTAT"}},{"type":"Feature","geometry":{"type":"Point","coordinates":[-3.216237999999976,7.833190000000059]},"properties":{"id":41991,"nom":"CHATEAUX D EAU","type":"chateau eau","district_region":null,"departement_commune":null,"verifie":true,"name":"CHATEAUX D EAU","source":"Géoportail ANSTAT"}},{"type":"Feature","geometry":{"type":"Point","coordinates":[-3.129386999999952,7.860580000000027]},"properties":{"id":41992,"nom":"CHATEAU D EAU DE TEKO","type":"chateau eau","district_region":null,"departement_commune":null,"verifie":true,"name":"CHATEAU D EAU DE TEKO","source":"Géoportail ANSTAT"}},{"type":"Feature","geometry":{"type":"Point","coordinates":[-3.277690999999948,7.880432000000042]},"properties":{"id":41993,"nom":"CHATEAUX D EAU","type":"chateau eau","district_region":null,"departement_commune":null,"verifie":true,"name":"CHATEAUX D EAU","source":"Géoportail ANSTAT"}},{"type":"Feature","geometry":{"type":"Point","coordinates":[-3.719906999999978,7.898425000000032]},"properties":{"id":41994,"nom":"CHATEAU DE DJORO DJORO","type":"chateau eau","district_region":null,"departement_commune":null,"verifie":true,"name":"CHATEAU DE DJORO DJORO","source":"Géoportail ANSTAT"}},{"type":"Feature","geometry":{"type":"Point","coordinates":[-2.953781999999933,7.851655000000051]},"properties":{"id":41995,"nom":"CHATEAUX D EAU","type":"chateau eau","district_region":null,"departement_commune":null,"verifie":true,"name":"CHATEAUX D EAU","source":"Géoportail ANSTAT"}},{"type":"Feature","geometry":{"type":"Point","coordinates":[-3.164816999999971,7.810074000000043]},"properties":{"id":41996,"nom":"CHATEAUX D EAU","type":"chateau eau","district_region":null,"departement_commune":null,"verifie":true,"name":"CHATEAUX D EAU","source":"Géoportail ANSTAT"}},{"type":"Feature","geometry":{"type":"Point","coordinates":[-3.167035999999939,7.799486000000059]},"properties":{"id":41997,"nom":"CHATEAUX D EAU","type":"chateau eau","district_region":null,"departement_commune":null,"verifie":true,"name":"CHATEAUX D EAU","source":"Géoportail ANSTAT"}},{"type":"Feature","geometry":{"type":"Point","coordinates":[-3.52926199999996,7.821076000000062]},"properties":{"id":41998,"nom":"CHATEAUX D EAU","type":"chateau eau","district_region":null,"departement_commune":null,"verifie":true,"name":"CHATEAUX D EAU","source":"Géoportail ANSTAT"}},{"type":"Feature","geometry":{"type":"Point","coordinates":[-3.529246999999941,7.821079000000054]},"properties":{"id":41999,"nom":"CHATEAUX D EAU","type":"chateau eau","district_region":null,"departement_commune":null,"verifie":true,"name":"CHATEAUX D EAU","source":"Géoportail ANSTAT"}},{"type":"Feature","geometry":{"type":"Point","coordinates":[-3.063756999999953,7.980156000000022]},"properties":{"id":42002,"nom":"CHATEAU D EAU DE TABAGNE","type":"chateau eau","district_region":null,"departement_commune":null,"verifie":true,"name":"CHATEAU D EAU DE TABAGNE","source":"Géoportail ANSTAT"}},{"type":"Feature","geometry":{"type":"Point","coordinates":[-6.842300999999964,8.139771000000053]},"properties":{"id":42003,"nom":"CHATEAU D EAU DE TIEMA","type":"chateau eau","district_region":null,"departement_commune":null,"verifie":true,"name":"CHATEAU D EAU DE TIEMA","source":"Géoportail ANSTAT"}},{"type":"Feature","geometry":{"type":"Point","coordinates":[-6.925641999999925,7.978876000000071]},"properties":{"id":42004,"nom":"CHATEAU D EAU DE SIFIE","type":"chateau eau","district_region":null,"departement_commune":null,"verifie":true,"name":"CHATEAU D EAU DE SIFIE","source":"Géoportail ANSTAT"}},{"type":"Feature","geometry":{"type":"Point","coordinates":[-6.556344999999965,8.053288000000066]},"properties":{"id":42005,"nom":"CHATEAU D EAU DE SIANA","type":"chateau eau","district_region":null,"departement_commune":null,"verifie":true,"name":"CHATEAU D EAU DE SIANA","source":"Géoportail ANSTAT"}},{"type":"Feature","geometry":{"type":"Point","coordinates":[-6.592232999999965,7.852947000000029]},"properties":{"id":42006,"nom":"CHATEAU DEAU","type":"chateau eau","district_region":null,"departement_commune":null,"verifie":true,"name":"CHATEAU DEAU","source":"Géoportail ANSTAT"}},{"type":"Feature","geometry":{"type":"Point","coordinates":[-6.62607399999996,7.845143000000064]},"properties":{"id":42007,"nom":"CHATEAU D EAU DE TEGUELA","type":"chateau eau","district_region":null,"departement_commune":null,"verifie":true,"name":"CHATEAU D EAU DE TEGUELA","source":"Géoportail ANSTAT"}},{"type":"Feature","geometry":{"type":"Point","coordinates":[-6.633050999999966,8.087509000000068]},"properties":{"id":42008,"nom":"CHATEAU D EAU DE OUSSOUGOULA","type":"chateau eau","district_region":null,"departement_commune":null,"verifie":true,"name":"CHATEAU D EAU DE OUSSOUGOULA","source":"Géoportail ANSTAT"}},{"type":"Feature","geometry":{"type":"Point","coordinates":[-6.434564999999964,7.899425000000065]},"properties":{"id":42009,"nom":"CHATEAU D EAU DE SEGUELA","type":"chateau eau","district_region":null,"departement_commune":null,"verifie":true,"name":"CHATEAU D EAU DE SEGUELA","source":"Géoportail ANSTAT"}},{"type":"Feature","geometry":{"type":"Point","coordinates":[-6.613597999999968,8.596970000000056]},"properties":{"id":42010,"nom":"CHATEAU D EAU DU VILLAGE","type":"chateau eau","district_region":null,"departement_commune":null,"verifie":true,"name":"CHATEAU D EAU DU VILLAGE","source":"Géoportail ANSTAT"}},{"type":"Feature","geometry":{"type":"Point","coordinates":[-6.614180999999974,8.663527000000045]},"properties":{"id":42011,"nom":"CHATEAU D EAU DU VILLAGE","type":"chateau eau","district_region":null,"departement_commune":null,"verifie":true,"name":"CHATEAU D EAU DU VILLAGE","source":"Géoportail ANSTAT"}},{"type":"Feature","geometry":{"type":"Point","coordinates":[-5.74402299999997,6.981933000000026]},"properties":{"id":42012,"nom":"CHATEAU D EAUX BOUAFLE","type":"chateau eau","district_region":null,"departement_commune":null,"verifie":true,"name":"CHATEAU D EAUX BOUAFLE","source":"Géoportail ANSTAT"}},{"type":"Feature","geometry":{"type":"Point","coordinates":[-6.04990399999997,7.434028000000069]},"properties":{"id":42013,"nom":"CHATEAUX D EAU","type":"chateau eau","district_region":null,"departement_commune":null,"verifie":true,"name":"CHATEAUX D EAU","source":"Géoportail ANSTAT"}},{"type":"Feature","geometry":{"type":"Point","coordinates":[-5.602517999999975,6.655924000000027]},"properties":{"id":42014,"nom":"CHATEAU DE KONONFLA","type":"chateau eau","district_region":null,"departement_commune":null,"verifie":true,"name":"CHATEAU DE KONONFLA","source":"Géoportail ANSTAT"}},{"type":"Feature","geometry":{"type":"Point","coordinates":[-5.845140999999956,7.404544000000044]},"properties":{"id":42015,"nom":"CHATEAU DEAU","type":"chateau eau","district_region":null,"departement_commune":null,"verifie":true,"name":"CHATEAU DEAU","source":"Géoportail ANSTAT"}},{"type":"Feature","geometry":{"type":"Point","coordinates":[-5.928002999999933,7.712578000000065]},"properties":{"id":42016,"nom":"CHATEAUX D EAU","type":"chateau eau","district_region":null,"departement_commune":null,"verifie":true,"name":"CHATEAUX D EAU","source":"Géoportail ANSTAT"}},{"type":"Feature","geometry":{"type":"Point","coordinates":[-5.971981999999969,7.533444000000031]},"properties":{"id":42017,"nom":"CHATEAUX D EAU","type":"chateau eau","district_region":null,"departement_commune":null,"verifie":true,"name":"CHATEAUX D EAU","source":"Géoportail ANSTAT"}},{"type":"Feature","geometry":{"type":"Point","coordinates":[-6.057925999999952,7.44605800000005]},"properties":{"id":42018,"nom":"CHATEAUX D EAU","type":"chateau eau","district_region":null,"departement_commune":null,"verifie":true,"name":"CHATEAUX D EAU","source":"Géoportail ANSTAT"}},{"type":"Feature","geometry":{"type":"Point","coordinates":[-6.126480999999956,7.602338000000032]},"properties":{"id":42019,"nom":"CHATEAUX D EAU","type":"chateau eau","district_region":null,"departement_commune":null,"verifie":true,"name":"CHATEAUX D EAU","source":"Géoportail ANSTAT"}},{"type":"Feature","geometry":{"type":"Point","coordinates":[-6.262212999999974,7.246297000000027]},"properties":{"id":42020,"nom":"CHATEAUX D EAU","type":"chateau eau","district_region":null,"departement_commune":null,"verifie":true,"name":"CHATEAUX D EAU","source":"Géoportail ANSTAT"}},{"type":"Feature","geometry":{"type":"Point","coordinates":[-5.536010999999974,7.033274000000063]},"properties":{"id":42021,"nom":"CHATEAU DEAU","type":"chateau eau","district_region":null,"departement_commune":null,"verifie":true,"name":"CHATEAU DEAU","source":"Géoportail ANSTAT"}},{"type":"Feature","geometry":{"type":"Point","coordinates":[-5.74026699999996,7.141558000000032]},"properties":{"id":42022,"nom":"CHATEAU D EAUX","type":"chateau eau","district_region":null,"departement_commune":null,"verifie":true,"name":"CHATEAU D EAUX","source":"Géoportail ANSTAT"}},{"type":"Feature","geometry":{"type":"Point","coordinates":[-5.782371999999953,7.192166000000043]},"properties":{"id":42023,"nom":"CHATEAU DE PANGBA KOUAMEKRO","type":"chateau eau","district_region":null,"departement_commune":null,"verifie":true,"name":"CHATEAU DE PANGBA KOUAMEKRO","source":"Géoportail ANSTAT"}},{"type":"Feature","geometry":{"type":"Point","coordinates":[-5.789780999999948,7.16012500000005]},"properties":{"id":42024,"nom":"CHATEAU D EAUX","type":"chateau eau","district_region":null,"departement_commune":null,"verifie":true,"name":"CHATEAU D EAUX","source":"Géoportail ANSTAT"}},{"type":"Feature","geometry":{"type":"Point","coordinates":[-5.78979499999997,7.378111000000047]},"properties":{"id":42025,"nom":"CHATEAU DE DIACOHOU","type":"chateau eau","district_region":null,"departement_commune":null,"verifie":true,"name":"CHATEAU DE DIACOHOU","source":"Géoportail ANSTAT"}},{"type":"Feature","geometry":{"type":"Point","coordinates":[-5.818604999999934,6.859060000000056]},"properties":{"id":42026,"nom":"CHATEAU DAEU","type":"chateau eau","district_region":null,"departement_commune":null,"verifie":true,"name":"CHATEAU DAEU","source":"Géoportail ANSTAT"}},{"type":"Feature","geometry":{"type":"Point","coordinates":[-5.850378999999975,7.253679000000034]},"properties":{"id":42027,"nom":"CHATEAU D EAUX","type":"chateau eau","district_region":null,"departement_commune":null,"verifie":true,"name":"CHATEAU D EAUX","source":"Géoportail ANSTAT"}},{"type":"Feature","geometry":{"type":"Point","coordinates":[-5.853475999999944,6.819661000000053]},"properties":{"id":42028,"nom":"CHATEAU DE BLE","type":"chateau eau","district_region":null,"departement_commune":null,"verifie":true,"name":"CHATEAU DE BLE","source":"Géoportail ANSTAT"}},{"type":"Feature","geometry":{"type":"Point","coordinates":[-5.874172999999928,6.944510000000037]},"properties":{"id":42029,"nom":"CHATEAU DEAU","type":"chateau eau","district_region":null,"departement_commune":null,"verifie":true,"name":"CHATEAU DEAU","source":"Géoportail ANSTAT"}},{"type":"Feature","geometry":{"type":"Point","coordinates":[-5.986560999999938,6.939782000000037]},"properties":{"id":42030,"nom":"CHATEAUX D EAU","type":"chateau eau","district_region":null,"departement_commune":null,"verifie":true,"name":"CHATEAUX D EAU","source":"Géoportail ANSTAT"}},{"type":"Feature","geometry":{"type":"Point","coordinates":[-5.765263999999945,7.047012000000052]},"properties":{"id":42031,"nom":"CHATEAUX","type":"chateau eau","district_region":null,"departement_commune":null,"verifie":true,"name":"CHATEAUX","source":"Géoportail ANSTAT"}},{"type":"Feature","geometry":{"type":"Point","coordinates":[-5.506363999999962,6.728755000000035]},"properties":{"id":42032,"nom":"CHATEAU DEAU","type":"chateau eau","district_region":null,"departement_commune":null,"verifie":true,"name":"CHATEAU DEAU","source":"Géoportail ANSTAT"}},{"type":"Feature","geometry":{"type":"Point","coordinates":[-5.804507999999942,6.654404000000056]},"properties":{"id":42033,"nom":"CHATEAUX  D EAU","type":"chateau eau","district_region":null,"departement_commune":null,"verifie":true,"name":"CHATEAUX  D EAU","source":"Géoportail ANSTAT"}},{"type":"Feature","geometry":{"type":"Point","coordinates":[-5.745237999999972,6.621665000000064]},"properties":{"id":42034,"nom":"CHATEAUX","type":"chateau eau","district_region":null,"departement_commune":null,"verifie":true,"name":"CHATEAUX","source":"Géoportail ANSTAT"}},{"type":"Feature","geometry":{"type":"Point","coordinates":[-6.043541999999945,6.619760000000042]},"properties":{"id":42035,"nom":"CHATEAUX D EAU","type":"chateau eau","district_region":null,"departement_commune":null,"verifie":true,"name":"CHATEAUX D EAU","source":"Géoportail ANSTAT"}},{"type":"Feature","geometry":{"type":"Point","coordinates":[-5.913683999999932,6.624229000000071]},"properties":{"id":42036,"nom":"CHATEAUX D EAU","type":"chateau eau","district_region":null,"departement_commune":null,"verifie":true,"name":"CHATEAUX D EAU","source":"Géoportail ANSTAT"}},{"type":"Feature","geometry":{"type":"Point","coordinates":[-4.831749999999943,7.795035000000041]},"properties":{"id":42037,"nom":"CHATEAU DEAU","type":"chateau eau","district_region":null,"departement_commune":null,"verifie":true,"name":"CHATEAU DEAU","source":"Géoportail ANSTAT"}},{"type":"Feature","geometry":{"type":"Point","coordinates":[-4.922153999999978,7.762496000000056]},"properties":{"id":42038,"nom":"CHATEAU DEAU DE AFFOUEKRO","type":"chateau eau","district_region":null,"departement_commune":null,"verifie":true,"name":"CHATEAU DEAU DE AFFOUEKRO","source":"Géoportail ANSTAT"}},{"type":"Feature","geometry":{"type":"Point","coordinates":[-5.079976999999928,7.746941000000049]},"properties":{"id":42039,"nom":"CHATEAUX  DEAUX AMANIKRO","type":"chateau eau","district_region":null,"departement_commune":null,"verifie":true,"name":"CHATEAUX  DEAUX AMANIKRO","source":"Géoportail ANSTAT"}},{"type":"Feature","geometry":{"type":"Point","coordinates":[-5.098382999999956,7.67697000000004]},"properties":{"id":42040,"nom":"CHATEAU DE CITE CNRA","type":"chateau eau","district_region":null,"departement_commune":null,"verifie":true,"name":"CHATEAU DE CITE CNRA","source":"Géoportail ANSTAT"}},{"type":"Feature","geometry":{"type":"Point","coordinates":[-5.094928999999979,7.690078000000028]},"properties":{"id":42041,"nom":"CHATEAUX D EAU","type":"chateau eau","district_region":null,"departement_commune":null,"verifie":true,"name":"CHATEAUX D EAU","source":"Géoportail ANSTAT"}},{"type":"Feature","geometry":{"type":"Point","coordinates":[-5.004043999999965,7.547366000000068]},"properties":{"id":42042,"nom":"CHATEAU DU VILLAGE","type":"chateau eau","district_region":null,"departement_commune":null,"verifie":true,"name":"CHATEAU DU VILLAGE","source":"Géoportail ANSTAT"}},{"type":"Feature","geometry":{"type":"Point","coordinates":[-5.058424999999943,7.679932000000065]},"properties":{"id":42043,"nom":"CHATEAU D EAU SODECI","type":"chateau eau","district_region":null,"departement_commune":null,"verifie":true,"name":"CHATEAU D EAU SODECI","source":"Géoportail ANSTAT"}},{"type":"Feature","geometry":{"type":"Point","coordinates":[-5.030213999999944,7.678305000000023]},"properties":{"id":42044,"nom":"CHATEAU D EAUX","type":"chateau eau","district_region":null,"departement_commune":null,"verifie":true,"name":"CHATEAU D EAUX","source":"Géoportail ANSTAT"}},{"type":"Feature","geometry":{"type":"Point","coordinates":[-5.019937999999968,7.699677000000065]},"properties":{"id":42045,"nom":"CHATEAU DU CAMP","type":"chateau eau","district_region":null,"departement_commune":null,"verifie":true,"name":"CHATEAU DU CAMP","source":"Géoportail ANSTAT"}},{"type":"Feature","geometry":{"type":"Point","coordinates":[-5.356169999999963,7.585947000000033]},"properties":{"id":42046,"nom":"CHATEAUX D EAU","type":"chateau eau","district_region":null,"departement_commune":null,"verifie":true,"name":"CHATEAUX D EAU","source":"Géoportail ANSTAT"}},{"type":"Feature","geometry":{"type":"Point","coordinates":[-5.240583999999956,7.381093000000021]},"properties":{"id":42047,"nom":"CHATEAU DEAU","type":"chateau eau","district_region":null,"departement_commune":null,"verifie":true,"name":"CHATEAU DEAU","source":"Géoportail ANSTAT"}},{"type":"Feature","geometry":{"type":"Point","coordinates":[-5.240736999999967,7.379775000000052]},"properties":{"id":42048,"nom":"CHATEAU DEAU","type":"chateau eau","district_region":null,"departement_commune":null,"verifie":true,"name":"CHATEAU DEAU","source":"Géoportail ANSTAT"}},{"type":"Feature","geometry":{"type":"Point","coordinates":[-5.337916999999948,7.390334000000053]},"properties":{"id":42050,"nom":"CHATEAU DE KONANKRO","type":"chateau eau","district_region":null,"departement_commune":null,"verifie":true,"name":"CHATEAU DE KONANKRO","source":"Géoportail ANSTAT"}},{"type":"Feature","geometry":{"type":"Point","coordinates":[-5.344032999999968,7.267231000000038]},"properties":{"id":42051,"nom":"CHATEAUX D EAU D ANDO DOUBGA","type":"chateau eau","district_region":null,"departement_commune":null,"verifie":true,"name":"CHATEAUX D EAU D ANDO DOUBGA","source":"Géoportail ANSTAT"}},{"type":"Feature","geometry":{"type":"Point","coordinates":[-5.417808999999977,8.006784000000039]},"properties":{"id":42052,"nom":"CHATEAU D EAUX FAMILIAL","type":"chateau eau","district_region":null,"departement_commune":null,"verifie":true,"name":"CHATEAU D EAUX FAMILIAL","source":"Géoportail ANSTAT"}},{"type":"Feature","geometry":{"type":"Point","coordinates":[-5.430631999999946,7.670233000000053]},"properties":{"id":42054,"nom":"CHATEAUX D EAU","type":"chateau eau","district_region":null,"departement_commune":null,"verifie":true,"name":"CHATEAUX D EAU","source":"Géoportail ANSTAT"}},{"type":"Feature","geometry":{"type":"Point","coordinates":[-5.504132999999968,7.663892000000033]},"properties":{"id":42055,"nom":"CHATEAUX D  EAU  DE  BELAKRO","type":"chateau eau","district_region":null,"departement_commune":null,"verifie":true,"name":"CHATEAUX D  EAU  DE  BELAKRO","source":"Géoportail ANSTAT"}},{"type":"Feature","geometry":{"type":"Point","coordinates":[-5.304704999999956,7.622486000000038]},"properties":{"id":42056,"nom":"CHATEAU DEAU","type":"chateau eau","district_region":null,"departement_commune":null,"verifie":true,"name":"CHATEAU DEAU","source":"Géoportail ANSTAT"}},{"type":"Feature","geometry":{"type":"Point","coordinates":[-5.306865999999957,7.654476000000045]},"properties":{"id":42057,"nom":"CHATEAU D EAUX","type":"chateau eau","district_region":null,"departement_commune":null,"verifie":true,"name":"CHATEAU D EAUX","source":"Géoportail ANSTAT"}},{"type":"Feature","geometry":{"type":"Point","coordinates":[-5.172003999999959,7.841288000000077]},"properties":{"id":42058,"nom":"CHATEAU D EAU DE TIKAKRO","type":"chateau eau","district_region":null,"departement_commune":null,"verifie":true,"name":"CHATEAU D EAU DE TIKAKRO","source":"Géoportail ANSTAT"}},{"type":"Feature","geometry":{"type":"Point","coordinates":[-5.242435999999941,7.945805000000064]},"properties":{"id":42059,"nom":"CHATEAUX D EAU","type":"chateau eau","district_region":null,"departement_commune":null,"verifie":true,"name":"CHATEAUX D EAU","source":"Géoportail ANSTAT"}},{"type":"Feature","geometry":{"type":"Point","coordinates":[-5.305911999999978,7.830822000000069]},"properties":{"id":42060,"nom":"CHATEAUX D EAU","type":"chateau eau","district_region":null,"departement_commune":null,"verifie":true,"name":"CHATEAUX D EAU","source":"Géoportail ANSTAT"}},{"type":"Feature","geometry":{"type":"Point","coordinates":[-5.176313999999934,7.789039000000059]},"properties":{"id":42061,"nom":"CHATEAU DE DIABO","type":"chateau eau","district_region":null,"departement_commune":null,"verifie":true,"name":"CHATEAU DE DIABO","source":"Géoportail ANSTAT"}},{"type":"Feature","geometry":{"type":"Point","coordinates":[-2.896671999999967,9.261131000000034]},"properties":{"id":42062,"nom":"CHATEAU HYDRAULIQUE VILLAGEOISE DE NIANDEGUE","type":"chateau eau","district_region":null,"departement_commune":null,"verifie":true,"name":"CHATEAU HYDRAULIQUE VILLAGEOISE DE NIANDEGUE","source":"Géoportail ANSTAT"}},{"type":"Feature","geometry":{"type":"Point","coordinates":[-3.109006999999963,9.416924000000051]},"properties":{"id":42063,"nom":"CHATEAUX D EAU","type":"chateau eau","district_region":null,"departement_commune":null,"verifie":true,"name":"CHATEAUX D EAU","source":"Géoportail ANSTAT"}},{"type":"Feature","geometry":{"type":"Point","coordinates":[-3.174538999999925,9.475322000000062]},"properties":{"id":42064,"nom":"CHATEAUX  D EAU","type":"chateau eau","district_region":null,"departement_commune":null,"verifie":true,"name":"CHATEAUX  D EAU","source":"Géoportail ANSTAT"}},{"type":"Feature","geometry":{"type":"Point","coordinates":[-3.56367599999993,8.395885000000021]},"properties":{"id":42065,"nom":"CHATEAU DE TALAHINI","type":"chateau eau","district_region":null,"departement_commune":null,"verifie":true,"name":"CHATEAU DE TALAHINI","source":"Géoportail ANSTAT"}},{"type":"Feature","geometry":{"type":"Point","coordinates":[-3.654365999999925,9.605033000000049]},"properties":{"id":42066,"nom":"CHATEAU D EAU DE TEHINI","type":"chateau eau","district_region":null,"departement_commune":null,"verifie":true,"name":"CHATEAU D EAU DE TEHINI","source":"Géoportail ANSTAT"}},{"type":"Feature","geometry":{"type":"Point","coordinates":[-2.995685999999978,9.275809000000038]},"properties":{"id":42067,"nom":"CHATEAUX D EAU 2","type":"chateau eau","district_region":null,"departement_commune":null,"verifie":true,"name":"CHATEAUX D EAU 2","source":"Géoportail ANSTAT"}},{"type":"Feature","geometry":{"type":"Point","coordinates":[-4.587291999999934,6.765255000000025]},"properties":{"id":42068,"nom":"CHATEAUX D EAU","type":"chateau eau","district_region":null,"departement_commune":null,"verifie":true,"name":"CHATEAUX D EAU","source":"Géoportail ANSTAT"}},{"type":"Feature","geometry":{"type":"Point","coordinates":[-4.678037999999958,7.343183000000067]},"properties":{"id":42069,"nom":"CHATEAU DEAU DE KOUASSI KOUASSIKRO","type":"chateau eau","district_region":null,"departement_commune":null,"verifie":true,"name":"CHATEAU DEAU DE KOUASSI KOUASSIKRO","source":"Géoportail ANSTAT"}},{"type":"Feature","geometry":{"type":"Point","coordinates":[-4.706274999999948,6.834384000000057]},"properties":{"id":42070,"nom":"CHATEAUX D EAU  DE NOFOU","type":"chateau eau","district_region":null,"departement_commune":null,"verifie":true,"name":"CHATEAUX D EAU  DE NOFOU","source":"Géoportail ANSTAT"}},{"type":"Feature","geometry":{"type":"Point","coordinates":[-4.76405699999998,6.714599000000021]},"properties":{"id":42071,"nom":"CHATEAUX D EAU","type":"chateau eau","district_region":null,"departement_commune":null,"verifie":true,"name":"CHATEAUX D EAU","source":"Géoportail ANSTAT"}},{"type":"Feature","geometry":{"type":"Point","coordinates":[-4.684142999999949,6.662618000000066]},"properties":{"id":42072,"nom":"CHATEAUX D EAU","type":"chateau eau","district_region":null,"departement_commune":null,"verifie":true,"name":"CHATEAUX D EAU","source":"Géoportail ANSTAT"}},{"type":"Feature","geometry":{"type":"Point","coordinates":[-7.446239999999932,6.558946000000049]},"properties":{"id":42073,"nom":"CHATEAU D EAU DON DE L UNION EUROPEENNE","type":"chateau eau","district_region":null,"departement_commune":null,"verifie":true,"name":"CHATEAU D EAU DON DE L UNION EUROPEENNE","source":"Géoportail ANSTAT"}},{"type":"Feature","geometry":{"type":"Point","coordinates":[-7.650459999999953,6.543567000000053]},"properties":{"id":42074,"nom":"CHATEAUX D EAU","type":"chateau eau","district_region":null,"departement_commune":null,"verifie":true,"name":"CHATEAUX D EAU","source":"Géoportail ANSTAT"}},{"type":"Feature","geometry":{"type":"Point","coordinates":[-8.111958999999956,6.595833000000027]},"properties":{"id":42075,"nom":"CHATEAU DE DOKE","type":"chateau eau","district_region":null,"departement_commune":null,"verifie":true,"name":"CHATEAU DE DOKE","source":"Géoportail ANSTAT"}},{"type":"Feature","geometry":{"type":"Point","coordinates":[-8.105086999999969,6.589144000000033]},"properties":{"id":42076,"nom":"CHATEAU D EAU DE OULAI PKABLI","type":"chateau eau","district_region":null,"departement_commune":null,"verifie":true,"name":"CHATEAU D EAU DE OULAI PKABLI","source":"Géoportail ANSTAT"}},{"type":"Feature","geometry":{"type":"Point","coordinates":[-8.296055999999965,6.519961000000023]},"properties":{"id":42077,"nom":"CHATEAU D EAU DE MEO","type":"chateau eau","district_region":null,"departement_commune":null,"verifie":true,"name":"CHATEAU D EAU DE MEO","source":"Géoportail ANSTAT"}},{"type":"Feature","geometry":{"type":"Point","coordinates":[-6.841767999999945,7.155934000000059]},"properties":{"id":42078,"nom":"CHATEAUX","type":"chateau eau","district_region":null,"departement_commune":null,"verifie":true,"name":"CHATEAUX","source":"Géoportail ANSTAT"}},{"type":"Feature","geometry":{"type":"Point","coordinates":[-6.367950999999948,7.518387000000075]},"properties":{"id":42079,"nom":"CHATEAUX D EAU","type":"chateau eau","district_region":null,"departement_commune":null,"verifie":true,"name":"CHATEAUX D EAU","source":"Géoportail ANSTAT"}},{"type":"Feature","geometry":{"type":"Point","coordinates":[-6.422472999999968,7.399021000000062]},"properties":{"id":42080,"nom":"CHATEAUX D EAU","type":"chateau eau","district_region":null,"departement_commune":null,"verifie":true,"name":"CHATEAUX D EAU","source":"Géoportail ANSTAT"}},{"type":"Feature","geometry":{"type":"Point","coordinates":[-6.517600999999956,7.598643000000038]},"properties":{"id":42081,"nom":"CHATEAUX D EAU","type":"chateau eau","district_region":null,"departement_commune":null,"verifie":true,"name":"CHATEAUX D EAU","source":"Géoportail ANSTAT"}},{"type":"Feature","geometry":{"type":"Point","coordinates":[-6.60726399999993,7.398242000000039]},"properties":{"id":42082,"nom":"CHATEAUX D EAU","type":"chateau eau","district_region":null,"departement_commune":null,"verifie":true,"name":"CHATEAUX D EAU","source":"Géoportail ANSTAT"}},{"type":"Feature","geometry":{"type":"Point","coordinates":[-6.992140999999947,7.442633000000058]},"properties":{"id":42083,"nom":"CHATEAU DEAU","type":"chateau eau","district_region":null,"departement_commune":null,"verifie":true,"name":"CHATEAU DEAU","source":"Géoportail ANSTAT"}},{"type":"Feature","geometry":{"type":"Point","coordinates":[-6.737042999999971,6.799545000000023]},"properties":{"id":42084,"nom":"CHATEAU DE GREGBEU","type":"chateau eau","district_region":null,"departement_commune":null,"verifie":true,"name":"CHATEAU DE GREGBEU","source":"Géoportail ANSTAT"}},{"type":"Feature","geometry":{"type":"Point","coordinates":[-6.766530999999929,6.708825000000047]},"properties":{"id":42085,"nom":"CHATEAUX D EAU","type":"chateau eau","district_region":null,"departement_commune":null,"verifie":true,"name":"CHATEAUX D EAU","source":"Géoportail ANSTAT"}},{"type":"Feature","geometry":{"type":"Point","coordinates":[-6.57724799999994,6.685734000000025]},"properties":{"id":42086,"nom":"CHATEAU DEAU DE GOKRA","type":"chateau eau","district_region":null,"departement_commune":null,"verifie":true,"name":"CHATEAU DEAU DE GOKRA","source":"Géoportail ANSTAT"}},{"type":"Feature","geometry":{"type":"Point","coordinates":[-6.624810999999966,6.704776000000038]},"properties":{"id":42087,"nom":"CHATEAU DE KRIKOREA 1","type":"chateau eau","district_region":null,"departement_commune":null,"verifie":true,"name":"CHATEAU DE KRIKOREA 1","source":"Géoportail ANSTAT"}},{"type":"Feature","geometry":{"type":"Point","coordinates":[-6.429428999999971,6.81991400000004]},"properties":{"id":42088,"nom":"CHATEAUX D EAU","type":"chateau eau","district_region":null,"departement_commune":null,"verifie":true,"name":"CHATEAUX D EAU","source":"Géoportail ANSTAT"}},{"type":"Feature","geometry":{"type":"Point","coordinates":[-6.486434999999972,6.693308000000059]},"properties":{"id":42089,"nom":"CHATEAU DEAU","type":"chateau eau","district_region":null,"departement_commune":null,"verifie":true,"name":"CHATEAU DEAU","source":"Géoportail ANSTAT"}},{"type":"Feature","geometry":{"type":"Point","coordinates":[-6.197482999999977,7.240238000000033]},"properties":{"id":42090,"nom":"CHATEAU GOUENOUFLA","type":"chateau eau","district_region":null,"departement_commune":null,"verifie":true,"name":"CHATEAU GOUENOUFLA","source":"Géoportail ANSTAT"}},{"type":"Feature","geometry":{"type":"Point","coordinates":[-6.242092999999954,6.90855300000004]},"properties":{"id":42091,"nom":"CHATEAUX D EAU","type":"chateau eau","district_region":null,"departement_commune":null,"verifie":true,"name":"CHATEAUX D EAU","source":"Géoportail ANSTAT"}},{"type":"Feature","geometry":{"type":"Point","coordinates":[-6.330418999999949,7.013602000000049]},"properties":{"id":42092,"nom":"CHATEAU D EAU DE SETREFLA","type":"chateau eau","district_region":null,"departement_commune":null,"verifie":true,"name":"CHATEAU D EAU DE SETREFLA","source":"Géoportail ANSTAT"}},{"type":"Feature","geometry":{"type":"Point","coordinates":[-6.228658999999936,6.384979000000044]},"properties":{"id":42093,"nom":"CHATEAU D EAU DE NAHIO","type":"chateau eau","district_region":null,"departement_commune":null,"verifie":true,"name":"CHATEAU D EAU DE NAHIO","source":"Géoportail ANSTAT"}},{"type":"Feature","geometry":{"type":"Point","coordinates":[-6.350775999999939,6.55975200000006]},"properties":{"id":42094,"nom":"CHATEAU DE KOREZOUZOUA","type":"chateau eau","district_region":null,"departement_commune":null,"verifie":true,"name":"CHATEAU DE KOREZOUZOUA","source":"Géoportail ANSTAT"}},{"type":"Feature","geometry":{"type":"Point","coordinates":[-6.396415999999931,6.434996000000069]},"properties":{"id":42095,"nom":"CHATEAUX  DEAU  DE  ZADIHOA","type":"chateau eau","district_region":null,"departement_commune":null,"verifie":true,"name":"CHATEAUX  DEAU  DE  ZADIHOA","source":"Géoportail ANSTAT"}},{"type":"Feature","geometry":{"type":"Point","coordinates":[-6.708856999999966,6.390735000000063]},"properties":{"id":42096,"nom":"CHATEAU DEAU","type":"chateau eau","district_region":null,"departement_commune":null,"verifie":true,"name":"CHATEAU DEAU","source":"Géoportail ANSTAT"}},{"type":"Feature","geometry":{"type":"Point","coordinates":[-6.717404999999928,6.388881000000026]},"properties":{"id":42097,"nom":"CHATEAUX D EAU","type":"chateau eau","district_region":null,"departement_commune":null,"verifie":true,"name":"CHATEAUX D EAU","source":"Géoportail ANSTAT"}},{"type":"Feature","geometry":{"type":"Point","coordinates":[-6.536614999999927,6.603388000000052]},"properties":{"id":42098,"nom":"CHATEAU DEAU DE LIGA","type":"chateau eau","district_region":null,"departement_commune":null,"verifie":true,"name":"CHATEAU DEAU DE LIGA","source":"Géoportail ANSTAT"}},{"type":"Feature","geometry":{"type":"Point","coordinates":[-6.563089999999931,6.654135000000053]},"properties":{"id":42099,"nom":"CHATEAU DEAU","type":"chateau eau","district_region":null,"departement_commune":null,"verifie":true,"name":"CHATEAU DEAU","source":"Géoportail ANSTAT"}},{"type":"Feature","geometry":{"type":"Point","coordinates":[-6.521559999999965,6.637215000000026]},"properties":{"id":42100,"nom":"CHATEAU DEAU","type":"chateau eau","district_region":null,"departement_commune":null,"verifie":true,"name":"CHATEAU DEAU","source":"Géoportail ANSTAT"}},{"type":"Feature","geometry":{"type":"Point","coordinates":[-4.544127999999944,6.22319600000003]},"properties":{"id":42101,"nom":"CHATEAUX","type":"chateau eau","district_region":null,"departement_commune":null,"verifie":true,"name":"CHATEAUX","source":"Géoportail ANSTAT"}},{"type":"Feature","geometry":{"type":"Point","coordinates":[-4.600607999999966,6.185216000000025]},"properties":{"id":42102,"nom":"CHATEAU DEAU","type":"chateau eau","district_region":null,"departement_commune":null,"verifie":true,"name":"CHATEAU DEAU","source":"Géoportail ANSTAT"}},{"type":"Feature","geometry":{"type":"Point","coordinates":[-4.869640999999945,6.028332000000034]},"properties":{"id":42103,"nom":"CHATEAU DEAU MBRIMBO","type":"chateau eau","district_region":null,"departement_commune":null,"verifie":true,"name":"CHATEAU DEAU MBRIMBO","source":"Géoportail ANSTAT"}},{"type":"Feature","geometry":{"type":"Point","coordinates":[-4.96018799999996,5.92780300000004]},"properties":{"id":42104,"nom":"CHATEAU DEAU","type":"chateau eau","district_region":null,"departement_commune":null,"verifie":true,"name":"CHATEAU DEAU","source":"Géoportail ANSTAT"}},{"type":"Feature","geometry":{"type":"Point","coordinates":[-4.81919199999993,5.722773000000075]},"properties":{"id":42105,"nom":"CHATEAU DEAU","type":"chateau eau","district_region":null,"departement_commune":null,"verifie":true,"name":"CHATEAU DEAU","source":"Géoportail ANSTAT"}},{"type":"Feature","geometry":{"type":"Point","coordinates":[-5.029713999999956,6.172364000000073]},"properties":{"id":42106,"nom":"CHATEAU DEAU","type":"chateau eau","district_region":null,"departement_commune":null,"verifie":true,"name":"CHATEAU DEAU","source":"Géoportail ANSTAT"}},{"type":"Feature","geometry":{"type":"Point","coordinates":[-4.520297999999968,5.733130000000074]},"properties":{"id":42107,"nom":"CHATEAU DEAU DE SAHUYE","type":"chateau eau","district_region":null,"departement_commune":null,"verifie":true,"name":"CHATEAU DEAU DE SAHUYE","source":"Géoportail ANSTAT"}},{"type":"Feature","geometry":{"type":"Point","coordinates":[-4.507244999999955,5.688685000000021]},"properties":{"id":42108,"nom":"CHATEAUX","type":"chateau eau","district_region":null,"departement_commune":null,"verifie":true,"name":"CHATEAUX","source":"Géoportail ANSTAT"}},{"type":"Feature","geometry":{"type":"Point","coordinates":[-5.066634999999962,6.274175000000071]},"properties":{"id":42109,"nom":"CHATEAU DEAU DE TAABO CADRE","type":"chateau eau","district_region":null,"departement_commune":null,"verifie":true,"name":"CHATEAU DEAU DE TAABO CADRE","source":"Géoportail ANSTAT"}},{"type":"Feature","geometry":{"type":"Point","coordinates":[-4.821507999999938,5.906195000000025]},"properties":{"id":42110,"nom":"CHATEAU DE TIASSALE","type":"chateau eau","district_region":null,"departement_commune":null,"verifie":true,"name":"CHATEAU DE TIASSALE","source":"Géoportail ANSTAT"}},{"type":"Feature","geometry":{"type":"Point","coordinates":[-4.576643999999931,5.671924000000047]},"properties":{"id":42111,"nom":"CHATEAU D EAU DE SIKENSI","type":"chateau eau","district_region":null,"departement_commune":null,"verifie":true,"name":"CHATEAU D EAU DE SIKENSI","source":"Géoportail ANSTAT"}},{"type":"Feature","geometry":{"type":"Point","coordinates":[-4.147689999999955,5.825095000000033]},"properties":{"id":42112,"nom":"CHATEAU SODECI","type":"chateau eau","district_region":null,"departement_commune":null,"verifie":true,"name":"CHATEAU SODECI","source":"Géoportail ANSTAT"}},{"type":"Feature","geometry":{"type":"Point","coordinates":[-4.212340999999981,5.916206000000045]},"properties":{"id":42113,"nom":"CHATEAU D EAU EN CONSTRUCTION","type":"chateau eau","district_region":null,"departement_commune":null,"verifie":true,"name":"CHATEAU D EAU EN CONSTRUCTION","source":"Géoportail ANSTAT"}},{"type":"Feature","geometry":{"type":"Point","coordinates":[-4.202229999999929,5.909236000000021]},"properties":{"id":42114,"nom":"CHATEAUX D EAU","type":"chateau eau","district_region":null,"departement_commune":null,"verifie":true,"name":"CHATEAUX D EAU","source":"Géoportail ANSTAT"}},{"type":"Feature","geometry":{"type":"Point","coordinates":[-4.111953999999969,6.041058000000021]},"properties":{"id":42115,"nom":"CHATEAU OKOUGUIE","type":"chateau eau","district_region":null,"departement_commune":null,"verifie":true,"name":"CHATEAU OKOUGUIE","source":"Géoportail ANSTAT"}},{"type":"Feature","geometry":{"type":"Point","coordinates":[-4.004099999999937,5.597740000000044]},"properties":{"id":42116,"nom":"CHATEAU D EAU VIBER","type":"chateau eau","district_region":null,"departement_commune":null,"verifie":true,"name":"CHATEAU D EAU VIBER","source":"Géoportail ANSTAT"}},{"type":"Feature","geometry":{"type":"Point","coordinates":[-4.312210999999934,6.067800000000034]},"properties":{"id":42117,"nom":"CHATEAU DEAUX DE RUBINO","type":"chateau eau","district_region":null,"departement_commune":null,"verifie":true,"name":"CHATEAU DEAUX DE RUBINO","source":"Géoportail ANSTAT"}},{"type":"Feature","geometry":{"type":"Point","coordinates":[-4.227331999999933,5.722759000000053]},"properties":{"id":42118,"nom":"CHATEAUX","type":"chateau eau","district_region":null,"departement_commune":null,"verifie":true,"name":"CHATEAUX","source":"Géoportail ANSTAT"}},{"type":"Feature","geometry":{"type":"Point","coordinates":[-7.575268999999935,8.231802000000073]},"properties":{"id":42119,"nom":"CHATEAUX D EAU","type":"chateau eau","district_region":null,"departement_commune":null,"verifie":true,"name":"CHATEAUX D EAU","source":"Géoportail ANSTAT"}},{"type":"Feature","geometry":{"type":"Point","coordinates":[-7.417598999999939,8.29088100000007]},"properties":{"id":42120,"nom":"CHATEAUX D EAU","type":"chateau eau","district_region":null,"departement_commune":null,"verifie":true,"name":"CHATEAUX D EAU","source":"Géoportail ANSTAT"}},{"type":"Feature","geometry":{"type":"Point","coordinates":[-7.731666999999959,8.259107000000029]},"properties":{"id":42121,"nom":"CHATEAU DEAU","type":"chateau eau","district_region":null,"departement_commune":null,"verifie":true,"name":"CHATEAU DEAU","source":"Géoportail ANSTAT"}},{"type":"Feature","geometry":{"type":"Point","coordinates":[-7.459466999999961,8.551241000000061]},"properties":{"id":42122,"nom":"CHATEAU SODECI","type":"chateau eau","district_region":null,"departement_commune":null,"verifie":true,"name":"CHATEAU SODECI","source":"Géoportail ANSTAT"}},{"type":"Feature","geometry":{"type":"Point","coordinates":[-7.673549999999977,7.885263000000066]},"properties":{"id":42123,"nom":"CHATEAUX D EAU","type":"chateau eau","district_region":null,"departement_commune":null,"verifie":true,"name":"CHATEAUX D EAU","source":"Géoportail ANSTAT"}},{"type":"Feature","geometry":{"type":"Point","coordinates":[-7.670342999999946,8.116333000000054]},"properties":{"id":42124,"nom":"CHATEAUX D EAU","type":"chateau eau","district_region":null,"departement_commune":null,"verifie":true,"name":"CHATEAUX D EAU","source":"Géoportail ANSTAT"}},{"type":"Feature","geometry":{"type":"Point","coordinates":[-7.495337999999947,8.733948000000055]},"properties":{"id":42125,"nom":"CHATEAUX D EAU","type":"chateau eau","district_region":null,"departement_commune":null,"verifie":true,"name":"CHATEAUX D EAU","source":"Géoportail ANSTAT"}},{"type":"Feature","geometry":{"type":"Point","coordinates":[-5.629226999999958,6.045785000000024]},"properties":{"id":42126,"nom":"CHATEAUX D EAU","type":"chateau eau","district_region":null,"departement_commune":null,"verifie":true,"name":"CHATEAUX D EAU","source":"Géoportail ANSTAT"}},{"type":"Feature","geometry":{"type":"Point","coordinates":[-5.68111099999993,5.852820000000065]},"properties":{"id":42127,"nom":"CHATEAUX D AEU","type":"chateau eau","district_region":null,"departement_commune":null,"verifie":true,"name":"CHATEAUX D AEU","source":"Géoportail ANSTAT"}},{"type":"Feature","geometry":{"type":"Point","coordinates":[-5.764842999999928,5.861076000000025]},"properties":{"id":42128,"nom":"CHATEAUX D EAU","type":"chateau eau","district_region":null,"departement_commune":null,"verifie":true,"name":"CHATEAUX D EAU","source":"Géoportail ANSTAT"}},{"type":"Feature","geometry":{"type":"Point","coordinates":[-5.186251999999968,6.082542000000046]},"properties":{"id":42129,"nom":"CHATEAU DEAU","type":"chateau eau","district_region":null,"departement_commune":null,"verifie":true,"name":"CHATEAU DEAU","source":"Géoportail ANSTAT"}},{"type":"Feature","geometry":{"type":"Point","coordinates":[-5.269961999999964,5.469753000000026]},"properties":{"id":42130,"nom":"CHATEAUX","type":"chateau eau","district_region":null,"departement_commune":null,"verifie":true,"name":"CHATEAUX","source":"Géoportail ANSTAT"}},{"type":"Feature","geometry":{"type":"Point","coordinates":[-5.364964999999927,5.575089000000048]},"properties":{"id":42131,"nom":"CHATEAUX","type":"chateau eau","district_region":null,"departement_commune":null,"verifie":true,"name":"CHATEAUX","source":"Géoportail ANSTAT"}},{"type":"Feature","geometry":{"type":"Point","coordinates":[-5.039598999999953,5.270534000000055]},"properties":{"id":42132,"nom":"CHATEAUX","type":"chateau eau","district_region":null,"departement_commune":null,"verifie":true,"name":"CHATEAUX","source":"Géoportail ANSTAT"}},{"type":"Feature","geometry":{"type":"Point","coordinates":[-5.267953999999975,5.653757000000041]},"properties":{"id":42133,"nom":"CHATEAU V3","type":"chateau eau","district_region":null,"departement_commune":null,"verifie":true,"name":"CHATEAU V3","source":"Géoportail ANSTAT"}},{"type":"Feature","geometry":{"type":"Point","coordinates":[-5.310567999999932,5.746911000000068]},"properties":{"id":42134,"nom":"CHATEAUX D EAU","type":"chateau eau","district_region":null,"departement_commune":null,"verifie":true,"name":"CHATEAUX D EAU","source":"Géoportail ANSTAT"}},{"type":"Feature","geometry":{"type":"Point","coordinates":[-5.304724999999962,5.747459000000049]},"properties":{"id":42135,"nom":"CHATEAUX D EAU","type":"chateau eau","district_region":null,"departement_commune":null,"verifie":true,"name":"CHATEAUX D EAU","source":"Géoportail ANSTAT"}},{"type":"Feature","geometry":{"type":"Point","coordinates":[-5.311567999999966,5.808294000000046]},"properties":{"id":42136,"nom":"CHATEAU DEAU","type":"chateau eau","district_region":null,"departement_commune":null,"verifie":true,"name":"CHATEAU DEAU","source":"Géoportail ANSTAT"}},{"type":"Feature","geometry":{"type":"Point","coordinates":[-5.356750999999974,5.852143000000069]},"properties":{"id":42137,"nom":"CHATEAU D EAU KONANKRO","type":"chateau eau","district_region":null,"departement_commune":null,"verifie":true,"name":"CHATEAU D EAU KONANKRO","source":"Géoportail ANSTAT"}},{"type":"Feature","geometry":{"type":"Point","coordinates":[-5.157754999999952,5.897531000000072]},"properties":{"id":42138,"nom":"CHATEAUX","type":"chateau eau","district_region":null,"departement_commune":null,"verifie":true,"name":"CHATEAUX","source":"Géoportail ANSTAT"}},{"type":"Feature","geometry":{"type":"Point","coordinates":[-5.018212999999946,5.928731000000028]},"properties":{"id":42139,"nom":"CHATEAUX D EAU","type":"chateau eau","district_region":null,"departement_commune":null,"verifie":true,"name":"CHATEAUX D EAU","source":"Géoportail ANSTAT"}},{"type":"Feature","geometry":{"type":"Point","coordinates":[-5.411096999999927,5.941027000000076]},"properties":{"id":42140,"nom":"CHATEAU D EAU DE NEBO","type":"chateau eau","district_region":null,"departement_commune":null,"verifie":true,"name":"CHATEAU D EAU DE NEBO","source":"Géoportail ANSTAT"}},{"type":"Feature","geometry":{"type":"Point","coordinates":[-5.421825999999953,5.982533000000046]},"properties":{"id":42141,"nom":"CHATEAUX D EAU","type":"chateau eau","district_region":null,"departement_commune":null,"verifie":true,"name":"CHATEAUX D EAU","source":"Géoportail ANSTAT"}},{"type":"Feature","geometry":{"type":"Point","coordinates":[-5.338538999999969,5.789909000000023]},"properties":{"id":42142,"nom":"CHATEAUX D EAU","type":"chateau eau","district_region":null,"departement_commune":null,"verifie":true,"name":"CHATEAUX D EAU","source":"Géoportail ANSTAT"}},{"type":"Feature","geometry":{"type":"Point","coordinates":[-6.371942999999931,10.12717100000003]},"properties":{"id":42143,"nom":"CHATEAUX D EAU","type":"chateau eau","district_region":null,"departement_commune":null,"verifie":true,"name":"CHATEAUX D EAU","source":"Géoportail ANSTAT"}},{"type":"Feature","geometry":{"type":"Point","coordinates":[-6.420655999999951,10.20217900000006]},"properties":{"id":42144,"nom":"CHATEAUX D EAU","type":"chateau eau","district_region":null,"departement_commune":null,"verifie":true,"name":"CHATEAUX D EAU","source":"Géoportail ANSTAT"}},{"type":"Feature","geometry":{"type":"Point","coordinates":[-6.256761999999981,9.713517000000024]},"properties":{"id":42145,"nom":"CHATEAU TIASSO","type":"chateau eau","district_region":null,"departement_commune":null,"verifie":true,"name":"CHATEAU TIASSO","source":"Géoportail ANSTAT"}},{"type":"Feature","geometry":{"type":"Point","coordinates":[-6.284288999999944,9.787347000000068]},"properties":{"id":42146,"nom":"CHATEAU DE LANDIOUGOU","type":"chateau eau","district_region":null,"departement_commune":null,"verifie":true,"name":"CHATEAU DE LANDIOUGOU","source":"Géoportail ANSTAT"}},{"type":"Feature","geometry":{"type":"Point","coordinates":[-6.148910999999941,9.810899000000065]},"properties":{"id":42147,"nom":"CHATEAU D EAU DE TOMBA","type":"chateau eau","district_region":null,"departement_commune":null,"verifie":true,"name":"CHATEAU D EAU DE TOMBA","source":"Géoportail ANSTAT"}},{"type":"Feature","geometry":{"type":"Point","coordinates":[-6.671690999999953,9.43144200000006]},"properties":{"id":42149,"nom":"CHATEAUD EAU","type":"chateau eau","district_region":null,"departement_commune":null,"verifie":true,"name":"CHATEAUD EAU","source":"Géoportail ANSTAT"}},{"type":"Feature","geometry":{"type":"Point","coordinates":[-6.198510999999939,9.51834100000002]},"properties":{"id":42150,"nom":"CHATEAUX D EAU","type":"chateau eau","district_region":null,"departement_commune":null,"verifie":true,"name":"CHATEAUX D EAU","source":"Géoportail ANSTAT"}},{"type":"Feature","geometry":{"type":"Point","coordinates":[-6.458065999999974,9.76250600000003]},"properties":{"id":42151,"nom":"CHATEAUX D EAU","type":"chateau eau","district_region":null,"departement_commune":null,"verifie":true,"name":"CHATEAUX D EAU","source":"Géoportail ANSTAT"}},{"type":"Feature","geometry":{"type":"Point","coordinates":[-6.454696999999953,9.832748000000038]},"properties":{"id":42152,"nom":"CHATEAUX D EAU","type":"chateau eau","district_region":null,"departement_commune":null,"verifie":true,"name":"CHATEAUX D EAU","source":"Géoportail ANSTAT"}},{"type":"Feature","geometry":{"type":"Point","coordinates":[-6.420156999999961,9.89331500000003]},"properties":{"id":42153,"nom":"CHATEAU DE KOUTO","type":"chateau eau","district_region":null,"departement_commune":null,"verifie":true,"name":"CHATEAU DE KOUTO","source":"Géoportail ANSTAT"}},{"type":"Feature","geometry":{"type":"Point","coordinates":[-6.490809999999954,9.525646000000052]},"properties":{"id":42154,"nom":"CHATEAU DEAU","type":"chateau eau","district_region":null,"departement_commune":null,"verifie":true,"name":"CHATEAU DEAU","source":"Géoportail ANSTAT"}},{"type":"Feature","geometry":{"type":"Point","coordinates":[-6.494882999999959,9.519495000000065]},"properties":{"id":42155,"nom":"CHATEAUX D EAU","type":"chateau eau","district_region":null,"departement_commune":null,"verifie":true,"name":"CHATEAUX D EAU","source":"Géoportail ANSTAT"}},{"type":"Feature","geometry":{"type":"Point","coordinates":[-6.260467999999946,10.61617100000007]},"properties":{"id":42156,"nom":"CHATEAU DE PAPARA","type":"chateau eau","district_region":null,"departement_commune":null,"verifie":true,"name":"CHATEAU DE PAPARA","source":"Géoportail ANSTAT"}},{"type":"Feature","geometry":{"type":"Point","coordinates":[-6.408578999999975,10.48202700000007]},"properties":{"id":42157,"nom":"CHATEAU D EAU SODECI","type":"chateau eau","district_region":null,"departement_commune":null,"verifie":true,"name":"CHATEAU D EAU SODECI","source":"Géoportail ANSTAT"}},{"type":"Feature","geometry":{"type":"Point","coordinates":[-6.105515999999966,8.325067000000047]},"properties":{"id":42158,"nom":"CHATEAUX D EAU","type":"chateau eau","district_region":null,"departement_commune":null,"verifie":true,"name":"CHATEAUX D EAU","source":"Géoportail ANSTAT"}},{"type":"Feature","geometry":{"type":"Point","coordinates":[-6.105513999999971,8.325057000000072]},"properties":{"id":42159,"nom":"CHATEAUX D EAU","type":"chateau eau","district_region":null,"departement_commune":null,"verifie":true,"name":"CHATEAUX D EAU","source":"Géoportail ANSTAT"}},{"type":"Feature","geometry":{"type":"Point","coordinates":[-6.236472999999933,8.76589800000005]},"properties":{"id":42160,"nom":"CHATEAU DEAU","type":"chateau eau","district_region":null,"departement_commune":null,"verifie":true,"name":"CHATEAU DEAU","source":"Géoportail ANSTAT"}},{"type":"Feature","geometry":{"type":"Point","coordinates":[-6.93857799999995,10.31479700000006]},"properties":{"id":42161,"nom":"CHATEAUX D EAU","type":"chateau eau","district_region":null,"departement_commune":null,"verifie":true,"name":"CHATEAUX D EAU","source":"Géoportail ANSTAT"}},{"type":"Feature","geometry":{"type":"Point","coordinates":[-7.391572999999937,9.83730600000007]},"properties":{"id":42162,"nom":"CHATEAUX D EAU","type":"chateau eau","district_region":null,"departement_commune":null,"verifie":true,"name":"CHATEAUX D EAU","source":"Géoportail ANSTAT"}},{"type":"Feature","geometry":{"type":"Point","coordinates":[-7.418999999999926,10.24426200000005]},"properties":{"id":42163,"nom":"CHATEAUX D EAU","type":"chateau eau","district_region":null,"departement_commune":null,"verifie":true,"name":"CHATEAUX D EAU","source":"Géoportail ANSTAT"}},{"type":"Feature","geometry":{"type":"Point","coordinates":[-7.487858999999958,10.22651500000006]},"properties":{"id":42164,"nom":"CHATEAUX D EAU","type":"chateau eau","district_region":null,"departement_commune":null,"verifie":true,"name":"CHATEAUX D EAU","source":"Géoportail ANSTAT"}},{"type":"Feature","geometry":{"type":"Point","coordinates":[-7.484522999999967,9.740394000000038]},"properties":{"id":42165,"nom":"CHATEAUX D EAU","type":"chateau eau","district_region":null,"departement_commune":null,"verifie":true,"name":"CHATEAUX D EAU","source":"Géoportail ANSTAT"}},{"type":"Feature","geometry":{"type":"Point","coordinates":[-7.531606999999951,10.05306900000005]},"properties":{"id":42166,"nom":"CHATEAUX D EAU","type":"chateau eau","district_region":null,"departement_commune":null,"verifie":true,"name":"CHATEAUX D EAU","source":"Géoportail ANSTAT"}},{"type":"Feature","geometry":{"type":"Point","coordinates":[-7.529664999999966,10.05336400000004]},"properties":{"id":42167,"nom":"CHATEAUX D EAU","type":"chateau eau","district_region":null,"departement_commune":null,"verifie":true,"name":"CHATEAUX D EAU","source":"Géoportail ANSTAT"}},{"type":"Feature","geometry":{"type":"Point","coordinates":[-7.834173999999962,10.20396300000004]},"properties":{"id":42168,"nom":"CHATEAUX D EAU","type":"chateau eau","district_region":null,"departement_commune":null,"verifie":true,"name":"CHATEAUX D EAU","source":"Géoportail ANSTAT"}},{"type":"Feature","geometry":{"type":"Point","coordinates":[-3.370128999999963,6.747724000000062]},"properties":{"id":42169,"nom":"CHATEAUX D EAU","type":"chateau eau","district_region":null,"departement_commune":null,"verifie":true,"name":"CHATEAUX D EAU","source":"Géoportail ANSTAT"}},{"type":"Feature","geometry":{"type":"Point","coordinates":[-3.379671999999971,6.645023000000037]},"properties":{"id":42170,"nom":"CHATEAUX D EAU","type":"chateau eau","district_region":null,"departement_commune":null,"verifie":true,"name":"CHATEAUX D EAU","source":"Géoportail ANSTAT"}},{"type":"Feature","geometry":{"type":"Point","coordinates":[-3.458185999999955,6.886811000000023]},"properties":{"id":42171,"nom":"CHATEAU DEAU","type":"chateau eau","district_region":null,"departement_commune":null,"verifie":true,"name":"CHATEAU DEAU","source":"Géoportail ANSTAT"}},{"type":"Feature","geometry":{"type":"Point","coordinates":[-3.479353999999944,6.740031000000045]},"properties":{"id":42172,"nom":"CHATEAU D EAU DU RESIDENTIEL","type":"chateau eau","district_region":null,"departement_commune":null,"verifie":true,"name":"CHATEAU D EAU DU RESIDENTIEL","source":"Géoportail ANSTAT"}},{"type":"Feature","geometry":{"type":"Point","coordinates":[-3.497438999999929,6.727378000000044]},"properties":{"id":42173,"nom":"CHATEAUX D EAU","type":"chateau eau","district_region":null,"departement_commune":null,"verifie":true,"name":"CHATEAUX D EAU","source":"Géoportail ANSTAT"}},{"type":"Feature","geometry":{"type":"Point","coordinates":[-3.244815999999958,6.914057000000071]},"properties":{"id":42174,"nom":"CHATEAU SOLAIRE","type":"chateau eau","district_region":null,"departement_commune":null,"verifie":true,"name":"CHATEAU SOLAIRE","source":"Géoportail ANSTAT"}},{"type":"Feature","geometry":{"type":"Point","coordinates":[-3.202110999999945,6.872941000000026]},"properties":{"id":42175,"nom":"CHATEAU SOLAIRE","type":"chateau eau","district_region":null,"departement_commune":null,"verifie":true,"name":"CHATEAU SOLAIRE","source":"Géoportail ANSTAT"}},{"type":"Feature","geometry":{"type":"Point","coordinates":[-3.247346999999934,7.016918000000032]},"properties":{"id":42176,"nom":"CHATEAUX D EAU","type":"chateau eau","district_region":null,"departement_commune":null,"verifie":true,"name":"CHATEAUX D EAU","source":"Géoportail ANSTAT"}},{"type":"Feature","geometry":{"type":"Point","coordinates":[-3.303523999999925,7.163538000000074]},"properties":{"id":42177,"nom":"CHATEAU D EAU DE TANGUELAN","type":"chateau eau","district_region":null,"departement_commune":null,"verifie":true,"name":"CHATEAU D EAU DE TANGUELAN","source":"Géoportail ANSTAT"}},{"type":"Feature","geometry":{"type":"Point","coordinates":[-3.407733999999948,7.079905000000053]},"properties":{"id":42178,"nom":"CHATEAU DEAU","type":"chateau eau","district_region":null,"departement_commune":null,"verifie":true,"name":"CHATEAU DEAU","source":"Géoportail ANSTAT"}},{"type":"Feature","geometry":{"type":"Point","coordinates":[-3.472913999999946,7.336738000000025]},"properties":{"id":42179,"nom":"CHATEAUX D EAU","type":"chateau eau","district_region":null,"departement_commune":null,"verifie":true,"name":"CHATEAUX D EAU","source":"Géoportail ANSTAT"}},{"type":"Feature","geometry":{"type":"Point","coordinates":[-3.199394999999924,7.121200000000044]},"properties":{"id":42180,"nom":"CHATEAUX D EAU AGNIBILEKRO","type":"chateau eau","district_region":null,"departement_commune":null,"verifie":true,"name":"CHATEAUX D EAU AGNIBILEKRO","source":"Géoportail ANSTAT"}},{"type":"Feature","geometry":{"type":"Point","coordinates":[-3.309320999999954,6.219362000000046]},"properties":{"id":42181,"nom":"CHATEAUX","type":"chateau eau","district_region":null,"departement_commune":null,"verifie":true,"name":"CHATEAUX","source":"Géoportail ANSTAT"}},{"type":"Feature","geometry":{"type":"Point","coordinates":[-3.336377999999968,6.129210000000057]},"properties":{"id":42182,"nom":"CHATEAU D EAU DE V1","type":"chateau eau","district_region":null,"departement_commune":null,"verifie":true,"name":"CHATEAU D EAU DE V1","source":"Géoportail ANSTAT"}},{"type":"Feature","geometry":{"type":"Point","coordinates":[-3.308174999999949,6.122857000000067]},"properties":{"id":42183,"nom":"CHATEAU D EAU DE V2","type":"chateau eau","district_region":null,"departement_commune":null,"verifie":true,"name":"CHATEAU D EAU DE V2","source":"Géoportail ANSTAT"}},{"type":"Feature","geometry":{"type":"Point","coordinates":[-3.404162999999926,6.077528000000029]},"properties":{"id":42184,"nom":"CHATEAUX D EAU","type":"chateau eau","district_region":null,"departement_commune":null,"verifie":true,"name":"CHATEAUX D EAU","source":"Géoportail ANSTAT"}},{"type":"Feature","geometry":{"type":"Point","coordinates":[-7.575916999999947,9.515491000000054]},"properties":{"id":42185,"nom":"CHATEAU SODECI","type":"chateau eau","district_region":null,"departement_commune":null,"verifie":true,"name":"CHATEAU SODECI","source":"Géoportail ANSTAT"}},{"type":"Feature","geometry":{"type":"Point","coordinates":[-7.574951999999939,9.488302000000033]},"properties":{"id":42186,"nom":"CHATEAUX D AEU DE JERUSALEM","type":"chateau eau","district_region":null,"departement_commune":null,"verifie":true,"name":"CHATEAUX D AEU DE JERUSALEM","source":"Géoportail ANSTAT"}},{"type":"Feature","geometry":{"type":"Point","coordinates":[-6.906650999999954,9.920487000000035]},"properties":{"id":42187,"nom":"CHATEAUX D EAU","type":"chateau eau","district_region":null,"departement_commune":null,"verifie":true,"name":"CHATEAUX D EAU","source":"Géoportail ANSTAT"}},{"type":"Feature","geometry":{"type":"Point","coordinates":[-6.942807999999957,9.61035000000004]},"properties":{"id":42188,"nom":"CHATEAUX D EAU","type":"chateau eau","district_region":null,"departement_commune":null,"verifie":true,"name":"CHATEAUX D EAU","source":"Géoportail ANSTAT"}},{"type":"Feature","geometry":{"type":"Point","coordinates":[-7.036296999999934,9.499191000000051]},"properties":{"id":42189,"nom":"CHATEAUX D EAU","type":"chateau eau","district_region":null,"departement_commune":null,"verifie":true,"name":"CHATEAUX D EAU","source":"Géoportail ANSTAT"}},{"type":"Feature","geometry":{"type":"Point","coordinates":[-7.119413999999949,9.447265000000073]},"properties":{"id":42190,"nom":"CHATEAU D EAU FARAKORO","type":"chateau eau","district_region":null,"departement_commune":null,"verifie":true,"name":"CHATEAU D EAU FARAKORO","source":"Géoportail ANSTAT"}},{"type":"Feature","geometry":{"type":"Point","coordinates":[-7.218640999999934,9.284080000000074]},"properties":{"id":42191,"nom":"CHATEAUX D EAU","type":"chateau eau","district_region":null,"departement_commune":null,"verifie":true,"name":"CHATEAUX D EAU","source":"Géoportail ANSTAT"}},{"type":"Feature","geometry":{"type":"Point","coordinates":[-7.256835999999964,9.45601300000004]},"properties":{"id":42192,"nom":"CHATEAUX D EAU","type":"chateau eau","district_region":null,"departement_commune":null,"verifie":true,"name":"CHATEAUX D EAU","source":"Géoportail ANSTAT"}},{"type":"Feature","geometry":{"type":"Point","coordinates":[-7.265151999999944,9.028852000000027]},"properties":{"id":42193,"nom":"CHATEAUX","type":"chateau eau","district_region":null,"departement_commune":null,"verifie":true,"name":"CHATEAUX","source":"Géoportail ANSTAT"}},{"type":"Feature","geometry":{"type":"Point","coordinates":[-7.313178999999934,9.537417000000062]},"properties":{"id":42194,"nom":"CHATEAU DE TIEME","type":"chateau eau","district_region":null,"departement_commune":null,"verifie":true,"name":"CHATEAU DE TIEME","source":"Géoportail ANSTAT"}},{"type":"Feature","geometry":{"type":"Point","coordinates":[-7.305253999999934,8.916134000000056]},"properties":{"id":42195,"nom":"CHATEAU DEAU","type":"chateau eau","district_region":null,"departement_commune":null,"verifie":true,"name":"CHATEAU DEAU","source":"Géoportail ANSTAT"}},{"type":"Feature","geometry":{"type":"Point","coordinates":[-7.523124999999936,9.134409000000062]},"properties":{"id":42196,"nom":"CHATEAUX D EAU","type":"chateau eau","district_region":null,"departement_commune":null,"verifie":true,"name":"CHATEAUX D EAU","source":"Géoportail ANSTAT"}},{"type":"Feature","geometry":{"type":"Point","coordinates":[-7.584609999999941,9.025901000000031]},"properties":{"id":42197,"nom":"CHATEAUX","type":"chateau eau","district_region":null,"departement_commune":null,"verifie":true,"name":"CHATEAUX","source":"Géoportail ANSTAT"}},{"type":"Feature","geometry":{"type":"Point","coordinates":[-7.59301899999997,9.08419900000007]},"properties":{"id":42198,"nom":"CHATEAUX D EAU","type":"chateau eau","district_region":null,"departement_commune":null,"verifie":true,"name":"CHATEAUX D EAU","source":"Géoportail ANSTAT"}},{"type":"Feature","geometry":{"type":"Point","coordinates":[-7.614209999999957,9.136597000000052]},"properties":{"id":42199,"nom":"CHATEAUX D EAU","type":"chateau eau","district_region":null,"departement_commune":null,"verifie":true,"name":"CHATEAUX D EAU","source":"Géoportail ANSTAT"}},{"type":"Feature","geometry":{"type":"Point","coordinates":[-7.605100999999934,9.250931000000037]},"properties":{"id":42200,"nom":"CHATEAU DEAU","type":"chateau eau","district_region":null,"departement_commune":null,"verifie":true,"name":"CHATEAU DEAU","source":"Géoportail ANSTAT"}},{"type":"Feature","geometry":{"type":"Point","coordinates":[-7.729335999999932,9.284035000000074]},"properties":{"id":42201,"nom":"CHATEAU FEREFOUGOULA","type":"chateau eau","district_region":null,"departement_commune":null,"verifie":true,"name":"CHATEAU FEREFOUGOULA","source":"Géoportail ANSTAT"}},{"type":"Feature","geometry":{"type":"Point","coordinates":[-7.76391899999993,9.756601000000046]},"properties":{"id":42202,"nom":"CHATEAUX D EAU","type":"chateau eau","district_region":null,"departement_commune":null,"verifie":true,"name":"CHATEAUX D EAU","source":"Géoportail ANSTAT"}},{"type":"Feature","geometry":{"type":"Point","coordinates":[-7.805211999999926,9.725304000000053]},"properties":{"id":42203,"nom":"CHATEAUX D EAU","type":"chateau eau","district_region":null,"departement_commune":null,"verifie":true,"name":"CHATEAUX D EAU","source":"Géoportail ANSTAT"}},{"type":"Feature","geometry":{"type":"Point","coordinates":[-7.825107999999943,9.25583800000004]},"properties":{"id":42204,"nom":"CHATEAUX D AEU DE BOUGOUSSO","type":"chateau eau","district_region":null,"departement_commune":null,"verifie":true,"name":"CHATEAUX D AEU DE BOUGOUSSO","source":"Géoportail ANSTAT"}},{"type":"Feature","geometry":{"type":"Point","coordinates":[-7.847519999999975,9.70215600000006]},"properties":{"id":42205,"nom":"CHATEAUX D EAU","type":"chateau eau","district_region":null,"departement_commune":null,"verifie":true,"name":"CHATEAUX D EAU","source":"Géoportail ANSTAT"}},{"type":"Feature","geometry":{"type":"Point","coordinates":[-7.873263999999949,9.735673000000077]},"properties":{"id":42206,"nom":"CHATEAUX D EAU","type":"chateau eau","district_region":null,"departement_commune":null,"verifie":true,"name":"CHATEAUX D EAU","source":"Géoportail ANSTAT"}},{"type":"Feature","geometry":{"type":"Point","coordinates":[-7.914692999999943,9.555025000000056]},"properties":{"id":42207,"nom":"CHATEAU D EAU KABALA","type":"chateau eau","district_region":null,"departement_commune":null,"verifie":true,"name":"CHATEAU D EAU KABALA","source":"Géoportail ANSTAT"}},{"type":"Feature","geometry":{"type":"Point","coordinates":[-3.851314999999943,5.599457000000029]},"properties":{"id":42208,"nom":"CHATEAUX D EAU","type":"chateau eau","district_region":null,"departement_commune":null,"verifie":true,"name":"CHATEAUX D EAU","source":"Géoportail ANSTAT"}},{"type":"Feature","geometry":{"type":"Point","coordinates":[-3.767852999999945,5.67163400000004]},"properties":{"id":42209,"nom":"CHATEAUX","type":"chateau eau","district_region":null,"departement_commune":null,"verifie":true,"name":"CHATEAUX","source":"Géoportail ANSTAT"}},{"type":"Feature","geometry":{"type":"Point","coordinates":[-3.637919999999951,5.566922000000034]},"properties":{"id":42210,"nom":"CHATEAUX D EAU","type":"chateau eau","district_region":null,"departement_commune":null,"verifie":true,"name":"CHATEAUX D EAU","source":"Géoportail ANSTAT"}},{"type":"Feature","geometry":{"type":"Point","coordinates":[-3.740133999999955,5.479176000000052]},"properties":{"id":42211,"nom":"CHATEAU D EAU DE MONTEZO","type":"chateau eau","district_region":null,"departement_commune":null,"verifie":true,"name":"CHATEAU D EAU DE MONTEZO","source":"Géoportail ANSTAT"}},{"type":"Feature","geometry":{"type":"Point","coordinates":[-3.636723999999958,5.310156000000063]},"properties":{"id":42212,"nom":"CHATEAUX","type":"chateau eau","district_region":null,"departement_commune":null,"verifie":true,"name":"CHATEAUX","source":"Géoportail ANSTAT"}},{"type":"Feature","geometry":{"type":"Point","coordinates":[-3.499348999999938,6.292400000000043]},"properties":{"id":42213,"nom":"CHATEAU DE MBASSO","type":"chateau eau","district_region":null,"departement_commune":null,"verifie":true,"name":"CHATEAU DE MBASSO","source":"Géoportail ANSTAT"}},{"type":"Feature","geometry":{"type":"Point","coordinates":[-3.639180999999951,6.08432300000004]},"properties":{"id":42214,"nom":"CHATEAUX D EAU","type":"chateau eau","district_region":null,"departement_commune":null,"verifie":true,"name":"CHATEAUX D EAU","source":"Géoportail ANSTAT"}},{"type":"Feature","geometry":{"type":"Point","coordinates":[-3.803586999999936,6.188265000000058]},"properties":{"id":42215,"nom":"CHATEAU DE MOAPE","type":"chateau eau","district_region":null,"departement_commune":null,"verifie":true,"name":"CHATEAU DE MOAPE","source":"Géoportail ANSTAT"}},{"type":"Feature","geometry":{"type":"Point","coordinates":[-3.815328999999963,6.263550000000066]},"properties":{"id":42216,"nom":"CHATEAU DEAU","type":"chateau eau","district_region":null,"departement_commune":null,"verifie":true,"name":"CHATEAU DEAU","source":"Géoportail ANSTAT"}},{"type":"Feature","geometry":{"type":"Point","coordinates":[-3.906844999999976,6.047404000000029]},"properties":{"id":42217,"nom":"CHATEAU DE MIADZIN","type":"chateau eau","district_region":null,"departement_commune":null,"verifie":true,"name":"CHATEAU DE MIADZIN","source":"Géoportail ANSTAT"}},{"type":"Feature","geometry":{"type":"Point","coordinates":[-3.92665999999997,5.860488000000032]},"properties":{"id":42218,"nom":"CHATEAU DEAU","type":"chateau eau","district_region":null,"departement_commune":null,"verifie":true,"name":"CHATEAU DEAU","source":"Géoportail ANSTAT"}},{"type":"Feature","geometry":{"type":"Point","coordinates":[-3.938589999999976,5.917026000000021]},"properties":{"id":42219,"nom":"CHATEAU VILLAGEOISE","type":"chateau eau","district_region":null,"departement_commune":null,"verifie":true,"name":"CHATEAU VILLAGEOISE","source":"Géoportail ANSTAT"}},{"type":"Feature","geometry":{"type":"Point","coordinates":[-3.972821999999951,6.020966000000044]},"properties":{"id":42220,"nom":"CHATEAU D EAU GRAND AKOUDZIN","type":"chateau eau","district_region":null,"departement_commune":null,"verifie":true,"name":"CHATEAU D EAU GRAND AKOUDZIN","source":"Géoportail ANSTAT"}},{"type":"Feature","geometry":{"type":"Point","coordinates":[-3.73799299999996,5.934853000000032]},"properties":{"id":42221,"nom":"CHATEAU DEAU DE BASSADZIN","type":"chateau eau","district_region":null,"departement_commune":null,"verifie":true,"name":"CHATEAU DEAU DE BASSADZIN","source":"Géoportail ANSTAT"}},{"type":"Feature","geometry":{"type":"Point","coordinates":[-3.782122999999956,6.011043000000029]},"properties":{"id":42222,"nom":"CHATEAUX D EAU","type":"chateau eau","district_region":null,"departement_commune":null,"verifie":true,"name":"CHATEAUX D EAU","source":"Géoportail ANSTAT"}},{"type":"Feature","geometry":{"type":"Point","coordinates":[-3.828212999999948,5.856576000000075]},"properties":{"id":42223,"nom":"CHATEAU DEAU DE LOBO AKOUDZIN","type":"chateau eau","district_region":null,"departement_commune":null,"verifie":true,"name":"CHATEAU DEAU DE LOBO AKOUDZIN","source":"Géoportail ANSTAT"}},{"type":"Feature","geometry":{"type":"Point","coordinates":[-3.664655999999979,6.183654000000047]},"properties":{"id":42224,"nom":"CHATEAU DEAU","type":"chateau eau","district_region":null,"departement_commune":null,"verifie":true,"name":"CHATEAU DEAU","source":"Géoportail ANSTAT"}},{"type":"Feature","geometry":{"type":"Point","coordinates":[-3.808960999999954,5.993335000000059]},"properties":{"id":42225,"nom":"CHATEAUX","type":"chateau eau","district_region":null,"departement_commune":null,"verifie":true,"name":"CHATEAUX","source":"Géoportail ANSTAT"}},{"type":"Feature","geometry":{"type":"Point","coordinates":[-3.455861999999968,5.372052000000053]},"properties":{"id":42226,"nom":"CHATEAU DEAU WOGNINKRO","type":"chateau eau","district_region":null,"departement_commune":null,"verifie":true,"name":"CHATEAU DEAU WOGNINKRO","source":"Géoportail ANSTAT"}},{"type":"Feature","geometry":{"type":"Point","coordinates":[-3.582711999999958,5.410493000000031]},"properties":{"id":42227,"nom":"CHATEAUX","type":"chateau eau","district_region":null,"departement_commune":null,"verifie":true,"name":"CHATEAUX","source":"Géoportail ANSTAT"}},{"type":"Feature","geometry":{"type":"Point","coordinates":[-3.571065999999973,5.38277800000003]},"properties":{"id":42228,"nom":"CHATEAUX D EAU","type":"chateau eau","district_region":null,"departement_commune":null,"verifie":true,"name":"CHATEAUX D EAU","source":"Géoportail ANSTAT"}},{"type":"Feature","geometry":{"type":"Point","coordinates":[-3.505695999999944,5.418646000000024]},"properties":{"id":42229,"nom":"CHATEAUX D EAU","type":"chateau eau","district_region":null,"departement_commune":null,"verifie":true,"name":"CHATEAUX D EAU","source":"Géoportail ANSTAT"}},{"type":"Feature","geometry":{"type":"Point","coordinates":[-3.512475999999936,5.50290300000006]},"properties":{"id":42230,"nom":"CHATEAU DEAU PRES DE GRANDE SECTION","type":"chateau eau","district_region":null,"departement_commune":null,"verifie":true,"name":"CHATEAU DEAU PRES DE GRANDE SECTION","source":"Géoportail ANSTAT"}},{"type":"Feature","geometry":{"type":"Point","coordinates":[-3.51643299999995,5.501122000000066]},"properties":{"id":42231,"nom":"CHATEAU DEAU SAPH","type":"chateau eau","district_region":null,"departement_commune":null,"verifie":true,"name":"CHATEAU DEAU SAPH","source":"Géoportail ANSTAT"}},{"type":"Feature","geometry":{"type":"Point","coordinates":[-3.546210999999971,5.505948000000046]},"properties":{"id":42232,"nom":"CHATEAU DEAU","type":"chateau eau","district_region":null,"departement_commune":null,"verifie":true,"name":"CHATEAU DEAU","source":"Géoportail ANSTAT"}},{"type":"Feature","geometry":{"type":"Point","coordinates":[-3.564511999999979,5.480874000000028]},"properties":{"id":42233,"nom":"CHATEAUX D EAU","type":"chateau eau","district_region":null,"departement_commune":null,"verifie":true,"name":"CHATEAUX D EAU","source":"Géoportail ANSTAT"}},{"type":"Feature","geometry":{"type":"Point","coordinates":[-3.564407999999958,5.479925000000037]},"properties":{"id":42234,"nom":"CHATEAUX D EAU","type":"chateau eau","district_region":null,"departement_commune":null,"verifie":true,"name":"CHATEAUX D EAU","source":"Géoportail ANSTAT"}},{"type":"Feature","geometry":{"type":"Point","coordinates":[-3.547366999999952,5.510409000000038]},"properties":{"id":42235,"nom":"CHATEAUX D EAU","type":"chateau eau","district_region":null,"departement_commune":null,"verifie":true,"name":"CHATEAUX D EAU","source":"Géoportail ANSTAT"}},{"type":"Feature","geometry":{"type":"Point","coordinates":[-3.802808999999968,5.278313000000026]},"properties":{"id":42236,"nom":"CHATEAUX D EAU","type":"chateau eau","district_region":null,"departement_commune":null,"verifie":true,"name":"CHATEAUX D EAU","source":"Géoportail ANSTAT"}},{"type":"Feature","geometry":{"type":"Point","coordinates":[-3.580337999999927,5.268228000000022]},"properties":{"id":42237,"nom":"CHATEAU DE BONOUA","type":"chateau eau","district_region":null,"departement_commune":null,"verifie":true,"name":"CHATEAU DE BONOUA","source":"Géoportail ANSTAT"}},{"type":"Feature","geometry":{"type":"Point","coordinates":[-3.434848999999929,5.297579000000042]},"properties":{"id":42239,"nom":"CHATEAUX","type":"chateau eau","district_region":null,"departement_commune":null,"verifie":true,"name":"CHATEAUX","source":"Géoportail ANSTAT"}},{"type":"Feature","geometry":{"type":"Point","coordinates":[-3.130845999999963,5.148705000000064]},"properties":{"id":42240,"nom":"CHATEAUX D EAU","type":"chateau eau","district_region":null,"departement_commune":null,"verifie":true,"name":"CHATEAUX D EAU","source":"Géoportail ANSTAT"}},{"type":"Feature","geometry":{"type":"Point","coordinates":[-3.136300999999946,5.112167000000056]},"properties":{"id":42241,"nom":"CHATEAUX D EAU","type":"chateau eau","district_region":null,"departement_commune":null,"verifie":true,"name":"CHATEAUX D EAU","source":"Géoportail ANSTAT"}},{"type":"Feature","geometry":{"type":"Point","coordinates":[-3.179544999999962,5.117924000000073]},"properties":{"id":42242,"nom":"CHATEAUX D EAU","type":"chateau eau","district_region":null,"departement_commune":null,"verifie":true,"name":"CHATEAUX D EAU","source":"Géoportail ANSTAT"}},{"type":"Feature","geometry":{"type":"Point","coordinates":[-2.897289999999941,5.181647000000055]},"properties":{"id":42243,"nom":"CHATEAUX D EAU","type":"chateau eau","district_region":null,"departement_commune":null,"verifie":true,"name":"CHATEAUX D EAU","source":"Géoportail ANSTAT"}},{"type":"Feature","geometry":{"type":"Point","coordinates":[-2.93815399999994,5.17613700000004]},"properties":{"id":42244,"nom":"CHATEAUX D EAU","type":"chateau eau","district_region":null,"departement_commune":null,"verifie":true,"name":"CHATEAUX D EAU","source":"Géoportail ANSTAT"}},{"type":"Feature","geometry":{"type":"Point","coordinates":[-2.938949999999977,5.174652000000037]},"properties":{"id":42245,"nom":"CHATEAUX D EAU","type":"chateau eau","district_region":null,"departement_commune":null,"verifie":true,"name":"CHATEAUX D EAU","source":"Géoportail ANSTAT"}},{"type":"Feature","geometry":{"type":"Point","coordinates":[-2.968398999999977,5.244776000000059]},"properties":{"id":42246,"nom":"CHATEAUX","type":"chateau eau","district_region":null,"departement_commune":null,"verifie":true,"name":"CHATEAUX","source":"Géoportail ANSTAT"}},{"type":"Feature","geometry":{"type":"Point","coordinates":[-3.049945999999977,5.149381000000062]},"properties":{"id":42247,"nom":"CHATEAU D EAU DE NGUIEME","type":"chateau eau","district_region":null,"departement_commune":null,"verifie":true,"name":"CHATEAU D EAU DE NGUIEME","source":"Géoportail ANSTAT"}},{"type":"Feature","geometry":{"type":"Point","coordinates":[-3.212879999999927,5.207860000000039]},"properties":{"id":42248,"nom":"CHATEAUX D EAU","type":"chateau eau","district_region":null,"departement_commune":null,"verifie":true,"name":"CHATEAUX D EAU","source":"Géoportail ANSTAT"}},{"type":"Feature","geometry":{"type":"Point","coordinates":[-3.171431999999925,5.38839500000006]},"properties":{"id":42249,"nom":"CHATEAU DEAU DEPIENOU","type":"chateau eau","district_region":null,"departement_commune":null,"verifie":true,"name":"CHATEAU DEAU DEPIENOU","source":"Géoportail ANSTAT"}},{"type":"Feature","geometry":{"type":"Point","coordinates":[-3.245098999999925,5.505732000000023]},"properties":{"id":42250,"nom":"CHATEAUX D EAU","type":"chateau eau","district_region":null,"departement_commune":null,"verifie":true,"name":"CHATEAUX D EAU","source":"Géoportail ANSTAT"}},{"type":"Feature","geometry":{"type":"Point","coordinates":[-3.254245999999966,5.46052700000007]},"properties":{"id":42251,"nom":"CHATEAUX D EAU D ASSOUBA","type":"chateau eau","district_region":null,"departement_commune":null,"verifie":true,"name":"CHATEAUX D EAU D ASSOUBA","source":"Géoportail ANSTAT"}},{"type":"Feature","geometry":{"type":"Point","coordinates":[-3.348509999999976,5.357238000000052]},"properties":{"id":42252,"nom":"CHATEAU D EAU DE TOUMANGUIE V 3","type":"chateau eau","district_region":null,"departement_commune":null,"verifie":true,"name":"CHATEAU D EAU DE TOUMANGUIE V 3","source":"Géoportail ANSTAT"}},{"type":"Feature","geometry":{"type":"Point","coordinates":[-3.334000999999944,5.405281000000059]},"properties":{"id":42253,"nom":"CHATEAU DEAU DE DIATOKRO","type":"chateau eau","district_region":null,"departement_commune":null,"verifie":true,"name":"CHATEAU DEAU DE DIATOKRO","source":"Géoportail ANSTAT"}},{"type":"Feature","geometry":{"type":"Point","coordinates":[-3.334068999999943,5.404346000000032]},"properties":{"id":42254,"nom":"CHATEAUX D EAU","type":"chateau eau","district_region":null,"departement_commune":null,"verifie":true,"name":"CHATEAUX D EAU","source":"Géoportail ANSTAT"}},{"type":"Feature","geometry":{"type":"Point","coordinates":[-3.351198999999951,5.407206000000031]},"properties":{"id":42255,"nom":"CHATEAU DEAU DE BABADOUGOU","type":"chateau eau","district_region":null,"departement_commune":null,"verifie":true,"name":"CHATEAU DEAU DE BABADOUGOU","source":"Géoportail ANSTAT"}},{"type":"Feature","geometry":{"type":"Point","coordinates":[-3.342539999999929,5.407350000000065]},"properties":{"id":42256,"nom":"CHATEAUX D EAU","type":"chateau eau","district_region":null,"departement_commune":null,"verifie":true,"name":"CHATEAUX D EAU","source":"Géoportail ANSTAT"}},{"type":"Feature","geometry":{"type":"Point","coordinates":[-3.381623999999931,5.354723000000035]},"properties":{"id":42257,"nom":"CHATEAUX D EAU","type":"chateau eau","district_region":null,"departement_commune":null,"verifie":true,"name":"CHATEAUX D EAU","source":"Géoportail ANSTAT"}},{"type":"Feature","geometry":{"type":"Point","coordinates":[-3.381380999999976,5.408987000000025]},"properties":{"id":42258,"nom":"CHATEAUX D EAU","type":"chateau eau","district_region":null,"departement_commune":null,"verifie":true,"name":"CHATEAUX D EAU","source":"Géoportail ANSTAT"}},{"type":"Feature","geometry":{"type":"Point","coordinates":[-3.169922999999926,5.549346000000071]},"properties":{"id":42259,"nom":"CHATEAUX D AMOAKRO","type":"chateau eau","district_region":null,"departement_commune":null,"verifie":true,"name":"CHATEAUX D AMOAKRO","source":"Géoportail ANSTAT"}},{"type":"Feature","geometry":{"type":"Point","coordinates":[-2.833775999999943,5.50347400000004]},"properties":{"id":42260,"nom":"CHATEAUX D EAU","type":"chateau eau","district_region":null,"departement_commune":null,"verifie":true,"name":"CHATEAUX D EAU","source":"Géoportail ANSTAT"}},{"type":"Feature","geometry":{"type":"Point","coordinates":[-2.983877999999947,5.337321000000031]},"properties":{"id":42261,"nom":"CHATEAU DEAU V8","type":"chateau eau","district_region":null,"departement_commune":null,"verifie":true,"name":"CHATEAU DEAU V8","source":"Géoportail ANSTAT"}},{"type":"Feature","geometry":{"type":"Point","coordinates":[-2.99023399999993,5.650576000000058]},"properties":{"id":42262,"nom":"CHATEAU D EAU DE SEBA","type":"chateau eau","district_region":null,"departement_commune":null,"verifie":true,"name":"CHATEAU D EAU DE SEBA","source":"Géoportail ANSTAT"}},{"type":"Feature","geometry":{"type":"Point","coordinates":[-3.056339999999977,5.301639000000023]},"properties":{"id":42263,"nom":"CHATEAU SODECI","type":"chateau eau","district_region":null,"departement_commune":null,"verifie":true,"name":"CHATEAU SODECI","source":"Géoportail ANSTAT"}},{"type":"Feature","geometry":{"type":"Point","coordinates":[-3.073556999999937,5.226591000000042]},"properties":{"id":42264,"nom":"CHATEAU D EAU EHANIA V4","type":"chateau eau","district_region":null,"departement_commune":null,"verifie":true,"name":"CHATEAU D EAU EHANIA V4","source":"Géoportail ANSTAT"}},{"type":"Feature","geometry":{"type":"Point","coordinates":[-3.190376999999955,6.002923000000067]},"properties":{"id":42265,"nom":"CHATEAU D EAU DEBIANOUAN","type":"chateau eau","district_region":null,"departement_commune":null,"verifie":true,"name":"CHATEAU D EAU DEBIANOUAN","source":"Géoportail ANSTAT"}},{"type":"Feature","geometry":{"type":"Point","coordinates":[-3.174026999999967,5.599842000000024]},"properties":{"id":42266,"nom":"CHATEAU DEAU","type":"chateau eau","district_region":null,"departement_commune":null,"verifie":true,"name":"CHATEAU DEAU","source":"Géoportail ANSTAT"}},{"type":"Feature","geometry":{"type":"Point","coordinates":[-3.160284999999931,5.604907000000026]},"properties":{"id":42267,"nom":"CHATEAU DEAU SODECI","type":"chateau eau","district_region":null,"departement_commune":null,"verifie":true,"name":"CHATEAU DEAU SODECI","source":"Géoportail ANSTAT"}},{"type":"Feature","geometry":{"type":"Point","coordinates":[-3.420361999999955,5.293489000000022]},"properties":{"id":42268,"nom":"CHATEAUX","type":"chateau eau","district_region":null,"departement_commune":null,"verifie":true,"name":"CHATEAUX","source":"Géoportail ANSTAT"}},{"type":"Feature","geometry":{"type":"Point","coordinates":[-3.390195999999946,5.306732000000068]},"properties":{"id":42269,"nom":"CHATEAUX","type":"chateau eau","district_region":null,"departement_commune":null,"verifie":true,"name":"CHATEAUX","source":"Géoportail ANSTAT"}},{"type":"Feature","geometry":{"type":"Point","coordinates":[-5.529892999999959,8.768838000000073]},"properties":{"id":42270,"nom":"CHATEAU D EAU DE NABEDJAKAHA","type":"chateau eau","district_region":null,"departement_commune":null,"verifie":true,"name":"CHATEAU D EAU DE NABEDJAKAHA","source":"Géoportail ANSTAT"}},{"type":"Feature","geometry":{"type":"Point","coordinates":[-5.193368999999961,8.450826000000063]},"properties":{"id":42271,"nom":"CHATEAUX D EAU","type":"chateau eau","district_region":null,"departement_commune":null,"verifie":true,"name":"CHATEAUX D EAU","source":"Géoportail ANSTAT"}},{"type":"Feature","geometry":{"type":"Point","coordinates":[-5.195023999999933,8.787510000000054]},"properties":{"id":42272,"nom":"CHATEAU DE ARIKOKAHA","type":"chateau eau","district_region":null,"departement_commune":null,"verifie":true,"name":"CHATEAU DE ARIKOKAHA","source":"Géoportail ANSTAT"}},{"type":"Feature","geometry":{"type":"Point","coordinates":[-5.197477999999933,8.787303000000065]},"properties":{"id":42273,"nom":"CHATEAU DE L HOPITAL","type":"chateau eau","district_region":null,"departement_commune":null,"verifie":true,"name":"CHATEAU DE L HOPITAL","source":"Géoportail ANSTAT"}},{"type":"Feature","geometry":{"type":"Point","coordinates":[-5.17475799999994,8.936316000000033]},"properties":{"id":42274,"nom":"CHATEAU DE NIEDEKAHA","type":"chateau eau","district_region":null,"departement_commune":null,"verifie":true,"name":"CHATEAU DE NIEDEKAHA","source":"Géoportail ANSTAT"}},{"type":"Feature","geometry":{"type":"Point","coordinates":[-5.057688999999925,8.299257000000068]},"properties":{"id":42275,"nom":"CHATEAU DE KANANGONON","type":"chateau eau","district_region":null,"departement_commune":null,"verifie":true,"name":"CHATEAU DE KANANGONON","source":"Géoportail ANSTAT"}},{"type":"Feature","geometry":{"type":"Point","coordinates":[-5.295438999999931,8.657616000000075]},"properties":{"id":42276,"nom":"CHATEAU D EAU DU CHATEAU","type":"chateau eau","district_region":null,"departement_commune":null,"verifie":true,"name":"CHATEAU D EAU DU CHATEAU","source":"Géoportail ANSTAT"}},{"type":"Feature","geometry":{"type":"Point","coordinates":[-5.681433999999967,8.77730900000006]},"properties":{"id":42277,"nom":"CHATEAUX D EAU","type":"chateau eau","district_region":null,"departement_commune":null,"verifie":true,"name":"CHATEAUX D EAU","source":"Géoportail ANSTAT"}},{"type":"Feature","geometry":{"type":"Point","coordinates":[-5.128288999999938,8.227899000000036]},"properties":{"id":42278,"nom":"CHATEAU DEAU","type":"chateau eau","district_region":null,"departement_commune":null,"verifie":true,"name":"CHATEAU DEAU","source":"Géoportail ANSTAT"}},{"type":"Feature","geometry":{"type":"Point","coordinates":[-5.130180999999936,8.203666000000055]},"properties":{"id":42279,"nom":"CHATEAUX D EAU","type":"chateau eau","district_region":null,"departement_commune":null,"verifie":true,"name":"CHATEAUX D EAU","source":"Géoportail ANSTAT"}},{"type":"Feature","geometry":{"type":"Point","coordinates":[-4.383108999999934,8.458704000000068]},"properties":{"id":42280,"nom":"CHATEAU DEAU","type":"chateau eau","district_region":null,"departement_commune":null,"verifie":true,"name":"CHATEAU DEAU","source":"Géoportail ANSTAT"}},{"type":"Feature","geometry":{"type":"Point","coordinates":[-4.482902999999965,8.47037000000006]},"properties":{"id":42281,"nom":"CHATEAU DEAU","type":"chateau eau","district_region":null,"departement_commune":null,"verifie":true,"name":"CHATEAU DEAU","source":"Géoportail ANSTAT"}},{"type":"Feature","geometry":{"type":"Point","coordinates":[-4.645011999999952,8.626539000000037]},"properties":{"id":42282,"nom":"CHATEAU DE FOUMBOLO","type":"chateau eau","district_region":null,"departement_commune":null,"verifie":true,"name":"CHATEAU DE FOUMBOLO","source":"Géoportail ANSTAT"}},{"type":"Feature","geometry":{"type":"Point","coordinates":[-4.716549999999927,8.372812000000067]},"properties":{"id":42283,"nom":"CHATEAU DEAU","type":"chateau eau","district_region":null,"departement_commune":null,"verifie":true,"name":"CHATEAU DEAU","source":"Géoportail ANSTAT"}},{"type":"Feature","geometry":{"type":"Point","coordinates":[-5.167556999999931,9.214789000000051]},"properties":{"id":42284,"nom":"CHATEAUX D EAU","type":"chateau eau","district_region":null,"departement_commune":null,"verifie":true,"name":"CHATEAUX D EAU","source":"Géoportail ANSTAT"}},{"type":"Feature","geometry":{"type":"Point","coordinates":[-7.580629999999928,7.20453800000007]},"properties":{"id":42285,"nom":"CHATEAUX D EAU","type":"chateau eau","district_region":null,"departement_commune":null,"verifie":true,"name":"CHATEAUX D EAU","source":"Géoportail ANSTAT"}},{"type":"Feature","geometry":{"type":"Point","coordinates":[-7.647373999999957,7.238716000000068]},"properties":{"id":42286,"nom":"CHATEAU DE GOUEKANGOUINE","type":"chateau eau","district_region":null,"departement_commune":null,"verifie":true,"name":"CHATEAU DE GOUEKANGOUINE","source":"Géoportail ANSTAT"}},{"type":"Feature","geometry":{"type":"Point","coordinates":[-7.709925999999939,7.097911000000067]},"properties":{"id":42287,"nom":"CHATEAUX","type":"chateau eau","district_region":null,"departement_commune":null,"verifie":true,"name":"CHATEAUX","source":"Géoportail ANSTAT"}},{"type":"Feature","geometry":{"type":"Point","coordinates":[-7.557141999999942,7.108465000000024]},"properties":{"id":42288,"nom":"CHATEAUX","type":"chateau eau","district_region":null,"departement_commune":null,"verifie":true,"name":"CHATEAUX","source":"Géoportail ANSTAT"}},{"type":"Feature","geometry":{"type":"Point","coordinates":[-7.72385399999996,7.636800000000051]},"properties":{"id":42294,"nom":"CHATEAU DEAU","type":"chateau eau","district_region":null,"departement_commune":null,"verifie":true,"name":"CHATEAU DEAU","source":"Géoportail ANSTAT"}},{"type":"Feature","geometry":{"type":"Point","coordinates":[-8.207036999999957,6.915996000000064]},"properties":{"id":42295,"nom":"CHATEAUX  D EAU","type":"chateau eau","district_region":null,"departement_commune":null,"verifie":true,"name":"CHATEAUX  D EAU","source":"Géoportail ANSTAT"}},{"type":"Feature","geometry":{"type":"Point","coordinates":[-4.023408999999958,7.749908000000062]},"properties":{"id":42296,"nom":"CHATEAUX D EAU","type":"chateau eau","district_region":null,"departement_commune":null,"verifie":true,"name":"CHATEAUX D EAU","source":"Géoportail ANSTAT"}},{"type":"Feature","geometry":{"type":"Point","coordinates":[-4.447905999999932,7.354292000000044]},"properties":{"id":42297,"nom":"CHATEAU DEAU DE APKASSANOU","type":"chateau eau","district_region":null,"departement_commune":null,"verifie":true,"name":"CHATEAU DEAU DE APKASSANOU","source":"Géoportail ANSTAT"}},{"type":"Feature","geometry":{"type":"Point","coordinates":[-4.042283999999938,7.903040000000033]},"properties":{"id":42298,"nom":"CHATEAUX D EAU","type":"chateau eau","district_region":null,"departement_commune":null,"verifie":true,"name":"CHATEAUX D EAU","source":"Géoportail ANSTAT"}},{"type":"Feature","geometry":{"type":"Point","coordinates":[-3.987395999999933,7.867805000000033]},"properties":{"id":42299,"nom":"CHATEAUX D EAU","type":"chateau eau","district_region":null,"departement_commune":null,"verifie":true,"name":"CHATEAUX D EAU","source":"Géoportail ANSTAT"}},{"type":"Feature","geometry":{"type":"Point","coordinates":[-4.459952999999928,7.425470000000075]},"properties":{"id":42300,"nom":"CHATEAU DTAUTAU","type":"chateau eau","district_region":null,"departement_commune":null,"verifie":true,"name":"CHATEAU DTAUTAU","source":"Géoportail ANSTAT"}},{"type":"Feature","geometry":{"type":"Point","coordinates":[-3.914708999999959,7.478085000000021]},"properties":{"id":42301,"nom":"CHATEAUX D EAU","type":"chateau eau","district_region":null,"departement_commune":null,"verifie":true,"name":"CHATEAUX D EAU","source":"Géoportail ANSTAT"}},{"type":"Feature","geometry":{"type":"Point","coordinates":[-3.960221999999931,7.472505000000069]},"properties":{"id":42302,"nom":"CHATEAU DEAU","type":"chateau eau","district_region":null,"departement_commune":null,"verifie":true,"name":"CHATEAU DEAU","source":"Géoportail ANSTAT"}},{"type":"Feature","geometry":{"type":"Point","coordinates":[-3.971173999999962,7.055568000000051]},"properties":{"id":42303,"nom":"CHATEAU DE LA SODECI","type":"chateau eau","district_region":null,"departement_commune":null,"verifie":true,"name":"CHATEAU DE LA SODECI","source":"Géoportail ANSTAT"}},{"type":"Feature","geometry":{"type":"Point","coordinates":[-3.970929999999953,7.055408000000057]},"properties":{"id":42304,"nom":"CHATEAU DEAU SODECI DAOUKRO","type":"chateau eau","district_region":null,"departement_commune":null,"verifie":true,"name":"CHATEAU DEAU SODECI DAOUKRO","source":"Géoportail ANSTAT"}},{"type":"Feature","geometry":{"type":"Point","coordinates":[-3.571639999999945,7.498513000000059]},"properties":{"id":42305,"nom":"CHATEAUX D EAU","type":"chateau eau","district_region":null,"departement_commune":null,"verifie":true,"name":"CHATEAUX D EAU","source":"Géoportail ANSTAT"}},{"type":"Feature","geometry":{"type":"Point","coordinates":[-3.627280999999925,7.11534000000006]},"properties":{"id":42306,"nom":"CHATEAU DE AMOIKONKRO","type":"chateau eau","district_region":null,"departement_commune":null,"verifie":true,"name":"CHATEAU DE AMOIKONKRO","source":"Géoportail ANSTAT"}},{"type":"Feature","geometry":{"type":"Point","coordinates":[-4.025792999999965,7.266906000000063]},"properties":{"id":42307,"nom":"CHATEAU DE N ZI AKAKRO","type":"chateau eau","district_region":null,"departement_commune":null,"verifie":true,"name":"CHATEAU DE N ZI AKAKRO","source":"Géoportail ANSTAT"}},{"type":"Feature","geometry":{"type":"Point","coordinates":[-3.949726999999939,7.15150200000005]},"properties":{"id":42308,"nom":"CHATEAU D EAU NOUVEAU VILLAGE","type":"chateau eau","district_region":null,"departement_commune":null,"verifie":true,"name":"CHATEAU D EAU NOUVEAU VILLAGE","source":"Géoportail ANSTAT"}},{"type":"Feature","geometry":{"type":"Point","coordinates":[-3.749908999999946,7.064052000000061]},"properties":{"id":42309,"nom":"CHATEAUX D EAU","type":"chateau eau","district_region":null,"departement_commune":null,"verifie":true,"name":"CHATEAUX D EAU","source":"Géoportail ANSTAT"}},{"type":"Feature","geometry":{"type":"Point","coordinates":[-3.59297799999996,7.372452000000067]},"properties":{"id":42310,"nom":"CHATEAU D TEAU","type":"chateau eau","district_region":null,"departement_commune":null,"verifie":true,"name":"CHATEAU D TEAU","source":"Géoportail ANSTAT"}},{"type":"Feature","geometry":{"type":"Point","coordinates":[-4.011085999999978,7.293096000000048]},"properties":{"id":42311,"nom":"CHATEAU DEAU DE OUELLE","type":"chateau eau","district_region":null,"departement_commune":null,"verifie":true,"name":"CHATEAU DEAU DE OUELLE","source":"Géoportail ANSTAT"}},{"type":"Feature","geometry":{"type":"Point","coordinates":[-4.598415999999929,7.512215000000026]},"properties":{"id":42312,"nom":"CHATEAU DEAU","type":"chateau eau","district_region":null,"departement_commune":null,"verifie":true,"name":"CHATEAU DEAU","source":"Géoportail ANSTAT"}},{"type":"Feature","geometry":{"type":"Point","coordinates":[-5.278734999999926,9.504924000000074]},"properties":{"id":42313,"nom":"CHATEAUX DEAU","type":"chateau eau","district_region":null,"departement_commune":null,"verifie":true,"name":"CHATEAUX DEAU","source":"Géoportail ANSTAT"}},{"type":"Feature","geometry":{"type":"Point","coordinates":[-5.261582999999973,9.660890000000052]},"properties":{"id":42314,"nom":"CHATEAUX DE DOUFOVOGO","type":"chateau eau","district_region":null,"departement_commune":null,"verifie":true,"name":"CHATEAUX DE DOUFOVOGO","source":"Géoportail ANSTAT"}},{"type":"Feature","geometry":{"type":"Point","coordinates":[-5.159500999999977,9.976910000000032]},"properties":{"id":42315,"nom":"CHATEAUX DEAU","type":"chateau eau","district_region":null,"departement_commune":null,"verifie":true,"name":"CHATEAUX DEAU","source":"Géoportail ANSTAT"}},{"type":"Feature","geometry":{"type":"Point","coordinates":[-5.61012599999998,10.03593800000004]},"properties":{"id":42316,"nom":"CHTEAU D EAUX","type":"chateau eau","district_region":null,"departement_commune":null,"verifie":true,"name":"CHTEAU D EAUX","source":"Géoportail ANSTAT"}},{"type":"Feature","geometry":{"type":"Point","coordinates":[-5.197032999999976,10.09384800000004]},"properties":{"id":42317,"nom":"CHATEAUX D EAU DE DJIRIRA","type":"chateau eau","district_region":null,"departement_commune":null,"verifie":true,"name":"CHATEAUX D EAU DE DJIRIRA","source":"Géoportail ANSTAT"}},{"type":"Feature","geometry":{"type":"Point","coordinates":[-5.619338999999968,10.33616000000006]},"properties":{"id":42318,"nom":"CHATEAUX DEAU ILOT 4","type":"chateau eau","district_region":null,"departement_commune":null,"verifie":true,"name":"CHATEAUX DEAU ILOT 4","source":"Géoportail ANSTAT"}},{"type":"Feature","geometry":{"type":"Point","coordinates":[-5.299698999999976,9.721087000000068]},"properties":{"id":42319,"nom":"CHATEAUX DE NAMBEGUEVOGO","type":"chateau eau","district_region":null,"departement_commune":null,"verifie":true,"name":"CHATEAUX DE NAMBEGUEVOGO","source":"Géoportail ANSTAT"}},{"type":"Feature","geometry":{"type":"Point","coordinates":[-7.119651999999974,4.676375000000064]},"properties":{"id":42320,"nom":"CHATEAUX DEAU DE BACO2","type":"chateau eau","district_region":null,"departement_commune":null,"verifie":true,"name":"CHATEAUX DEAU DE BACO2","source":"Géoportail ANSTAT"}},{"type":"Feature","geometry":{"type":"Point","coordinates":[-6.830163999999968,4.680793000000051]},"properties":{"id":42321,"nom":"CHATEAUX PRIVEE","type":"chateau eau","district_region":null,"departement_commune":null,"verifie":true,"name":"CHATEAUX PRIVEE","source":"Géoportail ANSTAT"}},{"type":"Feature","geometry":{"type":"Point","coordinates":[-7.091608999999949,4.711148000000037]},"properties":{"id":42322,"nom":"CHATEAUX D EAU DE HEKE1","type":"chateau eau","district_region":null,"departement_commune":null,"verifie":true,"name":"CHATEAUX D EAU DE HEKE1","source":"Géoportail ANSTAT"}},{"type":"Feature","geometry":{"type":"Point","coordinates":[-7.101141999999925,4.625973000000045]},"properties":{"id":42323,"nom":"CHATEAUX D EAU DE SINGHE 1","type":"chateau eau","district_region":null,"departement_commune":null,"verifie":true,"name":"CHATEAUX D EAU DE SINGHE 1","source":"Géoportail ANSTAT"}},{"type":"Feature","geometry":{"type":"Point","coordinates":[-7.111924999999928,4.589026000000047]},"properties":{"id":42324,"nom":"CHATEAUX D EAU DE SINGHE 2","type":"chateau eau","district_region":null,"departement_commune":null,"verifie":true,"name":"CHATEAUX D EAU DE SINGHE 2","source":"Géoportail ANSTAT"}},{"type":"Feature","geometry":{"type":"Point","coordinates":[-7.40645399999994,4.682158000000072]},"properties":{"id":42325,"nom":"CHATEAUX DEAU DE IBOKE V2","type":"chateau eau","district_region":null,"departement_commune":null,"verifie":true,"name":"CHATEAUX DEAU DE IBOKE V2","source":"Géoportail ANSTAT"}},{"type":"Feature","geometry":{"type":"Point","coordinates":[-5.774140999999929,9.896679000000065]},"properties":{"id":42326,"nom":"CHATEAUX D EAU DE POUNGBE","type":"chateau eau","district_region":null,"departement_commune":null,"verifie":true,"name":"CHATEAUX D EAU DE POUNGBE","source":"Géoportail ANSTAT"}},{"type":"Feature","geometry":{"type":"Point","coordinates":[-5.795548999999937,9.944286000000034]},"properties":{"id":42327,"nom":"CHATEAUX D EAU DE KATIONRON","type":"chateau eau","district_region":null,"departement_commune":null,"verifie":true,"name":"CHATEAUX D EAU DE KATIONRON","source":"Géoportail ANSTAT"}},{"type":"Feature","geometry":{"type":"Point","coordinates":[-5.916862999999978,9.970390000000066]},"properties":{"id":42328,"nom":"CHATEAUX D EAU DE FOUNDO 1","type":"chateau eau","district_region":null,"departement_commune":null,"verifie":true,"name":"CHATEAUX D EAU DE FOUNDO 1","source":"Géoportail ANSTAT"}},{"type":"Feature","geometry":{"type":"Point","coordinates":[-6.096415999999977,9.27784900000006]},"properties":{"id":42329,"nom":"CHATEAUX D EAU DE SIRASSO","type":"chateau eau","district_region":null,"departement_commune":null,"verifie":true,"name":"CHATEAUX D EAU DE SIRASSO","source":"Géoportail ANSTAT"}},{"type":"Feature","geometry":{"type":"Point","coordinates":[-5.915719999999965,10.00491100000005]},"properties":{"id":42330,"nom":"CHATEAUX D EAU DE MBENGUE","type":"chateau eau","district_region":null,"departement_commune":null,"verifie":true,"name":"CHATEAUX D EAU DE MBENGUE","source":"Géoportail ANSTAT"}},{"type":"Feature","geometry":{"type":"Point","coordinates":[-5.909718999999939,10.01265100000006]},"properties":{"id":42331,"nom":"CHTEAUCHTEAU  D EAU","type":"chateau eau","district_region":null,"departement_commune":null,"verifie":true,"name":"CHTEAUCHTEAU  D EAU","source":"Géoportail ANSTAT"}},{"type":"Feature","geometry":{"type":"Point","coordinates":[-5.402286999999944,9.399617000000037]},"properties":{"id":42332,"nom":"CHATEAUX D EAU DE KAGBOLODOUGOU","type":"chateau eau","district_region":null,"departement_commune":null,"verifie":true,"name":"CHATEAUX D EAU DE KAGBOLODOUGOU","source":"Géoportail ANSTAT"}},{"type":"Feature","geometry":{"type":"Point","coordinates":[-5.423589999999933,9.336366000000057]},"properties":{"id":42333,"nom":"CHATEAUX D EAU SODECI","type":"chateau eau","district_region":null,"departement_commune":null,"verifie":true,"name":"CHATEAUX D EAU SODECI","source":"Géoportail ANSTAT"}},{"type":"Feature","geometry":{"type":"Point","coordinates":[-5.394733999999971,9.582115000000044]},"properties":{"id":42334,"nom":"CHATEAUX D EAU D3 SINEMATIALI","type":"chateau eau","district_region":null,"departement_commune":null,"verifie":true,"name":"CHATEAUX D EAU D3 SINEMATIALI","source":"Géoportail ANSTAT"}},{"type":"Feature","geometry":{"type":"Point","coordinates":[-6.650264999999933,5.600753000000054]},"properties":{"id":42335,"nom":"CHATEAUX D EAU PETIT BONDOUKOU","type":"chateau eau","district_region":null,"departement_commune":null,"verifie":true,"name":"CHATEAUX D EAU PETIT BONDOUKOU","source":"Géoportail ANSTAT"}},{"type":"Feature","geometry":{"type":"Point","coordinates":[-6.627445999999964,5.498882000000037]},"properties":{"id":42336,"nom":"CHATEAUX D EAU DE BROUKRO","type":"chateau eau","district_region":null,"departement_commune":null,"verifie":true,"name":"CHATEAUX D EAU DE BROUKRO","source":"Géoportail ANSTAT"}},{"type":"Feature","geometry":{"type":"Point","coordinates":[-6.360811999999953,5.997663000000045]},"properties":{"id":42337,"nom":"CHATEAUX D EAU DE LILIYO","type":"chateau eau","district_region":null,"departement_commune":null,"verifie":true,"name":"CHATEAUX D EAU DE LILIYO","source":"Géoportail ANSTAT"}},{"type":"Feature","geometry":{"type":"Point","coordinates":[-6.404489999999953,6.082263000000069]},"properties":{"id":42338,"nom":"CHATEAUX DE MAYO","type":"chateau eau","district_region":null,"departement_commune":null,"verifie":true,"name":"CHATEAUX DE MAYO","source":"Géoportail ANSTAT"}},{"type":"Feature","geometry":{"type":"Point","coordinates":[-6.429344999999955,5.990999000000045]},"properties":{"id":42339,"nom":"CHAUTEAUX D EAUX","type":"chateau eau","district_region":null,"departement_commune":null,"verifie":true,"name":"CHAUTEAUX D EAUX","source":"Géoportail ANSTAT"}},{"type":"Feature","geometry":{"type":"Point","coordinates":[-6.488768999999934,5.913307000000032]},"properties":{"id":42340,"nom":"CHATEAUX DEAU DE LESSERI","type":"chateau eau","district_region":null,"departement_commune":null,"verifie":true,"name":"CHATEAUX DEAU DE LESSERI","source":"Géoportail ANSTAT"}},{"type":"Feature","geometry":{"type":"Point","coordinates":[-6.48067199999997,5.77929400000005]},"properties":{"id":42341,"nom":"CHTEAU D EAU","type":"chateau eau","district_region":null,"departement_commune":null,"verifie":true,"name":"CHTEAU D EAU","source":"Géoportail ANSTAT"}},{"type":"Feature","geometry":{"type":"Point","coordinates":[-7.069667999999979,6.18081600000005]},"properties":{"id":42342,"nom":"CHATEAUX DE SODECI","type":"chateau eau","district_region":null,"departement_commune":null,"verifie":true,"name":"CHATEAUX DE SODECI","source":"Géoportail ANSTAT"}},{"type":"Feature","geometry":{"type":"Point","coordinates":[-6.071011999999939,5.687921000000074]},"properties":{"id":42343,"nom":"CHATEAUX D EAU DE GUEYO","type":"chateau eau","district_region":null,"departement_commune":null,"verifie":true,"name":"CHATEAUX D EAU DE GUEYO","source":"Géoportail ANSTAT"}},{"type":"Feature","geometry":{"type":"Point","coordinates":[-4.65853199999998,6.351060000000075]},"properties":{"id":42344,"nom":"CHATEAUX DE SEREBISSOU","type":"chateau eau","district_region":null,"departement_commune":null,"verifie":true,"name":"CHATEAUX DE SEREBISSOU","source":"Géoportail ANSTAT"}},{"type":"Feature","geometry":{"type":"Point","coordinates":[-4.058169999999961,6.883405000000039]},"properties":{"id":42345,"nom":"CHATEAUX D EAU DE AGOUA","type":"chateau eau","district_region":null,"departement_commune":null,"verifie":true,"name":"CHATEAUX D EAU DE AGOUA","source":"Géoportail ANSTAT"}},{"type":"Feature","geometry":{"type":"Point","coordinates":[-4.256532999999934,6.749348000000055]},"properties":{"id":42346,"nom":"CHATEAUX DE ASSIE ASSASSO","type":"chateau eau","district_region":null,"departement_commune":null,"verifie":true,"name":"CHATEAUX DE ASSIE ASSASSO","source":"Géoportail ANSTAT"}},{"type":"Feature","geometry":{"type":"Point","coordinates":[-4.05184399999996,6.948112000000037]},"properties":{"id":42347,"nom":"CHATEAUX DEAU DE BENENE","type":"chateau eau","district_region":null,"departement_commune":null,"verifie":true,"name":"CHATEAUX DEAU DE BENENE","source":"Géoportail ANSTAT"}},{"type":"Feature","geometry":{"type":"Point","coordinates":[-3.986139999999978,6.983706000000041]},"properties":{"id":42348,"nom":"CHATEAUX D EAU DE GOUABO","type":"chateau eau","district_region":null,"departement_commune":null,"verifie":true,"name":"CHATEAUX D EAU DE GOUABO","source":"Géoportail ANSTAT"}},{"type":"Feature","geometry":{"type":"Point","coordinates":[-4.103369999999927,6.651381000000072]},"properties":{"id":42350,"nom":"CHATEAUX DEAU","type":"chateau eau","district_region":null,"departement_commune":null,"verifie":true,"name":"CHATEAUX DEAU","source":"Géoportail ANSTAT"}},{"type":"Feature","geometry":{"type":"Point","coordinates":[-7.135980999999958,7.478625000000022]},"properties":{"id":42351,"nom":"CHTEAUCHTEAU PHAM","type":"chateau eau","district_region":null,"departement_commune":null,"verifie":true,"name":"CHTEAUCHTEAU PHAM","source":"Géoportail ANSTAT"}},{"type":"Feature","geometry":{"type":"Point","coordinates":[-7.633288999999934,6.918055000000038]},"properties":{"id":42352,"nom":"CHATEAUX D EAU DE KAHIN","type":"chateau eau","district_region":null,"departement_commune":null,"verifie":true,"name":"CHATEAUX D EAU DE KAHIN","source":"Géoportail ANSTAT"}},{"type":"Feature","geometry":{"type":"Point","coordinates":[-7.358283999999969,6.726782000000071]},"properties":{"id":42353,"nom":"CHATEAUX DE RESIDENTIEL EXTENSION 2","type":"chateau eau","district_region":null,"departement_commune":null,"verifie":true,"name":"CHATEAUX DE RESIDENTIEL EXTENSION 2","source":"Géoportail ANSTAT"}},{"type":"Feature","geometry":{"type":"Point","coordinates":[-7.392051999999978,6.785817000000065]},"properties":{"id":42354,"nom":"CHATEAUX DEAUDEFENGOLO","type":"chateau eau","district_region":null,"departement_commune":null,"verifie":true,"name":"CHATEAUX DEAUDEFENGOLO","source":"Géoportail ANSTAT"}},{"type":"Feature","geometry":{"type":"Point","coordinates":[-4.545623999999975,5.273720000000026]},"properties":{"id":42355,"nom":"CHATEAUX D EAU DE","type":"chateau eau","district_region":null,"departement_commune":null,"verifie":true,"name":"CHATEAUX D EAU DE","source":"Géoportail ANSTAT"}},{"type":"Feature","geometry":{"type":"Point","coordinates":[-4.32729999999998,5.258732000000066]},"properties":{"id":42356,"nom":"CHATEAUX DE TABOTH","type":"chateau eau","district_region":null,"departement_commune":null,"verifie":true,"name":"CHATEAUX DE TABOTH","source":"Géoportail ANSTAT"}}],"metadata":{"dataset":"Chateau eau — ANSTAT","source":"Géoportail ANSTAT","theme":"Eau & assainissement","verified":true,"apercu":"limité à 1000 entités"}}