{"type":"FeatureCollection","features":[{"type":"Feature","geometry":{"type":"Point","coordinates":[-5.171530999999959,6.713283000000047]},"properties":{"id":71849,"nom":"MARCHE","type":"marche","district_region":null,"departement_commune":null,"verifie":true,"name":"MARCHE","source":"Géoportail ANSTAT"}},{"type":"Feature","geometry":{"type":"Point","coordinates":[-5.001962999999932,5.247645000000034]},"properties":{"id":71850,"nom":"ANCIEN MARCHE","type":"marche","district_region":null,"departement_commune":null,"verifie":true,"name":"ANCIEN MARCHE","source":"Géoportail ANSTAT"}},{"type":"Feature","geometry":{"type":"Point","coordinates":[-5.558994999999925,6.425788000000068]},"properties":{"id":71851,"nom":"ANCIEN MARCHE","type":"marche","district_region":null,"departement_commune":null,"verifie":true,"name":"ANCIEN MARCHE","source":"Géoportail ANSTAT"}},{"type":"Feature","geometry":{"type":"Point","coordinates":[-3.525785999999925,7.817838000000052]},"properties":{"id":71852,"nom":"ANCIEN MARCHE DE KOUASSI DATEKRO","type":"marche","district_region":null,"departement_commune":null,"verifie":true,"name":"ANCIEN MARCHE DE KOUASSI DATEKRO","source":"Géoportail ANSTAT"}},{"type":"Feature","geometry":{"type":"Point","coordinates":[-6.062908999999934,6.789198000000056]},"properties":{"id":71853,"nom":"ANCIEN MARCHE","type":"marche","district_region":null,"departement_commune":null,"verifie":true,"name":"ANCIEN MARCHE","source":"Géoportail ANSTAT"}},{"type":"Feature","geometry":{"type":"Point","coordinates":[-4.960216999999943,5.926312000000053]},"properties":{"id":71855,"nom":"ANCIEN MARCHE","type":"marche","district_region":null,"departement_commune":null,"verifie":true,"name":"ANCIEN MARCHE","source":"Géoportail ANSTAT"}},{"type":"Feature","geometry":{"type":"Point","coordinates":[-3.293313999999953,5.285206000000073]},"properties":{"id":71856,"nom":"ANCIEN MARCHE","type":"marche","district_region":null,"departement_commune":null,"verifie":true,"name":"ANCIEN MARCHE","source":"Géoportail ANSTAT"}},{"type":"Feature","geometry":{"type":"Point","coordinates":[-4.337132999999938,7.453931000000068]},"properties":{"id":71857,"nom":"ANCIEN  MARCHE","type":"marche","district_region":null,"departement_commune":null,"verifie":true,"name":"ANCIEN  MARCHE","source":"Géoportail ANSTAT"}},{"type":"Feature","geometry":{"type":"Point","coordinates":[-5.276618999999926,6.806450000000041]},"properties":{"id":71859,"nom":"MARCHE LOSSENI","type":"marche","district_region":null,"departement_commune":null,"verifie":true,"name":"MARCHE LOSSENI","source":"Géoportail ANSTAT"}},{"type":"Feature","geometry":{"type":"Point","coordinates":[-5.411419999999964,6.731278000000032]},"properties":{"id":71860,"nom":"MARCHE ZAMBAKRO","type":"marche","district_region":null,"departement_commune":null,"verifie":true,"name":"MARCHE ZAMBAKRO","source":"Géoportail ANSTAT"}},{"type":"Feature","geometry":{"type":"Point","coordinates":[-5.114712999999938,6.772870000000069]},"properties":{"id":71861,"nom":"MARCHE","type":"marche","district_region":null,"departement_commune":null,"verifie":true,"name":"MARCHE","source":"Géoportail ANSTAT"}},{"type":"Feature","geometry":{"type":"Point","coordinates":[-5.217552999999953,7.028890000000047]},"properties":{"id":71862,"nom":"MARCHE KORIAKRO","type":"marche","district_region":null,"departement_commune":null,"verifie":true,"name":"MARCHE KORIAKRO","source":"Géoportail ANSTAT"}},{"type":"Feature","geometry":{"type":"Point","coordinates":[-5.267114999999933,6.790925000000072]},"properties":{"id":71863,"nom":"MARCHE FONDATION","type":"marche","district_region":null,"departement_commune":null,"verifie":true,"name":"MARCHE FONDATION","source":"Géoportail ANSTAT"}},{"type":"Feature","geometry":{"type":"Point","coordinates":[-5.279180999999937,6.988460000000032]},"properties":{"id":71864,"nom":"MARCHE","type":"marche","district_region":null,"departement_commune":null,"verifie":true,"name":"MARCHE","source":"Géoportail ANSTAT"}},{"type":"Feature","geometry":{"type":"Point","coordinates":[-5.331366999999943,6.875841000000037]},"properties":{"id":71865,"nom":"MARCHE DE NGATTAKRO   DELAISSE","type":"marche","district_region":null,"departement_commune":null,"verifie":true,"name":"MARCHE DE NGATTAKRO   DELAISSE","source":"Géoportail ANSTAT"}},{"type":"Feature","geometry":{"type":"Point","coordinates":[-5.17114799999996,6.976015000000075]},"properties":{"id":71866,"nom":"MARCHE PERMANENT NON COUVERT","type":"marche","district_region":null,"departement_commune":null,"verifie":true,"name":"MARCHE PERMANENT NON COUVERT","source":"Géoportail ANSTAT"}},{"type":"Feature","geometry":{"type":"Point","coordinates":[-5.33138299999996,6.875839000000042]},"properties":{"id":71867,"nom":"MARCHE DELAISSE","type":"marche","district_region":null,"departement_commune":null,"verifie":true,"name":"MARCHE DELAISSE","source":"Géoportail ANSTAT"}},{"type":"Feature","geometry":{"type":"Point","coordinates":[-5.234993999999972,6.666620000000023]},"properties":{"id":71868,"nom":"MARCHE DE DUOKRO","type":"marche","district_region":null,"departement_commune":null,"verifie":true,"name":"MARCHE DE DUOKRO","source":"Géoportail ANSTAT"}},{"type":"Feature","geometry":{"type":"Point","coordinates":[-5.234473999999977,6.666797000000031]},"properties":{"id":71869,"nom":"MARCHE DE DUOKRO","type":"marche","district_region":null,"departement_commune":null,"verifie":true,"name":"MARCHE DE DUOKRO","source":"Géoportail ANSTAT"}},{"type":"Feature","geometry":{"type":"Point","coordinates":[-5.379240999999979,6.953519000000028]},"properties":{"id":71870,"nom":"MARCHE DE MAHOUNOU AKOUE","type":"marche","district_region":null,"departement_commune":null,"verifie":true,"name":"MARCHE DE MAHOUNOU AKOUE","source":"Géoportail ANSTAT"}},{"type":"Feature","geometry":{"type":"Point","coordinates":[-5.135587999999927,6.916479000000038]},"properties":{"id":71871,"nom":"MARCHE DE OUFFOUEDIEKRO","type":"marche","district_region":null,"departement_commune":null,"verifie":true,"name":"MARCHE DE OUFFOUEDIEKRO","source":"Géoportail ANSTAT"}},{"type":"Feature","geometry":{"type":"Point","coordinates":[-5.106965999999943,6.916455000000042]},"properties":{"id":71872,"nom":"MARCHE","type":"marche","district_region":null,"departement_commune":null,"verifie":true,"name":"MARCHE","source":"Géoportail ANSTAT"}},{"type":"Feature","geometry":{"type":"Point","coordinates":[-5.277704999999969,6.822054000000037]},"properties":{"id":71873,"nom":"MARCHE","type":"marche","district_region":null,"departement_commune":null,"verifie":true,"name":"MARCHE","source":"Géoportail ANSTAT"}},{"type":"Feature","geometry":{"type":"Point","coordinates":[-3.943724999999972,7.941025000000025]},"properties":{"id":71874,"nom":"ESPACE MARCHE DE SEREBOU","type":"marche","district_region":null,"departement_commune":null,"verifie":true,"name":"ESPACE MARCHE DE SEREBOU","source":"Géoportail ANSTAT"}},{"type":"Feature","geometry":{"type":"Point","coordinates":[-5.256391999999948,6.816512000000046]},"properties":{"id":71875,"nom":"MARCHE DIEU EST GRAND","type":"marche","district_region":null,"departement_commune":null,"verifie":true,"name":"MARCHE DIEU EST GRAND","source":"Géoportail ANSTAT"}},{"type":"Feature","geometry":{"type":"Point","coordinates":[-5.217449999999928,7.028921000000025]},"properties":{"id":71876,"nom":"MARCHE","type":"marche","district_region":null,"departement_commune":null,"verifie":true,"name":"MARCHE","source":"Géoportail ANSTAT"}},{"type":"Feature","geometry":{"type":"Point","coordinates":[-5.197002999999938,10.22872900000004]},"properties":{"id":71877,"nom":"GRAND MARCHE DE TANGO","type":"marche","district_region":null,"departement_commune":null,"verifie":true,"name":"GRAND MARCHE DE TANGO","source":"Géoportail ANSTAT"}},{"type":"Feature","geometry":{"type":"Point","coordinates":[-6.535858999999959,5.258189000000073]},"properties":{"id":71878,"nom":"GRAND MARCHE DE TOUIH","type":"marche","district_region":null,"departement_commune":null,"verifie":true,"name":"GRAND MARCHE DE TOUIH","source":"Géoportail ANSTAT"}},{"type":"Feature","geometry":{"type":"Point","coordinates":[-6.557841999999937,5.021215000000041]},"properties":{"id":71879,"nom":"GRAND  MARCHE DE GABIADJI","type":"marche","district_region":null,"departement_commune":null,"verifie":true,"name":"GRAND  MARCHE DE GABIADJI","source":"Géoportail ANSTAT"}},{"type":"Feature","geometry":{"type":"Point","coordinates":[-6.559238999999934,5.021514000000025]},"properties":{"id":71880,"nom":"GRAND MARCHE DE GABIADJI","type":"marche","district_region":null,"departement_commune":null,"verifie":true,"name":"GRAND MARCHE DE GABIADJI","source":"Géoportail ANSTAT"}},{"type":"Feature","geometry":{"type":"Point","coordinates":[-6.813972999999976,5.126737000000048]},"properties":{"id":71881,"nom":"GRAND MARCHE DE DAGADI","type":"marche","district_region":null,"departement_commune":null,"verifie":true,"name":"GRAND MARCHE DE DAGADI","source":"Géoportail ANSTAT"}},{"type":"Feature","geometry":{"type":"Point","coordinates":[-6.821080999999936,5.291094000000044]},"properties":{"id":71882,"nom":"GRAND MARCHE DE DJAPADI","type":"marche","district_region":null,"departement_commune":null,"verifie":true,"name":"GRAND MARCHE DE DJAPADI","source":"Géoportail ANSTAT"}},{"type":"Feature","geometry":{"type":"Point","coordinates":[-7.284698999999932,5.365447000000074]},"properties":{"id":71883,"nom":"GRAND MARCHE DE DJOUROUTOU","type":"marche","district_region":null,"departement_commune":null,"verifie":true,"name":"GRAND MARCHE DE DJOUROUTOU","source":"Géoportail ANSTAT"}},{"type":"Feature","geometry":{"type":"Point","coordinates":[-6.969025999999928,4.702706000000035]},"properties":{"id":71884,"nom":"GRAND MARCHE DE YOUASSO","type":"marche","district_region":null,"departement_commune":null,"verifie":true,"name":"GRAND MARCHE DE YOUASSO","source":"Géoportail ANSTAT"}},{"type":"Feature","geometry":{"type":"Point","coordinates":[-6.834145999999976,6.01931600000006]},"properties":{"id":71885,"nom":"GRAND MARCHE","type":"marche","district_region":null,"departement_commune":null,"verifie":true,"name":"GRAND MARCHE","source":"Géoportail ANSTAT"}},{"type":"Feature","geometry":{"type":"Point","coordinates":[-6.803969999999936,5.818693000000053]},"properties":{"id":71886,"nom":"GRAND MARCHE","type":"marche","district_region":null,"departement_commune":null,"verifie":true,"name":"GRAND MARCHE","source":"Géoportail ANSTAT"}},{"type":"Feature","geometry":{"type":"Point","coordinates":[-6.791999999999973,5.756508000000053]},"properties":{"id":71887,"nom":"GRAND MARCHE","type":"marche","district_region":null,"departement_commune":null,"verifie":true,"name":"GRAND MARCHE","source":"Géoportail ANSTAT"}},{"type":"Feature","geometry":{"type":"Point","coordinates":[-6.823183999999969,5.689449000000025]},"properties":{"id":71888,"nom":"GRAND MARCHE","type":"marche","district_region":null,"departement_commune":null,"verifie":true,"name":"GRAND MARCHE","source":"Géoportail ANSTAT"}},{"type":"Feature","geometry":{"type":"Point","coordinates":[-6.590632999999968,5.567417000000034]},"properties":{"id":71889,"nom":"GRAND MARCHE D OUPOY","type":"marche","district_region":null,"departement_commune":null,"verifie":true,"name":"GRAND MARCHE D OUPOY","source":"Géoportail ANSTAT"}},{"type":"Feature","geometry":{"type":"Point","coordinates":[-6.593543999999952,5.781723000000056]},"properties":{"id":71890,"nom":"GRAND MARCHE","type":"marche","district_region":null,"departement_commune":null,"verifie":true,"name":"GRAND MARCHE","source":"Géoportail ANSTAT"}},{"type":"Feature","geometry":{"type":"Point","coordinates":[-7.027580999999941,6.137219000000073]},"properties":{"id":71891,"nom":"GRAND MARCHE DE V3","type":"marche","district_region":null,"departement_commune":null,"verifie":true,"name":"GRAND MARCHE DE V3","source":"Géoportail ANSTAT"}},{"type":"Feature","geometry":{"type":"Point","coordinates":[-7.009838999999943,6.247877000000074]},"properties":{"id":71892,"nom":"GRAND MARCHE DE BUYO","type":"marche","district_region":null,"departement_commune":null,"verifie":true,"name":"GRAND MARCHE DE BUYO","source":"Géoportail ANSTAT"}},{"type":"Feature","geometry":{"type":"Point","coordinates":[-4.519278999999926,6.337686000000076]},"properties":{"id":71893,"nom":"GRAND MARCHE DANOUMABA","type":"marche","district_region":null,"departement_commune":null,"verifie":true,"name":"GRAND MARCHE DANOUMABA","source":"Géoportail ANSTAT"}},{"type":"Feature","geometry":{"type":"Point","coordinates":[-3.971736999999962,6.671937000000071]},"properties":{"id":71894,"nom":"GRAND MARCHE DE ARRAH","type":"marche","district_region":null,"departement_commune":null,"verifie":true,"name":"GRAND MARCHE DE ARRAH","source":"Géoportail ANSTAT"}},{"type":"Feature","geometry":{"type":"Point","coordinates":[-7.631358999999975,6.91416700000002]},"properties":{"id":71895,"nom":"GRAND MARCHE DE KAHIN","type":"marche","district_region":null,"departement_commune":null,"verifie":true,"name":"GRAND MARCHE DE KAHIN","source":"Géoportail ANSTAT"}},{"type":"Feature","geometry":{"type":"Point","coordinates":[-7.490246999999954,7.01694800000007]},"properties":{"id":71896,"nom":"GRAND MARCHE","type":"marche","district_region":null,"departement_commune":null,"verifie":true,"name":"GRAND MARCHE","source":"Géoportail ANSTAT"}},{"type":"Feature","geometry":{"type":"Point","coordinates":[-7.346147999999971,6.748562000000049]},"properties":{"id":71897,"nom":"GRAND MARCHE DE DUEKOUE","type":"marche","district_region":null,"departement_commune":null,"verifie":true,"name":"GRAND MARCHE DE DUEKOUE","source":"Géoportail ANSTAT"}},{"type":"Feature","geometry":{"type":"Point","coordinates":[-5.003013999999951,5.248351000000071]},"properties":{"id":71898,"nom":"GRAND MARCHE LAHOU","type":"marche","district_region":null,"departement_commune":null,"verifie":true,"name":"GRAND MARCHE LAHOU","source":"Géoportail ANSTAT"}},{"type":"Feature","geometry":{"type":"Point","coordinates":[-4.419397999999944,5.203552000000059]},"properties":{"id":71899,"nom":"GRAND MARCHE DE JACQUEVILLE","type":"marche","district_region":null,"departement_commune":null,"verifie":true,"name":"GRAND MARCHE DE JACQUEVILLE","source":"Géoportail ANSTAT"}},{"type":"Feature","geometry":{"type":"Point","coordinates":[-6.118758999999955,5.901561000000072]},"properties":{"id":71900,"nom":"GRAND MARCHE DE SERIHIO","type":"marche","district_region":null,"departement_commune":null,"verifie":true,"name":"GRAND MARCHE DE SERIHIO","source":"Géoportail ANSTAT"}},{"type":"Feature","geometry":{"type":"Point","coordinates":[-5.945544999999981,6.127687000000037]},"properties":{"id":71901,"nom":"GRAND MARCHE","type":"marche","district_region":null,"departement_commune":null,"verifie":true,"name":"GRAND MARCHE","source":"Géoportail ANSTAT"}},{"type":"Feature","geometry":{"type":"Point","coordinates":[-5.94576399999994,6.129268000000025]},"properties":{"id":71902,"nom":"GRAND MARCHE","type":"marche","district_region":null,"departement_commune":null,"verifie":true,"name":"GRAND MARCHE","source":"Géoportail ANSTAT"}},{"type":"Feature","geometry":{"type":"Point","coordinates":[-5.945228999999927,6.127389000000051]},"properties":{"id":71903,"nom":"GRAND MARCHE","type":"marche","district_region":null,"departement_commune":null,"verifie":true,"name":"GRAND MARCHE","source":"Géoportail ANSTAT"}},{"type":"Feature","geometry":{"type":"Point","coordinates":[-6.294343999999967,6.005108000000064]},"properties":{"id":71904,"nom":"GRAND MARCHE DE GALEBRE","type":"marche","district_region":null,"departement_commune":null,"verifie":true,"name":"GRAND MARCHE DE GALEBRE","source":"Géoportail ANSTAT"}},{"type":"Feature","geometry":{"type":"Point","coordinates":[-6.171508999999958,6.235146000000043]},"properties":{"id":71905,"nom":"GRAND MARCHE","type":"marche","district_region":null,"departement_commune":null,"verifie":true,"name":"GRAND MARCHE","source":"Géoportail ANSTAT"}},{"type":"Feature","geometry":{"type":"Point","coordinates":[-5.954881999999941,6.463984000000039]},"properties":{"id":71906,"nom":"GRAND MARCHE DE BAYOTA","type":"marche","district_region":null,"departement_commune":null,"verifie":true,"name":"GRAND MARCHE DE BAYOTA","source":"Géoportail ANSTAT"}},{"type":"Feature","geometry":{"type":"Point","coordinates":[-5.691055999999946,6.46256900000003]},"properties":{"id":71907,"nom":"GRAND MARCHE DE SAKAHOUO","type":"marche","district_region":null,"departement_commune":null,"verifie":true,"name":"GRAND MARCHE DE SAKAHOUO","source":"Géoportail ANSTAT"}},{"type":"Feature","geometry":{"type":"Point","coordinates":[-5.69083999999998,6.462482000000023]},"properties":{"id":71908,"nom":"GRAND MARCHE DE SAKAHOUO","type":"marche","district_region":null,"departement_commune":null,"verifie":true,"name":"GRAND MARCHE DE SAKAHOUO","source":"Géoportail ANSTAT"}},{"type":"Feature","geometry":{"type":"Point","coordinates":[-5.70544899999993,6.476244000000065]},"properties":{"id":71909,"nom":"GRAND MARCHE DE GUEPAHUO","type":"marche","district_region":null,"departement_commune":null,"verifie":true,"name":"GRAND MARCHE DE GUEPAHUO","source":"Géoportail ANSTAT"}},{"type":"Feature","geometry":{"type":"Point","coordinates":[-6.071124999999938,5.239409000000023]},"properties":{"id":71910,"nom":"GRAND MARCHE DAKPADOU","type":"marche","district_region":null,"departement_commune":null,"verifie":true,"name":"GRAND MARCHE DAKPADOU","source":"Géoportail ANSTAT"}},{"type":"Feature","geometry":{"type":"Point","coordinates":[-5.011398999999926,6.555841000000044]},"properties":{"id":71911,"nom":"GRAND MARCHE","type":"marche","district_region":null,"departement_commune":null,"verifie":true,"name":"GRAND MARCHE","source":"Géoportail ANSTAT"}},{"type":"Feature","geometry":{"type":"Point","coordinates":[-2.801396999999952,8.04107300000004]},"properties":{"id":71912,"nom":"GRAND MARCHER DE BONDOUKOU","type":"marche","district_region":null,"departement_commune":null,"verifie":true,"name":"GRAND MARCHER DE BONDOUKOU","source":"Géoportail ANSTAT"}},{"type":"Feature","geometry":{"type":"Point","coordinates":[-3.51642899999996,7.580877000000044]},"properties":{"id":71913,"nom":"GRAND MARCHE","type":"marche","district_region":null,"departement_commune":null,"verifie":true,"name":"GRAND MARCHE","source":"Géoportail ANSTAT"}},{"type":"Feature","geometry":{"type":"Point","coordinates":[-3.16822499999995,7.802606000000026]},"properties":{"id":71915,"nom":"GRAND MARCHE DE TANDA","type":"marche","district_region":null,"departement_commune":null,"verifie":true,"name":"GRAND MARCHE DE TANDA","source":"Géoportail ANSTAT"}},{"type":"Feature","geometry":{"type":"Point","coordinates":[-6.551850999999942,8.162739000000045]},"properties":{"id":71916,"nom":"GRAND MARCHE DE BOBI","type":"marche","district_region":null,"departement_commune":null,"verifie":true,"name":"GRAND MARCHE DE BOBI","source":"Géoportail ANSTAT"}},{"type":"Feature","geometry":{"type":"Point","coordinates":[-6.671382999999935,7.959482000000037]},"properties":{"id":71917,"nom":"GRAND MARCHE DE SEGUELA","type":"marche","district_region":null,"departement_commune":null,"verifie":true,"name":"GRAND MARCHE DE SEGUELA","source":"Géoportail ANSTAT"}},{"type":"Feature","geometry":{"type":"Point","coordinates":[-5.742830999999967,6.989770000000021]},"properties":{"id":71918,"nom":"GRAND MARCHE DE BOUAFLE","type":"marche","district_region":null,"departement_commune":null,"verifie":true,"name":"GRAND MARCHE DE BOUAFLE","source":"Géoportail ANSTAT"}},{"type":"Feature","geometry":{"type":"Point","coordinates":[-6.050562999999954,7.42937500000005]},"properties":{"id":71919,"nom":"GRAND MARCHE","type":"marche","district_region":null,"departement_commune":null,"verifie":true,"name":"GRAND MARCHE","source":"Géoportail ANSTAT"}},{"type":"Feature","geometry":{"type":"Point","coordinates":[-5.806439999999952,6.961780000000033]},"properties":{"id":71920,"nom":"GRAND MARCHE GARANGO","type":"marche","district_region":null,"departement_commune":null,"verifie":true,"name":"GRAND MARCHE GARANGO","source":"Géoportail ANSTAT"}},{"type":"Feature","geometry":{"type":"Point","coordinates":[-6.061861999999962,6.787055000000066]},"properties":{"id":71921,"nom":"GRAND MARCHE DE ZAGUIETA","type":"marche","district_region":null,"departement_commune":null,"verifie":true,"name":"GRAND MARCHE DE ZAGUIETA","source":"Géoportail ANSTAT"}},{"type":"Feature","geometry":{"type":"Point","coordinates":[-5.026926999999944,7.688862000000029]},"properties":{"id":71922,"nom":"GRAND MARCHE DE DOUGOUBA","type":"marche","district_region":null,"departement_commune":null,"verifie":true,"name":"GRAND MARCHE DE DOUGOUBA","source":"Géoportail ANSTAT"}},{"type":"Feature","geometry":{"type":"Point","coordinates":[-5.306537999999932,7.839577000000077]},"properties":{"id":71923,"nom":"GRAND MARCHE DE BOTRO","type":"marche","district_region":null,"departement_commune":null,"verifie":true,"name":"GRAND MARCHE DE BOTRO","source":"Géoportail ANSTAT"}},{"type":"Feature","geometry":{"type":"Point","coordinates":[-4.706399999999974,6.648234000000059]},"properties":{"id":71924,"nom":"GRAND MARCHE DE DIMBOKRO","type":"marche","district_region":null,"departement_commune":null,"verifie":true,"name":"GRAND MARCHE DE DIMBOKRO","source":"Géoportail ANSTAT"}},{"type":"Feature","geometry":{"type":"Point","coordinates":[-8.00319799999994,6.571843000000058]},"properties":{"id":71925,"nom":"GRAND MARCHE DE BLOLEKIN","type":"marche","district_region":null,"departement_commune":null,"verifie":true,"name":"GRAND MARCHE DE BLOLEKIN","source":"Géoportail ANSTAT"}},{"type":"Feature","geometry":{"type":"Point","coordinates":[-6.479720999999927,7.380116000000044]},"properties":{"id":71926,"nom":"GRAND MARCHE DE VAVOUA","type":"marche","district_region":null,"departement_commune":null,"verifie":true,"name":"GRAND MARCHE DE VAVOUA","source":"Géoportail ANSTAT"}},{"type":"Feature","geometry":{"type":"Point","coordinates":[-6.480010999999934,7.378760000000057]},"properties":{"id":71927,"nom":"GRAND MARCHE DE VAVOUA SUITE","type":"marche","district_region":null,"departement_commune":null,"verifie":true,"name":"GRAND MARCHE DE VAVOUA SUITE","source":"Géoportail ANSTAT"}},{"type":"Feature","geometry":{"type":"Point","coordinates":[-6.478273999999942,7.381995000000074]},"properties":{"id":71928,"nom":"GRAND MARCHE SUITE","type":"marche","district_region":null,"departement_commune":null,"verifie":true,"name":"GRAND MARCHE SUITE","source":"Géoportail ANSTAT"}},{"type":"Feature","geometry":{"type":"Point","coordinates":[-6.478036999999972,7.38203500000003]},"properties":{"id":71929,"nom":"GRAND MARCHE SUITE","type":"marche","district_region":null,"departement_commune":null,"verifie":true,"name":"GRAND MARCHE SUITE","source":"Géoportail ANSTAT"}},{"type":"Feature","geometry":{"type":"Point","coordinates":[-6.154626999999948,6.673847000000023]},"properties":{"id":71930,"nom":"GRAND MARCHE DE GADOUAN","type":"marche","district_region":null,"departement_commune":null,"verifie":true,"name":"GRAND MARCHE DE GADOUAN","source":"Géoportail ANSTAT"}},{"type":"Feature","geometry":{"type":"Point","coordinates":[-6.460702999999967,6.880446000000063]},"properties":{"id":71931,"nom":"GRAND MARCHE DALOA","type":"marche","district_region":null,"departement_commune":null,"verifie":true,"name":"GRAND MARCHE DALOA","source":"Géoportail ANSTAT"}},{"type":"Feature","geometry":{"type":"Point","coordinates":[-6.590067999999974,6.486652000000049]},"properties":{"id":71932,"nom":"GRAND MARCHE","type":"marche","district_region":null,"departement_commune":null,"verifie":true,"name":"GRAND MARCHE","source":"Géoportail ANSTAT"}},{"type":"Feature","geometry":{"type":"Point","coordinates":[-4.824218999999971,5.897044000000051]},"properties":{"id":71933,"nom":"GRAND MARCHE DE TIASSALE","type":"marche","district_region":null,"departement_commune":null,"verifie":true,"name":"GRAND MARCHE DE TIASSALE","source":"Géoportail ANSTAT"}},{"type":"Feature","geometry":{"type":"Point","coordinates":[-5.682006999999942,5.855805000000032]},"properties":{"id":71934,"nom":"GRAND MARCHER LAKOTA","type":"marche","district_region":null,"departement_commune":null,"verifie":true,"name":"GRAND MARCHER LAKOTA","source":"Géoportail ANSTAT"}},{"type":"Feature","geometry":{"type":"Point","coordinates":[-6.187559999999962,8.054579000000047]},"properties":{"id":71935,"nom":"GRAND MARCHE DE MANKONO","type":"marche","district_region":null,"departement_commune":null,"verifie":true,"name":"GRAND MARCHE DE MANKONO","source":"Géoportail ANSTAT"}},{"type":"Feature","geometry":{"type":"Point","coordinates":[-3.34968699999996,6.37814000000003]},"properties":{"id":71936,"nom":"GRAND MARCHE D ELIBILASSOKRO","type":"marche","district_region":null,"departement_commune":null,"verifie":true,"name":"GRAND MARCHE D ELIBILASSOKRO","source":"Géoportail ANSTAT"}},{"type":"Feature","geometry":{"type":"Point","coordinates":[-3.349758999999949,6.378371000000072]},"properties":{"id":71937,"nom":"GRAND MARCHE D ELIBILASSOKRO","type":"marche","district_region":null,"departement_commune":null,"verifie":true,"name":"GRAND MARCHE D ELIBILASSOKRO","source":"Géoportail ANSTAT"}},{"type":"Feature","geometry":{"type":"Point","coordinates":[-3.423430999999937,6.979459000000077]},"properties":{"id":71938,"nom":"GRAND MARCHE DE PADIEGNAN","type":"marche","district_region":null,"departement_commune":null,"verifie":true,"name":"GRAND MARCHE DE PADIEGNAN","source":"Géoportail ANSTAT"}},{"type":"Feature","geometry":{"type":"Point","coordinates":[-3.428704999999979,6.549413000000072]},"properties":{"id":71939,"nom":"GRAND MARCHEN","type":"marche","district_region":null,"departement_commune":null,"verifie":true,"name":"GRAND MARCHEN","source":"Géoportail ANSTAT"}},{"type":"Feature","geometry":{"type":"Point","coordinates":[-3.200938999999948,7.129020000000025]},"properties":{"id":71940,"nom":"GRAND MARCHE","type":"marche","district_region":null,"departement_commune":null,"verifie":true,"name":"GRAND MARCHE","source":"Géoportail ANSTAT"}},{"type":"Feature","geometry":{"type":"Point","coordinates":[-3.773128999999926,6.222111000000041]},"properties":{"id":71941,"nom":"GRAND MARCHE D ANANGUIER","type":"marche","district_region":null,"departement_commune":null,"verifie":true,"name":"GRAND MARCHE D ANANGUIER","source":"Géoportail ANSTAT"}},{"type":"Feature","geometry":{"type":"Point","coordinates":[-3.88766099999998,6.381167000000062]},"properties":{"id":71942,"nom":"GRAND MARCHE D AKOUPE","type":"marche","district_region":null,"departement_commune":null,"verifie":true,"name":"GRAND MARCHE D AKOUPE","source":"Géoportail ANSTAT"}},{"type":"Feature","geometry":{"type":"Point","coordinates":[-3.29966799999994,5.286234000000036]},"properties":{"id":71943,"nom":"GRAND MARCHE D ADIAKE","type":"marche","district_region":null,"departement_commune":null,"verifie":true,"name":"GRAND MARCHE D ADIAKE","source":"Géoportail ANSTAT"}},{"type":"Feature","geometry":{"type":"Point","coordinates":[-3.208860999999956,5.467640000000074]},"properties":{"id":71944,"nom":"GRAND MARCHE D ABOISSO","type":"marche","district_region":null,"departement_commune":null,"verifie":true,"name":"GRAND MARCHE D ABOISSO","source":"Géoportail ANSTAT"}},{"type":"Feature","geometry":{"type":"Point","coordinates":[-7.481214999999963,7.413469000000021]},"properties":{"id":71945,"nom":"GRAND MARCHE","type":"marche","district_region":null,"departement_commune":null,"verifie":true,"name":"GRAND MARCHE","source":"Géoportail ANSTAT"}},{"type":"Feature","geometry":{"type":"Point","coordinates":[-7.548461999999972,7.410403000000031]},"properties":{"id":71946,"nom":"GRAND MARCHE DE MAN","type":"marche","district_region":null,"departement_commune":null,"verifie":true,"name":"GRAND MARCHE DE MAN","source":"Géoportail ANSTAT"}},{"type":"Feature","geometry":{"type":"Point","coordinates":[-8.152923999999928,7.26190900000006]},"properties":{"id":71947,"nom":"GRAND MARCHE  DE  DANANE","type":"marche","district_region":null,"departement_commune":null,"verifie":true,"name":"GRAND MARCHE  DE  DANANE","source":"Géoportail ANSTAT"}},{"type":"Feature","geometry":{"type":"Point","coordinates":[-7.353994999999941,5.195859000000041]},"properties":{"id":71948,"nom":"HANNIEN MARCHE","type":"marche","district_region":null,"departement_commune":null,"verifie":true,"name":"HANNIEN MARCHE","source":"Géoportail ANSTAT"}},{"type":"Feature","geometry":{"type":"Point","coordinates":[-7.487687999999935,6.54672000000005]},"properties":{"id":71949,"nom":"GRANG MARCHE DE GUIGLO","type":"marche","district_region":null,"departement_commune":null,"verifie":true,"name":"GRANG MARCHE DE GUIGLO","source":"Géoportail ANSTAT"}},{"type":"Feature","geometry":{"type":"Point","coordinates":[-5.277435999999966,6.822324000000037]},"properties":{"id":71950,"nom":"MARCHE","type":"marche","district_region":null,"departement_commune":null,"verifie":true,"name":"MARCHE","source":"Géoportail ANSTAT"}},{"type":"Feature","geometry":{"type":"Point","coordinates":[-5.264220999999964,6.808802000000071]},"properties":{"id":71951,"nom":"MARCHE MOFAITAI","type":"marche","district_region":null,"departement_commune":null,"verifie":true,"name":"MARCHE MOFAITAI","source":"Géoportail ANSTAT"}},{"type":"Feature","geometry":{"type":"Point","coordinates":[-5.640382999999929,9.460883000000024]},"properties":{"id":71952,"nom":"LE PETIT MARCHE DE KOKO SUD","type":"marche","district_region":null,"departement_commune":null,"verifie":true,"name":"LE PETIT MARCHE DE KOKO SUD","source":"Géoportail ANSTAT"}},{"type":"Feature","geometry":{"type":"Point","coordinates":[-2.705214999999953,8.591674000000069]},"properties":{"id":71953,"nom":"LE MARCHE DE BANDOLE","type":"marche","district_region":null,"departement_commune":null,"verifie":true,"name":"LE MARCHE DE BANDOLE","source":"Géoportail ANSTAT"}},{"type":"Feature","geometry":{"type":"Point","coordinates":[-5.748777999999959,6.987773000000061]},"properties":{"id":71954,"nom":"MACHE PERMANENT","type":"marche","district_region":null,"departement_commune":null,"verifie":true,"name":"MACHE PERMANENT","source":"Géoportail ANSTAT"}},{"type":"Feature","geometry":{"type":"Point","coordinates":[-5.744707999999946,6.989859000000024]},"properties":{"id":71955,"nom":"MACHE PERMANENT","type":"marche","district_region":null,"departement_commune":null,"verifie":true,"name":"MACHE PERMANENT","source":"Géoportail ANSTAT"}},{"type":"Feature","geometry":{"type":"Point","coordinates":[-5.262384999999938,6.83200800000003]},"properties":{"id":71956,"nom":"MARCHE D ASABOU","type":"marche","district_region":null,"departement_commune":null,"verifie":true,"name":"MARCHE D ASABOU","source":"Géoportail ANSTAT"}},{"type":"Feature","geometry":{"type":"Point","coordinates":[-4.365308999999968,7.899858000000052]},"properties":{"id":71957,"nom":"MAISON DU MARCHE","type":"marche","district_region":null,"departement_commune":null,"verifie":true,"name":"MAISON DU MARCHE","source":"Géoportail ANSTAT"}},{"type":"Feature","geometry":{"type":"Point","coordinates":[-7.043083999999965,4.943054000000075]},"properties":{"id":71958,"nom":"MARCHE","type":"marche","district_region":null,"departement_commune":null,"verifie":true,"name":"MARCHE","source":"Géoportail ANSTAT"}},{"type":"Feature","geometry":{"type":"Point","coordinates":[-6.924214999999947,4.650298000000021]},"properties":{"id":71959,"nom":"MARCHE","type":"marche","district_region":null,"departement_commune":null,"verifie":true,"name":"MARCHE","source":"Géoportail ANSTAT"}},{"type":"Feature","geometry":{"type":"Point","coordinates":[-7.398670999999979,4.826433000000065]},"properties":{"id":71960,"nom":"MARCHE","type":"marche","district_region":null,"departement_commune":null,"verifie":true,"name":"MARCHE","source":"Géoportail ANSTAT"}},{"type":"Feature","geometry":{"type":"Point","coordinates":[-7.357077999999944,4.413923000000068]},"properties":{"id":71961,"nom":"MARCHE","type":"marche","district_region":null,"departement_commune":null,"verifie":true,"name":"MARCHE","source":"Géoportail ANSTAT"}},{"type":"Feature","geometry":{"type":"Point","coordinates":[-7.355449999999962,4.414885000000027]},"properties":{"id":71962,"nom":"MARCHE","type":"marche","district_region":null,"departement_commune":null,"verifie":true,"name":"MARCHE","source":"Géoportail ANSTAT"}},{"type":"Feature","geometry":{"type":"Point","coordinates":[-7.355786999999964,4.414279000000022]},"properties":{"id":71963,"nom":"MARCHE","type":"marche","district_region":null,"departement_commune":null,"verifie":true,"name":"MARCHE","source":"Géoportail ANSTAT"}},{"type":"Feature","geometry":{"type":"Point","coordinates":[-7.356716999999946,4.414150000000063]},"properties":{"id":71966,"nom":"MARCHE","type":"marche","district_region":null,"departement_commune":null,"verifie":true,"name":"MARCHE","source":"Géoportail ANSTAT"}},{"type":"Feature","geometry":{"type":"Point","coordinates":[-6.07697799999994,9.616573000000074]},"properties":{"id":71967,"nom":"MARCHE","type":"marche","district_region":null,"departement_commune":null,"verifie":true,"name":"MARCHE","source":"Géoportail ANSTAT"}},{"type":"Feature","geometry":{"type":"Point","coordinates":[-5.491456999999969,9.552454000000068]},"properties":{"id":71968,"nom":"MARCHE","type":"marche","district_region":null,"departement_commune":null,"verifie":true,"name":"MARCHE","source":"Géoportail ANSTAT"}},{"type":"Feature","geometry":{"type":"Point","coordinates":[-6.644318999999939,5.668645000000026]},"properties":{"id":71970,"nom":"MARCHE","type":"marche","district_region":null,"departement_commune":null,"verifie":true,"name":"MARCHE","source":"Géoportail ANSTAT"}},{"type":"Feature","geometry":{"type":"Point","coordinates":[-6.602522999999962,5.612528000000054]},"properties":{"id":71971,"nom":"MARCHE","type":"marche","district_region":null,"departement_commune":null,"verifie":true,"name":"MARCHE","source":"Géoportail ANSTAT"}},{"type":"Feature","geometry":{"type":"Point","coordinates":[-6.783159999999953,5.504844000000048]},"properties":{"id":71972,"nom":"MARCHE","type":"marche","district_region":null,"departement_commune":null,"verifie":true,"name":"MARCHE","source":"Géoportail ANSTAT"}},{"type":"Feature","geometry":{"type":"Point","coordinates":[-6.705861999999968,6.073308000000054]},"properties":{"id":71973,"nom":"MARCHE","type":"marche","district_region":null,"departement_commune":null,"verifie":true,"name":"MARCHE","source":"Géoportail ANSTAT"}},{"type":"Feature","geometry":{"type":"Point","coordinates":[-6.274178999999947,5.662333000000046]},"properties":{"id":71974,"nom":"MARCHE","type":"marche","district_region":null,"departement_commune":null,"verifie":true,"name":"MARCHE","source":"Géoportail ANSTAT"}},{"type":"Feature","geometry":{"type":"Point","coordinates":[-4.339478999999926,6.468247000000076]},"properties":{"id":71975,"nom":"MARCHE","type":"marche","district_region":null,"departement_commune":null,"verifie":true,"name":"MARCHE","source":"Géoportail ANSTAT"}},{"type":"Feature","geometry":{"type":"Point","coordinates":[-4.186850999999933,6.644645000000025]},"properties":{"id":71976,"nom":"MARCHE","type":"marche","district_region":null,"departement_commune":null,"verifie":true,"name":"MARCHE","source":"Géoportail ANSTAT"}},{"type":"Feature","geometry":{"type":"Point","coordinates":[-4.057566999999949,6.909596000000022]},"properties":{"id":71977,"nom":"MARCHE","type":"marche","district_region":null,"departement_commune":null,"verifie":true,"name":"MARCHE","source":"Géoportail ANSTAT"}},{"type":"Feature","geometry":{"type":"Point","coordinates":[-4.389990999999952,6.457494000000054]},"properties":{"id":71978,"nom":"MARCHE","type":"marche","district_region":null,"departement_commune":null,"verifie":true,"name":"MARCHE","source":"Géoportail ANSTAT"}},{"type":"Feature","geometry":{"type":"Point","coordinates":[-7.344093999999927,7.427931000000058]},"properties":{"id":71979,"nom":"MARCHE","type":"marche","district_region":null,"departement_commune":null,"verifie":true,"name":"MARCHE","source":"Géoportail ANSTAT"}},{"type":"Feature","geometry":{"type":"Point","coordinates":[-6.118370999999968,5.90054200000003]},"properties":{"id":71980,"nom":"MARCHE","type":"marche","district_region":null,"departement_commune":null,"verifie":true,"name":"MARCHE","source":"Géoportail ANSTAT"}},{"type":"Feature","geometry":{"type":"Point","coordinates":[-6.201441999999929,6.290565000000072]},"properties":{"id":71981,"nom":"MARCHE","type":"marche","district_region":null,"departement_commune":null,"verifie":true,"name":"MARCHE","source":"Géoportail ANSTAT"}},{"type":"Feature","geometry":{"type":"Point","coordinates":[-6.18913699999996,6.027497000000039]},"properties":{"id":71982,"nom":"MARCHE","type":"marche","district_region":null,"departement_commune":null,"verifie":true,"name":"MARCHE","source":"Géoportail ANSTAT"}},{"type":"Feature","geometry":{"type":"Point","coordinates":[-6.360375999999974,6.194423000000029]},"properties":{"id":71983,"nom":"MARCHE","type":"marche","district_region":null,"departement_commune":null,"verifie":true,"name":"MARCHE","source":"Géoportail ANSTAT"}},{"type":"Feature","geometry":{"type":"Point","coordinates":[-5.782881999999972,6.426009000000022]},"properties":{"id":71984,"nom":"MARCHE","type":"marche","district_region":null,"departement_commune":null,"verifie":true,"name":"MARCHE","source":"Géoportail ANSTAT"}},{"type":"Feature","geometry":{"type":"Point","coordinates":[-5.919373999999948,6.452001000000052]},"properties":{"id":71985,"nom":"MARCHE","type":"marche","district_region":null,"departement_commune":null,"verifie":true,"name":"MARCHE","source":"Géoportail ANSTAT"}},{"type":"Feature","geometry":{"type":"Point","coordinates":[-5.959655999999939,6.391663000000051]},"properties":{"id":71986,"nom":"MARCHE","type":"marche","district_region":null,"departement_commune":null,"verifie":true,"name":"MARCHE","source":"Géoportail ANSTAT"}},{"type":"Feature","geometry":{"type":"Point","coordinates":[-6.01150199999995,6.442945000000066]},"properties":{"id":71987,"nom":"MARCHE","type":"marche","district_region":null,"departement_commune":null,"verifie":true,"name":"MARCHE","source":"Géoportail ANSTAT"}},{"type":"Feature","geometry":{"type":"Point","coordinates":[-5.586021999999957,6.239336000000037]},"properties":{"id":71988,"nom":"MARCHE","type":"marche","district_region":null,"departement_commune":null,"verifie":true,"name":"MARCHE","source":"Géoportail ANSTAT"}},{"type":"Feature","geometry":{"type":"Point","coordinates":[-5.670223999999962,6.228604000000075]},"properties":{"id":71989,"nom":"MARCHE","type":"marche","district_region":null,"departement_commune":null,"verifie":true,"name":"MARCHE","source":"Géoportail ANSTAT"}},{"type":"Feature","geometry":{"type":"Point","coordinates":[-5.703519999999969,6.208034000000055]},"properties":{"id":71990,"nom":"MARCHE","type":"marche","district_region":null,"departement_commune":null,"verifie":true,"name":"MARCHE","source":"Géoportail ANSTAT"}},{"type":"Feature","geometry":{"type":"Point","coordinates":[-6.100363999999956,4.946019000000035]},"properties":{"id":71991,"nom":"MARCHE","type":"marche","district_region":null,"departement_commune":null,"verifie":true,"name":"MARCHE","source":"Géoportail ANSTAT"}},{"type":"Feature","geometry":{"type":"Point","coordinates":[-6.414761999999939,5.55132100000003]},"properties":{"id":71992,"nom":"MARCHE","type":"marche","district_region":null,"departement_commune":null,"verifie":true,"name":"MARCHE","source":"Géoportail ANSTAT"}},{"type":"Feature","geometry":{"type":"Point","coordinates":[-6.26619299999993,5.17811800000004]},"properties":{"id":71993,"nom":"MARCHE","type":"marche","district_region":null,"departement_commune":null,"verifie":true,"name":"MARCHE","source":"Géoportail ANSTAT"}},{"type":"Feature","geometry":{"type":"Point","coordinates":[-6.266799999999932,5.177652000000023]},"properties":{"id":71994,"nom":"MARCHE","type":"marche","district_region":null,"departement_commune":null,"verifie":true,"name":"MARCHE","source":"Géoportail ANSTAT"}},{"type":"Feature","geometry":{"type":"Point","coordinates":[-5.90478799999994,5.405630000000031]},"properties":{"id":71995,"nom":"MARCHE","type":"marche","district_region":null,"departement_commune":null,"verifie":true,"name":"MARCHE","source":"Géoportail ANSTAT"}},{"type":"Feature","geometry":{"type":"Point","coordinates":[-5.68314399999997,5.353554000000031]},"properties":{"id":71996,"nom":"MARCHE","type":"marche","district_region":null,"departement_commune":null,"verifie":true,"name":"MARCHE","source":"Géoportail ANSTAT"}},{"type":"Feature","geometry":{"type":"Point","coordinates":[-5.724301999999966,5.598030000000051]},"properties":{"id":71997,"nom":"MARCHE","type":"marche","district_region":null,"departement_commune":null,"verifie":true,"name":"MARCHE","source":"Géoportail ANSTAT"}},{"type":"Feature","geometry":{"type":"Point","coordinates":[-4.921793999999977,7.042721000000029]},"properties":{"id":71998,"nom":"MARCHE","type":"marche","district_region":null,"departement_commune":null,"verifie":true,"name":"MARCHE","source":"Géoportail ANSTAT"}},{"type":"Feature","geometry":{"type":"Point","coordinates":[-5.259856999999954,6.338789000000077]},"properties":{"id":71999,"nom":"MARCHE","type":"marche","district_region":null,"departement_commune":null,"verifie":true,"name":"MARCHE","source":"Géoportail ANSTAT"}},{"type":"Feature","geometry":{"type":"Point","coordinates":[-4.796115999999927,7.398478000000068]},"properties":{"id":72000,"nom":"MARCHE","type":"marche","district_region":null,"departement_commune":null,"verifie":true,"name":"MARCHE","source":"Géoportail ANSTAT"}},{"type":"Feature","geometry":{"type":"Point","coordinates":[-4.154319999999927,5.317750000000046]},"properties":{"id":72001,"nom":"MARCHE","type":"marche","district_region":null,"departement_commune":null,"verifie":true,"name":"MARCHE","source":"Géoportail ANSTAT"}},{"type":"Feature","geometry":{"type":"Point","coordinates":[-3.100250999999957,7.447630000000061]},"properties":{"id":72002,"nom":"MARCHE","type":"marche","district_region":null,"departement_commune":null,"verifie":true,"name":"MARCHE","source":"Géoportail ANSTAT"}},{"type":"Feature","geometry":{"type":"Point","coordinates":[-3.01605799999993,7.550974000000053]},"properties":{"id":72003,"nom":"MARCHE","type":"marche","district_region":null,"departement_commune":null,"verifie":true,"name":"MARCHE","source":"Géoportail ANSTAT"}},{"type":"Feature","geometry":{"type":"Point","coordinates":[-5.748051999999973,6.999835000000076]},"properties":{"id":72004,"nom":"MARCHE","type":"marche","district_region":null,"departement_commune":null,"verifie":true,"name":"MARCHE","source":"Géoportail ANSTAT"}},{"type":"Feature","geometry":{"type":"Point","coordinates":[-5.788591999999937,7.538432000000057]},"properties":{"id":72005,"nom":"MARCHE","type":"marche","district_region":null,"departement_commune":null,"verifie":true,"name":"MARCHE","source":"Géoportail ANSTAT"}},{"type":"Feature","geometry":{"type":"Point","coordinates":[-6.222952999999961,7.322267000000068]},"properties":{"id":72006,"nom":"MARCHE","type":"marche","district_region":null,"departement_commune":null,"verifie":true,"name":"MARCHE","source":"Géoportail ANSTAT"}},{"type":"Feature","geometry":{"type":"Point","coordinates":[-5.666594999999973,6.933518000000049]},"properties":{"id":72007,"nom":"MARCHE","type":"marche","district_region":null,"departement_commune":null,"verifie":true,"name":"MARCHE","source":"Géoportail ANSTAT"}},{"type":"Feature","geometry":{"type":"Point","coordinates":[-5.911562999999944,6.625263000000075]},"properties":{"id":72008,"nom":"MARCHE","type":"marche","district_region":null,"departement_commune":null,"verifie":true,"name":"MARCHE","source":"Géoportail ANSTAT"}},{"type":"Feature","geometry":{"type":"Point","coordinates":[-5.145129999999938,7.398378000000037]},"properties":{"id":72009,"nom":"MARCHE","type":"marche","district_region":null,"departement_commune":null,"verifie":true,"name":"MARCHE","source":"Géoportail ANSTAT"}},{"type":"Feature","geometry":{"type":"Point","coordinates":[-5.019732999999974,7.582007000000033]},"properties":{"id":72010,"nom":"MARCHE","type":"marche","district_region":null,"departement_commune":null,"verifie":true,"name":"MARCHE","source":"Géoportail ANSTAT"}},{"type":"Feature","geometry":{"type":"Point","coordinates":[-5.029768999999931,7.734475000000032]},"properties":{"id":72011,"nom":"MARCHE","type":"marche","district_region":null,"departement_commune":null,"verifie":true,"name":"MARCHE","source":"Géoportail ANSTAT"}},{"type":"Feature","geometry":{"type":"Point","coordinates":[-5.047480999999948,7.729367000000025]},"properties":{"id":72012,"nom":"MARCHE","type":"marche","district_region":null,"departement_commune":null,"verifie":true,"name":"MARCHE","source":"Géoportail ANSTAT"}},{"type":"Feature","geometry":{"type":"Point","coordinates":[-5.026441999999975,7.69267700000006]},"properties":{"id":72013,"nom":"MARCHE","type":"marche","district_region":null,"departement_commune":null,"verifie":true,"name":"MARCHE","source":"Géoportail ANSTAT"}},{"type":"Feature","geometry":{"type":"Point","coordinates":[-5.026425999999958,7.694291000000021]},"properties":{"id":72014,"nom":"MARCHE","type":"marche","district_region":null,"departement_commune":null,"verifie":true,"name":"MARCHE","source":"Géoportail ANSTAT"}},{"type":"Feature","geometry":{"type":"Point","coordinates":[-5.027275999999972,7.691846000000055]},"properties":{"id":72015,"nom":"MARCHE","type":"marche","district_region":null,"departement_commune":null,"verifie":true,"name":"MARCHE","source":"Géoportail ANSTAT"}},{"type":"Feature","geometry":{"type":"Point","coordinates":[-5.027329999999949,7.692059000000029]},"properties":{"id":72016,"nom":"MARCHE","type":"marche","district_region":null,"departement_commune":null,"verifie":true,"name":"MARCHE","source":"Géoportail ANSTAT"}},{"type":"Feature","geometry":{"type":"Point","coordinates":[-5.027349999999956,7.693057000000067]},"properties":{"id":72017,"nom":"MARCHE","type":"marche","district_region":null,"departement_commune":null,"verifie":true,"name":"MARCHE","source":"Géoportail ANSTAT"}},{"type":"Feature","geometry":{"type":"Point","coordinates":[-5.027354999999943,7.693041000000051]},"properties":{"id":72018,"nom":"MARCHE","type":"marche","district_region":null,"departement_commune":null,"verifie":true,"name":"MARCHE","source":"Géoportail ANSTAT"}},{"type":"Feature","geometry":{"type":"Point","coordinates":[-5.072148999999968,7.518627000000038]},"properties":{"id":72019,"nom":"MARCHE","type":"marche","district_region":null,"departement_commune":null,"verifie":true,"name":"MARCHE","source":"Géoportail ANSTAT"}},{"type":"Feature","geometry":{"type":"Point","coordinates":[-4.52688999999998,6.827388000000042]},"properties":{"id":72020,"nom":"MARCHE","type":"marche","district_region":null,"departement_commune":null,"verifie":true,"name":"MARCHE","source":"Géoportail ANSTAT"}},{"type":"Feature","geometry":{"type":"Point","coordinates":[-4.740328999999974,6.661683000000039]},"properties":{"id":72021,"nom":"MARCHE","type":"marche","district_region":null,"departement_commune":null,"verifie":true,"name":"MARCHE","source":"Géoportail ANSTAT"}},{"type":"Feature","geometry":{"type":"Point","coordinates":[-4.670930999999939,7.030378000000042]},"properties":{"id":72022,"nom":"MARCHE","type":"marche","district_region":null,"departement_commune":null,"verifie":true,"name":"MARCHE","source":"Géoportail ANSTAT"}},{"type":"Feature","geometry":{"type":"Point","coordinates":[-7.51210599999996,6.302813000000071]},"properties":{"id":72023,"nom":"MARCHE","type":"marche","district_region":null,"departement_commune":null,"verifie":true,"name":"MARCHE","source":"Géoportail ANSTAT"}},{"type":"Feature","geometry":{"type":"Point","coordinates":[-7.67136899999997,6.546690000000069]},"properties":{"id":72024,"nom":"MARCHE","type":"marche","district_region":null,"departement_commune":null,"verifie":true,"name":"MARCHE","source":"Géoportail ANSTAT"}},{"type":"Feature","geometry":{"type":"Point","coordinates":[-8.109941999999933,6.44319100000007]},"properties":{"id":72025,"nom":"MARCHE","type":"marche","district_region":null,"departement_commune":null,"verifie":true,"name":"MARCHE","source":"Géoportail ANSTAT"}},{"type":"Feature","geometry":{"type":"Point","coordinates":[-8.42712199999994,6.651266000000021]},"properties":{"id":72026,"nom":"MARCHE","type":"marche","district_region":null,"departement_commune":null,"verifie":true,"name":"MARCHE","source":"Géoportail ANSTAT"}},{"type":"Feature","geometry":{"type":"Point","coordinates":[-6.472463999999945,7.232665000000054]},"properties":{"id":72027,"nom":"MARCHE","type":"marche","district_region":null,"departement_commune":null,"verifie":true,"name":"MARCHE","source":"Géoportail ANSTAT"}},{"type":"Feature","geometry":{"type":"Point","coordinates":[-6.47753199999994,7.126117000000022]},"properties":{"id":72028,"nom":"MARCHE","type":"marche","district_region":null,"departement_commune":null,"verifie":true,"name":"MARCHE","source":"Géoportail ANSTAT"}},{"type":"Feature","geometry":{"type":"Point","coordinates":[-6.58667399999996,7.285497000000021]},"properties":{"id":72029,"nom":"MARCHE","type":"marche","district_region":null,"departement_commune":null,"verifie":true,"name":"MARCHE","source":"Géoportail ANSTAT"}},{"type":"Feature","geometry":{"type":"Point","coordinates":[-6.238204999999937,6.794275000000027]},"properties":{"id":72030,"nom":"MARCHE","type":"marche","district_region":null,"departement_commune":null,"verifie":true,"name":"MARCHE","source":"Géoportail ANSTAT"}},{"type":"Feature","geometry":{"type":"Point","coordinates":[-6.706448999999964,6.389914000000033]},"properties":{"id":72031,"nom":"MARCHE","type":"marche","district_region":null,"departement_commune":null,"verifie":true,"name":"MARCHE","source":"Géoportail ANSTAT"}},{"type":"Feature","geometry":{"type":"Point","coordinates":[-4.937058999999977,6.168093000000056]},"properties":{"id":72032,"nom":"MARCHE","type":"marche","district_region":null,"departement_commune":null,"verifie":true,"name":"MARCHE","source":"Géoportail ANSTAT"}},{"type":"Feature","geometry":{"type":"Point","coordinates":[-4.662466999999936,5.793565000000058]},"properties":{"id":72033,"nom":"MARCHE","type":"marche","district_region":null,"departement_commune":null,"verifie":true,"name":"MARCHE","source":"Géoportail ANSTAT"}},{"type":"Feature","geometry":{"type":"Point","coordinates":[-5.107706999999948,6.201279000000056]},"properties":{"id":72034,"nom":"MARCHE","type":"marche","district_region":null,"departement_commune":null,"verifie":true,"name":"MARCHE","source":"Géoportail ANSTAT"}},{"type":"Feature","geometry":{"type":"Point","coordinates":[-5.222883999999965,6.232643000000053]},"properties":{"id":72035,"nom":"MARCHE","type":"marche","district_region":null,"departement_commune":null,"verifie":true,"name":"MARCHE","source":"Géoportail ANSTAT"}},{"type":"Feature","geometry":{"type":"Point","coordinates":[-5.058713999999952,6.18081200000006]},"properties":{"id":72036,"nom":"MARCHE","type":"marche","district_region":null,"departement_commune":null,"verifie":true,"name":"MARCHE","source":"Géoportail ANSTAT"}},{"type":"Feature","geometry":{"type":"Point","coordinates":[-5.029426999999941,6.17186700000002]},"properties":{"id":72037,"nom":"MARCHE","type":"marche","district_region":null,"departement_commune":null,"verifie":true,"name":"MARCHE","source":"Géoportail ANSTAT"}},{"type":"Feature","geometry":{"type":"Point","coordinates":[-4.62050499999998,5.729628000000048]},"properties":{"id":72038,"nom":"MARCHE","type":"marche","district_region":null,"departement_commune":null,"verifie":true,"name":"MARCHE","source":"Géoportail ANSTAT"}},{"type":"Feature","geometry":{"type":"Point","coordinates":[-4.539636999999971,5.670548000000053]},"properties":{"id":72039,"nom":"MARCHE","type":"marche","district_region":null,"departement_commune":null,"verifie":true,"name":"MARCHE","source":"Géoportail ANSTAT"}},{"type":"Feature","geometry":{"type":"Point","coordinates":[-4.468654999999956,6.076068000000021]},"properties":{"id":72040,"nom":"MARCHE","type":"marche","district_region":null,"departement_commune":null,"verifie":true,"name":"MARCHE","source":"Géoportail ANSTAT"}},{"type":"Feature","geometry":{"type":"Point","coordinates":[-4.422668999999928,6.246027000000026]},"properties":{"id":72041,"nom":"MARCHE","type":"marche","district_region":null,"departement_commune":null,"verifie":true,"name":"MARCHE","source":"Géoportail ANSTAT"}},{"type":"Feature","geometry":{"type":"Point","coordinates":[-4.442246999999952,5.624237000000051]},"properties":{"id":72042,"nom":"MARCHE","type":"marche","district_region":null,"departement_commune":null,"verifie":true,"name":"MARCHE","source":"Géoportail ANSTAT"}},{"type":"Feature","geometry":{"type":"Point","coordinates":[-4.442311999999959,5.625348000000031]},"properties":{"id":72043,"nom":"MARCHE","type":"marche","district_region":null,"departement_commune":null,"verifie":true,"name":"MARCHE","source":"Géoportail ANSTAT"}},{"type":"Feature","geometry":{"type":"Point","coordinates":[-4.255355999999949,5.648478000000068]},"properties":{"id":72044,"nom":"MARCHE","type":"marche","district_region":null,"departement_commune":null,"verifie":true,"name":"MARCHE","source":"Géoportail ANSTAT"}},{"type":"Feature","geometry":{"type":"Point","coordinates":[-4.316787999999974,5.696912000000054]},"properties":{"id":72045,"nom":"MARCHE","type":"marche","district_region":null,"departement_commune":null,"verifie":true,"name":"MARCHE","source":"Géoportail ANSTAT"}},{"type":"Feature","geometry":{"type":"Point","coordinates":[-4.568205999999975,5.896509000000037]},"properties":{"id":72046,"nom":"MARCHE","type":"marche","district_region":null,"departement_commune":null,"verifie":true,"name":"MARCHE","source":"Géoportail ANSTAT"}},{"type":"Feature","geometry":{"type":"Point","coordinates":[-5.756374999999935,5.659796000000028]},"properties":{"id":72047,"nom":"MARCHE","type":"marche","district_region":null,"departement_commune":null,"verifie":true,"name":"MARCHE","source":"Géoportail ANSTAT"}},{"type":"Feature","geometry":{"type":"Point","coordinates":[-5.300854999999956,6.150276000000076]},"properties":{"id":72048,"nom":"MARCHE","type":"marche","district_region":null,"departement_commune":null,"verifie":true,"name":"MARCHE","source":"Géoportail ANSTAT"}},{"type":"Feature","geometry":{"type":"Point","coordinates":[-5.350068999999962,6.165731000000051]},"properties":{"id":72049,"nom":"MARCHE","type":"marche","district_region":null,"departement_commune":null,"verifie":true,"name":"MARCHE","source":"Géoportail ANSTAT"}},{"type":"Feature","geometry":{"type":"Point","coordinates":[-5.297255999999948,6.198296000000028]},"properties":{"id":72050,"nom":"MARCHE","type":"marche","district_region":null,"departement_commune":null,"verifie":true,"name":"MARCHE","source":"Géoportail ANSTAT"}},{"type":"Feature","geometry":{"type":"Point","coordinates":[-5.286069999999938,6.189126000000044]},"properties":{"id":72051,"nom":"MARCHE","type":"marche","district_region":null,"departement_commune":null,"verifie":true,"name":"MARCHE","source":"Géoportail ANSTAT"}},{"type":"Feature","geometry":{"type":"Point","coordinates":[-5.475867999999934,5.659647000000064]},"properties":{"id":72052,"nom":"MARCHE","type":"marche","district_region":null,"departement_commune":null,"verifie":true,"name":"MARCHE","source":"Géoportail ANSTAT"}},{"type":"Feature","geometry":{"type":"Point","coordinates":[-5.349840999999969,5.851207000000045]},"properties":{"id":72053,"nom":"MARCHE","type":"marche","district_region":null,"departement_commune":null,"verifie":true,"name":"MARCHE","source":"Géoportail ANSTAT"}},{"type":"Feature","geometry":{"type":"Point","coordinates":[-5.353989999999953,5.84040600000003]},"properties":{"id":72054,"nom":"MARCHE","type":"marche","district_region":null,"departement_commune":null,"verifie":true,"name":"MARCHE","source":"Géoportail ANSTAT"}},{"type":"Feature","geometry":{"type":"Point","coordinates":[-5.158532999999977,5.89677800000004]},"properties":{"id":72055,"nom":"MARCHE","type":"marche","district_region":null,"departement_commune":null,"verifie":true,"name":"MARCHE","source":"Géoportail ANSTAT"}},{"type":"Feature","geometry":{"type":"Point","coordinates":[-5.446259999999938,5.908694000000025]},"properties":{"id":72056,"nom":"MARCHE","type":"marche","district_region":null,"departement_commune":null,"verifie":true,"name":"MARCHE","source":"Géoportail ANSTAT"}},{"type":"Feature","geometry":{"type":"Point","coordinates":[-5.313899999999933,6.01941800000003]},"properties":{"id":72057,"nom":"MARCHE","type":"marche","district_region":null,"departement_commune":null,"verifie":true,"name":"MARCHE","source":"Géoportail ANSTAT"}},{"type":"Feature","geometry":{"type":"Point","coordinates":[-5.177025999999955,6.031444000000022]},"properties":{"id":72058,"nom":"MARCHE","type":"marche","district_region":null,"departement_commune":null,"verifie":true,"name":"MARCHE","source":"Géoportail ANSTAT"}},{"type":"Feature","geometry":{"type":"Point","coordinates":[-5.218488999999977,6.079691000000025]},"properties":{"id":72059,"nom":"MARCHE","type":"marche","district_region":null,"departement_commune":null,"verifie":true,"name":"MARCHE","source":"Géoportail ANSTAT"}},{"type":"Feature","geometry":{"type":"Point","coordinates":[-6.085678999999971,8.030922000000032]},"properties":{"id":72060,"nom":"MARCHE","type":"marche","district_region":null,"departement_commune":null,"verifie":true,"name":"MARCHE","source":"Géoportail ANSTAT"}},{"type":"Feature","geometry":{"type":"Point","coordinates":[-6.259458999999936,8.955598000000066]},"properties":{"id":72061,"nom":"MARCHE","type":"marche","district_region":null,"departement_commune":null,"verifie":true,"name":"MARCHE","source":"Géoportail ANSTAT"}},{"type":"Feature","geometry":{"type":"Point","coordinates":[-3.332527999999968,6.749557000000038]},"properties":{"id":72062,"nom":"MARCHE","type":"marche","district_region":null,"departement_commune":null,"verifie":true,"name":"MARCHE","source":"Géoportail ANSTAT"}},{"type":"Feature","geometry":{"type":"Point","coordinates":[-3.686831999999924,6.966984000000025]},"properties":{"id":72063,"nom":"MARCHE","type":"marche","district_region":null,"departement_commune":null,"verifie":true,"name":"MARCHE","source":"Géoportail ANSTAT"}},{"type":"Feature","geometry":{"type":"Point","coordinates":[-6.897166999999968,9.11575700000003]},"properties":{"id":72064,"nom":"MARCHE","type":"marche","district_region":null,"departement_commune":null,"verifie":true,"name":"MARCHE","source":"Géoportail ANSTAT"}},{"type":"Feature","geometry":{"type":"Point","coordinates":[-7.104942999999935,9.815198000000066]},"properties":{"id":72065,"nom":"MARCHE","type":"marche","district_region":null,"departement_commune":null,"verifie":true,"name":"MARCHE","source":"Géoportail ANSTAT"}},{"type":"Feature","geometry":{"type":"Point","coordinates":[-7.585517999999979,9.02843500000006]},"properties":{"id":72066,"nom":"MARCHE","type":"marche","district_region":null,"departement_commune":null,"verifie":true,"name":"MARCHE","source":"Géoportail ANSTAT"}},{"type":"Feature","geometry":{"type":"Point","coordinates":[-3.75785499999995,5.772061000000065]},"properties":{"id":72067,"nom":"MARCHE","type":"marche","district_region":null,"departement_commune":null,"verifie":true,"name":"MARCHE","source":"Géoportail ANSTAT"}},{"type":"Feature","geometry":{"type":"Point","coordinates":[-3.498314999999934,5.573539000000039]},"properties":{"id":72068,"nom":"MARCHE","type":"marche","district_region":null,"departement_commune":null,"verifie":true,"name":"MARCHE","source":"Géoportail ANSTAT"}},{"type":"Feature","geometry":{"type":"Point","coordinates":[-3.615379999999959,5.564416000000051]},"properties":{"id":72069,"nom":"MARCHE","type":"marche","district_region":null,"departement_commune":null,"verifie":true,"name":"MARCHE","source":"Géoportail ANSTAT"}},{"type":"Feature","geometry":{"type":"Point","coordinates":[-3.65636399999994,5.404538000000059]},"properties":{"id":72070,"nom":"MARCHE","type":"marche","district_region":null,"departement_commune":null,"verifie":true,"name":"MARCHE","source":"Géoportail ANSTAT"}},{"type":"Feature","geometry":{"type":"Point","coordinates":[-3.748502999999971,5.378897000000052]},"properties":{"id":72071,"nom":"MARCHE","type":"marche","district_region":null,"departement_commune":null,"verifie":true,"name":"MARCHE","source":"Géoportail ANSTAT"}},{"type":"Feature","geometry":{"type":"Point","coordinates":[-3.936194999999941,6.074421000000029]},"properties":{"id":72072,"nom":"MARCHE","type":"marche","district_region":null,"departement_commune":null,"verifie":true,"name":"MARCHE","source":"Géoportail ANSTAT"}},{"type":"Feature","geometry":{"type":"Point","coordinates":[-3.97269799999998,6.020653000000038]},"properties":{"id":72073,"nom":"MARCHE","type":"marche","district_region":null,"departement_commune":null,"verifie":true,"name":"MARCHE","source":"Géoportail ANSTAT"}},{"type":"Feature","geometry":{"type":"Point","coordinates":[-3.989041999999927,5.985568000000058]},"properties":{"id":72074,"nom":"MARCHE","type":"marche","district_region":null,"departement_commune":null,"verifie":true,"name":"MARCHE","source":"Géoportail ANSTAT"}},{"type":"Feature","geometry":{"type":"Point","coordinates":[-3.778953999999942,6.547911000000056]},"properties":{"id":72075,"nom":"MARCHE","type":"marche","district_region":null,"departement_commune":null,"verifie":true,"name":"MARCHE","source":"Géoportail ANSTAT"}},{"type":"Feature","geometry":{"type":"Point","coordinates":[-3.854473999999925,6.341203000000064]},"properties":{"id":72076,"nom":"MARCHE","type":"marche","district_region":null,"departement_commune":null,"verifie":true,"name":"MARCHE","source":"Géoportail ANSTAT"}},{"type":"Feature","geometry":{"type":"Point","coordinates":[-3.725725999999952,6.01028100000002]},"properties":{"id":72077,"nom":"MARCHE","type":"marche","district_region":null,"departement_commune":null,"verifie":true,"name":"MARCHE","source":"Géoportail ANSTAT"}},{"type":"Feature","geometry":{"type":"Point","coordinates":[-3.506633999999963,5.415570000000059]},"properties":{"id":72078,"nom":"MARCHE","type":"marche","district_region":null,"departement_commune":null,"verifie":true,"name":"MARCHE","source":"Géoportail ANSTAT"}},{"type":"Feature","geometry":{"type":"Point","coordinates":[-3.546985999999947,5.508011000000067]},"properties":{"id":72079,"nom":"MARCHE","type":"marche","district_region":null,"departement_commune":null,"verifie":true,"name":"MARCHE","source":"Géoportail ANSTAT"}},{"type":"Feature","geometry":{"type":"Point","coordinates":[-2.890334999999936,5.216827000000023]},"properties":{"id":72080,"nom":"MARCHE","type":"marche","district_region":null,"departement_commune":null,"verifie":true,"name":"MARCHE","source":"Géoportail ANSTAT"}},{"type":"Feature","geometry":{"type":"Point","coordinates":[-2.897238999999956,5.179031000000066]},"properties":{"id":72081,"nom":"MARCHE","type":"marche","district_region":null,"departement_commune":null,"verifie":true,"name":"MARCHE","source":"Géoportail ANSTAT"}},{"type":"Feature","geometry":{"type":"Point","coordinates":[-2.923448999999948,5.175934000000041]},"properties":{"id":72082,"nom":"MARCHE","type":"marche","district_region":null,"departement_commune":null,"verifie":true,"name":"MARCHE","source":"Géoportail ANSTAT"}},{"type":"Feature","geometry":{"type":"Point","coordinates":[-2.968766999999957,5.239390000000071]},"properties":{"id":72083,"nom":"MARCHE","type":"marche","district_region":null,"departement_commune":null,"verifie":true,"name":"MARCHE","source":"Géoportail ANSTAT"}},{"type":"Feature","geometry":{"type":"Point","coordinates":[-3.139726999999937,5.398206000000073]},"properties":{"id":72084,"nom":"MARCHE","type":"marche","district_region":null,"departement_commune":null,"verifie":true,"name":"MARCHE","source":"Géoportail ANSTAT"}},{"type":"Feature","geometry":{"type":"Point","coordinates":[-2.833424999999977,5.502811000000065]},"properties":{"id":72085,"nom":"MARCHE","type":"marche","district_region":null,"departement_commune":null,"verifie":true,"name":"MARCHE","source":"Géoportail ANSTAT"}},{"type":"Feature","geometry":{"type":"Point","coordinates":[-2.836820999999929,5.462704000000031]},"properties":{"id":72086,"nom":"MARCHE","type":"marche","district_region":null,"departement_commune":null,"verifie":true,"name":"MARCHE","source":"Géoportail ANSTAT"}},{"type":"Feature","geometry":{"type":"Point","coordinates":[-2.86147399999993,5.477412000000072]},"properties":{"id":72087,"nom":"MARCHE","type":"marche","district_region":null,"departement_commune":null,"verifie":true,"name":"MARCHE","source":"Géoportail ANSTAT"}},{"type":"Feature","geometry":{"type":"Point","coordinates":[-2.887125999999967,5.448362000000031]},"properties":{"id":72088,"nom":"MARCHE","type":"marche","district_region":null,"departement_commune":null,"verifie":true,"name":"MARCHE","source":"Géoportail ANSTAT"}},{"type":"Feature","geometry":{"type":"Point","coordinates":[-2.904903999999931,5.445112000000051]},"properties":{"id":72089,"nom":"MARCHE","type":"marche","district_region":null,"departement_commune":null,"verifie":true,"name":"MARCHE","source":"Géoportail ANSTAT"}},{"type":"Feature","geometry":{"type":"Point","coordinates":[-4.090682999999956,8.571394000000055]},"properties":{"id":72090,"nom":"MARCHE","type":"marche","district_region":null,"departement_commune":null,"verifie":true,"name":"MARCHE","source":"Géoportail ANSTAT"}},{"type":"Feature","geometry":{"type":"Point","coordinates":[-4.721890999999971,8.375530000000026]},"properties":{"id":72091,"nom":"MARCHE","type":"marche","district_region":null,"departement_commune":null,"verifie":true,"name":"MARCHE","source":"Géoportail ANSTAT"}},{"type":"Feature","geometry":{"type":"Point","coordinates":[-7.546997999999974,7.386005000000068]},"properties":{"id":72092,"nom":"MARCHE","type":"marche","district_region":null,"departement_commune":null,"verifie":true,"name":"MARCHE","source":"Géoportail ANSTAT"}},{"type":"Feature","geometry":{"type":"Point","coordinates":[-8.133233999999959,6.893038000000047]},"properties":{"id":72093,"nom":"MARCHE","type":"marche","district_region":null,"departement_commune":null,"verifie":true,"name":"MARCHE","source":"Géoportail ANSTAT"}},{"type":"Feature","geometry":{"type":"Point","coordinates":[-8.152900999999929,7.262217000000021]},"properties":{"id":72094,"nom":"MARCHE","type":"marche","district_region":null,"departement_commune":null,"verifie":true,"name":"MARCHE","source":"Géoportail ANSTAT"}},{"type":"Feature","geometry":{"type":"Point","coordinates":[-8.001800999999944,7.994944000000032]},"properties":{"id":72095,"nom":"MARCHE","type":"marche","district_region":null,"departement_commune":null,"verifie":true,"name":"MARCHE","source":"Géoportail ANSTAT"}},{"type":"Feature","geometry":{"type":"Point","coordinates":[-8.061298999999963,7.851297000000045]},"properties":{"id":72096,"nom":"MARCHE","type":"marche","district_region":null,"departement_commune":null,"verifie":true,"name":"MARCHE","source":"Géoportail ANSTAT"}},{"type":"Feature","geometry":{"type":"Point","coordinates":[-7.186766999999975,7.688718000000051]},"properties":{"id":72097,"nom":"MARCHE","type":"marche","district_region":null,"departement_commune":null,"verifie":true,"name":"MARCHE","source":"Géoportail ANSTAT"}},{"type":"Feature","geometry":{"type":"Point","coordinates":[-7.298449999999946,7.612064000000032]},"properties":{"id":72098,"nom":"MARCHE","type":"marche","district_region":null,"departement_commune":null,"verifie":true,"name":"MARCHE","source":"Géoportail ANSTAT"}},{"type":"Feature","geometry":{"type":"Point","coordinates":[-7.571287999999981,7.708069000000023]},"properties":{"id":72099,"nom":"MARCHE","type":"marche","district_region":null,"departement_commune":null,"verifie":true,"name":"MARCHE","source":"Géoportail ANSTAT"}},{"type":"Feature","geometry":{"type":"Point","coordinates":[-7.937513999999965,7.226910000000032]},"properties":{"id":72100,"nom":"MARCHE","type":"marche","district_region":null,"departement_commune":null,"verifie":true,"name":"MARCHE","source":"Géoportail ANSTAT"}},{"type":"Feature","geometry":{"type":"Point","coordinates":[-3.998661999999968,7.919840000000022]},"properties":{"id":72101,"nom":"MARCHE","type":"marche","district_region":null,"departement_commune":null,"verifie":true,"name":"MARCHE","source":"Géoportail ANSTAT"}},{"type":"Feature","geometry":{"type":"Point","coordinates":[-3.76122799999996,7.256864000000064]},"properties":{"id":72102,"nom":"MARCHE","type":"marche","district_region":null,"departement_commune":null,"verifie":true,"name":"MARCHE","source":"Géoportail ANSTAT"}},{"type":"Feature","geometry":{"type":"Point","coordinates":[-3.654899999999941,7.153793000000064]},"properties":{"id":72103,"nom":"MARCHE","type":"marche","district_region":null,"departement_commune":null,"verifie":true,"name":"MARCHE","source":"Géoportail ANSTAT"}},{"type":"Feature","geometry":{"type":"Point","coordinates":[-5.20990299999994,9.585069000000033]},"properties":{"id":72104,"nom":"MARCHE","type":"marche","district_region":null,"departement_commune":null,"verifie":true,"name":"MARCHE","source":"Géoportail ANSTAT"}},{"type":"Feature","geometry":{"type":"Point","coordinates":[-5.628830999999934,9.90354300000007]},"properties":{"id":72105,"nom":"MARCHE","type":"marche","district_region":null,"departement_commune":null,"verifie":true,"name":"MARCHE","source":"Géoportail ANSTAT"}},{"type":"Feature","geometry":{"type":"Point","coordinates":[-6.570801999999958,5.128620000000069]},"properties":{"id":72106,"nom":"MARCHE","type":"marche","district_region":null,"departement_commune":null,"verifie":true,"name":"MARCHE","source":"Géoportail ANSTAT"}},{"type":"Feature","geometry":{"type":"Point","coordinates":[-6.036466999999959,9.17740800000007]},"properties":{"id":72107,"nom":"MARCHE","type":"marche","district_region":null,"departement_commune":null,"verifie":true,"name":"MARCHE","source":"Géoportail ANSTAT"}},{"type":"Feature","geometry":{"type":"Point","coordinates":[-5.643404999999973,9.477572000000066]},"properties":{"id":72108,"nom":"MARCHE","type":"marche","district_region":null,"departement_commune":null,"verifie":true,"name":"MARCHE","source":"Géoportail ANSTAT"}},{"type":"Feature","geometry":{"type":"Point","coordinates":[-5.626207999999963,9.454713000000028]},"properties":{"id":72109,"nom":"MARCHE","type":"marche","district_region":null,"departement_commune":null,"verifie":true,"name":"MARCHE","source":"Géoportail ANSTAT"}},{"type":"Feature","geometry":{"type":"Point","coordinates":[-6.78923999999995,5.758200000000045]},"properties":{"id":72110,"nom":"MARCHE","type":"marche","district_region":null,"departement_commune":null,"verifie":true,"name":"MARCHE","source":"Géoportail ANSTAT"}},{"type":"Feature","geometry":{"type":"Point","coordinates":[-6.514381999999955,5.96271100000007]},"properties":{"id":72111,"nom":"MARCHE","type":"marche","district_region":null,"departement_commune":null,"verifie":true,"name":"MARCHE","source":"Géoportail ANSTAT"}},{"type":"Feature","geometry":{"type":"Point","coordinates":[-6.591989999999953,5.782490000000053]},"properties":{"id":72112,"nom":"MARCHE","type":"marche","district_region":null,"departement_commune":null,"verifie":true,"name":"MARCHE","source":"Géoportail ANSTAT"}},{"type":"Feature","geometry":{"type":"Point","coordinates":[-6.591963999999962,5.782222000000047]},"properties":{"id":72113,"nom":"MARCHE","type":"marche","district_region":null,"departement_commune":null,"verifie":true,"name":"MARCHE","source":"Géoportail ANSTAT"}},{"type":"Feature","geometry":{"type":"Point","coordinates":[-6.603888999999981,5.781405000000063]},"properties":{"id":72114,"nom":"MARCHE","type":"marche","district_region":null,"departement_commune":null,"verifie":true,"name":"MARCHE","source":"Géoportail ANSTAT"}},{"type":"Feature","geometry":{"type":"Point","coordinates":[-6.593154999999967,5.783536000000026]},"properties":{"id":72115,"nom":"MARCHE","type":"marche","district_region":null,"departement_commune":null,"verifie":true,"name":"MARCHE","source":"Géoportail ANSTAT"}},{"type":"Feature","geometry":{"type":"Point","coordinates":[-6.593514999999968,5.783445000000029]},"properties":{"id":72116,"nom":"MARCHE","type":"marche","district_region":null,"departement_commune":null,"verifie":true,"name":"MARCHE","source":"Géoportail ANSTAT"}},{"type":"Feature","geometry":{"type":"Point","coordinates":[-6.593629999999962,5.783440000000041]},"properties":{"id":72117,"nom":"MARCHE","type":"marche","district_region":null,"departement_commune":null,"verifie":true,"name":"MARCHE","source":"Géoportail ANSTAT"}},{"type":"Feature","geometry":{"type":"Point","coordinates":[-6.593678999999952,5.783579000000032]},"properties":{"id":72121,"nom":"MARCHE","type":"marche","district_region":null,"departement_commune":null,"verifie":true,"name":"MARCHE","source":"Géoportail ANSTAT"}},{"type":"Feature","geometry":{"type":"Point","coordinates":[-6.593708999999933,5.783961000000033]},"properties":{"id":72122,"nom":"MARCHE","type":"marche","district_region":null,"departement_commune":null,"verifie":true,"name":"MARCHE","source":"Géoportail ANSTAT"}},{"type":"Feature","geometry":{"type":"Point","coordinates":[-6.593739999999968,5.784174000000064]},"properties":{"id":72123,"nom":"MARCHE","type":"marche","district_region":null,"departement_commune":null,"verifie":true,"name":"MARCHE","source":"Géoportail ANSTAT"}},{"type":"Feature","geometry":{"type":"Point","coordinates":[-6.593348999999932,5.784323000000029]},"properties":{"id":72124,"nom":"MARCHE","type":"marche","district_region":null,"departement_commune":null,"verifie":true,"name":"MARCHE","source":"Géoportail ANSTAT"}},{"type":"Feature","geometry":{"type":"Point","coordinates":[-6.593033999999932,5.784338000000048]},"properties":{"id":72125,"nom":"MARCHE","type":"marche","district_region":null,"departement_commune":null,"verifie":true,"name":"MARCHE","source":"Géoportail ANSTAT"}},{"type":"Feature","geometry":{"type":"Point","coordinates":[-6.592919999999935,5.784348000000023]},"properties":{"id":72126,"nom":"MARCHE","type":"marche","district_region":null,"departement_commune":null,"verifie":true,"name":"MARCHE","source":"Géoportail ANSTAT"}},{"type":"Feature","geometry":{"type":"Point","coordinates":[-6.592450999999926,5.784412000000032]},"properties":{"id":72127,"nom":"MARCHE","type":"marche","district_region":null,"departement_commune":null,"verifie":true,"name":"MARCHE","source":"Géoportail ANSTAT"}},{"type":"Feature","geometry":{"type":"Point","coordinates":[-6.592266999999936,5.784409000000039]},"properties":{"id":72128,"nom":"MARCHE","type":"marche","district_region":null,"departement_commune":null,"verifie":true,"name":"MARCHE","source":"Géoportail ANSTAT"}},{"type":"Feature","geometry":{"type":"Point","coordinates":[-6.592200999999932,5.78389500000003]},"properties":{"id":72129,"nom":"MARCHE","type":"marche","district_region":null,"departement_commune":null,"verifie":true,"name":"MARCHE","source":"Géoportail ANSTAT"}},{"type":"Feature","geometry":{"type":"Point","coordinates":[-6.592272999999977,5.78364700000003]},"properties":{"id":72130,"nom":"MARCHE","type":"marche","district_region":null,"departement_commune":null,"verifie":true,"name":"MARCHE","source":"Géoportail ANSTAT"}},{"type":"Feature","geometry":{"type":"Point","coordinates":[-6.592235999999957,5.783622000000037]},"properties":{"id":72131,"nom":"MARCHE","type":"marche","district_region":null,"departement_commune":null,"verifie":true,"name":"MARCHE","source":"Géoportail ANSTAT"}},{"type":"Feature","geometry":{"type":"Point","coordinates":[-6.592362999999978,5.783604000000025]},"properties":{"id":72132,"nom":"MARCHE","type":"marche","district_region":null,"departement_commune":null,"verifie":true,"name":"MARCHE","source":"Géoportail ANSTAT"}},{"type":"Feature","geometry":{"type":"Point","coordinates":[-6.592520999999977,5.783580000000029]},"properties":{"id":72133,"nom":"MARCHE","type":"marche","district_region":null,"departement_commune":null,"verifie":true,"name":"MARCHE","source":"Géoportail ANSTAT"}},{"type":"Feature","geometry":{"type":"Point","coordinates":[-6.592626999999936,5.783577000000037]},"properties":{"id":72134,"nom":"MARCHE","type":"marche","district_region":null,"departement_commune":null,"verifie":true,"name":"MARCHE","source":"Géoportail ANSTAT"}},{"type":"Feature","geometry":{"type":"Point","coordinates":[-6.592846999999949,5.783564000000069]},"properties":{"id":72136,"nom":"MARCHE","type":"marche","district_region":null,"departement_commune":null,"verifie":true,"name":"MARCHE","source":"Géoportail ANSTAT"}},{"type":"Feature","geometry":{"type":"Point","coordinates":[-6.592950999999971,5.783543000000066]},"properties":{"id":72137,"nom":"MARCHE","type":"marche","district_region":null,"departement_commune":null,"verifie":true,"name":"MARCHE","source":"Géoportail ANSTAT"}},{"type":"Feature","geometry":{"type":"Point","coordinates":[-6.593093999999951,5.783530000000042]},"properties":{"id":72138,"nom":"MARCHE","type":"marche","district_region":null,"departement_commune":null,"verifie":true,"name":"MARCHE","source":"Géoportail ANSTAT"}},{"type":"Feature","geometry":{"type":"Point","coordinates":[-6.593230999999946,5.783493000000021]},"properties":{"id":72139,"nom":"MARCHE","type":"marche","district_region":null,"departement_commune":null,"verifie":true,"name":"MARCHE","source":"Géoportail ANSTAT"}},{"type":"Feature","geometry":{"type":"Point","coordinates":[-6.593453999999952,5.783457000000055]},"properties":{"id":72140,"nom":"MARCHE","type":"marche","district_region":null,"departement_commune":null,"verifie":true,"name":"MARCHE","source":"Géoportail ANSTAT"}},{"type":"Feature","geometry":{"type":"Point","coordinates":[-6.593640999999934,5.783444000000031]},"properties":{"id":72141,"nom":"MARCHE","type":"marche","district_region":null,"departement_commune":null,"verifie":true,"name":"MARCHE","source":"Géoportail ANSTAT"}},{"type":"Feature","geometry":{"type":"Point","coordinates":[-6.593612999999948,5.783121000000051]},"properties":{"id":72142,"nom":"MARCHE","type":"marche","district_region":null,"departement_commune":null,"verifie":true,"name":"MARCHE","source":"Géoportail ANSTAT"}},{"type":"Feature","geometry":{"type":"Point","coordinates":[-6.593534999999974,5.782413000000076]},"properties":{"id":72143,"nom":"MARCHE","type":"marche","district_region":null,"departement_commune":null,"verifie":true,"name":"MARCHE","source":"Géoportail ANSTAT"}},{"type":"Feature","geometry":{"type":"Point","coordinates":[-6.593487999999979,5.782060000000058]},"properties":{"id":72144,"nom":"MARCHE","type":"marche","district_region":null,"departement_commune":null,"verifie":true,"name":"MARCHE","source":"Géoportail ANSTAT"}},{"type":"Feature","geometry":{"type":"Point","coordinates":[-6.593471999999963,5.78187500000007]},"properties":{"id":72146,"nom":"MARCHE","type":"marche","district_region":null,"departement_commune":null,"verifie":true,"name":"MARCHE","source":"Géoportail ANSTAT"}},{"type":"Feature","geometry":{"type":"Point","coordinates":[-6.59343999999993,5.781625000000076]},"properties":{"id":72147,"nom":"MARCHE","type":"marche","district_region":null,"departement_commune":null,"verifie":true,"name":"MARCHE","source":"Géoportail ANSTAT"}},{"type":"Feature","geometry":{"type":"Point","coordinates":[-6.593076999999937,5.78138000000007]},"properties":{"id":72148,"nom":"MARCHE","type":"marche","district_region":null,"departement_commune":null,"verifie":true,"name":"MARCHE","source":"Géoportail ANSTAT"}},{"type":"Feature","geometry":{"type":"Point","coordinates":[-6.592925999999977,5.781388000000049]},"properties":{"id":72149,"nom":"MARCHE","type":"marche","district_region":null,"departement_commune":null,"verifie":true,"name":"MARCHE","source":"Géoportail ANSTAT"}},{"type":"Feature","geometry":{"type":"Point","coordinates":[-6.592798999999957,5.781414000000041]},"properties":{"id":72150,"nom":"MARCHE","type":"marche","district_region":null,"departement_commune":null,"verifie":true,"name":"MARCHE","source":"Géoportail ANSTAT"}},{"type":"Feature","geometry":{"type":"Point","coordinates":[-6.59222699999998,5.781504000000041]},"properties":{"id":72151,"nom":"MARCHE","type":"marche","district_region":null,"departement_commune":null,"verifie":true,"name":"MARCHE","source":"Géoportail ANSTAT"}},{"type":"Feature","geometry":{"type":"Point","coordinates":[-6.591970999999944,5.781742000000065]},"properties":{"id":72152,"nom":"MARCHE","type":"marche","district_region":null,"departement_commune":null,"verifie":true,"name":"MARCHE","source":"Géoportail ANSTAT"}},{"type":"Feature","geometry":{"type":"Point","coordinates":[-6.592007999999964,5.781975000000045]},"properties":{"id":72153,"nom":"MARCHE","type":"marche","district_region":null,"departement_commune":null,"verifie":true,"name":"MARCHE","source":"Géoportail ANSTAT"}},{"type":"Feature","geometry":{"type":"Point","coordinates":[-6.592021999999929,5.782247000000041]},"properties":{"id":72154,"nom":"MARCHE","type":"marche","district_region":null,"departement_commune":null,"verifie":true,"name":"MARCHE","source":"Géoportail ANSTAT"}},{"type":"Feature","geometry":{"type":"Point","coordinates":[-6.592061999999942,5.782680000000028]},"properties":{"id":72155,"nom":"MARCHE","type":"marche","district_region":null,"departement_commune":null,"verifie":true,"name":"MARCHE","source":"Géoportail ANSTAT"}},{"type":"Feature","geometry":{"type":"Point","coordinates":[-6.592102999999952,5.78286300000002]},"properties":{"id":72156,"nom":"MARCHE","type":"marche","district_region":null,"departement_commune":null,"verifie":true,"name":"MARCHE","source":"Géoportail ANSTAT"}},{"type":"Feature","geometry":{"type":"Point","coordinates":[-6.340284999999938,5.564644000000044]},"properties":{"id":72157,"nom":"MARCHE","type":"marche","district_region":null,"departement_commune":null,"verifie":true,"name":"MARCHE","source":"Géoportail ANSTAT"}},{"type":"Feature","geometry":{"type":"Point","coordinates":[-6.499021999999968,6.132532000000026]},"properties":{"id":72158,"nom":"MARCHE","type":"marche","district_region":null,"departement_commune":null,"verifie":true,"name":"MARCHE","source":"Géoportail ANSTAT"}},{"type":"Feature","geometry":{"type":"Point","coordinates":[-6.913293999999951,5.963343000000066]},"properties":{"id":72159,"nom":"MARCHE","type":"marche","district_region":null,"departement_commune":null,"verifie":true,"name":"MARCHE","source":"Géoportail ANSTAT"}},{"type":"Feature","geometry":{"type":"Point","coordinates":[-4.258381999999926,6.746461000000068]},"properties":{"id":72160,"nom":"MARCHE","type":"marche","district_region":null,"departement_commune":null,"verifie":true,"name":"MARCHE","source":"Géoportail ANSTAT"}},{"type":"Feature","geometry":{"type":"Point","coordinates":[-4.161793999999929,6.750746000000049]},"properties":{"id":72161,"nom":"MARCHE","type":"marche","district_region":null,"departement_commune":null,"verifie":true,"name":"MARCHE","source":"Géoportail ANSTAT"}},{"type":"Feature","geometry":{"type":"Point","coordinates":[-3.904413999999974,6.966041000000075]},"properties":{"id":72162,"nom":"MARCHE","type":"marche","district_region":null,"departement_commune":null,"verifie":true,"name":"MARCHE","source":"Géoportail ANSTAT"}},{"type":"Feature","geometry":{"type":"Point","coordinates":[-4.10396499999996,6.658012000000042]},"properties":{"id":72163,"nom":"MARCHE","type":"marche","district_region":null,"departement_commune":null,"verifie":true,"name":"MARCHE","source":"Géoportail ANSTAT"}},{"type":"Feature","geometry":{"type":"Point","coordinates":[-4.233273999999938,6.610830000000021]},"properties":{"id":72164,"nom":"MARCHE","type":"marche","district_region":null,"departement_commune":null,"verifie":true,"name":"MARCHE","source":"Géoportail ANSTAT"}},{"type":"Feature","geometry":{"type":"Point","coordinates":[-7.081160999999952,7.251287000000048]},"properties":{"id":72165,"nom":"MARCHE","type":"marche","district_region":null,"departement_commune":null,"verifie":true,"name":"MARCHE","source":"Géoportail ANSTAT"}},{"type":"Feature","geometry":{"type":"Point","coordinates":[-7.341466999999966,7.386882000000071]},"properties":{"id":72166,"nom":"MARCHE","type":"marche","district_region":null,"departement_commune":null,"verifie":true,"name":"MARCHE","source":"Géoportail ANSTAT"}},{"type":"Feature","geometry":{"type":"Point","coordinates":[-7.406943999999953,7.377482000000043]},"properties":{"id":72167,"nom":"MARCHE","type":"marche","district_region":null,"departement_commune":null,"verifie":true,"name":"MARCHE","source":"Géoportail ANSTAT"}},{"type":"Feature","geometry":{"type":"Point","coordinates":[-7.29422999999997,6.794901000000038]},"properties":{"id":72168,"nom":"MARCHE","type":"marche","district_region":null,"departement_commune":null,"verifie":true,"name":"MARCHE","source":"Géoportail ANSTAT"}},{"type":"Feature","geometry":{"type":"Point","coordinates":[-7.337989999999934,6.728874000000076]},"properties":{"id":72169,"nom":"MARCHE","type":"marche","district_region":null,"departement_commune":null,"verifie":true,"name":"MARCHE","source":"Géoportail ANSTAT"}},{"type":"Feature","geometry":{"type":"Point","coordinates":[-5.863708999999972,6.085718000000043]},"properties":{"id":72170,"nom":"MARCHE","type":"marche","district_region":null,"departement_commune":null,"verifie":true,"name":"MARCHE","source":"Géoportail ANSTAT"}},{"type":"Feature","geometry":{"type":"Point","coordinates":[-5.959708999999975,6.15114200000005]},"properties":{"id":72171,"nom":"MARCHE","type":"marche","district_region":null,"departement_commune":null,"verifie":true,"name":"MARCHE","source":"Géoportail ANSTAT"}},{"type":"Feature","geometry":{"type":"Point","coordinates":[-6.103122999999925,6.047795000000065]},"properties":{"id":72172,"nom":"MARCHE","type":"marche","district_region":null,"departement_commune":null,"verifie":true,"name":"MARCHE","source":"Géoportail ANSTAT"}},{"type":"Feature","geometry":{"type":"Point","coordinates":[-5.951540999999963,6.133731000000068]},"properties":{"id":72173,"nom":"MARCHE","type":"marche","district_region":null,"departement_commune":null,"verifie":true,"name":"MARCHE","source":"Géoportail ANSTAT"}},{"type":"Feature","geometry":{"type":"Point","coordinates":[-5.947884999999928,6.128311000000053]},"properties":{"id":72175,"nom":"MARCHE","type":"marche","district_region":null,"departement_commune":null,"verifie":true,"name":"MARCHE","source":"Géoportail ANSTAT"}},{"type":"Feature","geometry":{"type":"Point","coordinates":[-5.960370999999952,6.139655000000062]},"properties":{"id":72176,"nom":"MARCHE","type":"marche","district_region":null,"departement_commune":null,"verifie":true,"name":"MARCHE","source":"Géoportail ANSTAT"}},{"type":"Feature","geometry":{"type":"Point","coordinates":[-6.243027999999981,6.128288000000055]},"properties":{"id":72178,"nom":"MARCHE","type":"marche","district_region":null,"departement_commune":null,"verifie":true,"name":"MARCHE","source":"Géoportail ANSTAT"}},{"type":"Feature","geometry":{"type":"Point","coordinates":[-6.224014999999952,6.019735000000026]},"properties":{"id":72179,"nom":"MARCHE","type":"marche","district_region":null,"departement_commune":null,"verifie":true,"name":"MARCHE","source":"Géoportail ANSTAT"}},{"type":"Feature","geometry":{"type":"Point","coordinates":[-5.828001999999969,6.39599400000003]},"properties":{"id":72181,"nom":"MARCHE","type":"marche","district_region":null,"departement_commune":null,"verifie":true,"name":"MARCHE","source":"Géoportail ANSTAT"}},{"type":"Feature","geometry":{"type":"Point","coordinates":[-5.841074999999933,6.449909000000048]},"properties":{"id":72182,"nom":"MARCHE","type":"marche","district_region":null,"departement_commune":null,"verifie":true,"name":"MARCHE","source":"Géoportail ANSTAT"}},{"type":"Feature","geometry":{"type":"Point","coordinates":[-6.011915999999928,6.442935000000034]},"properties":{"id":72183,"nom":"MARCHE  DE BALAYO","type":"marche","district_region":null,"departement_commune":null,"verifie":true,"name":"MARCHE  DE BALAYO","source":"Géoportail ANSTAT"}},{"type":"Feature","geometry":{"type":"Point","coordinates":[-5.825923999999929,6.307705000000055]},"properties":{"id":72184,"nom":"MARCHE","type":"marche","district_region":null,"departement_commune":null,"verifie":true,"name":"MARCHE","source":"Géoportail ANSTAT"}},{"type":"Feature","geometry":{"type":"Point","coordinates":[-5.824438999999927,6.266039000000035]},"properties":{"id":72185,"nom":"MARCHE","type":"marche","district_region":null,"departement_commune":null,"verifie":true,"name":"MARCHE","source":"Géoportail ANSTAT"}},{"type":"Feature","geometry":{"type":"Point","coordinates":[-5.841405999999949,6.228868000000034]},"properties":{"id":72186,"nom":"MARCHE","type":"marche","district_region":null,"departement_commune":null,"verifie":true,"name":"MARCHE","source":"Géoportail ANSTAT"}},{"type":"Feature","geometry":{"type":"Point","coordinates":[-5.896679999999947,6.212909000000025]},"properties":{"id":72187,"nom":"MARCHE","type":"marche","district_region":null,"departement_commune":null,"verifie":true,"name":"MARCHE","source":"Géoportail ANSTAT"}},{"type":"Feature","geometry":{"type":"Point","coordinates":[-5.837348999999961,6.340921000000037]},"properties":{"id":72188,"nom":"MARCHE","type":"marche","district_region":null,"departement_commune":null,"verifie":true,"name":"MARCHE","source":"Géoportail ANSTAT"}},{"type":"Feature","geometry":{"type":"Point","coordinates":[-5.738623999999959,6.334122000000036]},"properties":{"id":72189,"nom":"MARCHE","type":"marche","district_region":null,"departement_commune":null,"verifie":true,"name":"MARCHE","source":"Géoportail ANSTAT"}},{"type":"Feature","geometry":{"type":"Point","coordinates":[-6.081595999999934,5.135829000000058]},"properties":{"id":72190,"nom":"MARCHE","type":"marche","district_region":null,"departement_commune":null,"verifie":true,"name":"MARCHE","source":"Géoportail ANSTAT"}},{"type":"Feature","geometry":{"type":"Point","coordinates":[-6.264814999999942,5.065536000000066]},"properties":{"id":72191,"nom":"MARCHE","type":"marche","district_region":null,"departement_commune":null,"verifie":true,"name":"MARCHE","source":"Géoportail ANSTAT"}},{"type":"Feature","geometry":{"type":"Point","coordinates":[-6.228712999999971,5.254460000000051]},"properties":{"id":72192,"nom":"MARCHE","type":"marche","district_region":null,"departement_commune":null,"verifie":true,"name":"MARCHE","source":"Géoportail ANSTAT"}},{"type":"Feature","geometry":{"type":"Point","coordinates":[-6.26720899999998,5.30961300000007]},"properties":{"id":72193,"nom":"MARCHE","type":"marche","district_region":null,"departement_commune":null,"verifie":true,"name":"MARCHE","source":"Géoportail ANSTAT"}},{"type":"Feature","geometry":{"type":"Point","coordinates":[-5.940759999999955,5.226386000000048]},"properties":{"id":72194,"nom":"MARCHE","type":"marche","district_region":null,"departement_commune":null,"verifie":true,"name":"MARCHE","source":"Géoportail ANSTAT"}},{"type":"Feature","geometry":{"type":"Point","coordinates":[-6.348463999999979,5.429953000000069]},"properties":{"id":72195,"nom":"MARCHE","type":"marche","district_region":null,"departement_commune":null,"verifie":true,"name":"MARCHE","source":"Géoportail ANSTAT"}},{"type":"Feature","geometry":{"type":"Point","coordinates":[-6.348068999999953,5.430356000000074]},"properties":{"id":72196,"nom":"MARCHE","type":"marche","district_region":null,"departement_commune":null,"verifie":true,"name":"MARCHE","source":"Géoportail ANSTAT"}},{"type":"Feature","geometry":{"type":"Point","coordinates":[-6.34766099999996,5.430997000000048]},"properties":{"id":72197,"nom":"MARCHE","type":"marche","district_region":null,"departement_commune":null,"verifie":true,"name":"MARCHE","source":"Géoportail ANSTAT"}},{"type":"Feature","geometry":{"type":"Point","coordinates":[-4.856937999999957,6.334960000000024]},"properties":{"id":72198,"nom":"MARCHE","type":"marche","district_region":null,"departement_commune":null,"verifie":true,"name":"MARCHE","source":"Géoportail ANSTAT"}},{"type":"Feature","geometry":{"type":"Point","coordinates":[-4.866954999999962,7.335646000000054]},"properties":{"id":72199,"nom":"MARCHE","type":"marche","district_region":null,"departement_commune":null,"verifie":true,"name":"MARCHE","source":"Géoportail ANSTAT"}},{"type":"Feature","geometry":{"type":"Point","coordinates":[-4.886109999999974,6.929297000000076]},"properties":{"id":72200,"nom":"MARCHE AKPABO","type":"marche","district_region":null,"departement_commune":null,"verifie":true,"name":"MARCHE AKPABO","source":"Géoportail ANSTAT"}},{"type":"Feature","geometry":{"type":"Point","coordinates":[-4.934989999999971,6.953444000000047]},"properties":{"id":72201,"nom":"MARCHE","type":"marche","district_region":null,"departement_commune":null,"verifie":true,"name":"MARCHE","source":"Géoportail ANSTAT"}},{"type":"Feature","geometry":{"type":"Point","coordinates":[-5.115947999999946,6.468043000000023]},"properties":{"id":72202,"nom":"MARCHE","type":"marche","district_region":null,"departement_commune":null,"verifie":true,"name":"MARCHE","source":"Géoportail ANSTAT"}},{"type":"Feature","geometry":{"type":"Point","coordinates":[-5.143046999999967,6.53398500000003]},"properties":{"id":72203,"nom":"MARCHE","type":"marche","district_region":null,"departement_commune":null,"verifie":true,"name":"MARCHE","source":"Géoportail ANSTAT"}},{"type":"Feature","geometry":{"type":"Point","coordinates":[-5.25756199999995,6.540565000000072]},"properties":{"id":72204,"nom":"MARCHE","type":"marche","district_region":null,"departement_commune":null,"verifie":true,"name":"MARCHE","source":"Géoportail ANSTAT"}},{"type":"Feature","geometry":{"type":"Point","coordinates":[-4.172773999999947,5.339628000000062]},"properties":{"id":72205,"nom":"MARCHE","type":"marche","district_region":null,"departement_commune":null,"verifie":true,"name":"MARCHE","source":"Géoportail ANSTAT"}},{"type":"Feature","geometry":{"type":"Point","coordinates":[-4.229362999999978,5.552096000000063]},"properties":{"id":72206,"nom":"MARCHE","type":"marche","district_region":null,"departement_commune":null,"verifie":true,"name":"MARCHE","source":"Géoportail ANSTAT"}},{"type":"Feature","geometry":{"type":"Point","coordinates":[-4.219301999999971,5.533104000000037]},"properties":{"id":72207,"nom":"MARCHE","type":"marche","district_region":null,"departement_commune":null,"verifie":true,"name":"MARCHE","source":"Géoportail ANSTAT"}},{"type":"Feature","geometry":{"type":"Point","coordinates":[-3.965653999999972,5.538393000000042]},"properties":{"id":72208,"nom":"MARCHE","type":"marche","district_region":null,"departement_commune":null,"verifie":true,"name":"MARCHE","source":"Géoportail ANSTAT"}},{"type":"Feature","geometry":{"type":"Point","coordinates":[-3.93148599999995,5.51353000000006]},"properties":{"id":72209,"nom":"MARCHE","type":"marche","district_region":null,"departement_commune":null,"verifie":true,"name":"MARCHE","source":"Géoportail ANSTAT"}},{"type":"Feature","geometry":{"type":"Point","coordinates":[-2.711965999999961,8.113342000000046]},"properties":{"id":72210,"nom":"MARCHE","type":"marche","district_region":null,"departement_commune":null,"verifie":true,"name":"MARCHE","source":"Géoportail ANSTAT"}},{"type":"Feature","geometry":{"type":"Point","coordinates":[-3.691234999999949,7.784550000000024]},"properties":{"id":72211,"nom":"MARCHE","type":"marche","district_region":null,"departement_commune":null,"verifie":true,"name":"MARCHE","source":"Géoportail ANSTAT"}},{"type":"Feature","geometry":{"type":"Point","coordinates":[-5.930520999999942,7.709097000000042]},"properties":{"id":72212,"nom":"MARCHE","type":"marche","district_region":null,"departement_commune":null,"verifie":true,"name":"MARCHE","source":"Géoportail ANSTAT"}},{"type":"Feature","geometry":{"type":"Point","coordinates":[-6.044381999999928,7.523216000000048]},"properties":{"id":72213,"nom":"MARCHE  PERMNENT","type":"marche","district_region":null,"departement_commune":null,"verifie":true,"name":"MARCHE  PERMNENT","source":"Géoportail ANSTAT"}},{"type":"Feature","geometry":{"type":"Point","coordinates":[-5.807333999999969,6.965734000000054]},"properties":{"id":72214,"nom":"MARCHE","type":"marche","district_region":null,"departement_commune":null,"verifie":true,"name":"MARCHE","source":"Géoportail ANSTAT"}},{"type":"Feature","geometry":{"type":"Point","coordinates":[-5.926973999999973,7.174896000000047]},"properties":{"id":72215,"nom":"MARCHE","type":"marche","district_region":null,"departement_commune":null,"verifie":true,"name":"MARCHE","source":"Géoportail ANSTAT"}},{"type":"Feature","geometry":{"type":"Point","coordinates":[-5.967690999999945,6.944271000000072]},"properties":{"id":72216,"nom":"MARCHE","type":"marche","district_region":null,"departement_commune":null,"verifie":true,"name":"MARCHE","source":"Géoportail ANSTAT"}},{"type":"Feature","geometry":{"type":"Point","coordinates":[-5.504018999999971,6.726432000000045]},"properties":{"id":72217,"nom":"MARCHE","type":"marche","district_region":null,"departement_commune":null,"verifie":true,"name":"MARCHE","source":"Géoportail ANSTAT"}},{"type":"Feature","geometry":{"type":"Point","coordinates":[-5.746585999999979,6.647962000000064]},"properties":{"id":72218,"nom":"MARCHE","type":"marche","district_region":null,"departement_commune":null,"verifie":true,"name":"MARCHE","source":"Géoportail ANSTAT"}},{"type":"Feature","geometry":{"type":"Point","coordinates":[-5.037196999999935,7.741821000000073]},"properties":{"id":72219,"nom":"MARCHE","type":"marche","district_region":null,"departement_commune":null,"verifie":true,"name":"MARCHE","source":"Géoportail ANSTAT"}},{"type":"Feature","geometry":{"type":"Point","coordinates":[-5.027480999999966,7.689932000000056]},"properties":{"id":72220,"nom":"MARCHE","type":"marche","district_region":null,"departement_commune":null,"verifie":true,"name":"MARCHE","source":"Géoportail ANSTAT"}},{"type":"Feature","geometry":{"type":"Point","coordinates":[-5.025938999999937,7.693618000000072]},"properties":{"id":72221,"nom":"MARCHE","type":"marche","district_region":null,"departement_commune":null,"verifie":true,"name":"MARCHE","source":"Géoportail ANSTAT"}},{"type":"Feature","geometry":{"type":"Point","coordinates":[-5.016826999999978,7.672457000000065]},"properties":{"id":72222,"nom":"MARCHE AIR FRANCE 2","type":"marche","district_region":null,"departement_commune":null,"verifie":true,"name":"MARCHE AIR FRANCE 2","source":"Géoportail ANSTAT"}},{"type":"Feature","geometry":{"type":"Point","coordinates":[-5.166888999999969,7.589712000000077]},"properties":{"id":72223,"nom":"MARCHE","type":"marche","district_region":null,"departement_commune":null,"verifie":true,"name":"MARCHE","source":"Géoportail ANSTAT"}},{"type":"Feature","geometry":{"type":"Point","coordinates":[-3.82355599999994,9.77890700000006]},"properties":{"id":72224,"nom":"MARCHE","type":"marche","district_region":null,"departement_commune":null,"verifie":true,"name":"MARCHE","source":"Géoportail ANSTAT"}},{"type":"Feature","geometry":{"type":"Point","coordinates":[-3.339807999999948,9.808850000000064]},"properties":{"id":72225,"nom":"MARCHE","type":"marche","district_region":null,"departement_commune":null,"verifie":true,"name":"MARCHE","source":"Géoportail ANSTAT"}},{"type":"Feature","geometry":{"type":"Point","coordinates":[-2.994740999999976,9.269825000000026]},"properties":{"id":72226,"nom":"MARCHE","type":"marche","district_region":null,"departement_commune":null,"verifie":true,"name":"MARCHE","source":"Géoportail ANSTAT"}},{"type":"Feature","geometry":{"type":"Point","coordinates":[-4.280798999999945,7.072011000000032]},"properties":{"id":72227,"nom":"MARCHE","type":"marche","district_region":null,"departement_commune":null,"verifie":true,"name":"MARCHE","source":"Géoportail ANSTAT"}},{"type":"Feature","geometry":{"type":"Point","coordinates":[-4.673509999999965,7.148762000000033]},"properties":{"id":72228,"nom":"MARCHE","type":"marche","district_region":null,"departement_commune":null,"verifie":true,"name":"MARCHE","source":"Géoportail ANSTAT"}},{"type":"Feature","geometry":{"type":"Point","coordinates":[-4.317724999999939,6.93434000000002]},"properties":{"id":72229,"nom":"MARCHE","type":"marche","district_region":null,"departement_commune":null,"verifie":true,"name":"MARCHE","source":"Géoportail ANSTAT"}},{"type":"Feature","geometry":{"type":"Point","coordinates":[-4.67124199999995,6.737127000000044]},"properties":{"id":72230,"nom":"MARCHE","type":"marche","district_region":null,"departement_commune":null,"verifie":true,"name":"MARCHE","source":"Géoportail ANSTAT"}},{"type":"Feature","geometry":{"type":"Point","coordinates":[-4.619371999999942,6.633204000000035]},"properties":{"id":72231,"nom":"MARCHE","type":"marche","district_region":null,"departement_commune":null,"verifie":true,"name":"MARCHE","source":"Géoportail ANSTAT"}},{"type":"Feature","geometry":{"type":"Point","coordinates":[-7.938199999999938,6.41657600000002]},"properties":{"id":72232,"nom":"MARCHE","type":"marche","district_region":null,"departement_commune":null,"verifie":true,"name":"MARCHE","source":"Géoportail ANSTAT"}},{"type":"Feature","geometry":{"type":"Point","coordinates":[-6.841627999999957,7.151646000000028]},"properties":{"id":72233,"nom":"MARCHE","type":"marche","district_region":null,"departement_commune":null,"verifie":true,"name":"MARCHE","source":"Géoportail ANSTAT"}},{"type":"Feature","geometry":{"type":"Point","coordinates":[-6.614184999999964,7.481551000000024]},"properties":{"id":72234,"nom":"MARCHE","type":"marche","district_region":null,"departement_commune":null,"verifie":true,"name":"MARCHE","source":"Géoportail ANSTAT"}},{"type":"Feature","geometry":{"type":"Point","coordinates":[-6.517477999999926,6.755590000000041]},"properties":{"id":72235,"nom":"MARCHE","type":"marche","district_region":null,"departement_commune":null,"verifie":true,"name":"MARCHE","source":"Géoportail ANSTAT"}},{"type":"Feature","geometry":{"type":"Point","coordinates":[-6.433573999999965,6.859147000000064]},"properties":{"id":72236,"nom":"MARCHE ABATOIR 2","type":"marche","district_region":null,"departement_commune":null,"verifie":true,"name":"MARCHE ABATOIR 2","source":"Géoportail ANSTAT"}},{"type":"Feature","geometry":{"type":"Point","coordinates":[-6.846831999999949,6.551776000000075]},"properties":{"id":72237,"nom":"MARCHE","type":"marche","district_region":null,"departement_commune":null,"verifie":true,"name":"MARCHE","source":"Géoportail ANSTAT"}},{"type":"Feature","geometry":{"type":"Point","coordinates":[-4.684691999999927,5.909650000000056]},"properties":{"id":72238,"nom":"MARCHE","type":"marche","district_region":null,"departement_commune":null,"verifie":true,"name":"MARCHE","source":"Géoportail ANSTAT"}},{"type":"Feature","geometry":{"type":"Point","coordinates":[-4.984451999999976,6.085513000000049]},"properties":{"id":72239,"nom":"MARCHE AMANI MENOU","type":"marche","district_region":null,"departement_commune":null,"verifie":true,"name":"MARCHE AMANI MENOU","source":"Géoportail ANSTAT"}},{"type":"Feature","geometry":{"type":"Point","coordinates":[-4.98327699999993,6.085409000000027]},"properties":{"id":72240,"nom":"MARCHE AMANI MENOU","type":"marche","district_region":null,"departement_commune":null,"verifie":true,"name":"MARCHE AMANI MENOU","source":"Géoportail ANSTAT"}},{"type":"Feature","geometry":{"type":"Point","coordinates":[-4.51034999999996,5.686784000000046]},"properties":{"id":72241,"nom":"MARCHE","type":"marche","district_region":null,"departement_commune":null,"verifie":true,"name":"MARCHE","source":"Géoportail ANSTAT"}},{"type":"Feature","geometry":{"type":"Point","coordinates":[-4.144778999999971,5.80590600000005]},"properties":{"id":72242,"nom":"MARCHE","type":"marche","district_region":null,"departement_commune":null,"verifie":true,"name":"MARCHE","source":"Géoportail ANSTAT"}},{"type":"Feature","geometry":{"type":"Point","coordinates":[-4.337741999999935,5.806558000000052]},"properties":{"id":72243,"nom":"MARCHE","type":"marche","district_region":null,"departement_commune":null,"verifie":true,"name":"MARCHE","source":"Géoportail ANSTAT"}},{"type":"Feature","geometry":{"type":"Point","coordinates":[-4.224855999999932,5.822731000000033]},"properties":{"id":72245,"nom":"MARCHE","type":"marche","district_region":null,"departement_commune":null,"verifie":true,"name":"MARCHE","source":"Géoportail ANSTAT"}},{"type":"Feature","geometry":{"type":"Point","coordinates":[-4.290372999999931,5.840453000000025]},"properties":{"id":72246,"nom":"MARCHE","type":"marche","district_region":null,"departement_commune":null,"verifie":true,"name":"MARCHE","source":"Géoportail ANSTAT"}},{"type":"Feature","geometry":{"type":"Point","coordinates":[-4.193051999999966,5.889106000000027]},"properties":{"id":72247,"nom":"MARCHE","type":"marche","district_region":null,"departement_commune":null,"verifie":true,"name":"MARCHE","source":"Géoportail ANSTAT"}},{"type":"Feature","geometry":{"type":"Point","coordinates":[-4.18606699999998,5.95617500000003]},"properties":{"id":72248,"nom":"MARCHE","type":"marche","district_region":null,"departement_commune":null,"verifie":true,"name":"MARCHE","source":"Géoportail ANSTAT"}},{"type":"Feature","geometry":{"type":"Point","coordinates":[-4.169068999999979,5.976727000000039]},"properties":{"id":72249,"nom":"MARCHE","type":"marche","district_region":null,"departement_commune":null,"verifie":true,"name":"MARCHE","source":"Géoportail ANSTAT"}},{"type":"Feature","geometry":{"type":"Point","coordinates":[-4.217131999999935,5.929393000000061]},"properties":{"id":72250,"nom":"MARCHE","type":"marche","district_region":null,"departement_commune":null,"verifie":true,"name":"MARCHE","source":"Géoportail ANSTAT"}},{"type":"Feature","geometry":{"type":"Point","coordinates":[-4.214920999999947,5.927903000000072]},"properties":{"id":72251,"nom":"MARCHE","type":"marche","district_region":null,"departement_commune":null,"verifie":true,"name":"MARCHE","source":"Géoportail ANSTAT"}},{"type":"Feature","geometry":{"type":"Point","coordinates":[-4.215236999999945,5.929228000000023]},"properties":{"id":72252,"nom":"MARCHE","type":"marche","district_region":null,"departement_commune":null,"verifie":true,"name":"MARCHE","source":"Géoportail ANSTAT"}},{"type":"Feature","geometry":{"type":"Point","coordinates":[-7.415871999999979,8.290257000000054]},"properties":{"id":72253,"nom":"MARCHE","type":"marche","district_region":null,"departement_commune":null,"verifie":true,"name":"MARCHE","source":"Géoportail ANSTAT"}},{"type":"Feature","geometry":{"type":"Point","coordinates":[-7.690601999999956,8.279521000000045]},"properties":{"id":72254,"nom":"MARCHE","type":"marche","district_region":null,"departement_commune":null,"verifie":true,"name":"MARCHE","source":"Géoportail ANSTAT"}},{"type":"Feature","geometry":{"type":"Point","coordinates":[-7.99866899999995,8.358809000000065]},"properties":{"id":72255,"nom":"MARCHE","type":"marche","district_region":null,"departement_commune":null,"verifie":true,"name":"MARCHE","source":"Géoportail ANSTAT"}},{"type":"Feature","geometry":{"type":"Point","coordinates":[-8.12344399999995,8.373377000000062]},"properties":{"id":72256,"nom":"MARCHE","type":"marche","district_region":null,"departement_commune":null,"verifie":true,"name":"MARCHE","source":"Géoportail ANSTAT"}},{"type":"Feature","geometry":{"type":"Point","coordinates":[-7.971315999999945,8.36280000000005]},"properties":{"id":72257,"nom":"MARCHE","type":"marche","district_region":null,"departement_commune":null,"verifie":true,"name":"MARCHE","source":"Géoportail ANSTAT"}},{"type":"Feature","geometry":{"type":"Point","coordinates":[-5.629523999999947,6.049579000000051]},"properties":{"id":72258,"nom":"MARCHE","type":"marche","district_region":null,"departement_commune":null,"verifie":true,"name":"MARCHE","source":"Géoportail ANSTAT"}},{"type":"Feature","geometry":{"type":"Point","coordinates":[-5.906123999999977,5.57510000000002]},"properties":{"id":72259,"nom":"MARCHE","type":"marche","district_region":null,"departement_commune":null,"verifie":true,"name":"MARCHE","source":"Géoportail ANSTAT"}},{"type":"Feature","geometry":{"type":"Point","coordinates":[-5.793442999999968,5.676331000000062]},"properties":{"id":72260,"nom":"MARCHE","type":"marche","district_region":null,"departement_commune":null,"verifie":true,"name":"MARCHE","source":"Géoportail ANSTAT"}},{"type":"Feature","geometry":{"type":"Point","coordinates":[-5.861040999999943,5.753587000000039]},"properties":{"id":72261,"nom":"MARCHE","type":"marche","district_region":null,"departement_commune":null,"verifie":true,"name":"MARCHE","source":"Géoportail ANSTAT"}},{"type":"Feature","geometry":{"type":"Point","coordinates":[-5.96926099999996,5.717563000000041]},"properties":{"id":72262,"nom":"MARCHE","type":"marche","district_region":null,"departement_commune":null,"verifie":true,"name":"MARCHE","source":"Géoportail ANSTAT"}},{"type":"Feature","geometry":{"type":"Point","coordinates":[-5.786682999999925,5.777367000000027]},"properties":{"id":72263,"nom":"MARCHE","type":"marche","district_region":null,"departement_commune":null,"verifie":true,"name":"MARCHE","source":"Géoportail ANSTAT"}},{"type":"Feature","geometry":{"type":"Point","coordinates":[-5.602447999999981,5.824015000000031]},"properties":{"id":72264,"nom":"MARCHE","type":"marche","district_region":null,"departement_commune":null,"verifie":true,"name":"MARCHE","source":"Géoportail ANSTAT"}},{"type":"Feature","geometry":{"type":"Point","coordinates":[-5.669856999999979,5.854956000000072]},"properties":{"id":72265,"nom":"MARCHE","type":"marche","district_region":null,"departement_commune":null,"verifie":true,"name":"MARCHE","source":"Géoportail ANSTAT"}},{"type":"Feature","geometry":{"type":"Point","coordinates":[-5.678832999999941,5.875444000000073]},"properties":{"id":72266,"nom":"MARCHE","type":"marche","district_region":null,"departement_commune":null,"verifie":true,"name":"MARCHE","source":"Géoportail ANSTAT"}},{"type":"Feature","geometry":{"type":"Point","coordinates":[-5.580795999999964,5.882763000000068]},"properties":{"id":72267,"nom":"MARCHE","type":"marche","district_region":null,"departement_commune":null,"verifie":true,"name":"MARCHE","source":"Géoportail ANSTAT"}},{"type":"Feature","geometry":{"type":"Point","coordinates":[-5.557341999999949,5.959455000000048]},"properties":{"id":72268,"nom":"MARCHE","type":"marche","district_region":null,"departement_commune":null,"verifie":true,"name":"MARCHE","source":"Géoportail ANSTAT"}},{"type":"Feature","geometry":{"type":"Point","coordinates":[-5.438870999999949,6.163772000000051]},"properties":{"id":72269,"nom":"MARCHE","type":"marche","district_region":null,"departement_commune":null,"verifie":true,"name":"MARCHE","source":"Géoportail ANSTAT"}},{"type":"Feature","geometry":{"type":"Point","coordinates":[-5.168369999999925,5.355371000000048]},"properties":{"id":72270,"nom":"MARCHE","type":"marche","district_region":null,"departement_commune":null,"verifie":true,"name":"MARCHE","source":"Géoportail ANSTAT"}},{"type":"Feature","geometry":{"type":"Point","coordinates":[-5.369032999999945,5.580063000000052]},"properties":{"id":72271,"nom":"MARCHE","type":"marche","district_region":null,"departement_commune":null,"verifie":true,"name":"MARCHE","source":"Géoportail ANSTAT"}},{"type":"Feature","geometry":{"type":"Point","coordinates":[-5.318912999999952,5.63829800000002]},"properties":{"id":72272,"nom":"MARCHE","type":"marche","district_region":null,"departement_commune":null,"verifie":true,"name":"MARCHE","source":"Géoportail ANSTAT"}},{"type":"Feature","geometry":{"type":"Point","coordinates":[-5.413343999999938,5.712923000000046]},"properties":{"id":72273,"nom":"MARCHE","type":"marche","district_region":null,"departement_commune":null,"verifie":true,"name":"MARCHE","source":"Géoportail ANSTAT"}},{"type":"Feature","geometry":{"type":"Point","coordinates":[-5.434918999999979,5.726125000000025]},"properties":{"id":72274,"nom":"MARCHE","type":"marche","district_region":null,"departement_commune":null,"verifie":true,"name":"MARCHE","source":"Géoportail ANSTAT"}},{"type":"Feature","geometry":{"type":"Point","coordinates":[-5.355099999999936,5.840389000000073]},"properties":{"id":72275,"nom":"MARCHE","type":"marche","district_region":null,"departement_commune":null,"verifie":true,"name":"MARCHE","source":"Géoportail ANSTAT"}},{"type":"Feature","geometry":{"type":"Point","coordinates":[-5.374330999999927,5.820006000000035]},"properties":{"id":72276,"nom":"MARCHE","type":"marche","district_region":null,"departement_commune":null,"verifie":true,"name":"MARCHE","source":"Géoportail ANSTAT"}},{"type":"Feature","geometry":{"type":"Point","coordinates":[-5.019443999999964,5.927950000000067]},"properties":{"id":72277,"nom":"MARCHE","type":"marche","district_region":null,"departement_commune":null,"verifie":true,"name":"MARCHE","source":"Géoportail ANSTAT"}},{"type":"Feature","geometry":{"type":"Point","coordinates":[-5.40370699999994,5.936822000000063]},"properties":{"id":72278,"nom":"MARCHE","type":"marche","district_region":null,"departement_commune":null,"verifie":true,"name":"MARCHE","source":"Géoportail ANSTAT"}},{"type":"Feature","geometry":{"type":"Point","coordinates":[-5.789379999999937,5.575751000000025]},"properties":{"id":72279,"nom":"MARCHE","type":"marche","district_region":null,"departement_commune":null,"verifie":true,"name":"MARCHE","source":"Géoportail ANSTAT"}},{"type":"Feature","geometry":{"type":"Point","coordinates":[-5.931371999999953,5.675583000000074]},"properties":{"id":72280,"nom":"MARCHE","type":"marche","district_region":null,"departement_commune":null,"verifie":true,"name":"MARCHE","source":"Géoportail ANSTAT"}},{"type":"Feature","geometry":{"type":"Point","coordinates":[-6.413421999999969,9.891888000000051]},"properties":{"id":72281,"nom":"MARCHE  DE KOUTO","type":"marche","district_region":null,"departement_commune":null,"verifie":true,"name":"MARCHE  DE KOUTO","source":"Géoportail ANSTAT"}},{"type":"Feature","geometry":{"type":"Point","coordinates":[-6.517592999999977,10.34820100000007]},"properties":{"id":72282,"nom":"MARCHE","type":"marche","district_region":null,"departement_commune":null,"verifie":true,"name":"MARCHE","source":"Géoportail ANSTAT"}},{"type":"Feature","geometry":{"type":"Point","coordinates":[-5.895637999999963,8.344054000000028]},"properties":{"id":72283,"nom":"MARCHE","type":"marche","district_region":null,"departement_commune":null,"verifie":true,"name":"MARCHE","source":"Géoportail ANSTAT"}},{"type":"Feature","geometry":{"type":"Point","coordinates":[-5.901724999999942,8.383702000000028]},"properties":{"id":72284,"nom":"MARCHE","type":"marche","district_region":null,"departement_commune":null,"verifie":true,"name":"MARCHE","source":"Géoportail ANSTAT"}},{"type":"Feature","geometry":{"type":"Point","coordinates":[-6.24494199999998,8.764745000000062]},"properties":{"id":72285,"nom":"MARCHE","type":"marche","district_region":null,"departement_commune":null,"verifie":true,"name":"MARCHE","source":"Géoportail ANSTAT"}},{"type":"Feature","geometry":{"type":"Point","coordinates":[-6.245879999999943,8.765226000000041]},"properties":{"id":72287,"nom":"MARCHE","type":"marche","district_region":null,"departement_commune":null,"verifie":true,"name":"MARCHE","source":"Géoportail ANSTAT"}},{"type":"Feature","geometry":{"type":"Point","coordinates":[-7.658828999999969,10.16866700000003]},"properties":{"id":72288,"nom":"MARCHE","type":"marche","district_region":null,"departement_commune":null,"verifie":true,"name":"MARCHE","source":"Géoportail ANSTAT"}},{"type":"Feature","geometry":{"type":"Point","coordinates":[-3.359075999999959,6.999744000000021]},"properties":{"id":72289,"nom":"MARCHE","type":"marche","district_region":null,"departement_commune":null,"verifie":true,"name":"MARCHE","source":"Géoportail ANSTAT"}},{"type":"Feature","geometry":{"type":"Point","coordinates":[-3.363890999999967,6.426599000000067]},"properties":{"id":72290,"nom":"MARCHE","type":"marche","district_region":null,"departement_commune":null,"verifie":true,"name":"MARCHE","source":"Géoportail ANSTAT"}},{"type":"Feature","geometry":{"type":"Point","coordinates":[-3.363297999999929,6.426817000000028]},"properties":{"id":72291,"nom":"MARCHE","type":"marche","district_region":null,"departement_commune":null,"verifie":true,"name":"MARCHE","source":"Géoportail ANSTAT"}},{"type":"Feature","geometry":{"type":"Point","coordinates":[-3.413784999999962,6.362390000000062]},"properties":{"id":72292,"nom":"MARCHE","type":"marche","district_region":null,"departement_commune":null,"verifie":true,"name":"MARCHE","source":"Géoportail ANSTAT"}},{"type":"Feature","geometry":{"type":"Point","coordinates":[-3.471471999999949,6.302036000000044]},"properties":{"id":72293,"nom":"MARCHE","type":"marche","district_region":null,"departement_commune":null,"verifie":true,"name":"MARCHE","source":"Géoportail ANSTAT"}},{"type":"Feature","geometry":{"type":"Point","coordinates":[-3.484468999999933,6.861935000000074]},"properties":{"id":72294,"nom":"MARCHE","type":"marche","district_region":null,"departement_commune":null,"verifie":true,"name":"MARCHE","source":"Géoportail ANSTAT"}},{"type":"Feature","geometry":{"type":"Point","coordinates":[-3.536523999999929,6.390000000000043]},"properties":{"id":72295,"nom":"MARCHE","type":"marche","district_region":null,"departement_commune":null,"verifie":true,"name":"MARCHE","source":"Géoportail ANSTAT"}},{"type":"Feature","geometry":{"type":"Point","coordinates":[-3.682051999999942,6.653613000000064]},"properties":{"id":72296,"nom":"MARCHE  ANIASSUE","type":"marche","district_region":null,"departement_commune":null,"verifie":true,"name":"MARCHE  ANIASSUE","source":"Géoportail ANSTAT"}},{"type":"Feature","geometry":{"type":"Point","coordinates":[-3.77046699999994,6.867651000000023]},"properties":{"id":72297,"nom":"MARCHE AMANGOUAKRO","type":"marche","district_region":null,"departement_commune":null,"verifie":true,"name":"MARCHE AMANGOUAKRO","source":"Géoportail ANSTAT"}},{"type":"Feature","geometry":{"type":"Point","coordinates":[-3.506268999999975,6.744004000000075]},"properties":{"id":72298,"nom":"MARCHE","type":"marche","district_region":null,"departement_commune":null,"verifie":true,"name":"MARCHE","source":"Géoportail ANSTAT"}},{"type":"Feature","geometry":{"type":"Point","coordinates":[-3.490190999999925,6.728405000000066]},"properties":{"id":72299,"nom":"MARCHE","type":"marche","district_region":null,"departement_commune":null,"verifie":true,"name":"MARCHE","source":"Géoportail ANSTAT"}},{"type":"Feature","geometry":{"type":"Point","coordinates":[-3.495315999999946,6.722960000000057]},"properties":{"id":72300,"nom":"MARCHE","type":"marche","district_region":null,"departement_commune":null,"verifie":true,"name":"MARCHE","source":"Géoportail ANSTAT"}},{"type":"Feature","geometry":{"type":"Point","coordinates":[-3.527147999999954,7.099426000000051]},"properties":{"id":72301,"nom":"MARCHE","type":"marche","district_region":null,"departement_commune":null,"verifie":true,"name":"MARCHE","source":"Géoportail ANSTAT"}},{"type":"Feature","geometry":{"type":"Point","coordinates":[-7.224468999999942,9.686910000000069]},"properties":{"id":72302,"nom":"MARCHE","type":"marche","district_region":null,"departement_commune":null,"verifie":true,"name":"MARCHE","source":"Géoportail ANSTAT"}},{"type":"Feature","geometry":{"type":"Point","coordinates":[-7.220716999999979,9.281359000000066]},"properties":{"id":72303,"nom":"MARCHE","type":"marche","district_region":null,"departement_commune":null,"verifie":true,"name":"MARCHE","source":"Géoportail ANSTAT"}},{"type":"Feature","geometry":{"type":"Point","coordinates":[-3.403988999999967,5.73557100000005]},"properties":{"id":72304,"nom":"MARCHE","type":"marche","district_region":null,"departement_commune":null,"verifie":true,"name":"MARCHE","source":"Géoportail ANSTAT"}},{"type":"Feature","geometry":{"type":"Point","coordinates":[-3.740444999999966,5.511582000000033]},"properties":{"id":72305,"nom":"MARCHE","type":"marche","district_region":null,"departement_commune":null,"verifie":true,"name":"MARCHE","source":"Géoportail ANSTAT"}},{"type":"Feature","geometry":{"type":"Point","coordinates":[-3.74040999999994,5.485995000000059]},"properties":{"id":72306,"nom":"MARCHE","type":"marche","district_region":null,"departement_commune":null,"verifie":true,"name":"MARCHE","source":"Géoportail ANSTAT"}},{"type":"Feature","geometry":{"type":"Point","coordinates":[-3.764749999999935,5.473863000000051]},"properties":{"id":72307,"nom":"MARCHE","type":"marche","district_region":null,"departement_commune":null,"verifie":true,"name":"MARCHE","source":"Géoportail ANSTAT"}},{"type":"Feature","geometry":{"type":"Point","coordinates":[-3.745258999999976,5.408367000000055]},"properties":{"id":72308,"nom":"MARCHE","type":"marche","district_region":null,"departement_commune":null,"verifie":true,"name":"MARCHE","source":"Géoportail ANSTAT"}},{"type":"Feature","geometry":{"type":"Point","coordinates":[-3.744753999999944,5.39960700000006]},"properties":{"id":72309,"nom":"MARCHE","type":"marche","district_region":null,"departement_commune":null,"verifie":true,"name":"MARCHE","source":"Géoportail ANSTAT"}},{"type":"Feature","geometry":{"type":"Point","coordinates":[-3.640222999999935,5.359119000000021]},"properties":{"id":72310,"nom":"MARCHE","type":"marche","district_region":null,"departement_commune":null,"verifie":true,"name":"MARCHE","source":"Géoportail ANSTAT"}},{"type":"Feature","geometry":{"type":"Point","coordinates":[-3.613031999999976,6.200407000000041]},"properties":{"id":72311,"nom":"MARCHE","type":"marche","district_region":null,"departement_commune":null,"verifie":true,"name":"MARCHE","source":"Géoportail ANSTAT"}},{"type":"Feature","geometry":{"type":"Point","coordinates":[-3.639200999999957,6.082298000000037]},"properties":{"id":72312,"nom":"MARCHE","type":"marche","district_region":null,"departement_commune":null,"verifie":true,"name":"MARCHE","source":"Géoportail ANSTAT"}},{"type":"Feature","geometry":{"type":"Point","coordinates":[-3.649030999999979,6.114266000000043]},"properties":{"id":72313,"nom":"MARCHE","type":"marche","district_region":null,"departement_commune":null,"verifie":true,"name":"MARCHE","source":"Géoportail ANSTAT"}},{"type":"Feature","geometry":{"type":"Point","coordinates":[-3.79196799999994,6.239321000000075]},"properties":{"id":72314,"nom":"MARCHE","type":"marche","district_region":null,"departement_commune":null,"verifie":true,"name":"MARCHE","source":"Géoportail ANSTAT"}},{"type":"Feature","geometry":{"type":"Point","coordinates":[-3.908079999999927,6.176356000000055]},"properties":{"id":72315,"nom":"MARCHE","type":"marche","district_region":null,"departement_commune":null,"verifie":true,"name":"MARCHE","source":"Géoportail ANSTAT"}},{"type":"Feature","geometry":{"type":"Point","coordinates":[-3.929828999999927,5.862351000000046]},"properties":{"id":72316,"nom":"MARCHE","type":"marche","district_region":null,"departement_commune":null,"verifie":true,"name":"MARCHE","source":"Géoportail ANSTAT"}},{"type":"Feature","geometry":{"type":"Point","coordinates":[-3.925542999999948,5.867894000000035]},"properties":{"id":72317,"nom":"MARCHE","type":"marche","district_region":null,"departement_commune":null,"verifie":true,"name":"MARCHE","source":"Géoportail ANSTAT"}},{"type":"Feature","geometry":{"type":"Point","coordinates":[-3.927836999999954,6.015793000000031]},"properties":{"id":72318,"nom":"MARCHE","type":"marche","district_region":null,"departement_commune":null,"verifie":true,"name":"MARCHE","source":"Géoportail ANSTAT"}},{"type":"Feature","geometry":{"type":"Point","coordinates":[-3.760941999999943,6.56582700000007]},"properties":{"id":72319,"nom":"MARCHE","type":"marche","district_region":null,"departement_commune":null,"verifie":true,"name":"MARCHE","source":"Géoportail ANSTAT"}},{"type":"Feature","geometry":{"type":"Point","coordinates":[-3.951069999999959,5.811243000000047]},"properties":{"id":72320,"nom":"MARCHE","type":"marche","district_region":null,"departement_commune":null,"verifie":true,"name":"MARCHE","source":"Géoportail ANSTAT"}},{"type":"Feature","geometry":{"type":"Point","coordinates":[-3.95118199999996,5.810678000000053]},"properties":{"id":72321,"nom":"MARCHE","type":"marche","district_region":null,"departement_commune":null,"verifie":true,"name":"MARCHE","source":"Géoportail ANSTAT"}},{"type":"Feature","geometry":{"type":"Point","coordinates":[-3.86814899999996,6.119254000000069]},"properties":{"id":72322,"nom":"MARCHE","type":"marche","district_region":null,"departement_commune":null,"verifie":true,"name":"MARCHE","source":"Géoportail ANSTAT"}},{"type":"Feature","geometry":{"type":"Point","coordinates":[-3.865024999999946,6.105521000000067]},"properties":{"id":72323,"nom":"MARCHE ADZOPE","type":"marche","district_region":null,"departement_commune":null,"verifie":true,"name":"MARCHE ADZOPE","source":"Géoportail ANSTAT"}},{"type":"Feature","geometry":{"type":"Point","coordinates":[-3.378774999999962,5.405331000000047]},"properties":{"id":72324,"nom":"MARCHE AHIGBE KOFFIKRO","type":"marche","district_region":null,"departement_commune":null,"verifie":true,"name":"MARCHE AHIGBE KOFFIKRO","source":"Géoportail ANSTAT"}},{"type":"Feature","geometry":{"type":"Point","coordinates":[-3.110973999999942,5.725324000000057]},"properties":{"id":72325,"nom":"MARCHE  DE EBIKRO  N DAKRO","type":"marche","district_region":null,"departement_commune":null,"verifie":true,"name":"MARCHE  DE EBIKRO  N DAKRO","source":"Géoportail ANSTAT"}},{"type":"Feature","geometry":{"type":"Point","coordinates":[-3.173768999999936,5.877483000000041]},"properties":{"id":72326,"nom":"MARCHE","type":"marche","district_region":null,"departement_commune":null,"verifie":true,"name":"MARCHE","source":"Géoportail ANSTAT"}},{"type":"Feature","geometry":{"type":"Point","coordinates":[-3.056903999999975,5.297948000000076]},"properties":{"id":72329,"nom":"MARCHE AKAKRO","type":"marche","district_region":null,"departement_commune":null,"verifie":true,"name":"MARCHE AKAKRO","source":"Géoportail ANSTAT"}},{"type":"Feature","geometry":{"type":"Point","coordinates":[-3.210961999999938,5.465598000000057]},"properties":{"id":72330,"nom":"MARCHE ABOISSO","type":"marche","district_region":null,"departement_commune":null,"verifie":true,"name":"MARCHE ABOISSO","source":"Géoportail ANSTAT"}},{"type":"Feature","geometry":{"type":"Point","coordinates":[-3.209659999999928,5.466788000000065]},"properties":{"id":72331,"nom":"MARCHE ABOISSO","type":"marche","district_region":null,"departement_commune":null,"verifie":true,"name":"MARCHE ABOISSO","source":"Géoportail ANSTAT"}},{"type":"Feature","geometry":{"type":"Point","coordinates":[-5.306509999999946,8.784933000000024]},"properties":{"id":72333,"nom":"MARCHE","type":"marche","district_region":null,"departement_commune":null,"verifie":true,"name":"MARCHE","source":"Géoportail ANSTAT"}},{"type":"Feature","geometry":{"type":"Point","coordinates":[-5.161763999999948,9.133351000000062]},"properties":{"id":72335,"nom":"MARCHE","type":"marche","district_region":null,"departement_commune":null,"verifie":true,"name":"MARCHE","source":"Géoportail ANSTAT"}},{"type":"Feature","geometry":{"type":"Point","coordinates":[-5.162531999999942,9.070766000000049]},"properties":{"id":72336,"nom":"MARCHE","type":"marche","district_region":null,"departement_commune":null,"verifie":true,"name":"MARCHE","source":"Géoportail ANSTAT"}},{"type":"Feature","geometry":{"type":"Point","coordinates":[-4.588816999999949,8.01454700000005]},"properties":{"id":72337,"nom":"MARCHE","type":"marche","district_region":null,"departement_commune":null,"verifie":true,"name":"MARCHE","source":"Géoportail ANSTAT"}},{"type":"Feature","geometry":{"type":"Point","coordinates":[-5.278079999999932,9.294077000000073]},"properties":{"id":72338,"nom":"MARCHE","type":"marche","district_region":null,"departement_commune":null,"verifie":true,"name":"MARCHE","source":"Géoportail ANSTAT"}},{"type":"Feature","geometry":{"type":"Point","coordinates":[-7.562704999999937,7.394433000000049]},"properties":{"id":72340,"nom":"MARCHE","type":"marche","district_region":null,"departement_commune":null,"verifie":true,"name":"MARCHE","source":"Géoportail ANSTAT"}},{"type":"Feature","geometry":{"type":"Point","coordinates":[-7.552275999999949,7.108936000000028]},"properties":{"id":72342,"nom":"MARCHE","type":"marche","district_region":null,"departement_commune":null,"verifie":true,"name":"MARCHE","source":"Géoportail ANSTAT"}},{"type":"Feature","geometry":{"type":"Point","coordinates":[-7.552174999999977,7.108816000000047]},"properties":{"id":72344,"nom":"MARCHE","type":"marche","district_region":null,"departement_commune":null,"verifie":true,"name":"MARCHE","source":"Géoportail ANSTAT"}},{"type":"Feature","geometry":{"type":"Point","coordinates":[-7.849027999999976,7.665966000000026]},"properties":{"id":72346,"nom":"MARCHE","type":"marche","district_region":null,"departement_commune":null,"verifie":true,"name":"MARCHE","source":"Géoportail ANSTAT"}},{"type":"Feature","geometry":{"type":"Point","coordinates":[-7.900434999999959,7.599930000000029]},"properties":{"id":72347,"nom":"MARCHE","type":"marche","district_region":null,"departement_commune":null,"verifie":true,"name":"MARCHE","source":"Géoportail ANSTAT"}},{"type":"Feature","geometry":{"type":"Point","coordinates":[-3.96152399999994,7.05971500000004]},"properties":{"id":72348,"nom":"MARCHE","type":"marche","district_region":null,"departement_commune":null,"verifie":true,"name":"MARCHE","source":"Géoportail ANSTAT"}},{"type":"Feature","geometry":{"type":"Point","coordinates":[-7.138140999999962,4.857769000000076]},"properties":{"id":72349,"nom":"MARCHE BENJAMINKRO","type":"marche","district_region":null,"departement_commune":null,"verifie":true,"name":"MARCHE BENJAMINKRO","source":"Géoportail ANSTAT"}},{"type":"Feature","geometry":{"type":"Point","coordinates":[-6.405524999999955,5.762317000000053]},"properties":{"id":72350,"nom":"MARCHE D OKROUYO","type":"marche","district_region":null,"departement_commune":null,"verifie":true,"name":"MARCHE D OKROUYO","source":"Géoportail ANSTAT"}},{"type":"Feature","geometry":{"type":"Point","coordinates":[-4.48392199999995,6.294766000000038]},"properties":{"id":72351,"nom":"MARCHE ANGBANOU","type":"marche","district_region":null,"departement_commune":null,"verifie":true,"name":"MARCHE ANGBANOU","source":"Géoportail ANSTAT"}},{"type":"Feature","geometry":{"type":"Point","coordinates":[-4.289371999999958,6.770189000000073]},"properties":{"id":72352,"nom":"MARCHE D ASSIE KOUMASSI","type":"marche","district_region":null,"departement_commune":null,"verifie":true,"name":"MARCHE D ASSIE KOUMASSI","source":"Géoportail ANSTAT"}},{"type":"Feature","geometry":{"type":"Point","coordinates":[-3.985065999999961,6.973191000000043]},"properties":{"id":72354,"nom":"MARCHE COUVERT","type":"marche","district_region":null,"departement_commune":null,"verifie":true,"name":"MARCHE COUVERT","source":"Géoportail ANSTAT"}},{"type":"Feature","geometry":{"type":"Point","coordinates":[-4.797672999999975,5.294497000000035]},"properties":{"id":72355,"nom":"MARCHE D IROBO","type":"marche","district_region":null,"departement_commune":null,"verifie":true,"name":"MARCHE D IROBO","source":"Géoportail ANSTAT"}},{"type":"Feature","geometry":{"type":"Point","coordinates":[-4.36142099999995,5.436378000000047]},"properties":{"id":72356,"nom":"MARCHE D AKRADIO","type":"marche","district_region":null,"departement_commune":null,"verifie":true,"name":"MARCHE D AKRADIO","source":"Géoportail ANSTAT"}},{"type":"Feature","geometry":{"type":"Point","coordinates":[-4.343201999999962,5.32672100000002]},"properties":{"id":72357,"nom":"MARCHE D AGNEBY","type":"marche","district_region":null,"departement_commune":null,"verifie":true,"name":"MARCHE D AGNEBY","source":"Géoportail ANSTAT"}},{"type":"Feature","geometry":{"type":"Point","coordinates":[-5.912908999999956,6.103905000000054]},"properties":{"id":72359,"nom":"MARCHE CORRIDOR","type":"marche","district_region":null,"departement_commune":null,"verifie":true,"name":"MARCHE CORRIDOR","source":"Géoportail ANSTAT"}},{"type":"Feature","geometry":{"type":"Point","coordinates":[-5.965522999999962,6.15192600000006]},"properties":{"id":72361,"nom":"MARCHE CIMETIERE","type":"marche","district_region":null,"departement_commune":null,"verifie":true,"name":"MARCHE CIMETIERE","source":"Géoportail ANSTAT"}},{"type":"Feature","geometry":{"type":"Point","coordinates":[-5.965019999999981,6.128813000000036]},"properties":{"id":72363,"nom":"MARCHE CATALINA","type":"marche","district_region":null,"departement_commune":null,"verifie":true,"name":"MARCHE CATALINA","source":"Géoportail ANSTAT"}},{"type":"Feature","geometry":{"type":"Point","coordinates":[-6.247334999999964,6.015112000000045]},"properties":{"id":72364,"nom":"MARCHE D ONAHIO","type":"marche","district_region":null,"departement_commune":null,"verifie":true,"name":"MARCHE D ONAHIO","source":"Géoportail ANSTAT"}},{"type":"Feature","geometry":{"type":"Point","coordinates":[-5.688518999999928,6.360554000000036]},"properties":{"id":72365,"nom":"MARCHE BOODA","type":"marche","district_region":null,"departement_commune":null,"verifie":true,"name":"MARCHE BOODA","source":"Géoportail ANSTAT"}},{"type":"Feature","geometry":{"type":"Point","coordinates":[-6.351852999999949,5.212568000000033]},"properties":{"id":72366,"nom":"MARCHE BALOKUYA","type":"marche","district_region":null,"departement_commune":null,"verifie":true,"name":"MARCHE BALOKUYA","source":"Géoportail ANSTAT"}},{"type":"Feature","geometry":{"type":"Point","coordinates":[-4.807604999999967,7.227049000000022]},"properties":{"id":72367,"nom":"MARCHE BOLI","type":"marche","district_region":null,"departement_commune":null,"verifie":true,"name":"MARCHE BOLI","source":"Géoportail ANSTAT"}},{"type":"Feature","geometry":{"type":"Point","coordinates":[-5.018949999999961,6.557263000000034]},"properties":{"id":72368,"nom":"MARCHE ANANGO","type":"marche","district_region":null,"departement_commune":null,"verifie":true,"name":"MARCHE ANANGO","source":"Géoportail ANSTAT"}},{"type":"Feature","geometry":{"type":"Point","coordinates":[-4.189706999999942,5.580977000000075]},"properties":{"id":72369,"nom":"MARCHE D ADAROME","type":"marche","district_region":null,"departement_commune":null,"verifie":true,"name":"MARCHE D ADAROME","source":"Géoportail ANSTAT"}},{"type":"Feature","geometry":{"type":"Point","coordinates":[-3.945099999999968,5.497145000000046]},"properties":{"id":72370,"nom":"MARCHE D AHOUE","type":"marche","district_region":null,"departement_commune":null,"verifie":true,"name":"MARCHE D AHOUE","source":"Géoportail ANSTAT"}},{"type":"Feature","geometry":{"type":"Point","coordinates":[-4.025359999999978,5.50407400000006]},"properties":{"id":72371,"nom":"MARCHE D AHOUABO","type":"marche","district_region":null,"departement_commune":null,"verifie":true,"name":"MARCHE D AHOUABO","source":"Géoportail ANSTAT"}},{"type":"Feature","geometry":{"type":"Point","coordinates":[-2.57243399999993,8.232060000000047]},"properties":{"id":72372,"nom":"MARCHE CENTRAL DE TAMBI","type":"marche","district_region":null,"departement_commune":null,"verifie":true,"name":"MARCHE CENTRAL DE TAMBI","source":"Géoportail ANSTAT"}},{"type":"Feature","geometry":{"type":"Point","coordinates":[-3.150802999999939,7.600812000000076]},"properties":{"id":72373,"nom":"MARCHE D AMORIFIE","type":"marche","district_region":null,"departement_commune":null,"verifie":true,"name":"MARCHE D AMORIFIE","source":"Géoportail ANSTAT"}},{"type":"Feature","geometry":{"type":"Point","coordinates":[-5.119704999999954,7.598722000000066]},"properties":{"id":72376,"nom":"MARCHE ATTIENKONANKRO","type":"marche","district_region":null,"departement_commune":null,"verifie":true,"name":"MARCHE ATTIENKONANKRO","source":"Géoportail ANSTAT"}},{"type":"Feature","geometry":{"type":"Point","coordinates":[-4.825749999999971,7.640940000000057]},"properties":{"id":72378,"nom":"MARCHE BROBO","type":"marche","district_region":null,"departement_commune":null,"verifie":true,"name":"MARCHE BROBO","source":"Géoportail ANSTAT"}},{"type":"Feature","geometry":{"type":"Point","coordinates":[-5.526104999999973,7.609301000000073]},"properties":{"id":72380,"nom":"MARCHE D AKADIAFOUE","type":"marche","district_region":null,"departement_commune":null,"verifie":true,"name":"MARCHE D AKADIAFOUE","source":"Géoportail ANSTAT"}},{"type":"Feature","geometry":{"type":"Point","coordinates":[-4.891298999999947,6.77854300000007]},"properties":{"id":72381,"nom":"MARCHE D ANGAN KONANKRO","type":"marche","district_region":null,"departement_commune":null,"verifie":true,"name":"MARCHE D ANGAN KONANKRO","source":"Géoportail ANSTAT"}},{"type":"Feature","geometry":{"type":"Point","coordinates":[-4.160323999999946,7.087930000000028]},"properties":{"id":72386,"nom":"MARCHE D AMOROKI","type":"marche","district_region":null,"departement_commune":null,"verifie":true,"name":"MARCHE D AMOROKI","source":"Géoportail ANSTAT"}},{"type":"Feature","geometry":{"type":"Point","coordinates":[-6.472029999999961,7.130522000000042]},"properties":{"id":72387,"nom":"MARCHE BONOUFLA","type":"marche","district_region":null,"departement_commune":null,"verifie":true,"name":"MARCHE BONOUFLA","source":"Géoportail ANSTAT"}},{"type":"Feature","geometry":{"type":"Point","coordinates":[-6.547055999999941,6.801361000000043]},"properties":{"id":72388,"nom":"MARCHE BRAKAGUHE","type":"marche","district_region":null,"departement_commune":null,"verifie":true,"name":"MARCHE BRAKAGUHE","source":"Géoportail ANSTAT"}},{"type":"Feature","geometry":{"type":"Point","coordinates":[-6.47209399999997,7.018575000000055]},"properties":{"id":72389,"nom":"MARCHE BOBOUA BAHOUAN","type":"marche","district_region":null,"departement_commune":null,"verifie":true,"name":"MARCHE BOBOUA BAHOUAN","source":"Géoportail ANSTAT"}},{"type":"Feature","geometry":{"type":"Point","coordinates":[-4.05546099999998,5.639497000000063]},"properties":{"id":72390,"nom":"MARCHE D AZAGUIE","type":"marche","district_region":null,"departement_commune":null,"verifie":true,"name":"MARCHE D AZAGUIE","source":"Géoportail ANSTAT"}},{"type":"Feature","geometry":{"type":"Point","coordinates":[-4.083823999999936,5.632041000000072]},"properties":{"id":72391,"nom":"MARCHE D AZAGUIE","type":"marche","district_region":null,"departement_commune":null,"verifie":true,"name":"MARCHE D AZAGUIE","source":"Géoportail ANSTAT"}},{"type":"Feature","geometry":{"type":"Point","coordinates":[-5.232857999999965,5.309766000000025]},"properties":{"id":72392,"nom":"MARCHE D ADAHIDOUKOU","type":"marche","district_region":null,"departement_commune":null,"verifie":true,"name":"MARCHE D ADAHIDOUKOU","source":"Géoportail ANSTAT"}},{"type":"Feature","geometry":{"type":"Point","coordinates":[-5.351768999999933,5.841334000000074]},"properties":{"id":72393,"nom":"MARCHE BADA","type":"marche","district_region":null,"departement_commune":null,"verifie":true,"name":"MARCHE BADA","source":"Géoportail ANSTAT"}},{"type":"Feature","geometry":{"type":"Point","coordinates":[-3.32835799999998,6.651990000000069]},"properties":{"id":72394,"nom":"MARCHE COUVERT","type":"marche","district_region":null,"departement_commune":null,"verifie":true,"name":"MARCHE COUVERT","source":"Géoportail ANSTAT"}},{"type":"Feature","geometry":{"type":"Point","coordinates":[-3.349790999999925,6.378345000000024]},"properties":{"id":72395,"nom":"MARCHE D ELIBILASSOKRO","type":"marche","district_region":null,"departement_commune":null,"verifie":true,"name":"MARCHE D ELIBILASSOKRO","source":"Géoportail ANSTAT"}},{"type":"Feature","geometry":{"type":"Point","coordinates":[-3.574965999999961,6.83052900000007]},"properties":{"id":72396,"nom":"MARCHE D AMELEKIA","type":"marche","district_region":null,"departement_commune":null,"verifie":true,"name":"MARCHE D AMELEKIA","source":"Géoportail ANSTAT"}},{"type":"Feature","geometry":{"type":"Point","coordinates":[-3.203880999999967,6.406306000000029]},"properties":{"id":72397,"nom":"MARCHE D AKATI","type":"marche","district_region":null,"departement_commune":null,"verifie":true,"name":"MARCHE D AKATI","source":"Géoportail ANSTAT"}},{"type":"Feature","geometry":{"type":"Point","coordinates":[-3.487066999999968,6.730803000000037]},"properties":{"id":72400,"nom":"MARCHE D ABENGOUROU","type":"marche","district_region":null,"departement_commune":null,"verifie":true,"name":"MARCHE D ABENGOUROU","source":"Géoportail ANSTAT"}},{"type":"Feature","geometry":{"type":"Point","coordinates":[-3.310481999999979,6.218148000000042]},"properties":{"id":72401,"nom":"MARCHE D ANEYKRO","type":"marche","district_region":null,"departement_commune":null,"verifie":true,"name":"MARCHE D ANEYKRO","source":"Géoportail ANSTAT"}},{"type":"Feature","geometry":{"type":"Point","coordinates":[-3.316059999999936,6.292666000000054]},"properties":{"id":72403,"nom":"MARCHE D APPROMPRON","type":"marche","district_region":null,"departement_commune":null,"verifie":true,"name":"MARCHE D APPROMPRON","source":"Géoportail ANSTAT"}},{"type":"Feature","geometry":{"type":"Point","coordinates":[-3.855396999999925,6.340896000000043]},"properties":{"id":72404,"nom":"MARCHE D AGBAOU","type":"marche","district_region":null,"departement_commune":null,"verifie":true,"name":"MARCHE D AGBAOU","source":"Géoportail ANSTAT"}},{"type":"Feature","geometry":{"type":"Point","coordinates":[-3.861921999999936,6.359083000000055]},"properties":{"id":72406,"nom":"MARCHE D AHEOUA","type":"marche","district_region":null,"departement_commune":null,"verifie":true,"name":"MARCHE D AHEOUA","source":"Géoportail ANSTAT"}},{"type":"Feature","geometry":{"type":"Point","coordinates":[-3.87496299999998,6.41792700000002]},"properties":{"id":72407,"nom":"MARCHE D ASSIKOUN","type":"marche","district_region":null,"departement_commune":null,"verifie":true,"name":"MARCHE D ASSIKOUN","source":"Géoportail ANSTAT"}},{"type":"Feature","geometry":{"type":"Point","coordinates":[-3.781775999999979,6.01078700000005]},"properties":{"id":72408,"nom":"MARCHE D ADONKOI","type":"marche","district_region":null,"departement_commune":null,"verifie":true,"name":"MARCHE D ADONKOI","source":"Géoportail ANSTAT"}},{"type":"Feature","geometry":{"type":"Point","coordinates":[-3.294542999999976,5.200083000000063]},"properties":{"id":72409,"nom":"MARCHE D ASSOMLAN","type":"marche","district_region":null,"departement_commune":null,"verifie":true,"name":"MARCHE D ASSOMLAN","source":"Géoportail ANSTAT"}},{"type":"Feature","geometry":{"type":"Point","coordinates":[-3.28854199999995,5.133424000000048]},"properties":{"id":72410,"nom":"MARCHE D ASSINIE MAFIA","type":"marche","district_region":null,"departement_commune":null,"verifie":true,"name":"MARCHE D ASSINIE MAFIA","source":"Géoportail ANSTAT"}},{"type":"Feature","geometry":{"type":"Point","coordinates":[-2.793350999999973,5.289398000000062]},"properties":{"id":72412,"nom":"MARCHE BON PRIX","type":"marche","district_region":null,"departement_commune":null,"verifie":true,"name":"MARCHE BON PRIX","source":"Géoportail ANSTAT"}},{"type":"Feature","geometry":{"type":"Point","coordinates":[-3.178447999999946,5.386115000000075]},"properties":{"id":72414,"nom":"MARCHE D EHIAN","type":"marche","district_region":null,"departement_commune":null,"verifie":true,"name":"MARCHE D EHIAN","source":"Géoportail ANSTAT"}},{"type":"Feature","geometry":{"type":"Point","coordinates":[-3.255753999999968,5.459158000000059]},"properties":{"id":72416,"nom":"MARCHE D ASSOUBA","type":"marche","district_region":null,"departement_commune":null,"verifie":true,"name":"MARCHE D ASSOUBA","source":"Géoportail ANSTAT"}},{"type":"Feature","geometry":{"type":"Point","coordinates":[-3.263897999999926,5.442048000000057]},"properties":{"id":72417,"nom":"MARCHE D AYEBO","type":"marche","district_region":null,"departement_commune":null,"verifie":true,"name":"MARCHE D AYEBO","source":"Géoportail ANSTAT"}},{"type":"Feature","geometry":{"type":"Point","coordinates":[-3.176271999999926,5.962807000000055]},"properties":{"id":72418,"nom":"MARCHE APPOUESSO","type":"marche","district_region":null,"departement_commune":null,"verifie":true,"name":"MARCHE APPOUESSO","source":"Géoportail ANSTAT"}},{"type":"Feature","geometry":{"type":"Point","coordinates":[-7.957266999999945,7.646727000000055]},"properties":{"id":72420,"nom":"MARCHE BOUNTA","type":"marche","district_region":null,"departement_commune":null,"verifie":true,"name":"MARCHE BOUNTA","source":"Géoportail ANSTAT"}},{"type":"Feature","geometry":{"type":"Point","coordinates":[-5.193677999999977,10.08990700000004]},"properties":{"id":72422,"nom":"MARCHE DE KAOUARA","type":"marche","district_region":null,"departement_commune":null,"verifie":true,"name":"MARCHE DE KAOUARA","source":"Géoportail ANSTAT"}},{"type":"Feature","geometry":{"type":"Point","coordinates":[-5.472916999999939,10.10819300000003]},"properties":{"id":72424,"nom":"MARCHE DE DIAWALA","type":"marche","district_region":null,"departement_commune":null,"verifie":true,"name":"MARCHE DE DIAWALA","source":"Géoportail ANSTAT"}},{"type":"Feature","geometry":{"type":"Point","coordinates":[-5.235616999999934,10.31173900000005]},"properties":{"id":72425,"nom":"MARCHE DE KADARVOGO","type":"marche","district_region":null,"departement_commune":null,"verifie":true,"name":"MARCHE DE KADARVOGO","source":"Géoportail ANSTAT"}},{"type":"Feature","geometry":{"type":"Point","coordinates":[-6.732882999999958,4.76088900000002]},"properties":{"id":72426,"nom":"MARCHE DE BABA","type":"marche","district_region":null,"departement_commune":null,"verifie":true,"name":"MARCHE DE BABA","source":"Géoportail ANSTAT"}},{"type":"Feature","geometry":{"type":"Point","coordinates":[-7.140166999999963,4.719192000000021]},"properties":{"id":72427,"nom":"MARCHE DE BACO1","type":"marche","district_region":null,"departement_commune":null,"verifie":true,"name":"MARCHE DE BACO1","source":"Géoportail ANSTAT"}},{"type":"Feature","geometry":{"type":"Point","coordinates":[-7.193388999999968,4.654459000000031]},"properties":{"id":72428,"nom":"MARCHE DE KOTO1","type":"marche","district_region":null,"departement_commune":null,"verifie":true,"name":"MARCHE DE KOTO1","source":"Géoportail ANSTAT"}},{"type":"Feature","geometry":{"type":"Point","coordinates":[-6.888612999999964,4.938875000000053]},"properties":{"id":72429,"nom":"MARCHE DE BELEM1","type":"marche","district_region":null,"departement_commune":null,"verifie":true,"name":"MARCHE DE BELEM1","source":"Géoportail ANSTAT"}},{"type":"Feature","geometry":{"type":"Point","coordinates":[-6.401131999999961,5.060729000000038]},"properties":{"id":72430,"nom":"MARCHE DE GROBONOU DAN","type":"marche","district_region":null,"departement_commune":null,"verifie":true,"name":"MARCHE DE GROBONOU DAN","source":"Géoportail ANSTAT"}},{"type":"Feature","geometry":{"type":"Point","coordinates":[-6.558561999999938,4.931924000000038]},"properties":{"id":72431,"nom":"MARCHE DE BLAHOU","type":"marche","district_region":null,"departement_commune":null,"verifie":true,"name":"MARCHE DE BLAHOU","source":"Géoportail ANSTAT"}},{"type":"Feature","geometry":{"type":"Point","coordinates":[-6.558515999999941,4.93205800000004]},"properties":{"id":72432,"nom":"MARCHE DE BLAHOU","type":"marche","district_region":null,"departement_commune":null,"verifie":true,"name":"MARCHE DE BLAHOU","source":"Géoportail ANSTAT"}},{"type":"Feature","geometry":{"type":"Point","coordinates":[-6.637049999999931,5.231932000000029]},"properties":{"id":72433,"nom":"MARCHE DE GOH","type":"marche","district_region":null,"departement_commune":null,"verifie":true,"name":"MARCHE DE GOH","source":"Géoportail ANSTAT"}},{"type":"Feature","geometry":{"type":"Point","coordinates":[-6.643068999999969,5.100056000000052]},"properties":{"id":72434,"nom":"MARCHE DE CENTRE USINE","type":"marche","district_region":null,"departement_commune":null,"verifie":true,"name":"MARCHE DE CENTRE USINE","source":"Géoportail ANSTAT"}},{"type":"Feature","geometry":{"type":"Point","coordinates":[-6.702745999999934,5.203978000000063]},"properties":{"id":72435,"nom":"MARCHE DE GLIBEUADJI","type":"marche","district_region":null,"departement_commune":null,"verifie":true,"name":"MARCHE DE GLIBEUADJI","source":"Géoportail ANSTAT"}},{"type":"Feature","geometry":{"type":"Point","coordinates":[-6.74472099999997,5.049850000000049]},"properties":{"id":72436,"nom":"MARCHE DE GAGNY","type":"marche","district_region":null,"departement_commune":null,"verifie":true,"name":"MARCHE DE GAGNY","source":"Géoportail ANSTAT"}},{"type":"Feature","geometry":{"type":"Point","coordinates":[-6.831321999999943,5.201352000000043]},"properties":{"id":72437,"nom":"MARCHE DE DOBA","type":"marche","district_region":null,"departement_commune":null,"verifie":true,"name":"MARCHE DE DOBA","source":"Géoportail ANSTAT"}},{"type":"Feature","geometry":{"type":"Point","coordinates":[-7.059904999999958,5.097418000000062]},"properties":{"id":72438,"nom":"MARCHE DE KARIMKRO","type":"marche","district_region":null,"departement_commune":null,"verifie":true,"name":"MARCHE DE KARIMKRO","source":"Géoportail ANSTAT"}},{"type":"Feature","geometry":{"type":"Point","coordinates":[-7.057440999999926,5.025226000000032]},"properties":{"id":72439,"nom":"MARCHE DE BOUA","type":"marche","district_region":null,"departement_commune":null,"verifie":true,"name":"MARCHE DE BOUA","source":"Géoportail ANSTAT"}},{"type":"Feature","geometry":{"type":"Point","coordinates":[-7.167931999999951,4.690163000000041]},"properties":{"id":72440,"nom":"MARCHE DE KOTO3","type":"marche","district_region":null,"departement_commune":null,"verifie":true,"name":"MARCHE DE KOTO3","source":"Géoportail ANSTAT"}},{"type":"Feature","geometry":{"type":"Point","coordinates":[-7.495911999999976,4.923203000000058]},"properties":{"id":72441,"nom":"MARCHE DE GRABO","type":"marche","district_region":null,"departement_commune":null,"verifie":true,"name":"MARCHE DE GRABO","source":"Géoportail ANSTAT"}},{"type":"Feature","geometry":{"type":"Point","coordinates":[-6.050587999999948,10.00309800000002]},"properties":{"id":72442,"nom":"MARCHE DE KALOA","type":"marche","district_region":null,"departement_commune":null,"verifie":true,"name":"MARCHE DE KALOA","source":"Géoportail ANSTAT"}},{"type":"Feature","geometry":{"type":"Point","coordinates":[-5.771196999999972,9.067247000000066]},"properties":{"id":72443,"nom":"MARCHE DE DIKODOUGOU","type":"marche","district_region":null,"departement_commune":null,"verifie":true,"name":"MARCHE DE DIKODOUGOU","source":"Géoportail ANSTAT"}},{"type":"Feature","geometry":{"type":"Point","coordinates":[-5.419438999999954,9.617414000000052]},"properties":{"id":72444,"nom":"MARCHE DE KOULOTIAKAHA","type":"marche","district_region":null,"departement_commune":null,"verifie":true,"name":"MARCHE DE KOULOTIAKAHA","source":"Géoportail ANSTAT"}},{"type":"Feature","geometry":{"type":"Point","coordinates":[-5.419712999999945,9.617221000000027]},"properties":{"id":72445,"nom":"MARCHE DE KOULOTIAKAHA","type":"marche","district_region":null,"departement_commune":null,"verifie":true,"name":"MARCHE DE KOULOTIAKAHA","source":"Géoportail ANSTAT"}},{"type":"Feature","geometry":{"type":"Point","coordinates":[-5.521112999999957,9.389828000000024]},"properties":{"id":72446,"nom":"MARCHE DE KARAKORO","type":"marche","district_region":null,"departement_commune":null,"verifie":true,"name":"MARCHE DE KARAKORO","source":"Géoportail ANSTAT"}},{"type":"Feature","geometry":{"type":"Point","coordinates":[-5.396602999999971,9.518195000000048]},"properties":{"id":72447,"nom":"MARCHE DE DABOUNGO","type":"marche","district_region":null,"departement_commune":null,"verifie":true,"name":"MARCHE DE DABOUNGO","source":"Géoportail ANSTAT"}},{"type":"Feature","geometry":{"type":"Point","coordinates":[-6.880322999999976,5.704000000000065]},"properties":{"id":72448,"nom":"MARCHE DE ANAGBA","type":"marche","district_region":null,"departement_commune":null,"verifie":true,"name":"MARCHE DE ANAGBA","source":"Géoportail ANSTAT"}},{"type":"Feature","geometry":{"type":"Point","coordinates":[-6.809552999999937,5.717160000000035]},"properties":{"id":72449,"nom":"MARCHE DE KANGAGUI","type":"marche","district_region":null,"departement_commune":null,"verifie":true,"name":"MARCHE DE KANGAGUI","source":"Géoportail ANSTAT"}},{"type":"Feature","geometry":{"type":"Point","coordinates":[-6.628377999999941,5.633303000000069]},"properties":{"id":72450,"nom":"MARCHE DE GBLETIA","type":"marche","district_region":null,"departement_commune":null,"verifie":true,"name":"MARCHE DE GBLETIA","source":"Géoportail ANSTAT"}},{"type":"Feature","geometry":{"type":"Point","coordinates":[-6.75553199999996,5.578132000000039]},"properties":{"id":72451,"nom":"MARCHE DE KPANGBAN","type":"marche","district_region":null,"departement_commune":null,"verifie":true,"name":"MARCHE DE KPANGBAN","source":"Géoportail ANSTAT"}},{"type":"Feature","geometry":{"type":"Point","coordinates":[-6.676184999999975,5.442244000000073]},"properties":{"id":72452,"nom":"MARCHE DE KRAGUI","type":"marche","district_region":null,"departement_commune":null,"verifie":true,"name":"MARCHE DE KRAGUI","source":"Géoportail ANSTAT"}},{"type":"Feature","geometry":{"type":"Point","coordinates":[-6.526278999999931,5.319782000000032]},"properties":{"id":72453,"nom":"MARCHE DE GNITI TOUADJI","type":"marche","district_region":null,"departement_commune":null,"verifie":true,"name":"MARCHE DE GNITI TOUADJI","source":"Géoportail ANSTAT"}},{"type":"Feature","geometry":{"type":"Point","coordinates":[-6.399252999999931,5.881711000000053]},"properties":{"id":72454,"nom":"MARCHE DE GNOGBOYO","type":"marche","district_region":null,"departement_commune":null,"verifie":true,"name":"MARCHE DE GNOGBOYO","source":"Géoportail ANSTAT"}},{"type":"Feature","geometry":{"type":"Point","coordinates":[-6.437463999999977,6.152427000000046]},"properties":{"id":72456,"nom":"MARCHE DE GADAGO","type":"marche","district_region":null,"departement_commune":null,"verifie":true,"name":"MARCHE DE GADAGO","source":"Géoportail ANSTAT"}},{"type":"Feature","geometry":{"type":"Point","coordinates":[-6.532628999999929,6.173072000000047]},"properties":{"id":72457,"nom":"MARCHE DE BAGOLIEOUA","type":"marche","district_region":null,"departement_commune":null,"verifie":true,"name":"MARCHE DE BAGOLIEOUA","source":"Géoportail ANSTAT"}},{"type":"Feature","geometry":{"type":"Point","coordinates":[-6.97464599999995,5.994182000000023]},"properties":{"id":72458,"nom":"MARCHE DE KODAYA","type":"marche","district_region":null,"departement_commune":null,"verifie":true,"name":"MARCHE DE KODAYA","source":"Géoportail ANSTAT"}},{"type":"Feature","geometry":{"type":"Point","coordinates":[-6.974718999999936,5.994344000000069]},"properties":{"id":72461,"nom":"MARCHE DE KODAYA V5","type":"marche","district_region":null,"departement_commune":null,"verifie":true,"name":"MARCHE DE KODAYA V5","source":"Géoportail ANSTAT"}},{"type":"Feature","geometry":{"type":"Point","coordinates":[-6.042407999999966,5.632481000000041]},"properties":{"id":72462,"nom":"MARCHE DE BANGALIDOUGOU","type":"marche","district_region":null,"departement_commune":null,"verifie":true,"name":"MARCHE DE BANGALIDOUGOU","source":"Géoportail ANSTAT"}},{"type":"Feature","geometry":{"type":"Point","coordinates":[-4.372681999999941,6.463873000000035]},"properties":{"id":72463,"nom":"MARCHE DE ASSOUMOUKRO","type":"marche","district_region":null,"departement_commune":null,"verifie":true,"name":"MARCHE DE ASSOUMOUKRO","source":"Géoportail ANSTAT"}},{"type":"Feature","geometry":{"type":"Point","coordinates":[-4.412617999999952,6.495476000000053]},"properties":{"id":72464,"nom":"MARCHE DE DIEKADIOKRO","type":"marche","district_region":null,"departement_commune":null,"verifie":true,"name":"MARCHE DE DIEKADIOKRO","source":"Géoportail ANSTAT"}},{"type":"Feature","geometry":{"type":"Point","coordinates":[-4.086892999999975,6.783839000000057]},"properties":{"id":72465,"nom":"MARCHE DE ANDE","type":"marche","district_region":null,"departement_commune":null,"verifie":true,"name":"MARCHE DE ANDE","source":"Géoportail ANSTAT"}},{"type":"Feature","geometry":{"type":"Point","coordinates":[-4.291428999999937,6.701585000000023]},"properties":{"id":72466,"nom":"MARCHE DE BANABO","type":"marche","district_region":null,"departement_commune":null,"verifie":true,"name":"MARCHE DE BANABO","source":"Géoportail ANSTAT"}},{"type":"Feature","geometry":{"type":"Point","coordinates":[-4.20471299999997,6.682618000000048]},"properties":{"id":72467,"nom":"MARCHE DE AHOROSSO","type":"marche","district_region":null,"departement_commune":null,"verifie":true,"name":"MARCHE DE AHOROSSO","source":"Géoportail ANSTAT"}},{"type":"Feature","geometry":{"type":"Point","coordinates":[-4.081432999999947,6.861759000000063]},"properties":{"id":72468,"nom":"MARCHE DE AGBOSSOU","type":"marche","district_region":null,"departement_commune":null,"verifie":true,"name":"MARCHE DE AGBOSSOU","source":"Géoportail ANSTAT"}},{"type":"Feature","geometry":{"type":"Point","coordinates":[-3.894203999999945,6.645054000000073]},"properties":{"id":72469,"nom":"MARCHE DE ASSIKRO","type":"marche","district_region":null,"departement_commune":null,"verifie":true,"name":"MARCHE DE ASSIKRO","source":"Géoportail ANSTAT"}},{"type":"Feature","geometry":{"type":"Point","coordinates":[-4.200654999999927,6.615469000000076]},"properties":{"id":72470,"nom":"MARCHE DE BOCASSI","type":"marche","district_region":null,"departement_commune":null,"verifie":true,"name":"MARCHE DE BOCASSI","source":"Géoportail ANSTAT"}},{"type":"Feature","geometry":{"type":"Point","coordinates":[-7.234678999999971,7.253614000000027]},"properties":{"id":72471,"nom":"MARCHE DE KOUIBLY","type":"marche","district_region":null,"departement_commune":null,"verifie":true,"name":"MARCHE DE KOUIBLY","source":"Géoportail ANSTAT"}},{"type":"Feature","geometry":{"type":"Point","coordinates":[-7.376222999999925,7.388480000000072]},"properties":{"id":72472,"nom":"MARCHE DE FAKOBLY","type":"marche","district_region":null,"departement_commune":null,"verifie":true,"name":"MARCHE DE FAKOBLY","source":"Géoportail ANSTAT"}},{"type":"Feature","geometry":{"type":"Point","coordinates":[-7.345650999999975,7.22523300000006]},"properties":{"id":72473,"nom":"MARCHE DE GUIRI","type":"marche","district_region":null,"departement_commune":null,"verifie":true,"name":"MARCHE DE GUIRI","source":"Géoportail ANSTAT"}},{"type":"Feature","geometry":{"type":"Point","coordinates":[-7.354986999999937,7.112080000000049]},"properties":{"id":72476,"nom":"MARCHE DE GLOPLOU","type":"marche","district_region":null,"departement_commune":null,"verifie":true,"name":"MARCHE DE GLOPLOU","source":"Géoportail ANSTAT"}},{"type":"Feature","geometry":{"type":"Point","coordinates":[-7.594144999999969,7.043615000000045]},"properties":{"id":72478,"nom":"MARCHE DE CAFE CACAO","type":"marche","district_region":null,"departement_commune":null,"verifie":true,"name":"MARCHE DE CAFE CACAO","source":"Géoportail ANSTAT"}},{"type":"Feature","geometry":{"type":"Point","coordinates":[-7.164589999999976,7.033392000000049]},"properties":{"id":72479,"nom":"MARCHE DE GUINGLO TAHOUAKE","type":"marche","district_region":null,"departement_commune":null,"verifie":true,"name":"MARCHE DE GUINGLO TAHOUAKE","source":"Géoportail ANSTAT"}},{"type":"Feature","geometry":{"type":"Point","coordinates":[-7.181758999999943,7.137539000000061]},"properties":{"id":72480,"nom":"MARCHE DE BLENINEOUIN","type":"marche","district_region":null,"departement_commune":null,"verifie":true,"name":"MARCHE DE BLENINEOUIN","source":"Géoportail ANSTAT"}},{"type":"Feature","geometry":{"type":"Point","coordinates":[-7.324674999999957,7.156341000000054]},"properties":{"id":72481,"nom":"MARCHE DE DIEOUZON","type":"marche","district_region":null,"departement_commune":null,"verifie":true,"name":"MARCHE DE DIEOUZON","source":"Géoportail ANSTAT"}},{"type":"Feature","geometry":{"type":"Point","coordinates":[-7.023400999999978,6.742633000000069]},"properties":{"id":72482,"nom":"MARCHE DE GUESSABO GUERE","type":"marche","district_region":null,"departement_commune":null,"verifie":true,"name":"MARCHE DE GUESSABO GUERE","source":"Géoportail ANSTAT"}},{"type":"Feature","geometry":{"type":"Point","coordinates":[-7.023087999999973,6.742841000000055]},"properties":{"id":72483,"nom":"MARCHE DE GUESSABO GUERE","type":"marche","district_region":null,"departement_commune":null,"verifie":true,"name":"MARCHE DE GUESSABO GUERE","source":"Géoportail ANSTAT"}},{"type":"Feature","geometry":{"type":"Point","coordinates":[-7.115569999999934,6.739112000000034]},"properties":{"id":72485,"nom":"MARCHE DE GUEZ","type":"marche","district_region":null,"departement_commune":null,"verifie":true,"name":"MARCHE DE GUEZ","source":"Géoportail ANSTAT"}},{"type":"Feature","geometry":{"type":"Point","coordinates":[-7.518606999999975,6.890583000000049]},"properties":{"id":72487,"nom":"MARCHE DE DIOUROUZON","type":"marche","district_region":null,"departement_commune":null,"verifie":true,"name":"MARCHE DE DIOUROUZON","source":"Géoportail ANSTAT"}},{"type":"Feature","geometry":{"type":"Point","coordinates":[-7.160064999999975,6.476273000000049]},"properties":{"id":72489,"nom":"MARCHE DE GBAPLEU","type":"marche","district_region":null,"departement_commune":null,"verifie":true,"name":"MARCHE DE GBAPLEU","source":"Géoportail ANSTAT"}},{"type":"Feature","geometry":{"type":"Point","coordinates":[-7.332723999999928,6.746997000000022]},"properties":{"id":72490,"nom":"MARCHE DE DIAYE BERNARD","type":"marche","district_region":null,"departement_commune":null,"verifie":true,"name":"MARCHE DE DIAYE BERNARD","source":"Géoportail ANSTAT"}},{"type":"Feature","geometry":{"type":"Point","coordinates":[-7.354811999999981,6.735104000000035]},"properties":{"id":72491,"nom":"MARCHE DE KOKOMAN","type":"marche","district_region":null,"departement_commune":null,"verifie":true,"name":"MARCHE DE KOKOMAN","source":"Géoportail ANSTAT"}},{"type":"Feature","geometry":{"type":"Point","coordinates":[-7.409913999999958,6.842200000000048]},"properties":{"id":72492,"nom":"MARCHE DE DIAHOUIN","type":"marche","district_region":null,"departement_commune":null,"verifie":true,"name":"MARCHE DE DIAHOUIN","source":"Géoportail ANSTAT"}},{"type":"Feature","geometry":{"type":"Point","coordinates":[-7.026607999999953,6.924465000000055]},"properties":{"id":72493,"nom":"MARCHE DE DIATOBLI","type":"marche","district_region":null,"departement_commune":null,"verifie":true,"name":"MARCHE DE DIATOBLI","source":"Géoportail ANSTAT"}},{"type":"Feature","geometry":{"type":"Point","coordinates":[-4.65875699999998,5.353751000000045]},"properties":{"id":72494,"nom":"MARCHE DE IRA","type":"marche","district_region":null,"departement_commune":null,"verifie":true,"name":"MARCHE DE IRA","source":"Géoportail ANSTAT"}},{"type":"Feature","geometry":{"type":"Point","coordinates":[-5.87235499999997,6.052756000000045]},"properties":{"id":72495,"nom":"MARCHE DE DIKOUEHIPALEGNOA","type":"marche","district_region":null,"departement_commune":null,"verifie":true,"name":"MARCHE DE DIKOUEHIPALEGNOA","source":"Géoportail ANSTAT"}},{"type":"Feature","geometry":{"type":"Point","coordinates":[-5.934467999999981,5.990702000000056]},"properties":{"id":72496,"nom":"MARCHE DE DOUGROUPALEGNOA","type":"marche","district_region":null,"departement_commune":null,"verifie":true,"name":"MARCHE DE DOUGROUPALEGNOA","source":"Géoportail ANSTAT"}},{"type":"Feature","geometry":{"type":"Point","coordinates":[-5.97206099999994,6.032445000000052]},"properties":{"id":72497,"nom":"MARCHE DE DODJAGNOA","type":"marche","district_region":null,"departement_commune":null,"verifie":true,"name":"MARCHE DE DODJAGNOA","source":"Géoportail ANSTAT"}},{"type":"Feature","geometry":{"type":"Point","coordinates":[-6.033357999999964,6.029320000000041]},"properties":{"id":72498,"nom":"MARCHE DE GUIBOUO","type":"marche","district_region":null,"departement_commune":null,"verifie":true,"name":"MARCHE DE GUIBOUO","source":"Géoportail ANSTAT"}},{"type":"Feature","geometry":{"type":"Point","coordinates":[-6.06552199999993,5.979525000000024]},"properties":{"id":72499,"nom":"MARCHE DE DIABOUO","type":"marche","district_region":null,"departement_commune":null,"verifie":true,"name":"MARCHE DE DIABOUO","source":"Géoportail ANSTAT"}},{"type":"Feature","geometry":{"type":"Point","coordinates":[-5.962857999999926,6.121507000000065]},"properties":{"id":72500,"nom":"MARCHE DE BAROUHIO","type":"marche","district_region":null,"departement_commune":null,"verifie":true,"name":"MARCHE DE BAROUHIO","source":"Géoportail ANSTAT"}},{"type":"Feature","geometry":{"type":"Point","coordinates":[-5.943998999999963,6.128516000000047]},"properties":{"id":72501,"nom":"MARCHE DE FRUIT","type":"marche","district_region":null,"departement_commune":null,"verifie":true,"name":"MARCHE DE FRUIT","source":"Géoportail ANSTAT"}},{"type":"Feature","geometry":{"type":"Point","coordinates":[-5.847081999999943,6.212367000000029]},"properties":{"id":72502,"nom":"MARCHE DE DAHIEPA KEHI","type":"marche","district_region":null,"departement_commune":null,"verifie":true,"name":"MARCHE DE DAHIEPA KEHI","source":"Géoportail ANSTAT"}},{"type":"Feature","geometry":{"type":"Point","coordinates":[-5.870867999999973,6.364778000000058]},"properties":{"id":72503,"nom":"MARCHE DE BROUDOUME","type":"marche","district_region":null,"departement_commune":null,"verifie":true,"name":"MARCHE DE BROUDOUME","source":"Géoportail ANSTAT"}},{"type":"Feature","geometry":{"type":"Point","coordinates":[-5.948203999999976,6.24739100000005]},"properties":{"id":72505,"nom":"MARCHE DE KPAPEKOU","type":"marche","district_region":null,"departement_commune":null,"verifie":true,"name":"MARCHE DE KPAPEKOU","source":"Géoportail ANSTAT"}},{"type":"Feature","geometry":{"type":"Point","coordinates":[-6.040588999999954,6.259105000000034]},"properties":{"id":72506,"nom":"MARCHE DE DRAYO","type":"marche","district_region":null,"departement_commune":null,"verifie":true,"name":"MARCHE DE DRAYO","source":"Géoportail ANSTAT"}},{"type":"Feature","geometry":{"type":"Point","coordinates":[-5.394138999999939,6.342509000000064]},"properties":{"id":72507,"nom":"MARCHE DE DOUGBAFLA","type":"marche","district_region":null,"departement_commune":null,"verifie":true,"name":"MARCHE DE DOUGBAFLA","source":"Géoportail ANSTAT"}},{"type":"Feature","geometry":{"type":"Point","coordinates":[-5.524563999999941,6.50741000000005]},"properties":{"id":72508,"nom":"MARCHE DE GOULIKAO","type":"marche","district_region":null,"departement_commune":null,"verifie":true,"name":"MARCHE DE GOULIKAO","source":"Géoportail ANSTAT"}},{"type":"Feature","geometry":{"type":"Point","coordinates":[-5.40820599999995,6.386951000000067]},"properties":{"id":72509,"nom":"MARCHE DE DJEMELI","type":"marche","district_region":null,"departement_commune":null,"verifie":true,"name":"MARCHE DE DJEMELI","source":"Géoportail ANSTAT"}},{"type":"Feature","geometry":{"type":"Point","coordinates":[-5.626026999999965,6.192489000000023]},"properties":{"id":72510,"nom":"MARCHE DE BIDIE","type":"marche","district_region":null,"departement_commune":null,"verifie":true,"name":"MARCHE DE BIDIE","source":"Géoportail ANSTAT"}},{"type":"Feature","geometry":{"type":"Point","coordinates":[-5.707567999999981,6.306412000000023]},"properties":{"id":72511,"nom":"MARCHE DE BLEANIANDA","type":"marche","district_region":null,"departement_commune":null,"verifie":true,"name":"MARCHE DE BLEANIANDA","source":"Géoportail ANSTAT"}},{"type":"Feature","geometry":{"type":"Point","coordinates":[-6.039608999999928,5.296806000000061]},"properties":{"id":72512,"nom":"MARCHE DE BOLO V1","type":"marche","district_region":null,"departement_commune":null,"verifie":true,"name":"MARCHE DE BOLO V1","source":"Géoportail ANSTAT"}},{"type":"Feature","geometry":{"type":"Point","coordinates":[-5.985622999999975,5.282546000000025]},"properties":{"id":72513,"nom":"MARCHE DE BOLO V2","type":"marche","district_region":null,"departement_commune":null,"verifie":true,"name":"MARCHE DE BOLO V2","source":"Géoportail ANSTAT"}},{"type":"Feature","geometry":{"type":"Point","coordinates":[-5.952617999999973,5.054230000000075]},"properties":{"id":72514,"nom":"MARCHE DE DAGBEGO 2","type":"marche","district_region":null,"departement_commune":null,"verifie":true,"name":"MARCHE DE DAGBEGO 2","source":"Géoportail ANSTAT"}},{"type":"Feature","geometry":{"type":"Point","coordinates":[-5.853691999999967,5.129828000000032]},"properties":{"id":72515,"nom":"MARCHE DE DETAIL PERMANANT","type":"marche","district_region":null,"departement_commune":null,"verifie":true,"name":"MARCHE DE DETAIL PERMANANT","source":"Géoportail ANSTAT"}},{"type":"Feature","geometry":{"type":"Point","coordinates":[-5.531298999999933,5.282173000000057]},"properties":{"id":72516,"nom":"MARCHE DE DAHIRI","type":"marche","district_region":null,"departement_commune":null,"verifie":true,"name":"MARCHE DE DAHIRI","source":"Géoportail ANSTAT"}},{"type":"Feature","geometry":{"type":"Point","coordinates":[-4.928095999999925,6.318992000000037]},"properties":{"id":72517,"nom":"MARCHE DE AKAKRO NGBAN","type":"marche","district_region":null,"departement_commune":null,"verifie":true,"name":"MARCHE DE AKAKRO NGBAN","source":"Géoportail ANSTAT"}},{"type":"Feature","geometry":{"type":"Point","coordinates":[-4.983603999999957,6.485109000000023]},"properties":{"id":72518,"nom":"MARCHE DE ASSOUNVOUE","type":"marche","district_region":null,"departement_commune":null,"verifie":true,"name":"MARCHE DE ASSOUNVOUE","source":"Géoportail ANSTAT"}},{"type":"Feature","geometry":{"type":"Point","coordinates":[-5.069839999999942,7.238012000000026]},"properties":{"id":72519,"nom":"MARCHE DE AKOI NDENOU","type":"marche","district_region":null,"departement_commune":null,"verifie":true,"name":"MARCHE DE AKOI NDENOU","source":"Géoportail ANSTAT"}},{"type":"Feature","geometry":{"type":"Point","coordinates":[-5.080984999999941,6.753798000000074]},"properties":{"id":72520,"nom":"MARCHE DE KETEKRE BONIKRO","type":"marche","district_region":null,"departement_commune":null,"verifie":true,"name":"MARCHE DE KETEKRE BONIKRO","source":"Géoportail ANSTAT"}},{"type":"Feature","geometry":{"type":"Point","coordinates":[-5.071554999999933,6.581221000000028]},"properties":{"id":72521,"nom":"MARCHE DE KAHANKRO","type":"marche","district_region":null,"departement_commune":null,"verifie":true,"name":"MARCHE DE KAHANKRO","source":"Géoportail ANSTAT"}},{"type":"Feature","geometry":{"type":"Point","coordinates":[-5.125542999999936,6.457508000000075]},"properties":{"id":72522,"nom":"MARCHE DE DJETRAN YAOKRO","type":"marche","district_region":null,"departement_commune":null,"verifie":true,"name":"MARCHE DE DJETRAN YAOKRO","source":"Géoportail ANSTAT"}},{"type":"Feature","geometry":{"type":"Point","coordinates":[-5.578112999999973,7.252740000000074]},"properties":{"id":72523,"nom":"MARCHE DE AMAN SALEKRO","type":"marche","district_region":null,"departement_commune":null,"verifie":true,"name":"MARCHE DE AMAN SALEKRO","source":"Géoportail ANSTAT"}},{"type":"Feature","geometry":{"type":"Point","coordinates":[-4.895123999999953,7.128581000000054]},"properties":{"id":72524,"nom":"MARCHE DE DIDIEVI","type":"marche","district_region":null,"departement_commune":null,"verifie":true,"name":"MARCHE DE DIDIEVI","source":"Géoportail ANSTAT"}},{"type":"Feature","geometry":{"type":"Point","coordinates":[-4.291057999999964,5.522271000000046]},"properties":{"id":72525,"nom":"MARCHE DE AMANIKRO","type":"marche","district_region":null,"departement_commune":null,"verifie":true,"name":"MARCHE DE AMANIKRO","source":"Géoportail ANSTAT"}},{"type":"Feature","geometry":{"type":"Point","coordinates":[-4.152064999999936,5.480763000000024]},"properties":{"id":72526,"nom":"MARCHE DE AKOUPE ZEUDJI","type":"marche","district_region":null,"departement_commune":null,"verifie":true,"name":"MARCHE DE AKOUPE ZEUDJI","source":"Géoportail ANSTAT"}},{"type":"Feature","geometry":{"type":"Point","coordinates":[-4.078424999999925,5.498240000000067]},"properties":{"id":72529,"nom":"MARCHE DE EBIMPE","type":"marche","district_region":null,"departement_commune":null,"verifie":true,"name":"MARCHE DE EBIMPE","source":"Géoportail ANSTAT"}},{"type":"Feature","geometry":{"type":"Point","coordinates":[-4.166905999999926,5.545587000000069]},"properties":{"id":72531,"nom":"MARCHE DE ADATTIE","type":"marche","district_region":null,"departement_commune":null,"verifie":true,"name":"MARCHE DE ADATTIE","source":"Géoportail ANSTAT"}},{"type":"Feature","geometry":{"type":"Point","coordinates":[-4.090771999999959,5.527316000000042]},"properties":{"id":72532,"nom":"MARCHE DE AZAGUIE BLIDA","type":"marche","district_region":null,"departement_commune":null,"verifie":true,"name":"MARCHE DE AZAGUIE BLIDA","source":"Géoportail ANSTAT"}},{"type":"Feature","geometry":{"type":"Point","coordinates":[-4.090629999999976,5.52705700000007]},"properties":{"id":72533,"nom":"MARCHE DE AZAGUIE BLIDA","type":"marche","district_region":null,"departement_commune":null,"verifie":true,"name":"MARCHE DE AZAGUIE BLIDA","source":"Géoportail ANSTAT"}},{"type":"Feature","geometry":{"type":"Point","coordinates":[-4.149540999999942,5.401589000000058]},"properties":{"id":72534,"nom":"MARCHE DE ALLOKOI","type":"marche","district_region":null,"departement_commune":null,"verifie":true,"name":"MARCHE DE ALLOKOI","source":"Géoportail ANSTAT"}},{"type":"Feature","geometry":{"type":"Point","coordinates":[-3.002995999999939,7.944759000000033]},"properties":{"id":72535,"nom":"MARCHE DE KARAKO","type":"marche","district_region":null,"departement_commune":null,"verifie":true,"name":"MARCHE DE KARAKO","source":"Géoportail ANSTAT"}},{"type":"Feature","geometry":{"type":"Point","coordinates":[-3.882848999999965,7.97968000000003]},"properties":{"id":72537,"nom":"MARCHE DE DIEZUE","type":"marche","district_region":null,"departement_commune":null,"verifie":true,"name":"MARCHE DE DIEZUE","source":"Géoportail ANSTAT"}},{"type":"Feature","geometry":{"type":"Point","coordinates":[-2.622163999999941,8.049912000000063]},"properties":{"id":72538,"nom":"MARCHE DE BOROMBO","type":"marche","district_region":null,"departement_commune":null,"verifie":true,"name":"MARCHE DE BOROMBO","source":"Géoportail ANSTAT"}},{"type":"Feature","geometry":{"type":"Point","coordinates":[-2.839855999999941,8.330481000000077]},"properties":{"id":72540,"nom":"MARCHE DE BOZANGUI","type":"marche","district_region":null,"departement_commune":null,"verifie":true,"name":"MARCHE DE BOZANGUI","source":"Géoportail ANSTAT"}},{"type":"Feature","geometry":{"type":"Point","coordinates":[-3.126215999999943,8.483664000000033]},"properties":{"id":72542,"nom":"MARCHE DE FLAKIEDOUGOU","type":"marche","district_region":null,"departement_commune":null,"verifie":true,"name":"MARCHE DE FLAKIEDOUGOU","source":"Géoportail ANSTAT"}},{"type":"Feature","geometry":{"type":"Point","coordinates":[-2.981605999999942,7.896666000000039]},"properties":{"id":72543,"nom":"MARCHE DE GOUMERE","type":"marche","district_region":null,"departement_commune":null,"verifie":true,"name":"MARCHE DE GOUMERE","source":"Géoportail ANSTAT"}},{"type":"Feature","geometry":{"type":"Point","coordinates":[-3.512908999999979,7.568257000000074]},"properties":{"id":72548,"nom":"MARCHE DE KRAKRO","type":"marche","district_region":null,"departement_commune":null,"verifie":true,"name":"MARCHE DE KRAKRO","source":"Géoportail ANSTAT"}},{"type":"Feature","geometry":{"type":"Point","coordinates":[-2.946101999999939,7.814283000000046]},"properties":{"id":72553,"nom":"MARCHE DE DADIASSE","type":"marche","district_region":null,"departement_commune":null,"verifie":true,"name":"MARCHE DE DADIASSE","source":"Géoportail ANSTAT"}},{"type":"Feature","geometry":{"type":"Point","coordinates":[-3.252853999999957,7.488228000000049]},"properties":{"id":72554,"nom":"MARCHE DE KOUN FAO","type":"marche","district_region":null,"departement_commune":null,"verifie":true,"name":"MARCHE DE KOUN FAO","source":"Géoportail ANSTAT"}},{"type":"Feature","geometry":{"type":"Point","coordinates":[-2.980657999999949,7.698424000000045]},"properties":{"id":72556,"nom":"MARCHE DE ASSUEFRY","type":"marche","district_region":null,"departement_commune":null,"verifie":true,"name":"MARCHE DE ASSUEFRY","source":"Géoportail ANSTAT"}},{"type":"Feature","geometry":{"type":"Point","coordinates":[-6.942680999999936,8.123756000000071]},"properties":{"id":72557,"nom":"MARCHE DE GBETOGO","type":"marche","district_region":null,"departement_commune":null,"verifie":true,"name":"MARCHE DE GBETOGO","source":"Géoportail ANSTAT"}},{"type":"Feature","geometry":{"type":"Point","coordinates":[-6.947363999999936,7.833191000000056]},"properties":{"id":72558,"nom":"MARCHE DE KOROKO DJOUBA","type":"marche","district_region":null,"departement_commune":null,"verifie":true,"name":"MARCHE DE KOROKO DJOUBA","source":"Géoportail ANSTAT"}},{"type":"Feature","geometry":{"type":"Point","coordinates":[-6.610973999999942,8.185036000000025]},"properties":{"id":72559,"nom":"MARCHE DE DIARABANA","type":"marche","district_region":null,"departement_commune":null,"verifie":true,"name":"MARCHE DE DIARABANA","source":"Géoportail ANSTAT"}},{"type":"Feature","geometry":{"type":"Point","coordinates":[-6.677103999999929,7.849934000000076]},"properties":{"id":72561,"nom":"MARCHE DE BANANDJE","type":"marche","district_region":null,"departement_commune":null,"verifie":true,"name":"MARCHE DE BANANDJE","source":"Géoportail ANSTAT"}},{"type":"Feature","geometry":{"type":"Point","coordinates":[-6.697104999999965,7.837482000000023]},"properties":{"id":72562,"nom":"MARCHE D OUAHAMA","type":"marche","district_region":null,"departement_commune":null,"verifie":true,"name":"MARCHE D OUAHAMA","source":"Géoportail ANSTAT"}},{"type":"Feature","geometry":{"type":"Point","coordinates":[-6.621655999999973,8.699721000000068]},"properties":{"id":72563,"nom":"MARCHE DE FADIADOUGOU","type":"marche","district_region":null,"departement_commune":null,"verifie":true,"name":"MARCHE DE FADIADOUGOU","source":"Géoportail ANSTAT"}},{"type":"Feature","geometry":{"type":"Point","coordinates":[-6.743584999999939,8.888660000000073]},"properties":{"id":72564,"nom":"MARCHE DE FINGOLO","type":"marche","district_region":null,"departement_commune":null,"verifie":true,"name":"MARCHE DE FINGOLO","source":"Géoportail ANSTAT"}},{"type":"Feature","geometry":{"type":"Point","coordinates":[-6.603328999999974,8.477205000000026]},"properties":{"id":72565,"nom":"MARCHE DE KANI","type":"marche","district_region":null,"departement_commune":null,"verifie":true,"name":"MARCHE DE KANI","source":"Géoportail ANSTAT"}},{"type":"Feature","geometry":{"type":"Point","coordinates":[-6.541527999999971,8.125069000000053]},"properties":{"id":72579,"nom":"MARCHE DE DUALLA","type":"marche","district_region":null,"departement_commune":null,"verifie":true,"name":"MARCHE DE DUALLA","source":"Géoportail ANSTAT"}},{"type":"Feature","geometry":{"type":"Point","coordinates":[-5.748914999999954,6.985999000000049]},"properties":{"id":72580,"nom":"MARCHE DE DIOULABOUGOU","type":"marche","district_region":null,"departement_commune":null,"verifie":true,"name":"MARCHE DE DIOULABOUGOU","source":"Géoportail ANSTAT"}},{"type":"Feature","geometry":{"type":"Point","coordinates":[-5.605216999999925,6.655606000000034]},"properties":{"id":72581,"nom":"MARCHE DE KONONFLA","type":"marche","district_region":null,"departement_commune":null,"verifie":true,"name":"MARCHE DE KONONFLA","source":"Géoportail ANSTAT"}},{"type":"Feature","geometry":{"type":"Point","coordinates":[-5.596828999999957,7.06670500000007]},"properties":{"id":72582,"nom":"MARCHE DE BEGBESSOU","type":"marche","district_region":null,"departement_commune":null,"verifie":true,"name":"MARCHE DE BEGBESSOU","source":"Géoportail ANSTAT"}},{"type":"Feature","geometry":{"type":"Point","coordinates":[-5.807219999999973,6.963714000000039]},"properties":{"id":72583,"nom":"MARCHE DE GARANGO","type":"marche","district_region":null,"departement_commune":null,"verifie":true,"name":"MARCHE DE GARANGO","source":"Géoportail ANSTAT"}},{"type":"Feature","geometry":{"type":"Point","coordinates":[-5.654233999999974,6.638993000000028]},"properties":{"id":72584,"nom":"MARCHE DE KAYETA","type":"marche","district_region":null,"departement_commune":null,"verifie":true,"name":"MARCHE DE KAYETA","source":"Géoportail ANSTAT"}},{"type":"Feature","geometry":{"type":"Point","coordinates":[-6.108986999999956,6.747273000000064]},"properties":{"id":72585,"nom":"MARCHE DE BANOUFLA","type":"marche","district_region":null,"departement_commune":null,"verifie":true,"name":"MARCHE DE BANOUFLA","source":"Géoportail ANSTAT"}},{"type":"Feature","geometry":{"type":"Point","coordinates":[-6.108785999999952,6.746286000000055]},"properties":{"id":72586,"nom":"MARCHE DE BANTIFLA","type":"marche","district_region":null,"departement_commune":null,"verifie":true,"name":"MARCHE DE BANTIFLA","source":"Géoportail ANSTAT"}},{"type":"Feature","geometry":{"type":"Point","coordinates":[-4.986422999999945,7.710389000000021]},"properties":{"id":72602,"nom":"MARCHE DE BELLEVILLE COCODI","type":"marche","district_region":null,"departement_commune":null,"verifie":true,"name":"MARCHE DE BELLEVILLE COCODI","source":"Géoportail ANSTAT"}},{"type":"Feature","geometry":{"type":"Point","coordinates":[-5.018916999999931,7.690670000000068]},"properties":{"id":72603,"nom":"MARCHE DE BROMACOTE","type":"marche","district_region":null,"departement_commune":null,"verifie":true,"name":"MARCHE DE BROMACOTE","source":"Géoportail ANSTAT"}},{"type":"Feature","geometry":{"type":"Point","coordinates":[-5.410810999999967,7.503807000000052]},"properties":{"id":72604,"nom":"MARCHE DE KONANMOUKRO","type":"marche","district_region":null,"departement_commune":null,"verifie":true,"name":"MARCHE DE KONANMOUKRO","source":"Géoportail ANSTAT"}},{"type":"Feature","geometry":{"type":"Point","coordinates":[-5.39699399999995,7.370533000000023]},"properties":{"id":72605,"nom":"MARCHE DE ASSANDRE","type":"marche","district_region":null,"departement_commune":null,"verifie":true,"name":"MARCHE DE ASSANDRE","source":"Géoportail ANSTAT"}},{"type":"Feature","geometry":{"type":"Point","coordinates":[-5.463324999999941,7.670382000000075]},"properties":{"id":72606,"nom":"MARCHE DE AFFOTOBO","type":"marche","district_region":null,"departement_commune":null,"verifie":true,"name":"MARCHE DE AFFOTOBO","source":"Géoportail ANSTAT"}},{"type":"Feature","geometry":{"type":"Point","coordinates":[-5.495371999999975,7.79009300000007]},"properties":{"id":72609,"nom":"MARCHE DE FITABRO","type":"marche","district_region":null,"departement_commune":null,"verifie":true,"name":"MARCHE DE FITABRO","source":"Géoportail ANSTAT"}},{"type":"Feature","geometry":{"type":"Point","coordinates":[-5.505061999999953,7.666452000000049]},"properties":{"id":72610,"nom":"MARCHE DE BELAKRO","type":"marche","district_region":null,"departement_commune":null,"verifie":true,"name":"MARCHE DE BELAKRO","source":"Géoportail ANSTAT"}},{"type":"Feature","geometry":{"type":"Point","coordinates":[-5.527585999999928,7.668700000000058]},"properties":{"id":72611,"nom":"MARCHE DE ASSENGOU","type":"marche","district_region":null,"departement_commune":null,"verifie":true,"name":"MARCHE DE ASSENGOU","source":"Géoportail ANSTAT"}},{"type":"Feature","geometry":{"type":"Point","coordinates":[-5.575722999999925,7.481003000000044]},"properties":{"id":72612,"nom":"MARCHE DE KOUADIO SAKASSOU","type":"marche","district_region":null,"departement_commune":null,"verifie":true,"name":"MARCHE DE KOUADIO SAKASSOU","source":"Géoportail ANSTAT"}},{"type":"Feature","geometry":{"type":"Point","coordinates":[-5.608695999999952,7.583037000000047]},"properties":{"id":72613,"nom":"MARCHE DE DIEVIESSOU","type":"marche","district_region":null,"departement_commune":null,"verifie":true,"name":"MARCHE DE DIEVIESSOU","source":"Géoportail ANSTAT"}},{"type":"Feature","geometry":{"type":"Point","coordinates":[-5.580049999999972,7.675903000000062]},"properties":{"id":72614,"nom":"MARCHE DE BEOUMI","type":"marche","district_region":null,"departement_commune":null,"verifie":true,"name":"MARCHE DE BEOUMI","source":"Géoportail ANSTAT"}},{"type":"Feature","geometry":{"type":"Point","coordinates":[-5.331946999999957,7.68643000000003]},"properties":{"id":72615,"nom":"MARCHE DE ABOLIKRO","type":"marche","district_region":null,"departement_commune":null,"verifie":true,"name":"MARCHE DE ABOLIKRO","source":"Géoportail ANSTAT"}},{"type":"Feature","geometry":{"type":"Point","coordinates":[-5.173048999999935,7.786844000000031]},"properties":{"id":72616,"nom":"MARCHE DE DIABO","type":"marche","district_region":null,"departement_commune":null,"verifie":true,"name":"MARCHE DE DIABO","source":"Géoportail ANSTAT"}},{"type":"Feature","geometry":{"type":"Point","coordinates":[-3.570146999999963,8.551623000000063]},"properties":{"id":72617,"nom":"MARCHE DE DEPINGO","type":"marche","district_region":null,"departement_commune":null,"verifie":true,"name":"MARCHE DE DEPINGO","source":"Géoportail ANSTAT"}},{"type":"Feature","geometry":{"type":"Point","coordinates":[-4.650662999999952,7.260711000000072]},"properties":{"id":72618,"nom":"MARCHE DE BOUNDA","type":"marche","district_region":null,"departement_commune":null,"verifie":true,"name":"MARCHE DE BOUNDA","source":"Géoportail ANSTAT"}},{"type":"Feature","geometry":{"type":"Point","coordinates":[-4.483808999999951,6.796854000000053]},"properties":{"id":72619,"nom":"MARCHE DE BENGASSOU","type":"marche","district_region":null,"departement_commune":null,"verifie":true,"name":"MARCHE DE BENGASSOU","source":"Géoportail ANSTAT"}},{"type":"Feature","geometry":{"type":"Point","coordinates":[-7.428334999999947,6.565690000000075]},"properties":{"id":72620,"nom":"MARCHE DE GOYA 1","type":"marche","district_region":null,"departement_commune":null,"verifie":true,"name":"MARCHE DE GOYA 1","source":"Géoportail ANSTAT"}},{"type":"Feature","geometry":{"type":"Point","coordinates":[-7.505984999999953,6.544314000000043]},"properties":{"id":72621,"nom":"MARCHE DE GUIGLO","type":"marche","district_region":null,"departement_commune":null,"verifie":true,"name":"MARCHE DE GUIGLO","source":"Géoportail ANSTAT"}},{"type":"Feature","geometry":{"type":"Point","coordinates":[-7.713030999999944,6.568259000000069]},"properties":{"id":72622,"nom":"MARCHE DE KAADE","type":"marche","district_region":null,"departement_commune":null,"verifie":true,"name":"MARCHE DE KAADE","source":"Géoportail ANSTAT"}},{"type":"Feature","geometry":{"type":"Point","coordinates":[-8.47347499999995,6.601582000000064]},"properties":{"id":72623,"nom":"MARCHE DE DOUEDI","type":"marche","district_region":null,"departement_commune":null,"verifie":true,"name":"MARCHE DE DOUEDI","source":"Géoportail ANSTAT"}},{"type":"Feature","geometry":{"type":"Point","coordinates":[-6.366352999999947,7.566690000000051]},"properties":{"id":72625,"nom":"MARCHE DE BANDIAHI","type":"marche","district_region":null,"departement_commune":null,"verifie":true,"name":"MARCHE DE BANDIAHI","source":"Géoportail ANSTAT"}},{"type":"Feature","geometry":{"type":"Point","coordinates":[-6.509629999999959,7.305143000000044]},"properties":{"id":72626,"nom":"MARCHE DE DANZERVILLE","type":"marche","district_region":null,"departement_commune":null,"verifie":true,"name":"MARCHE DE DANZERVILLE","source":"Géoportail ANSTAT"}},{"type":"Feature","geometry":{"type":"Point","coordinates":[-6.625969999999938,7.370698000000061]},"properties":{"id":72627,"nom":"MARCHE DE BIENOUFLA","type":"marche","district_region":null,"departement_commune":null,"verifie":true,"name":"MARCHE DE BIENOUFLA","source":"Géoportail ANSTAT"}},{"type":"Feature","geometry":{"type":"Point","coordinates":[-6.867768999999953,7.420267000000024]},"properties":{"id":72630,"nom":"MARCHE DE DIAFLA","type":"marche","district_region":null,"departement_commune":null,"verifie":true,"name":"MARCHE DE DIAFLA","source":"Géoportail ANSTAT"}},{"type":"Feature","geometry":{"type":"Point","coordinates":[-7.060565999999938,7.255408000000045]},"properties":{"id":72631,"nom":"MARCHE DE GBEHIBLY","type":"marche","district_region":null,"departement_commune":null,"verifie":true,"name":"MARCHE DE GBEHIBLY","source":"Géoportail ANSTAT"}},{"type":"Feature","geometry":{"type":"Point","coordinates":[-6.953480999999954,6.737557000000038]},"properties":{"id":72632,"nom":"MARCHE DE GUESSABO","type":"marche","district_region":null,"departement_commune":null,"verifie":true,"name":"MARCHE DE GUESSABO","source":"Géoportail ANSTAT"}},{"type":"Feature","geometry":{"type":"Point","coordinates":[-6.656061999999963,6.968232000000057]},"properties":{"id":72633,"nom":"MARCHE DE BOBONIESSOKO","type":"marche","district_region":null,"departement_commune":null,"verifie":true,"name":"MARCHE DE BOBONIESSOKO","source":"Géoportail ANSTAT"}},{"type":"Feature","geometry":{"type":"Point","coordinates":[-6.238129999999956,6.795115000000067]},"properties":{"id":72634,"nom":"MARCHE DE GUIPRY","type":"marche","district_region":null,"departement_commune":null,"verifie":true,"name":"MARCHE DE GUIPRY","source":"Géoportail ANSTAT"}},{"type":"Feature","geometry":{"type":"Point","coordinates":[-6.286798999999974,6.704762000000073]},"properties":{"id":72635,"nom":"MARCHE DE GBOPROUYA","type":"marche","district_region":null,"departement_commune":null,"verifie":true,"name":"MARCHE DE GBOPROUYA","source":"Géoportail ANSTAT"}},{"type":"Feature","geometry":{"type":"Point","coordinates":[-6.453627999999981,6.909871000000066]},"properties":{"id":72636,"nom":"MARCHE DE GBOKORA","type":"marche","district_region":null,"departement_commune":null,"verifie":true,"name":"MARCHE DE GBOKORA","source":"Géoportail ANSTAT"}},{"type":"Feature","geometry":{"type":"Point","coordinates":[-6.469969999999932,6.740992000000062]},"properties":{"id":72637,"nom":"MARCHE DE DAGBABOUA","type":"marche","district_region":null,"departement_commune":null,"verifie":true,"name":"MARCHE DE DAGBABOUA","source":"Géoportail ANSTAT"}},{"type":"Feature","geometry":{"type":"Point","coordinates":[-6.455944999999929,6.848609000000067]},"properties":{"id":72638,"nom":"MARCHE D ORLY PLATEAU","type":"marche","district_region":null,"departement_commune":null,"verifie":true,"name":"MARCHE D ORLY PLATEAU","source":"Géoportail ANSTAT"}},{"type":"Feature","geometry":{"type":"Point","coordinates":[-6.185117999999932,7.201517000000024]},"properties":{"id":72639,"nom":"MARCHE DE BANDIAHI","type":"marche","district_region":null,"departement_commune":null,"verifie":true,"name":"MARCHE DE BANDIAHI","source":"Géoportail ANSTAT"}},{"type":"Feature","geometry":{"type":"Point","coordinates":[-6.245788999999945,6.904893000000072]},"properties":{"id":72640,"nom":"MARCHE DE GONATE","type":"marche","district_region":null,"departement_commune":null,"verifie":true,"name":"MARCHE DE GONATE","source":"Géoportail ANSTAT"}},{"type":"Feature","geometry":{"type":"Point","coordinates":[-6.390750999999966,7.052775000000054]},"properties":{"id":72641,"nom":"MARCHE DE KABADOUGOU","type":"marche","district_region":null,"departement_commune":null,"verifie":true,"name":"MARCHE DE KABADOUGOU","source":"Géoportail ANSTAT"}},{"type":"Feature","geometry":{"type":"Point","coordinates":[-6.308483999999964,7.159794000000034]},"properties":{"id":72642,"nom":"MARCHE DE BEDIALA","type":"marche","district_region":null,"departement_commune":null,"verifie":true,"name":"MARCHE DE BEDIALA","source":"Géoportail ANSTAT"}},{"type":"Feature","geometry":{"type":"Point","coordinates":[-6.46269899999993,6.888043000000039]},"properties":{"id":72643,"nom":"MARCHE DE KENNEDY 1","type":"marche","district_region":null,"departement_commune":null,"verifie":true,"name":"MARCHE DE KENNEDY 1","source":"Géoportail ANSTAT"}},{"type":"Feature","geometry":{"type":"Point","coordinates":[-6.693528999999955,6.513504000000069]},"properties":{"id":72644,"nom":"MARCHE DE GUIBOUO","type":"marche","district_region":null,"departement_commune":null,"verifie":true,"name":"MARCHE DE GUIBOUO","source":"Géoportail ANSTAT"}},{"type":"Feature","geometry":{"type":"Point","coordinates":[-4.541326999999967,6.221180000000061]},"properties":{"id":72645,"nom":"MARCHE DE KONDIEBOUMA","type":"marche","district_region":null,"departement_commune":null,"verifie":true,"name":"MARCHE DE KONDIEBOUMA","source":"Géoportail ANSTAT"}},{"type":"Feature","geometry":{"type":"Point","coordinates":[-4.55077799999998,6.066044000000034]},"properties":{"id":72646,"nom":"MARCHE DE ATTIGUEHI","type":"marche","district_region":null,"departement_commune":null,"verifie":true,"name":"MARCHE DE ATTIGUEHI","source":"Géoportail ANSTAT"}},{"type":"Feature","geometry":{"type":"Point","coordinates":[-4.663897999999961,5.797241000000042]},"properties":{"id":72647,"nom":"MARCHE DE BINAO","type":"marche","district_region":null,"departement_commune":null,"verifie":true,"name":"MARCHE DE BINAO","source":"Géoportail ANSTAT"}},{"type":"Feature","geometry":{"type":"Point","coordinates":[-4.440475999999933,5.72481300000004]},"properties":{"id":72648,"nom":"MARCHE DE GOMON","type":"marche","district_region":null,"departement_commune":null,"verifie":true,"name":"MARCHE DE GOMON","source":"Géoportail ANSTAT"}},{"type":"Feature","geometry":{"type":"Point","coordinates":[-4.612109999999973,5.617050000000063]},"properties":{"id":72649,"nom":"MARCHE DE BAKANOU B","type":"marche","district_region":null,"departement_commune":null,"verifie":true,"name":"MARCHE DE BAKANOU B","source":"Géoportail ANSTAT"}},{"type":"Feature","geometry":{"type":"Point","coordinates":[-4.635437999999965,5.593605000000025]},"properties":{"id":72650,"nom":"MARCHE DE BAKANOU A","type":"marche","district_region":null,"departement_commune":null,"verifie":true,"name":"MARCHE DE BAKANOU A","source":"Géoportail ANSTAT"}},{"type":"Feature","geometry":{"type":"Point","coordinates":[-4.571722999999963,5.670077000000049]},"properties":{"id":72651,"nom":"MARCHE DE DIOULABOUGOU SIKENSI","type":"marche","district_region":null,"departement_commune":null,"verifie":true,"name":"MARCHE DE DIOULABOUGOU SIKENSI","source":"Géoportail ANSTAT"}},{"type":"Feature","geometry":{"type":"Point","coordinates":[-4.19243599999993,5.652001000000041]},"properties":{"id":72652,"nom":"MARCHE DE ELEVI","type":"marche","district_region":null,"departement_commune":null,"verifie":true,"name":"MARCHE DE ELEVI","source":"Géoportail ANSTAT"}},{"type":"Feature","geometry":{"type":"Point","coordinates":[-4.248071999999979,5.679517000000033]},"properties":{"id":72653,"nom":"MARCHE DE KASSIGUIE","type":"marche","district_region":null,"departement_commune":null,"verifie":true,"name":"MARCHE DE KASSIGUIE","source":"Géoportail ANSTAT"}},{"type":"Feature","geometry":{"type":"Point","coordinates":[-4.299117999999964,5.701333000000034]},"properties":{"id":72654,"nom":"MARCHE D OTTOPE 1","type":"marche","district_region":null,"departement_commune":null,"verifie":true,"name":"MARCHE D OTTOPE 1","source":"Géoportail ANSTAT"}},{"type":"Feature","geometry":{"type":"Point","coordinates":[-4.289938999999947,5.707414000000028]},"properties":{"id":72655,"nom":"MARCHE DE DINGBE","type":"marche","district_region":null,"departement_commune":null,"verifie":true,"name":"MARCHE DE DINGBE","source":"Géoportail ANSTAT"}},{"type":"Feature","geometry":{"type":"Point","coordinates":[-4.155623999999932,5.826835000000074]},"properties":{"id":72657,"nom":"MARCHE DE GRAND YAPO","type":"marche","district_region":null,"departement_commune":null,"verifie":true,"name":"MARCHE DE GRAND YAPO","source":"Géoportail ANSTAT"}},{"type":"Feature","geometry":{"type":"Point","coordinates":[-4.060724999999934,6.092144000000076]},"properties":{"id":72659,"nom":"MARCHE DE ATTOBROU","type":"marche","district_region":null,"departement_commune":null,"verifie":true,"name":"MARCHE DE ATTOBROU","source":"Géoportail ANSTAT"}},{"type":"Feature","geometry":{"type":"Point","coordinates":[-4.149261999999965,5.625108000000068]},"properties":{"id":72660,"nom":"MARCHE DE AZAGUIE MAKOUDJE","type":"marche","district_region":null,"departement_commune":null,"verifie":true,"name":"MARCHE DE AZAGUIE MAKOUDJE","source":"Géoportail ANSTAT"}},{"type":"Feature","geometry":{"type":"Point","coordinates":[-4.083390999999949,5.633173000000056]},"properties":{"id":72661,"nom":"MARCHE DE AZAGUIE GARE","type":"marche","district_region":null,"departement_commune":null,"verifie":true,"name":"MARCHE DE AZAGUIE GARE","source":"Géoportail ANSTAT"}},{"type":"Feature","geometry":{"type":"Point","coordinates":[-4.231412999999975,5.72647900000004]},"properties":{"id":72662,"nom":"MARCHE DE GUESSISUIE 2","type":"marche","district_region":null,"departement_commune":null,"verifie":true,"name":"MARCHE DE GUESSISUIE 2","source":"Géoportail ANSTAT"}},{"type":"Feature","geometry":{"type":"Point","coordinates":[-7.950715999999943,8.080838000000028]},"properties":{"id":72663,"nom":"MARCHE DE BOUNDA","type":"marche","district_region":null,"departement_commune":null,"verifie":true,"name":"MARCHE DE BOUNDA","source":"Géoportail ANSTAT"}},{"type":"Feature","geometry":{"type":"Point","coordinates":[-7.311241999999936,8.28930500000007]},"properties":{"id":72664,"nom":"MARCHE DE GUINTEGUELA","type":"marche","district_region":null,"departement_commune":null,"verifie":true,"name":"MARCHE DE GUINTEGUELA","source":"Géoportail ANSTAT"}},{"type":"Feature","geometry":{"type":"Point","coordinates":[-5.694667999999979,6.026963000000023]},"properties":{"id":72665,"nom":"MARCHE DE BOGOBOUA","type":"marche","district_region":null,"departement_commune":null,"verifie":true,"name":"MARCHE DE BOGOBOUA","source":"Géoportail ANSTAT"}},{"type":"Feature","geometry":{"type":"Point","coordinates":[-5.542785999999978,6.085169000000064]},"properties":{"id":72667,"nom":"MARCHE DE KADEKO","type":"marche","district_region":null,"departement_commune":null,"verifie":true,"name":"MARCHE DE KADEKO","source":"Géoportail ANSTAT"}},{"type":"Feature","geometry":{"type":"Point","coordinates":[-5.76288999999997,5.858906000000047]},"properties":{"id":72668,"nom":"MARCHE DE KOGBATROKO","type":"marche","district_region":null,"departement_commune":null,"verifie":true,"name":"MARCHE DE KOGBATROKO","source":"Géoportail ANSTAT"}},{"type":"Feature","geometry":{"type":"Point","coordinates":[-5.694213999999931,5.88695400000006]},"properties":{"id":72669,"nom":"MARCHE DE DAHIRI","type":"marche","district_region":null,"departement_commune":null,"verifie":true,"name":"MARCHE DE DAHIRI","source":"Géoportail ANSTAT"}},{"type":"Feature","geometry":{"type":"Point","coordinates":[-5.68282499999998,5.915317000000073]},"properties":{"id":72670,"nom":"MARCHE DE GAZOLILIE","type":"marche","district_region":null,"departement_commune":null,"verifie":true,"name":"MARCHE DE GAZOLILIE","source":"Géoportail ANSTAT"}},{"type":"Feature","geometry":{"type":"Point","coordinates":[-5.682690999999977,5.915351000000044]},"properties":{"id":72671,"nom":"MARCHE DE GAZOLILIE","type":"marche","district_region":null,"departement_commune":null,"verifie":true,"name":"MARCHE DE GAZOLILIE","source":"Géoportail ANSTAT"}},{"type":"Feature","geometry":{"type":"Point","coordinates":[-5.761391999999944,6.018872000000044]},"properties":{"id":72672,"nom":"MARCHE DE GOGNE","type":"marche","district_region":null,"departement_commune":null,"verifie":true,"name":"MARCHE DE GOGNE","source":"Géoportail ANSTAT"}},{"type":"Feature","geometry":{"type":"Point","coordinates":[-5.321377999999925,6.154636000000039]},"properties":{"id":72673,"nom":"MARCHE DE GOGOBRO","type":"marche","district_region":null,"departement_commune":null,"verifie":true,"name":"MARCHE DE GOGOBRO","source":"Géoportail ANSTAT"}},{"type":"Feature","geometry":{"type":"Point","coordinates":[-5.295114999999953,6.189617000000055]},"properties":{"id":72674,"nom":"MARCHE DE HIRE","type":"marche","district_region":null,"departement_commune":null,"verifie":true,"name":"MARCHE DE HIRE","source":"Géoportail ANSTAT"}},{"type":"Feature","geometry":{"type":"Point","coordinates":[-5.238899999999944,5.620126000000027]},"properties":{"id":72675,"nom":"MARCHE DE GBOBIADOUKOU","type":"marche","district_region":null,"departement_commune":null,"verifie":true,"name":"MARCHE DE GBOBIADOUKOU","source":"Géoportail ANSTAT"}},{"type":"Feature","geometry":{"type":"Point","coordinates":[-5.418549999999925,5.839547000000039]},"properties":{"id":72676,"nom":"MARCHE DE DAGROM","type":"marche","district_region":null,"departement_commune":null,"verifie":true,"name":"MARCHE DE DAGROM","source":"Géoportail ANSTAT"}},{"type":"Feature","geometry":{"type":"Point","coordinates":[-5.358923999999945,5.838168000000053]},"properties":{"id":72677,"nom":"MARCHE DE DIVO","type":"marche","district_region":null,"departement_commune":null,"verifie":true,"name":"MARCHE DE DIVO","source":"Géoportail ANSTAT"}},{"type":"Feature","geometry":{"type":"Point","coordinates":[-5.358766999999943,5.83799700000003]},"properties":{"id":72678,"nom":"MARCHE DE DIVO","type":"marche","district_region":null,"departement_commune":null,"verifie":true,"name":"MARCHE DE DIVO","source":"Géoportail ANSTAT"}},{"type":"Feature","geometry":{"type":"Point","coordinates":[-5.358674999999948,5.837244000000055]},"properties":{"id":72679,"nom":"MARCHE DE DIVO","type":"marche","district_region":null,"departement_commune":null,"verifie":true,"name":"MARCHE DE DIVO","source":"Géoportail ANSTAT"}},{"type":"Feature","geometry":{"type":"Point","coordinates":[-5.198820999999953,5.900717000000043]},"properties":{"id":72680,"nom":"MARCHE DE BLE","type":"marche","district_region":null,"departement_commune":null,"verifie":true,"name":"MARCHE DE BLE","source":"Géoportail ANSTAT"}},{"type":"Feature","geometry":{"type":"Point","coordinates":[-5.486433999999974,6.065983000000074]},"properties":{"id":72681,"nom":"MARCHE DE ADJEHILILIE","type":"marche","district_region":null,"departement_commune":null,"verifie":true,"name":"MARCHE DE ADJEHILILIE","source":"Géoportail ANSTAT"}},{"type":"Feature","geometry":{"type":"Point","coordinates":[-5.445075999999972,6.071793000000071]},"properties":{"id":72682,"nom":"MARCHE DE KREZOUKOUE","type":"marche","district_region":null,"departement_commune":null,"verifie":true,"name":"MARCHE DE KREZOUKOUE","source":"Géoportail ANSTAT"}},{"type":"Feature","geometry":{"type":"Point","coordinates":[-5.365797999999927,5.803181000000052]},"properties":{"id":72683,"nom":"MARCHE DE DIALOGUE 2 EXTENSION","type":"marche","district_region":null,"departement_commune":null,"verifie":true,"name":"MARCHE DE DIALOGUE 2 EXTENSION","source":"Géoportail ANSTAT"}},{"type":"Feature","geometry":{"type":"Point","coordinates":[-5.756582999999978,5.753861000000029]},"properties":{"id":72684,"nom":"MARCHE DE GOBOUE","type":"marche","district_region":null,"departement_commune":null,"verifie":true,"name":"MARCHE DE GOBOUE","source":"Géoportail ANSTAT"}},{"type":"Feature","geometry":{"type":"Point","coordinates":[-6.245576999999969,9.908399000000031]},"properties":{"id":72685,"nom":"MARCHE DE BAYA","type":"marche","district_region":null,"departement_commune":null,"verifie":true,"name":"MARCHE DE BAYA","source":"Géoportail ANSTAT"}},{"type":"Feature","geometry":{"type":"Point","coordinates":[-6.489194999999938,9.155343000000071]},"properties":{"id":72686,"nom":"MARCHE DE KATIALI","type":"marche","district_region":null,"departement_commune":null,"verifie":true,"name":"MARCHE DE KATIALI","source":"Géoportail ANSTAT"}},{"type":"Feature","geometry":{"type":"Point","coordinates":[-6.219486999999958,9.824581000000023]},"properties":{"id":72687,"nom":"MARCHE DE KASSERE","type":"marche","district_region":null,"departement_commune":null,"verifie":true,"name":"MARCHE DE KASSERE","source":"Géoportail ANSTAT"}},{"type":"Feature","geometry":{"type":"Point","coordinates":[-6.241742999999929,10.35625100000004]},"properties":{"id":72688,"nom":"MARCHE DE FALIKOGO","type":"marche","district_region":null,"departement_commune":null,"verifie":true,"name":"MARCHE DE FALIKOGO","source":"Géoportail ANSTAT"}},{"type":"Feature","geometry":{"type":"Point","coordinates":[-5.519910999999979,8.124411000000066]},"properties":{"id":72689,"nom":"MARCHE DE BADA","type":"marche","district_region":null,"departement_commune":null,"verifie":true,"name":"MARCHE DE BADA","source":"Géoportail ANSTAT"}},{"type":"Feature","geometry":{"type":"Point","coordinates":[-5.66775199999995,8.216670000000022]},"properties":{"id":72690,"nom":"MARCHE DE BOUANDOUGOU","type":"marche","district_region":null,"departement_commune":null,"verifie":true,"name":"MARCHE DE BOUANDOUGOU","source":"Géoportail ANSTAT"}},{"type":"Feature","geometry":{"type":"Point","coordinates":[-5.726579999999956,8.303062000000068]},"properties":{"id":72691,"nom":"MARCHE DE KAMORO","type":"marche","district_region":null,"departement_commune":null,"verifie":true,"name":"MARCHE DE KAMORO","source":"Géoportail ANSTAT"}},{"type":"Feature","geometry":{"type":"Point","coordinates":[-6.251579999999933,8.94933100000003]},"properties":{"id":72692,"nom":"MARCHE DE DIANRA","type":"marche","district_region":null,"departement_commune":null,"verifie":true,"name":"MARCHE DE DIANRA","source":"Géoportail ANSTAT"}},{"type":"Feature","geometry":{"type":"Point","coordinates":[-5.834806999999955,7.790906000000064]},"properties":{"id":72693,"nom":"MARCHE DE KOUNAHIRI","type":"marche","district_region":null,"departement_commune":null,"verifie":true,"name":"MARCHE DE KOUNAHIRI","source":"Géoportail ANSTAT"}},{"type":"Feature","geometry":{"type":"Point","coordinates":[-7.199616999999932,10.01900700000004]},"properties":{"id":72694,"nom":"MARCHE DE GOULIA","type":"marche","district_region":null,"departement_commune":null,"verifie":true,"name":"MARCHE DE GOULIA","source":"Géoportail ANSTAT"}},{"type":"Feature","geometry":{"type":"Point","coordinates":[-3.714637999999979,6.639970000000062]},"properties":{"id":72695,"nom":"MARCHE DE ANEKOUADIOKRO","type":"marche","district_region":null,"departement_commune":null,"verifie":true,"name":"MARCHE DE ANEKOUADIOKRO","source":"Géoportail ANSTAT"}},{"type":"Feature","geometry":{"type":"Point","coordinates":[-3.234023999999977,6.587102000000073]},"properties":{"id":72696,"nom":"MARCHE DE CAMPE","type":"marche","district_region":null,"departement_commune":null,"verifie":true,"name":"MARCHE DE CAMPE","source":"Géoportail ANSTAT"}},{"type":"Feature","geometry":{"type":"Point","coordinates":[-3.384260999999981,6.644090000000062]},"properties":{"id":72697,"nom":"MARCHE DE AFFALIKRO","type":"marche","district_region":null,"departement_commune":null,"verifie":true,"name":"MARCHE DE AFFALIKRO","source":"Géoportail ANSTAT"}},{"type":"Feature","geometry":{"type":"Point","coordinates":[-3.391650999999968,6.458732000000055]},"properties":{"id":72699,"nom":"MARCHE DE BOKAKOKORE","type":"marche","district_region":null,"departement_commune":null,"verifie":true,"name":"MARCHE DE BOKAKOKORE","source":"Géoportail ANSTAT"}},{"type":"Feature","geometry":{"type":"Point","coordinates":[-3.442876999999953,6.325417000000073]},"properties":{"id":72700,"nom":"MARCHE DE EHUASSO","type":"marche","district_region":null,"departement_commune":null,"verifie":true,"name":"MARCHE DE EHUASSO","source":"Géoportail ANSTAT"}},{"type":"Feature","geometry":{"type":"Point","coordinates":[-3.641561999999965,6.468218000000036]},"properties":{"id":72701,"nom":"MARCHE DE AMIAN KOUASSIKRO","type":"marche","district_region":null,"departement_commune":null,"verifie":true,"name":"MARCHE DE AMIAN KOUASSIKRO","source":"Géoportail ANSTAT"}},{"type":"Feature","geometry":{"type":"Point","coordinates":[-3.232193999999936,6.96248300000002]},"properties":{"id":72702,"nom":"MARCHE DE AKOBOISSUE","type":"marche","district_region":null,"departement_commune":null,"verifie":true,"name":"MARCHE DE AKOBOISSUE","source":"Géoportail ANSTAT"}},{"type":"Feature","geometry":{"type":"Point","coordinates":[-3.320023999999933,6.237191000000053]},"properties":{"id":72703,"nom":"MARCHE DE DIAMARAKRO","type":"marche","district_region":null,"departement_commune":null,"verifie":true,"name":"MARCHE DE DIAMARAKRO","source":"Géoportail ANSTAT"}},{"type":"Feature","geometry":{"type":"Point","coordinates":[-3.229875999999933,6.304557000000045]},"properties":{"id":72705,"nom":"MARCHE DE ADAMAKRO","type":"marche","district_region":null,"departement_commune":null,"verifie":true,"name":"MARCHE DE ADAMAKRO","source":"Géoportail ANSTAT"}},{"type":"Feature","geometry":{"type":"Point","coordinates":[-3.770463999999947,5.658625000000029]},"properties":{"id":72706,"nom":"MARCHE DE DANGUIRA SUD","type":"marche","district_region":null,"departement_commune":null,"verifie":true,"name":"MARCHE DE DANGUIRA SUD","source":"Géoportail ANSTAT"}},{"type":"Feature","geometry":{"type":"Point","coordinates":[-3.61667099999994,5.826833000000022]},"properties":{"id":72707,"nom":"MARCHE DE KOSSANDJI","type":"marche","district_region":null,"departement_commune":null,"verifie":true,"name":"MARCHE DE KOSSANDJI","source":"Géoportail ANSTAT"}},{"type":"Feature","geometry":{"type":"Point","coordinates":[-3.516716999999971,6.27581200000003]},"properties":{"id":72708,"nom":"MARCHE DE ADJAME","type":"marche","district_region":null,"departement_commune":null,"verifie":true,"name":"MARCHE DE ADJAME","source":"Géoportail ANSTAT"}},{"type":"Feature","geometry":{"type":"Point","coordinates":[-3.516452999999956,6.27599900000007]},"properties":{"id":72709,"nom":"MARCHE DE ADJAME","type":"marche","district_region":null,"departement_commune":null,"verifie":true,"name":"MARCHE DE ADJAME","source":"Géoportail ANSTAT"}},{"type":"Feature","geometry":{"type":"Point","coordinates":[-3.633479999999963,6.076212000000055]},"properties":{"id":72710,"nom":"MARCHE DE BIEBY","type":"marche","district_region":null,"departement_commune":null,"verifie":true,"name":"MARCHE DE BIEBY","source":"Géoportail ANSTAT"}},{"type":"Feature","geometry":{"type":"Point","coordinates":[-4.017132999999944,6.208728000000065]},"properties":{"id":72711,"nom":"MARCHE DE DODOKOI","type":"marche","district_region":null,"departement_commune":null,"verifie":true,"name":"MARCHE DE DODOKOI","source":"Géoportail ANSTAT"}},{"type":"Feature","geometry":{"type":"Point","coordinates":[-3.785567999999955,6.110933000000045]},"properties":{"id":72712,"nom":"MARCHE DE BIASSO","type":"marche","district_region":null,"departement_commune":null,"verifie":true,"name":"MARCHE DE BIASSO","source":"Géoportail ANSTAT"}},{"type":"Feature","geometry":{"type":"Point","coordinates":[-3.953776999999945,6.042721000000029]},"properties":{"id":72713,"nom":"MARCHE DE ANDE","type":"marche","district_region":null,"departement_commune":null,"verifie":true,"name":"MARCHE DE ANDE","source":"Géoportail ANSTAT"}},{"type":"Feature","geometry":{"type":"Point","coordinates":[-3.846255999999926,6.48042300000003]},"properties":{"id":72715,"nom":"MARCHE DE BECOUEFIN","type":"marche","district_region":null,"departement_commune":null,"verifie":true,"name":"MARCHE DE BECOUEFIN","source":"Géoportail ANSTAT"}},{"type":"Feature","geometry":{"type":"Point","coordinates":[-3.877032999999926,6.40670700000004]},"properties":{"id":72719,"nom":"MARCHE DE ASSANGBADJI","type":"marche","district_region":null,"departement_commune":null,"verifie":true,"name":"MARCHE DE ASSANGBADJI","source":"Géoportail ANSTAT"}},{"type":"Feature","geometry":{"type":"Point","coordinates":[-3.91034899999994,6.356418000000076]},"properties":{"id":72720,"nom":"MARCHE DE BACON","type":"marche","district_region":null,"departement_commune":null,"verifie":true,"name":"MARCHE DE BACON","source":"Géoportail ANSTAT"}},{"type":"Feature","geometry":{"type":"Point","coordinates":[-3.838026999999954,5.946202000000028]},"properties":{"id":72721,"nom":"MARCHE DE APIADJI","type":"marche","district_region":null,"departement_commune":null,"verifie":true,"name":"MARCHE DE APIADJI","source":"Géoportail ANSTAT"}},{"type":"Feature","geometry":{"type":"Point","coordinates":[-3.80967499999997,5.993161000000043]},"properties":{"id":72722,"nom":"MARCHE DE ASSIKOI","type":"marche","district_region":null,"departement_commune":null,"verifie":true,"name":"MARCHE DE ASSIKOI","source":"Géoportail ANSTAT"}},{"type":"Feature","geometry":{"type":"Point","coordinates":[-3.810111999999947,5.993613000000039]},"properties":{"id":72724,"nom":"MARCHE DE ASSIKOI","type":"marche","district_region":null,"departement_commune":null,"verifie":true,"name":"MARCHE DE ASSIKOI","source":"Géoportail ANSTAT"}},{"type":"Feature","geometry":{"type":"Point","coordinates":[-3.320261999999957,5.181787000000043]},"properties":{"id":72725,"nom":"MARCHE DE ETUESSIKA","type":"marche","district_region":null,"departement_commune":null,"verifie":true,"name":"MARCHE DE ETUESSIKA","source":"Géoportail ANSTAT"}},{"type":"Feature","geometry":{"type":"Point","coordinates":[-3.379630999999961,5.296784000000059]},"properties":{"id":72726,"nom":"MARCHE DE KACOUKRO","type":"marche","district_region":null,"departement_commune":null,"verifie":true,"name":"MARCHE DE KACOUKRO","source":"Géoportail ANSTAT"}},{"type":"Feature","geometry":{"type":"Point","coordinates":[-3.170639999999935,5.289684000000022]},"properties":{"id":72727,"nom":"MARCHE DE ABIATY","type":"marche","district_region":null,"departement_commune":null,"verifie":true,"name":"MARCHE DE ABIATY","source":"Géoportail ANSTAT"}},{"type":"Feature","geometry":{"type":"Point","coordinates":[-3.214561999999944,5.212554000000068]},"properties":{"id":72728,"nom":"MARCHE DE ETUEBOUE","type":"marche","district_region":null,"departement_commune":null,"verifie":true,"name":"MARCHE DE ETUEBOUE","source":"Géoportail ANSTAT"}},{"type":"Feature","geometry":{"type":"Point","coordinates":[-3.120353999999963,5.382777000000033]},"properties":{"id":72729,"nom":"MARCHE DE KASSIKRO","type":"marche","district_region":null,"departement_commune":null,"verifie":true,"name":"MARCHE DE KASSIKRO","source":"Géoportail ANSTAT"}},{"type":"Feature","geometry":{"type":"Point","coordinates":[-3.208525999999949,5.397121000000027]},"properties":{"id":72730,"nom":"MARCHE DE KRINDJABO","type":"marche","district_region":null,"departement_commune":null,"verifie":true,"name":"MARCHE DE KRINDJABO","source":"Géoportail ANSTAT"}},{"type":"Feature","geometry":{"type":"Point","coordinates":[-3.245765999999946,5.506999000000064]},"properties":{"id":72732,"nom":"MARCHE DE BAKRO","type":"marche","district_region":null,"departement_commune":null,"verifie":true,"name":"MARCHE DE BAKRO","source":"Géoportail ANSTAT"}},{"type":"Feature","geometry":{"type":"Point","coordinates":[-3.442249999999945,5.358238000000028]},"properties":{"id":72733,"nom":"MARCHE DE KOUAKOUKRO LIMITE","type":"marche","district_region":null,"departement_commune":null,"verifie":true,"name":"MARCHE DE KOUAKOUKRO LIMITE","source":"Géoportail ANSTAT"}},{"type":"Feature","geometry":{"type":"Point","coordinates":[-3.078060999999934,5.666116000000045]},"properties":{"id":72734,"nom":"MARCHE DE AKRESSI","type":"marche","district_region":null,"departement_commune":null,"verifie":true,"name":"MARCHE DE AKRESSI","source":"Géoportail ANSTAT"}},{"type":"Feature","geometry":{"type":"Point","coordinates":[-3.265639999999962,5.803883000000042]},"properties":{"id":72735,"nom":"MARCHE DE AHOULOU CHANTIER","type":"marche","district_region":null,"departement_commune":null,"verifie":true,"name":"MARCHE DE AHOULOU CHANTIER","source":"Géoportail ANSTAT"}},{"type":"Feature","geometry":{"type":"Point","coordinates":[-2.979298999999969,5.587034000000074]},"properties":{"id":72739,"nom":"MARCHE DE KOFFIKRO AFFEMA","type":"marche","district_region":null,"departement_commune":null,"verifie":true,"name":"MARCHE DE KOFFIKRO AFFEMA","source":"Géoportail ANSTAT"}},{"type":"Feature","geometry":{"type":"Point","coordinates":[-2.980549999999937,5.657339000000036]},"properties":{"id":72740,"nom":"MARCHE DE DIBY","type":"marche","district_region":null,"departement_commune":null,"verifie":true,"name":"MARCHE DE DIBY","source":"Géoportail ANSTAT"}},{"type":"Feature","geometry":{"type":"Point","coordinates":[-2.980415999999934,5.657463000000064]},"properties":{"id":72743,"nom":"MARCHE DE DIBY","type":"marche","district_region":null,"departement_commune":null,"verifie":true,"name":"MARCHE DE DIBY","source":"Géoportail ANSTAT"}},{"type":"Feature","geometry":{"type":"Point","coordinates":[-2.990446999999961,5.539522000000034]},"properties":{"id":72744,"nom":"MARCHE DE BAFFIA","type":"marche","district_region":null,"departement_commune":null,"verifie":true,"name":"MARCHE DE BAFFIA","source":"Géoportail ANSTAT"}},{"type":"Feature","geometry":{"type":"Point","coordinates":[-3.056107999999938,5.286943000000065]},"properties":{"id":72745,"nom":"MARCHE DE EHANIA","type":"marche","district_region":null,"departement_commune":null,"verifie":true,"name":"MARCHE DE EHANIA","source":"Géoportail ANSTAT"}},{"type":"Feature","geometry":{"type":"Point","coordinates":[-3.130845999999963,5.341553000000033]},"properties":{"id":72746,"nom":"MARCHE DE EBOUE","type":"marche","district_region":null,"departement_commune":null,"verifie":true,"name":"MARCHE DE EBOUE","source":"Géoportail ANSTAT"}},{"type":"Feature","geometry":{"type":"Point","coordinates":[-3.152498999999978,5.309671000000037]},"properties":{"id":72747,"nom":"MARCHE DE ADJOUAN","type":"marche","district_region":null,"departement_commune":null,"verifie":true,"name":"MARCHE DE ADJOUAN","source":"Géoportail ANSTAT"}},{"type":"Feature","geometry":{"type":"Point","coordinates":[-3.168896999999959,5.304440000000056]},"properties":{"id":72748,"nom":"MARCHE DE ABY","type":"marche","district_region":null,"departement_commune":null,"verifie":true,"name":"MARCHE DE ABY","source":"Géoportail ANSTAT"}},{"type":"Feature","geometry":{"type":"Point","coordinates":[-3.190222999999946,6.013166000000069]},"properties":{"id":72751,"nom":"MARCHE DE BIANOUAN","type":"marche","district_region":null,"departement_commune":null,"verifie":true,"name":"MARCHE DE BIANOUAN","source":"Géoportail ANSTAT"}},{"type":"Feature","geometry":{"type":"Point","coordinates":[-3.15404499999994,5.60680700000006]},"properties":{"id":72753,"nom":"MARCHE DE AYAME","type":"marche","district_region":null,"departement_commune":null,"verifie":true,"name":"MARCHE DE AYAME","source":"Géoportail ANSTAT"}},{"type":"Feature","geometry":{"type":"Point","coordinates":[-5.311986999999931,8.784258000000023]},"properties":{"id":72754,"nom":"MARCHE DE KANAWOLO","type":"marche","district_region":null,"departement_commune":null,"verifie":true,"name":"MARCHE DE KANAWOLO","source":"Géoportail ANSTAT"}},{"type":"Feature","geometry":{"type":"Point","coordinates":[-5.311910999999952,8.784191000000021]},"properties":{"id":72755,"nom":"MARCHE DE KANAWOLO","type":"marche","district_region":null,"departement_commune":null,"verifie":true,"name":"MARCHE DE KANAWOLO","source":"Géoportail ANSTAT"}},{"type":"Feature","geometry":{"type":"Point","coordinates":[-5.071131999999977,7.99191600000006]},"properties":{"id":72756,"nom":"MARCHE DE FORO FORO","type":"marche","district_region":null,"departement_commune":null,"verifie":true,"name":"MARCHE DE FORO FORO","source":"Géoportail ANSTAT"}},{"type":"Feature","geometry":{"type":"Point","coordinates":[-5.227007999999955,9.373151000000064]},"properties":{"id":72757,"nom":"MARCHE DE CHARBON","type":"marche","district_region":null,"departement_commune":null,"verifie":true,"name":"MARCHE DE CHARBON","source":"Géoportail ANSTAT"}},{"type":"Feature","geometry":{"type":"Point","coordinates":[-5.101962999999955,8.138228000000026]},"properties":{"id":72762,"nom":"MARCHE DE KATIOLA","type":"marche","district_region":null,"departement_commune":null,"verifie":true,"name":"MARCHE DE KATIOLA","source":"Géoportail ANSTAT"}},{"type":"Feature","geometry":{"type":"Point","coordinates":[-5.102203999999972,8.138747000000023]},"properties":{"id":72763,"nom":"MARCHE DE KATIOLA","type":"marche","district_region":null,"departement_commune":null,"verifie":true,"name":"MARCHE DE KATIOLA","source":"Géoportail ANSTAT"}},{"type":"Feature","geometry":{"type":"Point","coordinates":[-4.648503999999946,8.641899000000024]},"properties":{"id":72771,"nom":"MARCHE DE FOUMBOLO","type":"marche","district_region":null,"departement_commune":null,"verifie":true,"name":"MARCHE DE FOUMBOLO","source":"Géoportail ANSTAT"}},{"type":"Feature","geometry":{"type":"Point","coordinates":[-4.428868999999963,8.367159000000072]},"properties":{"id":72776,"nom":"MARCHE DE DABAKALA","type":"marche","district_region":null,"departement_commune":null,"verifie":true,"name":"MARCHE DE DABAKALA","source":"Géoportail ANSTAT"}},{"type":"Feature","geometry":{"type":"Point","coordinates":[-7.771953999999937,7.156471000000067]},"properties":{"id":72779,"nom":"MARCHE DE DAINE","type":"marche","district_region":null,"departement_commune":null,"verifie":true,"name":"MARCHE DE DAINE","source":"Géoportail ANSTAT"}},{"type":"Feature","geometry":{"type":"Point","coordinates":[-7.401210999999932,7.447744000000057]},"properties":{"id":72783,"nom":"MARCHE DE FAGNAMPLEU","type":"marche","district_region":null,"departement_commune":null,"verifie":true,"name":"MARCHE DE FAGNAMPLEU","source":"Géoportail ANSTAT"}},{"type":"Feature","geometry":{"type":"Point","coordinates":[-7.594374999999957,7.252337000000068]},"properties":{"id":72784,"nom":"MARCHE DE BOGOUINE","type":"marche","district_region":null,"departement_commune":null,"verifie":true,"name":"MARCHE DE BOGOUINE","source":"Géoportail ANSTAT"}},{"type":"Feature","geometry":{"type":"Point","coordinates":[-8.36417199999994,6.702241000000072]},"properties":{"id":72785,"nom":"MARCHE DE GOULALEU","type":"marche","district_region":null,"departement_commune":null,"verifie":true,"name":"MARCHE DE GOULALEU","source":"Géoportail ANSTAT"}},{"type":"Feature","geometry":{"type":"Point","coordinates":[-8.342304999999953,6.75008500000007]},"properties":{"id":72786,"nom":"MARCHE DE GAN HOUYE","type":"marche","district_region":null,"departement_commune":null,"verifie":true,"name":"MARCHE DE GAN HOUYE","source":"Géoportail ANSTAT"}},{"type":"Feature","geometry":{"type":"Point","coordinates":[-8.124503999999945,6.84378700000002]},"properties":{"id":72787,"nom":"MARCHE DE FLOLEU","type":"marche","district_region":null,"departement_commune":null,"verifie":true,"name":"MARCHE DE FLOLEU","source":"Géoportail ANSTAT"}},{"type":"Feature","geometry":{"type":"Point","coordinates":[-8.151570999999933,6.85361000000006]},"properties":{"id":72788,"nom":"MARCHE DE KROZIALE","type":"marche","district_region":null,"departement_commune":null,"verifie":true,"name":"MARCHE DE KROZIALE","source":"Géoportail ANSTAT"}},{"type":"Feature","geometry":{"type":"Point","coordinates":[-8.25265799999994,7.073671000000047]},"properties":{"id":72791,"nom":"MARCHE DE BANNEU","type":"marche","district_region":null,"departement_commune":null,"verifie":true,"name":"MARCHE DE BANNEU","source":"Géoportail ANSTAT"}},{"type":"Feature","geometry":{"type":"Point","coordinates":[-7.988132999999948,7.096410000000049]},"properties":{"id":72794,"nom":"MARCHE DE GANLEU","type":"marche","district_region":null,"departement_commune":null,"verifie":true,"name":"MARCHE DE GANLEU","source":"Géoportail ANSTAT"}},{"type":"Feature","geometry":{"type":"Point","coordinates":[-8.149868999999967,7.119625000000042]},"properties":{"id":72795,"nom":"MARCHE DE BOUNTA","type":"marche","district_region":null,"departement_commune":null,"verifie":true,"name":"MARCHE DE BOUNTA","source":"Géoportail ANSTAT"}},{"type":"Feature","geometry":{"type":"Point","coordinates":[-8.067176999999958,7.131444000000045]},"properties":{"id":72796,"nom":"MARCHE DE BLONLEU","type":"marche","district_region":null,"departement_commune":null,"verifie":true,"name":"MARCHE DE BLONLEU","source":"Géoportail ANSTAT"}},{"type":"Feature","geometry":{"type":"Point","coordinates":[-8.153715999999974,7.258698000000038]},"properties":{"id":72797,"nom":"MARCHE DE BOIS","type":"marche","district_region":null,"departement_commune":null,"verifie":true,"name":"MARCHE DE BOIS","source":"Géoportail ANSTAT"}},{"type":"Feature","geometry":{"type":"Point","coordinates":[-8.262160999999935,7.392651000000058]},"properties":{"id":72798,"nom":"MARCHE DE KOUAN HOULE","type":"marche","district_region":null,"departement_commune":null,"verifie":true,"name":"MARCHE DE KOUAN HOULE","source":"Géoportail ANSTAT"}},{"type":"Feature","geometry":{"type":"Point","coordinates":[-8.375264999999956,7.420903000000067]},"properties":{"id":72799,"nom":"MARCHE DE GBETA","type":"marche","district_region":null,"departement_commune":null,"verifie":true,"name":"MARCHE DE GBETA","source":"Géoportail ANSTAT"}},{"type":"Feature","geometry":{"type":"Point","coordinates":[-8.105404999999962,7.511889000000053]},"properties":{"id":72800,"nom":"MARCHE DE DALEU","type":"marche","district_region":null,"departement_commune":null,"verifie":true,"name":"MARCHE DE DALEU","source":"Géoportail ANSTAT"}},{"type":"Feature","geometry":{"type":"Point","coordinates":[-8.407971999999972,7.496763000000044]},"properties":{"id":72801,"nom":"MARCHE DE DANIPLEU","type":"marche","district_region":null,"departement_commune":null,"verifie":true,"name":"MARCHE DE DANIPLEU","source":"Géoportail ANSTAT"}},{"type":"Feature","geometry":{"type":"Point","coordinates":[-7.414282999999955,7.53132800000003]},"properties":{"id":72802,"nom":"MARCHE DE GBONNE","type":"marche","district_region":null,"departement_commune":null,"verifie":true,"name":"MARCHE DE GBONNE","source":"Géoportail ANSTAT"}},{"type":"Feature","geometry":{"type":"Point","coordinates":[-7.414103999999952,7.531272000000058]},"properties":{"id":72803,"nom":"MARCHE DE GBONNE","type":"marche","district_region":null,"departement_commune":null,"verifie":true,"name":"MARCHE DE GBONNE","source":"Géoportail ANSTAT"}},{"type":"Feature","geometry":{"type":"Point","coordinates":[-7.47348999999997,7.674608000000035]},"properties":{"id":72804,"nom":"MARCHE DE GBANGBEGOUINE","type":"marche","district_region":null,"departement_commune":null,"verifie":true,"name":"MARCHE DE GBANGBEGOUINE","source":"Géoportail ANSTAT"}},{"type":"Feature","geometry":{"type":"Point","coordinates":[-7.646880999999951,7.589605000000063]},"properties":{"id":72805,"nom":"MARCHE DE GBOMBELO1","type":"marche","district_region":null,"departement_commune":null,"verifie":true,"name":"MARCHE DE GBOMBELO1","source":"Géoportail ANSTAT"}},{"type":"Feature","geometry":{"type":"Point","coordinates":[-7.94595099999998,7.527738000000056]},"properties":{"id":72806,"nom":"MARCHE DE BLITA","type":"marche","district_region":null,"departement_commune":null,"verifie":true,"name":"MARCHE DE BLITA","source":"Géoportail ANSTAT"}},{"type":"Feature","geometry":{"type":"Point","coordinates":[-7.488144999999975,7.66235800000004]},"properties":{"id":72807,"nom":"MARCHE DE GANLE 2","type":"marche","district_region":null,"departement_commune":null,"verifie":true,"name":"MARCHE DE GANLE 2","source":"Géoportail ANSTAT"}},{"type":"Feature","geometry":{"type":"Point","coordinates":[-8.313500999999974,6.782317000000035]},"properties":{"id":72808,"nom":"MARCHE DE BIN HOUYE","type":"marche","district_region":null,"departement_commune":null,"verifie":true,"name":"MARCHE DE BIN HOUYE","source":"Géoportail ANSTAT"}},{"type":"Feature","geometry":{"type":"Point","coordinates":[-7.930716999999959,7.223427000000072]},"properties":{"id":72809,"nom":"MARCHE DE BELLEVILLE","type":"marche","district_region":null,"departement_commune":null,"verifie":true,"name":"MARCHE DE BELLEVILLE","source":"Géoportail ANSTAT"}},{"type":"Feature","geometry":{"type":"Point","coordinates":[-4.021537999999964,7.746848000000057]},"properties":{"id":72810,"nom":"MARCHE DE KONANDIKRO","type":"marche","district_region":null,"departement_commune":null,"verifie":true,"name":"MARCHE DE KONANDIKRO","source":"Géoportail ANSTAT"}},{"type":"Feature","geometry":{"type":"Point","coordinates":[-4.154645999999957,7.290184000000067]},"properties":{"id":72811,"nom":"MARCHE DE KOUAKOUSSEKRO","type":"marche","district_region":null,"departement_commune":null,"verifie":true,"name":"MARCHE DE KOUAKOUSSEKRO","source":"Géoportail ANSTAT"}},{"type":"Feature","geometry":{"type":"Point","coordinates":[-3.957337999999936,7.07450300000005]},"properties":{"id":72812,"nom":"MARCHE DE DENGBE","type":"marche","district_region":null,"departement_commune":null,"verifie":true,"name":"MARCHE DE DENGBE","source":"Géoportail ANSTAT"}},{"type":"Feature","geometry":{"type":"Point","coordinates":[-3.95734699999997,7.074509000000035]},"properties":{"id":72813,"nom":"MARCHE DE DENGBE","type":"marche","district_region":null,"departement_commune":null,"verifie":true,"name":"MARCHE DE DENGBE","source":"Géoportail ANSTAT"}},{"type":"Feature","geometry":{"type":"Point","coordinates":[-4.421271999999931,8.862603000000036]},"properties":{"id":72814,"nom":"MARCHE DE TORO KINKENE","type":"marche","district_region":null,"departement_commune":null,"verifie":true,"name":"MARCHE DE TORO KINKENE","source":"Géoportail ANSTAT"}},{"type":"Feature","geometry":{"type":"Point","coordinates":[-4.785534999999925,9.193137000000036]},"properties":{"id":72815,"nom":"MARCHE DE NAFANA","type":"marche","district_region":null,"departement_commune":null,"verifie":true,"name":"MARCHE DE NAFANA","source":"Géoportail ANSTAT"}},{"type":"Feature","geometry":{"type":"Point","coordinates":[-5.002006999999935,9.675534000000027]},"properties":{"id":72816,"nom":"MARCHE DE SANGOPARIVOGO","type":"marche","district_region":null,"departement_commune":null,"verifie":true,"name":"MARCHE DE SANGOPARIVOGO","source":"Géoportail ANSTAT"}},{"type":"Feature","geometry":{"type":"Point","coordinates":[-5.572874999999954,10.01880100000005]},"properties":{"id":72817,"nom":"MARCHE DU VILLAGE","type":"marche","district_region":null,"departement_commune":null,"verifie":true,"name":"MARCHE DU VILLAGE","source":"Géoportail ANSTAT"}},{"type":"Feature","geometry":{"type":"Point","coordinates":[-5.63093699999996,10.43483000000003]},"properties":{"id":72818,"nom":"MARCHE DE POGO","type":"marche","district_region":null,"departement_commune":null,"verifie":true,"name":"MARCHE DE POGO","source":"Géoportail ANSTAT"}},{"type":"Feature","geometry":{"type":"Point","coordinates":[-6.592801999999949,4.888557000000048]},"properties":{"id":72819,"nom":"MARCHE DE PETIT PEDRO","type":"marche","district_region":null,"departement_commune":null,"verifie":true,"name":"MARCHE DE PETIT PEDRO","source":"Géoportail ANSTAT"}},{"type":"Feature","geometry":{"type":"Point","coordinates":[-6.775656999999967,4.933998000000031]},"properties":{"id":72820,"nom":"MARCHE DE WATTE","type":"marche","district_region":null,"departement_commune":null,"verifie":true,"name":"MARCHE DE WATTE","source":"Géoportail ANSTAT"}},{"type":"Feature","geometry":{"type":"Point","coordinates":[-6.631036999999935,4.746318000000031]},"properties":{"id":72821,"nom":"MARCHE DE LA CITE","type":"marche","district_region":null,"departement_commune":null,"verifie":true,"name":"MARCHE DE LA CITE","source":"Géoportail ANSTAT"}},{"type":"Feature","geometry":{"type":"Point","coordinates":[-6.64059199999997,4.745016000000021]},"properties":{"id":72822,"nom":"MARCHE DU LAC","type":"marche","district_region":null,"departement_commune":null,"verifie":true,"name":"MARCHE DU LAC","source":"Géoportail ANSTAT"}},{"type":"Feature","geometry":{"type":"Point","coordinates":[-7.258238999999946,4.708941000000038]},"properties":{"id":72823,"nom":"MARCHE DU VILLAGE IRATEKE","type":"marche","district_region":null,"departement_commune":null,"verifie":true,"name":"MARCHE DU VILLAGE IRATEKE","source":"Géoportail ANSTAT"}},{"type":"Feature","geometry":{"type":"Point","coordinates":[-6.814272999999957,4.724969000000044]},"properties":{"id":72824,"nom":"MARCHE DE YOHOUSSOU","type":"marche","district_region":null,"departement_commune":null,"verifie":true,"name":"MARCHE DE YOHOUSSOU","source":"Géoportail ANSTAT"}},{"type":"Feature","geometry":{"type":"Point","coordinates":[-6.654840999999976,4.777679000000035]},"properties":{"id":72825,"nom":"MARCHE NABO FELIX","type":"marche","district_region":null,"departement_commune":null,"verifie":true,"name":"MARCHE NABO FELIX","source":"Géoportail ANSTAT"}},{"type":"Feature","geometry":{"type":"Point","coordinates":[-6.654090999999937,4.777863000000025]},"properties":{"id":72826,"nom":"MARCHE NABO FELIX","type":"marche","district_region":null,"departement_commune":null,"verifie":true,"name":"MARCHE NABO FELIX","source":"Géoportail ANSTAT"}},{"type":"Feature","geometry":{"type":"Point","coordinates":[-6.654021999999941,4.777310000000057]},"properties":{"id":72827,"nom":"MARCHE NABO FELIX","type":"marche","district_region":null,"departement_commune":null,"verifie":true,"name":"MARCHE NABO FELIX","source":"Géoportail ANSTAT"}},{"type":"Feature","geometry":{"type":"Point","coordinates":[-6.966461999999979,4.703645000000051]},"properties":{"id":72830,"nom":"MARCHE DE YOUWASSO","type":"marche","district_region":null,"departement_commune":null,"verifie":true,"name":"MARCHE DE YOUWASSO","source":"Géoportail ANSTAT"}},{"type":"Feature","geometry":{"type":"Point","coordinates":[-6.372695999999962,5.022598000000073]},"properties":{"id":72832,"nom":"MARCHE DE NONOUA","type":"marche","district_region":null,"departement_commune":null,"verifie":true,"name":"MARCHE DE NONOUA","source":"Géoportail ANSTAT"}},{"type":"Feature","geometry":{"type":"Point","coordinates":[-6.652736999999945,5.077505000000031]},"properties":{"id":72834,"nom":"MARCHE DE V5","type":"marche","district_region":null,"departement_commune":null,"verifie":true,"name":"MARCHE DE V5","source":"Géoportail ANSTAT"}},{"type":"Feature","geometry":{"type":"Point","coordinates":[-6.956691999999975,5.144858000000056]},"properties":{"id":72836,"nom":"MARCHE DE SAINTE MARIE","type":"marche","district_region":null,"departement_commune":null,"verifie":true,"name":"MARCHE DE SAINTE MARIE","source":"Géoportail ANSTAT"}},{"type":"Feature","geometry":{"type":"Point","coordinates":[-6.934095999999954,4.748299000000031]},"properties":{"id":72837,"nom":"MARCHE DE PONT NERO","type":"marche","district_region":null,"departement_commune":null,"verifie":true,"name":"MARCHE DE PONT NERO","source":"Géoportail ANSTAT"}},{"type":"Feature","geometry":{"type":"Point","coordinates":[-7.231663999999967,5.048989000000063]},"properties":{"id":72838,"nom":"MARCHE KORHOGOBOUGOU","type":"marche","district_region":null,"departement_commune":null,"verifie":true,"name":"MARCHE KORHOGOBOUGOU","source":"Géoportail ANSTAT"}},{"type":"Feature","geometry":{"type":"Point","coordinates":[-7.279520999999932,4.511111000000028]},"properties":{"id":72839,"nom":"MARCHE DE MENEKE","type":"marche","district_region":null,"departement_commune":null,"verifie":true,"name":"MARCHE DE MENEKE","source":"Géoportail ANSTAT"}},{"type":"Feature","geometry":{"type":"Point","coordinates":[-7.539668999999947,4.433492000000058]},"properties":{"id":72841,"nom":"MARCHE DE PROLLO","type":"marche","district_region":null,"departement_commune":null,"verifie":true,"name":"MARCHE DE PROLLO","source":"Géoportail ANSTAT"}},{"type":"Feature","geometry":{"type":"Point","coordinates":[-7.406415999999979,4.682533000000035]},"properties":{"id":72842,"nom":"MARCHE IBOKE V2","type":"marche","district_region":null,"departement_commune":null,"verifie":true,"name":"MARCHE IBOKE V2","source":"Géoportail ANSTAT"}},{"type":"Feature","geometry":{"type":"Point","coordinates":[-7.357146999999941,4.426627000000053]},"properties":{"id":72843,"nom":"MARCHE DE OUTOUKE","type":"marche","district_region":null,"departement_commune":null,"verifie":true,"name":"MARCHE DE OUTOUKE","source":"Géoportail ANSTAT"}},{"type":"Feature","geometry":{"type":"Point","coordinates":[-7.35535699999997,4.414220000000057]},"properties":{"id":72847,"nom":"MARCHE DE TABOU","type":"marche","district_region":null,"departement_commune":null,"verifie":true,"name":"MARCHE DE TABOU","source":"Géoportail ANSTAT"}},{"type":"Feature","geometry":{"type":"Point","coordinates":[-7.355898999999965,4.413691000000028]},"properties":{"id":72849,"nom":"MARCHE DE TABOU","type":"marche","district_region":null,"departement_commune":null,"verifie":true,"name":"MARCHE DE TABOU","source":"Géoportail ANSTAT"}},{"type":"Feature","geometry":{"type":"Point","coordinates":[-7.212909999999965,5.207006000000035]},"properties":{"id":72850,"nom":"MARCHE OUVERT","type":"marche","district_region":null,"departement_commune":null,"verifie":true,"name":"MARCHE OUVERT","source":"Géoportail ANSTAT"}},{"type":"Feature","geometry":{"type":"Point","coordinates":[-6.348017999999968,4.910197000000039]},"properties":{"id":72853,"nom":"MARCHE DE MOUSSADOUGOU","type":"marche","district_region":null,"departement_commune":null,"verifie":true,"name":"MARCHE DE MOUSSADOUGOU","source":"Géoportail ANSTAT"}},{"type":"Feature","geometry":{"type":"Point","coordinates":[-6.59097399999996,5.136578000000043]},"properties":{"id":72855,"nom":"MARCHE DE SCASO","type":"marche","district_region":null,"departement_commune":null,"verifie":true,"name":"MARCHE DE SCASO","source":"Géoportail ANSTAT"}},{"type":"Feature","geometry":{"type":"Point","coordinates":[-6.147295999999926,9.201626000000031]},"properties":{"id":72856,"nom":"MARCHE DE TALLERE","type":"marche","district_region":null,"departement_commune":null,"verifie":true,"name":"MARCHE DE TALLERE","source":"Géoportail ANSTAT"}},{"type":"Feature","geometry":{"type":"Point","coordinates":[-5.614382999999975,9.475314000000026]},"properties":{"id":72857,"nom":"MARCHE DE MOUTON","type":"marche","district_region":null,"departement_commune":null,"verifie":true,"name":"MARCHE DE MOUTON","source":"Géoportail ANSTAT"}},{"type":"Feature","geometry":{"type":"Point","coordinates":[-5.635556999999949,9.469966000000056]},"properties":{"id":72858,"nom":"MARCHE DELAFOSSE","type":"marche","district_region":null,"departement_commune":null,"verifie":true,"name":"MARCHE DELAFOSSE","source":"Géoportail ANSTAT"}},{"type":"Feature","geometry":{"type":"Point","coordinates":[-5.569383999999957,9.484578000000056]},"properties":{"id":72859,"nom":"MARCHE DU VILLAGE","type":"marche","district_region":null,"departement_commune":null,"verifie":true,"name":"MARCHE DU VILLAGE","source":"Géoportail ANSTAT"}},{"type":"Feature","geometry":{"type":"Point","coordinates":[-5.478971999999942,9.51080200000007]},"properties":{"id":72860,"nom":"MARCHE DE SEDIOGO","type":"marche","district_region":null,"departement_commune":null,"verifie":true,"name":"MARCHE DE SEDIOGO","source":"Géoportail ANSTAT"}},{"type":"Feature","geometry":{"type":"Point","coordinates":[-5.423315999999943,9.54280700000004]},"properties":{"id":72861,"nom":"MARCHE DE OUOLO","type":"marche","district_region":null,"departement_commune":null,"verifie":true,"name":"MARCHE DE OUOLO","source":"Géoportail ANSTAT"}},{"type":"Feature","geometry":{"type":"Point","coordinates":[-6.844130999999948,5.778491000000031]},"properties":{"id":72862,"nom":"MARCHE DE LIAGUI","type":"marche","district_region":null,"departement_commune":null,"verifie":true,"name":"MARCHE DE LIAGUI","source":"Géoportail ANSTAT"}},{"type":"Feature","geometry":{"type":"Point","coordinates":[-6.556861999999967,5.406322000000046]},"properties":{"id":72863,"nom":"MARCHE DE MEAGUI","type":"marche","district_region":null,"departement_commune":null,"verifie":true,"name":"MARCHE DE MEAGUI","source":"Géoportail ANSTAT"}},{"type":"Feature","geometry":{"type":"Point","coordinates":[-6.355661999999938,5.995989000000066]},"properties":{"id":72864,"nom":"MARCHE DE LILIYO","type":"marche","district_region":null,"departement_commune":null,"verifie":true,"name":"MARCHE DE LILIYO","source":"Géoportail ANSTAT"}},{"type":"Feature","geometry":{"type":"Point","coordinates":[-6.400436999999954,6.089709000000028]},"properties":{"id":72865,"nom":"MARCHE DE MAYO","type":"marche","district_region":null,"departement_commune":null,"verifie":true,"name":"MARCHE DE MAYO","source":"Géoportail ANSTAT"}},{"type":"Feature","geometry":{"type":"Point","coordinates":[-6.488349999999969,5.910896000000037]},"properties":{"id":72866,"nom":"MARCHE DE LESSIRI","type":"marche","district_region":null,"departement_commune":null,"verifie":true,"name":"MARCHE DE LESSIRI","source":"Géoportail ANSTAT"}},{"type":"Feature","geometry":{"type":"Point","coordinates":[-6.496930999999961,5.967356000000052]},"properties":{"id":72867,"nom":"MARCHE DE YACOLI","type":"marche","district_region":null,"departement_commune":null,"verifie":true,"name":"MARCHE DE YACOLI","source":"Géoportail ANSTAT"}},{"type":"Feature","geometry":{"type":"Point","coordinates":[-6.514141999999936,5.962406000000044]},"properties":{"id":72868,"nom":"MARCHE DE YACOLIDABOUO","type":"marche","district_region":null,"departement_commune":null,"verifie":true,"name":"MARCHE DE YACOLIDABOUO","source":"Géoportail ANSTAT"}},{"type":"Feature","geometry":{"type":"Point","coordinates":[-6.60053199999993,5.945669000000066]},"properties":{"id":72870,"nom":"MARCHE DE YABAYO","type":"marche","district_region":null,"departement_commune":null,"verifie":true,"name":"MARCHE DE YABAYO","source":"Géoportail ANSTAT"}},{"type":"Feature","geometry":{"type":"Point","coordinates":[-6.45280699999995,6.143542000000025]},"properties":{"id":72872,"nom":"MARCHE GBALEVILLE","type":"marche","district_region":null,"departement_commune":null,"verifie":true,"name":"MARCHE GBALEVILLE","source":"Géoportail ANSTAT"}},{"type":"Feature","geometry":{"type":"Point","coordinates":[-6.507171999999969,6.249056000000053]},"properties":{"id":72880,"nom":"MARCHE DE ZAKOEOUA","type":"marche","district_region":null,"departement_commune":null,"verifie":true,"name":"MARCHE DE ZAKOEOUA","source":"Géoportail ANSTAT"}},{"type":"Feature","geometry":{"type":"Point","coordinates":[-6.566718999999978,6.275870000000054]},"properties":{"id":72892,"nom":"MARCHE DE ROA","type":"marche","district_region":null,"departement_commune":null,"verifie":true,"name":"MARCHE DE ROA","source":"Géoportail ANSTAT"}},{"type":"Feature","geometry":{"type":"Point","coordinates":[-6.694997999999941,6.242476000000067]},"properties":{"id":72894,"nom":"MARCHE DE PIERREKRO","type":"marche","district_region":null,"departement_commune":null,"verifie":true,"name":"MARCHE DE PIERREKRO","source":"Géoportail ANSTAT"}},{"type":"Feature","geometry":{"type":"Point","coordinates":[-6.694703999999945,6.242672000000027]},"properties":{"id":72895,"nom":"MARCHE OUVERT","type":"marche","district_region":null,"departement_commune":null,"verifie":true,"name":"MARCHE OUVERT","source":"Géoportail ANSTAT"}},{"type":"Feature","geometry":{"type":"Point","coordinates":[-7.03969799999993,6.172399000000041]},"properties":{"id":72896,"nom":"MARCHE DE WONSEALY","type":"marche","district_region":null,"departement_commune":null,"verifie":true,"name":"MARCHE DE WONSEALY","source":"Géoportail ANSTAT"}},{"type":"Feature","geometry":{"type":"Point","coordinates":[-7.073559999999929,6.181252000000029]},"properties":{"id":72900,"nom":"MARCHE DE TCHETALY","type":"marche","district_region":null,"departement_commune":null,"verifie":true,"name":"MARCHE DE TCHETALY","source":"Géoportail ANSTAT"}},{"type":"Feature","geometry":{"type":"Point","coordinates":[-6.959127999999964,6.312133000000074]},"properties":{"id":72901,"nom":"MARCHE DE MAYAKOFFIKRO","type":"marche","district_region":null,"departement_commune":null,"verifie":true,"name":"MARCHE DE MAYAKOFFIKRO","source":"Géoportail ANSTAT"}},{"type":"Feature","geometry":{"type":"Point","coordinates":[-6.995959999999968,6.273118000000068]},"properties":{"id":72902,"nom":"MARCHE DE PLATEAU","type":"marche","district_region":null,"departement_commune":null,"verifie":true,"name":"MARCHE DE PLATEAU","source":"Géoportail ANSTAT"}},{"type":"Feature","geometry":{"type":"Point","coordinates":[-7.014855999999952,6.256732000000056]},"properties":{"id":72905,"nom":"MARCHE DE POISON SEC","type":"marche","district_region":null,"departement_commune":null,"verifie":true,"name":"MARCHE DE POISON SEC","source":"Géoportail ANSTAT"}},{"type":"Feature","geometry":{"type":"Point","coordinates":[-7.007059999999967,6.250422000000071]},"properties":{"id":72906,"nom":"MARCHE DE POISSON FRAIS CONSEIL MUNICIPAL 2018","type":"marche","district_region":null,"departement_commune":null,"verifie":true,"name":"MARCHE DE POISSON FRAIS CONSEIL MUNICIPAL 2018","source":"Géoportail ANSTAT"}},{"type":"Feature","geometry":{"type":"Point","coordinates":[-6.930160999999941,6.080854000000045]},"properties":{"id":72907,"nom":"MARCHE DE V4","type":"marche","district_region":null,"departement_commune":null,"verifie":true,"name":"MARCHE DE V4","source":"Géoportail ANSTAT"}},{"type":"Feature","geometry":{"type":"Point","coordinates":[-6.930247999999949,6.080971000000034]},"properties":{"id":72908,"nom":"MARCHE DE V4","type":"marche","district_region":null,"departement_commune":null,"verifie":true,"name":"MARCHE DE V4","source":"Géoportail ANSTAT"}},{"type":"Feature","geometry":{"type":"Point","coordinates":[-4.354038999999943,6.497631000000069]},"properties":{"id":72912,"nom":"MARCHE OUVERT","type":"marche","district_region":null,"departement_commune":null,"verifie":true,"name":"MARCHE OUVERT","source":"Géoportail ANSTAT"}},{"type":"Feature","geometry":{"type":"Point","coordinates":[-4.304048999999964,6.634426000000076]},"properties":{"id":72914,"nom":"MARCHE DE N GUESSANKRO","type":"marche","district_region":null,"departement_commune":null,"verifie":true,"name":"MARCHE DE N GUESSANKRO","source":"Géoportail ANSTAT"}},{"type":"Feature","geometry":{"type":"Point","coordinates":[-4.106586999999934,6.705085000000054]},"properties":{"id":72916,"nom":"MARCHE DE NZANFOUENOU","type":"marche","district_region":null,"departement_commune":null,"verifie":true,"name":"MARCHE DE NZANFOUENOU","source":"Géoportail ANSTAT"}},{"type":"Feature","geometry":{"type":"Point","coordinates":[-4.418098999999927,6.532034000000067]},"properties":{"id":72918,"nom":"MARCHE OUVERT","type":"marche","district_region":null,"departement_commune":null,"verifie":true,"name":"MARCHE OUVERT","source":"Géoportail ANSTAT"}},{"type":"Feature","geometry":{"type":"Point","coordinates":[-4.097214999999949,6.807461000000046]},"properties":{"id":72919,"nom":"MARCHE ELLINZUE","type":"marche","district_region":null,"departement_commune":null,"verifie":true,"name":"MARCHE ELLINZUE","source":"Géoportail ANSTAT"}},{"type":"Feature","geometry":{"type":"Point","coordinates":[-7.19553099999996,7.543451000000061]},"properties":{"id":72921,"nom":"MARCHE DU VILLAGE","type":"marche","district_region":null,"departement_commune":null,"verifie":true,"name":"MARCHE DU VILLAGE","source":"Géoportail ANSTAT"}},{"type":"Feature","geometry":{"type":"Point","coordinates":[-7.129431999999952,7.612640000000056]},"properties":{"id":72922,"nom":"MARCHE DU VILLAGE","type":"marche","district_region":null,"departement_commune":null,"verifie":true,"name":"MARCHE DU VILLAGE","source":"Géoportail ANSTAT"}},{"type":"Feature","geometry":{"type":"Point","coordinates":[-7.410819999999944,7.186646000000053]},"properties":{"id":72923,"nom":"MARCHE GUINGLO VILLE","type":"marche","district_region":null,"departement_commune":null,"verifie":true,"name":"MARCHE GUINGLO VILLE","source":"Géoportail ANSTAT"}},{"type":"Feature","geometry":{"type":"Point","coordinates":[-7.454457999999931,7.37642900000003]},"properties":{"id":72930,"nom":"MARCHE DE SEABLY","type":"marche","district_region":null,"departement_commune":null,"verifie":true,"name":"MARCHE DE SEABLY","source":"Géoportail ANSTAT"}},{"type":"Feature","geometry":{"type":"Point","coordinates":[-7.707759999999951,6.860879000000068]},"properties":{"id":72934,"nom":"MARCHE DE LOBIKRO","type":"marche","district_region":null,"departement_commune":null,"verifie":true,"name":"MARCHE DE LOBIKRO","source":"Géoportail ANSTAT"}},{"type":"Feature","geometry":{"type":"Point","coordinates":[-7.759050999999943,6.92196400000006]},"properties":{"id":72938,"nom":"MARCHE DE PINHOU","type":"marche","district_region":null,"departement_commune":null,"verifie":true,"name":"MARCHE DE PINHOU","source":"Géoportail ANSTAT"}},{"type":"Feature","geometry":{"type":"Point","coordinates":[-7.87552299999993,6.851408000000049]},"properties":{"id":72939,"nom":"MARCHE DE TOMIMPLEU","type":"marche","district_region":null,"departement_commune":null,"verifie":true,"name":"MARCHE DE TOMIMPLEU","source":"Géoportail ANSTAT"}},{"type":"Feature","geometry":{"type":"Point","coordinates":[-7.468127999999979,7.120784000000072]},"properties":{"id":72952,"nom":"MARCHE DE ZEO","type":"marche","district_region":null,"departement_commune":null,"verifie":true,"name":"MARCHE DE ZEO","source":"Géoportail ANSTAT"}},{"type":"Feature","geometry":{"type":"Point","coordinates":[-7.188255999999967,6.743178000000057]},"properties":{"id":72953,"nom":"MARCHE DE TOBLY BANGOLO","type":"marche","district_region":null,"departement_commune":null,"verifie":true,"name":"MARCHE DE TOBLY BANGOLO","source":"Géoportail ANSTAT"}},{"type":"Feature","geometry":{"type":"Point","coordinates":[-7.240658999999937,6.742688000000044]},"properties":{"id":72954,"nom":"MARCHE DE TAHABLY GLODE","type":"marche","district_region":null,"departement_commune":null,"verifie":true,"name":"MARCHE DE TAHABLY GLODE","source":"Géoportail ANSTAT"}},{"type":"Feature","geometry":{"type":"Point","coordinates":[-7.431717999999933,6.893291000000033]},"properties":{"id":72955,"nom":"MARCHE GUEHIEBLY","type":"marche","district_region":null,"departement_commune":null,"verifie":true,"name":"MARCHE GUEHIEBLY","source":"Géoportail ANSTAT"}},{"type":"Feature","geometry":{"type":"Point","coordinates":[-7.182849999999974,6.899312000000066]},"properties":{"id":72957,"nom":"MARCHE DE NIDROU","type":"marche","district_region":null,"departement_commune":null,"verifie":true,"name":"MARCHE DE NIDROU","source":"Géoportail ANSTAT"}},{"type":"Feature","geometry":{"type":"Point","coordinates":[-4.590715999999929,5.266877000000022]},"properties":{"id":72959,"nom":"MARCHE NIGUI ASSOKO","type":"marche","district_region":null,"departement_commune":null,"verifie":true,"name":"MARCHE NIGUI ASSOKO","source":"Géoportail ANSTAT"}},{"type":"Feature","geometry":{"type":"Point","coordinates":[-4.23930299999995,5.27145500000006]},"properties":{"id":72962,"nom":"MARCHE NDJEM","type":"marche","district_region":null,"departement_commune":null,"verifie":true,"name":"MARCHE NDJEM","source":"Géoportail ANSTAT"}},{"type":"Feature","geometry":{"type":"Point","coordinates":[-5.186842999999953,5.218891000000042]},"properties":{"id":72963,"nom":"MARCHE DE LIBOLI","type":"marche","district_region":null,"departement_commune":null,"verifie":true,"name":"MARCHE DE LIBOLI","source":"Géoportail ANSTAT"}},{"type":"Feature","geometry":{"type":"Point","coordinates":[-4.828158999999971,5.314552000000049]},"properties":{"id":72966,"nom":"MARCHE DU BILLAGE PHCI","type":"marche","district_region":null,"departement_commune":null,"verifie":true,"name":"MARCHE DU BILLAGE PHCI","source":"Géoportail ANSTAT"}},{"type":"Feature","geometry":{"type":"Point","coordinates":[-4.541095999999925,5.396668000000034]},"properties":{"id":72967,"nom":"MARCHE DE OKPOYOU","type":"marche","district_region":null,"departement_commune":null,"verifie":true,"name":"MARCHE DE OKPOYOU","source":"Géoportail ANSTAT"}},{"type":"Feature","geometry":{"type":"Point","coordinates":[-4.487323999999944,5.424054000000069]},"properties":{"id":72981,"nom":"MARCHE DE YOUHOULIL","type":"marche","district_region":null,"departement_commune":null,"verifie":true,"name":"MARCHE DE YOUHOULIL","source":"Géoportail ANSTAT"}},{"type":"Feature","geometry":{"type":"Point","coordinates":[-4.472988999999927,5.419087000000047]},"properties":{"id":72982,"nom":"MARCHE LOPOU","type":"marche","district_region":null,"departement_commune":null,"verifie":true,"name":"MARCHE LOPOU","source":"Géoportail ANSTAT"}},{"type":"Feature","geometry":{"type":"Point","coordinates":[-4.654422999999952,5.31452100000007]},"properties":{"id":72984,"nom":"MARCHE DE PHCI","type":"marche","district_region":null,"departement_commune":null,"verifie":true,"name":"MARCHE DE PHCI","source":"Géoportail ANSTAT"}},{"type":"Feature","geometry":{"type":"Point","coordinates":[-4.595481999999947,5.368776000000025]},"properties":{"id":72985,"nom":"MARCHE DE V2","type":"marche","district_region":null,"departement_commune":null,"verifie":true,"name":"MARCHE DE V2","source":"Géoportail ANSTAT"}},{"type":"Feature","geometry":{"type":"Point","coordinates":[-4.619993999999963,5.366393000000073]},"properties":{"id":72986,"nom":"MARCHE DE VIEUX BADIEN","type":"marche","district_region":null,"departement_commune":null,"verifie":true,"name":"MARCHE DE VIEUX BADIEN","source":"Géoportail ANSTAT"}},{"type":"Feature","geometry":{"type":"Point","coordinates":[-4.984312999999929,5.438807000000054]},"properties":{"id":72987,"nom":"MARCHE DE N GUESSANKRO","type":"marche","district_region":null,"departement_commune":null,"verifie":true,"name":"MARCHE DE N GUESSANKRO","source":"Géoportail ANSTAT"}},{"type":"Feature","geometry":{"type":"Point","coordinates":[-5.92133599999994,6.049899000000039]},"properties":{"id":72988,"nom":"MARCHE DE MAHIBOUO","type":"marche","district_region":null,"departement_commune":null,"verifie":true,"name":"MARCHE DE MAHIBOUO","source":"Géoportail ANSTAT"}},{"type":"Feature","geometry":{"type":"Point","coordinates":[-6.04401699999994,6.131621000000052]},"properties":{"id":72989,"nom":"MARCHE DE TCHEDJELET","type":"marche","district_region":null,"departement_commune":null,"verifie":true,"name":"MARCHE DE TCHEDJELET","source":"Géoportail ANSTAT"}},{"type":"Feature","geometry":{"type":"Point","coordinates":[-6.021924999999953,6.213212000000055]},"properties":{"id":72990,"nom":"MARCHE GUEMEREDOU","type":"marche","district_region":null,"departement_commune":null,"verifie":true,"name":"MARCHE GUEMEREDOU","source":"Géoportail ANSTAT"}},{"type":"Feature","geometry":{"type":"Point","coordinates":[-6.043558999999959,6.007363000000055]},"properties":{"id":72991,"nom":"MARCHE DE ZOKROBOUO","type":"marche","district_region":null,"departement_commune":null,"verifie":true,"name":"MARCHE DE ZOKROBOUO","source":"Géoportail ANSTAT"}},{"type":"Feature","geometry":{"type":"Point","coordinates":[-6.110322999999937,5.82699800000006]},"properties":{"id":72994,"nom":"MARCHE DE WANEWA","type":"marche","district_region":null,"departement_commune":null,"verifie":true,"name":"MARCHE DE WANEWA","source":"Géoportail ANSTAT"}},{"type":"Feature","geometry":{"type":"Point","coordinates":[-5.946577999999931,6.128912000000071]},"properties":{"id":72995,"nom":"MARCHE MANIOC","type":"marche","district_region":null,"departement_commune":null,"verifie":true,"name":"MARCHE MANIOC","source":"Géoportail ANSTAT"}},{"type":"Feature","geometry":{"type":"Point","coordinates":[-5.959033999999974,6.138918000000047]},"properties":{"id":72997,"nom":"MARCHE ODINNEKOURANI","type":"marche","district_region":null,"departement_commune":null,"verifie":true,"name":"MARCHE ODINNEKOURANI","source":"Géoportail ANSTAT"}},{"type":"Feature","geometry":{"type":"Point","coordinates":[-5.968017999999972,6.471166000000039]},"properties":{"id":72998,"nom":"MARCHE DE LOGOUATA2","type":"marche","district_region":null,"departement_commune":null,"verifie":true,"name":"MARCHE DE LOGOUATA2","source":"Géoportail ANSTAT"}},{"type":"Feature","geometry":{"type":"Point","coordinates":[-5.986752999999965,6.398244000000034]},"properties":{"id":72999,"nom":"MARCHE DE TEHIRI","type":"marche","district_region":null,"departement_commune":null,"verifie":true,"name":"MARCHE DE TEHIRI","source":"Géoportail ANSTAT"}},{"type":"Feature","geometry":{"type":"Point","coordinates":[-5.821171999999933,6.286809000000062]},"properties":{"id":73001,"nom":"MARCHE DE PISSEKOU","type":"marche","district_region":null,"departement_commune":null,"verifie":true,"name":"MARCHE DE PISSEKOU","source":"Géoportail ANSTAT"}},{"type":"Feature","geometry":{"type":"Point","coordinates":[-5.941481999999951,6.348722000000066]},"properties":{"id":73002,"nom":"MARCHE DE ZEBIZEKOU","type":"marche","district_region":null,"departement_commune":null,"verifie":true,"name":"MARCHE DE ZEBIZEKOU","source":"Géoportail ANSTAT"}},{"type":"Feature","geometry":{"type":"Point","coordinates":[-5.930373999999972,6.307777000000044]},"properties":{"id":73003,"nom":"MARCHE DE OURAGAHIO","type":"marche","district_region":null,"departement_commune":null,"verifie":true,"name":"MARCHE DE OURAGAHIO","source":"Géoportail ANSTAT"}},{"type":"Feature","geometry":{"type":"Point","coordinates":[-5.606270999999936,6.438757000000066]},"properties":{"id":73004,"nom":"MARCHE DE LOUHA","type":"marche","district_region":null,"departement_commune":null,"verifie":true,"name":"MARCHE DE LOUHA","source":"Géoportail ANSTAT"}},{"type":"Feature","geometry":{"type":"Point","coordinates":[-5.421392999999966,6.380078000000026]},"properties":{"id":73006,"nom":"MARCHE DE OUME","type":"marche","district_region":null,"departement_commune":null,"verifie":true,"name":"MARCHE DE OUME","source":"Géoportail ANSTAT"}},{"type":"Feature","geometry":{"type":"Point","coordinates":[-5.644600999999966,6.355213000000049]},"properties":{"id":73008,"nom":"MARCHE DE TONLA","type":"marche","district_region":null,"departement_commune":null,"verifie":true,"name":"MARCHE DE TONLA","source":"Géoportail ANSTAT"}},{"type":"Feature","geometry":{"type":"Point","coordinates":[-6.193665999999951,4.964840000000038]},"properties":{"id":73009,"nom":"MARCHE DE PAULY","type":"marche","district_region":null,"departement_commune":null,"verifie":true,"name":"MARCHE DE PAULY","source":"Géoportail ANSTAT"}},{"type":"Feature","geometry":{"type":"Point","coordinates":[-6.346021999999948,5.086374000000035]},"properties":{"id":73010,"nom":"MARCHE DE LOBAKUYA","type":"marche","district_region":null,"departement_commune":null,"verifie":true,"name":"MARCHE DE LOBAKUYA","source":"Géoportail ANSTAT"}},{"type":"Feature","geometry":{"type":"Point","coordinates":[-6.216519999999946,5.207115000000044]},"properties":{"id":73011,"nom":"MARCHE DE MEDON","type":"marche","district_region":null,"departement_commune":null,"verifie":true,"name":"MARCHE DE MEDON","source":"Géoportail ANSTAT"}},{"type":"Feature","geometry":{"type":"Point","coordinates":[-5.916714999999954,5.26849100000004]},"properties":{"id":73012,"nom":"MARCHE DE SAGO","type":"marche","district_region":null,"departement_commune":null,"verifie":true,"name":"MARCHE DE SAGO","source":"Géoportail ANSTAT"}},{"type":"Feature","geometry":{"type":"Point","coordinates":[-5.915886999999941,5.371425000000045]},"properties":{"id":73014,"nom":"MARCHE DE ZEGREBOUE","type":"marche","district_region":null,"departement_commune":null,"verifie":true,"name":"MARCHE DE ZEGREBOUE","source":"Géoportail ANSTAT"}},{"type":"Feature","geometry":{"type":"Point","coordinates":[-5.586182999999949,5.157649000000049]},"properties":{"id":73017,"nom":"MARCHE DE ZEGBAN 1","type":"marche","district_region":null,"departement_commune":null,"verifie":true,"name":"MARCHE DE ZEGBAN 1","source":"Géoportail ANSTAT"}},{"type":"Feature","geometry":{"type":"Point","coordinates":[-5.467340999999976,5.414748000000031]},"properties":{"id":73018,"nom":"MARCHE DIOMANDE CARREFOUR","type":"marche","district_region":null,"departement_commune":null,"verifie":true,"name":"MARCHE DIOMANDE CARREFOUR","source":"Géoportail ANSTAT"}},{"type":"Feature","geometry":{"type":"Point","coordinates":[-4.889925999999946,7.400102000000061]},"properties":{"id":73020,"nom":"MARCHE DE RAVIART","type":"marche","district_region":null,"departement_commune":null,"verifie":true,"name":"MARCHE DE RAVIART","source":"Géoportail ANSTAT"}},{"type":"Feature","geometry":{"type":"Point","coordinates":[-4.971425999999951,6.320778000000075]},"properties":{"id":73021,"nom":"MARCHE DE MORONOU","type":"marche","district_region":null,"departement_commune":null,"verifie":true,"name":"MARCHE DE MORONOU","source":"Géoportail ANSTAT"}},{"type":"Feature","geometry":{"type":"Point","coordinates":[-5.01085699999993,6.556430000000034]},"properties":{"id":73026,"nom":"MARCHE DE POTERIE","type":"marche","district_region":null,"departement_commune":null,"verifie":true,"name":"MARCHE DE POTERIE","source":"Géoportail ANSTAT"}},{"type":"Feature","geometry":{"type":"Point","coordinates":[-5.028160999999955,7.086579000000029]},"properties":{"id":73029,"nom":"MARCHE DE LOMOKANKRO","type":"marche","district_region":null,"departement_commune":null,"verifie":true,"name":"MARCHE DE LOMOKANKRO","source":"Géoportail ANSTAT"}},{"type":"Feature","geometry":{"type":"Point","coordinates":[-5.126346999999953,7.11478900000003]},"properties":{"id":73031,"nom":"MARCHE DE MINABO","type":"marche","district_region":null,"departement_commune":null,"verifie":true,"name":"MARCHE DE MINABO","source":"Géoportail ANSTAT"}},{"type":"Feature","geometry":{"type":"Point","coordinates":[-5.224907999999971,7.160428000000024]},"properties":{"id":73032,"nom":"MARCHE DE TIEBISSOU","type":"marche","district_region":null,"departement_commune":null,"verifie":true,"name":"MARCHE DE TIEBISSOU","source":"Géoportail ANSTAT"}},{"type":"Feature","geometry":{"type":"Point","coordinates":[-4.181272999999976,5.336583000000076]},"properties":{"id":73033,"nom":"MARCHE FRUITIER","type":"marche","district_region":null,"departement_commune":null,"verifie":true,"name":"MARCHE FRUITIER","source":"Géoportail ANSTAT"}},{"type":"Feature","geometry":{"type":"Point","coordinates":[-3.799396999999942,5.317798000000039]},"properties":{"id":73037,"nom":"MARCHE DE PALMAFRIQUE","type":"marche","district_region":null,"departement_commune":null,"verifie":true,"name":"MARCHE DE PALMAFRIQUE","source":"Géoportail ANSTAT"}},{"type":"Feature","geometry":{"type":"Point","coordinates":[-4.22744199999994,5.577470000000062]},"properties":{"id":73040,"nom":"MARCHE DE M PODY","type":"marche","district_region":null,"departement_commune":null,"verifie":true,"name":"MARCHE DE M PODY","source":"Géoportail ANSTAT"}},{"type":"Feature","geometry":{"type":"Point","coordinates":[-2.744358999999974,7.990835000000061]},"properties":{"id":73041,"nom":"MARCHE DE SOKO","type":"marche","district_region":null,"departement_commune":null,"verifie":true,"name":"MARCHE DE SOKO","source":"Géoportail ANSTAT"}},{"type":"Feature","geometry":{"type":"Point","coordinates":[-2.976083999999958,8.029743000000053]},"properties":{"id":73042,"nom":"MARCHE DE SAPIA","type":"marche","district_region":null,"departement_commune":null,"verifie":true,"name":"MARCHE DE SAPIA","source":"Géoportail ANSTAT"}},{"type":"Feature","geometry":{"type":"Point","coordinates":[-3.836267999999961,8.163073000000054]},"properties":{"id":73046,"nom":"MARCHE DE WALEDARE","type":"marche","district_region":null,"departement_commune":null,"verifie":true,"name":"MARCHE DE WALEDARE","source":"Géoportail ANSTAT"}},{"type":"Feature","geometry":{"type":"Point","coordinates":[-2.949064999999962,8.206337000000076]},"properties":{"id":73047,"nom":"MARCHE DE YEZIMALA","type":"marche","district_region":null,"departement_commune":null,"verifie":true,"name":"MARCHE DE YEZIMALA","source":"Géoportail ANSTAT"}},{"type":"Feature","geometry":{"type":"Point","coordinates":[-2.963252999999952,8.291406000000052]},"properties":{"id":73048,"nom":"MARCHE LAOUDIBA","type":"marche","district_region":null,"departement_commune":null,"verifie":true,"name":"MARCHE LAOUDIBA","source":"Géoportail ANSTAT"}},{"type":"Feature","geometry":{"type":"Point","coordinates":[-2.724944999999934,8.303426000000059]},"properties":{"id":73049,"nom":"MARCHE DE PELEGODI","type":"marche","district_region":null,"departement_commune":null,"verifie":true,"name":"MARCHE DE PELEGODI","source":"Géoportail ANSTAT"}},{"type":"Feature","geometry":{"type":"Point","coordinates":[-3.120421999999962,8.553214000000025]},"properties":{"id":73050,"nom":"MARCHE DE TCHEFRODOUO","type":"marche","district_region":null,"departement_commune":null,"verifie":true,"name":"MARCHE DE TCHEFRODOUO","source":"Géoportail ANSTAT"}},{"type":"Feature","geometry":{"type":"Point","coordinates":[-3.582734999999957,7.955047000000036]},"properties":{"id":73051,"nom":"MARCHE DE SANDEGUE","type":"marche","district_region":null,"departement_commune":null,"verifie":true,"name":"MARCHE DE SANDEGUE","source":"Géoportail ANSTAT"}},{"type":"Feature","geometry":{"type":"Point","coordinates":[-3.070698999999934,7.989721000000031]},"properties":{"id":73052,"nom":"MARCHE DE TABAGNE","type":"marche","district_region":null,"departement_commune":null,"verifie":true,"name":"MARCHE DE TABAGNE","source":"Géoportail ANSTAT"}},{"type":"Feature","geometry":{"type":"Point","coordinates":[-3.372071999999946,7.63272100000006]},"properties":{"id":73053,"nom":"MARCHE DE OUATTE","type":"marche","district_region":null,"departement_commune":null,"verifie":true,"name":"MARCHE DE OUATTE","source":"Géoportail ANSTAT"}},{"type":"Feature","geometry":{"type":"Point","coordinates":[-3.245680999999934,7.95858000000004]},"properties":{"id":73054,"nom":"MARCHE DE LAMOLI","type":"marche","district_region":null,"departement_commune":null,"verifie":true,"name":"MARCHE DE LAMOLI","source":"Géoportail ANSTAT"}},{"type":"Feature","geometry":{"type":"Point","coordinates":[-6.840944999999977,8.135780000000068]},"properties":{"id":73055,"nom":"MARCHE DE TIEMA","type":"marche","district_region":null,"departement_commune":null,"verifie":true,"name":"MARCHE DE TIEMA","source":"Géoportail ANSTAT"}},{"type":"Feature","geometry":{"type":"Point","coordinates":[-6.934176999999977,8.321624000000043]},"properties":{"id":73056,"nom":"MARCHE DE MASSALA","type":"marche","district_region":null,"departement_commune":null,"verifie":true,"name":"MARCHE DE MASSALA","source":"Géoportail ANSTAT"}},{"type":"Feature","geometry":{"type":"Point","coordinates":[-6.633099999999956,8.087820000000022]},"properties":{"id":73058,"nom":"MARCHE DE OUSSOUGOULA","type":"marche","district_region":null,"departement_commune":null,"verifie":true,"name":"MARCHE DE OUSSOUGOULA","source":"Géoportail ANSTAT"}},{"type":"Feature","geometry":{"type":"Point","coordinates":[-6.649004999999931,7.824258000000043]},"properties":{"id":73059,"nom":"MARCHE DE OUAHI","type":"marche","district_region":null,"departement_commune":null,"verifie":true,"name":"MARCHE DE OUAHI","source":"Géoportail ANSTAT"}},{"type":"Feature","geometry":{"type":"Point","coordinates":[-6.784717999999941,8.951351000000045]},"properties":{"id":73060,"nom":"MARCHE DE MORONDO","type":"marche","district_region":null,"departement_commune":null,"verifie":true,"name":"MARCHE DE MORONDO","source":"Géoportail ANSTAT"}},{"type":"Feature","geometry":{"type":"Point","coordinates":[-6.436810999999977,7.89956600000005]},"properties":{"id":73063,"nom":"MARCHE DE MASSALA","type":"marche","district_region":null,"departement_commune":null,"verifie":true,"name":"MARCHE DE MASSALA","source":"Géoportail ANSTAT"}},{"type":"Feature","geometry":{"type":"Point","coordinates":[-6.693881999999974,8.541284000000076]},"properties":{"id":73064,"nom":"MARCHE DU VILLAGE","type":"marche","district_region":null,"departement_commune":null,"verifie":true,"name":"MARCHE DU VILLAGE","source":"Géoportail ANSTAT"}},{"type":"Feature","geometry":{"type":"Point","coordinates":[-7.822463999999968,7.720483000000058]},"properties":{"id":73065,"nom":"MARCHE DE YEPLEU","type":"marche","district_region":null,"departement_commune":null,"verifie":true,"name":"MARCHE DE YEPLEU","source":"Géoportail ANSTAT"}},{"type":"Feature","geometry":{"type":"Point","coordinates":[-5.734870999999941,7.000492000000065]},"properties":{"id":73066,"nom":"MARCHE HERMAKONO","type":"marche","district_region":null,"departement_commune":null,"verifie":true,"name":"MARCHE HERMAKONO","source":"Géoportail ANSTAT"}},{"type":"Feature","geometry":{"type":"Point","coordinates":[-5.840426999999977,7.400678000000028]},"properties":{"id":73067,"nom":"MARCHE DE MAMINIGUI","type":"marche","district_region":null,"departement_commune":null,"verifie":true,"name":"MARCHE DE MAMINIGUI","source":"Géoportail ANSTAT"}},{"type":"Feature","geometry":{"type":"Point","coordinates":[-5.887352999999962,7.572690000000023]},"properties":{"id":73069,"nom":"MARCHE DE ZRALUO","type":"marche","district_region":null,"departement_commune":null,"verifie":true,"name":"MARCHE DE ZRALUO","source":"Géoportail ANSTAT"}},{"type":"Feature","geometry":{"type":"Point","coordinates":[-5.793026999999938,7.156849000000022]},"properties":{"id":73070,"nom":"MARCHE DE PAKOUABO","type":"marche","district_region":null,"departement_commune":null,"verifie":true,"name":"MARCHE DE PAKOUABO","source":"Géoportail ANSTAT"}},{"type":"Feature","geometry":{"type":"Point","coordinates":[-5.799549999999954,6.65495100000004]},"properties":{"id":73071,"nom":"MARCHE DE SANEGOURIFLA","type":"marche","district_region":null,"departement_commune":null,"verifie":true,"name":"MARCHE DE SANEGOURIFLA","source":"Géoportail ANSTAT"}},{"type":"Feature","geometry":{"type":"Point","coordinates":[-5.09259899999995,7.401002000000062]},"properties":{"id":73072,"nom":"MARCHE NIANGBAN","type":"marche","district_region":null,"departement_commune":null,"verifie":true,"name":"MARCHE NIANGBAN","source":"Géoportail ANSTAT"}},{"type":"Feature","geometry":{"type":"Point","coordinates":[-5.002758999999969,7.732625000000041]},"properties":{"id":73073,"nom":"MARCHE DOUBAIL","type":"marche","district_region":null,"departement_commune":null,"verifie":true,"name":"MARCHE DOUBAIL","source":"Géoportail ANSTAT"}},{"type":"Feature","geometry":{"type":"Point","coordinates":[-5.020067999999981,7.58187300000003]},"properties":{"id":73074,"nom":"MARCHE DE RAFIERKRO","type":"marche","district_region":null,"departement_commune":null,"verifie":true,"name":"MARCHE DE RAFIERKRO","source":"Géoportail ANSTAT"}},{"type":"Feature","geometry":{"type":"Point","coordinates":[-5.025111999999979,7.692029000000048]},"properties":{"id":73075,"nom":"MARCHE DE POISSON DOUGOUBA","type":"marche","district_region":null,"departement_commune":null,"verifie":true,"name":"MARCHE DE POISSON DOUGOUBA","source":"Géoportail ANSTAT"}},{"type":"Feature","geometry":{"type":"Point","coordinates":[-5.044395999999949,7.665628000000027]},"properties":{"id":73076,"nom":"MARCHE DU BANCO","type":"marche","district_region":null,"departement_commune":null,"verifie":true,"name":"MARCHE DU BANCO","source":"Géoportail ANSTAT"}},{"type":"Feature","geometry":{"type":"Point","coordinates":[-5.042765999999972,7.680052000000046]},"properties":{"id":73077,"nom":"MARCHE NGATTAGRO","type":"marche","district_region":null,"departement_commune":null,"verifie":true,"name":"MARCHE NGATTAGRO","source":"Géoportail ANSTAT"}},{"type":"Feature","geometry":{"type":"Point","coordinates":[-5.592808999999932,7.352089000000035]},"properties":{"id":73078,"nom":"MARCHE DE SRAN BELAKRO","type":"marche","district_region":null,"departement_commune":null,"verifie":true,"name":"MARCHE DE SRAN BELAKRO","source":"Géoportail ANSTAT"}},{"type":"Feature","geometry":{"type":"Point","coordinates":[-5.372437999999931,7.587970000000041]},"properties":{"id":73080,"nom":"MARCHE DE SOUAFOUE","type":"marche","district_region":null,"departement_commune":null,"verifie":true,"name":"MARCHE DE SOUAFOUE","source":"Géoportail ANSTAT"}},{"type":"Feature","geometry":{"type":"Point","coordinates":[-5.372361999999953,7.587825000000066]},"properties":{"id":73081,"nom":"MARCHE DE SOUAFOUE","type":"marche","district_region":null,"departement_commune":null,"verifie":true,"name":"MARCHE DE SOUAFOUE","source":"Géoportail ANSTAT"}},{"type":"Feature","geometry":{"type":"Point","coordinates":[-5.373690999999951,7.470317000000023]},"properties":{"id":73082,"nom":"MARCHE DE N GBEDJO","type":"marche","district_region":null,"departement_commune":null,"verifie":true,"name":"MARCHE DE N GBEDJO","source":"Géoportail ANSTAT"}},{"type":"Feature","geometry":{"type":"Point","coordinates":[-5.439936999999929,8.005334000000062]},"properties":{"id":73083,"nom":"MARCHE DE N GUESSANKRO","type":"marche","district_region":null,"departement_commune":null,"verifie":true,"name":"MARCHE DE N GUESSANKRO","source":"Géoportail ANSTAT"}},{"type":"Feature","geometry":{"type":"Point","coordinates":[-5.440652999999941,8.005522000000042]},"properties":{"id":73084,"nom":"MARCHE DE N GUESSANKRO","type":"marche","district_region":null,"departement_commune":null,"verifie":true,"name":"MARCHE DE N GUESSANKRO","source":"Géoportail ANSTAT"}},{"type":"Feature","geometry":{"type":"Point","coordinates":[-5.65868299999994,7.499412000000063]},"properties":{"id":73087,"nom":"MARCHE DE LINGUEBO","type":"marche","district_region":null,"departement_commune":null,"verifie":true,"name":"MARCHE DE LINGUEBO","source":"Géoportail ANSTAT"}},{"type":"Feature","geometry":{"type":"Point","coordinates":[-2.957920999999942,8.823851000000047]},"properties":{"id":73088,"nom":"MARCHE DE YOUNDOUO","type":"marche","district_region":null,"departement_commune":null,"verifie":true,"name":"MARCHE DE YOUNDOUO","source":"Géoportail ANSTAT"}},{"type":"Feature","geometry":{"type":"Point","coordinates":[-3.473578999999972,8.451531000000045]},"properties":{"id":73114,"nom":"MARCHE DU VILLAGE","type":"marche","district_region":null,"departement_commune":null,"verifie":true,"name":"MARCHE DU VILLAGE","source":"Géoportail ANSTAT"}},{"type":"Feature","geometry":{"type":"Point","coordinates":[-4.280827999999929,7.072005000000047]},"properties":{"id":73153,"nom":"MARCHE DE NZECREZESSOU","type":"marche","district_region":null,"departement_commune":null,"verifie":true,"name":"MARCHE DE NZECREZESSOU","source":"Géoportail ANSTAT"}},{"type":"Feature","geometry":{"type":"Point","coordinates":[-4.705387999999971,6.834248000000059]},"properties":{"id":73163,"nom":"MARCHE DE NOFOU","type":"marche","district_region":null,"departement_commune":null,"verifie":true,"name":"MARCHE DE NOFOU","source":"Géoportail ANSTAT"}},{"type":"Feature","geometry":{"type":"Point","coordinates":[-4.701077999999939,6.64023700000007]},"properties":{"id":73173,"nom":"MARCHE DIOULAKRO","type":"marche","district_region":null,"departement_commune":null,"verifie":true,"name":"MARCHE DIOULAKRO","source":"Géoportail ANSTAT"}},{"type":"Feature","geometry":{"type":"Point","coordinates":[-7.485886999999934,6.211804000000029]},"properties":{"id":73174,"nom":"MARCHE DE ZAGNE","type":"marche","district_region":null,"departement_commune":null,"verifie":true,"name":"MARCHE DE ZAGNE","source":"Géoportail ANSTAT"}},{"type":"Feature","geometry":{"type":"Point","coordinates":[-7.449457999999936,6.556762000000049]},"properties":{"id":73177,"nom":"MARCHE DE YAOUDE","type":"marche","district_region":null,"departement_commune":null,"verifie":true,"name":"MARCHE DE YAOUDE","source":"Géoportail ANSTAT"}},{"type":"Feature","geometry":{"type":"Point","coordinates":[-7.42229599999996,6.314840000000061]},"properties":{"id":73178,"nom":"MARCHE DU VILLAGE","type":"marche","district_region":null,"departement_commune":null,"verifie":true,"name":"MARCHE DU VILLAGE","source":"Géoportail ANSTAT"}},{"type":"Feature","geometry":{"type":"Point","coordinates":[-7.556984999999941,6.442229000000054]},"properties":{"id":73180,"nom":"MARCHE DE PETIT GUIGLO","type":"marche","district_region":null,"departement_commune":null,"verifie":true,"name":"MARCHE DE PETIT GUIGLO","source":"Géoportail ANSTAT"}},{"type":"Feature","geometry":{"type":"Point","coordinates":[-7.767846999999961,6.656040000000075]},"properties":{"id":73182,"nom":"MARCHE DE SOKOURA","type":"marche","district_region":null,"departement_commune":null,"verifie":true,"name":"MARCHE DE SOKOURA","source":"Géoportail ANSTAT"}},{"type":"Feature","geometry":{"type":"Point","coordinates":[-7.767766999999935,6.655879000000027]},"properties":{"id":73183,"nom":"MARCHE DE SOKOURA","type":"marche","district_region":null,"departement_commune":null,"verifie":true,"name":"MARCHE DE SOKOURA","source":"Géoportail ANSTAT"}},{"type":"Feature","geometry":{"type":"Point","coordinates":[-7.603989999999953,6.634049000000061]},"properties":{"id":73195,"nom":"MARCHE DE SADA","type":"marche","district_region":null,"departement_commune":null,"verifie":true,"name":"MARCHE DE SADA","source":"Géoportail ANSTAT"}},{"type":"Feature","geometry":{"type":"Point","coordinates":[-7.835305999999946,6.551099000000022]},"properties":{"id":73198,"nom":"MARCHE DE ZEAGLO","type":"marche","district_region":null,"departement_commune":null,"verifie":true,"name":"MARCHE DE ZEAGLO","source":"Géoportail ANSTAT"}},{"type":"Feature","geometry":{"type":"Point","coordinates":[-8.337503999999967,6.577497000000051]},"properties":{"id":73199,"nom":"MARCHE DE SAHIBLI","type":"marche","district_region":null,"departement_commune":null,"verifie":true,"name":"MARCHE DE SAHIBLI","source":"Géoportail ANSTAT"}},{"type":"Feature","geometry":{"type":"Point","coordinates":[-8.499282999999934,6.533615000000054]},"properties":{"id":73200,"nom":"MARCHE DE TIOBLI","type":"marche","district_region":null,"departement_commune":null,"verifie":true,"name":"MARCHE DE TIOBLI","source":"Géoportail ANSTAT"}},{"type":"Feature","geometry":{"type":"Point","coordinates":[-8.295851999999968,6.523693000000037]},"properties":{"id":73202,"nom":"MARCHE DE MEO","type":"marche","district_region":null,"departement_commune":null,"verifie":true,"name":"MARCHE DE MEO","source":"Géoportail ANSTAT"}},{"type":"Feature","geometry":{"type":"Point","coordinates":[-6.482520999999963,7.30989100000005]},"properties":{"id":73203,"nom":"MARCHE DU VILLAGE","type":"marche","district_region":null,"departement_commune":null,"verifie":true,"name":"MARCHE DU VILLAGE","source":"Géoportail ANSTAT"}},{"type":"Feature","geometry":{"type":"Point","coordinates":[-6.711466999999971,7.32100900000006]},"properties":{"id":73206,"nom":"MARCHE DE YOREDOULA","type":"marche","district_region":null,"departement_commune":null,"verifie":true,"name":"MARCHE DE YOREDOULA","source":"Géoportail ANSTAT"}},{"type":"Feature","geometry":{"type":"Point","coordinates":[-6.711490999999967,7.320986000000062]},"properties":{"id":73207,"nom":"MARCHE DE YOREDOULA","type":"marche","district_region":null,"departement_commune":null,"verifie":true,"name":"MARCHE DE YOREDOULA","source":"Géoportail ANSTAT"}},{"type":"Feature","geometry":{"type":"Point","coordinates":[-6.828783999999928,7.376957000000061]},"properties":{"id":73208,"nom":"MARCHE DE YALA","type":"marche","district_region":null,"departement_commune":null,"verifie":true,"name":"MARCHE DE YALA","source":"Géoportail ANSTAT"}},{"type":"Feature","geometry":{"type":"Point","coordinates":[-6.472740999999928,7.393717000000038]},"properties":{"id":73209,"nom":"MARCHE MARIE DIRO","type":"marche","district_region":null,"departement_commune":null,"verifie":true,"name":"MARCHE MARIE DIRO","source":"Géoportail ANSTAT"}},{"type":"Feature","geometry":{"type":"Point","coordinates":[-6.733093999999937,6.801239000000066]},"properties":{"id":73213,"nom":"MARCHE GREGBEU","type":"marche","district_region":null,"departement_commune":null,"verifie":true,"name":"MARCHE GREGBEU","source":"Géoportail ANSTAT"}},{"type":"Feature","geometry":{"type":"Point","coordinates":[-6.391789999999958,6.778252000000066]},"properties":{"id":73214,"nom":"MARCHE DE SERIA","type":"marche","district_region":null,"departement_commune":null,"verifie":true,"name":"MARCHE DE SERIA","source":"Géoportail ANSTAT"}},{"type":"Feature","geometry":{"type":"Point","coordinates":[-6.47075099999995,6.890119000000027]},"properties":{"id":73227,"nom":"MARCHE KENEDY","type":"marche","district_region":null,"departement_commune":null,"verifie":true,"name":"MARCHE KENEDY","source":"Géoportail ANSTAT"}},{"type":"Feature","geometry":{"type":"Point","coordinates":[-6.439513999999974,6.853419000000031]},"properties":{"id":73228,"nom":"MARCHE MANIOC","type":"marche","district_region":null,"departement_commune":null,"verifie":true,"name":"MARCHE MANIOC","source":"Géoportail ANSTAT"}},{"type":"Feature","geometry":{"type":"Point","coordinates":[-6.454399999999964,6.870869000000027]},"properties":{"id":73229,"nom":"MARCHE ORLY","type":"marche","district_region":null,"departement_commune":null,"verifie":true,"name":"MARCHE ORLY","source":"Géoportail ANSTAT"}},{"type":"Feature","geometry":{"type":"Point","coordinates":[-6.22872899999993,6.384971000000064]},"properties":{"id":73231,"nom":"MARCHE DE NAHIO","type":"marche","district_region":null,"departement_commune":null,"verifie":true,"name":"MARCHE DE NAHIO","source":"Géoportail ANSTAT"}},{"type":"Feature","geometry":{"type":"Point","coordinates":[-6.580728999999963,6.496202000000039]},"properties":{"id":73232,"nom":"MARCHE ISSIA4","type":"marche","district_region":null,"departement_commune":null,"verifie":true,"name":"MARCHE ISSIA4","source":"Géoportail ANSTAT"}},{"type":"Feature","geometry":{"type":"Point","coordinates":[-4.702588999999932,6.07746400000002]},"properties":{"id":73234,"nom":"MARCHE DE MOROKRO","type":"marche","district_region":null,"departement_commune":null,"verifie":true,"name":"MARCHE DE MOROKRO","source":"Géoportail ANSTAT"}},{"type":"Feature","geometry":{"type":"Point","coordinates":[-4.70252899999997,6.077579000000071]},"properties":{"id":73236,"nom":"MARCHE DE MOROKRO","type":"marche","district_region":null,"departement_commune":null,"verifie":true,"name":"MARCHE DE MOROKRO","source":"Géoportail ANSTAT"}},{"type":"Feature","geometry":{"type":"Point","coordinates":[-4.892251999999928,6.129413000000056]},"properties":{"id":73237,"nom":"MARCHE DU VILLAGE","type":"marche","district_region":null,"departement_commune":null,"verifie":true,"name":"MARCHE DU VILLAGE","source":"Géoportail ANSTAT"}}],"metadata":{"dataset":"Marche — ANSTAT","source":"Géoportail ANSTAT","theme":"Commerce & Économie","verified":true,"apercu":"limité à 1000 entités"}}