{"type":"FeatureCollection","features":[{"type":"Feature","geometry":{"type":"Point","coordinates":[-5.04980299999994,6.802769000000069]},"properties":{"id":40827,"nom":"BORNE FONTAINE 1","type":"borne fontaine","district_region":null,"departement_commune":null,"verifie":true,"name":"BORNE FONTAINE 1","source":"Géoportail ANSTAT"}},{"type":"Feature","geometry":{"type":"Point","coordinates":[-5.049657999999965,6.803549000000032]},"properties":{"id":40828,"nom":"BORNE FONTAINE 1","type":"borne fontaine","district_region":null,"departement_commune":null,"verifie":true,"name":"BORNE FONTAINE 1","source":"Géoportail ANSTAT"}},{"type":"Feature","geometry":{"type":"Point","coordinates":[-4.627315999999951,9.429998000000069]},"properties":{"id":40831,"nom":"BF","type":"borne fontaine","district_region":null,"departement_commune":null,"verifie":true,"name":"BF","source":"Géoportail ANSTAT"}},{"type":"Feature","geometry":{"type":"Point","coordinates":[-5.797734999999932,10.28626600000007]},"properties":{"id":40834,"nom":"BF3","type":"borne fontaine","district_region":null,"departement_commune":null,"verifie":true,"name":"BF3","source":"Géoportail ANSTAT"}},{"type":"Feature","geometry":{"type":"Point","coordinates":[-6.03496999999993,5.546535000000063]},"properties":{"id":40840,"nom":"BBORNE FONTAINE","type":"borne fontaine","district_region":null,"departement_commune":null,"verifie":true,"name":"BBORNE FONTAINE","source":"Géoportail ANSTAT"}},{"type":"Feature","geometry":{"type":"Point","coordinates":[-7.176928999999973,7.13543500000003]},"properties":{"id":40842,"nom":"BF4","type":"borne fontaine","district_region":null,"departement_commune":null,"verifie":true,"name":"BF4","source":"Géoportail ANSTAT"}},{"type":"Feature","geometry":{"type":"Point","coordinates":[-7.320216999999957,7.155982000000051]},"properties":{"id":40843,"nom":"BF N 3 ONEP","type":"borne fontaine","district_region":null,"departement_commune":null,"verifie":true,"name":"BF N 3 ONEP","source":"Géoportail ANSTAT"}},{"type":"Feature","geometry":{"type":"Point","coordinates":[-6.290114999999957,6.005641000000026]},"properties":{"id":40844,"nom":"BOBORNE","type":"borne fontaine","district_region":null,"departement_commune":null,"verifie":true,"name":"BOBORNE","source":"Géoportail ANSTAT"}},{"type":"Feature","geometry":{"type":"Point","coordinates":[-5.74621099999996,6.620634000000052]},"properties":{"id":40850,"nom":"BF N2","type":"borne fontaine","district_region":null,"departement_commune":null,"verifie":true,"name":"BF N2","source":"Géoportail ANSTAT"}},{"type":"Feature","geometry":{"type":"Point","coordinates":[-5.744784999999979,6.622890000000041]},"properties":{"id":40851,"nom":"BF N4","type":"borne fontaine","district_region":null,"departement_commune":null,"verifie":true,"name":"BF N4","source":"Géoportail ANSTAT"}},{"type":"Feature","geometry":{"type":"Point","coordinates":[-4.514030999999932,6.99283900000006]},"properties":{"id":40852,"nom":"BF 1","type":"borne fontaine","district_region":null,"departement_commune":null,"verifie":true,"name":"BF 1","source":"Géoportail ANSTAT"}},{"type":"Feature","geometry":{"type":"Point","coordinates":[-4.514997999999935,6.991442000000063]},"properties":{"id":40853,"nom":"BF N2","type":"borne fontaine","district_region":null,"departement_commune":null,"verifie":true,"name":"BF N2","source":"Géoportail ANSTAT"}},{"type":"Feature","geometry":{"type":"Point","coordinates":[-4.513193999999942,6.989284000000055]},"properties":{"id":40854,"nom":"BF N3","type":"borne fontaine","district_region":null,"departement_commune":null,"verifie":true,"name":"BF N3","source":"Géoportail ANSTAT"}},{"type":"Feature","geometry":{"type":"Point","coordinates":[-7.779715999999951,6.563078000000075]},"properties":{"id":40855,"nom":"BF N8","type":"borne fontaine","district_region":null,"departement_commune":null,"verifie":true,"name":"BF N8","source":"Géoportail ANSTAT"}},{"type":"Feature","geometry":{"type":"Point","coordinates":[-8.112026999999955,6.595621000000051]},"properties":{"id":40856,"nom":"BF N1","type":"borne fontaine","district_region":null,"departement_commune":null,"verifie":true,"name":"BF N1","source":"Géoportail ANSTAT"}},{"type":"Feature","geometry":{"type":"Point","coordinates":[-8.104976999999963,6.590694000000042]},"properties":{"id":40857,"nom":"BF 03","type":"borne fontaine","district_region":null,"departement_commune":null,"verifie":true,"name":"BF 03","source":"Géoportail ANSTAT"}},{"type":"Feature","geometry":{"type":"Point","coordinates":[-6.18613199999993,7.20131200000003]},"properties":{"id":40858,"nom":"BF NUMERO 5","type":"borne fontaine","district_region":null,"departement_commune":null,"verifie":true,"name":"BF NUMERO 5","source":"Géoportail ANSTAT"}},{"type":"Feature","geometry":{"type":"Point","coordinates":[-6.867559999999969,6.624972000000071]},"properties":{"id":40859,"nom":"BF N2 DON DE LUNION EUROPEENNE","type":"borne fontaine","district_region":null,"departement_commune":null,"verifie":true,"name":"BF N2 DON DE LUNION EUROPEENNE","source":"Géoportail ANSTAT"}},{"type":"Feature","geometry":{"type":"Point","coordinates":[-6.867476999999951,6.623685000000023]},"properties":{"id":40860,"nom":"BF N3 DON DE LUNION EUROPEENNE","type":"borne fontaine","district_region":null,"departement_commune":null,"verifie":true,"name":"BF N3 DON DE LUNION EUROPEENNE","source":"Géoportail ANSTAT"}},{"type":"Feature","geometry":{"type":"Point","coordinates":[-6.868496999999934,6.624675000000025]},"properties":{"id":40861,"nom":"BF UNION EUROPEENNE","type":"borne fontaine","district_region":null,"departement_commune":null,"verifie":true,"name":"BF UNION EUROPEENNE","source":"Géoportail ANSTAT"}},{"type":"Feature","geometry":{"type":"Point","coordinates":[-6.373609999999928,6.316971000000024]},"properties":{"id":40862,"nom":"BF 1","type":"borne fontaine","district_region":null,"departement_commune":null,"verifie":true,"name":"BF 1","source":"Géoportail ANSTAT"}},{"type":"Feature","geometry":{"type":"Point","coordinates":[-6.37704999999994,6.317737000000022]},"properties":{"id":40863,"nom":"BF 2","type":"borne fontaine","district_region":null,"departement_commune":null,"verifie":true,"name":"BF 2","source":"Géoportail ANSTAT"}},{"type":"Feature","geometry":{"type":"Point","coordinates":[-6.373225999999931,6.319907000000057]},"properties":{"id":40864,"nom":"BF 6","type":"borne fontaine","district_region":null,"departement_commune":null,"verifie":true,"name":"BF 6","source":"Géoportail ANSTAT"}},{"type":"Feature","geometry":{"type":"Point","coordinates":[-7.208073999999954,9.814491000000032]},"properties":{"id":40870,"nom":"BF ZEGUETIELA","type":"borne fontaine","district_region":null,"departement_commune":null,"verifie":true,"name":"BF ZEGUETIELA","source":"Géoportail ANSTAT"}},{"type":"Feature","geometry":{"type":"Point","coordinates":[-7.507101999999975,7.50138400000003]},"properties":{"id":40872,"nom":"BF N 4","type":"borne fontaine","district_region":null,"departement_commune":null,"verifie":true,"name":"BF N 4","source":"Géoportail ANSTAT"}},{"type":"Feature","geometry":{"type":"Point","coordinates":[-7.508749999999964,7.50383800000003]},"properties":{"id":40873,"nom":"BF N2","type":"borne fontaine","district_region":null,"departement_commune":null,"verifie":true,"name":"BF N2","source":"Géoportail ANSTAT"}},{"type":"Feature","geometry":{"type":"Point","coordinates":[-7.537670999999932,7.346634000000051]},"properties":{"id":40874,"nom":"BF N 5","type":"borne fontaine","district_region":null,"departement_commune":null,"verifie":true,"name":"BF N 5","source":"Géoportail ANSTAT"}},{"type":"Feature","geometry":{"type":"Point","coordinates":[-7.710079999999948,7.088423000000034]},"properties":{"id":40875,"nom":"BF  6","type":"borne fontaine","district_region":null,"departement_commune":null,"verifie":true,"name":"BF  6","source":"Géoportail ANSTAT"}},{"type":"Feature","geometry":{"type":"Point","coordinates":[-7.710302999999953,7.090133000000037]},"properties":{"id":40876,"nom":"BF 5","type":"borne fontaine","district_region":null,"departement_commune":null,"verifie":true,"name":"BF 5","source":"Géoportail ANSTAT"}},{"type":"Feature","geometry":{"type":"Point","coordinates":[-7.711434999999938,7.091648000000021]},"properties":{"id":40877,"nom":"BF N4","type":"borne fontaine","district_region":null,"departement_commune":null,"verifie":true,"name":"BF N4","source":"Géoportail ANSTAT"}},{"type":"Feature","geometry":{"type":"Point","coordinates":[-8.17307999999997,7.096628000000067]},"properties":{"id":40879,"nom":"BF 7","type":"borne fontaine","district_region":null,"departement_commune":null,"verifie":true,"name":"BF 7","source":"Géoportail ANSTAT"}},{"type":"Feature","geometry":{"type":"Point","coordinates":[-7.689502999999945,7.720856000000026]},"properties":{"id":40880,"nom":"BFN8","type":"borne fontaine","district_region":null,"departement_commune":null,"verifie":true,"name":"BFN8","source":"Géoportail ANSTAT"}},{"type":"Feature","geometry":{"type":"Point","coordinates":[-7.687858999999946,7.71920300000005]},"properties":{"id":40881,"nom":"BFN9","type":"borne fontaine","district_region":null,"departement_commune":null,"verifie":true,"name":"BFN9","source":"Géoportail ANSTAT"}},{"type":"Feature","geometry":{"type":"Point","coordinates":[-5.048354999999958,6.801120000000026]},"properties":{"id":40882,"nom":"BORNE FONTAINE 3","type":"borne fontaine","district_region":null,"departement_commune":null,"verifie":true,"name":"BORNE FONTAINE 3","source":"Géoportail ANSTAT"}},{"type":"Feature","geometry":{"type":"Point","coordinates":[-4.785780999999929,9.194510000000037]},"properties":{"id":40884,"nom":"BORNE FONTAINE","type":"borne fontaine","district_region":null,"departement_commune":null,"verifie":true,"name":"BORNE FONTAINE","source":"Géoportail ANSTAT"}},{"type":"Feature","geometry":{"type":"Point","coordinates":[-4.783740999999964,9.19293300000004]},"properties":{"id":40885,"nom":"BORNE FONTAINE","type":"borne fontaine","district_region":null,"departement_commune":null,"verifie":true,"name":"BORNE FONTAINE","source":"Géoportail ANSTAT"}},{"type":"Feature","geometry":{"type":"Point","coordinates":[-5.62723399999993,9.902821000000074]},"properties":{"id":40886,"nom":"BORNE FONTAINE","type":"borne fontaine","district_region":null,"departement_commune":null,"verifie":true,"name":"BORNE FONTAINE","source":"Géoportail ANSTAT"}},{"type":"Feature","geometry":{"type":"Point","coordinates":[-5.627101999999979,9.900315000000036]},"properties":{"id":40887,"nom":"BORNE FONTAINE","type":"borne fontaine","district_region":null,"departement_commune":null,"verifie":true,"name":"BORNE FONTAINE","source":"Géoportail ANSTAT"}},{"type":"Feature","geometry":{"type":"Point","coordinates":[-5.579768999999942,9.998249000000044]},"properties":{"id":40888,"nom":"BONNE FONTAINE","type":"borne fontaine","district_region":null,"departement_commune":null,"verifie":true,"name":"BONNE FONTAINE","source":"Géoportail ANSTAT"}},{"type":"Feature","geometry":{"type":"Point","coordinates":[-5.578991999999971,10.00116200000002]},"properties":{"id":40889,"nom":"BONNE FONTAINE","type":"borne fontaine","district_region":null,"departement_commune":null,"verifie":true,"name":"BONNE FONTAINE","source":"Géoportail ANSTAT"}},{"type":"Feature","geometry":{"type":"Point","coordinates":[-5.578681999999958,10.00236700000005]},"properties":{"id":40890,"nom":"BONNE FONTAINE","type":"borne fontaine","district_region":null,"departement_commune":null,"verifie":true,"name":"BONNE FONTAINE","source":"Géoportail ANSTAT"}},{"type":"Feature","geometry":{"type":"Point","coordinates":[-5.579290999999955,10.00002200000006]},"properties":{"id":40891,"nom":"BONNE FONTAINE","type":"borne fontaine","district_region":null,"departement_commune":null,"verifie":true,"name":"BONNE FONTAINE","source":"Géoportail ANSTAT"}},{"type":"Feature","geometry":{"type":"Point","coordinates":[-5.580252999999971,9.997044000000074]},"properties":{"id":40892,"nom":"BORNE FONTAINE","type":"borne fontaine","district_region":null,"departement_commune":null,"verifie":true,"name":"BORNE FONTAINE","source":"Géoportail ANSTAT"}},{"type":"Feature","geometry":{"type":"Point","coordinates":[-5.613213999999971,10.03618100000006]},"properties":{"id":40893,"nom":"BONNE FONTAINE","type":"borne fontaine","district_region":null,"departement_commune":null,"verifie":true,"name":"BONNE FONTAINE","source":"Géoportail ANSTAT"}},{"type":"Feature","geometry":{"type":"Point","coordinates":[-5.612660999999946,10.03570100000007]},"properties":{"id":40894,"nom":"BONNE FONTAINE","type":"borne fontaine","district_region":null,"departement_commune":null,"verifie":true,"name":"BONNE FONTAINE","source":"Géoportail ANSTAT"}},{"type":"Feature","geometry":{"type":"Point","coordinates":[-5.614582999999925,10.03457200000003]},"properties":{"id":40895,"nom":"BORNE FONTAINE","type":"borne fontaine","district_region":null,"departement_commune":null,"verifie":true,"name":"BORNE FONTAINE","source":"Géoportail ANSTAT"}},{"type":"Feature","geometry":{"type":"Point","coordinates":[-5.613104999999962,10.03456700000004]},"properties":{"id":40896,"nom":"BORNE FONTAINE","type":"borne fontaine","district_region":null,"departement_commune":null,"verifie":true,"name":"BORNE FONTAINE","source":"Géoportail ANSTAT"}},{"type":"Feature","geometry":{"type":"Point","coordinates":[-5.62477999999993,10.44150500000006]},"properties":{"id":40897,"nom":"BORNE FONTAINE","type":"borne fontaine","district_region":null,"departement_commune":null,"verifie":true,"name":"BORNE FONTAINE","source":"Géoportail ANSTAT"}},{"type":"Feature","geometry":{"type":"Point","coordinates":[-7.165915999999982,4.637689000000023]},"properties":{"id":40898,"nom":"BORNE FONTAINE DE KOTO2","type":"borne fontaine","district_region":null,"departement_commune":null,"verifie":true,"name":"BORNE FONTAINE DE KOTO2","source":"Géoportail ANSTAT"}},{"type":"Feature","geometry":{"type":"Point","coordinates":[-6.702511999999956,4.795374000000038]},"properties":{"id":40899,"nom":"BORNE FONTAINE","type":"borne fontaine","district_region":null,"departement_commune":null,"verifie":true,"name":"BORNE FONTAINE","source":"Géoportail ANSTAT"}},{"type":"Feature","geometry":{"type":"Point","coordinates":[-6.703036999999938,4.79640500000005]},"properties":{"id":40900,"nom":"BORNE FONTAINE","type":"borne fontaine","district_region":null,"departement_commune":null,"verifie":true,"name":"BORNE FONTAINE","source":"Géoportail ANSTAT"}},{"type":"Feature","geometry":{"type":"Point","coordinates":[-6.399356999999952,5.058183000000042]},"properties":{"id":40901,"nom":"BORNE FONTAINE","type":"borne fontaine","district_region":null,"departement_commune":null,"verifie":true,"name":"BORNE FONTAINE","source":"Géoportail ANSTAT"}},{"type":"Feature","geometry":{"type":"Point","coordinates":[-6.601402999999948,5.228374000000031]},"properties":{"id":40902,"nom":"BORNE FONTAINE DE ABOKRO","type":"borne fontaine","district_region":null,"departement_commune":null,"verifie":true,"name":"BORNE FONTAINE DE ABOKRO","source":"Géoportail ANSTAT"}},{"type":"Feature","geometry":{"type":"Point","coordinates":[-6.643384999999967,5.101655000000051]},"properties":{"id":40903,"nom":"BORNE FONTAINE","type":"borne fontaine","district_region":null,"departement_commune":null,"verifie":true,"name":"BORNE FONTAINE","source":"Géoportail ANSTAT"}},{"type":"Feature","geometry":{"type":"Point","coordinates":[-6.642799999999966,5.099182000000042]},"properties":{"id":40904,"nom":"BORNE FONTAINE N1","type":"borne fontaine","district_region":null,"departement_commune":null,"verifie":true,"name":"BORNE FONTAINE N1","source":"Géoportail ANSTAT"}},{"type":"Feature","geometry":{"type":"Point","coordinates":[-7.402788999999927,4.646674000000075]},"properties":{"id":40905,"nom":"BORNE FONTAINE DE HYRRE","type":"borne fontaine","district_region":null,"departement_commune":null,"verifie":true,"name":"BORNE FONTAINE DE HYRRE","source":"Géoportail ANSTAT"}},{"type":"Feature","geometry":{"type":"Point","coordinates":[-7.393953999999951,4.612884000000065]},"properties":{"id":40906,"nom":"BORNE FONTAINE DE PATAKE","type":"borne fontaine","district_region":null,"departement_commune":null,"verifie":true,"name":"BORNE FONTAINE DE PATAKE","source":"Géoportail ANSTAT"}},{"type":"Feature","geometry":{"type":"Point","coordinates":[-5.992119999999943,9.682743000000071]},"properties":{"id":40907,"nom":"BORNE FONTAINE DE NGANON","type":"borne fontaine","district_region":null,"departement_commune":null,"verifie":true,"name":"BORNE FONTAINE DE NGANON","source":"Géoportail ANSTAT"}},{"type":"Feature","geometry":{"type":"Point","coordinates":[-5.885930999999971,9.980403000000024]},"properties":{"id":40908,"nom":"BONNE FONTAINE","type":"borne fontaine","district_region":null,"departement_commune":null,"verifie":true,"name":"BONNE FONTAINE","source":"Géoportail ANSTAT"}},{"type":"Feature","geometry":{"type":"Point","coordinates":[-5.886683999999946,9.981580000000063]},"properties":{"id":40909,"nom":"BONNE FONTAINE","type":"borne fontaine","district_region":null,"departement_commune":null,"verifie":true,"name":"BONNE FONTAINE","source":"Géoportail ANSTAT"}},{"type":"Feature","geometry":{"type":"Point","coordinates":[-5.885995999999977,9.983164000000045]},"properties":{"id":40910,"nom":"BORNE FONTAINE","type":"borne fontaine","district_region":null,"departement_commune":null,"verifie":true,"name":"BORNE FONTAINE","source":"Géoportail ANSTAT"}},{"type":"Feature","geometry":{"type":"Point","coordinates":[-5.885967999999934,9.983163000000047]},"properties":{"id":40911,"nom":"BORNE FONTAINE","type":"borne fontaine","district_region":null,"departement_commune":null,"verifie":true,"name":"BORNE FONTAINE","source":"Géoportail ANSTAT"}},{"type":"Feature","geometry":{"type":"Point","coordinates":[-6.049118999999962,10.00069200000007]},"properties":{"id":40912,"nom":"BONNE FONTAINE","type":"borne fontaine","district_region":null,"departement_commune":null,"verifie":true,"name":"BONNE FONTAINE","source":"Géoportail ANSTAT"}},{"type":"Feature","geometry":{"type":"Point","coordinates":[-6.050119999999936,10.00249900000006]},"properties":{"id":40913,"nom":"BORNE FONTAINE","type":"borne fontaine","district_region":null,"departement_commune":null,"verifie":true,"name":"BORNE FONTAINE","source":"Géoportail ANSTAT"}},{"type":"Feature","geometry":{"type":"Point","coordinates":[-5.822330999999963,10.04948500000006]},"properties":{"id":40914,"nom":"BONNE FONTAINE","type":"borne fontaine","district_region":null,"departement_commune":null,"verifie":true,"name":"BONNE FONTAINE","source":"Géoportail ANSTAT"}},{"type":"Feature","geometry":{"type":"Point","coordinates":[-5.820991999999933,10.04912400000006]},"properties":{"id":40915,"nom":"BONNE FONTAINE","type":"borne fontaine","district_region":null,"departement_commune":null,"verifie":true,"name":"BONNE FONTAINE","source":"Géoportail ANSTAT"}},{"type":"Feature","geometry":{"type":"Point","coordinates":[-5.819035999999926,10.04945900000007]},"properties":{"id":40916,"nom":"BORNE FONTAINE","type":"borne fontaine","district_region":null,"departement_commune":null,"verifie":true,"name":"BORNE FONTAINE","source":"Géoportail ANSTAT"}},{"type":"Feature","geometry":{"type":"Point","coordinates":[-5.818330999999944,10.05151600000005]},"properties":{"id":40917,"nom":"BORNE FONTAINE","type":"borne fontaine","district_region":null,"departement_commune":null,"verifie":true,"name":"BORNE FONTAINE","source":"Géoportail ANSTAT"}},{"type":"Feature","geometry":{"type":"Point","coordinates":[-5.946593999999948,10.23412700000006]},"properties":{"id":40918,"nom":"BORNE FONTAINE","type":"borne fontaine","district_region":null,"departement_commune":null,"verifie":true,"name":"BORNE FONTAINE","source":"Géoportail ANSTAT"}},{"type":"Feature","geometry":{"type":"Point","coordinates":[-5.522313999999938,9.56516700000003]},"properties":{"id":40919,"nom":"BORNE FONTAINE","type":"borne fontaine","district_region":null,"departement_commune":null,"verifie":true,"name":"BORNE FONTAINE","source":"Géoportail ANSTAT"}},{"type":"Feature","geometry":{"type":"Point","coordinates":[-5.527391999999963,9.56848700000006]},"properties":{"id":40920,"nom":"BORNE FONTAINE","type":"borne fontaine","district_region":null,"departement_commune":null,"verifie":true,"name":"BORNE FONTAINE","source":"Géoportail ANSTAT"}},{"type":"Feature","geometry":{"type":"Point","coordinates":[-5.708112999999969,9.237107000000035]},"properties":{"id":40921,"nom":"BONNE FONTAINE","type":"borne fontaine","district_region":null,"departement_commune":null,"verifie":true,"name":"BONNE FONTAINE","source":"Géoportail ANSTAT"}},{"type":"Feature","geometry":{"type":"Point","coordinates":[-5.910005999999953,10.01177800000005]},"properties":{"id":40922,"nom":"BONNE  FONTAINE","type":"borne fontaine","district_region":null,"departement_commune":null,"verifie":true,"name":"BONNE  FONTAINE","source":"Géoportail ANSTAT"}},{"type":"Feature","geometry":{"type":"Point","coordinates":[-5.911919999999952,10.01232400000004]},"properties":{"id":40923,"nom":"BONNE FONTAINE","type":"borne fontaine","district_region":null,"departement_commune":null,"verifie":true,"name":"BONNE FONTAINE","source":"Géoportail ANSTAT"}},{"type":"Feature","geometry":{"type":"Point","coordinates":[-5.911178999999947,10.01551000000006]},"properties":{"id":40924,"nom":"BONNE FONTAINE","type":"borne fontaine","district_region":null,"departement_commune":null,"verifie":true,"name":"BONNE FONTAINE","source":"Géoportail ANSTAT"}},{"type":"Feature","geometry":{"type":"Point","coordinates":[-6.427002999999957,5.423905000000047]},"properties":{"id":40925,"nom":"BORNE FONTAINE YAOBLEKRO","type":"borne fontaine","district_region":null,"departement_commune":null,"verifie":true,"name":"BORNE FONTAINE YAOBLEKRO","source":"Géoportail ANSTAT"}},{"type":"Feature","geometry":{"type":"Point","coordinates":[-6.553236999999967,5.411651000000063]},"properties":{"id":40926,"nom":"BORNE FONTAINE","type":"borne fontaine","district_region":null,"departement_commune":null,"verifie":true,"name":"BORNE FONTAINE","source":"Géoportail ANSTAT"}},{"type":"Feature","geometry":{"type":"Point","coordinates":[-6.35938699999997,5.997057000000041]},"properties":{"id":40927,"nom":"BORNE FONTAINE DE LILIYO","type":"borne fontaine","district_region":null,"departement_commune":null,"verifie":true,"name":"BORNE FONTAINE DE LILIYO","source":"Géoportail ANSTAT"}},{"type":"Feature","geometry":{"type":"Point","coordinates":[-6.665025999999955,6.042201000000034]},"properties":{"id":40928,"nom":"BORNE FONTAINE HVCI PRICI BM SBR 26 01 2016","type":"borne fontaine","district_region":null,"departement_commune":null,"verifie":true,"name":"BORNE FONTAINE HVCI PRICI BM SBR 26 01 2016","source":"Géoportail ANSTAT"}},{"type":"Feature","geometry":{"type":"Point","coordinates":[-6.482595999999944,5.781412000000046]},"properties":{"id":40929,"nom":"BORNE FONTAINE","type":"borne fontaine","district_region":null,"departement_commune":null,"verifie":true,"name":"BORNE FONTAINE","source":"Géoportail ANSTAT"}},{"type":"Feature","geometry":{"type":"Point","coordinates":[-6.037106999999935,5.546040000000062]},"properties":{"id":40930,"nom":"BONNE FONTAINE","type":"borne fontaine","district_region":null,"departement_commune":null,"verifie":true,"name":"BONNE FONTAINE","source":"Géoportail ANSTAT"}},{"type":"Feature","geometry":{"type":"Point","coordinates":[-6.040295999999955,5.548826000000076]},"properties":{"id":40931,"nom":"BONNE FONTAINE","type":"borne fontaine","district_region":null,"departement_commune":null,"verifie":true,"name":"BONNE FONTAINE","source":"Géoportail ANSTAT"}},{"type":"Feature","geometry":{"type":"Point","coordinates":[-6.037241999999935,5.549762000000044]},"properties":{"id":40932,"nom":"BONNE FONTAINE","type":"borne fontaine","district_region":null,"departement_commune":null,"verifie":true,"name":"BONNE FONTAINE","source":"Géoportail ANSTAT"}},{"type":"Feature","geometry":{"type":"Point","coordinates":[-6.037901999999974,5.547754000000054]},"properties":{"id":40933,"nom":"BORNE FONTAINE","type":"borne fontaine","district_region":null,"departement_commune":null,"verifie":true,"name":"BORNE FONTAINE","source":"Géoportail ANSTAT"}},{"type":"Feature","geometry":{"type":"Point","coordinates":[-6.038922999999954,5.553504000000032]},"properties":{"id":40934,"nom":"BONNE FONTAINE","type":"borne fontaine","district_region":null,"departement_commune":null,"verifie":true,"name":"BONNE FONTAINE","source":"Géoportail ANSTAT"}},{"type":"Feature","geometry":{"type":"Point","coordinates":[-6.033345999999938,5.551049000000035]},"properties":{"id":40935,"nom":"BORNE FONTAINE","type":"borne fontaine","district_region":null,"departement_commune":null,"verifie":true,"name":"BORNE FONTAINE","source":"Géoportail ANSTAT"}},{"type":"Feature","geometry":{"type":"Point","coordinates":[-6.220771999999954,5.692759000000024]},"properties":{"id":40936,"nom":"BORNE FONTAINE","type":"borne fontaine","district_region":null,"departement_commune":null,"verifie":true,"name":"BORNE FONTAINE","source":"Géoportail ANSTAT"}},{"type":"Feature","geometry":{"type":"Point","coordinates":[-6.223192999999981,5.695352000000071]},"properties":{"id":40937,"nom":"BORNE FONTAINE","type":"borne fontaine","district_region":null,"departement_commune":null,"verifie":true,"name":"BORNE FONTAINE","source":"Géoportail ANSTAT"}},{"type":"Feature","geometry":{"type":"Point","coordinates":[-4.487255999999945,6.501296000000025]},"properties":{"id":40938,"nom":"BORNE FONTAINE","type":"borne fontaine","district_region":null,"departement_commune":null,"verifie":true,"name":"BORNE FONTAINE","source":"Géoportail ANSTAT"}},{"type":"Feature","geometry":{"type":"Point","coordinates":[-4.056337999999926,6.882987000000071]},"properties":{"id":40939,"nom":"BORNE FONTAINE DE AGOUA","type":"borne fontaine","district_region":null,"departement_commune":null,"verifie":true,"name":"BORNE FONTAINE DE AGOUA","source":"Géoportail ANSTAT"}},{"type":"Feature","geometry":{"type":"Point","coordinates":[-4.080542999999977,6.857741000000033]},"properties":{"id":40940,"nom":"BORNE FONTAINE","type":"borne fontaine","district_region":null,"departement_commune":null,"verifie":true,"name":"BORNE FONTAINE","source":"Géoportail ANSTAT"}},{"type":"Feature","geometry":{"type":"Point","coordinates":[-3.907496999999978,6.964494000000059]},"properties":{"id":40941,"nom":"BORNE FONTAINE SODECI","type":"borne fontaine","district_region":null,"departement_commune":null,"verifie":true,"name":"BORNE FONTAINE SODECI","source":"Géoportail ANSTAT"}},{"type":"Feature","geometry":{"type":"Point","coordinates":[-4.478369999999927,6.495163000000048]},"properties":{"id":40942,"nom":"BORNE DE AGOUA","type":"borne fontaine","district_region":null,"departement_commune":null,"verifie":true,"name":"BORNE DE AGOUA","source":"Géoportail ANSTAT"}},{"type":"Feature","geometry":{"type":"Point","coordinates":[-4.414935999999955,6.531337000000065]},"properties":{"id":40943,"nom":"BORNE FONTAINE SODECI EHUIKRO","type":"borne fontaine","district_region":null,"departement_commune":null,"verifie":true,"name":"BORNE FONTAINE SODECI EHUIKRO","source":"Géoportail ANSTAT"}},{"type":"Feature","geometry":{"type":"Point","coordinates":[-7.470473999999967,7.323974000000021]},"properties":{"id":40944,"nom":"BORNE DE L EST","type":"borne fontaine","district_region":null,"departement_commune":null,"verifie":true,"name":"BORNE DE L EST","source":"Géoportail ANSTAT"}},{"type":"Feature","geometry":{"type":"Point","coordinates":[-7.337243999999941,7.262390000000039]},"properties":{"id":40945,"nom":"BORNE FONTAINE","type":"borne fontaine","district_region":null,"departement_commune":null,"verifie":true,"name":"BORNE FONTAINE","source":"Géoportail ANSTAT"}},{"type":"Feature","geometry":{"type":"Point","coordinates":[-7.339432999999929,7.313456000000031]},"properties":{"id":40946,"nom":"BORNE FONTAIN","type":"borne fontaine","district_region":null,"departement_commune":null,"verifie":true,"name":"BORNE FONTAIN","source":"Géoportail ANSTAT"}},{"type":"Feature","geometry":{"type":"Point","coordinates":[-4.695959999999957,5.169785000000047]},"properties":{"id":40947,"nom":"BORNE FONTAINE 1 DU QUARTIER DOGBO","type":"borne fontaine","district_region":null,"departement_commune":null,"verifie":true,"name":"BORNE FONTAINE 1 DU QUARTIER DOGBO","source":"Géoportail ANSTAT"}},{"type":"Feature","geometry":{"type":"Point","coordinates":[-4.722004999999967,5.259285000000034]},"properties":{"id":40948,"nom":"BORNE FONTAINE","type":"borne fontaine","district_region":null,"departement_commune":null,"verifie":true,"name":"BORNE FONTAINE","source":"Géoportail ANSTAT"}},{"type":"Feature","geometry":{"type":"Point","coordinates":[-4.54933699999998,5.18768300000005]},"properties":{"id":40949,"nom":"BORNE FONTAINE DU QUARTIER GBOSRVA","type":"borne fontaine","district_region":null,"departement_commune":null,"verifie":true,"name":"BORNE FONTAINE DU QUARTIER GBOSRVA","source":"Géoportail ANSTAT"}},{"type":"Feature","geometry":{"type":"Point","coordinates":[-4.276751999999931,5.216726000000051]},"properties":{"id":40950,"nom":"BORNE FONTAINE DU QUARTIER BEGNINI","type":"borne fontaine","district_region":null,"departement_commune":null,"verifie":true,"name":"BORNE FONTAINE DU QUARTIER BEGNINI","source":"Géoportail ANSTAT"}},{"type":"Feature","geometry":{"type":"Point","coordinates":[-4.875574999999969,5.310569000000044]},"properties":{"id":40951,"nom":"BORNE FONTAINE","type":"borne fontaine","district_region":null,"departement_commune":null,"verifie":true,"name":"BORNE FONTAINE","source":"Géoportail ANSTAT"}},{"type":"Feature","geometry":{"type":"Point","coordinates":[-4.639103999999975,5.25514400000003]},"properties":{"id":40952,"nom":"BONNE FONTAINE","type":"borne fontaine","district_region":null,"departement_commune":null,"verifie":true,"name":"BONNE FONTAINE","source":"Géoportail ANSTAT"}},{"type":"Feature","geometry":{"type":"Point","coordinates":[-4.465187999999955,5.317431000000056]},"properties":{"id":40953,"nom":"BORNE FONTAINE","type":"borne fontaine","district_region":null,"departement_commune":null,"verifie":true,"name":"BORNE FONTAINE","source":"Géoportail ANSTAT"}},{"type":"Feature","geometry":{"type":"Point","coordinates":[-4.596743999999944,5.37058600000006]},"properties":{"id":40954,"nom":"BORNE FONTAINE DE L ILOT 1 DE V2","type":"borne fontaine","district_region":null,"departement_commune":null,"verifie":true,"name":"BORNE FONTAINE DE L ILOT 1 DE V2","source":"Géoportail ANSTAT"}},{"type":"Feature","geometry":{"type":"Point","coordinates":[-4.558260999999959,5.353273000000058]},"properties":{"id":40955,"nom":"BORNE FONTAINE DE L ILOT 3 DE V1","type":"borne fontaine","district_region":null,"departement_commune":null,"verifie":true,"name":"BORNE FONTAINE DE L ILOT 3 DE V1","source":"Géoportail ANSTAT"}},{"type":"Feature","geometry":{"type":"Point","coordinates":[-4.559484999999938,5.353213000000039]},"properties":{"id":40956,"nom":"BORNE FONTAINE DE L ILOT 4 DU VILLAGE V1","type":"borne fontaine","district_region":null,"departement_commune":null,"verifie":true,"name":"BORNE FONTAINE DE L ILOT 4 DU VILLAGE V1","source":"Géoportail ANSTAT"}},{"type":"Feature","geometry":{"type":"Point","coordinates":[-4.560032999999976,5.35580600000003]},"properties":{"id":40957,"nom":"BORNE FONTAINE DE L ILOT 6","type":"borne fontaine","district_region":null,"departement_commune":null,"verifie":true,"name":"BORNE FONTAINE DE L ILOT 6","source":"Géoportail ANSTAT"}},{"type":"Feature","geometry":{"type":"Point","coordinates":[-4.559938999999929,5.35430400000007]},"properties":{"id":40958,"nom":"BORNE FONTAINE DE L ILOT 7","type":"borne fontaine","district_region":null,"departement_commune":null,"verifie":true,"name":"BORNE FONTAINE DE L ILOT 7","source":"Géoportail ANSTAT"}},{"type":"Feature","geometry":{"type":"Point","coordinates":[-4.99050399999993,5.245700000000056]},"properties":{"id":40959,"nom":"BORNE FONTAINE","type":"borne fontaine","district_region":null,"departement_commune":null,"verifie":true,"name":"BORNE FONTAINE","source":"Géoportail ANSTAT"}},{"type":"Feature","geometry":{"type":"Point","coordinates":[-4.806523999999968,5.153852000000029]},"properties":{"id":40960,"nom":"BORNE FONTAINE DU QUARTIER  HOZALAM","type":"borne fontaine","district_region":null,"departement_commune":null,"verifie":true,"name":"BORNE FONTAINE DU QUARTIER  HOZALAM","source":"Géoportail ANSTAT"}},{"type":"Feature","geometry":{"type":"Point","coordinates":[-4.801212999999962,5.153996000000063]},"properties":{"id":40961,"nom":"BORNE FONTAINE DU QUARTIER TOUKOUZOU 2","type":"borne fontaine","district_region":null,"departement_commune":null,"verifie":true,"name":"BORNE FONTAINE DU QUARTIER TOUKOUZOU 2","source":"Géoportail ANSTAT"}},{"type":"Feature","geometry":{"type":"Point","coordinates":[-6.039494999999931,6.255673000000058]},"properties":{"id":40962,"nom":"BONNE FONTAINE","type":"borne fontaine","district_region":null,"departement_commune":null,"verifie":true,"name":"BONNE FONTAINE","source":"Géoportail ANSTAT"}},{"type":"Feature","geometry":{"type":"Point","coordinates":[-5.55133399999994,6.491227000000038]},"properties":{"id":40963,"nom":"BORNE FONTAINE","type":"borne fontaine","district_region":null,"departement_commune":null,"verifie":true,"name":"BORNE FONTAINE","source":"Géoportail ANSTAT"}},{"type":"Feature","geometry":{"type":"Point","coordinates":[-6.346041999999954,5.08493100000004]},"properties":{"id":40964,"nom":"BORNE FONTAINE","type":"borne fontaine","district_region":null,"departement_commune":null,"verifie":true,"name":"BORNE FONTAINE","source":"Géoportail ANSTAT"}},{"type":"Feature","geometry":{"type":"Point","coordinates":[-6.433514999999943,4.971046000000058]},"properties":{"id":40965,"nom":"BORNE FONTAINE HR BAD","type":"borne fontaine","district_region":null,"departement_commune":null,"verifie":true,"name":"BORNE FONTAINE HR BAD","source":"Géoportail ANSTAT"}},{"type":"Feature","geometry":{"type":"Point","coordinates":[-4.856478999999979,6.337502000000029]},"properties":{"id":40966,"nom":"BORNE FONTAINE DE KPOUEBO","type":"borne fontaine","district_region":null,"departement_commune":null,"verifie":true,"name":"BORNE FONTAINE DE KPOUEBO","source":"Géoportail ANSTAT"}},{"type":"Feature","geometry":{"type":"Point","coordinates":[-4.979049999999972,6.486064000000056]},"properties":{"id":40967,"nom":"BORNE FONTAINE","type":"borne fontaine","district_region":null,"departement_commune":null,"verifie":true,"name":"BORNE FONTAINE","source":"Géoportail ANSTAT"}},{"type":"Feature","geometry":{"type":"Point","coordinates":[-4.993730999999968,7.315252000000044]},"properties":{"id":40968,"nom":"BORNE FONTAINE DE NGUYAKRO","type":"borne fontaine","district_region":null,"departement_commune":null,"verifie":true,"name":"BORNE FONTAINE DE NGUYAKRO","source":"Géoportail ANSTAT"}},{"type":"Feature","geometry":{"type":"Point","coordinates":[-5.016108999999972,7.051771000000031]},"properties":{"id":40969,"nom":"BORNE FONTAINE","type":"borne fontaine","district_region":null,"departement_commune":null,"verifie":true,"name":"BORNE FONTAINE","source":"Géoportail ANSTAT"}},{"type":"Feature","geometry":{"type":"Point","coordinates":[-5.057892999999979,6.538238000000035]},"properties":{"id":40970,"nom":"BONNE FONTAINE DE POKOUKRO","type":"borne fontaine","district_region":null,"departement_commune":null,"verifie":true,"name":"BONNE FONTAINE DE POKOUKRO","source":"Géoportail ANSTAT"}},{"type":"Feature","geometry":{"type":"Point","coordinates":[-5.063661999999965,6.58571100000006]},"properties":{"id":40971,"nom":"BORNE FONTAINE","type":"borne fontaine","district_region":null,"departement_commune":null,"verifie":true,"name":"BORNE FONTAINE","source":"Géoportail ANSTAT"}},{"type":"Feature","geometry":{"type":"Point","coordinates":[-5.088359999999966,6.412541000000033]},"properties":{"id":40972,"nom":"BORNE","type":"borne fontaine","district_region":null,"departement_commune":null,"verifie":true,"name":"BORNE","source":"Géoportail ANSTAT"}},{"type":"Feature","geometry":{"type":"Point","coordinates":[-5.093485999999928,6.416701000000046]},"properties":{"id":40973,"nom":"BORNE DE DIOULABOUGOU","type":"borne fontaine","district_region":null,"departement_commune":null,"verifie":true,"name":"BORNE DE DIOULABOUGOU","source":"Géoportail ANSTAT"}},{"type":"Feature","geometry":{"type":"Point","coordinates":[-5.089676999999938,6.412131000000045]},"properties":{"id":40974,"nom":"BORNE DU VILLAGE","type":"borne fontaine","district_region":null,"departement_commune":null,"verifie":true,"name":"BORNE DU VILLAGE","source":"Géoportail ANSTAT"}},{"type":"Feature","geometry":{"type":"Point","coordinates":[-5.125572999999974,7.115358000000072]},"properties":{"id":40975,"nom":"BORNE FONTAINE 2","type":"borne fontaine","district_region":null,"departement_commune":null,"verifie":true,"name":"BORNE FONTAINE 2","source":"Géoportail ANSTAT"}},{"type":"Feature","geometry":{"type":"Point","coordinates":[-5.124470999999971,7.11469500000004]},"properties":{"id":40976,"nom":"BORNE FONTAINE 3","type":"borne fontaine","district_region":null,"departement_commune":null,"verifie":true,"name":"BORNE FONTAINE 3","source":"Géoportail ANSTAT"}},{"type":"Feature","geometry":{"type":"Point","coordinates":[-5.141876999999965,6.385099000000025]},"properties":{"id":40977,"nom":"BORNE  FONTAINE DE NGNABO","type":"borne fontaine","district_region":null,"departement_commune":null,"verifie":true,"name":"BORNE  FONTAINE DE NGNABO","source":"Géoportail ANSTAT"}},{"type":"Feature","geometry":{"type":"Point","coordinates":[-5.415042999999969,7.236193000000071]},"properties":{"id":40978,"nom":"BORNE DE KOFFI AGROKRO","type":"borne fontaine","district_region":null,"departement_commune":null,"verifie":true,"name":"BORNE DE KOFFI AGROKRO","source":"Géoportail ANSTAT"}},{"type":"Feature","geometry":{"type":"Point","coordinates":[-5.416371999999967,7.234900000000039]},"properties":{"id":40979,"nom":"BORNE FONTAINE DE KOFFI AGROKKRO","type":"borne fontaine","district_region":null,"departement_commune":null,"verifie":true,"name":"BORNE FONTAINE DE KOFFI AGROKKRO","source":"Géoportail ANSTAT"}},{"type":"Feature","geometry":{"type":"Point","coordinates":[-5.416359999999941,7.236308000000065]},"properties":{"id":40980,"nom":"BORNE FONTAINE DE KOFFI GROKRO","type":"borne fontaine","district_region":null,"departement_commune":null,"verifie":true,"name":"BORNE FONTAINE DE KOFFI GROKRO","source":"Géoportail ANSTAT"}},{"type":"Feature","geometry":{"type":"Point","coordinates":[-5.452171999999962,7.221279000000038]},"properties":{"id":40981,"nom":"BORNE DE DO SAKASSOU","type":"borne fontaine","district_region":null,"departement_commune":null,"verifie":true,"name":"BORNE DE DO SAKASSOU","source":"Géoportail ANSTAT"}},{"type":"Feature","geometry":{"type":"Point","coordinates":[-5.126533999999936,6.314200000000028]},"properties":{"id":40982,"nom":"BORNE FONTAINE","type":"borne fontaine","district_region":null,"departement_commune":null,"verifie":true,"name":"BORNE FONTAINE","source":"Géoportail ANSTAT"}},{"type":"Feature","geometry":{"type":"Point","coordinates":[-4.276043999999956,5.409375000000068]},"properties":{"id":40983,"nom":"BORNE FONTAINE","type":"borne fontaine","district_region":null,"departement_commune":null,"verifie":true,"name":"BORNE FONTAINE","source":"Géoportail ANSTAT"}},{"type":"Feature","geometry":{"type":"Point","coordinates":[-4.273671999999976,5.410522000000071]},"properties":{"id":40984,"nom":"BORNE FONTAINE","type":"borne fontaine","district_region":null,"departement_commune":null,"verifie":true,"name":"BORNE FONTAINE","source":"Géoportail ANSTAT"}},{"type":"Feature","geometry":{"type":"Point","coordinates":[-4.269188999999926,5.409744000000046]},"properties":{"id":40985,"nom":"BORNE FONTAINE","type":"borne fontaine","district_region":null,"departement_commune":null,"verifie":true,"name":"BORNE FONTAINE","source":"Géoportail ANSTAT"}},{"type":"Feature","geometry":{"type":"Point","coordinates":[-4.262442999999962,5.411151000000075]},"properties":{"id":40986,"nom":"BORNE FONTAINE","type":"borne fontaine","district_region":null,"departement_commune":null,"verifie":true,"name":"BORNE FONTAINE","source":"Géoportail ANSTAT"}},{"type":"Feature","geometry":{"type":"Point","coordinates":[-4.261564999999962,5.411602000000073]},"properties":{"id":40987,"nom":"BORNE FONTAINE","type":"borne fontaine","district_region":null,"departement_commune":null,"verifie":true,"name":"BORNE FONTAINE","source":"Géoportail ANSTAT"}},{"type":"Feature","geometry":{"type":"Point","coordinates":[-4.292337999999972,5.386705000000063]},"properties":{"id":40988,"nom":"BORNE FONTAINE","type":"borne fontaine","district_region":null,"departement_commune":null,"verifie":true,"name":"BORNE FONTAINE","source":"Géoportail ANSTAT"}},{"type":"Feature","geometry":{"type":"Point","coordinates":[-4.291777999999965,5.386838000000068]},"properties":{"id":40989,"nom":"BORNE FONTAINE","type":"borne fontaine","district_region":null,"departement_commune":null,"verifie":true,"name":"BORNE FONTAINE","source":"Géoportail ANSTAT"}},{"type":"Feature","geometry":{"type":"Point","coordinates":[-4.148684999999944,5.342243000000053]},"properties":{"id":40990,"nom":"BORNE FONTAINE","type":"borne fontaine","district_region":null,"departement_commune":null,"verifie":true,"name":"BORNE FONTAINE","source":"Géoportail ANSTAT"}},{"type":"Feature","geometry":{"type":"Point","coordinates":[-4.182602999999972,5.356967000000054]},"properties":{"id":40991,"nom":"BORNE FONTAINE","type":"borne fontaine","district_region":null,"departement_commune":null,"verifie":true,"name":"BORNE FONTAINE","source":"Géoportail ANSTAT"}},{"type":"Feature","geometry":{"type":"Point","coordinates":[-4.186706999999956,5.359982000000059]},"properties":{"id":40992,"nom":"BORNE FONTAINE","type":"borne fontaine","district_region":null,"departement_commune":null,"verifie":true,"name":"BORNE FONTAINE","source":"Géoportail ANSTAT"}},{"type":"Feature","geometry":{"type":"Point","coordinates":[-4.29883499999994,5.558392000000026]},"properties":{"id":40993,"nom":"BORNE FONTAINE","type":"borne fontaine","district_region":null,"departement_commune":null,"verifie":true,"name":"BORNE FONTAINE","source":"Géoportail ANSTAT"}},{"type":"Feature","geometry":{"type":"Point","coordinates":[-3.89754199999993,5.428803000000073]},"properties":{"id":40994,"nom":"BORNE FONTAINE","type":"borne fontaine","district_region":null,"departement_commune":null,"verifie":true,"name":"BORNE FONTAINE","source":"Géoportail ANSTAT"}},{"type":"Feature","geometry":{"type":"Point","coordinates":[-3.896906999999942,5.42900400000002]},"properties":{"id":40995,"nom":"BORNE FONTAINE","type":"borne fontaine","district_region":null,"departement_commune":null,"verifie":true,"name":"BORNE FONTAINE","source":"Géoportail ANSTAT"}},{"type":"Feature","geometry":{"type":"Point","coordinates":[-3.846737999999959,5.386797000000058]},"properties":{"id":40996,"nom":"BORNE FONTAINE DE AKOYATE","type":"borne fontaine","district_region":null,"departement_commune":null,"verifie":true,"name":"BORNE FONTAINE DE AKOYATE","source":"Géoportail ANSTAT"}},{"type":"Feature","geometry":{"type":"Point","coordinates":[-4.182636999999943,5.456020000000024]},"properties":{"id":40997,"nom":"BORNE FONTAINE SODECI","type":"borne fontaine","district_region":null,"departement_commune":null,"verifie":true,"name":"BORNE FONTAINE SODECI","source":"Géoportail ANSTAT"}},{"type":"Feature","geometry":{"type":"Point","coordinates":[-4.251418999999942,5.424190000000067]},"properties":{"id":40998,"nom":"BORNE FONTAINE","type":"borne fontaine","district_region":null,"departement_commune":null,"verifie":true,"name":"BORNE FONTAINE","source":"Géoportail ANSTAT"}},{"type":"Feature","geometry":{"type":"Point","coordinates":[-3.442634999999939,7.946626000000037]},"properties":{"id":40999,"nom":"BORNE FONTAINE DE NAMASSI","type":"borne fontaine","district_region":null,"departement_commune":null,"verifie":true,"name":"BORNE FONTAINE DE NAMASSI","source":"Géoportail ANSTAT"}},{"type":"Feature","geometry":{"type":"Point","coordinates":[-3.443380999999931,7.94602100000003]},"properties":{"id":41000,"nom":"BORNE FONTAINE DE NAMASSI","type":"borne fontaine","district_region":null,"departement_commune":null,"verifie":true,"name":"BORNE FONTAINE DE NAMASSI","source":"Géoportail ANSTAT"}},{"type":"Feature","geometry":{"type":"Point","coordinates":[-3.44422499999996,7.945920000000058]},"properties":{"id":41001,"nom":"BORNE FONTAINE DE NAMASSI","type":"borne fontaine","district_region":null,"departement_commune":null,"verifie":true,"name":"BORNE FONTAINE DE NAMASSI","source":"Géoportail ANSTAT"}},{"type":"Feature","geometry":{"type":"Point","coordinates":[-3.442278999999928,7.947465000000022]},"properties":{"id":41002,"nom":"BORNE FONTAINE DU MARCHE DE NAMASSI","type":"borne fontaine","district_region":null,"departement_commune":null,"verifie":true,"name":"BORNE FONTAINE DU MARCHE DE NAMASSI","source":"Géoportail ANSTAT"}},{"type":"Feature","geometry":{"type":"Point","coordinates":[-3.199215999999979,8.089664000000027]},"properties":{"id":41003,"nom":"BORNE FONTAINE","type":"borne fontaine","district_region":null,"departement_commune":null,"verifie":true,"name":"BORNE FONTAINE","source":"Géoportail ANSTAT"}},{"type":"Feature","geometry":{"type":"Point","coordinates":[-3.627582999999959,8.111481000000026]},"properties":{"id":41004,"nom":"BORNE FONTAINE DE BANDAKAGNI SOKOURA","type":"borne fontaine","district_region":null,"departement_commune":null,"verifie":true,"name":"BORNE FONTAINE DE BANDAKAGNI SOKOURA","source":"Géoportail ANSTAT"}},{"type":"Feature","geometry":{"type":"Point","coordinates":[-3.114301999999952,8.301217000000065]},"properties":{"id":41005,"nom":"BORNE FONTAINE DU VILLAGE","type":"borne fontaine","district_region":null,"departement_commune":null,"verifie":true,"name":"BORNE FONTAINE DU VILLAGE","source":"Géoportail ANSTAT"}},{"type":"Feature","geometry":{"type":"Point","coordinates":[-3.952324999999973,8.299931000000072]},"properties":{"id":41006,"nom":"BORNE FONTAINE DE AWAIKRO","type":"borne fontaine","district_region":null,"departement_commune":null,"verifie":true,"name":"BORNE FONTAINE DE AWAIKRO","source":"Géoportail ANSTAT"}},{"type":"Feature","geometry":{"type":"Point","coordinates":[-3.241386999999975,8.512569000000042]},"properties":{"id":41007,"nom":"BORNE FONTAINE","type":"borne fontaine","district_region":null,"departement_commune":null,"verifie":true,"name":"BORNE FONTAINE","source":"Géoportail ANSTAT"}},{"type":"Feature","geometry":{"type":"Point","coordinates":[-3.02925799999997,7.185577000000023]},"properties":{"id":41008,"nom":"BORNE FONTAINE","type":"borne fontaine","district_region":null,"departement_commune":null,"verifie":true,"name":"BORNE FONTAINE","source":"Géoportail ANSTAT"}},{"type":"Feature","geometry":{"type":"Point","coordinates":[-3.029120999999975,7.183880000000045]},"properties":{"id":41009,"nom":"BORNE FONTAINE","type":"borne fontaine","district_region":null,"departement_commune":null,"verifie":true,"name":"BORNE FONTAINE","source":"Géoportail ANSTAT"}},{"type":"Feature","geometry":{"type":"Point","coordinates":[-3.029271999999935,7.180739000000074]},"properties":{"id":41010,"nom":"BORNE FONTAINE","type":"borne fontaine","district_region":null,"departement_commune":null,"verifie":true,"name":"BORNE FONTAINE","source":"Géoportail ANSTAT"}},{"type":"Feature","geometry":{"type":"Point","coordinates":[-3.030926999999963,7.184772000000066]},"properties":{"id":41011,"nom":"BORNE FONTAINE","type":"borne fontaine","district_region":null,"departement_commune":null,"verifie":true,"name":"BORNE FONTAINE","source":"Géoportail ANSTAT"}},{"type":"Feature","geometry":{"type":"Point","coordinates":[-3.105350999999928,7.20372100000003]},"properties":{"id":41012,"nom":"BORNE FONTAINE","type":"borne fontaine","district_region":null,"departement_commune":null,"verifie":true,"name":"BORNE FONTAINE","source":"Géoportail ANSTAT"}},{"type":"Feature","geometry":{"type":"Point","coordinates":[-3.063744999999926,7.219208000000037]},"properties":{"id":41013,"nom":"BORNE FONTAINE","type":"borne fontaine","district_region":null,"departement_commune":null,"verifie":true,"name":"BORNE FONTAINE","source":"Géoportail ANSTAT"}},{"type":"Feature","geometry":{"type":"Point","coordinates":[-6.901694999999961,8.270414000000073]},"properties":{"id":41014,"nom":"BORNE FONTAINE","type":"borne fontaine","district_region":null,"departement_commune":null,"verifie":true,"name":"BORNE FONTAINE","source":"Géoportail ANSTAT"}},{"type":"Feature","geometry":{"type":"Point","coordinates":[-6.910702999999955,8.170912000000044]},"properties":{"id":41015,"nom":"BORNE FONTAINE DE LOHOU","type":"borne fontaine","district_region":null,"departement_commune":null,"verifie":true,"name":"BORNE FONTAINE DE LOHOU","source":"Géoportail ANSTAT"}},{"type":"Feature","geometry":{"type":"Point","coordinates":[-6.87223599999993,7.955010000000073]},"properties":{"id":41016,"nom":"BORNE FONTAINE","type":"borne fontaine","district_region":null,"departement_commune":null,"verifie":true,"name":"BORNE FONTAINE","source":"Géoportail ANSTAT"}},{"type":"Feature","geometry":{"type":"Point","coordinates":[-6.624518999999964,8.134657000000061]},"properties":{"id":41017,"nom":"BORNE FONTAI E DE FORONA","type":"borne fontaine","district_region":null,"departement_commune":null,"verifie":true,"name":"BORNE FONTAI E DE FORONA","source":"Géoportail ANSTAT"}},{"type":"Feature","geometry":{"type":"Point","coordinates":[-6.624367999999947,8.132696000000067]},"properties":{"id":41018,"nom":"BORNE FONTAINE","type":"borne fontaine","district_region":null,"departement_commune":null,"verifie":true,"name":"BORNE FONTAINE","source":"Géoportail ANSTAT"}},{"type":"Feature","geometry":{"type":"Point","coordinates":[-6.622860999999943,8.133199000000047]},"properties":{"id":41019,"nom":"BORNE FONTAINE","type":"borne fontaine","district_region":null,"departement_commune":null,"verifie":true,"name":"BORNE FONTAINE","source":"Géoportail ANSTAT"}},{"type":"Feature","geometry":{"type":"Point","coordinates":[-6.623448999999937,8.134920000000022]},"properties":{"id":41020,"nom":"BORNE FONTAINE DE FORONA","type":"borne fontaine","district_region":null,"departement_commune":null,"verifie":true,"name":"BORNE FONTAINE DE FORONA","source":"Géoportail ANSTAT"}},{"type":"Feature","geometry":{"type":"Point","coordinates":[-6.634291999999959,8.087925000000041]},"properties":{"id":41021,"nom":"BORNE FONTAINE DE OUSSOUGOULA","type":"borne fontaine","district_region":null,"departement_commune":null,"verifie":true,"name":"BORNE FONTAINE DE OUSSOUGOULA","source":"Géoportail ANSTAT"}},{"type":"Feature","geometry":{"type":"Point","coordinates":[-6.634210999999937,8.086926000000062]},"properties":{"id":41022,"nom":"BORNE FONTAINE DE OUSSOUGOULA","type":"borne fontaine","district_region":null,"departement_commune":null,"verifie":true,"name":"BORNE FONTAINE DE OUSSOUGOULA","source":"Géoportail ANSTAT"}},{"type":"Feature","geometry":{"type":"Point","coordinates":[-6.58475199999998,8.414390000000026]},"properties":{"id":41023,"nom":"BORNE FONTAINE","type":"borne fontaine","district_region":null,"departement_commune":null,"verifie":true,"name":"BORNE FONTAINE","source":"Géoportail ANSTAT"}},{"type":"Feature","geometry":{"type":"Point","coordinates":[-6.589187999999979,8.44193800000005]},"properties":{"id":41024,"nom":"BONNE FONTAINE DE TIESSO","type":"borne fontaine","district_region":null,"departement_commune":null,"verifie":true,"name":"BONNE FONTAINE DE TIESSO","source":"Géoportail ANSTAT"}},{"type":"Feature","geometry":{"type":"Point","coordinates":[-6.589840999999979,8.441272000000026]},"properties":{"id":41025,"nom":"BORNE FONTAINE DE TIESSO","type":"borne fontaine","district_region":null,"departement_commune":null,"verifie":true,"name":"BORNE FONTAINE DE TIESSO","source":"Géoportail ANSTAT"}},{"type":"Feature","geometry":{"type":"Point","coordinates":[-7.033357999999964,8.728603000000021]},"properties":{"id":41026,"nom":"BORNE 1","type":"borne fontaine","district_region":null,"departement_commune":null,"verifie":true,"name":"BORNE 1","source":"Géoportail ANSTAT"}},{"type":"Feature","geometry":{"type":"Point","coordinates":[-7.034022999999934,8.729972000000032]},"properties":{"id":41027,"nom":"BORNE 2","type":"borne fontaine","district_region":null,"departement_commune":null,"verifie":true,"name":"BORNE 2","source":"Géoportail ANSTAT"}},{"type":"Feature","geometry":{"type":"Point","coordinates":[-7.03328799999997,8.729431000000034]},"properties":{"id":41028,"nom":"BORNE 3","type":"borne fontaine","district_region":null,"departement_commune":null,"verifie":true,"name":"BORNE 3","source":"Géoportail ANSTAT"}},{"type":"Feature","geometry":{"type":"Point","coordinates":[-7.884897999999964,7.78078000000005]},"properties":{"id":41029,"nom":"BORNE FONTAINE DE YORODOUGOU 1","type":"borne fontaine","district_region":null,"departement_commune":null,"verifie":true,"name":"BORNE FONTAINE DE YORODOUGOU 1","source":"Géoportail ANSTAT"}},{"type":"Feature","geometry":{"type":"Point","coordinates":[-7.87982599999998,7.782914000000062]},"properties":{"id":41030,"nom":"BORNE FONTAINE DU PLATEAU","type":"borne fontaine","district_region":null,"departement_commune":null,"verifie":true,"name":"BORNE FONTAINE DU PLATEAU","source":"Géoportail ANSTAT"}},{"type":"Feature","geometry":{"type":"Point","coordinates":[-5.84324399999997,7.399493000000064]},"properties":{"id":41031,"nom":"BORNE FONTAINE","type":"borne fontaine","district_region":null,"departement_commune":null,"verifie":true,"name":"BORNE FONTAINE","source":"Géoportail ANSTAT"}},{"type":"Feature","geometry":{"type":"Point","coordinates":[-6.143654999999967,7.606629000000055]},"properties":{"id":41032,"nom":"BORNE FONTAINE","type":"borne fontaine","district_region":null,"departement_commune":null,"verifie":true,"name":"BORNE FONTAINE","source":"Géoportail ANSTAT"}},{"type":"Feature","geometry":{"type":"Point","coordinates":[-6.144386999999938,7.606264000000067]},"properties":{"id":41033,"nom":"BORNE FONTAINE","type":"borne fontaine","district_region":null,"departement_commune":null,"verifie":true,"name":"BORNE FONTAINE","source":"Géoportail ANSTAT"}},{"type":"Feature","geometry":{"type":"Point","coordinates":[-6.176661999999965,7.464358000000061]},"properties":{"id":41034,"nom":"BORNE","type":"borne fontaine","district_region":null,"departement_commune":null,"verifie":true,"name":"BORNE","source":"Géoportail ANSTAT"}},{"type":"Feature","geometry":{"type":"Point","coordinates":[-5.80471799999998,6.653125000000045]},"properties":{"id":41035,"nom":"BORNE FONTAINE","type":"borne fontaine","district_region":null,"departement_commune":null,"verifie":true,"name":"BORNE FONTAINE","source":"Géoportail ANSTAT"}},{"type":"Feature","geometry":{"type":"Point","coordinates":[-5.80573499999997,6.651933000000042]},"properties":{"id":41036,"nom":"BORNE FONTAINE","type":"borne fontaine","district_region":null,"departement_commune":null,"verifie":true,"name":"BORNE FONTAINE","source":"Géoportail ANSTAT"}},{"type":"Feature","geometry":{"type":"Point","coordinates":[-5.00264199999998,7.663002000000063]},"properties":{"id":41037,"nom":"BORNE FONTAINE ADJONOUSSOU","type":"borne fontaine","district_region":null,"departement_commune":null,"verifie":true,"name":"BORNE FONTAINE ADJONOUSSOU","source":"Géoportail ANSTAT"}},{"type":"Feature","geometry":{"type":"Point","coordinates":[-4.99096099999997,7.720535000000041]},"properties":{"id":41038,"nom":"BORNE FONTAINE","type":"borne fontaine","district_region":null,"departement_commune":null,"verifie":true,"name":"BORNE FONTAINE","source":"Géoportail ANSTAT"}},{"type":"Feature","geometry":{"type":"Point","coordinates":[-4.989665999999943,7.721951000000047]},"properties":{"id":41039,"nom":"BORNE FONTAINE DE SROSROBOUGOU","type":"borne fontaine","district_region":null,"departement_commune":null,"verifie":true,"name":"BORNE FONTAINE DE SROSROBOUGOU","source":"Géoportail ANSTAT"}},{"type":"Feature","geometry":{"type":"Point","coordinates":[-4.992483999999934,7.720761000000039]},"properties":{"id":41040,"nom":"BORNE FONTAINE SROSROBOUGOU 2","type":"borne fontaine","district_region":null,"departement_commune":null,"verifie":true,"name":"BORNE FONTAINE SROSROBOUGOU 2","source":"Géoportail ANSTAT"}},{"type":"Feature","geometry":{"type":"Point","coordinates":[-5.036938999999961,7.721735000000024]},"properties":{"id":41041,"nom":"BORNE FONTAINE","type":"borne fontaine","district_region":null,"departement_commune":null,"verifie":true,"name":"BORNE FONTAINE","source":"Géoportail ANSTAT"}},{"type":"Feature","geometry":{"type":"Point","coordinates":[-5.042860999999959,7.671033000000023]},"properties":{"id":41042,"nom":"BORNE FONTAINE","type":"borne fontaine","district_region":null,"departement_commune":null,"verifie":true,"name":"BORNE FONTAINE","source":"Géoportail ANSTAT"}},{"type":"Feature","geometry":{"type":"Point","coordinates":[-5.042014999999935,7.667569000000071]},"properties":{"id":41043,"nom":"BORNE FONTAINE DE BROUKRO BANCO","type":"borne fontaine","district_region":null,"departement_commune":null,"verifie":true,"name":"BORNE FONTAINE DE BROUKRO BANCO","source":"Géoportail ANSTAT"}},{"type":"Feature","geometry":{"type":"Point","coordinates":[-5.016933999999935,7.649117000000047]},"properties":{"id":41044,"nom":"BORNE FONTAINE","type":"borne fontaine","district_region":null,"departement_commune":null,"verifie":true,"name":"BORNE FONTAINE","source":"Géoportail ANSTAT"}},{"type":"Feature","geometry":{"type":"Point","coordinates":[-5.302151999999978,7.448591000000022]},"properties":{"id":41045,"nom":"BORNE FONTAINE","type":"borne fontaine","district_region":null,"departement_commune":null,"verifie":true,"name":"BORNE FONTAINE","source":"Géoportail ANSTAT"}},{"type":"Feature","geometry":{"type":"Point","coordinates":[-5.302050999999949,7.447449000000063]},"properties":{"id":41046,"nom":"BORNE FONTAINE","type":"borne fontaine","district_region":null,"departement_commune":null,"verifie":true,"name":"BORNE FONTAINE","source":"Géoportail ANSTAT"}},{"type":"Feature","geometry":{"type":"Point","coordinates":[-5.345257999999944,7.273171000000048]},"properties":{"id":41047,"nom":"BORNE FONTAINE","type":"borne fontaine","district_region":null,"departement_commune":null,"verifie":true,"name":"BORNE FONTAINE","source":"Géoportail ANSTAT"}},{"type":"Feature","geometry":{"type":"Point","coordinates":[-5.435162999999932,8.091572000000042]},"properties":{"id":41048,"nom":"BORNE FONTAINE","type":"borne fontaine","district_region":null,"departement_commune":null,"verifie":true,"name":"BORNE FONTAINE","source":"Géoportail ANSTAT"}},{"type":"Feature","geometry":{"type":"Point","coordinates":[-5.432000999999957,7.671163000000035]},"properties":{"id":41049,"nom":"BONNE FONTAINE","type":"borne fontaine","district_region":null,"departement_commune":null,"verifie":true,"name":"BONNE FONTAINE","source":"Géoportail ANSTAT"}},{"type":"Feature","geometry":{"type":"Point","coordinates":[-5.435473999999942,7.670223000000021]},"properties":{"id":41050,"nom":"BORNE FONTAINE","type":"borne fontaine","district_region":null,"departement_commune":null,"verifie":true,"name":"BORNE FONTAINE","source":"Géoportail ANSTAT"}},{"type":"Feature","geometry":{"type":"Point","coordinates":[-5.437992999999949,8.087174000000061]},"properties":{"id":41051,"nom":"BONNE FONTAINE","type":"borne fontaine","district_region":null,"departement_commune":null,"verifie":true,"name":"BONNE FONTAINE","source":"Géoportail ANSTAT"}},{"type":"Feature","geometry":{"type":"Point","coordinates":[-5.521403999999961,7.599401000000057]},"properties":{"id":41052,"nom":"BORNE","type":"borne fontaine","district_region":null,"departement_commune":null,"verifie":true,"name":"BORNE","source":"Géoportail ANSTAT"}},{"type":"Feature","geometry":{"type":"Point","coordinates":[-5.198766999999975,7.693075000000022]},"properties":{"id":41053,"nom":"BORNE FONTAINE DE KOUAME YAOKRO","type":"borne fontaine","district_region":null,"departement_commune":null,"verifie":true,"name":"BORNE FONTAINE DE KOUAME YAOKRO","source":"Géoportail ANSTAT"}},{"type":"Feature","geometry":{"type":"Point","coordinates":[-5.171195999999952,7.84123100000005]},"properties":{"id":41054,"nom":"BORNE FONTAINE","type":"borne fontaine","district_region":null,"departement_commune":null,"verifie":true,"name":"BORNE FONTAINE","source":"Géoportail ANSTAT"}},{"type":"Feature","geometry":{"type":"Point","coordinates":[-2.743217999999956,9.172077000000058]},"properties":{"id":41055,"nom":"BORNE HVA","type":"borne fontaine","district_region":null,"departement_commune":null,"verifie":true,"name":"BORNE HVA","source":"Géoportail ANSTAT"}},{"type":"Feature","geometry":{"type":"Point","coordinates":[-2.894026999999937,9.261225000000024]},"properties":{"id":41056,"nom":"BORNE FONTAINE HVA DE NIANDEGUE","type":"borne fontaine","district_region":null,"departement_commune":null,"verifie":true,"name":"BORNE FONTAINE HVA DE NIANDEGUE","source":"Géoportail ANSTAT"}},{"type":"Feature","geometry":{"type":"Point","coordinates":[-2.89586399999996,9.26058100000006]},"properties":{"id":41057,"nom":"BORNE FONTAINE HVA DE NIANDEGUE","type":"borne fontaine","district_region":null,"departement_commune":null,"verifie":true,"name":"BORNE FONTAINE HVA DE NIANDEGUE","source":"Géoportail ANSTAT"}},{"type":"Feature","geometry":{"type":"Point","coordinates":[-2.96133599999996,8.821880000000021]},"properties":{"id":41058,"nom":"BORNE FONTANE DE YOUNDOUO","type":"borne fontaine","district_region":null,"departement_commune":null,"verifie":true,"name":"BORNE FONTANE DE YOUNDOUO","source":"Géoportail ANSTAT"}},{"type":"Feature","geometry":{"type":"Point","coordinates":[-3.007104999999967,9.038871000000029]},"properties":{"id":41059,"nom":"BORNE FONTAINE","type":"borne fontaine","district_region":null,"departement_commune":null,"verifie":true,"name":"BORNE FONTAINE","source":"Géoportail ANSTAT"}},{"type":"Feature","geometry":{"type":"Point","coordinates":[-3.067875999999956,8.74826500000006]},"properties":{"id":41060,"nom":"BORNE FONTAINE","type":"borne fontaine","district_region":null,"departement_commune":null,"verifie":true,"name":"BORNE FONTAINE","source":"Géoportail ANSTAT"}},{"type":"Feature","geometry":{"type":"Point","coordinates":[-3.073610999999971,8.759077000000048]},"properties":{"id":41061,"nom":"BORNE FONTAINE","type":"borne fontaine","district_region":null,"departement_commune":null,"verifie":true,"name":"BORNE FONTAINE","source":"Géoportail ANSTAT"}},{"type":"Feature","geometry":{"type":"Point","coordinates":[-3.188279999999963,8.916608000000053]},"properties":{"id":41062,"nom":"BORNE FONTAINE 2 DE TIESSABA","type":"borne fontaine","district_region":null,"departement_commune":null,"verifie":true,"name":"BORNE FONTAINE 2 DE TIESSABA","source":"Géoportail ANSTAT"}},{"type":"Feature","geometry":{"type":"Point","coordinates":[-3.188166999999964,8.915556000000038]},"properties":{"id":41063,"nom":"BORNE FONTAINE DE TIASSABA","type":"borne fontaine","district_region":null,"departement_commune":null,"verifie":true,"name":"BORNE FONTAINE DE TIASSABA","source":"Géoportail ANSTAT"}},{"type":"Feature","geometry":{"type":"Point","coordinates":[-3.188042999999936,8.914854000000048]},"properties":{"id":41064,"nom":"BORNE HVA","type":"borne fontaine","district_region":null,"departement_commune":null,"verifie":true,"name":"BORNE HVA","source":"Géoportail ANSTAT"}},{"type":"Feature","geometry":{"type":"Point","coordinates":[-3.18825099999998,8.91659500000003]},"properties":{"id":41065,"nom":"BORNE HVA","type":"borne fontaine","district_region":null,"departement_commune":null,"verifie":true,"name":"BORNE HVA","source":"Géoportail ANSTAT"}},{"type":"Feature","geometry":{"type":"Point","coordinates":[-3.344339999999931,9.709958000000029]},"properties":{"id":41066,"nom":"BORNE FONTAINE","type":"borne fontaine","district_region":null,"departement_commune":null,"verifie":true,"name":"BORNE FONTAINE","source":"Géoportail ANSTAT"}},{"type":"Feature","geometry":{"type":"Point","coordinates":[-2.858213999999975,9.21418600000004]},"properties":{"id":41067,"nom":"BORNE HVA","type":"borne fontaine","district_region":null,"departement_commune":null,"verifie":true,"name":"BORNE HVA","source":"Géoportail ANSTAT"}},{"type":"Feature","geometry":{"type":"Point","coordinates":[-2.892116999999928,8.819044000000076]},"properties":{"id":41068,"nom":"BORNE FONTAINE","type":"borne fontaine","district_region":null,"departement_commune":null,"verifie":true,"name":"BORNE FONTAINE","source":"Géoportail ANSTAT"}},{"type":"Feature","geometry":{"type":"Point","coordinates":[-2.834523999999931,8.974816000000033]},"properties":{"id":41069,"nom":"BORNE  FONTAINE","type":"borne fontaine","district_region":null,"departement_commune":null,"verifie":true,"name":"BORNE  FONTAINE","source":"Géoportail ANSTAT"}},{"type":"Feature","geometry":{"type":"Point","coordinates":[-4.586516999999958,6.760534000000064]},"properties":{"id":41070,"nom":"BORNE FONTAINE","type":"borne fontaine","district_region":null,"departement_commune":null,"verifie":true,"name":"BORNE FONTAINE","source":"Géoportail ANSTAT"}},{"type":"Feature","geometry":{"type":"Point","coordinates":[-4.297600999999929,7.048636000000045]},"properties":{"id":41071,"nom":"BORNE SODECI","type":"borne fontaine","district_region":null,"departement_commune":null,"verifie":true,"name":"BORNE SODECI","source":"Géoportail ANSTAT"}},{"type":"Feature","geometry":{"type":"Point","coordinates":[-4.709860999999933,6.831277000000057]},"properties":{"id":41072,"nom":"BORNE FONTAINE DE ASSAMOIKRO","type":"borne fontaine","district_region":null,"departement_commune":null,"verifie":true,"name":"BORNE FONTAINE DE ASSAMOIKRO","source":"Géoportail ANSTAT"}},{"type":"Feature","geometry":{"type":"Point","coordinates":[-4.473013999999978,7.017935000000023]},"properties":{"id":41073,"nom":"BORNE FONTAINE DU VILLAGE","type":"borne fontaine","district_region":null,"departement_commune":null,"verifie":true,"name":"BORNE FONTAINE DU VILLAGE","source":"Géoportail ANSTAT"}},{"type":"Feature","geometry":{"type":"Point","coordinates":[-4.165116999999952,7.086872000000028]},"properties":{"id":41074,"nom":"BORNE SODECI","type":"borne fontaine","district_region":null,"departement_commune":null,"verifie":true,"name":"BORNE SODECI","source":"Géoportail ANSTAT"}},{"type":"Feature","geometry":{"type":"Point","coordinates":[-4.164279999999962,7.088340000000073]},"properties":{"id":41075,"nom":"BORNE SODECI","type":"borne fontaine","district_region":null,"departement_commune":null,"verifie":true,"name":"BORNE SODECI","source":"Géoportail ANSTAT"}},{"type":"Feature","geometry":{"type":"Point","coordinates":[-8.103013999999973,6.590327000000059]},"properties":{"id":41076,"nom":"BORNE FONTAINE 02","type":"borne fontaine","district_region":null,"departement_commune":null,"verifie":true,"name":"BORNE FONTAINE 02","source":"Géoportail ANSTAT"}},{"type":"Feature","geometry":{"type":"Point","coordinates":[-8.103398999999968,6.590414000000067]},"properties":{"id":41077,"nom":"BORNE FONTAINE 03","type":"borne fontaine","district_region":null,"departement_commune":null,"verifie":true,"name":"BORNE FONTAINE 03","source":"Géoportail ANSTAT"}},{"type":"Feature","geometry":{"type":"Point","coordinates":[-6.421954999999969,7.398716000000036]},"properties":{"id":41078,"nom":"BORNE FONTAINE","type":"borne fontaine","district_region":null,"departement_commune":null,"verifie":true,"name":"BORNE FONTAINE","source":"Géoportail ANSTAT"}},{"type":"Feature","geometry":{"type":"Point","coordinates":[-6.514263999999969,7.373818000000028]},"properties":{"id":41079,"nom":"BORNE FONTAINE","type":"borne fontaine","district_region":null,"departement_commune":null,"verifie":true,"name":"BORNE FONTAINE","source":"Géoportail ANSTAT"}},{"type":"Feature","geometry":{"type":"Point","coordinates":[-6.820385999999928,6.534597000000076]},"properties":{"id":41080,"nom":"BONNE FONTAINE","type":"borne fontaine","district_region":null,"departement_commune":null,"verifie":true,"name":"BONNE FONTAINE","source":"Géoportail ANSTAT"}},{"type":"Feature","geometry":{"type":"Point","coordinates":[-6.821173999999928,6.53851700000007]},"properties":{"id":41081,"nom":"BORNE FONTAINE","type":"borne fontaine","district_region":null,"departement_commune":null,"verifie":true,"name":"BORNE FONTAINE","source":"Géoportail ANSTAT"}},{"type":"Feature","geometry":{"type":"Point","coordinates":[-6.821178999999972,6.539128000000062]},"properties":{"id":41082,"nom":"BORNE FONTAINE","type":"borne fontaine","district_region":null,"departement_commune":null,"verifie":true,"name":"BORNE FONTAINE","source":"Géoportail ANSTAT"}},{"type":"Feature","geometry":{"type":"Point","coordinates":[-6.820730999999967,6.536217000000022]},"properties":{"id":41083,"nom":"BORNE FONTAINE","type":"borne fontaine","district_region":null,"departement_commune":null,"verifie":true,"name":"BORNE FONTAINE","source":"Géoportail ANSTAT"}},{"type":"Feature","geometry":{"type":"Point","coordinates":[-6.818298999999968,6.535481000000061]},"properties":{"id":41084,"nom":"BORNE FONTAINE","type":"borne fontaine","district_region":null,"departement_commune":null,"verifie":true,"name":"BORNE FONTAINE","source":"Géoportail ANSTAT"}},{"type":"Feature","geometry":{"type":"Point","coordinates":[-6.822772999999927,6.535203000000024]},"properties":{"id":41085,"nom":"BORNE FONTAINE","type":"borne fontaine","district_region":null,"departement_commune":null,"verifie":true,"name":"BORNE FONTAINE","source":"Géoportail ANSTAT"}},{"type":"Feature","geometry":{"type":"Point","coordinates":[-6.818649999999934,6.533609000000069]},"properties":{"id":41086,"nom":"BORNE FONTAINE 4","type":"borne fontaine","district_region":null,"departement_commune":null,"verifie":true,"name":"BORNE FONTAINE 4","source":"Géoportail ANSTAT"}},{"type":"Feature","geometry":{"type":"Point","coordinates":[-6.710380999999927,6.390712000000065]},"properties":{"id":41087,"nom":"BORNE FONTAINE","type":"borne fontaine","district_region":null,"departement_commune":null,"verifie":true,"name":"BORNE FONTAINE","source":"Géoportail ANSTAT"}},{"type":"Feature","geometry":{"type":"Point","coordinates":[-6.708308999999929,6.391372000000047]},"properties":{"id":41088,"nom":"BORNE FONTAINE","type":"borne fontaine","district_region":null,"departement_commune":null,"verifie":true,"name":"BORNE FONTAINE","source":"Géoportail ANSTAT"}},{"type":"Feature","geometry":{"type":"Point","coordinates":[-5.038829999999962,6.28779000000003]},"properties":{"id":41089,"nom":"BONNE FONTAINE","type":"borne fontaine","district_region":null,"departement_commune":null,"verifie":true,"name":"BONNE FONTAINE","source":"Géoportail ANSTAT"}},{"type":"Feature","geometry":{"type":"Point","coordinates":[-5.040598999999929,6.287766000000033]},"properties":{"id":41090,"nom":"BONNE FONTAINE","type":"borne fontaine","district_region":null,"departement_commune":null,"verifie":true,"name":"BONNE FONTAINE","source":"Géoportail ANSTAT"}},{"type":"Feature","geometry":{"type":"Point","coordinates":[-4.930226999999945,6.253252000000032]},"properties":{"id":41092,"nom":"BORNE FONTAINE AHEREMOU 1","type":"borne fontaine","district_region":null,"departement_commune":null,"verifie":true,"name":"BORNE FONTAINE AHEREMOU 1","source":"Géoportail ANSTAT"}},{"type":"Feature","geometry":{"type":"Point","coordinates":[-4.574967999999956,5.681930000000023]},"properties":{"id":41093,"nom":"BORNE FONTAINE","type":"borne fontaine","district_region":null,"departement_commune":null,"verifie":true,"name":"BORNE FONTAINE","source":"Géoportail ANSTAT"}},{"type":"Feature","geometry":{"type":"Point","coordinates":[-4.20285999999993,5.627362000000062]},"properties":{"id":41094,"nom":"BORNE FONTAINE","type":"borne fontaine","district_region":null,"departement_commune":null,"verifie":true,"name":"BORNE FONTAINE","source":"Géoportail ANSTAT"}},{"type":"Feature","geometry":{"type":"Point","coordinates":[-4.107688999999937,5.928521000000046]},"properties":{"id":41095,"nom":"BORNE FONTAINE DE LAPO","type":"borne fontaine","district_region":null,"departement_commune":null,"verifie":true,"name":"BORNE FONTAINE DE LAPO","source":"Géoportail ANSTAT"}},{"type":"Feature","geometry":{"type":"Point","coordinates":[-4.133988999999929,6.023323000000062]},"properties":{"id":41096,"nom":"BORNE FONTAINE MBERIE","type":"borne fontaine","district_region":null,"departement_commune":null,"verifie":true,"name":"BORNE FONTAINE MBERIE","source":"Géoportail ANSTAT"}},{"type":"Feature","geometry":{"type":"Point","coordinates":[-7.673405999999943,7.980413000000055]},"properties":{"id":41097,"nom":"BORNE FORAGE","type":"borne fontaine","district_region":null,"departement_commune":null,"verifie":true,"name":"BORNE FORAGE","source":"Géoportail ANSTAT"}},{"type":"Feature","geometry":{"type":"Point","coordinates":[-5.693262999999945,6.028709000000049]},"properties":{"id":41098,"nom":"BORNE FONTAINE","type":"borne fontaine","district_region":null,"departement_commune":null,"verifie":true,"name":"BORNE FONTAINE","source":"Géoportail ANSTAT"}},{"type":"Feature","geometry":{"type":"Point","coordinates":[-5.758557999999937,5.659354000000064]},"properties":{"id":41099,"nom":"BORNE DE SODECI","type":"borne fontaine","district_region":null,"departement_commune":null,"verifie":true,"name":"BORNE DE SODECI","source":"Géoportail ANSTAT"}},{"type":"Feature","geometry":{"type":"Point","coordinates":[-5.760755999999958,5.658304000000044]},"properties":{"id":41100,"nom":"BORNE FONTAINE","type":"borne fontaine","district_region":null,"departement_commune":null,"verifie":true,"name":"BORNE FONTAINE","source":"Géoportail ANSTAT"}},{"type":"Feature","geometry":{"type":"Point","coordinates":[-5.757338999999945,5.661448000000064]},"properties":{"id":41101,"nom":"BORNE FONTAINE","type":"borne fontaine","district_region":null,"departement_commune":null,"verifie":true,"name":"BORNE FONTAINE","source":"Géoportail ANSTAT"}},{"type":"Feature","geometry":{"type":"Point","coordinates":[-5.627279999999928,5.922041000000036]},"properties":{"id":41102,"nom":"BORNE FONTAINE","type":"borne fontaine","district_region":null,"departement_commune":null,"verifie":true,"name":"BORNE FONTAINE","source":"Géoportail ANSTAT"}},{"type":"Feature","geometry":{"type":"Point","coordinates":[-5.301209999999969,6.117735000000039]},"properties":{"id":41103,"nom":"BORNE FONTAINE","type":"borne fontaine","district_region":null,"departement_commune":null,"verifie":true,"name":"BORNE FONTAINE","source":"Géoportail ANSTAT"}},{"type":"Feature","geometry":{"type":"Point","coordinates":[-5.29915699999998,6.120316000000059]},"properties":{"id":41104,"nom":"BORNE FONTAINE","type":"borne fontaine","district_region":null,"departement_commune":null,"verifie":true,"name":"BORNE FONTAINE","source":"Géoportail ANSTAT"}},{"type":"Feature","geometry":{"type":"Point","coordinates":[-5.107146999999941,6.120228000000054]},"properties":{"id":41105,"nom":"BORNE FONTAINE","type":"borne fontaine","district_region":null,"departement_commune":null,"verifie":true,"name":"BORNE FONTAINE","source":"Géoportail ANSTAT"}},{"type":"Feature","geometry":{"type":"Point","coordinates":[-5.304475999999966,6.143097000000068]},"properties":{"id":41106,"nom":"BORNE FONTAINE","type":"borne fontaine","district_region":null,"departement_commune":null,"verifie":true,"name":"BORNE FONTAINE","source":"Géoportail ANSTAT"}},{"type":"Feature","geometry":{"type":"Point","coordinates":[-5.299859999999967,6.136603000000036]},"properties":{"id":41107,"nom":"BORNE FONTAINE","type":"borne fontaine","district_region":null,"departement_commune":null,"verifie":true,"name":"BORNE FONTAINE","source":"Géoportail ANSTAT"}},{"type":"Feature","geometry":{"type":"Point","coordinates":[-5.302033999999935,6.139824000000033]},"properties":{"id":41108,"nom":"BORNE FONTAINE","type":"borne fontaine","district_region":null,"departement_commune":null,"verifie":true,"name":"BORNE FONTAINE","source":"Géoportail ANSTAT"}},{"type":"Feature","geometry":{"type":"Point","coordinates":[-5.298296999999934,6.13675900000004]},"properties":{"id":41109,"nom":"BORNE FONTAINE","type":"borne fontaine","district_region":null,"departement_commune":null,"verifie":true,"name":"BORNE FONTAINE","source":"Géoportail ANSTAT"}},{"type":"Feature","geometry":{"type":"Point","coordinates":[-5.322175999999956,6.157422000000054]},"properties":{"id":41110,"nom":"BORNE FONTAINE","type":"borne fontaine","district_region":null,"departement_commune":null,"verifie":true,"name":"BORNE FONTAINE","source":"Géoportail ANSTAT"}},{"type":"Feature","geometry":{"type":"Point","coordinates":[-5.320254999999975,6.154575000000023]},"properties":{"id":41111,"nom":"BORNE FONTAINE","type":"borne fontaine","district_region":null,"departement_commune":null,"verifie":true,"name":"BORNE FONTAINE","source":"Géoportail ANSTAT"}},{"type":"Feature","geometry":{"type":"Point","coordinates":[-5.322555999999963,6.158774000000051]},"properties":{"id":41112,"nom":"BORNE FOTAINE","type":"borne fontaine","district_region":null,"departement_commune":null,"verifie":true,"name":"BORNE FOTAINE","source":"Géoportail ANSTAT"}},{"type":"Feature","geometry":{"type":"Point","coordinates":[-5.31492499999996,6.22592400000002]},"properties":{"id":41113,"nom":"BORNE FONFAINE","type":"borne fontaine","district_region":null,"departement_commune":null,"verifie":true,"name":"BORNE FONFAINE","source":"Géoportail ANSTAT"}},{"type":"Feature","geometry":{"type":"Point","coordinates":[-5.31478199999998,6.224931000000026]},"properties":{"id":41114,"nom":"BORNE FONFAINE","type":"borne fontaine","district_region":null,"departement_commune":null,"verifie":true,"name":"BORNE FONFAINE","source":"Géoportail ANSTAT"}},{"type":"Feature","geometry":{"type":"Point","coordinates":[-5.286905999999931,6.195168000000024]},"properties":{"id":41115,"nom":"BORNE FONTAINE","type":"borne fontaine","district_region":null,"departement_commune":null,"verifie":true,"name":"BORNE FONTAINE","source":"Géoportail ANSTAT"}},{"type":"Feature","geometry":{"type":"Point","coordinates":[-5.287620999999945,6.197744000000057]},"properties":{"id":41116,"nom":"BORNE FONTAINE","type":"borne fontaine","district_region":null,"departement_commune":null,"verifie":true,"name":"BORNE FONTAINE","source":"Géoportail ANSTAT"}},{"type":"Feature","geometry":{"type":"Point","coordinates":[-5.315747999999928,6.226676000000055]},"properties":{"id":41117,"nom":"BORNE FONTAINE","type":"borne fontaine","district_region":null,"departement_commune":null,"verifie":true,"name":"BORNE FONTAINE","source":"Géoportail ANSTAT"}},{"type":"Feature","geometry":{"type":"Point","coordinates":[-5.184975999999949,6.074196000000029]},"properties":{"id":41118,"nom":"BORNE FONTAINE","type":"borne fontaine","district_region":null,"departement_commune":null,"verifie":true,"name":"BORNE FONTAINE","source":"Géoportail ANSTAT"}},{"type":"Feature","geometry":{"type":"Point","coordinates":[-5.18398499999995,6.075605000000053]},"properties":{"id":41119,"nom":"BORNE FONTAINE","type":"borne fontaine","district_region":null,"departement_commune":null,"verifie":true,"name":"BORNE FONTAINE","source":"Géoportail ANSTAT"}},{"type":"Feature","geometry":{"type":"Point","coordinates":[-5.135472999999934,5.600946000000022]},"properties":{"id":41120,"nom":"BORNE FONTAINE","type":"borne fontaine","district_region":null,"departement_commune":null,"verifie":true,"name":"BORNE FONTAINE","source":"Géoportail ANSTAT"}},{"type":"Feature","geometry":{"type":"Point","coordinates":[-5.140054999999961,5.601140000000044]},"properties":{"id":41121,"nom":"BORNE FONTAINE","type":"borne fontaine","district_region":null,"departement_commune":null,"verifie":true,"name":"BORNE FONTAINE","source":"Géoportail ANSTAT"}},{"type":"Feature","geometry":{"type":"Point","coordinates":[-5.133721999999977,5.599423000000058]},"properties":{"id":41122,"nom":"BORNE FONTAINE","type":"borne fontaine","district_region":null,"departement_commune":null,"verifie":true,"name":"BORNE FONTAINE","source":"Géoportail ANSTAT"}},{"type":"Feature","geometry":{"type":"Point","coordinates":[-5.137651999999946,5.598200000000077]},"properties":{"id":41123,"nom":"BORNE FONTAINE","type":"borne fontaine","district_region":null,"departement_commune":null,"verifie":true,"name":"BORNE FONTAINE","source":"Géoportail ANSTAT"}},{"type":"Feature","geometry":{"type":"Point","coordinates":[-5.304610999999966,5.74211200000002]},"properties":{"id":41124,"nom":"BORNE FONTAINE","type":"borne fontaine","district_region":null,"departement_commune":null,"verifie":true,"name":"BORNE FONTAINE","source":"Géoportail ANSTAT"}},{"type":"Feature","geometry":{"type":"Point","coordinates":[-5.304603999999927,5.74211200000002]},"properties":{"id":41125,"nom":"BORNE FONTAINE","type":"borne fontaine","district_region":null,"departement_commune":null,"verifie":true,"name":"BORNE FONTAINE","source":"Géoportail ANSTAT"}},{"type":"Feature","geometry":{"type":"Point","coordinates":[-5.306179999999927,5.742763000000025]},"properties":{"id":41126,"nom":"BORNE FONTAINE","type":"borne fontaine","district_region":null,"departement_commune":null,"verifie":true,"name":"BORNE FONTAINE","source":"Géoportail ANSTAT"}},{"type":"Feature","geometry":{"type":"Point","coordinates":[-5.311089999999979,5.747835000000066]},"properties":{"id":41127,"nom":"BORNE FONTAINE","type":"borne fontaine","district_region":null,"departement_commune":null,"verifie":true,"name":"BORNE FONTAINE","source":"Géoportail ANSTAT"}},{"type":"Feature","geometry":{"type":"Point","coordinates":[-5.308769999999981,5.748440000000073]},"properties":{"id":41128,"nom":"BORNE FONTAINE","type":"borne fontaine","district_region":null,"departement_commune":null,"verifie":true,"name":"BORNE FONTAINE","source":"Géoportail ANSTAT"}},{"type":"Feature","geometry":{"type":"Point","coordinates":[-5.306596999999954,5.750414000000035]},"properties":{"id":41129,"nom":"BORNE FONTAINE","type":"borne fontaine","district_region":null,"departement_commune":null,"verifie":true,"name":"BORNE FONTAINE","source":"Géoportail ANSTAT"}},{"type":"Feature","geometry":{"type":"Point","coordinates":[-5.310760999999957,5.746006000000023]},"properties":{"id":41130,"nom":"BORNE FONTAINE","type":"borne fontaine","district_region":null,"departement_commune":null,"verifie":true,"name":"BORNE FONTAINE","source":"Géoportail ANSTAT"}},{"type":"Feature","geometry":{"type":"Point","coordinates":[-5.309775999999943,5.747720000000072]},"properties":{"id":41131,"nom":"BORNE FONTAINE","type":"borne fontaine","district_region":null,"departement_commune":null,"verifie":true,"name":"BORNE FONTAINE","source":"Géoportail ANSTAT"}},{"type":"Feature","geometry":{"type":"Point","coordinates":[-5.304240999999934,5.747336000000075]},"properties":{"id":41132,"nom":"BORNE FONTAINE","type":"borne fontaine","district_region":null,"departement_commune":null,"verifie":true,"name":"BORNE FONTAINE","source":"Géoportail ANSTAT"}},{"type":"Feature","geometry":{"type":"Point","coordinates":[-5.304876999999976,5.745984000000021]},"properties":{"id":41133,"nom":"BORNE FONTAINE","type":"borne fontaine","district_region":null,"departement_commune":null,"verifie":true,"name":"BORNE FONTAINE","source":"Géoportail ANSTAT"}},{"type":"Feature","geometry":{"type":"Point","coordinates":[-5.303666999999962,5.746217000000058]},"properties":{"id":41134,"nom":"BORNE FONTAINE","type":"borne fontaine","district_region":null,"departement_commune":null,"verifie":true,"name":"BORNE FONTAINE","source":"Géoportail ANSTAT"}},{"type":"Feature","geometry":{"type":"Point","coordinates":[-5.335258999999951,5.780969000000027]},"properties":{"id":41135,"nom":"BORNE FONTAINE","type":"borne fontaine","district_region":null,"departement_commune":null,"verifie":true,"name":"BORNE FONTAINE","source":"Géoportail ANSTAT"}},{"type":"Feature","geometry":{"type":"Point","coordinates":[-5.33475999999996,5.777513000000056]},"properties":{"id":41136,"nom":"BORNE FONTAINE","type":"borne fontaine","district_region":null,"departement_commune":null,"verifie":true,"name":"BORNE FONTAINE","source":"Géoportail ANSTAT"}},{"type":"Feature","geometry":{"type":"Point","coordinates":[-5.334434999999928,5.779263000000071]},"properties":{"id":41137,"nom":"BORNE FONTAINE DE GOUAN","type":"borne fontaine","district_region":null,"departement_commune":null,"verifie":true,"name":"BORNE FONTAINE DE GOUAN","source":"Géoportail ANSTAT"}},{"type":"Feature","geometry":{"type":"Point","coordinates":[-5.358130999999958,5.854243000000054]},"properties":{"id":41138,"nom":"BORNE FONTAINE","type":"borne fontaine","district_region":null,"departement_commune":null,"verifie":true,"name":"BORNE FONTAINE","source":"Géoportail ANSTAT"}},{"type":"Feature","geometry":{"type":"Point","coordinates":[-5.165099999999939,5.87693900000005]},"properties":{"id":41139,"nom":"BORNE FONTAINE","type":"borne fontaine","district_region":null,"departement_commune":null,"verifie":true,"name":"BORNE FONTAINE","source":"Géoportail ANSTAT"}},{"type":"Feature","geometry":{"type":"Point","coordinates":[-5.22024399999998,6.076976000000059]},"properties":{"id":41140,"nom":"BORNE FONTAINE","type":"borne fontaine","district_region":null,"departement_commune":null,"verifie":true,"name":"BORNE FONTAINE","source":"Géoportail ANSTAT"}},{"type":"Feature","geometry":{"type":"Point","coordinates":[-5.219181999999932,6.080591000000027]},"properties":{"id":41141,"nom":"BORNE FONTAINE","type":"borne fontaine","district_region":null,"departement_commune":null,"verifie":true,"name":"BORNE FONTAINE","source":"Géoportail ANSTAT"}},{"type":"Feature","geometry":{"type":"Point","coordinates":[-5.211868999999979,6.080590000000029]},"properties":{"id":41142,"nom":"BORNE FONTAINE","type":"borne fontaine","district_region":null,"departement_commune":null,"verifie":true,"name":"BORNE FONTAINE","source":"Géoportail ANSTAT"}},{"type":"Feature","geometry":{"type":"Point","coordinates":[-5.337185999999974,5.789249000000041]},"properties":{"id":41143,"nom":"BORNE FONTAINE","type":"borne fontaine","district_region":null,"departement_commune":null,"verifie":true,"name":"BORNE FONTAINE","source":"Géoportail ANSTAT"}},{"type":"Feature","geometry":{"type":"Point","coordinates":[-5.337540999999931,5.785466000000042]},"properties":{"id":41144,"nom":"BORNE FONTAINE","type":"borne fontaine","district_region":null,"departement_commune":null,"verifie":true,"name":"BORNE FONTAINE","source":"Géoportail ANSTAT"}},{"type":"Feature","geometry":{"type":"Point","coordinates":[-5.338304999999934,5.787488000000053]},"properties":{"id":41145,"nom":"BORNE FONTAINE","type":"borne fontaine","district_region":null,"departement_commune":null,"verifie":true,"name":"BORNE FONTAINE","source":"Géoportail ANSTAT"}},{"type":"Feature","geometry":{"type":"Point","coordinates":[-5.304800999999941,5.748330000000067]},"properties":{"id":41146,"nom":"BORNE FONTAINE","type":"borne fontaine","district_region":null,"departement_commune":null,"verifie":true,"name":"BORNE FONTAINE","source":"Géoportail ANSTAT"}},{"type":"Feature","geometry":{"type":"Point","coordinates":[-5.30635499999994,5.749018000000035]},"properties":{"id":41147,"nom":"BORNE FONTAINE","type":"borne fontaine","district_region":null,"departement_commune":null,"verifie":true,"name":"BORNE FONTAINE","source":"Géoportail ANSTAT"}},{"type":"Feature","geometry":{"type":"Point","coordinates":[-6.645472999999981,9.920776000000046]},"properties":{"id":41148,"nom":"BORNE FONTAINE","type":"borne fontaine","district_region":null,"departement_commune":null,"verifie":true,"name":"BORNE FONTAINE","source":"Géoportail ANSTAT"}},{"type":"Feature","geometry":{"type":"Point","coordinates":[-6.619635999999957,9.971663000000037]},"properties":{"id":41149,"nom":"BORNE FONTAINE","type":"borne fontaine","district_region":null,"departement_commune":null,"verifie":true,"name":"BORNE FONTAINE","source":"Géoportail ANSTAT"}},{"type":"Feature","geometry":{"type":"Point","coordinates":[-6.617183999999952,9.97188200000005]},"properties":{"id":41150,"nom":"BORNE FONTAINE","type":"borne fontaine","district_region":null,"departement_commune":null,"verifie":true,"name":"BORNE FONTAINE","source":"Géoportail ANSTAT"}},{"type":"Feature","geometry":{"type":"Point","coordinates":[-6.851955999999973,10.03995800000007]},"properties":{"id":41151,"nom":"BORNE FONTAINE","type":"borne fontaine","district_region":null,"departement_commune":null,"verifie":true,"name":"BORNE FONTAINE","source":"Géoportail ANSTAT"}},{"type":"Feature","geometry":{"type":"Point","coordinates":[-6.473676999999952,9.53764300000006]},"properties":{"id":41152,"nom":"BONNE FONTAINE","type":"borne fontaine","district_region":null,"departement_commune":null,"verifie":true,"name":"BONNE FONTAINE","source":"Géoportail ANSTAT"}},{"type":"Feature","geometry":{"type":"Point","coordinates":[-6.336458999999934,10.35057100000006]},"properties":{"id":41153,"nom":"BONNE FONTAINE","type":"borne fontaine","district_region":null,"departement_commune":null,"verifie":true,"name":"BONNE FONTAINE","source":"Géoportail ANSTAT"}},{"type":"Feature","geometry":{"type":"Point","coordinates":[-6.337483999999961,10.35304700000006]},"properties":{"id":41154,"nom":"BORNE FONTAINE","type":"borne fontaine","district_region":null,"departement_commune":null,"verifie":true,"name":"BORNE FONTAINE","source":"Géoportail ANSTAT"}},{"type":"Feature","geometry":{"type":"Point","coordinates":[-6.339263999999957,10.34923200000003]},"properties":{"id":41155,"nom":"BORNE FONTAINE","type":"borne fontaine","district_region":null,"departement_commune":null,"verifie":true,"name":"BORNE FONTAINE","source":"Géoportail ANSTAT"}},{"type":"Feature","geometry":{"type":"Point","coordinates":[-6.218818999999939,10.44775600000003]},"properties":{"id":41156,"nom":"BORNE FONTAINE","type":"borne fontaine","district_region":null,"departement_commune":null,"verifie":true,"name":"BORNE FONTAINE","source":"Géoportail ANSTAT"}},{"type":"Feature","geometry":{"type":"Point","coordinates":[-6.409550999999965,10.47630600000002]},"properties":{"id":41157,"nom":"BORNE FONTAINE","type":"borne fontaine","district_region":null,"departement_commune":null,"verifie":true,"name":"BORNE FONTAINE","source":"Géoportail ANSTAT"}},{"type":"Feature","geometry":{"type":"Point","coordinates":[-6.414589999999976,10.47941600000007]},"properties":{"id":41158,"nom":"BORNE FONTAINE","type":"borne fontaine","district_region":null,"departement_commune":null,"verifie":true,"name":"BORNE FONTAINE","source":"Géoportail ANSTAT"}},{"type":"Feature","geometry":{"type":"Point","coordinates":[-6.200133999999935,8.53911000000005]},"properties":{"id":41159,"nom":"BORNE FONTAINE","type":"borne fontaine","district_region":null,"departement_commune":null,"verifie":true,"name":"BORNE FONTAINE","source":"Géoportail ANSTAT"}},{"type":"Feature","geometry":{"type":"Point","coordinates":[-6.19891599999994,8.54083300000002]},"properties":{"id":41160,"nom":"BORNE FONTAINE","type":"borne fontaine","district_region":null,"departement_commune":null,"verifie":true,"name":"BORNE FONTAINE","source":"Géoportail ANSTAT"}},{"type":"Feature","geometry":{"type":"Point","coordinates":[-6.174878999999976,8.07717400000007]},"properties":{"id":41161,"nom":"BORNE FONTAINE DE MADIAN","type":"borne fontaine","district_region":null,"departement_commune":null,"verifie":true,"name":"BORNE FONTAINE DE MADIAN","source":"Géoportail ANSTAT"}},{"type":"Feature","geometry":{"type":"Point","coordinates":[-6.193866999999955,8.069794000000059]},"properties":{"id":41162,"nom":"BONNE FONTAINE","type":"borne fontaine","district_region":null,"departement_commune":null,"verifie":true,"name":"BONNE FONTAINE","source":"Géoportail ANSTAT"}},{"type":"Feature","geometry":{"type":"Point","coordinates":[-6.194659999999942,8.069931000000054]},"properties":{"id":41163,"nom":"BORNE FONTAINE","type":"borne fontaine","district_region":null,"departement_commune":null,"verifie":true,"name":"BORNE FONTAINE","source":"Géoportail ANSTAT"}},{"type":"Feature","geometry":{"type":"Point","coordinates":[-6.195784999999944,8.753220000000056]},"properties":{"id":41164,"nom":"BORNE FONTAINE","type":"borne fontaine","district_region":null,"departement_commune":null,"verifie":true,"name":"BORNE FONTAINE","source":"Géoportail ANSTAT"}},{"type":"Feature","geometry":{"type":"Point","coordinates":[-6.674474999999973,10.24750800000004]},"properties":{"id":41165,"nom":"BORNE FONTAINE","type":"borne fontaine","district_region":null,"departement_commune":null,"verifie":true,"name":"BORNE FONTAINE","source":"Géoportail ANSTAT"}},{"type":"Feature","geometry":{"type":"Point","coordinates":[-6.673843999999974,10.24614100000002]},"properties":{"id":41166,"nom":"BORNE FONTAINE","type":"borne fontaine","district_region":null,"departement_commune":null,"verifie":true,"name":"BORNE FONTAINE","source":"Géoportail ANSTAT"}},{"type":"Feature","geometry":{"type":"Point","coordinates":[-6.680793999999935,10.24622400000004]},"properties":{"id":41167,"nom":"BORNE FONTAINE","type":"borne fontaine","district_region":null,"departement_commune":null,"verifie":true,"name":"BORNE FONTAINE","source":"Géoportail ANSTAT"}},{"type":"Feature","geometry":{"type":"Point","coordinates":[-6.677998999999943,10.24552900000003]},"properties":{"id":41168,"nom":"BORNE FONTAINE","type":"borne fontaine","district_region":null,"departement_commune":null,"verifie":true,"name":"BORNE FONTAINE","source":"Géoportail ANSTAT"}},{"type":"Feature","geometry":{"type":"Point","coordinates":[-6.932956999999931,10.31485700000007]},"properties":{"id":41169,"nom":"BORNE FONTAINE","type":"borne fontaine","district_region":null,"departement_commune":null,"verifie":true,"name":"BORNE FONTAINE","source":"Géoportail ANSTAT"}},{"type":"Feature","geometry":{"type":"Point","coordinates":[-6.931646999999941,10.31070900000003]},"properties":{"id":41170,"nom":"BORNE FONTAINE","type":"borne fontaine","district_region":null,"departement_commune":null,"verifie":true,"name":"BORNE FONTAINE","source":"Géoportail ANSTAT"}},{"type":"Feature","geometry":{"type":"Point","coordinates":[-6.931036999999947,10.31244500000003]},"properties":{"id":41171,"nom":"BORNE FONTAINE","type":"borne fontaine","district_region":null,"departement_commune":null,"verifie":true,"name":"BORNE FONTAINE","source":"Géoportail ANSTAT"}},{"type":"Feature","geometry":{"type":"Point","coordinates":[-6.936495999999977,10.31477400000006]},"properties":{"id":41172,"nom":"BORNE FONTAINE","type":"borne fontaine","district_region":null,"departement_commune":null,"verifie":true,"name":"BORNE FONTAINE","source":"Géoportail ANSTAT"}},{"type":"Feature","geometry":{"type":"Point","coordinates":[-6.935400999999956,10.31736800000004]},"properties":{"id":41173,"nom":"BORNE FONTAINE","type":"borne fontaine","district_region":null,"departement_commune":null,"verifie":true,"name":"BORNE FONTAINE","source":"Géoportail ANSTAT"}},{"type":"Feature","geometry":{"type":"Point","coordinates":[-7.153339999999957,9.98874900000004]},"properties":{"id":41174,"nom":"BORNE FONTAINE DE NIARALA","type":"borne fontaine","district_region":null,"departement_commune":null,"verifie":true,"name":"BORNE FONTAINE DE NIARALA","source":"Géoportail ANSTAT"}},{"type":"Feature","geometry":{"type":"Point","coordinates":[-7.150707999999952,9.987180000000023]},"properties":{"id":41175,"nom":"BORNE FONTAINE DE NIARALA","type":"borne fontaine","district_region":null,"departement_commune":null,"verifie":true,"name":"BORNE FONTAINE DE NIARALA","source":"Géoportail ANSTAT"}},{"type":"Feature","geometry":{"type":"Point","coordinates":[-7.416582999999946,10.24308100000007]},"properties":{"id":41176,"nom":"BORNE FONTAINE","type":"borne fontaine","district_region":null,"departement_commune":null,"verifie":true,"name":"BORNE FONTAINE","source":"Géoportail ANSTAT"}},{"type":"Feature","geometry":{"type":"Point","coordinates":[-3.340577999999937,6.565576000000021]},"properties":{"id":41177,"nom":"BORNE FONTAINE","type":"borne fontaine","district_region":null,"departement_commune":null,"verifie":true,"name":"BORNE FONTAINE","source":"Géoportail ANSTAT"}},{"type":"Feature","geometry":{"type":"Point","coordinates":[-3.340372999999943,6.562297000000058]},"properties":{"id":41178,"nom":"BORNES FONTAINE","type":"borne fontaine","district_region":null,"departement_commune":null,"verifie":true,"name":"BORNES FONTAINE","source":"Géoportail ANSTAT"}},{"type":"Feature","geometry":{"type":"Point","coordinates":[-3.388825999999938,6.459268000000066]},"properties":{"id":41179,"nom":"BORNE FONTAINE","type":"borne fontaine","district_region":null,"departement_commune":null,"verifie":true,"name":"BORNE FONTAINE","source":"Géoportail ANSTAT"}},{"type":"Feature","geometry":{"type":"Point","coordinates":[-3.389500999999939,6.458952000000068]},"properties":{"id":41180,"nom":"BORNE FONTAINE","type":"borne fontaine","district_region":null,"departement_commune":null,"verifie":true,"name":"BORNE FONTAINE","source":"Géoportail ANSTAT"}},{"type":"Feature","geometry":{"type":"Point","coordinates":[-3.405613999999957,6.509037000000035]},"properties":{"id":41181,"nom":"BORNE FONTAINE","type":"borne fontaine","district_region":null,"departement_commune":null,"verifie":true,"name":"BORNE FONTAINE","source":"Géoportail ANSTAT"}},{"type":"Feature","geometry":{"type":"Point","coordinates":[-3.404158999999936,6.507919000000072]},"properties":{"id":41182,"nom":"BORNE FONTAINE","type":"borne fontaine","district_region":null,"departement_commune":null,"verifie":true,"name":"BORNE FONTAINE","source":"Géoportail ANSTAT"}},{"type":"Feature","geometry":{"type":"Point","coordinates":[-3.31502299999994,7.238926000000049]},"properties":{"id":41183,"nom":"BORNE FONTAINE","type":"borne fontaine","district_region":null,"departement_commune":null,"verifie":true,"name":"BORNE FONTAINE","source":"Géoportail ANSTAT"}},{"type":"Feature","geometry":{"type":"Point","coordinates":[-3.337080999999955,6.129019000000028]},"properties":{"id":41184,"nom":"BORNE FONTAINE","type":"borne fontaine","district_region":null,"departement_commune":null,"verifie":true,"name":"BORNE FONTAINE","source":"Géoportail ANSTAT"}},{"type":"Feature","geometry":{"type":"Point","coordinates":[-3.356796999999972,6.171828000000062]},"properties":{"id":41185,"nom":"BORNE FONTAINE DE AKA COMOEKRO","type":"borne fontaine","district_region":null,"departement_commune":null,"verifie":true,"name":"BORNE FONTAINE DE AKA COMOEKRO","source":"Géoportail ANSTAT"}},{"type":"Feature","geometry":{"type":"Point","coordinates":[-3.387026999999932,6.142811000000052]},"properties":{"id":41186,"nom":"BORNE FONTAINE DE AKREBY","type":"borne fontaine","district_region":null,"departement_commune":null,"verifie":true,"name":"BORNE FONTAINE DE AKREBY","source":"Géoportail ANSTAT"}},{"type":"Feature","geometry":{"type":"Point","coordinates":[-3.407381999999927,6.082033000000024]},"properties":{"id":41187,"nom":"BORNE FONTAINE","type":"borne fontaine","district_region":null,"departement_commune":null,"verifie":true,"name":"BORNE FONTAINE","source":"Géoportail ANSTAT"}},{"type":"Feature","geometry":{"type":"Point","coordinates":[-3.400517999999977,6.081956000000048]},"properties":{"id":41188,"nom":"BORNE FONTAINE SODECI","type":"borne fontaine","district_region":null,"departement_commune":null,"verifie":true,"name":"BORNE FONTAINE SODECI","source":"Géoportail ANSTAT"}},{"type":"Feature","geometry":{"type":"Point","coordinates":[-7.036959999999965,9.493089000000056]},"properties":{"id":41189,"nom":"BORNE FONTAINE","type":"borne fontaine","district_region":null,"departement_commune":null,"verifie":true,"name":"BORNE FONTAINE","source":"Géoportail ANSTAT"}},{"type":"Feature","geometry":{"type":"Point","coordinates":[-7.037373999999943,9.49794600000007]},"properties":{"id":41190,"nom":"BORNE FONTAINE","type":"borne fontaine","district_region":null,"departement_commune":null,"verifie":true,"name":"BORNE FONTAINE","source":"Géoportail ANSTAT"}},{"type":"Feature","geometry":{"type":"Point","coordinates":[-7.039257999999961,9.495495000000062]},"properties":{"id":41191,"nom":"BORNE FONTAINE","type":"borne fontaine","district_region":null,"departement_commune":null,"verifie":true,"name":"BORNE FONTAINE","source":"Géoportail ANSTAT"}},{"type":"Feature","geometry":{"type":"Point","coordinates":[-7.155293999999969,9.677418000000046]},"properties":{"id":41192,"nom":"BONNE FONTAINE","type":"borne fontaine","district_region":null,"departement_commune":null,"verifie":true,"name":"BONNE FONTAINE","source":"Géoportail ANSTAT"}},{"type":"Feature","geometry":{"type":"Point","coordinates":[-7.209234999999978,9.81109200000003]},"properties":{"id":41193,"nom":"BORNE FONTAINE","type":"borne fontaine","district_region":null,"departement_commune":null,"verifie":true,"name":"BORNE FONTAINE","source":"Géoportail ANSTAT"}},{"type":"Feature","geometry":{"type":"Point","coordinates":[-7.208127999999931,9.812164000000053]},"properties":{"id":41194,"nom":"BORNE FONTAINE","type":"borne fontaine","district_region":null,"departement_commune":null,"verifie":true,"name":"BORNE FONTAINE","source":"Géoportail ANSTAT"}},{"type":"Feature","geometry":{"type":"Point","coordinates":[-7.224980999999957,9.685399000000077]},"properties":{"id":41195,"nom":"BONNE FONTAINE","type":"borne fontaine","district_region":null,"departement_commune":null,"verifie":true,"name":"BONNE FONTAINE","source":"Géoportail ANSTAT"}},{"type":"Feature","geometry":{"type":"Point","coordinates":[-7.223848999999973,9.686409000000026]},"properties":{"id":41196,"nom":"BORNE FONTAINE","type":"borne fontaine","district_region":null,"departement_commune":null,"verifie":true,"name":"BORNE FONTAINE","source":"Géoportail ANSTAT"}},{"type":"Feature","geometry":{"type":"Point","coordinates":[-7.224505999999963,9.682594000000051]},"properties":{"id":41197,"nom":"BORNE FONTAINE","type":"borne fontaine","district_region":null,"departement_commune":null,"verifie":true,"name":"BORNE FONTAINE","source":"Géoportail ANSTAT"}},{"type":"Feature","geometry":{"type":"Point","coordinates":[-7.224417999999957,9.683455000000038]},"properties":{"id":41198,"nom":"BORNE FONTAINE","type":"borne fontaine","district_region":null,"departement_commune":null,"verifie":true,"name":"BORNE FONTAINE","source":"Géoportail ANSTAT"}},{"type":"Feature","geometry":{"type":"Point","coordinates":[-7.223662999999931,9.68426500000004]},"properties":{"id":41199,"nom":"BORNE FONTAINE","type":"borne fontaine","district_region":null,"departement_commune":null,"verifie":true,"name":"BORNE FONTAINE","source":"Géoportail ANSTAT"}},{"type":"Feature","geometry":{"type":"Point","coordinates":[-7.266266999999971,9.02852400000006]},"properties":{"id":41200,"nom":"BORNE FONTAINE","type":"borne fontaine","district_region":null,"departement_commune":null,"verifie":true,"name":"BORNE FONTAINE","source":"Géoportail ANSTAT"}},{"type":"Feature","geometry":{"type":"Point","coordinates":[-7.591704999999934,9.085413000000074]},"properties":{"id":41201,"nom":"BORNE","type":"borne fontaine","district_region":null,"departement_commune":null,"verifie":true,"name":"BORNE","source":"Géoportail ANSTAT"}},{"type":"Feature","geometry":{"type":"Point","coordinates":[-7.606721999999934,9.252009000000044]},"properties":{"id":41202,"nom":"BORNE FONTAINE","type":"borne fontaine","district_region":null,"departement_commune":null,"verifie":true,"name":"BORNE FONTAINE","source":"Géoportail ANSTAT"}},{"type":"Feature","geometry":{"type":"Point","coordinates":[-7.726084999999955,9.287349000000065]},"properties":{"id":41203,"nom":"BONNE","type":"borne fontaine","district_region":null,"departement_commune":null,"verifie":true,"name":"BONNE","source":"Géoportail ANSTAT"}},{"type":"Feature","geometry":{"type":"Point","coordinates":[-7.790566999999953,9.341030000000046]},"properties":{"id":41204,"nom":"BORNE FONTAINE","type":"borne fontaine","district_region":null,"departement_commune":null,"verifie":true,"name":"BORNE FONTAINE","source":"Géoportail ANSTAT"}},{"type":"Feature","geometry":{"type":"Point","coordinates":[-7.789961999999946,9.526411000000053]},"properties":{"id":41205,"nom":"BORNE FONTAINE","type":"borne fontaine","district_region":null,"departement_commune":null,"verifie":true,"name":"BORNE FONTAINE","source":"Géoportail ANSTAT"}},{"type":"Feature","geometry":{"type":"Point","coordinates":[-7.791251999999929,9.527390000000024]},"properties":{"id":41206,"nom":"BORNE FONTAINE","type":"borne fontaine","district_region":null,"departement_commune":null,"verifie":true,"name":"BORNE FONTAINE","source":"Géoportail ANSTAT"}},{"type":"Feature","geometry":{"type":"Point","coordinates":[-7.827073999999925,9.509253000000058]},"properties":{"id":41207,"nom":"BORNE FONTAINE","type":"borne fontaine","district_region":null,"departement_commune":null,"verifie":true,"name":"BORNE FONTAINE","source":"Géoportail ANSTAT"}},{"type":"Feature","geometry":{"type":"Point","coordinates":[-7.827987999999948,9.510135000000048]},"properties":{"id":41208,"nom":"BORNE FONTAINE","type":"borne fontaine","district_region":null,"departement_commune":null,"verifie":true,"name":"BORNE FONTAINE","source":"Géoportail ANSTAT"}},{"type":"Feature","geometry":{"type":"Point","coordinates":[-7.827031999999974,9.509304000000045]},"properties":{"id":41209,"nom":"BORNE FONTAINE","type":"borne fontaine","district_region":null,"departement_commune":null,"verifie":true,"name":"BORNE FONTAINE","source":"Géoportail ANSTAT"}},{"type":"Feature","geometry":{"type":"Point","coordinates":[-7.841907999999933,9.422611000000074]},"properties":{"id":41210,"nom":"BORNE FORAGE","type":"borne fontaine","district_region":null,"departement_commune":null,"verifie":true,"name":"BORNE FORAGE","source":"Géoportail ANSTAT"}},{"type":"Feature","geometry":{"type":"Point","coordinates":[-7.843689999999981,9.422773000000063]},"properties":{"id":41211,"nom":"BORNE FORAGE","type":"borne fontaine","district_region":null,"departement_commune":null,"verifie":true,"name":"BORNE FORAGE","source":"Géoportail ANSTAT"}},{"type":"Feature","geometry":{"type":"Point","coordinates":[-8.12038599999994,9.52956800000004]},"properties":{"id":41212,"nom":"BORNE FONTAINE","type":"borne fontaine","district_region":null,"departement_commune":null,"verifie":true,"name":"BORNE FONTAINE","source":"Géoportail ANSTAT"}},{"type":"Feature","geometry":{"type":"Point","coordinates":[-3.848794999999939,5.598325000000045]},"properties":{"id":41213,"nom":"BORNE FONTAINE","type":"borne fontaine","district_region":null,"departement_commune":null,"verifie":true,"name":"BORNE FONTAINE","source":"Géoportail ANSTAT"}},{"type":"Feature","geometry":{"type":"Point","coordinates":[-3.988722999999936,5.983975000000044]},"properties":{"id":41214,"nom":"BORNE FONTAINE","type":"borne fontaine","district_region":null,"departement_commune":null,"verifie":true,"name":"BORNE FONTAINE","source":"Géoportail ANSTAT"}},{"type":"Feature","geometry":{"type":"Point","coordinates":[-3.782029999999963,6.010743000000048]},"properties":{"id":41215,"nom":"BORNE FONTAINE DU COMMERCE D ADONKOI","type":"borne fontaine","district_region":null,"departement_commune":null,"verifie":true,"name":"BORNE FONTAINE DU COMMERCE D ADONKOI","source":"Géoportail ANSTAT"}},{"type":"Feature","geometry":{"type":"Point","coordinates":[-3.780490999999927,6.010272000000043]},"properties":{"id":41216,"nom":"BORNE FONTAINEDE ADONKOI","type":"borne fontaine","district_region":null,"departement_commune":null,"verifie":true,"name":"BORNE FONTAINEDE ADONKOI","source":"Géoportail ANSTAT"}},{"type":"Feature","geometry":{"type":"Point","coordinates":[-3.953120999999953,5.806379000000049]},"properties":{"id":41217,"nom":"BORNE FONTAINE","type":"borne fontaine","district_region":null,"departement_commune":null,"verifie":true,"name":"BORNE FONTAINE","source":"Géoportail ANSTAT"}},{"type":"Feature","geometry":{"type":"Point","coordinates":[-3.953104999999937,5.806379000000049]},"properties":{"id":41218,"nom":"BORNE FONTAINE","type":"borne fontaine","district_region":null,"departement_commune":null,"verifie":true,"name":"BORNE FONTAINE","source":"Géoportail ANSTAT"}},{"type":"Feature","geometry":{"type":"Point","coordinates":[-3.505278999999973,5.415035000000046]},"properties":{"id":41219,"nom":"BONNE FONTAINE","type":"borne fontaine","district_region":null,"departement_commune":null,"verifie":true,"name":"BONNE FONTAINE","source":"Géoportail ANSTAT"}},{"type":"Feature","geometry":{"type":"Point","coordinates":[-3.509713999999974,5.501936000000057]},"properties":{"id":41220,"nom":"BORNE FONTAINE CITE BLANCHE","type":"borne fontaine","district_region":null,"departement_commune":null,"verifie":true,"name":"BORNE FONTAINE CITE BLANCHE","source":"Géoportail ANSTAT"}},{"type":"Feature","geometry":{"type":"Point","coordinates":[-3.51081499999998,5.502537000000075]},"properties":{"id":41221,"nom":"BORNE FONTAINE DE QUARTIER COMMERCE","type":"borne fontaine","district_region":null,"departement_commune":null,"verifie":true,"name":"BORNE FONTAINE DE QUARTIER COMMERCE","source":"Géoportail ANSTAT"}},{"type":"Feature","geometry":{"type":"Point","coordinates":[-3.51200799999998,5.503936000000067]},"properties":{"id":41222,"nom":"BORNE FONTAINE PRES DE LA MOSQUEE","type":"borne fontaine","district_region":null,"departement_commune":null,"verifie":true,"name":"BORNE FONTAINE PRES DE LA MOSQUEE","source":"Géoportail ANSTAT"}},{"type":"Feature","geometry":{"type":"Point","coordinates":[-3.510803999999951,5.502526000000046]},"properties":{"id":41223,"nom":"BORNE FONTAINE QUARTIER MARCHE","type":"borne fontaine","district_region":null,"departement_commune":null,"verifie":true,"name":"BORNE FONTAINE QUARTIER MARCHE","source":"Géoportail ANSTAT"}},{"type":"Feature","geometry":{"type":"Point","coordinates":[-2.895139999999969,5.182831000000022]},"properties":{"id":41224,"nom":"BORNE FONTAINE","type":"borne fontaine","district_region":null,"departement_commune":null,"verifie":true,"name":"BORNE FONTAINE","source":"Géoportail ANSTAT"}},{"type":"Feature","geometry":{"type":"Point","coordinates":[-2.970325999999943,5.24248300000005]},"properties":{"id":41225,"nom":"BORNE FONTAINE","type":"borne fontaine","district_region":null,"departement_commune":null,"verifie":true,"name":"BORNE FONTAINE","source":"Géoportail ANSTAT"}},{"type":"Feature","geometry":{"type":"Point","coordinates":[-3.169629999999927,5.387823000000026]},"properties":{"id":41226,"nom":"BORNE FONTAINE","type":"borne fontaine","district_region":null,"departement_commune":null,"verifie":true,"name":"BORNE FONTAINE","source":"Géoportail ANSTAT"}},{"type":"Feature","geometry":{"type":"Point","coordinates":[-3.244276999999954,5.502197000000024]},"properties":{"id":41227,"nom":"BORNE FONTAINE DE BAKRO","type":"borne fontaine","district_region":null,"departement_commune":null,"verifie":true,"name":"BORNE FONTAINE DE BAKRO","source":"Géoportail ANSTAT"}},{"type":"Feature","geometry":{"type":"Point","coordinates":[-3.176026999999976,5.875086000000067]},"properties":{"id":41228,"nom":"BORNE FONTAINE","type":"borne fontaine","district_region":null,"departement_commune":null,"verifie":true,"name":"BORNE FONTAINE","source":"Géoportail ANSTAT"}},{"type":"Feature","geometry":{"type":"Point","coordinates":[-2.832871999999952,5.503826000000061]},"properties":{"id":41229,"nom":"BORNE FONTAINE","type":"borne fontaine","district_region":null,"departement_commune":null,"verifie":true,"name":"BORNE FONTAINE","source":"Géoportail ANSTAT"}},{"type":"Feature","geometry":{"type":"Point","coordinates":[-2.835711999999944,5.463265000000035]},"properties":{"id":41230,"nom":"BORNE FONTAINE DE NIAMIENLESSA","type":"borne fontaine","district_region":null,"departement_commune":null,"verifie":true,"name":"BORNE FONTAINE DE NIAMIENLESSA","source":"Géoportail ANSTAT"}},{"type":"Feature","geometry":{"type":"Point","coordinates":[-2.859001999999975,5.477630000000033]},"properties":{"id":41231,"nom":"BORNE FONTAINE","type":"borne fontaine","district_region":null,"departement_commune":null,"verifie":true,"name":"BORNE FONTAINE","source":"Géoportail ANSTAT"}},{"type":"Feature","geometry":{"type":"Point","coordinates":[-2.902206999999976,5.498250000000041]},"properties":{"id":41232,"nom":"BORNE FONTAINE","type":"borne fontaine","district_region":null,"departement_commune":null,"verifie":true,"name":"BORNE FONTAINE","source":"Géoportail ANSTAT"}},{"type":"Feature","geometry":{"type":"Point","coordinates":[-4.512936999999965,8.441215000000057]},"properties":{"id":41233,"nom":"BORNE FONTAINE","type":"borne fontaine","district_region":null,"departement_commune":null,"verifie":true,"name":"BORNE FONTAINE","source":"Géoportail ANSTAT"}},{"type":"Feature","geometry":{"type":"Point","coordinates":[-4.479750999999965,8.468491000000029]},"properties":{"id":41234,"nom":"BORNE FONTAINE","type":"borne fontaine","district_region":null,"departement_commune":null,"verifie":true,"name":"BORNE FONTAINE","source":"Géoportail ANSTAT"}},{"type":"Feature","geometry":{"type":"Point","coordinates":[-4.481265999999948,8.46836600000006]},"properties":{"id":41235,"nom":"BORNE FONTAINE","type":"borne fontaine","district_region":null,"departement_commune":null,"verifie":true,"name":"BORNE FONTAINE","source":"Géoportail ANSTAT"}},{"type":"Feature","geometry":{"type":"Point","coordinates":[-4.485088999999959,8.47439300000002]},"properties":{"id":41236,"nom":"BORNE FONTAINE","type":"borne fontaine","district_region":null,"departement_commune":null,"verifie":true,"name":"BORNE FONTAINE","source":"Géoportail ANSTAT"}},{"type":"Feature","geometry":{"type":"Point","coordinates":[-5.168202999999949,9.215205000000026]},"properties":{"id":41237,"nom":"BONNE FONTAINE DE NABOUKALAKAHA","type":"borne fontaine","district_region":null,"departement_commune":null,"verifie":true,"name":"BONNE FONTAINE DE NABOUKALAKAHA","source":"Géoportail ANSTAT"}},{"type":"Feature","geometry":{"type":"Point","coordinates":[-8.096250999999938,6.950547000000029]},"properties":{"id":41238,"nom":"BORNE FONTAINE DE BOUTOUO 2","type":"borne fontaine","district_region":null,"departement_commune":null,"verifie":true,"name":"BORNE FONTAINE DE BOUTOUO 2","source":"Géoportail ANSTAT"}},{"type":"Feature","geometry":{"type":"Point","coordinates":[-8.095387999999957,6.950437000000022]},"properties":{"id":41239,"nom":"BORNE FONTAINE DE BOUTOUO2","type":"borne fontaine","district_region":null,"departement_commune":null,"verifie":true,"name":"BORNE FONTAINE DE BOUTOUO2","source":"Géoportail ANSTAT"}},{"type":"Feature","geometry":{"type":"Point","coordinates":[-8.146259999999927,7.016326000000049]},"properties":{"id":41240,"nom":"BORNE FONTAINE","type":"borne fontaine","district_region":null,"departement_commune":null,"verifie":true,"name":"BORNE FONTAINE","source":"Géoportail ANSTAT"}},{"type":"Feature","geometry":{"type":"Point","coordinates":[-7.72734399999996,7.636293000000023]},"properties":{"id":41241,"nom":"BORNE FONTAIN","type":"borne fontaine","district_region":null,"departement_commune":null,"verifie":true,"name":"BORNE FONTAIN","source":"Géoportail ANSTAT"}},{"type":"Feature","geometry":{"type":"Point","coordinates":[-8.312468999999965,6.785143000000062]},"properties":{"id":41242,"nom":"BORNE FONAINE SODECIE DE BIN HOUYE","type":"borne fontaine","district_region":null,"departement_commune":null,"verifie":true,"name":"BORNE FONAINE SODECIE DE BIN HOUYE","source":"Géoportail ANSTAT"}},{"type":"Feature","geometry":{"type":"Point","coordinates":[-4.450722999999925,7.349803000000065]},"properties":{"id":41243,"nom":"BORNE FONTAINE DE KPASSANOU","type":"borne fontaine","district_region":null,"departement_commune":null,"verifie":true,"name":"BORNE FONTAINE DE KPASSANOU","source":"Géoportail ANSTAT"}},{"type":"Feature","geometry":{"type":"Point","coordinates":[-3.735285999999974,7.603384000000062]},"properties":{"id":41244,"nom":"BORNE SODECI","type":"borne fontaine","district_region":null,"departement_commune":null,"verifie":true,"name":"BORNE SODECI","source":"Géoportail ANSTAT"}},{"type":"Feature","geometry":{"type":"Point","coordinates":[-3.732309999999927,7.603045000000066]},"properties":{"id":41245,"nom":"BORNE SODECI","type":"borne fontaine","district_region":null,"departement_commune":null,"verifie":true,"name":"BORNE SODECI","source":"Géoportail ANSTAT"}},{"type":"Feature","geometry":{"type":"Point","coordinates":[-4.339525999999978,7.448461000000066]},"properties":{"id":41246,"nom":"BORNE DE NGATTAKRO","type":"borne fontaine","district_region":null,"departement_commune":null,"verifie":true,"name":"BORNE DE NGATTAKRO","source":"Géoportail ANSTAT"}},{"type":"Feature","geometry":{"type":"Point","coordinates":[-4.331135999999958,7.455959000000064]},"properties":{"id":41247,"nom":"BORNE SODECI","type":"borne fontaine","district_region":null,"departement_commune":null,"verifie":true,"name":"BORNE SODECI","source":"Géoportail ANSTAT"}},{"type":"Feature","geometry":{"type":"Point","coordinates":[-4.334866999999974,7.452200000000062]},"properties":{"id":41248,"nom":"BORNE SODECI","type":"borne fontaine","district_region":null,"departement_commune":null,"verifie":true,"name":"BORNE SODECI","source":"Géoportail ANSTAT"}},{"type":"Feature","geometry":{"type":"Point","coordinates":[-3.944332999999972,7.525253000000021]},"properties":{"id":41249,"nom":"BORNE FONTAINE DE GBANGBO NDAKRO","type":"borne fontaine","district_region":null,"departement_commune":null,"verifie":true,"name":"BORNE FONTAINE DE GBANGBO NDAKRO","source":"Géoportail ANSTAT"}},{"type":"Feature","geometry":{"type":"Point","coordinates":[-3.968687999999929,7.591923000000065]},"properties":{"id":41250,"nom":"BORNE FONTAINE","type":"borne fontaine","district_region":null,"departement_commune":null,"verifie":true,"name":"BORNE FONTAINE","source":"Géoportail ANSTAT"}},{"type":"Feature","geometry":{"type":"Point","coordinates":[-3.965527999999949,7.204440000000034]},"properties":{"id":41251,"nom":"BORNE FONTAINE","type":"borne fontaine","district_region":null,"departement_commune":null,"verifie":true,"name":"BORNE FONTAINE","source":"Géoportail ANSTAT"}},{"type":"Feature","geometry":{"type":"Point","coordinates":[-3.577021999999943,7.496781000000055]},"properties":{"id":41252,"nom":"BORNE","type":"borne fontaine","district_region":null,"departement_commune":null,"verifie":true,"name":"BORNE","source":"Géoportail ANSTAT"}},{"type":"Feature","geometry":{"type":"Point","coordinates":[-3.719235999999967,7.189305000000047]},"properties":{"id":41253,"nom":"BORNE FONTAINE","type":"borne fontaine","district_region":null,"departement_commune":null,"verifie":true,"name":"BORNE FONTAINE","source":"Géoportail ANSTAT"}},{"type":"Feature","geometry":{"type":"Point","coordinates":[-4.018848999999932,7.116524000000027]},"properties":{"id":41254,"nom":"BORNE FONTAINE","type":"borne fontaine","district_region":null,"departement_commune":null,"verifie":true,"name":"BORNE FONTAINE","source":"Géoportail ANSTAT"}},{"type":"Feature","geometry":{"type":"Point","coordinates":[-4.015984999999944,7.304585000000031]},"properties":{"id":41255,"nom":"BORNE SODECI","type":"borne fontaine","district_region":null,"departement_commune":null,"verifie":true,"name":"BORNE SODECI","source":"Géoportail ANSTAT"}},{"type":"Feature","geometry":{"type":"Point","coordinates":[-4.01332599999995,7.302824000000044]},"properties":{"id":41256,"nom":"BORNE SODECI","type":"borne fontaine","district_region":null,"departement_commune":null,"verifie":true,"name":"BORNE SODECI","source":"Géoportail ANSTAT"}},{"type":"Feature","geometry":{"type":"Point","coordinates":[-5.170189999999934,6.975354000000038]},"properties":{"id":41331,"nom":"BORNE FONTAINE D ASSANOU","type":"borne fontaine","district_region":null,"departement_commune":null,"verifie":true,"name":"BORNE FONTAINE D ASSANOU","source":"Géoportail ANSTAT"}},{"type":"Feature","geometry":{"type":"Point","coordinates":[-5.171734999999956,6.977900000000034]},"properties":{"id":41342,"nom":"BORNE FONTAINE","type":"borne fontaine","district_region":null,"departement_commune":null,"verifie":true,"name":"BORNE FONTAINE","source":"Géoportail ANSTAT"}},{"type":"Feature","geometry":{"type":"Point","coordinates":[-5.496823999999947,6.979970000000037]},"properties":{"id":42518,"nom":"BORNE FONTAINE DE ALLAI YAOKRO","type":"borne fontaine","district_region":null,"departement_commune":null,"verifie":true,"name":"BORNE FONTAINE DE ALLAI YAOKRO","source":"Géoportail ANSTAT"}},{"type":"Feature","geometry":{"type":"Point","coordinates":[-5.135960999999952,6.916105000000073]},"properties":{"id":42614,"nom":"BF3","type":"borne fontaine","district_region":null,"departement_commune":null,"verifie":true,"name":"BF3","source":"Géoportail ANSTAT"}},{"type":"Feature","geometry":{"type":"Point","coordinates":[-6.423016999999959,7.400209000000075]},"properties":{"id":44302,"nom":"ONEP BF 3","type":"borne fontaine","district_region":null,"departement_commune":null,"verifie":true,"name":"ONEP BF 3","source":"Géoportail ANSTAT"}},{"type":"Feature","geometry":{"type":"Point","coordinates":[-6.421764999999937,7.400412000000074]},"properties":{"id":44303,"nom":"ONEP BF 4","type":"borne fontaine","district_region":null,"departement_commune":null,"verifie":true,"name":"ONEP BF 4","source":"Géoportail ANSTAT"}},{"type":"Feature","geometry":{"type":"Point","coordinates":[-8.174261999999942,7.092282000000068]},"properties":{"id":53965,"nom":"POMPE VILLAGEOISE BF6","type":"borne fontaine","district_region":null,"departement_commune":null,"verifie":true,"name":"POMPE VILLAGEOISE BF6","source":"Géoportail ANSTAT"}},{"type":"Feature","geometry":{"type":"Point","coordinates":[-3.90798899999993,5.398145000000056]},"properties":{"id":56245,"nom":"BORNE FONTAINE SODECI","type":"borne fontaine","district_region":null,"departement_commune":null,"verifie":true,"name":"BORNE FONTAINE SODECI","source":"Géoportail ANSTAT"}}],"metadata":{"dataset":"Borne fontaine — ANSTAT","source":"Géoportail ANSTAT","theme":"Eau & assainissement","verified":true,"apercu":"complet"}}