{"type":"FeatureCollection","features":[{"type":"Feature","geometry":{"type":"Point","coordinates":[-5.068542999999977,7.668546000000049]},"properties":{"id":1101,"nom":"ONG CENTRE MEDICO SOCIAL BETHESDA","type":"centre sociaux","district_region":null,"departement_commune":null,"verifie":true,"name":"ONG CENTRE MEDICO SOCIAL BETHESDA","source":"Géoportail ANSTAT"}},{"type":"Feature","geometry":{"type":"Point","coordinates":[-5.269316999999944,6.706479000000058]},"properties":{"id":1325,"nom":"FOYER DES JEUNES  DU VILLAGE","type":"centre sociaux","district_region":null,"departement_commune":null,"verifie":true,"name":"FOYER DES JEUNES  DU VILLAGE","source":"Géoportail ANSTAT"}},{"type":"Feature","geometry":{"type":"Point","coordinates":[-5.269341999999938,6.706463000000042]},"properties":{"id":1326,"nom":"FOYER DES JEUNES","type":"centre sociaux","district_region":null,"departement_commune":null,"verifie":true,"name":"FOYER DES JEUNES","source":"Géoportail ANSTAT"}},{"type":"Feature","geometry":{"type":"Point","coordinates":[-5.322097999999926,7.058935000000076]},"properties":{"id":1614,"nom":"FOYER DES JEUNES DE DJAHAN SAKASSOU","type":"centre sociaux","district_region":null,"departement_commune":null,"verifie":true,"name":"FOYER DES JEUNES DE DJAHAN SAKASSOU","source":"Géoportail ANSTAT"}},{"type":"Feature","geometry":{"type":"Point","coordinates":[-5.255146999999965,6.962800000000072]},"properties":{"id":1621,"nom":"FOYER DES JEUNES DE NDENOU","type":"centre sociaux","district_region":null,"departement_commune":null,"verifie":true,"name":"FOYER DES JEUNES DE NDENOU","source":"Géoportail ANSTAT"}},{"type":"Feature","geometry":{"type":"Point","coordinates":[-4.705940999999939,7.572134000000062]},"properties":{"id":1663,"nom":"BOUTIQUE DU FOYER DES JEUNES DE PRONOU","type":"centre sociaux","district_region":null,"departement_commune":null,"verifie":true,"name":"BOUTIQUE DU FOYER DES JEUNES DE PRONOU","source":"Géoportail ANSTAT"}},{"type":"Feature","geometry":{"type":"Point","coordinates":[-5.942983999999967,6.150108000000046]},"properties":{"id":2805,"nom":"CENTRE CHRETIEN D ASSISTANCE MEDICALE SOCIALE","type":"centre sociaux","district_region":null,"departement_commune":null,"verifie":true,"name":"CENTRE CHRETIEN D ASSISTANCE MEDICALE SOCIALE","source":"Géoportail ANSTAT"}},{"type":"Feature","geometry":{"type":"Point","coordinates":[-4.638805999999931,5.958358000000032]},"properties":{"id":2970,"nom":"CENTRE D ECOUTE ET DASSISTANCE SOCIALE DE BODO 2","type":"centre sociaux","district_region":null,"departement_commune":null,"verifie":true,"name":"CENTRE D ECOUTE ET DASSISTANCE SOCIALE DE BODO 2","source":"Géoportail ANSTAT"}},{"type":"Feature","geometry":{"type":"Point","coordinates":[-2.917501999999956,5.280210000000068]},"properties":{"id":3026,"nom":"CENTRE D EVEIL ET DE PROTECTION  SOCIALE ALLAKRO","type":"centre sociaux","district_region":null,"departement_commune":null,"verifie":true,"name":"CENTRE D EVEIL ET DE PROTECTION  SOCIALE ALLAKRO","source":"Géoportail ANSTAT"}},{"type":"Feature","geometry":{"type":"Point","coordinates":[-7.025483999999949,6.86692800000003]},"properties":{"id":3098,"nom":"CENTRE DE SANTE MEDICO SOCIAL","type":"centre sociaux","district_region":null,"departement_commune":null,"verifie":true,"name":"CENTRE DE SANTE MEDICO SOCIAL","source":"Géoportail ANSTAT"}},{"type":"Feature","geometry":{"type":"Point","coordinates":[-4.570779999999957,5.670509000000038]},"properties":{"id":3099,"nom":"CENTRE DE SANTE LE SOCIAL","type":"centre sociaux","district_region":null,"departement_commune":null,"verifie":true,"name":"CENTRE DE SANTE LE SOCIAL","source":"Géoportail ANSTAT"}},{"type":"Feature","geometry":{"type":"Point","coordinates":[-8.161281999999972,7.254688000000044]},"properties":{"id":3102,"nom":"CENTRE DE SANTE MEDICO SOCIAL","type":"centre sociaux","district_region":null,"departement_commune":null,"verifie":true,"name":"CENTRE DE SANTE MEDICO SOCIAL","source":"Géoportail ANSTAT"}},{"type":"Feature","geometry":{"type":"Point","coordinates":[-2.795820999999933,5.289644000000067]},"properties":{"id":3107,"nom":"CENTRE D EVEIL ET DE PROTECTION SOCIALE","type":"centre sociaux","district_region":null,"departement_commune":null,"verifie":true,"name":"CENTRE D EVEIL ET DE PROTECTION SOCIALE","source":"Géoportail ANSTAT"}},{"type":"Feature","geometry":{"type":"Point","coordinates":[-4.715575999999942,8.372566000000063]},"properties":{"id":3108,"nom":"CENTRE D EDUCZTION SPECIALISEE ET CENTRE SOCIAL","type":"centre sociaux","district_region":null,"departement_commune":null,"verifie":true,"name":"CENTRE D EDUCZTION SPECIALISEE ET CENTRE SOCIAL","source":"Géoportail ANSTAT"}},{"type":"Feature","geometry":{"type":"Point","coordinates":[-5.280348999999944,9.502830000000074]},"properties":{"id":3113,"nom":"CENTRE MEDICO SOCIAL FERKE 1","type":"centre sociaux","district_region":null,"departement_commune":null,"verifie":true,"name":"CENTRE MEDICO SOCIAL FERKE 1","source":"Géoportail ANSTAT"}},{"type":"Feature","geometry":{"type":"Point","coordinates":[-5.629873999999973,10.43777900000003]},"properties":{"id":3114,"nom":"CENTRE MEDICO SOCIAL","type":"centre sociaux","district_region":null,"departement_commune":null,"verifie":true,"name":"CENTRE MEDICO SOCIAL","source":"Géoportail ANSTAT"}},{"type":"Feature","geometry":{"type":"Point","coordinates":[-6.62014199999993,4.73709400000007]},"properties":{"id":3120,"nom":"CENTRE MEDICO SOCIAL DU PORT AUTONOME DE SAN PEDRO","type":"centre sociaux","district_region":null,"departement_commune":null,"verifie":true,"name":"CENTRE MEDICO SOCIAL DU PORT AUTONOME DE SAN PEDRO","source":"Géoportail ANSTAT"}},{"type":"Feature","geometry":{"type":"Point","coordinates":[-6.53445899999997,5.254076000000055]},"properties":{"id":3121,"nom":"CENTRE MEDICO SOCIAL OFFOH BAH BOU","type":"centre sociaux","district_region":null,"departement_commune":null,"verifie":true,"name":"CENTRE MEDICO SOCIAL OFFOH BAH BOU","source":"Géoportail ANSTAT"}},{"type":"Feature","geometry":{"type":"Point","coordinates":[-6.546838999999977,5.021413000000052]},"properties":{"id":3123,"nom":"CENTRE MEDICO SOCIAL COOPAGA DE GABIADJI","type":"centre sociaux","district_region":null,"departement_commune":null,"verifie":true,"name":"CENTRE MEDICO SOCIAL COOPAGA DE GABIADJI","source":"Géoportail ANSTAT"}},{"type":"Feature","geometry":{"type":"Point","coordinates":[-6.644215999999972,5.099864000000025]},"properties":{"id":3124,"nom":"CENTRE MEDICO SOCIAL JEAN PIERRE BLONDEAU","type":"centre sociaux","district_region":null,"departement_commune":null,"verifie":true,"name":"CENTRE MEDICO SOCIAL JEAN PIERRE BLONDEAU","source":"Géoportail ANSTAT"}},{"type":"Feature","geometry":{"type":"Point","coordinates":[-7.076299999999947,5.129845000000046]},"properties":{"id":3126,"nom":"CENTRE MEDICO SOCIAL SOAPH CAO","type":"centre sociaux","district_region":null,"departement_commune":null,"verifie":true,"name":"CENTRE MEDICO SOCIAL SOAPH CAO","source":"Géoportail ANSTAT"}},{"type":"Feature","geometry":{"type":"Point","coordinates":[-7.310990999999945,4.480944000000022]},"properties":{"id":3127,"nom":"CENTRE MEDICO SOCIAL DE LA SICOR","type":"centre sociaux","district_region":null,"departement_commune":null,"verifie":true,"name":"CENTRE MEDICO SOCIAL DE LA SICOR","source":"Géoportail ANSTAT"}},{"type":"Feature","geometry":{"type":"Point","coordinates":[-7.501283999999941,4.969284000000073]},"properties":{"id":3128,"nom":"CENTRE MEDICO SOCIAL","type":"centre sociaux","district_region":null,"departement_commune":null,"verifie":true,"name":"CENTRE MEDICO SOCIAL","source":"Géoportail ANSTAT"}},{"type":"Feature","geometry":{"type":"Point","coordinates":[-5.637598999999966,9.45949900000005]},"properties":{"id":3130,"nom":"CENTRE SOCIAL 2 KOKO KORHOGO","type":"centre sociaux","district_region":null,"departement_commune":null,"verifie":true,"name":"CENTRE SOCIAL 2 KOKO KORHOGO","source":"Géoportail ANSTAT"}},{"type":"Feature","geometry":{"type":"Point","coordinates":[-6.482082999999932,5.344084000000066]},"properties":{"id":3132,"nom":"CENTRE MEDICAL DAIDE SOCIALE DE GNITITOUAGUI 2","type":"centre sociaux","district_region":null,"departement_commune":null,"verifie":true,"name":"CENTRE MEDICAL DAIDE SOCIALE DE GNITITOUAGUI 2","source":"Géoportail ANSTAT"}},{"type":"Feature","geometry":{"type":"Point","coordinates":[-6.391596999999933,5.820673000000056]},"properties":{"id":3136,"nom":"CENTRE MEDICO SOCIAL SIPEFCI","type":"centre sociaux","district_region":null,"departement_commune":null,"verifie":true,"name":"CENTRE MEDICO SOCIAL SIPEFCI","source":"Géoportail ANSTAT"}},{"type":"Feature","geometry":{"type":"Point","coordinates":[-6.404192999999964,5.77063400000003]},"properties":{"id":3137,"nom":"CENTRE SOCIAL DOKROUYO","type":"centre sociaux","district_region":null,"departement_commune":null,"verifie":true,"name":"CENTRE SOCIAL DOKROUYO","source":"Géoportail ANSTAT"}},{"type":"Feature","geometry":{"type":"Point","coordinates":[-6.538176999999962,6.114800000000059]},"properties":{"id":3138,"nom":"CENTRE SOCIALE DE GRAND ZATTRY","type":"centre sociaux","district_region":null,"departement_commune":null,"verifie":true,"name":"CENTRE SOCIALE DE GRAND ZATTRY","source":"Géoportail ANSTAT"}},{"type":"Feature","geometry":{"type":"Point","coordinates":[-6.694068999999956,6.24470100000002]},"properties":{"id":3139,"nom":"CENTRE MEDICOSOCIAL","type":"centre sociaux","district_region":null,"departement_commune":null,"verifie":true,"name":"CENTRE MEDICOSOCIAL","source":"Géoportail ANSTAT"}},{"type":"Feature","geometry":{"type":"Point","coordinates":[-6.64952999999997,6.107578000000046]},"properties":{"id":3140,"nom":"CENTRE MEDICO SOCIAL","type":"centre sociaux","district_region":null,"departement_commune":null,"verifie":true,"name":"CENTRE MEDICO SOCIAL","source":"Géoportail ANSTAT"}},{"type":"Feature","geometry":{"type":"Point","coordinates":[-7.013195999999937,6.246349000000066]},"properties":{"id":3141,"nom":"CENTRE SOCIAL DE BUYO","type":"centre sociaux","district_region":null,"departement_commune":null,"verifie":true,"name":"CENTRE SOCIAL DE BUYO","source":"Géoportail ANSTAT"}},{"type":"Feature","geometry":{"type":"Point","coordinates":[-6.276337999999953,5.664702000000034]},"properties":{"id":3142,"nom":"CENTRE MEDICO SOCIAL DE SIPEF CI OTTAWA","type":"centre sociaux","district_region":null,"departement_commune":null,"verifie":true,"name":"CENTRE MEDICO SOCIAL DE SIPEF CI OTTAWA","source":"Géoportail ANSTAT"}},{"type":"Feature","geometry":{"type":"Point","coordinates":[-4.353204999999946,6.474856000000045]},"properties":{"id":3144,"nom":"CENTRE SOCIAL","type":"centre sociaux","district_region":null,"departement_commune":null,"verifie":true,"name":"CENTRE SOCIAL","source":"Géoportail ANSTAT"}},{"type":"Feature","geometry":{"type":"Point","coordinates":[-4.102440999999942,6.655320000000074]},"properties":{"id":3146,"nom":"CENTRE SOCIAL DE ABONGOUA","type":"centre sociaux","district_region":null,"departement_commune":null,"verifie":true,"name":"CENTRE SOCIAL DE ABONGOUA","source":"Géoportail ANSTAT"}},{"type":"Feature","geometry":{"type":"Point","coordinates":[-4.208570999999949,6.654489000000069]},"properties":{"id":3147,"nom":"CENTRE MEDICO SOCIAL COOPENCO BONGOUANOU","type":"centre sociaux","district_region":null,"departement_commune":null,"verifie":true,"name":"CENTRE MEDICO SOCIAL COOPENCO BONGOUANOU","source":"Géoportail ANSTAT"}},{"type":"Feature","geometry":{"type":"Point","coordinates":[-7.431390999999962,6.896409000000062]},"properties":{"id":3148,"nom":"CENTRE MEDICO SOCIAL","type":"centre sociaux","district_region":null,"departement_commune":null,"verifie":true,"name":"CENTRE MEDICO SOCIAL","source":"Géoportail ANSTAT"}},{"type":"Feature","geometry":{"type":"Point","coordinates":[-7.353723999999943,6.747037000000034]},"properties":{"id":3149,"nom":"CENTRE MEDICO SOCIAL EVANGELIQUE","type":"centre sociaux","district_region":null,"departement_commune":null,"verifie":true,"name":"CENTRE MEDICO SOCIAL EVANGELIQUE","source":"Géoportail ANSTAT"}},{"type":"Feature","geometry":{"type":"Point","coordinates":[-4.795994999999948,5.297079000000053]},"properties":{"id":3150,"nom":"CENTRE MEDICO SOCIAL DE PALMCI IROBO","type":"centre sociaux","district_region":null,"departement_commune":null,"verifie":true,"name":"CENTRE MEDICO SOCIAL DE PALMCI IROBO","source":"Géoportail ANSTAT"}},{"type":"Feature","geometry":{"type":"Point","coordinates":[-4.466052999999931,5.42195700000002]},"properties":{"id":3154,"nom":"CENTRE SOCIAL DE LOPOU","type":"centre sociaux","district_region":null,"departement_commune":null,"verifie":true,"name":"CENTRE SOCIAL DE LOPOU","source":"Géoportail ANSTAT"}},{"type":"Feature","geometry":{"type":"Point","coordinates":[-4.989520999999968,5.255368000000033]},"properties":{"id":3155,"nom":"CENTRE SOCIAL DE GRAND LAHOU","type":"centre sociaux","district_region":null,"departement_commune":null,"verifie":true,"name":"CENTRE SOCIAL DE GRAND LAHOU","source":"Géoportail ANSTAT"}},{"type":"Feature","geometry":{"type":"Point","coordinates":[-4.416853999999944,5.203131000000042]},"properties":{"id":3156,"nom":"CENTRE SOCIAL DE JACQUEVILLE","type":"centre sociaux","district_region":null,"departement_commune":null,"verifie":true,"name":"CENTRE SOCIAL DE JACQUEVILLE","source":"Géoportail ANSTAT"}},{"type":"Feature","geometry":{"type":"Point","coordinates":[-4.396374999999978,5.331512000000032]},"properties":{"id":3157,"nom":"CENTRE DE SANTE SOCIAL LA PALMERAIE","type":"centre sociaux","district_region":null,"departement_commune":null,"verifie":true,"name":"CENTRE DE SANTE SOCIAL LA PALMERAIE","source":"Géoportail ANSTAT"}},{"type":"Feature","geometry":{"type":"Point","coordinates":[-4.38605199999995,5.323559000000046]},"properties":{"id":3159,"nom":"CENTRE MEDICO SOCIAL MISSIONNAIRE","type":"centre sociaux","district_region":null,"departement_commune":null,"verifie":true,"name":"CENTRE MEDICO SOCIAL MISSIONNAIRE","source":"Géoportail ANSTAT"}},{"type":"Feature","geometry":{"type":"Point","coordinates":[-5.775987999999927,6.42895100000004]},"properties":{"id":3162,"nom":"CENTRE MEDICO SOCIAL","type":"centre sociaux","district_region":null,"departement_commune":null,"verifie":true,"name":"CENTRE MEDICO SOCIAL","source":"Géoportail ANSTAT"}},{"type":"Feature","geometry":{"type":"Point","coordinates":[-5.57837399999994,6.296367000000032]},"properties":{"id":3164,"nom":"CENTRE MEDICAL SOCIAL DE DIEGONEFLA","type":"centre sociaux","district_region":null,"departement_commune":null,"verifie":true,"name":"CENTRE MEDICAL SOCIAL DE DIEGONEFLA","source":"Géoportail ANSTAT"}},{"type":"Feature","geometry":{"type":"Point","coordinates":[-6.085053999999957,4.958815000000072]},"properties":{"id":3165,"nom":"CENTRE SOCIAL DE SASSANDRA","type":"centre sociaux","district_region":null,"departement_commune":null,"verifie":true,"name":"CENTRE SOCIAL DE SASSANDRA","source":"Géoportail ANSTAT"}},{"type":"Feature","geometry":{"type":"Point","coordinates":[-5.59263599999997,5.477074000000073]},"properties":{"id":3166,"nom":"CENTRE MEDICO SOCIAL MERE","type":"centre sociaux","district_region":null,"departement_commune":null,"verifie":true,"name":"CENTRE MEDICO SOCIAL MERE","source":"Géoportail ANSTAT"}},{"type":"Feature","geometry":{"type":"Point","coordinates":[-4.141251999999952,5.314497000000074]},"properties":{"id":3167,"nom":"CENTRE MEDICO SOCIAL SOEURS PASSIONNISTE","type":"centre sociaux","district_region":null,"departement_commune":null,"verifie":true,"name":"CENTRE MEDICO SOCIAL SOEURS PASSIONNISTE","source":"Géoportail ANSTAT"}},{"type":"Feature","geometry":{"type":"Point","coordinates":[-2.807885999999939,8.050466000000029]},"properties":{"id":3168,"nom":"CENTRE MEDICO SOCIAL MAHANAIM","type":"centre sociaux","district_region":null,"departement_commune":null,"verifie":true,"name":"CENTRE MEDICO SOCIAL MAHANAIM","source":"Géoportail ANSTAT"}},{"type":"Feature","geometry":{"type":"Point","coordinates":[-3.43556499999994,8.13690200000002]},"properties":{"id":3170,"nom":"CENTRE SOCIAL DE TAOUDI","type":"centre sociaux","district_region":null,"departement_commune":null,"verifie":true,"name":"CENTRE SOCIAL DE TAOUDI","source":"Géoportail ANSTAT"}},{"type":"Feature","geometry":{"type":"Point","coordinates":[-2.984516999999926,8.147257000000025]},"properties":{"id":3171,"nom":"CENTRE SOCIAL DE SAPLI SEPINGO","type":"centre sociaux","district_region":null,"departement_commune":null,"verifie":true,"name":"CENTRE SOCIAL DE SAPLI SEPINGO","source":"Géoportail ANSTAT"}},{"type":"Feature","geometry":{"type":"Point","coordinates":[-2.709174999999959,8.175117000000057]},"properties":{"id":3172,"nom":"CENTRE SOCIAL DE SOROBANGO","type":"centre sociaux","district_region":null,"departement_commune":null,"verifie":true,"name":"CENTRE SOCIAL DE SOROBANGO","source":"Géoportail ANSTAT"}},{"type":"Feature","geometry":{"type":"Point","coordinates":[-3.520747999999969,7.834733000000028]},"properties":{"id":3173,"nom":"CENTRE SOCIAL PERE PAUL EMILE KOUASSI","type":"centre sociaux","district_region":null,"departement_commune":null,"verifie":true,"name":"CENTRE SOCIAL PERE PAUL EMILE KOUASSI","source":"Géoportail ANSTAT"}},{"type":"Feature","geometry":{"type":"Point","coordinates":[-3.174027999999964,7.807706000000053]},"properties":{"id":3175,"nom":"CENTRE SOCIAL DE TANDA","type":"centre sociaux","district_region":null,"departement_commune":null,"verifie":true,"name":"CENTRE SOCIAL DE TANDA","source":"Géoportail ANSTAT"}},{"type":"Feature","geometry":{"type":"Point","coordinates":[-6.276038999999969,7.841949000000056]},"properties":{"id":3176,"nom":"CENTRE SOCIAL","type":"centre sociaux","district_region":null,"departement_commune":null,"verifie":true,"name":"CENTRE SOCIAL","source":"Géoportail ANSTAT"}},{"type":"Feature","geometry":{"type":"Point","coordinates":[-6.607048999999961,8.476460000000031]},"properties":{"id":3178,"nom":"CENTRE SOCIAL DE KANI","type":"centre sociaux","district_region":null,"departement_commune":null,"verifie":true,"name":"CENTRE SOCIAL DE KANI","source":"Géoportail ANSTAT"}},{"type":"Feature","geometry":{"type":"Point","coordinates":[-6.673194999999964,7.960869000000059]},"properties":{"id":3179,"nom":"CENTRE SOCIAL DE SEGUELA","type":"centre sociaux","district_region":null,"departement_commune":null,"verifie":true,"name":"CENTRE SOCIAL DE SEGUELA","source":"Géoportail ANSTAT"}},{"type":"Feature","geometry":{"type":"Point","coordinates":[-6.674645999999939,7.960844000000066]},"properties":{"id":3180,"nom":"CENTRE SOCIAL DE SEGUELA","type":"centre sociaux","district_region":null,"departement_commune":null,"verifie":true,"name":"CENTRE SOCIAL DE SEGUELA","source":"Géoportail ANSTAT"}},{"type":"Feature","geometry":{"type":"Point","coordinates":[-6.048166999999978,7.42723200000006]},"properties":{"id":3183,"nom":"CENTRE SOCIAL DE ZUENOULA","type":"centre sociaux","district_region":null,"departement_commune":null,"verifie":true,"name":"CENTRE SOCIAL DE ZUENOULA","source":"Géoportail ANSTAT"}},{"type":"Feature","geometry":{"type":"Point","coordinates":[-6.140322999999967,7.59944900000005]},"properties":{"id":3185,"nom":"CENTRE MEDIC SOCIAL","type":"centre sociaux","district_region":null,"departement_commune":null,"verifie":true,"name":"CENTRE MEDIC SOCIAL","source":"Géoportail ANSTAT"}},{"type":"Feature","geometry":{"type":"Point","coordinates":[-5.914220999999941,6.624771000000067]},"properties":{"id":3186,"nom":"CENTRE MEDICO SOCIAL KENEYA","type":"centre sociaux","district_region":null,"departement_commune":null,"verifie":true,"name":"CENTRE MEDICO SOCIAL KENEYA","source":"Géoportail ANSTAT"}},{"type":"Feature","geometry":{"type":"Point","coordinates":[-5.916882999999928,6.621764000000042]},"properties":{"id":3187,"nom":"CENTRE SOCIAL DE SINFRA","type":"centre sociaux","district_region":null,"departement_commune":null,"verifie":true,"name":"CENTRE SOCIAL DE SINFRA","source":"Géoportail ANSTAT"}},{"type":"Feature","geometry":{"type":"Point","coordinates":[-5.028149999999926,7.666559000000063]},"properties":{"id":3196,"nom":"CENTRE MEDICO SOCIAL SAINT CAMILLE","type":"centre sociaux","district_region":null,"departement_commune":null,"verifie":true,"name":"CENTRE MEDICO SOCIAL SAINT CAMILLE","source":"Géoportail ANSTAT"}},{"type":"Feature","geometry":{"type":"Point","coordinates":[-5.024718999999948,7.717425000000048]},"properties":{"id":3197,"nom":"CENTRE MEDICO SOCIAL SAINTE ANNE DE BOUAKE","type":"centre sociaux","district_region":null,"departement_commune":null,"verifie":true,"name":"CENTRE MEDICO SOCIAL SAINTE ANNE DE BOUAKE","source":"Géoportail ANSTAT"}},{"type":"Feature","geometry":{"type":"Point","coordinates":[-5.033357999999964,7.685267000000067]},"properties":{"id":3198,"nom":"CENTRE MEDICO SOCIAL SITARAIL","type":"centre sociaux","district_region":null,"departement_commune":null,"verifie":true,"name":"CENTRE MEDICO SOCIAL SITARAIL","source":"Géoportail ANSTAT"}},{"type":"Feature","geometry":{"type":"Point","coordinates":[-5.049576999999942,7.702640000000031]},"properties":{"id":3199,"nom":"CENTRE SOCIAL ZONE","type":"centre sociaux","district_region":null,"departement_commune":null,"verifie":true,"name":"CENTRE SOCIAL ZONE","source":"Géoportail ANSTAT"}},{"type":"Feature","geometry":{"type":"Point","coordinates":[-5.037461999999948,7.706511000000035]},"properties":{"id":3200,"nom":"CENTRE SOLIDARITE ACTION SOCIALE BOUAKE","type":"centre sociaux","district_region":null,"departement_commune":null,"verifie":true,"name":"CENTRE SOLIDARITE ACTION SOCIALE BOUAKE","source":"Géoportail ANSTAT"}},{"type":"Feature","geometry":{"type":"Point","coordinates":[-5.291710999999964,7.453598000000056]},"properties":{"id":3203,"nom":"CENTRE SOCIAL DE SAKASSOU","type":"centre sociaux","district_region":null,"departement_commune":null,"verifie":true,"name":"CENTRE SOCIAL DE SAKASSOU","source":"Géoportail ANSTAT"}},{"type":"Feature","geometry":{"type":"Point","coordinates":[-3.348593999999935,9.809098000000064]},"properties":{"id":3204,"nom":"CENTRE MEDICO SOCIAL LES FLAMBOYANTS","type":"centre sociaux","district_region":null,"departement_commune":null,"verifie":true,"name":"CENTRE MEDICO SOCIAL LES FLAMBOYANTS","source":"Géoportail ANSTAT"}},{"type":"Feature","geometry":{"type":"Point","coordinates":[-4.277162999999973,7.070443000000068]},"properties":{"id":3206,"nom":"CENTRE SOCIAL DE NZECREZESSOU","type":"centre sociaux","district_region":null,"departement_commune":null,"verifie":true,"name":"CENTRE SOCIAL DE NZECREZESSOU","source":"Géoportail ANSTAT"}},{"type":"Feature","geometry":{"type":"Point","coordinates":[-4.277121999999963,7.07046200000002]},"properties":{"id":3207,"nom":"CENTRE SOCIALE DE NZECREZESSOU","type":"centre sociaux","district_region":null,"departement_commune":null,"verifie":true,"name":"CENTRE SOCIALE DE NZECREZESSOU","source":"Géoportail ANSTAT"}},{"type":"Feature","geometry":{"type":"Point","coordinates":[-7.996057999999948,6.570208000000036]},"properties":{"id":3208,"nom":"CENTRE MEDICO SOCIAL UEPE BLOLEQUIN","type":"centre sociaux","district_region":null,"departement_commune":null,"verifie":true,"name":"CENTRE MEDICO SOCIAL UEPE BLOLEQUIN","source":"Géoportail ANSTAT"}},{"type":"Feature","geometry":{"type":"Point","coordinates":[-8.40858099999997,6.581094000000064]},"properties":{"id":3209,"nom":"CENTRE SOCIAL DE TOULEPLEU","type":"centre sociaux","district_region":null,"departement_commune":null,"verifie":true,"name":"CENTRE SOCIAL DE TOULEPLEU","source":"Géoportail ANSTAT"}},{"type":"Feature","geometry":{"type":"Point","coordinates":[-6.481416999999965,7.361590000000035]},"properties":{"id":3210,"nom":"CENTRE MEDICO SOCIALE STE MARIE DE VAVOUA","type":"centre sociaux","district_region":null,"departement_commune":null,"verifie":true,"name":"CENTRE MEDICO SOCIALE STE MARIE DE VAVOUA","source":"Géoportail ANSTAT"}},{"type":"Feature","geometry":{"type":"Point","coordinates":[-6.460149999999942,6.856805000000065]},"properties":{"id":3211,"nom":"CENTRE MEDICO SOCIALE DE LA PAIX","type":"centre sociaux","district_region":null,"departement_commune":null,"verifie":true,"name":"CENTRE MEDICO SOCIALE DE LA PAIX","source":"Géoportail ANSTAT"}},{"type":"Feature","geometry":{"type":"Point","coordinates":[-6.858732999999972,6.766849000000036]},"properties":{"id":3213,"nom":"CENTRE SOCIAL DE ZOUKOUGBEU","type":"centre sociaux","district_region":null,"departement_commune":null,"verifie":true,"name":"CENTRE SOCIAL DE ZOUKOUGBEU","source":"Géoportail ANSTAT"}},{"type":"Feature","geometry":{"type":"Point","coordinates":[-4.82470799999993,5.891617000000053]},"properties":{"id":3214,"nom":"CENTRE SOCIAL DE TIASSALE","type":"centre sociaux","district_region":null,"departement_commune":null,"verifie":true,"name":"CENTRE SOCIAL DE TIASSALE","source":"Géoportail ANSTAT"}},{"type":"Feature","geometry":{"type":"Point","coordinates":[-4.419693999999936,6.252364000000057]},"properties":{"id":3215,"nom":"CENTRE MEDICO SOCIAL","type":"centre sociaux","district_region":null,"departement_commune":null,"verifie":true,"name":"CENTRE MEDICO SOCIAL","source":"Géoportail ANSTAT"}},{"type":"Feature","geometry":{"type":"Point","coordinates":[-4.073255999999958,6.073967000000039]},"properties":{"id":3217,"nom":"CENTRE MEDICO SOCIAL MICHIDI DE YADIO","type":"centre sociaux","district_region":null,"departement_commune":null,"verifie":true,"name":"CENTRE MEDICO SOCIAL MICHIDI DE YADIO","source":"Géoportail ANSTAT"}},{"type":"Feature","geometry":{"type":"Point","coordinates":[-4.220675999999969,5.928991000000053]},"properties":{"id":3219,"nom":"CENTRE SOCIAL AGBOVILLE","type":"centre sociaux","district_region":null,"departement_commune":null,"verifie":true,"name":"CENTRE SOCIAL AGBOVILLE","source":"Géoportail ANSTAT"}},{"type":"Feature","geometry":{"type":"Point","coordinates":[-7.684636999999952,8.28210800000005]},"properties":{"id":3220,"nom":"CENTRE SOCIAL DE TOUBA","type":"centre sociaux","district_region":null,"departement_commune":null,"verifie":true,"name":"CENTRE SOCIAL DE TOUBA","source":"Géoportail ANSTAT"}},{"type":"Feature","geometry":{"type":"Point","coordinates":[-5.681564999999978,5.849272000000042]},"properties":{"id":3221,"nom":"CENTRE SOCIAL DE LAKOTA","type":"centre sociaux","district_region":null,"departement_commune":null,"verifie":true,"name":"CENTRE SOCIAL DE LAKOTA","source":"Géoportail ANSTAT"}},{"type":"Feature","geometry":{"type":"Point","coordinates":[-5.366603999999938,5.820573000000024]},"properties":{"id":3222,"nom":"CENTRE MEDICO SOCIAL ASRU","type":"centre sociaux","district_region":null,"departement_commune":null,"verifie":true,"name":"CENTRE MEDICO SOCIAL ASRU","source":"Géoportail ANSTAT"}},{"type":"Feature","geometry":{"type":"Point","coordinates":[-5.421996999999976,6.002743000000066]},"properties":{"id":3223,"nom":"CENTRE SOCIAL MEDICAL GRACE DIVINE SOUBRELILIE","type":"centre sociaux","district_region":null,"departement_commune":null,"verifie":true,"name":"CENTRE SOCIAL MEDICAL GRACE DIVINE SOUBRELILIE","source":"Géoportail ANSTAT"}},{"type":"Feature","geometry":{"type":"Point","coordinates":[-5.633143999999959,6.121804000000054]},"properties":{"id":3225,"nom":"CENTRE MEDICO SOCIAL BONNE VISION","type":"centre sociaux","district_region":null,"departement_commune":null,"verifie":true,"name":"CENTRE MEDICO SOCIAL BONNE VISION","source":"Géoportail ANSTAT"}},{"type":"Feature","geometry":{"type":"Point","coordinates":[-6.579707999999926,10.53415800000005]},"properties":{"id":3226,"nom":"CENTRE MEDICO SOCIAL","type":"centre sociaux","district_region":null,"departement_commune":null,"verifie":true,"name":"CENTRE MEDICO SOCIAL","source":"Géoportail ANSTAT"}},{"type":"Feature","geometry":{"type":"Point","coordinates":[-6.191006999999956,8.065454000000045]},"properties":{"id":3230,"nom":"CENTRE SOCIAL DE MANKONO","type":"centre sociaux","district_region":null,"departement_commune":null,"verifie":true,"name":"CENTRE SOCIAL DE MANKONO","source":"Géoportail ANSTAT"}},{"type":"Feature","geometry":{"type":"Point","coordinates":[-6.935467999999958,10.31583700000004]},"properties":{"id":3231,"nom":"CENTRE SOCIAL ADP SANTE","type":"centre sociaux","district_region":null,"departement_commune":null,"verifie":true,"name":"CENTRE SOCIAL ADP SANTE","source":"Géoportail ANSTAT"}},{"type":"Feature","geometry":{"type":"Point","coordinates":[-3.534678999999926,6.331784000000027]},"properties":{"id":3232,"nom":"CENTRES MEDICAUX SOCIALS SAINT MICHEL DE YAPO KOI","type":"centre sociaux","district_region":null,"departement_commune":null,"verifie":true,"name":"CENTRES MEDICAUX SOCIALS SAINT MICHEL DE YAPO KOI","source":"Géoportail ANSTAT"}},{"type":"Feature","geometry":{"type":"Point","coordinates":[-3.496278999999959,6.737354000000039]},"properties":{"id":3234,"nom":"CENTRE MEDICO SOCIAL PROTECTION INFANTILE MOBILE P I M","type":"centre sociaux","district_region":null,"departement_commune":null,"verifie":true,"name":"CENTRE MEDICO SOCIAL PROTECTION INFANTILE MOBILE P I M","source":"Géoportail ANSTAT"}},{"type":"Feature","geometry":{"type":"Point","coordinates":[-3.204287999999963,7.130040000000065]},"properties":{"id":3235,"nom":"CENTRE MEDICO SOCIAL DE L IMMACULEE CONCEPTION","type":"centre sociaux","district_region":null,"departement_commune":null,"verifie":true,"name":"CENTRE MEDICO SOCIAL DE L IMMACULEE CONCEPTION","source":"Géoportail ANSTAT"}},{"type":"Feature","geometry":{"type":"Point","coordinates":[-7.562077999999929,9.505890000000022]},"properties":{"id":3236,"nom":"CENTRE SOCIALE DE PROTECTION DE LA PETITE ENFANCE","type":"centre sociaux","district_region":null,"departement_commune":null,"verifie":true,"name":"CENTRE SOCIALE DE PROTECTION DE LA PETITE ENFANCE","source":"Géoportail ANSTAT"}},{"type":"Feature","geometry":{"type":"Point","coordinates":[-3.860753999999929,6.096139000000051]},"properties":{"id":3237,"nom":"CENTRE MEDICO SOCIAL","type":"centre sociaux","district_region":null,"departement_commune":null,"verifie":true,"name":"CENTRE MEDICO SOCIAL","source":"Géoportail ANSTAT"}},{"type":"Feature","geometry":{"type":"Point","coordinates":[-3.623270999999932,5.241742000000045]},"properties":{"id":3239,"nom":"CENTRE MEDICO SOCIAL","type":"centre sociaux","district_region":null,"departement_commune":null,"verifie":true,"name":"CENTRE MEDICO SOCIAL","source":"Géoportail ANSTAT"}},{"type":"Feature","geometry":{"type":"Point","coordinates":[-3.769492999999954,5.237779000000046]},"properties":{"id":3240,"nom":"CENTRE SANTE SANTE  SOCIALE LA PATIENCE","type":"centre sociaux","district_region":null,"departement_commune":null,"verifie":true,"name":"CENTRE SANTE SANTE  SOCIALE LA PATIENCE","source":"Géoportail ANSTAT"}},{"type":"Feature","geometry":{"type":"Point","coordinates":[-3.739364999999964,5.214388000000042]},"properties":{"id":3241,"nom":"CENTRE MEDICO SOCIAL ESPERANCE","type":"centre sociaux","district_region":null,"departement_commune":null,"verifie":true,"name":"CENTRE MEDICO SOCIAL ESPERANCE","source":"Géoportail ANSTAT"}},{"type":"Feature","geometry":{"type":"Point","coordinates":[-3.731322999999975,5.214418000000023]},"properties":{"id":3243,"nom":"CENTRE SOCIAL","type":"centre sociaux","district_region":null,"departement_commune":null,"verifie":true,"name":"CENTRE SOCIAL","source":"Géoportail ANSTAT"}},{"type":"Feature","geometry":{"type":"Point","coordinates":[-3.489075999999955,5.207349000000022]},"properties":{"id":3244,"nom":"CENTRE MEDICO SOCIAL","type":"centre sociaux","district_region":null,"departement_commune":null,"verifie":true,"name":"CENTRE MEDICO SOCIAL","source":"Géoportail ANSTAT"}},{"type":"Feature","geometry":{"type":"Point","coordinates":[-3.429891999999938,5.451547000000062]},"properties":{"id":3245,"nom":"CENTRE MEDICO SOCIAL","type":"centre sociaux","district_region":null,"departement_commune":null,"verifie":true,"name":"CENTRE MEDICO SOCIAL","source":"Géoportail ANSTAT"}},{"type":"Feature","geometry":{"type":"Point","coordinates":[-3.056300999999962,5.285926000000075]},"properties":{"id":3246,"nom":"CENTRE MEDICO SOCIAL EHANIA","type":"centre sociaux","district_region":null,"departement_commune":null,"verifie":true,"name":"CENTRE MEDICO SOCIAL EHANIA","source":"Géoportail ANSTAT"}},{"type":"Feature","geometry":{"type":"Point","coordinates":[-3.074184999999943,5.227899000000036]},"properties":{"id":3247,"nom":"CENTRE MEDICAL SOCIAL V4","type":"centre sociaux","district_region":null,"departement_commune":null,"verifie":true,"name":"CENTRE MEDICAL SOCIAL V4","source":"Géoportail ANSTAT"}},{"type":"Feature","geometry":{"type":"Point","coordinates":[-3.168706999999927,5.299791000000027]},"properties":{"id":3248,"nom":"CENTRE SOCIAL D ABY","type":"centre sociaux","district_region":null,"departement_commune":null,"verifie":true,"name":"CENTRE SOCIAL D ABY","source":"Géoportail ANSTAT"}},{"type":"Feature","geometry":{"type":"Point","coordinates":[-3.200617999999963,5.468999000000053]},"properties":{"id":3249,"nom":"CENTRE MEDICO SOCIAL MIGRONS","type":"centre sociaux","district_region":null,"departement_commune":null,"verifie":true,"name":"CENTRE MEDICO SOCIAL MIGRONS","source":"Géoportail ANSTAT"}},{"type":"Feature","geometry":{"type":"Point","coordinates":[-3.20651399999997,5.469878000000051]},"properties":{"id":3251,"nom":"CENTRE SOCIAL DE ABOISSO","type":"centre sociaux","district_region":null,"departement_commune":null,"verifie":true,"name":"CENTRE SOCIAL DE ABOISSO","source":"Géoportail ANSTAT"}},{"type":"Feature","geometry":{"type":"Point","coordinates":[-5.304061999999931,9.305196000000024]},"properties":{"id":3253,"nom":"CENTRE MEDICO SOCIAL","type":"centre sociaux","district_region":null,"departement_commune":null,"verifie":true,"name":"CENTRE MEDICO SOCIAL","source":"Géoportail ANSTAT"}},{"type":"Feature","geometry":{"type":"Point","coordinates":[-5.097479999999962,8.141241000000036]},"properties":{"id":3254,"nom":"CENTRE SOCIAL DE KATIOLA","type":"centre sociaux","district_region":null,"departement_commune":null,"verifie":true,"name":"CENTRE SOCIAL DE KATIOLA","source":"Géoportail ANSTAT"}},{"type":"Feature","geometry":{"type":"Point","coordinates":[-4.526212999999927,7.898481000000061]},"properties":{"id":3255,"nom":"CENTRE SOCIAL","type":"centre sociaux","district_region":null,"departement_commune":null,"verifie":true,"name":"CENTRE SOCIAL","source":"Géoportail ANSTAT"}},{"type":"Feature","geometry":{"type":"Point","coordinates":[-4.426862999999969,8.362371000000053]},"properties":{"id":3256,"nom":"CENTRE SOCIAL DE DABAKALA","type":"centre sociaux","district_region":null,"departement_commune":null,"verifie":true,"name":"CENTRE SOCIAL DE DABAKALA","source":"Géoportail ANSTAT"}},{"type":"Feature","geometry":{"type":"Point","coordinates":[-7.567815999999937,7.396624000000031]},"properties":{"id":3258,"nom":"CENTRE MEDICO SOCIAL FOCOLARI MAN","type":"centre sociaux","district_region":null,"departement_commune":null,"verifie":true,"name":"CENTRE MEDICO SOCIAL FOCOLARI MAN","source":"Géoportail ANSTAT"}},{"type":"Feature","geometry":{"type":"Point","coordinates":[-7.552399999999977,7.420776000000046]},"properties":{"id":3259,"nom":"CENTRE MEDICO SOCIAL ONG ADP LIBREVILLE","type":"centre sociaux","district_region":null,"departement_commune":null,"verifie":true,"name":"CENTRE MEDICO SOCIAL ONG ADP LIBREVILLE","source":"Géoportail ANSTAT"}},{"type":"Feature","geometry":{"type":"Point","coordinates":[-7.61717299999998,7.741210000000024]},"properties":{"id":3261,"nom":"CENTRE SOCIAL DE BIANKOUMA","type":"centre sociaux","district_region":null,"departement_commune":null,"verifie":true,"name":"CENTRE SOCIAL DE BIANKOUMA","source":"Géoportail ANSTAT"}},{"type":"Feature","geometry":{"type":"Point","coordinates":[-3.996482999999955,7.646280000000047]},"properties":{"id":3263,"nom":"CENTRE SOCIAL DE PRIKRO","type":"centre sociaux","district_region":null,"departement_commune":null,"verifie":true,"name":"CENTRE SOCIAL DE PRIKRO","source":"Géoportail ANSTAT"}},{"type":"Feature","geometry":{"type":"Point","coordinates":[-3.958563999999967,7.051606000000049]},"properties":{"id":3264,"nom":"CENTRE SOCIAL DE DAOUKRO","type":"centre sociaux","district_region":null,"departement_commune":null,"verifie":true,"name":"CENTRE SOCIAL DE DAOUKRO","source":"Géoportail ANSTAT"}},{"type":"Feature","geometry":{"type":"Point","coordinates":[-3.765262999999948,7.259558000000027]},"properties":{"id":3265,"nom":"CENTRE SOCIAL ETTOKRO","type":"centre sociaux","district_region":null,"departement_commune":null,"verifie":true,"name":"CENTRE SOCIAL ETTOKRO","source":"Géoportail ANSTAT"}},{"type":"Feature","geometry":{"type":"Point","coordinates":[-6.558347999999967,5.40202000000005]},"properties":{"id":3359,"nom":"CENTRE SOCIAL DE MEAGUI","type":"centre sociaux","district_region":null,"departement_commune":null,"verifie":true,"name":"CENTRE SOCIAL DE MEAGUI","source":"Géoportail ANSTAT"}},{"type":"Feature","geometry":{"type":"Point","coordinates":[-2.978812999999946,7.897675000000049]},"properties":{"id":3361,"nom":"CENTRE SOCIAL DE GOUMERE","type":"centre sociaux","district_region":null,"departement_commune":null,"verifie":true,"name":"CENTRE SOCIAL DE GOUMERE","source":"Géoportail ANSTAT"}},{"type":"Feature","geometry":{"type":"Point","coordinates":[-5.069327999999928,7.521832000000074]},"properties":{"id":3363,"nom":"CENTRE SOCIAL DE DJEBONOUA","type":"centre sociaux","district_region":null,"departement_commune":null,"verifie":true,"name":"CENTRE SOCIAL DE DJEBONOUA","source":"Géoportail ANSTAT"}},{"type":"Feature","geometry":{"type":"Point","coordinates":[-5.475927999999953,7.871212000000071]},"properties":{"id":3364,"nom":"CENTRE SOCIAL DE BODOKRO","type":"centre sociaux","district_region":null,"departement_commune":null,"verifie":true,"name":"CENTRE SOCIAL DE BODOKRO","source":"Géoportail ANSTAT"}},{"type":"Feature","geometry":{"type":"Point","coordinates":[-4.321610999999962,6.937568000000056]},"properties":{"id":3365,"nom":"CENTRE SOCIAL","type":"centre sociaux","district_region":null,"departement_commune":null,"verifie":true,"name":"CENTRE SOCIAL","source":"Géoportail ANSTAT"}},{"type":"Feature","geometry":{"type":"Point","coordinates":[-7.563578999999947,9.82499400000006]},"properties":{"id":3367,"nom":"CENTRE SOCIAL DE SAMATIGUILA","type":"centre sociaux","district_region":null,"departement_commune":null,"verifie":true,"name":"CENTRE SOCIAL DE SAMATIGUILA","source":"Géoportail ANSTAT"}},{"type":"Feature","geometry":{"type":"Point","coordinates":[-6.289480999999967,6.006077000000062]},"properties":{"id":3378,"nom":"CLINIQUE CENTRE MEDICAUX SOCIAL DE GALEBRE","type":"centre sociaux","district_region":null,"departement_commune":null,"verifie":true,"name":"CLINIQUE CENTRE MEDICAUX SOCIAL DE GALEBRE","source":"Géoportail ANSTAT"}},{"type":"Feature","geometry":{"type":"Point","coordinates":[-4.200085999999942,5.940632000000051]},"properties":{"id":4440,"nom":"CENTRE REGIONALE DE LA MUTUALITE ET DES OEUVRES SOCIALES EN MILIEU SCOLAIRE","type":"centre sociaux","district_region":null,"departement_commune":null,"verifie":true,"name":"CENTRE REGIONALE DE LA MUTUALITE ET DES OEUVRES SOCIALES EN MILIEU SCOLAIRE","source":"Géoportail ANSTAT"}},{"type":"Feature","geometry":{"type":"Point","coordinates":[-5.498063999999943,6.926167000000021]},"properties":{"id":5397,"nom":"FOYER DES JEUNES DE TOUMBOKRO","type":"centre sociaux","district_region":null,"departement_commune":null,"verifie":true,"name":"FOYER DES JEUNES DE TOUMBOKRO","source":"Géoportail ANSTAT"}},{"type":"Feature","geometry":{"type":"Point","coordinates":[-5.200939999999946,7.939021000000025]},"properties":{"id":18028,"nom":"ESPACE RESERVE POUR FOYER DES JEUNES","type":"centre sociaux","district_region":null,"departement_commune":null,"verifie":true,"name":"ESPACE RESERVE POUR FOYER DES JEUNES","source":"Géoportail ANSTAT"}},{"type":"Feature","geometry":{"type":"Point","coordinates":[-5.398793999999953,8.977708000000064]},"properties":{"id":18032,"nom":"ESPACE RESERVE AU FOYER DES JEUNES","type":"centre sociaux","district_region":null,"departement_commune":null,"verifie":true,"name":"ESPACE RESERVE AU FOYER DES JEUNES","source":"Géoportail ANSTAT"}},{"type":"Feature","geometry":{"type":"Point","coordinates":[-5.195918999999947,10.09161600000004]},"properties":{"id":18271,"nom":"FOYER DES JEUNES","type":"centre sociaux","district_region":null,"departement_commune":null,"verifie":true,"name":"FOYER DES JEUNES","source":"Géoportail ANSTAT"}},{"type":"Feature","geometry":{"type":"Point","coordinates":[-6.676026999999976,4.763695000000041]},"properties":{"id":18273,"nom":"FOYER DE JEUNES","type":"centre sociaux","district_region":null,"departement_commune":null,"verifie":true,"name":"FOYER DE JEUNES","source":"Géoportail ANSTAT"}},{"type":"Feature","geometry":{"type":"Point","coordinates":[-6.694115999999951,4.754555000000039]},"properties":{"id":18274,"nom":"FOYER DES JEUNES","type":"centre sociaux","district_region":null,"departement_commune":null,"verifie":true,"name":"FOYER DES JEUNES","source":"Géoportail ANSTAT"}},{"type":"Feature","geometry":{"type":"Point","coordinates":[-6.82990899999993,5.201266000000032]},"properties":{"id":18275,"nom":"FOYER DES JEUNES","type":"centre sociaux","district_region":null,"departement_commune":null,"verifie":true,"name":"FOYER DES JEUNES","source":"Géoportail ANSTAT"}},{"type":"Feature","geometry":{"type":"Point","coordinates":[-7.297641999999939,4.509588000000065]},"properties":{"id":18276,"nom":"FOYER DES JEUNES DE GLIKE VILLAGE","type":"centre sociaux","district_region":null,"departement_commune":null,"verifie":true,"name":"FOYER DES JEUNES DE GLIKE VILLAGE","source":"Géoportail ANSTAT"}},{"type":"Feature","geometry":{"type":"Point","coordinates":[-7.442932999999925,4.374717000000032]},"properties":{"id":18277,"nom":"FOYER DES JEUNES","type":"centre sociaux","district_region":null,"departement_commune":null,"verifie":true,"name":"FOYER DES JEUNES","source":"Géoportail ANSTAT"}},{"type":"Feature","geometry":{"type":"Point","coordinates":[-7.243990999999937,4.486985000000061]},"properties":{"id":18278,"nom":"FOYER DES JEUNES","type":"centre sociaux","district_region":null,"departement_commune":null,"verifie":true,"name":"FOYER DES JEUNES","source":"Géoportail ANSTAT"}},{"type":"Feature","geometry":{"type":"Point","coordinates":[-7.37993199999994,4.539959000000067]},"properties":{"id":18279,"nom":"FOYER DES JEUNES","type":"centre sociaux","district_region":null,"departement_commune":null,"verifie":true,"name":"FOYER DES JEUNES","source":"Géoportail ANSTAT"}},{"type":"Feature","geometry":{"type":"Point","coordinates":[-7.429728999999952,4.617552000000046]},"properties":{"id":18280,"nom":"FOYER DES JEUNES","type":"centre sociaux","district_region":null,"departement_commune":null,"verifie":true,"name":"FOYER DES JEUNES","source":"Géoportail ANSTAT"}},{"type":"Feature","geometry":{"type":"Point","coordinates":[-7.530264999999929,4.774180000000058]},"properties":{"id":18281,"nom":"FOYER DES JEUNES","type":"centre sociaux","district_region":null,"departement_commune":null,"verifie":true,"name":"FOYER DES JEUNES","source":"Géoportail ANSTAT"}},{"type":"Feature","geometry":{"type":"Point","coordinates":[-7.443197999999938,4.632065000000068]},"properties":{"id":18282,"nom":"FOYER DES JEUNES","type":"centre sociaux","district_region":null,"departement_commune":null,"verifie":true,"name":"FOYER DES JEUNES","source":"Géoportail ANSTAT"}},{"type":"Feature","geometry":{"type":"Point","coordinates":[-7.522598999999957,4.955192000000068]},"properties":{"id":18283,"nom":"FOYER DES JEUNES","type":"centre sociaux","district_region":null,"departement_commune":null,"verifie":true,"name":"FOYER DES JEUNES","source":"Géoportail ANSTAT"}},{"type":"Feature","geometry":{"type":"Point","coordinates":[-7.352045999999973,5.195042000000058]},"properties":{"id":18284,"nom":"FOYER DES JEUNES DE GUISSIOYORO DE HANNIEN","type":"centre sociaux","district_region":null,"departement_commune":null,"verifie":true,"name":"FOYER DES JEUNES DE GUISSIOYORO DE HANNIEN","source":"Géoportail ANSTAT"}},{"type":"Feature","geometry":{"type":"Point","coordinates":[-7.535680999999954,4.790738000000033]},"properties":{"id":18285,"nom":"FOYER DES JEUNES","type":"centre sociaux","district_region":null,"departement_commune":null,"verifie":true,"name":"FOYER DES JEUNES","source":"Géoportail ANSTAT"}},{"type":"Feature","geometry":{"type":"Point","coordinates":[-5.642440999999963,9.27045000000004]},"properties":{"id":18286,"nom":"FOYER DES JEUNES DE LAMEKAHA","type":"centre sociaux","district_region":null,"departement_commune":null,"verifie":true,"name":"FOYER DES JEUNES DE LAMEKAHA","source":"Géoportail ANSTAT"}},{"type":"Feature","geometry":{"type":"Point","coordinates":[-6.057186999999942,9.096074000000044]},"properties":{"id":18287,"nom":"FOYER DES JEUNES DE KIERE","type":"centre sociaux","district_region":null,"departement_commune":null,"verifie":true,"name":"FOYER DES JEUNES DE KIERE","source":"Géoportail ANSTAT"}},{"type":"Feature","geometry":{"type":"Point","coordinates":[-6.212233999999967,10.08805000000007]},"properties":{"id":18288,"nom":"FOYER DES JEUNE","type":"centre sociaux","district_region":null,"departement_commune":null,"verifie":true,"name":"FOYER DES JEUNE","source":"Géoportail ANSTAT"}},{"type":"Feature","geometry":{"type":"Point","coordinates":[-5.49087899999995,9.551365000000033]},"properties":{"id":18289,"nom":"FOYER DES JEUNES DE KAFIOKAHA 2","type":"centre sociaux","district_region":null,"departement_commune":null,"verifie":true,"name":"FOYER DES JEUNES DE KAFIOKAHA 2","source":"Géoportail ANSTAT"}},{"type":"Feature","geometry":{"type":"Point","coordinates":[-5.736868999999956,9.637465000000075]},"properties":{"id":18290,"nom":"FOYER DES JEUNES DE KOKAHO","type":"centre sociaux","district_region":null,"departement_commune":null,"verifie":true,"name":"FOYER DES JEUNES DE KOKAHO","source":"Géoportail ANSTAT"}},{"type":"Feature","geometry":{"type":"Point","coordinates":[-6.409156999999936,5.764054000000044]},"properties":{"id":18292,"nom":"FOYER DES JEUNES D OKROUYO","type":"centre sociaux","district_region":null,"departement_commune":null,"verifie":true,"name":"FOYER DES JEUNES D OKROUYO","source":"Géoportail ANSTAT"}},{"type":"Feature","geometry":{"type":"Point","coordinates":[-6.863328999999965,6.152267000000052]},"properties":{"id":18293,"nom":"FOYER DES JEUNES DE DAPOUA","type":"centre sociaux","district_region":null,"departement_commune":null,"verifie":true,"name":"FOYER DES JEUNES DE DAPOUA","source":"Géoportail ANSTAT"}},{"type":"Feature","geometry":{"type":"Point","coordinates":[-6.966535999999962,6.229996000000028]},"properties":{"id":18294,"nom":"FOYER DES JEUNES","type":"centre sociaux","district_region":null,"departement_commune":null,"verifie":true,"name":"FOYER DES JEUNES","source":"Géoportail ANSTAT"}},{"type":"Feature","geometry":{"type":"Point","coordinates":[-4.339107999999953,6.470349000000056]},"properties":{"id":18295,"nom":"FOYER DES JEUNES DE ASSIE AKPESSE","type":"centre sociaux","district_region":null,"departement_commune":null,"verifie":true,"name":"FOYER DES JEUNES DE ASSIE AKPESSE","source":"Géoportail ANSTAT"}},{"type":"Feature","geometry":{"type":"Point","coordinates":[-4.223704999999939,6.64919500000002]},"properties":{"id":18296,"nom":"FOYER DES JEUNES","type":"centre sociaux","district_region":null,"departement_commune":null,"verifie":true,"name":"FOYER DES JEUNES","source":"Géoportail ANSTAT"}},{"type":"Feature","geometry":{"type":"Point","coordinates":[-4.234925999999973,6.598236000000043]},"properties":{"id":18297,"nom":"FOYER DES JEUNES D AMONKRO","type":"centre sociaux","district_region":null,"departement_commune":null,"verifie":true,"name":"FOYER DES JEUNES D AMONKRO","source":"Géoportail ANSTAT"}},{"type":"Feature","geometry":{"type":"Point","coordinates":[-4.372607999999957,6.46530400000006]},"properties":{"id":18298,"nom":"FOYER DES JEUNES","type":"centre sociaux","district_region":null,"departement_commune":null,"verifie":true,"name":"FOYER DES JEUNES","source":"Géoportail ANSTAT"}},{"type":"Feature","geometry":{"type":"Point","coordinates":[-4.354738999999938,6.473565000000065]},"properties":{"id":18299,"nom":"FOYER DES JEUNES DE MBATTO","type":"centre sociaux","district_region":null,"departement_commune":null,"verifie":true,"name":"FOYER DES JEUNES DE MBATTO","source":"Géoportail ANSTAT"}},{"type":"Feature","geometry":{"type":"Point","coordinates":[-4.131347999999946,6.697537000000068]},"properties":{"id":18300,"nom":"FOYER DES JEUNES","type":"centre sociaux","district_region":null,"departement_commune":null,"verifie":true,"name":"FOYER DES JEUNES","source":"Géoportail ANSTAT"}},{"type":"Feature","geometry":{"type":"Point","coordinates":[-4.301425999999935,6.636209000000065]},"properties":{"id":18301,"nom":"FOYER DES JEUNES DE N GUESSANKRO","type":"centre sociaux","district_region":null,"departement_commune":null,"verifie":true,"name":"FOYER DES JEUNES DE N GUESSANKRO","source":"Géoportail ANSTAT"}},{"type":"Feature","geometry":{"type":"Point","coordinates":[-4.287408999999968,6.765887000000021]},"properties":{"id":18302,"nom":"FOYER DES JEUNES DE ASSIE KOUMASSI","type":"centre sociaux","district_region":null,"departement_commune":null,"verifie":true,"name":"FOYER DES JEUNES DE ASSIE KOUMASSI","source":"Géoportail ANSTAT"}},{"type":"Feature","geometry":{"type":"Point","coordinates":[-4.287382999999977,6.766377000000034]},"properties":{"id":18303,"nom":"FOYER DES JEUNES DE ASSIE KOUMASSI","type":"centre sociaux","district_region":null,"departement_commune":null,"verifie":true,"name":"FOYER DES JEUNES DE ASSIE KOUMASSI","source":"Géoportail ANSTAT"}},{"type":"Feature","geometry":{"type":"Point","coordinates":[-4.202967999999942,6.682168000000047]},"properties":{"id":18304,"nom":"FOYER DES JEUNES","type":"centre sociaux","district_region":null,"departement_commune":null,"verifie":true,"name":"FOYER DES JEUNES","source":"Géoportail ANSTAT"}},{"type":"Feature","geometry":{"type":"Point","coordinates":[-4.079279999999926,6.862389000000064]},"properties":{"id":18305,"nom":"FOYER DES JEUNES DE AGBOSSOU","type":"centre sociaux","district_region":null,"departement_commune":null,"verifie":true,"name":"FOYER DES JEUNES DE AGBOSSOU","source":"Géoportail ANSTAT"}},{"type":"Feature","geometry":{"type":"Point","coordinates":[-3.900719999999978,6.964383000000055]},"properties":{"id":18306,"nom":"FOYER DES JEUNES D ASSALE KOUASSIKRO","type":"centre sociaux","district_region":null,"departement_commune":null,"verifie":true,"name":"FOYER DES JEUNES D ASSALE KOUASSIKRO","source":"Géoportail ANSTAT"}},{"type":"Feature","geometry":{"type":"Point","coordinates":[-4.208582999999976,6.652667000000065]},"properties":{"id":18307,"nom":"FOYER DES JEUNES DE BONGOUANOU","type":"centre sociaux","district_region":null,"departement_commune":null,"verifie":true,"name":"FOYER DES JEUNES DE BONGOUANOU","source":"Géoportail ANSTAT"}},{"type":"Feature","geometry":{"type":"Point","coordinates":[-4.20063399999998,6.614743000000033]},"properties":{"id":18308,"nom":"FOYER DES JEUNES DE BOCASSI","type":"centre sociaux","district_region":null,"departement_commune":null,"verifie":true,"name":"FOYER DES JEUNES DE BOCASSI","source":"Géoportail ANSTAT"}},{"type":"Feature","geometry":{"type":"Point","coordinates":[-4.148222999999973,6.671117000000038]},"properties":{"id":18309,"nom":"FOYER DES JEUNES D ASSOAKRO","type":"centre sociaux","district_region":null,"departement_commune":null,"verifie":true,"name":"FOYER DES JEUNES D ASSOAKRO","source":"Géoportail ANSTAT"}},{"type":"Feature","geometry":{"type":"Point","coordinates":[-7.375984999999957,7.304605000000038]},"properties":{"id":18310,"nom":"FOYER DES JEUNES","type":"centre sociaux","district_region":null,"departement_commune":null,"verifie":true,"name":"FOYER DES JEUNES","source":"Géoportail ANSTAT"}},{"type":"Feature","geometry":{"type":"Point","coordinates":[-7.411472999999944,7.184207000000072]},"properties":{"id":18311,"nom":"FOYER DES JEUNES","type":"centre sociaux","district_region":null,"departement_commune":null,"verifie":true,"name":"FOYER DES JEUNES","source":"Géoportail ANSTAT"}},{"type":"Feature","geometry":{"type":"Point","coordinates":[-7.309654999999964,7.36052600000005]},"properties":{"id":18312,"nom":"FOYER DES JEUNES","type":"centre sociaux","district_region":null,"departement_commune":null,"verifie":true,"name":"FOYER DES JEUNES","source":"Géoportail ANSTAT"}},{"type":"Feature","geometry":{"type":"Point","coordinates":[-7.425524999999936,7.364495000000034]},"properties":{"id":18313,"nom":"FOYER DES JEUNES","type":"centre sociaux","district_region":null,"departement_commune":null,"verifie":true,"name":"FOYER DES JEUNES","source":"Géoportail ANSTAT"}},{"type":"Feature","geometry":{"type":"Point","coordinates":[-7.471051999999929,7.108472000000063]},"properties":{"id":18314,"nom":"FOYER DES JEUNES DE GOENIE","type":"centre sociaux","district_region":null,"departement_commune":null,"verifie":true,"name":"FOYER DES JEUNES DE GOENIE","source":"Géoportail ANSTAT"}},{"type":"Feature","geometry":{"type":"Point","coordinates":[-7.413531999999975,7.025651000000039]},"properties":{"id":18315,"nom":"FOYER DES JEUNES","type":"centre sociaux","district_region":null,"departement_commune":null,"verifie":true,"name":"FOYER DES JEUNES","source":"Géoportail ANSTAT"}},{"type":"Feature","geometry":{"type":"Point","coordinates":[-7.488755999999967,7.013269000000037]},"properties":{"id":18316,"nom":"FOYER DES JEUNES","type":"centre sociaux","district_region":null,"departement_commune":null,"verifie":true,"name":"FOYER DES JEUNES","source":"Géoportail ANSTAT"}},{"type":"Feature","geometry":{"type":"Point","coordinates":[-7.454483999999979,6.774063000000069]},"properties":{"id":18317,"nom":"FOYER DES JEUNES","type":"centre sociaux","district_region":null,"departement_commune":null,"verifie":true,"name":"FOYER DES JEUNES","source":"Géoportail ANSTAT"}},{"type":"Feature","geometry":{"type":"Point","coordinates":[-7.192853999999954,6.888784000000044]},"properties":{"id":18318,"nom":"FOYER DES JEUNES DE BAGOHOUO","type":"centre sociaux","district_region":null,"departement_commune":null,"verifie":true,"name":"FOYER DES JEUNES DE BAGOHOUO","source":"Géoportail ANSTAT"}},{"type":"Feature","geometry":{"type":"Point","coordinates":[-4.72867199999996,5.190826000000072]},"properties":{"id":18319,"nom":"FOYER DES JEUNES","type":"centre sociaux","district_region":null,"departement_commune":null,"verifie":true,"name":"FOYER DES JEUNES","source":"Géoportail ANSTAT"}},{"type":"Feature","geometry":{"type":"Point","coordinates":[-4.98317899999995,5.148879000000022]},"properties":{"id":18320,"nom":"FOYER DES JEUNES DE BRAFFEDON","type":"centre sociaux","district_region":null,"departement_commune":null,"verifie":true,"name":"FOYER DES JEUNES DE BRAFFEDON","source":"Géoportail ANSTAT"}},{"type":"Feature","geometry":{"type":"Point","coordinates":[-4.826675999999964,5.31323500000002]},"properties":{"id":18321,"nom":"FOYER DES JEUNE DE PHCI","type":"centre sociaux","district_region":null,"departement_commune":null,"verifie":true,"name":"FOYER DES JEUNE DE PHCI","source":"Géoportail ANSTAT"}},{"type":"Feature","geometry":{"type":"Point","coordinates":[-4.466760999999963,5.421793000000036]},"properties":{"id":18322,"nom":"FOYER DES JEUNES DE LOPOU","type":"centre sociaux","district_region":null,"departement_commune":null,"verifie":true,"name":"FOYER DES JEUNES DE LOPOU","source":"Géoportail ANSTAT"}},{"type":"Feature","geometry":{"type":"Point","coordinates":[-4.390900999999928,5.366734000000065]},"properties":{"id":18323,"nom":"FOYER DES JEUNES DE DEBRIMOU","type":"centre sociaux","district_region":null,"departement_commune":null,"verifie":true,"name":"FOYER DES JEUNES DE DEBRIMOU","source":"Géoportail ANSTAT"}},{"type":"Feature","geometry":{"type":"Point","coordinates":[-4.336256999999932,5.347206000000028]},"properties":{"id":18324,"nom":"FOYER DES JEUNES ARMEBE","type":"centre sociaux","district_region":null,"departement_commune":null,"verifie":true,"name":"FOYER DES JEUNES ARMEBE","source":"Géoportail ANSTAT"}},{"type":"Feature","geometry":{"type":"Point","coordinates":[-4.495386999999937,5.31471300000004]},"properties":{"id":18325,"nom":"FOYER DES JEUNES DE BONN","type":"centre sociaux","district_region":null,"departement_commune":null,"verifie":true,"name":"FOYER DES JEUNES DE BONN","source":"Géoportail ANSTAT"}},{"type":"Feature","geometry":{"type":"Point","coordinates":[-5.847739999999931,6.156271000000061]},"properties":{"id":18326,"nom":"FOYER DES JEUNES","type":"centre sociaux","district_region":null,"departement_commune":null,"verifie":true,"name":"FOYER DES JEUNES","source":"Géoportail ANSTAT"}},{"type":"Feature","geometry":{"type":"Point","coordinates":[-5.984808999999927,5.909971000000041]},"properties":{"id":18327,"nom":"FOYER DES JEUNES","type":"centre sociaux","district_region":null,"departement_commune":null,"verifie":true,"name":"FOYER DES JEUNES","source":"Géoportail ANSTAT"}},{"type":"Feature","geometry":{"type":"Point","coordinates":[-6.130354999999952,6.098113000000069]},"properties":{"id":18328,"nom":"FOYER DES JEUNES","type":"centre sociaux","district_region":null,"departement_commune":null,"verifie":true,"name":"FOYER DES JEUNES","source":"Géoportail ANSTAT"}},{"type":"Feature","geometry":{"type":"Point","coordinates":[-6.135976999999968,6.289608000000044]},"properties":{"id":18329,"nom":"FOYER DES JEUNES DE BELAM","type":"centre sociaux","district_region":null,"departement_commune":null,"verifie":true,"name":"FOYER DES JEUNES DE BELAM","source":"Géoportail ANSTAT"}},{"type":"Feature","geometry":{"type":"Point","coordinates":[-6.143866999999943,6.268466000000046]},"properties":{"id":18330,"nom":"FOYER DES JEUNE TAKOA","type":"centre sociaux","district_region":null,"departement_commune":null,"verifie":true,"name":"FOYER DES JEUNE TAKOA","source":"Géoportail ANSTAT"}},{"type":"Feature","geometry":{"type":"Point","coordinates":[-6.293263999999965,6.002962000000025]},"properties":{"id":18331,"nom":"FOYER DES JEUNES DE GALEBRE","type":"centre sociaux","district_region":null,"departement_commune":null,"verifie":true,"name":"FOYER DES JEUNES DE GALEBRE","source":"Géoportail ANSTAT"}},{"type":"Feature","geometry":{"type":"Point","coordinates":[-5.82030199999997,6.286718000000064]},"properties":{"id":18332,"nom":"FOYER DES JEUNES","type":"centre sociaux","district_region":null,"departement_commune":null,"verifie":true,"name":"FOYER DES JEUNES","source":"Géoportail ANSTAT"}},{"type":"Feature","geometry":{"type":"Point","coordinates":[-5.839910999999972,6.245142000000044]},"properties":{"id":18333,"nom":"FOYER DES JEUNES","type":"centre sociaux","district_region":null,"departement_commune":null,"verifie":true,"name":"FOYER DES JEUNES","source":"Géoportail ANSTAT"}},{"type":"Feature","geometry":{"type":"Point","coordinates":[-5.836633999999947,6.340782000000047]},"properties":{"id":18335,"nom":"FOYER DES JEUNES","type":"centre sociaux","district_region":null,"departement_commune":null,"verifie":true,"name":"FOYER DES JEUNES","source":"Géoportail ANSTAT"}},{"type":"Feature","geometry":{"type":"Point","coordinates":[-6.070679999999925,6.185152000000073]},"properties":{"id":18336,"nom":"FOYER DE JEUNE MENEKRE","type":"centre sociaux","district_region":null,"departement_commune":null,"verifie":true,"name":"FOYER DE JEUNE MENEKRE","source":"Géoportail ANSTAT"}},{"type":"Feature","geometry":{"type":"Point","coordinates":[-5.351713999999959,6.250888000000032]},"properties":{"id":18337,"nom":"FOYER DES JEUNES DE BONIRO","type":"centre sociaux","district_region":null,"departement_commune":null,"verifie":true,"name":"FOYER DES JEUNES DE BONIRO","source":"Géoportail ANSTAT"}},{"type":"Feature","geometry":{"type":"Point","coordinates":[-5.691610999999966,6.464568000000043]},"properties":{"id":18339,"nom":"FOYER DES JEUNES","type":"centre sociaux","district_region":null,"departement_commune":null,"verifie":true,"name":"FOYER DES JEUNES","source":"Géoportail ANSTAT"}},{"type":"Feature","geometry":{"type":"Point","coordinates":[-5.583061999999927,6.231345000000033]},"properties":{"id":18341,"nom":"FOYER DES JEUNES DE GOUDI BOBODA","type":"centre sociaux","district_region":null,"departement_commune":null,"verifie":true,"name":"FOYER DES JEUNES DE GOUDI BOBODA","source":"Géoportail ANSTAT"}},{"type":"Feature","geometry":{"type":"Point","coordinates":[-5.690962999999954,6.357882000000075]},"properties":{"id":18342,"nom":"FOYER DES JEUNES DE BOODA","type":"centre sociaux","district_region":null,"departement_commune":null,"verifie":true,"name":"FOYER DES JEUNES DE BOODA","source":"Géoportail ANSTAT"}},{"type":"Feature","geometry":{"type":"Point","coordinates":[-5.708868999999936,6.305855000000065]},"properties":{"id":18343,"nom":"FOYER DES JEUNES DE BLEANIANDA","type":"centre sociaux","district_region":null,"departement_commune":null,"verifie":true,"name":"FOYER DES JEUNES DE BLEANIANDA","source":"Géoportail ANSTAT"}},{"type":"Feature","geometry":{"type":"Point","coordinates":[-5.567249999999945,6.288516000000072]},"properties":{"id":18344,"nom":"FOYER DE LA JEUNESSE COMMUNALE DE DIEGONEFLA","type":"centre sociaux","district_region":null,"departement_commune":null,"verifie":true,"name":"FOYER DE LA JEUNESSE COMMUNALE DE DIEGONEFLA","source":"Géoportail ANSTAT"}},{"type":"Feature","geometry":{"type":"Point","coordinates":[-5.926598999999953,5.291140000000041]},"properties":{"id":18345,"nom":"FOYER DES JEUNES","type":"centre sociaux","district_region":null,"departement_commune":null,"verifie":true,"name":"FOYER DES JEUNES","source":"Géoportail ANSTAT"}},{"type":"Feature","geometry":{"type":"Point","coordinates":[-5.837748999999974,5.114225000000033]},"properties":{"id":18346,"nom":"FOYER DES JEUNES DE DASSIOKO","type":"centre sociaux","district_region":null,"departement_commune":null,"verifie":true,"name":"FOYER DES JEUNES DE DASSIOKO","source":"Géoportail ANSTAT"}},{"type":"Feature","geometry":{"type":"Point","coordinates":[-4.764300999999932,7.42635000000007]},"properties":{"id":18347,"nom":"FOYER DES JEUNES","type":"centre sociaux","district_region":null,"departement_commune":null,"verifie":true,"name":"FOYER DES JEUNES","source":"Géoportail ANSTAT"}},{"type":"Feature","geometry":{"type":"Point","coordinates":[-4.887423999999953,7.405155000000036]},"properties":{"id":18348,"nom":"FOYER DES JEUNES","type":"centre sociaux","district_region":null,"departement_commune":null,"verifie":true,"name":"FOYER DES JEUNES","source":"Géoportail ANSTAT"}},{"type":"Feature","geometry":{"type":"Point","coordinates":[-4.890952999999968,6.967185000000029]},"properties":{"id":18349,"nom":"FOYER DES JEUNES DE KONAN KEKREKRO","type":"centre sociaux","district_region":null,"departement_commune":null,"verifie":true,"name":"FOYER DES JEUNES DE KONAN KEKREKRO","source":"Géoportail ANSTAT"}},{"type":"Feature","geometry":{"type":"Point","coordinates":[-4.992763999999966,7.083082000000047]},"properties":{"id":18350,"nom":"FOYER DES JEUNES","type":"centre sociaux","district_region":null,"departement_commune":null,"verifie":true,"name":"FOYER DES JEUNES","source":"Géoportail ANSTAT"}},{"type":"Feature","geometry":{"type":"Point","coordinates":[-4.999279999999942,6.500128000000075]},"properties":{"id":18351,"nom":"FOYER  DES JEUNES","type":"centre sociaux","district_region":null,"departement_commune":null,"verifie":true,"name":"FOYER  DES JEUNES","source":"Géoportail ANSTAT"}},{"type":"Feature","geometry":{"type":"Point","coordinates":[-5.019173999999964,6.585734000000059]},"properties":{"id":18352,"nom":"FOYER DES JEUNES","type":"centre sociaux","district_region":null,"departement_commune":null,"verifie":true,"name":"FOYER DES JEUNES","source":"Géoportail ANSTAT"}},{"type":"Feature","geometry":{"type":"Point","coordinates":[-5.024996999999928,7.358169000000032]},"properties":{"id":18354,"nom":"FOYER DES JEUNES","type":"centre sociaux","district_region":null,"departement_commune":null,"verifie":true,"name":"FOYER DES JEUNES","source":"Géoportail ANSTAT"}},{"type":"Feature","geometry":{"type":"Point","coordinates":[-5.055548999999928,6.537808000000041]},"properties":{"id":18355,"nom":"FOYER DES JEUNES DE POKOUKRO","type":"centre sociaux","district_region":null,"departement_commune":null,"verifie":true,"name":"FOYER DES JEUNES DE POKOUKRO","source":"Géoportail ANSTAT"}},{"type":"Feature","geometry":{"type":"Point","coordinates":[-5.068364999999972,6.690076000000033]},"properties":{"id":18356,"nom":"FOYER DES JEUNES","type":"centre sociaux","district_region":null,"departement_commune":null,"verifie":true,"name":"FOYER DES JEUNES","source":"Géoportail ANSTAT"}},{"type":"Feature","geometry":{"type":"Point","coordinates":[-5.102971999999966,6.630614000000037]},"properties":{"id":18357,"nom":"FOYER DES JEUNES","type":"centre sociaux","district_region":null,"departement_commune":null,"verifie":true,"name":"FOYER DES JEUNES","source":"Géoportail ANSTAT"}},{"type":"Feature","geometry":{"type":"Point","coordinates":[-5.114967999999976,6.467016000000058]},"properties":{"id":18358,"nom":"FOYER DES JEUNES","type":"centre sociaux","district_region":null,"departement_commune":null,"verifie":true,"name":"FOYER DES JEUNES","source":"Géoportail ANSTAT"}},{"type":"Feature","geometry":{"type":"Point","coordinates":[-5.140479999999968,6.534021000000052]},"properties":{"id":18359,"nom":"FOYER DES JEUNES","type":"centre sociaux","district_region":null,"departement_commune":null,"verifie":true,"name":"FOYER DES JEUNES","source":"Géoportail ANSTAT"}},{"type":"Feature","geometry":{"type":"Point","coordinates":[-5.42536599999994,7.213433000000066]},"properties":{"id":18360,"nom":"FOYER DES JEUNES DE GROGRO","type":"centre sociaux","district_region":null,"departement_commune":null,"verifie":true,"name":"FOYER DES JEUNES DE GROGRO","source":"Géoportail ANSTAT"}},{"type":"Feature","geometry":{"type":"Point","coordinates":[-4.293227999999942,5.540591000000063]},"properties":{"id":18361,"nom":"FOYER DES JEUNES DE GUEBO","type":"centre sociaux","district_region":null,"departement_commune":null,"verifie":true,"name":"FOYER DES JEUNES DE GUEBO","source":"Géoportail ANSTAT"}},{"type":"Feature","geometry":{"type":"Point","coordinates":[-3.968228999999951,5.536367000000041]},"properties":{"id":18362,"nom":"FOYER DES JEUNES","type":"centre sociaux","district_region":null,"departement_commune":null,"verifie":true,"name":"FOYER DES JEUNES","source":"Géoportail ANSTAT"}},{"type":"Feature","geometry":{"type":"Point","coordinates":[-3.846742999999947,5.455033000000071]},"properties":{"id":18363,"nom":"FOYER DES JEUNES","type":"centre sociaux","district_region":null,"departement_commune":null,"verifie":true,"name":"FOYER DES JEUNES","source":"Géoportail ANSTAT"}},{"type":"Feature","geometry":{"type":"Point","coordinates":[-3.901502999999934,5.473707000000047]},"properties":{"id":18364,"nom":"FOYER DES JEUNES DE CCP ELAEIS","type":"centre sociaux","district_region":null,"departement_commune":null,"verifie":true,"name":"FOYER DES JEUNES DE CCP ELAEIS","source":"Géoportail ANSTAT"}},{"type":"Feature","geometry":{"type":"Point","coordinates":[-3.005334999999945,7.945830000000058]},"properties":{"id":18365,"nom":"FOYER DES JEUNES","type":"centre sociaux","district_region":null,"departement_commune":null,"verifie":true,"name":"FOYER DES JEUNES","source":"Géoportail ANSTAT"}},{"type":"Feature","geometry":{"type":"Point","coordinates":[-3.058814999999925,7.954289000000074]},"properties":{"id":18366,"nom":"FOYER DES JEUNES","type":"centre sociaux","district_region":null,"departement_commune":null,"verifie":true,"name":"FOYER DES JEUNES","source":"Géoportail ANSTAT"}},{"type":"Feature","geometry":{"type":"Point","coordinates":[-3.024597999999969,8.01338400000003]},"properties":{"id":18367,"nom":"FOYER DES JEUNES","type":"centre sociaux","district_region":null,"departement_commune":null,"verifie":true,"name":"FOYER DES JEUNES","source":"Géoportail ANSTAT"}},{"type":"Feature","geometry":{"type":"Point","coordinates":[-2.808131999999944,8.036410000000046]},"properties":{"id":18368,"nom":"FOYER DE LA JEUNESSE EVANGELIQUE DE BONDOUKOU","type":"centre sociaux","district_region":null,"departement_commune":null,"verifie":true,"name":"FOYER DE LA JEUNESSE EVANGELIQUE DE BONDOUKOU","source":"Géoportail ANSTAT"}},{"type":"Feature","geometry":{"type":"Point","coordinates":[-2.798370999999975,8.037401000000045]},"properties":{"id":18369,"nom":"FOYER DES JEUNES","type":"centre sociaux","district_region":null,"departement_commune":null,"verifie":true,"name":"FOYER DES JEUNES","source":"Géoportail ANSTAT"}},{"type":"Feature","geometry":{"type":"Point","coordinates":[-3.559211999999945,8.137185000000045]},"properties":{"id":18370,"nom":"FOYER DES JEUNES DE PALA","type":"centre sociaux","district_region":null,"departement_commune":null,"verifie":true,"name":"FOYER DES JEUNES DE PALA","source":"Géoportail ANSTAT"}},{"type":"Feature","geometry":{"type":"Point","coordinates":[-3.834866999999974,8.16478600000005]},"properties":{"id":18371,"nom":"FOYER DES JEUNES DE DALEWARE","type":"centre sociaux","district_region":null,"departement_commune":null,"verifie":true,"name":"FOYER DES JEUNES DE DALEWARE","source":"Géoportail ANSTAT"}},{"type":"Feature","geometry":{"type":"Point","coordinates":[-3.194223999999963,8.220770000000073]},"properties":{"id":18372,"nom":"FOYER DES JEUNES","type":"centre sociaux","district_region":null,"departement_commune":null,"verifie":true,"name":"FOYER DES JEUNES","source":"Géoportail ANSTAT"}},{"type":"Feature","geometry":{"type":"Point","coordinates":[-3.449191999999925,8.22186000000005]},"properties":{"id":18373,"nom":"FOYER DES JEUNES DE KIRAMISSE","type":"centre sociaux","district_region":null,"departement_commune":null,"verifie":true,"name":"FOYER DES JEUNES DE KIRAMISSE","source":"Géoportail ANSTAT"}},{"type":"Feature","geometry":{"type":"Point","coordinates":[-3.071060999999929,8.286640000000034]},"properties":{"id":18374,"nom":"FOYER DES JEUNES DE GNANGOMAMIE","type":"centre sociaux","district_region":null,"departement_commune":null,"verifie":true,"name":"FOYER DES JEUNES DE GNANGOMAMIE","source":"Géoportail ANSTAT"}},{"type":"Feature","geometry":{"type":"Point","coordinates":[-2.726748999999927,8.304753000000062]},"properties":{"id":18375,"nom":"FOYER DES JEUNES DE PELEGODI","type":"centre sociaux","district_region":null,"departement_commune":null,"verifie":true,"name":"FOYER DES JEUNES DE PELEGODI","source":"Géoportail ANSTAT"}},{"type":"Feature","geometry":{"type":"Point","coordinates":[-2.999792999999954,8.156409000000053]},"properties":{"id":18376,"nom":"FOYER DES JEUNE DE SEPINGO","type":"centre sociaux","district_region":null,"departement_commune":null,"verifie":true,"name":"FOYER DES JEUNE DE SEPINGO","source":"Géoportail ANSTAT"}},{"type":"Feature","geometry":{"type":"Point","coordinates":[-3.294821999999954,7.375306000000023]},"properties":{"id":18377,"nom":"FOYER DES JEUNES","type":"centre sociaux","district_region":null,"departement_commune":null,"verifie":true,"name":"FOYER DES JEUNES","source":"Géoportail ANSTAT"}},{"type":"Feature","geometry":{"type":"Point","coordinates":[-3.220108999999979,7.500238000000024]},"properties":{"id":18378,"nom":"FOYER DES JEUNES DE KORIA","type":"centre sociaux","district_region":null,"departement_commune":null,"verifie":true,"name":"FOYER DES JEUNES DE KORIA","source":"Géoportail ANSTAT"}},{"type":"Feature","geometry":{"type":"Point","coordinates":[-3.358808999999951,7.51802600000002]},"properties":{"id":18379,"nom":"FOYER DES JEUNES","type":"centre sociaux","district_region":null,"departement_commune":null,"verifie":true,"name":"FOYER DES JEUNES","source":"Géoportail ANSTAT"}},{"type":"Feature","geometry":{"type":"Point","coordinates":[-3.51424899999995,7.577306000000021]},"properties":{"id":18380,"nom":"FOYER DES JEUNES DE KOUAKOUKRAKRO","type":"centre sociaux","district_region":null,"departement_commune":null,"verifie":true,"name":"FOYER DES JEUNES DE KOUAKOUKRAKRO","source":"Géoportail ANSTAT"}},{"type":"Feature","geometry":{"type":"Point","coordinates":[-3.526086999999961,7.816819000000066]},"properties":{"id":18381,"nom":"FOYER DES JEUNES DE KOUASSI DATEKRO","type":"centre sociaux","district_region":null,"departement_commune":null,"verifie":true,"name":"FOYER DES JEUNES DE KOUASSI DATEKRO","source":"Géoportail ANSTAT"}},{"type":"Feature","geometry":{"type":"Point","coordinates":[-3.254214999999931,7.490536000000077]},"properties":{"id":18382,"nom":"FOYER DES JEUNES","type":"centre sociaux","district_region":null,"departement_commune":null,"verifie":true,"name":"FOYER DES JEUNES","source":"Géoportail ANSTAT"}},{"type":"Feature","geometry":{"type":"Point","coordinates":[-2.978055999999981,7.701022000000023]},"properties":{"id":18383,"nom":"FOYER DES JEUNES DE ASSUEFRY","type":"centre sociaux","district_region":null,"departement_commune":null,"verifie":true,"name":"FOYER DES JEUNES DE ASSUEFRY","source":"Géoportail ANSTAT"}},{"type":"Feature","geometry":{"type":"Point","coordinates":[-2.978189999999927,7.700814000000037]},"properties":{"id":18384,"nom":"FOYER DES JEUNES DE ASSUEFRY","type":"centre sociaux","district_region":null,"departement_commune":null,"verifie":true,"name":"FOYER DES JEUNES DE ASSUEFRY","source":"Géoportail ANSTAT"}},{"type":"Feature","geometry":{"type":"Point","coordinates":[-6.799724999999967,8.233941000000073]},"properties":{"id":18385,"nom":"FOYER DES JEUNES DE GBIMANAN","type":"centre sociaux","district_region":null,"departement_commune":null,"verifie":true,"name":"FOYER DES JEUNES DE GBIMANAN","source":"Géoportail ANSTAT"}},{"type":"Feature","geometry":{"type":"Point","coordinates":[-6.814711999999929,8.172852000000034]},"properties":{"id":18386,"nom":"FOYER DES JEUNES DE BANGANA","type":"centre sociaux","district_region":null,"departement_commune":null,"verifie":true,"name":"FOYER DES JEUNES DE BANGANA","source":"Géoportail ANSTAT"}},{"type":"Feature","geometry":{"type":"Point","coordinates":[-6.845580999999981,8.165905000000066]},"properties":{"id":18387,"nom":"FOYER DES JEUNES BONNA","type":"centre sociaux","district_region":null,"departement_commune":null,"verifie":true,"name":"FOYER DES JEUNES BONNA","source":"Géoportail ANSTAT"}},{"type":"Feature","geometry":{"type":"Point","coordinates":[-6.884457999999938,8.221744000000058]},"properties":{"id":18388,"nom":"FOYER DES JEUNES DE NGONWO","type":"centre sociaux","district_region":null,"departement_commune":null,"verifie":true,"name":"FOYER DES JEUNES DE NGONWO","source":"Géoportail ANSTAT"}},{"type":"Feature","geometry":{"type":"Point","coordinates":[-6.912116999999967,8.22690300000005]},"properties":{"id":18389,"nom":"FOYER DES JEUNES DE BOGBOGBA","type":"centre sociaux","district_region":null,"departement_commune":null,"verifie":true,"name":"FOYER DES JEUNES DE BOGBOGBA","source":"Géoportail ANSTAT"}},{"type":"Feature","geometry":{"type":"Point","coordinates":[-6.935105999999962,8.53341800000004]},"properties":{"id":18390,"nom":"FOYER DES JEUNES DE KONDOGO","type":"centre sociaux","district_region":null,"departement_commune":null,"verifie":true,"name":"FOYER DES JEUNES DE KONDOGO","source":"Géoportail ANSTAT"}},{"type":"Feature","geometry":{"type":"Point","coordinates":[-6.938986999999941,8.514443000000028]},"properties":{"id":18391,"nom":"FOYER DES JEUNES DE GBEMAZO","type":"centre sociaux","district_region":null,"departement_commune":null,"verifie":true,"name":"FOYER DES JEUNES DE GBEMAZO","source":"Géoportail ANSTAT"}},{"type":"Feature","geometry":{"type":"Point","coordinates":[-6.940102999999965,8.49944000000005]},"properties":{"id":18392,"nom":"FOYER DES JEUNES DE KARABA","type":"centre sociaux","district_region":null,"departement_commune":null,"verifie":true,"name":"FOYER DES JEUNES DE KARABA","source":"Géoportail ANSTAT"}},{"type":"Feature","geometry":{"type":"Point","coordinates":[-6.942617999999925,8.121391000000074]},"properties":{"id":18393,"nom":"FOYER DES JEUNES DE GBETOGO","type":"centre sociaux","district_region":null,"departement_commune":null,"verifie":true,"name":"FOYER DES JEUNES DE GBETOGO","source":"Géoportail ANSTAT"}},{"type":"Feature","geometry":{"type":"Point","coordinates":[-6.992396999999926,8.391934000000049]},"properties":{"id":18394,"nom":"FOYER DES JEUNES DE KANGANA","type":"centre sociaux","district_region":null,"departement_commune":null,"verifie":true,"name":"FOYER DES JEUNES DE KANGANA","source":"Géoportail ANSTAT"}},{"type":"Feature","geometry":{"type":"Point","coordinates":[-6.496562999999981,8.100578000000041]},"properties":{"id":18395,"nom":"FOYER DES JEUNES","type":"centre sociaux","district_region":null,"departement_commune":null,"verifie":true,"name":"FOYER DES JEUNES","source":"Géoportail ANSTAT"}},{"type":"Feature","geometry":{"type":"Point","coordinates":[-6.56029099999995,7.903487000000041]},"properties":{"id":18396,"nom":"FOYER DES JEUNES DE NIANHOULEGO","type":"centre sociaux","district_region":null,"departement_commune":null,"verifie":true,"name":"FOYER DES JEUNES DE NIANHOULEGO","source":"Géoportail ANSTAT"}},{"type":"Feature","geometry":{"type":"Point","coordinates":[-6.558892999999955,7.840486000000055]},"properties":{"id":18397,"nom":"FOYER DES JEUNES","type":"centre sociaux","district_region":null,"departement_commune":null,"verifie":true,"name":"FOYER DES JEUNES","source":"Géoportail ANSTAT"}},{"type":"Feature","geometry":{"type":"Point","coordinates":[-6.624903999999958,8.13337800000005]},"properties":{"id":18398,"nom":"FOYER DES JEUNES","type":"centre sociaux","district_region":null,"departement_commune":null,"verifie":true,"name":"FOYER DES JEUNES","source":"Géoportail ANSTAT"}},{"type":"Feature","geometry":{"type":"Point","coordinates":[-6.633003999999971,8.08820600000007]},"properties":{"id":18399,"nom":"FOYER DES JEUNES DE OUSSOUGOULA","type":"centre sociaux","district_region":null,"departement_commune":null,"verifie":true,"name":"FOYER DES JEUNES DE OUSSOUGOULA","source":"Géoportail ANSTAT"}},{"type":"Feature","geometry":{"type":"Point","coordinates":[-6.647761999999943,7.952402000000063]},"properties":{"id":18400,"nom":"FOYER DES JEUNES DE FISANIGORO","type":"centre sociaux","district_region":null,"departement_commune":null,"verifie":true,"name":"FOYER DES JEUNES DE FISANIGORO","source":"Géoportail ANSTAT"}},{"type":"Feature","geometry":{"type":"Point","coordinates":[-6.658455999999944,7.888278000000071]},"properties":{"id":18401,"nom":"FOYER DES JEUNES DE GBOHOVO","type":"centre sociaux","district_region":null,"departement_commune":null,"verifie":true,"name":"FOYER DES JEUNES DE GBOHOVO","source":"Géoportail ANSTAT"}},{"type":"Feature","geometry":{"type":"Point","coordinates":[-6.679378999999926,7.981363000000044]},"properties":{"id":18402,"nom":"FOYER DES JEUNES DE BENA","type":"centre sociaux","district_region":null,"departement_commune":null,"verifie":true,"name":"FOYER DES JEUNES DE BENA","source":"Géoportail ANSTAT"}},{"type":"Feature","geometry":{"type":"Point","coordinates":[-6.70893899999993,7.981524000000036]},"properties":{"id":18403,"nom":"FOYER DES JEUNES DE GBOLO","type":"centre sociaux","district_region":null,"departement_commune":null,"verifie":true,"name":"FOYER DES JEUNES DE GBOLO","source":"Géoportail ANSTAT"}},{"type":"Feature","geometry":{"type":"Point","coordinates":[-6.616411999999968,8.701069000000075]},"properties":{"id":18404,"nom":"FOYER DES JEUNES","type":"centre sociaux","district_region":null,"departement_commune":null,"verifie":true,"name":"FOYER DES JEUNES","source":"Géoportail ANSTAT"}},{"type":"Feature","geometry":{"type":"Point","coordinates":[-6.784175999999945,8.952044000000058]},"properties":{"id":18405,"nom":"FOYER DES JEUNES","type":"centre sociaux","district_region":null,"departement_commune":null,"verifie":true,"name":"FOYER DES JEUNES","source":"Géoportail ANSTAT"}},{"type":"Feature","geometry":{"type":"Point","coordinates":[-6.436927999999966,7.901258000000041]},"properties":{"id":18406,"nom":"FOYER DES JEUNES DE MASSALA","type":"centre sociaux","district_region":null,"departement_commune":null,"verifie":true,"name":"FOYER DES JEUNES DE MASSALA","source":"Géoportail ANSTAT"}},{"type":"Feature","geometry":{"type":"Point","coordinates":[-6.461101999999926,7.780192000000056]},"properties":{"id":18407,"nom":"FOYER DES JEUNES DE KAVALA","type":"centre sociaux","district_region":null,"departement_commune":null,"verifie":true,"name":"FOYER DES JEUNES DE KAVALA","source":"Géoportail ANSTAT"}},{"type":"Feature","geometry":{"type":"Point","coordinates":[-6.610393999999928,8.59582800000004]},"properties":{"id":18408,"nom":"FOYER DES JEUNES DE FROTOTOU","type":"centre sociaux","district_region":null,"departement_commune":null,"verifie":true,"name":"FOYER DES JEUNES DE FROTOTOU","source":"Géoportail ANSTAT"}},{"type":"Feature","geometry":{"type":"Point","coordinates":[-6.611588999999981,8.637345000000039]},"properties":{"id":18409,"nom":"FOYER DES JEUNES DE  MASSASSO","type":"centre sociaux","district_region":null,"departement_commune":null,"verifie":true,"name":"FOYER DES JEUNES DE  MASSASSO","source":"Géoportail ANSTAT"}},{"type":"Feature","geometry":{"type":"Point","coordinates":[-6.621191999999951,8.432089000000076]},"properties":{"id":18410,"nom":"FOYER DES JEUNES","type":"centre sociaux","district_region":null,"departement_commune":null,"verifie":true,"name":"FOYER DES JEUNES","source":"Géoportail ANSTAT"}},{"type":"Feature","geometry":{"type":"Point","coordinates":[-6.64995099999993,8.457463000000075]},"properties":{"id":18411,"nom":"FOYER DES JEUNES","type":"centre sociaux","district_region":null,"departement_commune":null,"verifie":true,"name":"FOYER DES JEUNES","source":"Géoportail ANSTAT"}},{"type":"Feature","geometry":{"type":"Point","coordinates":[-6.604304999999954,8.477036000000055]},"properties":{"id":18412,"nom":"FOYER DES JEUNES DE KAN","type":"centre sociaux","district_region":null,"departement_commune":null,"verifie":true,"name":"FOYER DES JEUNES DE KAN","source":"Géoportail ANSTAT"}},{"type":"Feature","geometry":{"type":"Point","coordinates":[-6.592113999999981,8.100486000000046]},"properties":{"id":18413,"nom":"FOYER DES JEUNES","type":"centre sociaux","district_region":null,"departement_commune":null,"verifie":true,"name":"FOYER DES JEUNES","source":"Géoportail ANSTAT"}},{"type":"Feature","geometry":{"type":"Point","coordinates":[-6.542893999999933,8.123185000000035]},"properties":{"id":18414,"nom":"FOYER DES JEUNES DE DUALLA","type":"centre sociaux","district_region":null,"departement_commune":null,"verifie":true,"name":"FOYER DES JEUNES DE DUALLA","source":"Géoportail ANSTAT"}},{"type":"Feature","geometry":{"type":"Point","coordinates":[-6.934979999999939,8.655567000000076]},"properties":{"id":18415,"nom":"FOYER DES JEUNES DE MORITIEDOUGOU","type":"centre sociaux","district_region":null,"departement_commune":null,"verifie":true,"name":"FOYER DES JEUNES DE MORITIEDOUGOU","source":"Géoportail ANSTAT"}},{"type":"Feature","geometry":{"type":"Point","coordinates":[-7.035481999999945,8.731337000000053]},"properties":{"id":18416,"nom":"FOYER DES JEUNES DE KOUMBARA","type":"centre sociaux","district_region":null,"departement_commune":null,"verifie":true,"name":"FOYER DES JEUNES DE KOUMBARA","source":"Géoportail ANSTAT"}},{"type":"Feature","geometry":{"type":"Point","coordinates":[-7.000013999999965,8.768287000000043]},"properties":{"id":18417,"nom":"FOYER DES JEUNES DE DJIBROSSO","type":"centre sociaux","district_region":null,"departement_commune":null,"verifie":true,"name":"FOYER DES JEUNES DE DJIBROSSO","source":"Géoportail ANSTAT"}},{"type":"Feature","geometry":{"type":"Point","coordinates":[-6.047275999999954,6.929259000000059]},"properties":{"id":18418,"nom":"FOYER DES JEUNES","type":"centre sociaux","district_region":null,"departement_commune":null,"verifie":true,"name":"FOYER DES JEUNES","source":"Géoportail ANSTAT"}},{"type":"Feature","geometry":{"type":"Point","coordinates":[-6.175474999999949,7.462268000000051]},"properties":{"id":18419,"nom":"FOYER DES JEUNES","type":"centre sociaux","district_region":null,"departement_commune":null,"verifie":true,"name":"FOYER DES JEUNES","source":"Géoportail ANSTAT"}},{"type":"Feature","geometry":{"type":"Point","coordinates":[-6.050053999999932,7.529327000000023]},"properties":{"id":18420,"nom":"FOYER DES JEUNES","type":"centre sociaux","district_region":null,"departement_commune":null,"verifie":true,"name":"FOYER DES JEUNES","source":"Géoportail ANSTAT"}},{"type":"Feature","geometry":{"type":"Point","coordinates":[-5.532961999999941,7.035483000000056]},"properties":{"id":18421,"nom":"FOYER DES JEUNES","type":"centre sociaux","district_region":null,"departement_commune":null,"verifie":true,"name":"FOYER DES JEUNES","source":"Géoportail ANSTAT"}},{"type":"Feature","geometry":{"type":"Point","coordinates":[-5.845911999999942,6.900288000000046]},"properties":{"id":18422,"nom":"FOYER DES JEUNES","type":"centre sociaux","district_region":null,"departement_commune":null,"verifie":true,"name":"FOYER DES JEUNES","source":"Géoportail ANSTAT"}},{"type":"Feature","geometry":{"type":"Point","coordinates":[-5.977926999999966,6.887107000000071]},"properties":{"id":18423,"nom":"FOYER DES JEUNES","type":"centre sociaux","district_region":null,"departement_commune":null,"verifie":true,"name":"FOYER DES JEUNES","source":"Géoportail ANSTAT"}},{"type":"Feature","geometry":{"type":"Point","coordinates":[-6.012933999999973,6.799220000000048]},"properties":{"id":18424,"nom":"FOYER DES JEUNES","type":"centre sociaux","district_region":null,"departement_commune":null,"verifie":true,"name":"FOYER DES JEUNES","source":"Géoportail ANSTAT"}},{"type":"Feature","geometry":{"type":"Point","coordinates":[-5.635915999999952,6.643220000000042]},"properties":{"id":18425,"nom":"FOYER DES JEUNES","type":"centre sociaux","district_region":null,"departement_commune":null,"verifie":true,"name":"FOYER DES JEUNES","source":"Géoportail ANSTAT"}},{"type":"Feature","geometry":{"type":"Point","coordinates":[-5.690348999999969,6.556129000000055]},"properties":{"id":18426,"nom":"FOYER DES JEUNES DE NDAKRO","type":"centre sociaux","district_region":null,"departement_commune":null,"verifie":true,"name":"FOYER DES JEUNES DE NDAKRO","source":"Géoportail ANSTAT"}},{"type":"Feature","geometry":{"type":"Point","coordinates":[-5.06306799999993,7.461570000000052]},"properties":{"id":18427,"nom":"FOYER DES JEUNES DE KONZO","type":"centre sociaux","district_region":null,"departement_commune":null,"verifie":true,"name":"FOYER DES JEUNES DE KONZO","source":"Géoportail ANSTAT"}},{"type":"Feature","geometry":{"type":"Point","coordinates":[-4.775806999999929,7.627336000000071]},"properties":{"id":18428,"nom":"FOYER DES JEUNES DE MDOUMOU KOUASSIKRO","type":"centre sociaux","district_region":null,"departement_commune":null,"verifie":true,"name":"FOYER DES JEUNES DE MDOUMOU KOUASSIKRO","source":"Géoportail ANSTAT"}},{"type":"Feature","geometry":{"type":"Point","coordinates":[-4.824810999999954,7.618376000000069]},"properties":{"id":18429,"nom":"FOYER DES JEUNES","type":"centre sociaux","district_region":null,"departement_commune":null,"verifie":true,"name":"FOYER DES JEUNES","source":"Géoportail ANSTAT"}},{"type":"Feature","geometry":{"type":"Point","coordinates":[-4.705749999999966,7.572222000000068]},"properties":{"id":18430,"nom":"FOYER DES JEUNES DE PRONOU","type":"centre sociaux","district_region":null,"departement_commune":null,"verifie":true,"name":"FOYER DES JEUNES DE PRONOU","source":"Géoportail ANSTAT"}},{"type":"Feature","geometry":{"type":"Point","coordinates":[-4.957924999999932,7.738696000000061]},"properties":{"id":18431,"nom":"FOYER DES JEUNE","type":"centre sociaux","district_region":null,"departement_commune":null,"verifie":true,"name":"FOYER DES JEUNE","source":"Géoportail ANSTAT"}},{"type":"Feature","geometry":{"type":"Point","coordinates":[-5.077529999999967,7.835191000000066]},"properties":{"id":18432,"nom":"FOYER DES JEUNE DE KOUAKRO MIZRON","type":"centre sociaux","district_region":null,"departement_commune":null,"verifie":true,"name":"FOYER DES JEUNE DE KOUAKRO MIZRON","source":"Géoportail ANSTAT"}},{"type":"Feature","geometry":{"type":"Point","coordinates":[-5.127850999999964,7.653569000000061]},"properties":{"id":18433,"nom":"FOYER DES JEUNES DE BENDEKRO","type":"centre sociaux","district_region":null,"departement_commune":null,"verifie":true,"name":"FOYER DES JEUNES DE BENDEKRO","source":"Géoportail ANSTAT"}},{"type":"Feature","geometry":{"type":"Point","coordinates":[-5.095665999999937,7.896127000000035]},"properties":{"id":18434,"nom":"FOYER DES JEUNES ABOKRO","type":"centre sociaux","district_region":null,"departement_commune":null,"verifie":true,"name":"FOYER DES JEUNES ABOKRO","source":"Géoportail ANSTAT"}},{"type":"Feature","geometry":{"type":"Point","coordinates":[-5.036802999999964,7.685439000000031]},"properties":{"id":18435,"nom":"FOYER DES JEUNES DE BOUAKE","type":"centre sociaux","district_region":null,"departement_commune":null,"verifie":true,"name":"FOYER DES JEUNES DE BOUAKE","source":"Géoportail ANSTAT"}},{"type":"Feature","geometry":{"type":"Point","coordinates":[-5.068812999999977,7.522359000000051]},"properties":{"id":18436,"nom":"FOYER DES JEUNES DE DJEBONOUA","type":"centre sociaux","district_region":null,"departement_commune":null,"verifie":true,"name":"FOYER DES JEUNES DE DJEBONOUA","source":"Géoportail ANSTAT"}},{"type":"Feature","geometry":{"type":"Point","coordinates":[-5.330814999999973,7.479891000000066]},"properties":{"id":18437,"nom":"FOYER DES JEUNES","type":"centre sociaux","district_region":null,"departement_commune":null,"verifie":true,"name":"FOYER DES JEUNES","source":"Géoportail ANSTAT"}},{"type":"Feature","geometry":{"type":"Point","coordinates":[-5.369242999999926,7.58395100000007]},"properties":{"id":18438,"nom":"FOYER DES JEUNES","type":"centre sociaux","district_region":null,"departement_commune":null,"verifie":true,"name":"FOYER DES JEUNES","source":"Géoportail ANSTAT"}},{"type":"Feature","geometry":{"type":"Point","coordinates":[-5.282099999999957,7.470602000000042]},"properties":{"id":18439,"nom":"FOYER DES JEUNES","type":"centre sociaux","district_region":null,"departement_commune":null,"verifie":true,"name":"FOYER DES JEUNES","source":"Géoportail ANSTAT"}},{"type":"Feature","geometry":{"type":"Point","coordinates":[-5.339886999999976,7.386973000000069]},"properties":{"id":18440,"nom":"FOYER DES JEUNES","type":"centre sociaux","district_region":null,"departement_commune":null,"verifie":true,"name":"FOYER DES JEUNES","source":"Géoportail ANSTAT"}},{"type":"Feature","geometry":{"type":"Point","coordinates":[-5.393639999999948,7.80164700000006]},"properties":{"id":18441,"nom":"FOYER DES JEUNES DE DIERIBANOUAN","type":"centre sociaux","district_region":null,"departement_commune":null,"verifie":true,"name":"FOYER DES JEUNES DE DIERIBANOUAN","source":"Géoportail ANSTAT"}},{"type":"Feature","geometry":{"type":"Point","coordinates":[-5.407803999999942,7.970858000000021]},"properties":{"id":18442,"nom":"FOYER DES JEUNES","type":"centre sociaux","district_region":null,"departement_commune":null,"verifie":true,"name":"FOYER DES JEUNES","source":"Géoportail ANSTAT"}},{"type":"Feature","geometry":{"type":"Point","coordinates":[-5.408700999999951,7.982551000000058]},"properties":{"id":18443,"nom":"FOYER DES JEUNES","type":"centre sociaux","district_region":null,"departement_commune":null,"verifie":true,"name":"FOYER DES JEUNES","source":"Géoportail ANSTAT"}},{"type":"Feature","geometry":{"type":"Point","coordinates":[-5.43904299999997,8.093246000000022]},"properties":{"id":18444,"nom":"FOYER DES JEUNES","type":"centre sociaux","district_region":null,"departement_commune":null,"verifie":true,"name":"FOYER DES JEUNES","source":"Géoportail ANSTAT"}},{"type":"Feature","geometry":{"type":"Point","coordinates":[-5.461191999999926,7.694031000000052]},"properties":{"id":18445,"nom":"FOYER DES JEUNES ASSAKRA","type":"centre sociaux","district_region":null,"departement_commune":null,"verifie":true,"name":"FOYER DES JEUNES ASSAKRA","source":"Géoportail ANSTAT"}},{"type":"Feature","geometry":{"type":"Point","coordinates":[-5.46124199999997,7.694022000000075]},"properties":{"id":18446,"nom":"FOYER DES JEUNES ASSAKRA","type":"centre sociaux","district_region":null,"departement_commune":null,"verifie":true,"name":"FOYER DES JEUNES ASSAKRA","source":"Géoportail ANSTAT"}},{"type":"Feature","geometry":{"type":"Point","coordinates":[-5.474917999999946,8.015514000000053]},"properties":{"id":18447,"nom":"FOYER DES JEUNES","type":"centre sociaux","district_region":null,"departement_commune":null,"verifie":true,"name":"FOYER DES JEUNES","source":"Géoportail ANSTAT"}},{"type":"Feature","geometry":{"type":"Point","coordinates":[-5.50746799999996,7.960461000000066]},"properties":{"id":18448,"nom":"FOYER DES JEUNES DE GOLI KPANGBASSOU","type":"centre sociaux","district_region":null,"departement_commune":null,"verifie":true,"name":"FOYER DES JEUNES DE GOLI KPANGBASSOU","source":"Géoportail ANSTAT"}},{"type":"Feature","geometry":{"type":"Point","coordinates":[-5.521374999999978,7.599224000000049]},"properties":{"id":18449,"nom":"FOYER DES JEUNES","type":"centre sociaux","district_region":null,"departement_commune":null,"verifie":true,"name":"FOYER DES JEUNES","source":"Géoportail ANSTAT"}},{"type":"Feature","geometry":{"type":"Point","coordinates":[-5.52431699999994,7.606787000000054]},"properties":{"id":18450,"nom":"FOYER DES JEUNES","type":"centre sociaux","district_region":null,"departement_commune":null,"verifie":true,"name":"FOYER DES JEUNES","source":"Géoportail ANSTAT"}},{"type":"Feature","geometry":{"type":"Point","coordinates":[-5.53919499999995,7.967886000000021]},"properties":{"id":18451,"nom":"FOYER DES JEUNES ANDONIE","type":"centre sociaux","district_region":null,"departement_commune":null,"verifie":true,"name":"FOYER DES JEUNES ANDONIE","source":"Géoportail ANSTAT"}},{"type":"Feature","geometry":{"type":"Point","coordinates":[-5.525176999999928,7.668035000000032]},"properties":{"id":18452,"nom":"FOYER DES JEUNES","type":"centre sociaux","district_region":null,"departement_commune":null,"verifie":true,"name":"FOYER DES JEUNES","source":"Géoportail ANSTAT"}},{"type":"Feature","geometry":{"type":"Point","coordinates":[-5.520894999999939,7.668220000000076]},"properties":{"id":18453,"nom":"FOYER DES JEUNES","type":"centre sociaux","district_region":null,"departement_commune":null,"verifie":true,"name":"FOYER DES JEUNES","source":"Géoportail ANSTAT"}},{"type":"Feature","geometry":{"type":"Point","coordinates":[-5.578812999999968,7.690126000000021]},"properties":{"id":18454,"nom":"FOYER DES JEUNES","type":"centre sociaux","district_region":null,"departement_commune":null,"verifie":true,"name":"FOYER DES JEUNES","source":"Géoportail ANSTAT"}},{"type":"Feature","geometry":{"type":"Point","coordinates":[-5.579630999999949,7.874309000000039]},"properties":{"id":18455,"nom":"FOYER DES JEUNES DE AKOUMIANKRO","type":"centre sociaux","district_region":null,"departement_commune":null,"verifie":true,"name":"FOYER DES JEUNES DE AKOUMIANKRO","source":"Géoportail ANSTAT"}},{"type":"Feature","geometry":{"type":"Point","coordinates":[-5.596012999999971,7.669108000000051]},"properties":{"id":18456,"nom":"FOYER DES JEUNES","type":"centre sociaux","district_region":null,"departement_commune":null,"verifie":true,"name":"FOYER DES JEUNES","source":"Géoportail ANSTAT"}},{"type":"Feature","geometry":{"type":"Point","coordinates":[-5.475051999999948,7.877246000000071]},"properties":{"id":18457,"nom":"FOYER DES JEUNES DE BODOKRO","type":"centre sociaux","district_region":null,"departement_commune":null,"verifie":true,"name":"FOYER DES JEUNES DE BODOKRO","source":"Géoportail ANSTAT"}},{"type":"Feature","geometry":{"type":"Point","coordinates":[-5.213128999999981,7.694214000000045]},"properties":{"id":18458,"nom":"FOYER DES DES JEUNES D ANGOUA YAOKRO","type":"centre sociaux","district_region":null,"departement_commune":null,"verifie":true,"name":"FOYER DES DES JEUNES D ANGOUA YAOKRO","source":"Géoportail ANSTAT"}},{"type":"Feature","geometry":{"type":"Point","coordinates":[-5.260803999999951,7.735775000000046]},"properties":{"id":18459,"nom":"FOYER DES JEUNES DE GBEHEKE","type":"centre sociaux","district_region":null,"departement_commune":null,"verifie":true,"name":"FOYER DES JEUNES DE GBEHEKE","source":"Géoportail ANSTAT"}},{"type":"Feature","geometry":{"type":"Point","coordinates":[-5.28692099999995,7.739157000000034]},"properties":{"id":18460,"nom":"FOYER DES JEUNES DE GBANGAOU KPLI","type":"centre sociaux","district_region":null,"departement_commune":null,"verifie":true,"name":"FOYER DES JEUNES DE GBANGAOU KPLI","source":"Géoportail ANSTAT"}},{"type":"Feature","geometry":{"type":"Point","coordinates":[-5.286968999999942,7.739118000000076]},"properties":{"id":18461,"nom":"FOYER DES JEUNES DE GBANGAOU KPLI","type":"centre sociaux","district_region":null,"departement_commune":null,"verifie":true,"name":"FOYER DES JEUNES DE GBANGAOU KPLI","source":"Géoportail ANSTAT"}},{"type":"Feature","geometry":{"type":"Point","coordinates":[-5.319797999999935,7.689497000000074]},"properties":{"id":18462,"nom":"FOYER DES JEUNES","type":"centre sociaux","district_region":null,"departement_commune":null,"verifie":true,"name":"FOYER DES JEUNES","source":"Géoportail ANSTAT"}},{"type":"Feature","geometry":{"type":"Point","coordinates":[-5.322216999999966,7.68590800000004]},"properties":{"id":18463,"nom":"FOYER DES JEUNES DE AOUGNANFOUTOU","type":"centre sociaux","district_region":null,"departement_commune":null,"verifie":true,"name":"FOYER DES JEUNES DE AOUGNANFOUTOU","source":"Géoportail ANSTAT"}},{"type":"Feature","geometry":{"type":"Point","coordinates":[-5.548858999999936,7.64103300000005]},"properties":{"id":18464,"nom":"FOYER DES JEUNES ADOLPHE SARAKA DE DIOCOHOU","type":"centre sociaux","district_region":null,"departement_commune":null,"verifie":true,"name":"FOYER DES JEUNES ADOLPHE SARAKA DE DIOCOHOU","source":"Géoportail ANSTAT"}},{"type":"Feature","geometry":{"type":"Point","coordinates":[-3.082475999999929,9.044730000000072]},"properties":{"id":18465,"nom":"FOYER DES JEUNES DE ONDEFIDOUO","type":"centre sociaux","district_region":null,"departement_commune":null,"verifie":true,"name":"FOYER DES JEUNES DE ONDEFIDOUO","source":"Géoportail ANSTAT"}},{"type":"Feature","geometry":{"type":"Point","coordinates":[-3.16594699999996,9.82297200000005]},"properties":{"id":18466,"nom":"FOYER DES JEUNES DE KALAMON","type":"centre sociaux","district_region":null,"departement_commune":null,"verifie":true,"name":"FOYER DES JEUNES DE KALAMON","source":"Géoportail ANSTAT"}},{"type":"Feature","geometry":{"type":"Point","coordinates":[-3.169125999999949,9.47781800000007]},"properties":{"id":18467,"nom":"FOYER DES JEUNES","type":"centre sociaux","district_region":null,"departement_commune":null,"verifie":true,"name":"FOYER DES JEUNES","source":"Géoportail ANSTAT"}},{"type":"Feature","geometry":{"type":"Point","coordinates":[-3.378899999999931,8.592730000000074]},"properties":{"id":18468,"nom":"FOYER DES JEUNES DE LAMBIRA","type":"centre sociaux","district_region":null,"departement_commune":null,"verifie":true,"name":"FOYER DES JEUNES DE LAMBIRA","source":"Géoportail ANSTAT"}},{"type":"Feature","geometry":{"type":"Point","coordinates":[-3.535374999999931,8.457478000000037]},"properties":{"id":18469,"nom":"FOYER DES JEUNES DE PARHADI","type":"centre sociaux","district_region":null,"departement_commune":null,"verifie":true,"name":"FOYER DES JEUNES DE PARHADI","source":"Géoportail ANSTAT"}},{"type":"Feature","geometry":{"type":"Point","coordinates":[-3.631853999999976,8.583817000000067]},"properties":{"id":18470,"nom":"FOYER DES JEUNES DE BOUGOULAYE","type":"centre sociaux","district_region":null,"departement_commune":null,"verifie":true,"name":"FOYER DES JEUNES DE BOUGOULAYE","source":"Géoportail ANSTAT"}},{"type":"Feature","geometry":{"type":"Point","coordinates":[-3.471793999999932,8.44889900000004]},"properties":{"id":18471,"nom":"FOYER CATHOLIQUE DES JEUNES ELEVES ST JEAN BOSCO","type":"centre sociaux","district_region":null,"departement_commune":null,"verifie":true,"name":"FOYER CATHOLIQUE DES JEUNES ELEVES ST JEAN BOSCO","source":"Géoportail ANSTAT"}},{"type":"Feature","geometry":{"type":"Point","coordinates":[-4.678050999999925,7.341442000000029]},"properties":{"id":18472,"nom":"FOYER DES JEUNES DE KOUASSI KOUASSIKRO","type":"centre sociaux","district_region":null,"departement_commune":null,"verifie":true,"name":"FOYER DES JEUNES DE KOUASSI KOUASSIKRO","source":"Géoportail ANSTAT"}},{"type":"Feature","geometry":{"type":"Point","coordinates":[-4.317305999999974,6.935655000000054]},"properties":{"id":18473,"nom":"FOYER DES JEUNES","type":"centre sociaux","district_region":null,"departement_commune":null,"verifie":true,"name":"FOYER DES JEUNES","source":"Géoportail ANSTAT"}},{"type":"Feature","geometry":{"type":"Point","coordinates":[-4.420268999999962,6.869308000000046]},"properties":{"id":18474,"nom":"FOYER DES JEUNES","type":"centre sociaux","district_region":null,"departement_commune":null,"verifie":true,"name":"FOYER DES JEUNES","source":"Géoportail ANSTAT"}},{"type":"Feature","geometry":{"type":"Point","coordinates":[-4.570441999999957,6.678641000000027]},"properties":{"id":18475,"nom":"FOYER DES JEUNES","type":"centre sociaux","district_region":null,"departement_commune":null,"verifie":true,"name":"FOYER DES JEUNES","source":"Géoportail ANSTAT"}},{"type":"Feature","geometry":{"type":"Point","coordinates":[-4.588185999999951,6.791584000000057]},"properties":{"id":18476,"nom":"FOYER DES JEUNES","type":"centre sociaux","district_region":null,"departement_commune":null,"verifie":true,"name":"FOYER DES JEUNES","source":"Géoportail ANSTAT"}},{"type":"Feature","geometry":{"type":"Point","coordinates":[-4.826985999999977,6.777401000000054]},"properties":{"id":18477,"nom":"FOYER DES JEUNES","type":"centre sociaux","district_region":null,"departement_commune":null,"verifie":true,"name":"FOYER DES JEUNES","source":"Géoportail ANSTAT"}},{"type":"Feature","geometry":{"type":"Point","coordinates":[-4.703404999999975,6.827501000000041]},"properties":{"id":18478,"nom":"FOYER DES JEUNES","type":"centre sociaux","district_region":null,"departement_commune":null,"verifie":true,"name":"FOYER DES JEUNES","source":"Géoportail ANSTAT"}},{"type":"Feature","geometry":{"type":"Point","coordinates":[-4.626712999999938,7.173327000000029]},"properties":{"id":18479,"nom":"FOYER DES JEUNE DE SASSOUKRO","type":"centre sociaux","district_region":null,"departement_commune":null,"verifie":true,"name":"FOYER DES JEUNE DE SASSOUKRO","source":"Géoportail ANSTAT"}},{"type":"Feature","geometry":{"type":"Point","coordinates":[-4.809005999999954,6.652961000000062]},"properties":{"id":18480,"nom":"FOYER DES JEUNES","type":"centre sociaux","district_region":null,"departement_commune":null,"verifie":true,"name":"FOYER DES JEUNES","source":"Géoportail ANSTAT"}},{"type":"Feature","geometry":{"type":"Point","coordinates":[-4.705889999999954,6.655945000000031]},"properties":{"id":18481,"nom":"FOYER DES JEUNES DE DIMBOKRO","type":"centre sociaux","district_region":null,"departement_commune":null,"verifie":true,"name":"FOYER DES JEUNES DE DIMBOKRO","source":"Géoportail ANSTAT"}},{"type":"Feature","geometry":{"type":"Point","coordinates":[-4.468905999999947,7.23112100000003]},"properties":{"id":18482,"nom":"FOYER DES JEUNE DE KONAN NDRIKRO","type":"centre sociaux","district_region":null,"departement_commune":null,"verifie":true,"name":"FOYER DES JEUNE DE KONAN NDRIKRO","source":"Géoportail ANSTAT"}},{"type":"Feature","geometry":{"type":"Point","coordinates":[-4.688584999999932,7.411429000000055]},"properties":{"id":18483,"nom":"FOYER DES JEUNES DE AKANZA KOUADIOKRO","type":"centre sociaux","district_region":null,"departement_commune":null,"verifie":true,"name":"FOYER DES JEUNES DE AKANZA KOUADIOKRO","source":"Géoportail ANSTAT"}},{"type":"Feature","geometry":{"type":"Point","coordinates":[-7.581993999999952,6.538900000000069]},"properties":{"id":18484,"nom":"FOYER DES JEUNES","type":"centre sociaux","district_region":null,"departement_commune":null,"verifie":true,"name":"FOYER DES JEUNES","source":"Géoportail ANSTAT"}},{"type":"Feature","geometry":{"type":"Point","coordinates":[-7.714380999999946,6.568644000000063]},"properties":{"id":18485,"nom":"FOYER DES JEUNES","type":"centre sociaux","district_region":null,"departement_commune":null,"verifie":true,"name":"FOYER DES JEUNES","source":"Géoportail ANSTAT"}},{"type":"Feature","geometry":{"type":"Point","coordinates":[-7.778262999999981,6.564640000000054]},"properties":{"id":18486,"nom":"FOYER DES JEUNES DE BEDY GOAZON","type":"centre sociaux","district_region":null,"departement_commune":null,"verifie":true,"name":"FOYER DES JEUNES DE BEDY GOAZON","source":"Géoportail ANSTAT"}},{"type":"Feature","geometry":{"type":"Point","coordinates":[-8.11385299999995,6.444370000000049]},"properties":{"id":18487,"nom":"FOYER DES JEUNES DE DIBOKE","type":"centre sociaux","district_region":null,"departement_commune":null,"verifie":true,"name":"FOYER DES JEUNES DE DIBOKE","source":"Géoportail ANSTAT"}},{"type":"Feature","geometry":{"type":"Point","coordinates":[-8.401674999999955,6.619031000000064]},"properties":{"id":18488,"nom":"FOYER DES JEUNE DE DOHO","type":"centre sociaux","district_region":null,"departement_commune":null,"verifie":true,"name":"FOYER DES JEUNE DE DOHO","source":"Géoportail ANSTAT"}},{"type":"Feature","geometry":{"type":"Point","coordinates":[-8.40821399999993,6.58136200000007]},"properties":{"id":18489,"nom":"FOYER DES JEUNES","type":"centre sociaux","district_region":null,"departement_commune":null,"verifie":true,"name":"FOYER DES JEUNES","source":"Géoportail ANSTAT"}},{"type":"Feature","geometry":{"type":"Point","coordinates":[-8.435484999999971,6.635666000000072]},"properties":{"id":18490,"nom":"FOYER DES JEUNES DE GREPLEU","type":"centre sociaux","district_region":null,"departement_commune":null,"verifie":true,"name":"FOYER DES JEUNES DE GREPLEU","source":"Géoportail ANSTAT"}},{"type":"Feature","geometry":{"type":"Point","coordinates":[-8.480342999999948,6.618953000000033]},"properties":{"id":18491,"nom":"FOYER DES JEUNES","type":"centre sociaux","district_region":null,"departement_commune":null,"verifie":true,"name":"FOYER DES JEUNES","source":"Géoportail ANSTAT"}},{"type":"Feature","geometry":{"type":"Point","coordinates":[-8.49605699999995,6.502575000000036]},"properties":{"id":18492,"nom":"FOYER DES JEUNES DE DOUOGUIBLY","type":"centre sociaux","district_region":null,"departement_commune":null,"verifie":true,"name":"FOYER DES JEUNES DE DOUOGUIBLY","source":"Géoportail ANSTAT"}},{"type":"Feature","geometry":{"type":"Point","coordinates":[-8.544679999999971,6.552000000000021]},"properties":{"id":18493,"nom":"FOYER DES JEUNES DE GUEYEDE","type":"centre sociaux","district_region":null,"departement_commune":null,"verifie":true,"name":"FOYER DES JEUNES DE GUEYEDE","source":"Géoportail ANSTAT"}},{"type":"Feature","geometry":{"type":"Point","coordinates":[-8.275903999999969,6.536881000000051]},"properties":{"id":18494,"nom":"FOYER DES JEUNES DE DENAM","type":"centre sociaux","district_region":null,"departement_commune":null,"verifie":true,"name":"FOYER DES JEUNES DE DENAM","source":"Géoportail ANSTAT"}},{"type":"Feature","geometry":{"type":"Point","coordinates":[-6.44678399999998,6.773475000000076]},"properties":{"id":18498,"nom":"FOYER DES JEUNES DE GBALAGOUA","type":"centre sociaux","district_region":null,"departement_commune":null,"verifie":true,"name":"FOYER DES JEUNES DE GBALAGOUA","source":"Géoportail ANSTAT"}},{"type":"Feature","geometry":{"type":"Point","coordinates":[-6.486866999999961,6.688802000000067]},"properties":{"id":18499,"nom":"FOYER DES JEUNES","type":"centre sociaux","district_region":null,"departement_commune":null,"verifie":true,"name":"FOYER DES JEUNES","source":"Géoportail ANSTAT"}},{"type":"Feature","geometry":{"type":"Point","coordinates":[-6.24077699999998,6.909177000000057]},"properties":{"id":18500,"nom":"FOYER DE JEUNE","type":"centre sociaux","district_region":null,"departement_commune":null,"verifie":true,"name":"FOYER DE JEUNE","source":"Géoportail ANSTAT"}},{"type":"Feature","geometry":{"type":"Point","coordinates":[-6.306834999999978,6.38189200000005]},"properties":{"id":18502,"nom":"FOYER DES JEUNES","type":"centre sociaux","district_region":null,"departement_commune":null,"verifie":true,"name":"FOYER DES JEUNES","source":"Géoportail ANSTAT"}},{"type":"Feature","geometry":{"type":"Point","coordinates":[-6.739598999999941,6.521266000000026]},"properties":{"id":18503,"nom":"FOYER DES JEUNE","type":"centre sociaux","district_region":null,"departement_commune":null,"verifie":true,"name":"FOYER DES JEUNE","source":"Géoportail ANSTAT"}},{"type":"Feature","geometry":{"type":"Point","coordinates":[-6.566911999999945,6.540728000000058]},"properties":{"id":18504,"nom":"FOYER DES JEUNES  JULIA","type":"centre sociaux","district_region":null,"departement_commune":null,"verifie":true,"name":"FOYER DES JEUNES  JULIA","source":"Géoportail ANSTAT"}},{"type":"Feature","geometry":{"type":"Point","coordinates":[-6.85034799999994,6.872180000000071]},"properties":{"id":18506,"nom":"FOYER DES JEUNE","type":"centre sociaux","district_region":null,"departement_commune":null,"verifie":true,"name":"FOYER DES JEUNE","source":"Géoportail ANSTAT"}},{"type":"Feature","geometry":{"type":"Point","coordinates":[-4.940375999999958,6.167179000000033]},"properties":{"id":18507,"nom":"FOYER DES JEUNES","type":"centre sociaux","district_region":null,"departement_commune":null,"verifie":true,"name":"FOYER DES JEUNES","source":"Géoportail ANSTAT"}},{"type":"Feature","geometry":{"type":"Point","coordinates":[-4.944422999999972,5.911309000000074]},"properties":{"id":18508,"nom":"FOYER DES JEUNES","type":"centre sociaux","district_region":null,"departement_commune":null,"verifie":true,"name":"FOYER DES JEUNES","source":"Géoportail ANSTAT"}},{"type":"Feature","geometry":{"type":"Point","coordinates":[-4.686698999999976,5.906998000000044]},"properties":{"id":18509,"nom":"FOYER DES JEUNES DE BODO","type":"centre sociaux","district_region":null,"departement_commune":null,"verifie":true,"name":"FOYER DES JEUNES DE BODO","source":"Géoportail ANSTAT"}},{"type":"Feature","geometry":{"type":"Point","coordinates":[-4.660146999999938,5.799399000000051]},"properties":{"id":18510,"nom":"FOYER DE JEUNE","type":"centre sociaux","district_region":null,"departement_commune":null,"verifie":true,"name":"FOYER DE JEUNE","source":"Géoportail ANSTAT"}},{"type":"Feature","geometry":{"type":"Point","coordinates":[-4.927423999999974,6.218132000000026]},"properties":{"id":18511,"nom":"FOYER DES JEUNES","type":"centre sociaux","district_region":null,"departement_commune":null,"verifie":true,"name":"FOYER DES JEUNES","source":"Géoportail ANSTAT"}},{"type":"Feature","geometry":{"type":"Point","coordinates":[-4.82641899999993,5.888553000000059]},"properties":{"id":18513,"nom":"FOYER DES JEUNES","type":"centre sociaux","district_region":null,"departement_commune":null,"verifie":true,"name":"FOYER DES JEUNES","source":"Géoportail ANSTAT"}},{"type":"Feature","geometry":{"type":"Point","coordinates":[-4.154707999999971,5.827110000000062]},"properties":{"id":18514,"nom":"FOYER DES JEUNES DE GRAND YAPO","type":"centre sociaux","district_region":null,"departement_commune":null,"verifie":true,"name":"FOYER DES JEUNES DE GRAND YAPO","source":"Géoportail ANSTAT"}},{"type":"Feature","geometry":{"type":"Point","coordinates":[-4.132538999999952,5.965091000000029]},"properties":{"id":18515,"nom":"FOYER DES JEUNES DE MBATTRA","type":"centre sociaux","district_region":null,"departement_commune":null,"verifie":true,"name":"FOYER DES JEUNES DE MBATTRA","source":"Géoportail ANSTAT"}},{"type":"Feature","geometry":{"type":"Point","coordinates":[-7.730101999999931,8.259053000000051]},"properties":{"id":18516,"nom":"FOYER DES JEUNES","type":"centre sociaux","district_region":null,"departement_commune":null,"verifie":true,"name":"FOYER DES JEUNES","source":"Géoportail ANSTAT"}},{"type":"Feature","geometry":{"type":"Point","coordinates":[-7.558190999999965,8.123418000000072]},"properties":{"id":18517,"nom":"FOYER DES JEUNES","type":"centre sociaux","district_region":null,"departement_commune":null,"verifie":true,"name":"FOYER DES JEUNES","source":"Géoportail ANSTAT"}},{"type":"Feature","geometry":{"type":"Point","coordinates":[-7.843773999999939,8.037018000000046]},"properties":{"id":18518,"nom":"FOYER DES JEUNES DE GOUEKAN","type":"centre sociaux","district_region":null,"departement_commune":null,"verifie":true,"name":"FOYER DES JEUNES DE GOUEKAN","source":"Géoportail ANSTAT"}},{"type":"Feature","geometry":{"type":"Point","coordinates":[-7.771788999999956,8.102313000000038]},"properties":{"id":18519,"nom":"FOYER DES JEUNES","type":"centre sociaux","district_region":null,"departement_commune":null,"verifie":true,"name":"FOYER DES JEUNES","source":"Géoportail ANSTAT"}},{"type":"Feature","geometry":{"type":"Point","coordinates":[-7.798053999999979,8.212294000000043]},"properties":{"id":18520,"nom":"FOYER DES JEUNES DE OUINTOULO","type":"centre sociaux","district_region":null,"departement_commune":null,"verifie":true,"name":"FOYER DES JEUNES DE OUINTOULO","source":"Géoportail ANSTAT"}},{"type":"Feature","geometry":{"type":"Point","coordinates":[-7.601057999999966,8.427045000000021]},"properties":{"id":18521,"nom":"FOYER DES JEUNES","type":"centre sociaux","district_region":null,"departement_commune":null,"verifie":true,"name":"FOYER DES JEUNES","source":"Géoportail ANSTAT"}},{"type":"Feature","geometry":{"type":"Point","coordinates":[-7.462792999999976,8.553417000000024]},"properties":{"id":18522,"nom":"FOYER DES JEUNES","type":"centre sociaux","district_region":null,"departement_commune":null,"verifie":true,"name":"FOYER DES JEUNES","source":"Géoportail ANSTAT"}},{"type":"Feature","geometry":{"type":"Point","coordinates":[-7.999426999999969,8.357263000000046]},"properties":{"id":18523,"nom":"FOYER DES JEUNES","type":"centre sociaux","district_region":null,"departement_commune":null,"verifie":true,"name":"FOYER DES JEUNES","source":"Géoportail ANSTAT"}},{"type":"Feature","geometry":{"type":"Point","coordinates":[-8.02577599999995,8.25612300000006]},"properties":{"id":18524,"nom":"FOYER DES JEUNES DE GOUEKRO","type":"centre sociaux","district_region":null,"departement_commune":null,"verifie":true,"name":"FOYER DES JEUNES DE GOUEKRO","source":"Géoportail ANSTAT"}},{"type":"Feature","geometry":{"type":"Point","coordinates":[-8.125165999999979,8.375216000000023]},"properties":{"id":18525,"nom":"FOYER DES JEUNES","type":"centre sociaux","district_region":null,"departement_commune":null,"verifie":true,"name":"FOYER DES JEUNES","source":"Géoportail ANSTAT"}},{"type":"Feature","geometry":{"type":"Point","coordinates":[-7.270771999999965,8.191303000000062]},"properties":{"id":18526,"nom":"FOYER DES JEUNES DE DOH","type":"centre sociaux","district_region":null,"departement_commune":null,"verifie":true,"name":"FOYER DES JEUNES DE DOH","source":"Géoportail ANSTAT"}},{"type":"Feature","geometry":{"type":"Point","coordinates":[-7.671968999999933,8.117265000000032]},"properties":{"id":18527,"nom":"FOYER DES JEUNES DE FOUENAN","type":"centre sociaux","district_region":null,"departement_commune":null,"verifie":true,"name":"FOYER DES JEUNES DE FOUENAN","source":"Géoportail ANSTAT"}},{"type":"Feature","geometry":{"type":"Point","coordinates":[-7.730232999999942,8.935928000000047]},"properties":{"id":18528,"nom":"FOYER DES JEUNES","type":"centre sociaux","district_region":null,"departement_commune":null,"verifie":true,"name":"FOYER DES JEUNES","source":"Géoportail ANSTAT"}},{"type":"Feature","geometry":{"type":"Point","coordinates":[-5.686071999999967,5.868392000000028]},"properties":{"id":18529,"nom":"FOYER DES JEUNES DE LAKOTA","type":"centre sociaux","district_region":null,"departement_commune":null,"verifie":true,"name":"FOYER DES JEUNES DE LAKOTA","source":"Géoportail ANSTAT"}},{"type":"Feature","geometry":{"type":"Point","coordinates":[-5.686673999999925,5.868081000000075]},"properties":{"id":18530,"nom":"FOYER DES JEUNES DE LAKOTA","type":"centre sociaux","district_region":null,"departement_commune":null,"verifie":true,"name":"FOYER DES JEUNES DE LAKOTA","source":"Géoportail ANSTAT"}},{"type":"Feature","geometry":{"type":"Point","coordinates":[-5.325856999999928,6.158440000000041]},"properties":{"id":18531,"nom":"FOYER DES JEUNES","type":"centre sociaux","district_region":null,"departement_commune":null,"verifie":true,"name":"FOYER DES JEUNES","source":"Géoportail ANSTAT"}},{"type":"Feature","geometry":{"type":"Point","coordinates":[-5.185364999999933,6.078981000000056]},"properties":{"id":18532,"nom":"FOYER DES JEUNES DE DAAKO","type":"centre sociaux","district_region":null,"departement_commune":null,"verifie":true,"name":"FOYER DES JEUNES DE DAAKO","source":"Géoportail ANSTAT"}},{"type":"Feature","geometry":{"type":"Point","coordinates":[-5.066489999999931,5.698595000000068]},"properties":{"id":18533,"nom":"FOYER DES JEUNES DE CHIEPO","type":"centre sociaux","district_region":null,"departement_commune":null,"verifie":true,"name":"FOYER DES JEUNES DE CHIEPO","source":"Géoportail ANSTAT"}},{"type":"Feature","geometry":{"type":"Point","coordinates":[-5.737109999999973,5.787286000000051]},"properties":{"id":18542,"nom":"FOYER DES JEUNES","type":"centre sociaux","district_region":null,"departement_commune":null,"verifie":true,"name":"FOYER DES JEUNES","source":"Géoportail ANSTAT"}},{"type":"Feature","geometry":{"type":"Point","coordinates":[-5.641382999999962,5.763911000000064]},"properties":{"id":18543,"nom":"FOYER DES JEUNES","type":"centre sociaux","district_region":null,"departement_commune":null,"verifie":true,"name":"FOYER DES JEUNES","source":"Géoportail ANSTAT"}},{"type":"Feature","geometry":{"type":"Point","coordinates":[-6.37694399999998,9.954868000000031]},"properties":{"id":18544,"nom":"FOYER DES JEUNES DE BOYO","type":"centre sociaux","district_region":null,"departement_commune":null,"verifie":true,"name":"FOYER DES JEUNES DE BOYO","source":"Géoportail ANSTAT"}},{"type":"Feature","geometry":{"type":"Point","coordinates":[-6.614232999999956,9.967930000000024]},"properties":{"id":18545,"nom":"FOYER DES JEUNES","type":"centre sociaux","district_region":null,"departement_commune":null,"verifie":true,"name":"FOYER DES JEUNES","source":"Géoportail ANSTAT"}},{"type":"Feature","geometry":{"type":"Point","coordinates":[-6.155326999999943,9.846982000000024]},"properties":{"id":18546,"nom":"FOYER DES JEUNES DE PONGAFRE","type":"centre sociaux","district_region":null,"departement_commune":null,"verifie":true,"name":"FOYER DES JEUNES DE PONGAFRE","source":"Géoportail ANSTAT"}},{"type":"Feature","geometry":{"type":"Point","coordinates":[-6.544162999999969,9.220258000000058]},"properties":{"id":18547,"nom":"FOYER DE DES JEUNES DE NIEMPURGUE","type":"centre sociaux","district_region":null,"departement_commune":null,"verifie":true,"name":"FOYER DE DES JEUNES DE NIEMPURGUE","source":"Géoportail ANSTAT"}},{"type":"Feature","geometry":{"type":"Point","coordinates":[-6.618622999999957,9.305927000000054]},"properties":{"id":18548,"nom":"FOYER DES JEUNES DE KEBI","type":"centre sociaux","district_region":null,"departement_commune":null,"verifie":true,"name":"FOYER DES JEUNES DE KEBI","source":"Géoportail ANSTAT"}},{"type":"Feature","geometry":{"type":"Point","coordinates":[-6.557575999999926,9.428942000000063]},"properties":{"id":18549,"nom":"FOYER DES JEUNES DE GBEMOU","type":"centre sociaux","district_region":null,"departement_commune":null,"verifie":true,"name":"FOYER DES JEUNES DE GBEMOU","source":"Géoportail ANSTAT"}},{"type":"Feature","geometry":{"type":"Point","coordinates":[-6.35206299999993,10.43667200000004]},"properties":{"id":18550,"nom":"FOYER DES JEUNES DE DANZOUROU","type":"centre sociaux","district_region":null,"departement_commune":null,"verifie":true,"name":"FOYER DES JEUNES DE DANZOUROU","source":"Géoportail ANSTAT"}},{"type":"Feature","geometry":{"type":"Point","coordinates":[-6.29363399999994,10.56934700000005]},"properties":{"id":18551,"nom":"FOYER DES JEUNES","type":"centre sociaux","district_region":null,"departement_commune":null,"verifie":true,"name":"FOYER DES JEUNES","source":"Géoportail ANSTAT"}},{"type":"Feature","geometry":{"type":"Point","coordinates":[-6.272069999999928,10.59559800000005]},"properties":{"id":18552,"nom":"FOYER DES JEUNES DE BASSO","type":"centre sociaux","district_region":null,"departement_commune":null,"verifie":true,"name":"FOYER DES JEUNES DE BASSO","source":"Géoportail ANSTAT"}},{"type":"Feature","geometry":{"type":"Point","coordinates":[-5.667089999999973,8.21569900000003]},"properties":{"id":18553,"nom":"FOYER DES JEUNES","type":"centre sociaux","district_region":null,"departement_commune":null,"verifie":true,"name":"FOYER DES JEUNES","source":"Géoportail ANSTAT"}},{"type":"Feature","geometry":{"type":"Point","coordinates":[-5.675972999999942,8.210612000000026]},"properties":{"id":18554,"nom":"FOYER DES JEUNES DE BABADOUGOU","type":"centre sociaux","district_region":null,"departement_commune":null,"verifie":true,"name":"FOYER DES JEUNES DE BABADOUGOU","source":"Géoportail ANSTAT"}},{"type":"Feature","geometry":{"type":"Point","coordinates":[-5.71926899999994,8.104846000000066]},"properties":{"id":18555,"nom":"FOYER DES JEUNES DE DABAKALATOU","type":"centre sociaux","district_region":null,"departement_commune":null,"verifie":true,"name":"FOYER DES JEUNES DE DABAKALATOU","source":"Géoportail ANSTAT"}},{"type":"Feature","geometry":{"type":"Point","coordinates":[-5.725989999999967,8.136709000000053]},"properties":{"id":18556,"nom":"FOYER DES JEUNES DE NIANGOURALA KAMAGATE","type":"centre sociaux","district_region":null,"departement_commune":null,"verifie":true,"name":"FOYER DES JEUNES DE NIANGOURALA KAMAGATE","source":"Géoportail ANSTAT"}},{"type":"Feature","geometry":{"type":"Point","coordinates":[-6.135045999999932,8.384082000000035]},"properties":{"id":18557,"nom":"FOYER DES JEUNES DE FILASSO","type":"centre sociaux","district_region":null,"departement_commune":null,"verifie":true,"name":"FOYER DES JEUNES DE FILASSO","source":"Géoportail ANSTAT"}},{"type":"Feature","geometry":{"type":"Point","coordinates":[-6.198005999999964,8.465334000000041]},"properties":{"id":18558,"nom":"FOYER DES JEUNES","type":"centre sociaux","district_region":null,"departement_commune":null,"verifie":true,"name":"FOYER DES JEUNES","source":"Géoportail ANSTAT"}},{"type":"Feature","geometry":{"type":"Point","coordinates":[-5.836565999999948,8.391129000000035]},"properties":{"id":18559,"nom":"FOYER DES JEUNES DE BOROZOMBA","type":"centre sociaux","district_region":null,"departement_commune":null,"verifie":true,"name":"FOYER DES JEUNES DE BOROZOMBA","source":"Géoportail ANSTAT"}},{"type":"Feature","geometry":{"type":"Point","coordinates":[-5.904383999999936,8.365623000000028]},"properties":{"id":18560,"nom":"FOYER DES JEUNES","type":"centre sociaux","district_region":null,"departement_commune":null,"verifie":true,"name":"FOYER DES JEUNES","source":"Géoportail ANSTAT"}},{"type":"Feature","geometry":{"type":"Point","coordinates":[-5.936110999999926,8.463574000000051]},"properties":{"id":18561,"nom":"FOYER DES JEUNES","type":"centre sociaux","district_region":null,"departement_commune":null,"verifie":true,"name":"FOYER DES JEUNES","source":"Géoportail ANSTAT"}},{"type":"Feature","geometry":{"type":"Point","coordinates":[-5.950810999999931,8.404053000000033]},"properties":{"id":18562,"nom":"FOYER DES JEUNES","type":"centre sociaux","district_region":null,"departement_commune":null,"verifie":true,"name":"FOYER DES JEUNES","source":"Géoportail ANSTAT"}},{"type":"Feature","geometry":{"type":"Point","coordinates":[-5.949909999999932,8.361099000000024]},"properties":{"id":18563,"nom":"FOYER DES JEUNES DE NONKOUNDOUGOU","type":"centre sociaux","district_region":null,"departement_commune":null,"verifie":true,"name":"FOYER DES JEUNES DE NONKOUNDOUGOU","source":"Géoportail ANSTAT"}},{"type":"Feature","geometry":{"type":"Point","coordinates":[-5.888392999999951,8.409191000000021]},"properties":{"id":18564,"nom":"FOYER DES JEUNES DE KPESSO","type":"centre sociaux","district_region":null,"departement_commune":null,"verifie":true,"name":"FOYER DES JEUNES DE KPESSO","source":"Géoportail ANSTAT"}},{"type":"Feature","geometry":{"type":"Point","coordinates":[-5.900635999999963,8.382849000000022]},"properties":{"id":18565,"nom":"FOYER DES JEUNES","type":"centre sociaux","district_region":null,"departement_commune":null,"verifie":true,"name":"FOYER DES JEUNES","source":"Géoportail ANSTAT"}},{"type":"Feature","geometry":{"type":"Point","coordinates":[-6.110334999999964,8.020576000000062]},"properties":{"id":18566,"nom":"FOYER DES JEUNES","type":"centre sociaux","district_region":null,"departement_commune":null,"verifie":true,"name":"FOYER DES JEUNES","source":"Géoportail ANSTAT"}},{"type":"Feature","geometry":{"type":"Point","coordinates":[-6.122897999999964,8.081002000000069]},"properties":{"id":18567,"nom":"FOYER DES JEUNES","type":"centre sociaux","district_region":null,"departement_commune":null,"verifie":true,"name":"FOYER DES JEUNES","source":"Géoportail ANSTAT"}},{"type":"Feature","geometry":{"type":"Point","coordinates":[-6.181454999999971,8.030323000000067]},"properties":{"id":18568,"nom":"FOYER DES JEUNES","type":"centre sociaux","district_region":null,"departement_commune":null,"verifie":true,"name":"FOYER DES JEUNES","source":"Géoportail ANSTAT"}},{"type":"Feature","geometry":{"type":"Point","coordinates":[-6.244008999999949,8.989613000000077]},"properties":{"id":18569,"nom":"FOYER DES JEUNES DE LENGUEDOUGOU","type":"centre sociaux","district_region":null,"departement_commune":null,"verifie":true,"name":"FOYER DES JEUNES DE LENGUEDOUGOU","source":"Géoportail ANSTAT"}},{"type":"Feature","geometry":{"type":"Point","coordinates":[-6.255159999999933,8.953260000000057]},"properties":{"id":18570,"nom":"FOYER DES JEUNES DE DIANRA","type":"centre sociaux","district_region":null,"departement_commune":null,"verifie":true,"name":"FOYER DES JEUNES DE DIANRA","source":"Géoportail ANSTAT"}},{"type":"Feature","geometry":{"type":"Point","coordinates":[-5.934559999999976,7.849006000000031]},"properties":{"id":18571,"nom":"FOYER DES JEUNES","type":"centre sociaux","district_region":null,"departement_commune":null,"verifie":true,"name":"FOYER DES JEUNES","source":"Géoportail ANSTAT"}},{"type":"Feature","geometry":{"type":"Point","coordinates":[-6.082332999999949,7.81508400000007]},"properties":{"id":18572,"nom":"FOYER DES JEUNES","type":"centre sociaux","district_region":null,"departement_commune":null,"verifie":true,"name":"FOYER DES JEUNES","source":"Géoportail ANSTAT"}},{"type":"Feature","geometry":{"type":"Point","coordinates":[-6.917875999999978,10.12218100000007]},"properties":{"id":18573,"nom":"FOYER DES JEUNES","type":"centre sociaux","district_region":null,"departement_commune":null,"verifie":true,"name":"FOYER DES JEUNES","source":"Géoportail ANSTAT"}},{"type":"Feature","geometry":{"type":"Point","coordinates":[-7.13640799999996,9.954200000000071]},"properties":{"id":18574,"nom":"FOYER DES JEUNES DE MBEBLALA","type":"centre sociaux","district_region":null,"departement_commune":null,"verifie":true,"name":"FOYER DES JEUNES DE MBEBLALA","source":"Géoportail ANSTAT"}},{"type":"Feature","geometry":{"type":"Point","coordinates":[-7.20229999999998,10.01797400000004]},"properties":{"id":18575,"nom":"FOYER DES JEUNES DE GOULIA","type":"centre sociaux","district_region":null,"departement_commune":null,"verifie":true,"name":"FOYER DES JEUNES DE GOULIA","source":"Géoportail ANSTAT"}},{"type":"Feature","geometry":{"type":"Point","coordinates":[-7.483644999999967,9.737295000000074]},"properties":{"id":18576,"nom":"FOYER DES JEUNES DE KORO OULE","type":"centre sociaux","district_region":null,"departement_commune":null,"verifie":true,"name":"FOYER DES JEUNES DE KORO OULE","source":"Géoportail ANSTAT"}},{"type":"Feature","geometry":{"type":"Point","coordinates":[-7.515720999999928,10.36034500000005]},"properties":{"id":18577,"nom":"FOYER DES JEUNES","type":"centre sociaux","district_region":null,"departement_commune":null,"verifie":true,"name":"FOYER DES JEUNES","source":"Géoportail ANSTAT"}},{"type":"Feature","geometry":{"type":"Point","coordinates":[-7.514590999999939,9.81675000000007]},"properties":{"id":18578,"nom":"FOYER DES JEUNES DE KANIASSO","type":"centre sociaux","district_region":null,"departement_commune":null,"verifie":true,"name":"FOYER DES JEUNES DE KANIASSO","source":"Géoportail ANSTAT"}},{"type":"Feature","geometry":{"type":"Point","coordinates":[-7.532118999999966,10.05237500000004]},"properties":{"id":18579,"nom":"FOYER DES JEUNES","type":"centre sociaux","district_region":null,"departement_commune":null,"verifie":true,"name":"FOYER DES JEUNES","source":"Géoportail ANSTAT"}},{"type":"Feature","geometry":{"type":"Point","coordinates":[-7.57015999999993,9.97520000000003]},"properties":{"id":18580,"nom":"FOYER DES JEUNES DE KARALA","type":"centre sociaux","district_region":null,"departement_commune":null,"verifie":true,"name":"FOYER DES JEUNES DE KARALA","source":"Géoportail ANSTAT"}},{"type":"Feature","geometry":{"type":"Point","coordinates":[-7.815522999999928,9.923738000000071]},"properties":{"id":18581,"nom":"FOYER DES JEUNES","type":"centre sociaux","district_region":null,"departement_commune":null,"verifie":true,"name":"FOYER DES JEUNES","source":"Géoportail ANSTAT"}},{"type":"Feature","geometry":{"type":"Point","coordinates":[-3.358645999999965,7.000349000000028]},"properties":{"id":18582,"nom":"FOYER DES JEUNES","type":"centre sociaux","district_region":null,"departement_commune":null,"verifie":true,"name":"FOYER DES JEUNES","source":"Géoportail ANSTAT"}},{"type":"Feature","geometry":{"type":"Point","coordinates":[-3.46579399999996,6.773925000000077]},"properties":{"id":18584,"nom":"FOYER DES JEUNES CNRA","type":"centre sociaux","district_region":null,"departement_commune":null,"verifie":true,"name":"FOYER DES JEUNES CNRA","source":"Géoportail ANSTAT"}},{"type":"Feature","geometry":{"type":"Point","coordinates":[-3.518630999999971,6.716699000000062]},"properties":{"id":18586,"nom":"FOYER DES JEUNES DE ADAOU","type":"centre sociaux","district_region":null,"departement_commune":null,"verifie":true,"name":"FOYER DES JEUNES DE ADAOU","source":"Géoportail ANSTAT"}},{"type":"Feature","geometry":{"type":"Point","coordinates":[-3.525817999999958,6.819078000000047]},"properties":{"id":18587,"nom":"FOYER DES JEUNES","type":"centre sociaux","district_region":null,"departement_commune":null,"verifie":true,"name":"FOYER DES JEUNES","source":"Géoportail ANSTAT"}},{"type":"Feature","geometry":{"type":"Point","coordinates":[-3.688485999999955,6.967277000000024]},"properties":{"id":18588,"nom":"FOYER DES JEUNES","type":"centre sociaux","district_region":null,"departement_commune":null,"verifie":true,"name":"FOYER DES JEUNES","source":"Géoportail ANSTAT"}},{"type":"Feature","geometry":{"type":"Point","coordinates":[-3.266513999999972,6.656112000000064]},"properties":{"id":18589,"nom":"FOYER DES JEUNES","type":"centre sociaux","district_region":null,"departement_commune":null,"verifie":true,"name":"FOYER DES JEUNES","source":"Géoportail ANSTAT"}},{"type":"Feature","geometry":{"type":"Point","coordinates":[-3.148654999999962,7.069211000000053]},"properties":{"id":18590,"nom":"FOYER DES JEUNES DE DAME","type":"centre sociaux","district_region":null,"departement_commune":null,"verifie":true,"name":"FOYER DES JEUNES DE DAME","source":"Géoportail ANSTAT"}},{"type":"Feature","geometry":{"type":"Point","coordinates":[-3.285638999999946,6.841472000000067]},"properties":{"id":18591,"nom":"FOYER DES JEUNES","type":"centre sociaux","district_region":null,"departement_commune":null,"verifie":true,"name":"FOYER DES JEUNES","source":"Géoportail ANSTAT"}},{"type":"Feature","geometry":{"type":"Point","coordinates":[-6.907530999999949,9.923241000000075]},"properties":{"id":18592,"nom":"FOYER DES JEUNES","type":"centre sociaux","district_region":null,"departement_commune":null,"verifie":true,"name":"FOYER DES JEUNES","source":"Géoportail ANSTAT"}},{"type":"Feature","geometry":{"type":"Point","coordinates":[-7.26614799999993,9.029465000000071]},"properties":{"id":18593,"nom":"FOYER DES JEUNES","type":"centre sociaux","district_region":null,"departement_commune":null,"verifie":true,"name":"FOYER DES JEUNES","source":"Géoportail ANSTAT"}},{"type":"Feature","geometry":{"type":"Point","coordinates":[-7.594213999999965,9.08395500000006]},"properties":{"id":18594,"nom":"FOYER DES JEUNES","type":"centre sociaux","district_region":null,"departement_commune":null,"verifie":true,"name":"FOYER DES JEUNES","source":"Géoportail ANSTAT"}},{"type":"Feature","geometry":{"type":"Point","coordinates":[-7.60636999999997,9.252563000000066]},"properties":{"id":18595,"nom":"FOYER DES JEUNES","type":"centre sociaux","district_region":null,"departement_commune":null,"verifie":true,"name":"FOYER DES JEUNES","source":"Géoportail ANSTAT"}},{"type":"Feature","geometry":{"type":"Point","coordinates":[-7.916257999999971,9.554192000000056]},"properties":{"id":18596,"nom":"FOYER DES JEUNE DE KABALA","type":"centre sociaux","district_region":null,"departement_commune":null,"verifie":true,"name":"FOYER DES JEUNE DE KABALA","source":"Géoportail ANSTAT"}},{"type":"Feature","geometry":{"type":"Point","coordinates":[-3.568504999999959,5.615110000000072]},"properties":{"id":18597,"nom":"FOYER DES JEUNES DE KOUTOUKRO 1","type":"centre sociaux","district_region":null,"departement_commune":null,"verifie":true,"name":"FOYER DES JEUNES DE KOUTOUKRO 1","source":"Géoportail ANSTAT"}},{"type":"Feature","geometry":{"type":"Point","coordinates":[-3.905677999999966,6.177216000000044]},"properties":{"id":18598,"nom":"FOYER DES JEUNES","type":"centre sociaux","district_region":null,"departement_commune":null,"verifie":true,"name":"FOYER DES JEUNES","source":"Géoportail ANSTAT"}},{"type":"Feature","geometry":{"type":"Point","coordinates":[-3.56677099999996,5.381875000000036]},"properties":{"id":18601,"nom":"FOYER DES JEUNES DE ONO SALCI","type":"centre sociaux","district_region":null,"departement_commune":null,"verifie":true,"name":"FOYER DES JEUNES DE ONO SALCI","source":"Géoportail ANSTAT"}},{"type":"Feature","geometry":{"type":"Point","coordinates":[-3.299138999999968,5.559872000000041]},"properties":{"id":18603,"nom":"FOYER DES JEUNES DE DOUMOUBYADOUGOU","type":"centre sociaux","district_region":null,"departement_commune":null,"verifie":true,"name":"FOYER DES JEUNES DE DOUMOUBYADOUGOU","source":"Géoportail ANSTAT"}},{"type":"Feature","geometry":{"type":"Point","coordinates":[-3.074405999999954,5.667294000000027]},"properties":{"id":18604,"nom":"FOYER DES JEUNES","type":"centre sociaux","district_region":null,"departement_commune":null,"verifie":true,"name":"FOYER DES JEUNES","source":"Géoportail ANSTAT"}},{"type":"Feature","geometry":{"type":"Point","coordinates":[-3.171051999999975,5.878529000000071]},"properties":{"id":18605,"nom":"FOYER DES JEUNES DE KETESSO","type":"centre sociaux","district_region":null,"departement_commune":null,"verifie":true,"name":"FOYER DES JEUNES DE KETESSO","source":"Géoportail ANSTAT"}},{"type":"Feature","geometry":{"type":"Point","coordinates":[-2.78895099999994,5.56179000000003]},"properties":{"id":18606,"nom":"FOYER DES JEUNES DE MOUASSE","type":"centre sociaux","district_region":null,"departement_commune":null,"verifie":true,"name":"FOYER DES JEUNES DE MOUASSE","source":"Géoportail ANSTAT"}},{"type":"Feature","geometry":{"type":"Point","coordinates":[-3.155821999999944,5.61075900000003]},"properties":{"id":18607,"nom":"FOYER CATHOLIQUE DES JEUNES FILLES DAYAME","type":"centre sociaux","district_region":null,"departement_commune":null,"verifie":true,"name":"FOYER CATHOLIQUE DES JEUNES FILLES DAYAME","source":"Géoportail ANSTAT"}},{"type":"Feature","geometry":{"type":"Point","coordinates":[-3.188044999999931,5.583447000000035]},"properties":{"id":18608,"nom":"FOYER DES JEUNES AKAKRO","type":"centre sociaux","district_region":null,"departement_commune":null,"verifie":true,"name":"FOYER DES JEUNES AKAKRO","source":"Géoportail ANSTAT"}},{"type":"Feature","geometry":{"type":"Point","coordinates":[-3.155893999999932,5.602409000000023]},"properties":{"id":18609,"nom":"FOYER DES JEUNES DAYAME","type":"centre sociaux","district_region":null,"departement_commune":null,"verifie":true,"name":"FOYER DES JEUNES DAYAME","source":"Géoportail ANSTAT"}},{"type":"Feature","geometry":{"type":"Point","coordinates":[-3.203191999999945,5.46503400000006]},"properties":{"id":18610,"nom":"FOYER AKWABA DES JEUNES FILLES","type":"centre sociaux","district_region":null,"departement_commune":null,"verifie":true,"name":"FOYER AKWABA DES JEUNES FILLES","source":"Géoportail ANSTAT"}},{"type":"Feature","geometry":{"type":"Point","coordinates":[-3.262949999999933,5.349054000000024]},"properties":{"id":18611,"nom":"FOYER DES JEUNES DE EROKOUAN","type":"centre sociaux","district_region":null,"departement_commune":null,"verifie":true,"name":"FOYER DES JEUNES DE EROKOUAN","source":"Géoportail ANSTAT"}},{"type":"Feature","geometry":{"type":"Point","coordinates":[-3.22132199999993,5.542233000000067]},"properties":{"id":18612,"nom":"FOYER DES JEUNES DE LOC INCONNUE 2","type":"centre sociaux","district_region":null,"departement_commune":null,"verifie":true,"name":"FOYER DES JEUNES DE LOC INCONNUE 2","source":"Géoportail ANSTAT"}},{"type":"Feature","geometry":{"type":"Point","coordinates":[-4.922739999999976,8.102203000000031]},"properties":{"id":18613,"nom":"FOYER DES JEUNES","type":"centre sociaux","district_region":null,"departement_commune":null,"verifie":true,"name":"FOYER DES JEUNES","source":"Géoportail ANSTAT"}},{"type":"Feature","geometry":{"type":"Point","coordinates":[-4.973772999999937,8.138494000000037]},"properties":{"id":18614,"nom":"FOYER DES JEUNES","type":"centre sociaux","district_region":null,"departement_commune":null,"verifie":true,"name":"FOYER DES JEUNES","source":"Géoportail ANSTAT"}},{"type":"Feature","geometry":{"type":"Point","coordinates":[-5.21027799999996,8.576379000000031]},"properties":{"id":18615,"nom":"FOYER DES JEUNES DE FOLOFONKAHA","type":"centre sociaux","district_region":null,"departement_commune":null,"verifie":true,"name":"FOYER DES JEUNES DE FOLOFONKAHA","source":"Géoportail ANSTAT"}},{"type":"Feature","geometry":{"type":"Point","coordinates":[-5.385884999999973,8.624781000000041]},"properties":{"id":18616,"nom":"FOYER DES JEUNES","type":"centre sociaux","district_region":null,"departement_commune":null,"verifie":true,"name":"FOYER DES JEUNES","source":"Géoportail ANSTAT"}},{"type":"Feature","geometry":{"type":"Point","coordinates":[-5.309964999999977,8.785601000000042]},"properties":{"id":18617,"nom":"FOYER DES JEUNES","type":"centre sociaux","district_region":null,"departement_commune":null,"verifie":true,"name":"FOYER DES JEUNES","source":"Géoportail ANSTAT"}},{"type":"Feature","geometry":{"type":"Point","coordinates":[-5.392718999999943,8.80929800000007]},"properties":{"id":18618,"nom":"FOYER DES JEUNES","type":"centre sociaux","district_region":null,"departement_commune":null,"verifie":true,"name":"FOYER DES JEUNES","source":"Géoportail ANSTAT"}},{"type":"Feature","geometry":{"type":"Point","coordinates":[-5.175292999999954,8.933877000000052]},"properties":{"id":18619,"nom":"FOYER DES JEUNES DE NIEDEKAHA","type":"centre sociaux","district_region":null,"departement_commune":null,"verifie":true,"name":"FOYER DES JEUNES DE NIEDEKAHA","source":"Géoportail ANSTAT"}},{"type":"Feature","geometry":{"type":"Point","coordinates":[-5.210032999999953,8.978825000000029]},"properties":{"id":18620,"nom":"FOYER DES JEUNES","type":"centre sociaux","district_region":null,"departement_commune":null,"verifie":true,"name":"FOYER DES JEUNES","source":"Géoportail ANSTAT"}},{"type":"Feature","geometry":{"type":"Point","coordinates":[-5.159210999999971,9.13156900000007]},"properties":{"id":18621,"nom":"FOYER  DES JEUNES","type":"centre sociaux","district_region":null,"departement_commune":null,"verifie":true,"name":"FOYER  DES JEUNES","source":"Géoportail ANSTAT"}},{"type":"Feature","geometry":{"type":"Point","coordinates":[-5.289771999999971,8.656358000000068]},"properties":{"id":18622,"nom":"FOYER DES JEUNES","type":"centre sociaux","district_region":null,"departement_commune":null,"verifie":true,"name":"FOYER DES JEUNES","source":"Géoportail ANSTAT"}},{"type":"Feature","geometry":{"type":"Point","coordinates":[-4.948030999999958,8.176232000000027]},"properties":{"id":18623,"nom":"FOYER DES JEUNES","type":"centre sociaux","district_region":null,"departement_commune":null,"verifie":true,"name":"FOYER DES JEUNES","source":"Géoportail ANSTAT"}},{"type":"Feature","geometry":{"type":"Point","coordinates":[-4.445885999999973,8.054136000000028]},"properties":{"id":18624,"nom":"FOYER DES JEUNES","type":"centre sociaux","district_region":null,"departement_commune":null,"verifie":true,"name":"FOYER DES JEUNES","source":"Géoportail ANSTAT"}},{"type":"Feature","geometry":{"type":"Point","coordinates":[-4.559246999999971,7.997776000000044]},"properties":{"id":18625,"nom":"FOYER DES JEUNES","type":"centre sociaux","district_region":null,"departement_commune":null,"verifie":true,"name":"FOYER DES JEUNES","source":"Géoportail ANSTAT"}},{"type":"Feature","geometry":{"type":"Point","coordinates":[-4.383240999999941,8.33910000000003]},"properties":{"id":18626,"nom":"FOYER DES JEUNES","type":"centre sociaux","district_region":null,"departement_commune":null,"verifie":true,"name":"FOYER DES JEUNES","source":"Géoportail ANSTAT"}},{"type":"Feature","geometry":{"type":"Point","coordinates":[-4.515010999999959,8.444217000000037]},"properties":{"id":18627,"nom":"FOYER DES JEUNES","type":"centre sociaux","district_region":null,"departement_commune":null,"verifie":true,"name":"FOYER DES JEUNES","source":"Géoportail ANSTAT"}},{"type":"Feature","geometry":{"type":"Point","coordinates":[-4.640394999999955,8.613555000000076]},"properties":{"id":18628,"nom":"FOYER DES JEUNE","type":"centre sociaux","district_region":null,"departement_commune":null,"verifie":true,"name":"FOYER DES JEUNE","source":"Géoportail ANSTAT"}},{"type":"Feature","geometry":{"type":"Point","coordinates":[-4.64187899999996,8.623770000000036]},"properties":{"id":18629,"nom":"FOYER DES JEUNES","type":"centre sociaux","district_region":null,"departement_commune":null,"verifie":true,"name":"FOYER DES JEUNES","source":"Géoportail ANSTAT"}},{"type":"Feature","geometry":{"type":"Point","coordinates":[-4.695912999999962,8.619058000000052]},"properties":{"id":18630,"nom":"FOYER DES JEUNES DE LITTIARI","type":"centre sociaux","district_region":null,"departement_commune":null,"verifie":true,"name":"FOYER DES JEUNES DE LITTIARI","source":"Géoportail ANSTAT"}},{"type":"Feature","geometry":{"type":"Point","coordinates":[-4.663600999999971,8.663918000000024]},"properties":{"id":18631,"nom":"FOYER DES JEUNES","type":"centre sociaux","district_region":null,"departement_commune":null,"verifie":true,"name":"FOYER DES JEUNES","source":"Géoportail ANSTAT"}},{"type":"Feature","geometry":{"type":"Point","coordinates":[-4.646963999999969,8.639552000000037]},"properties":{"id":18632,"nom":"FOYER DES JEUNES DE FOUMBOLO","type":"centre sociaux","district_region":null,"departement_commune":null,"verifie":true,"name":"FOYER DES JEUNES DE FOUMBOLO","source":"Géoportail ANSTAT"}},{"type":"Feature","geometry":{"type":"Point","coordinates":[-4.720412999999951,8.37211000000002]},"properties":{"id":18633,"nom":"FOYER DES JEUNES","type":"centre sociaux","district_region":null,"departement_commune":null,"verifie":true,"name":"FOYER DES JEUNES","source":"Géoportail ANSTAT"}},{"type":"Feature","geometry":{"type":"Point","coordinates":[-4.529159999999933,7.896353000000033]},"properties":{"id":18634,"nom":"FOYER DES JEUNES","type":"centre sociaux","district_region":null,"departement_commune":null,"verifie":true,"name":"FOYER DES JEUNES","source":"Géoportail ANSTAT"}},{"type":"Feature","geometry":{"type":"Point","coordinates":[-5.166567999999927,9.200075000000028]},"properties":{"id":18635,"nom":"FOYER DES JEUNES","type":"centre sociaux","district_region":null,"departement_commune":null,"verifie":true,"name":"FOYER DES JEUNES","source":"Géoportail ANSTAT"}},{"type":"Feature","geometry":{"type":"Point","coordinates":[-7.749879999999962,7.173242000000073]},"properties":{"id":18636,"nom":"FOYER DES JEUNES DE GOTONGOUINE BLOUNO","type":"centre sociaux","district_region":null,"departement_commune":null,"verifie":true,"name":"FOYER DES JEUNES DE GOTONGOUINE BLOUNO","source":"Géoportail ANSTAT"}},{"type":"Feature","geometry":{"type":"Point","coordinates":[-7.772142999999971,7.156222000000071]},"properties":{"id":18637,"nom":"FOYER DES JEUNES DE DAINE","type":"centre sociaux","district_region":null,"departement_commune":null,"verifie":true,"name":"FOYER DES JEUNES DE DAINE","source":"Géoportail ANSTAT"}},{"type":"Feature","geometry":{"type":"Point","coordinates":[-7.768879999999967,7.364856000000032]},"properties":{"id":18638,"nom":"FOYER DES JEUNES","type":"centre sociaux","district_region":null,"departement_commune":null,"verifie":true,"name":"FOYER DES JEUNES","source":"Géoportail ANSTAT"}},{"type":"Feature","geometry":{"type":"Point","coordinates":[-7.617605999999967,7.356264000000067]},"properties":{"id":18639,"nom":"FOYER DES JEUNES DE KASSIAPLEU","type":"centre sociaux","district_region":null,"departement_commune":null,"verifie":true,"name":"FOYER DES JEUNES DE KASSIAPLEU","source":"Géoportail ANSTAT"}},{"type":"Feature","geometry":{"type":"Point","coordinates":[-7.666172999999958,7.507012000000032]},"properties":{"id":18640,"nom":"FOYER DES JEUNES","type":"centre sociaux","district_region":null,"departement_commune":null,"verifie":true,"name":"FOYER DES JEUNES","source":"Géoportail ANSTAT"}},{"type":"Feature","geometry":{"type":"Point","coordinates":[-7.673344999999927,7.29330200000004]},"properties":{"id":18641,"nom":"FOYER DES JEUNES","type":"centre sociaux","district_region":null,"departement_commune":null,"verifie":true,"name":"FOYER DES JEUNES","source":"Géoportail ANSTAT"}},{"type":"Feature","geometry":{"type":"Point","coordinates":[-7.545172999999977,7.415092000000072]},"properties":{"id":18642,"nom":"FOYER DES JEUNES","type":"centre sociaux","district_region":null,"departement_commune":null,"verifie":true,"name":"FOYER DES JEUNES","source":"Géoportail ANSTAT"}},{"type":"Feature","geometry":{"type":"Point","coordinates":[-7.617033999999933,7.207196000000067]},"properties":{"id":18643,"nom":"FOYER DES JEUNES","type":"centre sociaux","district_region":null,"departement_commune":null,"verifie":true,"name":"FOYER DES JEUNES","source":"Géoportail ANSTAT"}},{"type":"Feature","geometry":{"type":"Point","coordinates":[-8.307217999999978,6.680560000000071]},"properties":{"id":18644,"nom":"FOYER DES JEUNES DE GLEPLEU","type":"centre sociaux","district_region":null,"departement_commune":null,"verifie":true,"name":"FOYER DES JEUNES DE GLEPLEU","source":"Géoportail ANSTAT"}},{"type":"Feature","geometry":{"type":"Point","coordinates":[-8.386656999999957,6.707790000000045]},"properties":{"id":18645,"nom":"FOYER DES JEUNES DE GANLEU","type":"centre sociaux","district_region":null,"departement_commune":null,"verifie":true,"name":"FOYER DES JEUNES DE GANLEU","source":"Géoportail ANSTAT"}},{"type":"Feature","geometry":{"type":"Point","coordinates":[-8.29128499999996,6.856127000000072]},"properties":{"id":18646,"nom":"FOYER DES JEUNES DE GLOLEU","type":"centre sociaux","district_region":null,"departement_commune":null,"verifie":true,"name":"FOYER DES JEUNES DE GLOLEU","source":"Géoportail ANSTAT"}},{"type":"Feature","geometry":{"type":"Point","coordinates":[-8.143722999999966,6.886807000000033]},"properties":{"id":18647,"nom":"FOYER DES JEUNES","type":"centre sociaux","district_region":null,"departement_commune":null,"verifie":true,"name":"FOYER DES JEUNES","source":"Géoportail ANSTAT"}},{"type":"Feature","geometry":{"type":"Point","coordinates":[-8.211092999999948,7.216151000000025]},"properties":{"id":18649,"nom":"FOYER DES JEUNES DE DEAHOUEPLEU","type":"centre sociaux","district_region":null,"departement_commune":null,"verifie":true,"name":"FOYER DES JEUNES DE DEAHOUEPLEU","source":"Géoportail ANSTAT"}},{"type":"Feature","geometry":{"type":"Point","coordinates":[-8.046910999999966,7.267411000000038]},"properties":{"id":18650,"nom":"FOYER DES JEUNES DE MONLEU","type":"centre sociaux","district_region":null,"departement_commune":null,"verifie":true,"name":"FOYER DES JEUNES DE MONLEU","source":"Géoportail ANSTAT"}},{"type":"Feature","geometry":{"type":"Point","coordinates":[-8.128178999999932,7.299360000000036]},"properties":{"id":18651,"nom":"FOYER DES JEUNES","type":"centre sociaux","district_region":null,"departement_commune":null,"verifie":true,"name":"FOYER DES JEUNES","source":"Géoportail ANSTAT"}},{"type":"Feature","geometry":{"type":"Point","coordinates":[-8.138988999999981,7.659016000000065]},"properties":{"id":18652,"nom":"FOYER DES JEUNES DE GUIZRE","type":"centre sociaux","district_region":null,"departement_commune":null,"verifie":true,"name":"FOYER DES JEUNES DE GUIZRE","source":"Géoportail ANSTAT"}},{"type":"Feature","geometry":{"type":"Point","coordinates":[-7.993090999999936,7.911208000000045]},"properties":{"id":18653,"nom":"FOYER DES JEUNES DE GLANGOUALE","type":"centre sociaux","district_region":null,"departement_commune":null,"verifie":true,"name":"FOYER DES JEUNES DE GLANGOUALE","source":"Géoportail ANSTAT"}},{"type":"Feature","geometry":{"type":"Point","coordinates":[-8.059632999999963,7.807330000000036]},"properties":{"id":18654,"nom":"FOYER DES JEUNES DE BLOMA","type":"centre sociaux","district_region":null,"departement_commune":null,"verifie":true,"name":"FOYER DES JEUNES DE BLOMA","source":"Géoportail ANSTAT"}},{"type":"Feature","geometry":{"type":"Point","coordinates":[-7.156521999999939,7.806186000000025]},"properties":{"id":18655,"nom":"FOYER DES JEUNES","type":"centre sociaux","district_region":null,"departement_commune":null,"verifie":true,"name":"FOYER DES JEUNES","source":"Géoportail ANSTAT"}},{"type":"Feature","geometry":{"type":"Point","coordinates":[-7.552413999999942,7.771975000000054]},"properties":{"id":18656,"nom":"FOYER DES JEUNES DE BENOMBA","type":"centre sociaux","district_region":null,"departement_commune":null,"verifie":true,"name":"FOYER DES JEUNES DE BENOMBA","source":"Géoportail ANSTAT"}},{"type":"Feature","geometry":{"type":"Point","coordinates":[-7.544439999999952,7.769428000000062]},"properties":{"id":18657,"nom":"FOYER DES JEUNES DE DANTOMBA","type":"centre sociaux","district_region":null,"departement_commune":null,"verifie":true,"name":"FOYER DES JEUNES DE DANTOMBA","source":"Géoportail ANSTAT"}},{"type":"Feature","geometry":{"type":"Point","coordinates":[-7.608144999999979,7.663633000000061]},"properties":{"id":18658,"nom":"FOYER DES JEUNES DE DINGOUIN","type":"centre sociaux","district_region":null,"departement_commune":null,"verifie":true,"name":"FOYER DES JEUNES DE DINGOUIN","source":"Géoportail ANSTAT"}},{"type":"Feature","geometry":{"type":"Point","coordinates":[-7.900927999999965,7.598964000000024]},"properties":{"id":18659,"nom":"FOYER DES JEUNES","type":"centre sociaux","district_region":null,"departement_commune":null,"verifie":true,"name":"FOYER DES JEUNES","source":"Géoportail ANSTAT"}},{"type":"Feature","geometry":{"type":"Point","coordinates":[-4.078342999999961,7.412617000000068]},"properties":{"id":18660,"nom":"FOYER DES JEUNES","type":"centre sociaux","district_region":null,"departement_commune":null,"verifie":true,"name":"FOYER DES JEUNES","source":"Géoportail ANSTAT"}},{"type":"Feature","geometry":{"type":"Point","coordinates":[-3.886072999999953,7.549356000000046]},"properties":{"id":18661,"nom":"FOYER DES JEUNES DE AKANANGBO","type":"centre sociaux","district_region":null,"departement_commune":null,"verifie":true,"name":"FOYER DES JEUNES DE AKANANGBO","source":"Géoportail ANSTAT"}},{"type":"Feature","geometry":{"type":"Point","coordinates":[-4.545738999999969,7.444621000000041]},"properties":{"id":18662,"nom":"FOYER DES JEUNES","type":"centre sociaux","district_region":null,"departement_commune":null,"verifie":true,"name":"FOYER DES JEUNES","source":"Géoportail ANSTAT"}},{"type":"Feature","geometry":{"type":"Point","coordinates":[-4.536646999999959,7.399688000000026]},"properties":{"id":18663,"nom":"FOYER DES JEUNES","type":"centre sociaux","district_region":null,"departement_commune":null,"verifie":true,"name":"FOYER DES JEUNES","source":"Géoportail ANSTAT"}},{"type":"Feature","geometry":{"type":"Point","coordinates":[-4.344226999999933,7.456583000000023]},"properties":{"id":18664,"nom":"FOYER DES JEUNES DE M BAHIAKRO","type":"centre sociaux","district_region":null,"departement_commune":null,"verifie":true,"name":"FOYER DES JEUNES DE M BAHIAKRO","source":"Géoportail ANSTAT"}},{"type":"Feature","geometry":{"type":"Point","coordinates":[-4.286219999999958,7.495034000000032]},"properties":{"id":18665,"nom":"FOYER DES JEUNES DE NDIOREKRO","type":"centre sociaux","district_region":null,"departement_commune":null,"verifie":true,"name":"FOYER DES JEUNES DE NDIOREKRO","source":"Géoportail ANSTAT"}},{"type":"Feature","geometry":{"type":"Point","coordinates":[-3.980734999999925,7.770812000000035]},"properties":{"id":18666,"nom":"FOYER DES JEUNES","type":"centre sociaux","district_region":null,"departement_commune":null,"verifie":true,"name":"FOYER DES JEUNES","source":"Géoportail ANSTAT"}},{"type":"Feature","geometry":{"type":"Point","coordinates":[-4.013076999999953,7.672174000000041]},"properties":{"id":18667,"nom":"FOYER DES JEUNES","type":"centre sociaux","district_region":null,"departement_commune":null,"verifie":true,"name":"FOYER DES JEUNES","source":"Géoportail ANSTAT"}},{"type":"Feature","geometry":{"type":"Point","coordinates":[-4.097210999999959,7.30567700000006]},"properties":{"id":18668,"nom":"FOYER DES JEUNES","type":"centre sociaux","district_region":null,"departement_commune":null,"verifie":true,"name":"FOYER DES JEUNES","source":"Géoportail ANSTAT"}},{"type":"Feature","geometry":{"type":"Point","coordinates":[-3.575007999999968,7.338402000000031]},"properties":{"id":18669,"nom":"FOYER DES JEUNE","type":"centre sociaux","district_region":null,"departement_commune":null,"verifie":true,"name":"FOYER DES JEUNE","source":"Géoportail ANSTAT"}},{"type":"Feature","geometry":{"type":"Point","coordinates":[-4.618996999999979,9.153863000000058]},"properties":{"id":18672,"nom":"FOYER DES JEUNES FILLES DE KONG","type":"centre sociaux","district_region":null,"departement_commune":null,"verifie":true,"name":"FOYER DES JEUNES FILLES DE KONG","source":"Géoportail ANSTAT"}},{"type":"Feature","geometry":{"type":"Point","coordinates":[-7.539395999999954,4.608339000000058]},"properties":{"id":18673,"nom":"FOYER DES JEUNES DE RANOUINKE","type":"centre sociaux","district_region":null,"departement_commune":null,"verifie":true,"name":"FOYER DES JEUNES DE RANOUINKE","source":"Géoportail ANSTAT"}},{"type":"Feature","geometry":{"type":"Point","coordinates":[-7.556911999999954,4.539083000000062]},"properties":{"id":18674,"nom":"FOYER DES JEUNES DE YEOULI","type":"centre sociaux","district_region":null,"departement_commune":null,"verifie":true,"name":"FOYER DES JEUNES DE YEOULI","source":"Géoportail ANSTAT"}},{"type":"Feature","geometry":{"type":"Point","coordinates":[-7.55207299999995,4.822244000000069]},"properties":{"id":18675,"nom":"FOYER DES JEUNES PODOUE","type":"centre sociaux","district_region":null,"departement_commune":null,"verifie":true,"name":"FOYER DES JEUNES PODOUE","source":"Géoportail ANSTAT"}},{"type":"Feature","geometry":{"type":"Point","coordinates":[-5.692993999999942,9.524263000000076]},"properties":{"id":18676,"nom":"FOYER DES JEUNES DE SEGUELE","type":"centre sociaux","district_region":null,"departement_commune":null,"verifie":true,"name":"FOYER DES JEUNES DE SEGUELE","source":"Géoportail ANSTAT"}},{"type":"Feature","geometry":{"type":"Point","coordinates":[-5.712658999999974,9.233465000000024]},"properties":{"id":18677,"nom":"FOYERS DES JEUNES","type":"centre sociaux","district_region":null,"departement_commune":null,"verifie":true,"name":"FOYERS DES JEUNES","source":"Géoportail ANSTAT"}},{"type":"Feature","geometry":{"type":"Point","coordinates":[-5.420836999999949,9.493468000000064]},"properties":{"id":18678,"nom":"FOYER DES JEUNES NABELE ALEXANDRE","type":"centre sociaux","district_region":null,"departement_commune":null,"verifie":true,"name":"FOYER DES JEUNES NABELE ALEXANDRE","source":"Géoportail ANSTAT"}},{"type":"Feature","geometry":{"type":"Point","coordinates":[-6.263304999999946,5.889955000000043]},"properties":{"id":18680,"nom":"FOYER DES JEUNES DE ZOBORO","type":"centre sociaux","district_region":null,"departement_commune":null,"verifie":true,"name":"FOYER DES JEUNES DE ZOBORO","source":"Géoportail ANSTAT"}},{"type":"Feature","geometry":{"type":"Point","coordinates":[-6.385575999999958,5.815380000000062]},"properties":{"id":18682,"nom":"FOYER DES JEUNES DE SIPEFCI","type":"centre sociaux","district_region":null,"departement_commune":null,"verifie":true,"name":"FOYER DES JEUNES DE SIPEFCI","source":"Géoportail ANSTAT"}},{"type":"Feature","geometry":{"type":"Point","coordinates":[-6.99726099999998,6.274683000000039]},"properties":{"id":18683,"nom":"FOYER POLYVALENT DES JEUNES","type":"centre sociaux","district_region":null,"departement_commune":null,"verifie":true,"name":"FOYER POLYVALENT DES JEUNES","source":"Géoportail ANSTAT"}},{"type":"Feature","geometry":{"type":"Point","coordinates":[-4.266793999999948,6.677227000000073]},"properties":{"id":18684,"nom":"FOYER DES JEUNES DE TANOSSO","type":"centre sociaux","district_region":null,"departement_commune":null,"verifie":true,"name":"FOYER DES JEUNES DE TANOSSO","source":"Géoportail ANSTAT"}},{"type":"Feature","geometry":{"type":"Point","coordinates":[-7.466443999999967,7.122286000000031]},"properties":{"id":18685,"nom":"FOYER DES JEUNES DE ZEO","type":"centre sociaux","district_region":null,"departement_commune":null,"verifie":true,"name":"FOYER DES JEUNES DE ZEO","source":"Géoportail ANSTAT"}},{"type":"Feature","geometry":{"type":"Point","coordinates":[-7.396648999999968,6.78481400000004]},"properties":{"id":18686,"nom":"FOYERDESJEUNESDEFENGOLO","type":"centre sociaux","district_region":null,"departement_commune":null,"verifie":true,"name":"FOYERDESJEUNESDEFENGOLO","source":"Géoportail ANSTAT"}},{"type":"Feature","geometry":{"type":"Point","coordinates":[-4.890870999999947,5.459249000000057]},"properties":{"id":18687,"nom":"FOYER DES JEUNES SIAKASSO","type":"centre sociaux","district_region":null,"departement_commune":null,"verifie":true,"name":"FOYER DES JEUNES SIAKASSO","source":"Géoportail ANSTAT"}},{"type":"Feature","geometry":{"type":"Point","coordinates":[-4.876409999999964,5.434074000000066]},"properties":{"id":18688,"nom":"FOYER DES JEUNES DE SIAKADOUGOU","type":"centre sociaux","district_region":null,"departement_commune":null,"verifie":true,"name":"FOYER DES JEUNES DE SIAKADOUGOU","source":"Géoportail ANSTAT"}},{"type":"Feature","geometry":{"type":"Point","coordinates":[-4.487838999999951,5.42136000000005]},"properties":{"id":18689,"nom":"FOYER DES JEUNES DE YOUHOULIL","type":"centre sociaux","district_region":null,"departement_commune":null,"verifie":true,"name":"FOYER DES JEUNES DE YOUHOULIL","source":"Géoportail ANSTAT"}},{"type":"Feature","geometry":{"type":"Point","coordinates":[-5.059902999999963,6.576935000000049]},"properties":{"id":18690,"nom":"FOYER DES JEUNES DE TOTO KOUSSIKRO","type":"centre sociaux","district_region":null,"departement_commune":null,"verifie":true,"name":"FOYER DES JEUNES DE TOTO KOUSSIKRO","source":"Géoportail ANSTAT"}},{"type":"Feature","geometry":{"type":"Point","coordinates":[-5.223464999999976,7.158581000000027]},"properties":{"id":18691,"nom":"FOYER DES JEUNES DE TIEBISSOU","type":"centre sociaux","district_region":null,"departement_commune":null,"verifie":true,"name":"FOYER DES JEUNES DE TIEBISSOU","source":"Géoportail ANSTAT"}},{"type":"Feature","geometry":{"type":"Point","coordinates":[-5.223487999999975,7.158556000000033]},"properties":{"id":18692,"nom":"FOYER DES JEUNES DE TIEBISSOU","type":"centre sociaux","district_region":null,"departement_commune":null,"verifie":true,"name":"FOYER DES JEUNES DE TIEBISSOU","source":"Géoportail ANSTAT"}},{"type":"Feature","geometry":{"type":"Point","coordinates":[-2.681230999999968,8.027643000000069]},"properties":{"id":18694,"nom":"FOYER DES JEUNES DE TISSIE","type":"centre sociaux","district_region":null,"departement_commune":null,"verifie":true,"name":"FOYER DES JEUNES DE TISSIE","source":"Géoportail ANSTAT"}},{"type":"Feature","geometry":{"type":"Point","coordinates":[-2.879125999999928,8.112085000000036]},"properties":{"id":18695,"nom":"FOYER DES JEUNES DE SONGORI","type":"centre sociaux","district_region":null,"departement_commune":null,"verifie":true,"name":"FOYER DES JEUNES DE SONGORI","source":"Géoportail ANSTAT"}},{"type":"Feature","geometry":{"type":"Point","coordinates":[-2.573736999999937,8.234691000000055]},"properties":{"id":18696,"nom":"FOYER DES JEUNES DE TAMBIE","type":"centre sociaux","district_region":null,"departement_commune":null,"verifie":true,"name":"FOYER DES JEUNES DE TAMBIE","source":"Géoportail ANSTAT"}},{"type":"Feature","geometry":{"type":"Point","coordinates":[-3.116289999999935,8.301142000000027]},"properties":{"id":18697,"nom":"FOYER DES JEUNES DE TOROSSONGEUHI","type":"centre sociaux","district_region":null,"departement_commune":null,"verifie":true,"name":"FOYER DES JEUNES DE TOROSSONGEUHI","source":"Géoportail ANSTAT"}},{"type":"Feature","geometry":{"type":"Point","coordinates":[-3.084075999999925,7.218026000000066]},"properties":{"id":18698,"nom":"FOYER GOSSIO MARCEL DES JEUNES D ATTAKRO","type":"centre sociaux","district_region":null,"departement_commune":null,"verifie":true,"name":"FOYER GOSSIO MARCEL DES JEUNES D ATTAKRO","source":"Géoportail ANSTAT"}},{"type":"Feature","geometry":{"type":"Point","coordinates":[-3.066421999999932,7.21804000000003]},"properties":{"id":18699,"nom":"FOYER DES JEUNES DE TIENKOIKRO","type":"centre sociaux","district_region":null,"departement_commune":null,"verifie":true,"name":"FOYER DES JEUNES DE TIENKOIKRO","source":"Géoportail ANSTAT"}},{"type":"Feature","geometry":{"type":"Point","coordinates":[-3.153857999999957,7.792778000000055]},"properties":{"id":18700,"nom":"FOYER DES JEUNES SAINT PIERRE","type":"centre sociaux","district_region":null,"departement_commune":null,"verifie":true,"name":"FOYER DES JEUNES SAINT PIERRE","source":"Géoportail ANSTAT"}},{"type":"Feature","geometry":{"type":"Point","coordinates":[-2.922679999999957,7.827400000000068]},"properties":{"id":18701,"nom":"FOYER DES JEUNES DE YOMIAN","type":"centre sociaux","district_region":null,"departement_commune":null,"verifie":true,"name":"FOYER DES JEUNES DE YOMIAN","source":"Géoportail ANSTAT"}},{"type":"Feature","geometry":{"type":"Point","coordinates":[-3.127475999999945,7.862629000000027]},"properties":{"id":18702,"nom":"FOYER DES JEUNES YAO FIENI","type":"centre sociaux","district_region":null,"departement_commune":null,"verifie":true,"name":"FOYER DES JEUNES YAO FIENI","source":"Géoportail ANSTAT"}},{"type":"Feature","geometry":{"type":"Point","coordinates":[-3.164236999999957,7.80144800000005]},"properties":{"id":18703,"nom":"FOYER DES JEUNES DE TANDA","type":"centre sociaux","district_region":null,"departement_commune":null,"verifie":true,"name":"FOYER DES JEUNES DE TANDA","source":"Géoportail ANSTAT"}},{"type":"Feature","geometry":{"type":"Point","coordinates":[-6.843422999999973,8.136813000000075]},"properties":{"id":18704,"nom":"FOYER DES JEUNES DE TIEMA","type":"centre sociaux","district_region":null,"departement_commune":null,"verifie":true,"name":"FOYER DES JEUNES DE TIEMA","source":"Géoportail ANSTAT"}},{"type":"Feature","geometry":{"type":"Point","coordinates":[-6.904642999999965,8.27173700000003]},"properties":{"id":18705,"nom":"FOYER DES JEUNES DE WOROFLA","type":"centre sociaux","district_region":null,"departement_commune":null,"verifie":true,"name":"FOYER DES JEUNES DE WOROFLA","source":"Géoportail ANSTAT"}},{"type":"Feature","geometry":{"type":"Point","coordinates":[-7.022491999999943,7.82782700000007]},"properties":{"id":18706,"nom":"FOYERS DES JEUNES DE SOUGOURA DOUGOULA","type":"centre sociaux","district_region":null,"departement_commune":null,"verifie":true,"name":"FOYERS DES JEUNES DE SOUGOURA DOUGOULA","source":"Géoportail ANSTAT"}},{"type":"Feature","geometry":{"type":"Point","coordinates":[-6.711686999999927,7.906837000000053]},"properties":{"id":18707,"nom":"FOYER DES JEUNES DE SOMINA","type":"centre sociaux","district_region":null,"departement_commune":null,"verifie":true,"name":"FOYER DES JEUNES DE SOMINA","source":"Géoportail ANSTAT"}},{"type":"Feature","geometry":{"type":"Point","coordinates":[-6.730044999999961,7.916828000000066]},"properties":{"id":18708,"nom":"FOYER DES JEUNES DE SOKOURA1","type":"centre sociaux","district_region":null,"departement_commune":null,"verifie":true,"name":"FOYER DES JEUNES DE SOKOURA1","source":"Géoportail ANSTAT"}},{"type":"Feature","geometry":{"type":"Point","coordinates":[-6.599432999999976,8.792130000000043]},"properties":{"id":18709,"nom":"FOYERS DES JEUNES DE BAFRITOU","type":"centre sociaux","district_region":null,"departement_commune":null,"verifie":true,"name":"FOYERS DES JEUNES DE BAFRITOU","source":"Géoportail ANSTAT"}},{"type":"Feature","geometry":{"type":"Point","coordinates":[-6.435396999999966,7.773956000000055]},"properties":{"id":18710,"nom":"FOYER DES JEUNES DE TOUKRO","type":"centre sociaux","district_region":null,"departement_commune":null,"verifie":true,"name":"FOYER DES JEUNES DE TOUKRO","source":"Géoportail ANSTAT"}},{"type":"Feature","geometry":{"type":"Point","coordinates":[-6.57478999999995,8.328414000000066]},"properties":{"id":18711,"nom":"FOYER DES JEUNES DE WONGUE","type":"centre sociaux","district_region":null,"departement_commune":null,"verifie":true,"name":"FOYER DES JEUNES DE WONGUE","source":"Géoportail ANSTAT"}},{"type":"Feature","geometry":{"type":"Point","coordinates":[-6.584700999999939,8.413546000000053]},"properties":{"id":18712,"nom":"FOYER DES JEUNES DE TABAKORONI","type":"centre sociaux","district_region":null,"departement_commune":null,"verifie":true,"name":"FOYER DES JEUNES DE TABAKORONI","source":"Géoportail ANSTAT"}},{"type":"Feature","geometry":{"type":"Point","coordinates":[-6.470649999999978,8.110461000000043]},"properties":{"id":18713,"nom":"FOYER DES JEUNES DE SANDALA","type":"centre sociaux","district_region":null,"departement_commune":null,"verifie":true,"name":"FOYER DES JEUNES DE SANDALA","source":"Géoportail ANSTAT"}},{"type":"Feature","geometry":{"type":"Point","coordinates":[-6.885748999999976,8.58335100000005]},"properties":{"id":18714,"nom":"FOYER DES JEUNES DE TOTE","type":"centre sociaux","district_region":null,"departement_commune":null,"verifie":true,"name":"FOYER DES JEUNES DE TOTE","source":"Géoportail ANSTAT"}},{"type":"Feature","geometry":{"type":"Point","coordinates":[-6.942899999999952,8.709561000000065]},"properties":{"id":18715,"nom":"FOYER DES JEUNES TRAORE TIEKOUNGBE DE DJOROFA","type":"centre sociaux","district_region":null,"departement_commune":null,"verifie":true,"name":"FOYER DES JEUNES TRAORE TIEKOUNGBE DE DJOROFA","source":"Géoportail ANSTAT"}},{"type":"Feature","geometry":{"type":"Point","coordinates":[-6.008620999999948,7.426122000000021]},"properties":{"id":18716,"nom":"FOYERS DES JEUNES DE DRIKOUAIFLA2","type":"centre sociaux","district_region":null,"departement_commune":null,"verifie":true,"name":"FOYERS DES JEUNES DE DRIKOUAIFLA2","source":"Géoportail ANSTAT"}},{"type":"Feature","geometry":{"type":"Point","coordinates":[-5.804910999999947,7.135433000000035]},"properties":{"id":18717,"nom":"FOYER POLYVALENT DES JEUNES DE KRIGAMBO","type":"centre sociaux","district_region":null,"departement_commune":null,"verifie":true,"name":"FOYER POLYVALENT DES JEUNES DE KRIGAMBO","source":"Géoportail ANSTAT"}},{"type":"Feature","geometry":{"type":"Point","coordinates":[-5.83095899999995,6.64117200000004]},"properties":{"id":18718,"nom":"FOYER DES JEUNES DE ZEMENAFLA","type":"centre sociaux","district_region":null,"departement_commune":null,"verifie":true,"name":"FOYER DES JEUNES DE ZEMENAFLA","source":"Géoportail ANSTAT"}},{"type":"Feature","geometry":{"type":"Point","coordinates":[-5.268245999999976,7.483928000000049]},"properties":{"id":18719,"nom":"FOYER DES JEUNES DE YABLASSOU","type":"centre sociaux","district_region":null,"departement_commune":null,"verifie":true,"name":"FOYER DES JEUNES DE YABLASSOU","source":"Géoportail ANSTAT"}},{"type":"Feature","geometry":{"type":"Point","coordinates":[-5.47905099999997,7.590874000000042]},"properties":{"id":18720,"nom":"FOYER DES JEUNES DE YOBOUE NZUE QUARTIER MENANKRO","type":"centre sociaux","district_region":null,"departement_commune":null,"verifie":true,"name":"FOYER DES JEUNES DE YOBOUE NZUE QUARTIER MENANKRO","source":"Géoportail ANSTAT"}},{"type":"Feature","geometry":{"type":"Point","coordinates":[-5.566551999999945,7.630507000000023]},"properties":{"id":18721,"nom":"FOYER DES JEUNES DE ZEDEKAN","type":"centre sociaux","district_region":null,"departement_commune":null,"verifie":true,"name":"FOYER DES JEUNES DE ZEDEKAN","source":"Géoportail ANSTAT"}},{"type":"Feature","geometry":{"type":"Point","coordinates":[-5.147228999999925,7.83155400000004]},"properties":{"id":18722,"nom":"FOYER DES JEUNES YOMIEN KOUADIOKRO","type":"centre sociaux","district_region":null,"departement_commune":null,"verifie":true,"name":"FOYER DES JEUNES YOMIEN KOUADIOKRO","source":"Géoportail ANSTAT"}},{"type":"Feature","geometry":{"type":"Point","coordinates":[-5.18142899999998,7.796535000000063]},"properties":{"id":18723,"nom":"FOYER DES JEUNES DE SELAKRO","type":"centre sociaux","district_region":null,"departement_commune":null,"verifie":true,"name":"FOYER DES JEUNES DE SELAKRO","source":"Géoportail ANSTAT"}},{"type":"Feature","geometry":{"type":"Point","coordinates":[-5.208460999999943,7.776157000000069]},"properties":{"id":18724,"nom":"FOYER DES JEUNES DE SINZEKRO","type":"centre sociaux","district_region":null,"departement_commune":null,"verifie":true,"name":"FOYER DES JEUNES DE SINZEKRO","source":"Géoportail ANSTAT"}},{"type":"Feature","geometry":{"type":"Point","coordinates":[-3.562061999999969,8.39382900000004]},"properties":{"id":18725,"nom":"FOYER DES JEUNES DE TALAHINI","type":"centre sociaux","district_region":null,"departement_commune":null,"verifie":true,"name":"FOYER DES JEUNES DE TALAHINI","source":"Géoportail ANSTAT"}},{"type":"Feature","geometry":{"type":"Point","coordinates":[-3.658526999999935,9.604216000000063]},"properties":{"id":18726,"nom":"FOYER DES JEUNES DE TEHINI","type":"centre sociaux","district_region":null,"departement_commune":null,"verifie":true,"name":"FOYER DES JEUNES DE TEHINI","source":"Géoportail ANSTAT"}},{"type":"Feature","geometry":{"type":"Point","coordinates":[-4.669703999999967,6.670929000000058]},"properties":{"id":18727,"nom":"FOYER DES JEUNES REHABILITE DE AHUA","type":"centre sociaux","district_region":null,"departement_commune":null,"verifie":true,"name":"FOYER DES JEUNES REHABILITE DE AHUA","source":"Géoportail ANSTAT"}},{"type":"Feature","geometry":{"type":"Point","coordinates":[-7.473626999999965,5.953336000000036]},"properties":{"id":18728,"nom":"FOYER DES JEUNES DE ZAIPOBLY","type":"centre sociaux","district_region":null,"departement_commune":null,"verifie":true,"name":"FOYER DES JEUNES DE ZAIPOBLY","source":"Géoportail ANSTAT"}},{"type":"Feature","geometry":{"type":"Point","coordinates":[-7.482055999999943,6.215620000000058]},"properties":{"id":18729,"nom":"FOYER DES JEUNES DE ZAGNE","type":"centre sociaux","district_region":null,"departement_commune":null,"verifie":true,"name":"FOYER DES JEUNES DE ZAGNE","source":"Géoportail ANSTAT"}},{"type":"Feature","geometry":{"type":"Point","coordinates":[-7.491461999999956,6.125126000000023]},"properties":{"id":18730,"nom":"FOYER DES JEUNES DE TIENKOULA","type":"centre sociaux","district_region":null,"departement_commune":null,"verifie":true,"name":"FOYER DES JEUNES DE TIENKOULA","source":"Géoportail ANSTAT"}},{"type":"Feature","geometry":{"type":"Point","coordinates":[-7.495895999999959,6.253344000000027]},"properties":{"id":18731,"nom":"FOYER DES JEUNES DE TROYA","type":"centre sociaux","district_region":null,"departement_commune":null,"verifie":true,"name":"FOYER DES JEUNES DE TROYA","source":"Géoportail ANSTAT"}},{"type":"Feature","geometry":{"type":"Point","coordinates":[-7.597462999999948,6.538487000000032]},"properties":{"id":18732,"nom":"FOYER DES JEUNES DE ZOUAN","type":"centre sociaux","district_region":null,"departement_commune":null,"verifie":true,"name":"FOYER DES JEUNES DE ZOUAN","source":"Géoportail ANSTAT"}},{"type":"Feature","geometry":{"type":"Point","coordinates":[-8.041083999999955,6.57899800000007]},"properties":{"id":18733,"nom":"FOYER DES JEUNES DE YOYA","type":"centre sociaux","district_region":null,"departement_commune":null,"verifie":true,"name":"FOYER DES JEUNES DE YOYA","source":"Géoportail ANSTAT"}},{"type":"Feature","geometry":{"type":"Point","coordinates":[-8.437056999999982,6.49721900000003]},"properties":{"id":18734,"nom":"FOYER DES JEUNES DE SEIBLI","type":"centre sociaux","district_region":null,"departement_commune":null,"verifie":true,"name":"FOYER DES JEUNES DE SEIBLI","source":"Géoportail ANSTAT"}},{"type":"Feature","geometry":{"type":"Point","coordinates":[-4.743835999999931,6.151839000000052]},"properties":{"id":18738,"nom":"FOYER DES JEUNES KOYEKRO","type":"centre sociaux","district_region":null,"departement_commune":null,"verifie":true,"name":"FOYER DES JEUNES KOYEKRO","source":"Géoportail ANSTAT"}},{"type":"Feature","geometry":{"type":"Point","coordinates":[-5.073855999999978,6.270832000000041]},"properties":{"id":18739,"nom":"FOYER MUNICIPAL DES JEUNES DE TAABO","type":"centre sociaux","district_region":null,"departement_commune":null,"verifie":true,"name":"FOYER MUNICIPAL DES JEUNES DE TAABO","source":"Géoportail ANSTAT"}},{"type":"Feature","geometry":{"type":"Point","coordinates":[-4.192540999999949,5.94675600000005]},"properties":{"id":18740,"nom":"FOYER JEUNES FILLES MAMAN ROSALIE","type":"centre sociaux","district_region":null,"departement_commune":null,"verifie":true,"name":"FOYER JEUNES FILLES MAMAN ROSALIE","source":"Géoportail ANSTAT"}},{"type":"Feature","geometry":{"type":"Point","coordinates":[-7.870994999999937,8.17053500000003]},"properties":{"id":18741,"nom":"FOYER DES JEUNES DE SEFINA","type":"centre sociaux","district_region":null,"departement_commune":null,"verifie":true,"name":"FOYER DES JEUNES DE SEFINA","source":"Géoportail ANSTAT"}},{"type":"Feature","geometry":{"type":"Point","coordinates":[-7.856145999999967,8.201917000000037]},"properties":{"id":18742,"nom":"FOYER DES JEUNES DE TOUBAKO GANHOUE","type":"centre sociaux","district_region":null,"departement_commune":null,"verifie":true,"name":"FOYER DES JEUNES DE TOUBAKO GANHOUE","source":"Géoportail ANSTAT"}},{"type":"Feature","geometry":{"type":"Point","coordinates":[-7.871188999999958,8.212041000000056]},"properties":{"id":18743,"nom":"FOYER DES JEUNES DE TOUTIE","type":"centre sociaux","district_region":null,"departement_commune":null,"verifie":true,"name":"FOYER DES JEUNES DE TOUTIE","source":"Géoportail ANSTAT"}},{"type":"Feature","geometry":{"type":"Point","coordinates":[-7.971598999999969,8.363746000000049]},"properties":{"id":18744,"nom":"FOYER POLYVALENT DES JEUNES","type":"centre sociaux","district_region":null,"departement_commune":null,"verifie":true,"name":"FOYER POLYVALENT DES JEUNES","source":"Géoportail ANSTAT"}},{"type":"Feature","geometry":{"type":"Point","coordinates":[-7.683517999999935,8.07190300000002]},"properties":{"id":18745,"nom":"FOYER DES JEUNES GOUANAN","type":"centre sociaux","district_region":null,"departement_commune":null,"verifie":true,"name":"FOYER DES JEUNES GOUANAN","source":"Géoportail ANSTAT"}},{"type":"Feature","geometry":{"type":"Point","coordinates":[-7.719515999999942,8.051372000000072]},"properties":{"id":18746,"nom":"FOYER DES JEUNES DE TIRIKORO","type":"centre sociaux","district_region":null,"departement_commune":null,"verifie":true,"name":"FOYER DES JEUNES DE TIRIKORO","source":"Géoportail ANSTAT"}},{"type":"Feature","geometry":{"type":"Point","coordinates":[-7.643490999999926,8.036745000000053]},"properties":{"id":18747,"nom":"FOYER DES JEUNES HENRI KONAN BEDIE DE GOUELA","type":"centre sociaux","district_region":null,"departement_commune":null,"verifie":true,"name":"FOYER DES JEUNES HENRI KONAN BEDIE DE GOUELA","source":"Géoportail ANSTAT"}},{"type":"Feature","geometry":{"type":"Point","coordinates":[-5.697774999999979,5.80938100000003]},"properties":{"id":18748,"nom":"FOYER DESNJEUNES DE GBAHIRI","type":"centre sociaux","district_region":null,"departement_commune":null,"verifie":true,"name":"FOYER DESNJEUNES DE GBAHIRI","source":"Géoportail ANSTAT"}},{"type":"Feature","geometry":{"type":"Point","coordinates":[-6.852167999999949,10.03941200000003]},"properties":{"id":18749,"nom":"FOYER DES JEUNES DE SIANHALA","type":"centre sociaux","district_region":null,"departement_commune":null,"verifie":true,"name":"FOYER DES JEUNES DE SIANHALA","source":"Géoportail ANSTAT"}},{"type":"Feature","geometry":{"type":"Point","coordinates":[-6.851932999999974,10.03927300000004]},"properties":{"id":18750,"nom":"FOYER DES JEUNES DE SIANHALA","type":"centre sociaux","district_region":null,"departement_commune":null,"verifie":true,"name":"FOYER DES JEUNES DE SIANHALA","source":"Géoportail ANSTAT"}},{"type":"Feature","geometry":{"type":"Point","coordinates":[-6.212754999999959,9.787353000000053]},"properties":{"id":18751,"nom":"FOYER DES JEUNES DE SIONFAN","type":"centre sociaux","district_region":null,"departement_commune":null,"verifie":true,"name":"FOYER DES JEUNES DE SIONFAN","source":"Géoportail ANSTAT"}},{"type":"Feature","geometry":{"type":"Point","coordinates":[-6.060780999999963,9.81387600000005]},"properties":{"id":18752,"nom":"FOYER DES JEUNES DE SIENRE","type":"centre sociaux","district_region":null,"departement_commune":null,"verifie":true,"name":"FOYER DES JEUNES DE SIENRE","source":"Géoportail ANSTAT"}},{"type":"Feature","geometry":{"type":"Point","coordinates":[-6.436167999999952,10.39179600000006]},"properties":{"id":18753,"nom":"FOYER DES JEUNES DE SAN","type":"centre sociaux","district_region":null,"departement_commune":null,"verifie":true,"name":"FOYER DES JEUNES DE SAN","source":"Géoportail ANSTAT"}},{"type":"Feature","geometry":{"type":"Point","coordinates":[-6.170250999999951,8.416250000000048]},"properties":{"id":18754,"nom":"FOYER DES JEUNES DE SARHALA","type":"centre sociaux","district_region":null,"departement_commune":null,"verifie":true,"name":"FOYER DES JEUNES DE SARHALA","source":"Géoportail ANSTAT"}},{"type":"Feature","geometry":{"type":"Point","coordinates":[-3.221648999999957,7.158309000000031]},"properties":{"id":18755,"nom":"FOYERS DES JEUNES","type":"centre sociaux","district_region":null,"departement_commune":null,"verifie":true,"name":"FOYERS DES JEUNES","source":"Géoportail ANSTAT"}},{"type":"Feature","geometry":{"type":"Point","coordinates":[-7.611932999999965,9.70678300000003]},"properties":{"id":18756,"nom":"FOYER DES JEUNES KIMBIRILA SUD","type":"centre sociaux","district_region":null,"departement_commune":null,"verifie":true,"name":"FOYER DES JEUNES KIMBIRILA SUD","source":"Géoportail ANSTAT"}},{"type":"Feature","geometry":{"type":"Point","coordinates":[-3.662652999999978,5.498772000000031]},"properties":{"id":18757,"nom":"FOYER JEUNE FILLE SAINT ANTOINE","type":"centre sociaux","district_region":null,"departement_commune":null,"verifie":true,"name":"FOYER JEUNE FILLE SAINT ANTOINE","source":"Géoportail ANSTAT"}},{"type":"Feature","geometry":{"type":"Point","coordinates":[-3.177753999999936,5.515990000000045]},"properties":{"id":18759,"nom":"FOYER DES JEUNES HENRIETTE KONAN BEDIE","type":"centre sociaux","district_region":null,"departement_commune":null,"verifie":true,"name":"FOYER DES JEUNES HENRIETTE KONAN BEDIE","source":"Géoportail ANSTAT"}},{"type":"Feature","geometry":{"type":"Point","coordinates":[-4.456983999999977,8.331193000000042]},"properties":{"id":18760,"nom":"FOYER DES JEUNES DE SILEOULE","type":"centre sociaux","district_region":null,"departement_commune":null,"verifie":true,"name":"FOYER DES JEUNES DE SILEOULE","source":"Géoportail ANSTAT"}},{"type":"Feature","geometry":{"type":"Point","coordinates":[-4.360710999999981,8.446845000000053]},"properties":{"id":18761,"nom":"FOYER DES JEUNES GUILLAUME SORO","type":"centre sociaux","district_region":null,"departement_commune":null,"verifie":true,"name":"FOYER DES JEUNES GUILLAUME SORO","source":"Géoportail ANSTAT"}},{"type":"Feature","geometry":{"type":"Point","coordinates":[-4.364877999999976,7.898877000000027]},"properties":{"id":18762,"nom":"FOYER DES JEUNES DE SATAMA SOKOURA","type":"centre sociaux","district_region":null,"departement_commune":null,"verifie":true,"name":"FOYER DES JEUNES DE SATAMA SOKOURA","source":"Géoportail ANSTAT"}},{"type":"Feature","geometry":{"type":"Point","coordinates":[-7.76822999999996,7.208745000000022]},"properties":{"id":18763,"nom":"FOYER DES JEUNES DE SAGUIPLEU","type":"centre sociaux","district_region":null,"departement_commune":null,"verifie":true,"name":"FOYER DES JEUNES DE SAGUIPLEU","source":"Géoportail ANSTAT"}},{"type":"Feature","geometry":{"type":"Point","coordinates":[-7.782306999999946,7.268406000000027]},"properties":{"id":18765,"nom":"FOYER DES JEUNES DE SANGOUINE","type":"centre sociaux","district_region":null,"departement_commune":null,"verifie":true,"name":"FOYER DES JEUNES DE SANGOUINE","source":"Géoportail ANSTAT"}},{"type":"Feature","geometry":{"type":"Point","coordinates":[-8.286298999999929,6.92659500000002]},"properties":{"id":18767,"nom":"FOYER DES JEUNES DE ZOUTOUO","type":"centre sociaux","district_region":null,"departement_commune":null,"verifie":true,"name":"FOYER DES JEUNES DE ZOUTOUO","source":"Géoportail ANSTAT"}},{"type":"Feature","geometry":{"type":"Point","coordinates":[-8.110611999999946,7.679032000000063]},"properties":{"id":18770,"nom":"FOYER DES JEUNES YANGUILEU","type":"centre sociaux","district_region":null,"departement_commune":null,"verifie":true,"name":"FOYER DES JEUNES YANGUILEU","source":"Géoportail ANSTAT"}},{"type":"Feature","geometry":{"type":"Point","coordinates":[-7.562757999999974,7.77359800000005]},"properties":{"id":18771,"nom":"FOYER DES JEUNES DE YALOBA","type":"centre sociaux","district_region":null,"departement_commune":null,"verifie":true,"name":"FOYER DES JEUNES DE YALOBA","source":"Géoportail ANSTAT"}},{"type":"Feature","geometry":{"type":"Point","coordinates":[-7.905022999999971,7.44960100000003]},"properties":{"id":18772,"nom":"FOYER DES JEUNES DE YONZONLEU","type":"centre sociaux","district_region":null,"departement_commune":null,"verifie":true,"name":"FOYER DES JEUNES DE YONZONLEU","source":"Géoportail ANSTAT"}},{"type":"Feature","geometry":{"type":"Point","coordinates":[-8.204195999999968,6.919214000000068]},"properties":{"id":18773,"nom":"FOYER DES JEUNES DE ZOUAN HOUNIEN","type":"centre sociaux","district_region":null,"departement_commune":null,"verifie":true,"name":"FOYER DES JEUNES DE ZOUAN HOUNIEN","source":"Géoportail ANSTAT"}},{"type":"Feature","geometry":{"type":"Point","coordinates":[-3.872779999999977,7.37053700000007]},"properties":{"id":18774,"nom":"FOYER DES JEUNES DE ZANZANSOU","type":"centre sociaux","district_region":null,"departement_commune":null,"verifie":true,"name":"FOYER DES JEUNES DE ZANZANSOU","source":"Géoportail ANSTAT"}},{"type":"Feature","geometry":{"type":"Point","coordinates":[-5.140639999999962,10.11356000000006]},"properties":{"id":18775,"nom":"FOYER POLYVALENT DES JEUNES","type":"centre sociaux","district_region":null,"departement_commune":null,"verifie":true,"name":"FOYER POLYVALENT DES JEUNES","source":"Géoportail ANSTAT"}},{"type":"Feature","geometry":{"type":"Point","coordinates":[-5.075868999999955,10.15544400000005]},"properties":{"id":18776,"nom":"FOYER POLYVALENT DES JEUNES","type":"centre sociaux","district_region":null,"departement_commune":null,"verifie":true,"name":"FOYER POLYVALENT DES JEUNES","source":"Géoportail ANSTAT"}},{"type":"Feature","geometry":{"type":"Point","coordinates":[-7.139268999999956,4.623406000000045]},"properties":{"id":18778,"nom":"FOYER DES JEUNES","type":"centre sociaux","district_region":null,"departement_commune":null,"verifie":true,"name":"FOYER DES JEUNES","source":"Géoportail ANSTAT"}},{"type":"Feature","geometry":{"type":"Point","coordinates":[-7.193029999999965,4.654606000000058]},"properties":{"id":18779,"nom":"FOYER DES JEUNES","type":"centre sociaux","district_region":null,"departement_commune":null,"verifie":true,"name":"FOYER DES JEUNES","source":"Géoportail ANSTAT"}},{"type":"Feature","geometry":{"type":"Point","coordinates":[-7.022123999999963,4.633885000000021]},"properties":{"id":18780,"nom":"FOYER DES JEUNES DE WATE","type":"centre sociaux","district_region":null,"departement_commune":null,"verifie":true,"name":"FOYER DES JEUNES DE WATE","source":"Géoportail ANSTAT"}},{"type":"Feature","geometry":{"type":"Point","coordinates":[-7.10100499999993,4.624506000000054]},"properties":{"id":18781,"nom":"FOYER DES JEUNES DE SINGHE 1","type":"centre sociaux","district_region":null,"departement_commune":null,"verifie":true,"name":"FOYER DES JEUNES DE SINGHE 1","source":"Géoportail ANSTAT"}},{"type":"Feature","geometry":{"type":"Point","coordinates":[-7.560704999999928,4.781130000000076]},"properties":{"id":18782,"nom":"FOYER DES JEUNES","type":"centre sociaux","district_region":null,"departement_commune":null,"verifie":true,"name":"FOYER DES JEUNES","source":"Géoportail ANSTAT"}},{"type":"Feature","geometry":{"type":"Point","coordinates":[-5.541650999999945,9.218109000000029]},"properties":{"id":18784,"nom":"FOYER DES JEUNES DE DIEBEKAHA","type":"centre sociaux","district_region":null,"departement_commune":null,"verifie":true,"name":"FOYER DES JEUNES DE DIEBEKAHA","source":"Géoportail ANSTAT"}},{"type":"Feature","geometry":{"type":"Point","coordinates":[-5.521862999999939,9.390747000000031]},"properties":{"id":18785,"nom":"FOYER DES JEUNES DE KARAKORO","type":"centre sociaux","district_region":null,"departement_commune":null,"verifie":true,"name":"FOYER DES JEUNES DE KARAKORO","source":"Géoportail ANSTAT"}},{"type":"Feature","geometry":{"type":"Point","coordinates":[-5.521872999999971,9.390743000000043]},"properties":{"id":18786,"nom":"FOYER DES JEUNES KARAKORO","type":"centre sociaux","district_region":null,"departement_commune":null,"verifie":true,"name":"FOYER DES JEUNES KARAKORO","source":"Géoportail ANSTAT"}},{"type":"Feature","geometry":{"type":"Point","coordinates":[-6.537099999999953,6.114208000000076]},"properties":{"id":18787,"nom":"FOYER DES JEUNE","type":"centre sociaux","district_region":null,"departement_commune":null,"verifie":true,"name":"FOYER DES JEUNE","source":"Géoportail ANSTAT"}},{"type":"Feature","geometry":{"type":"Point","coordinates":[-4.487031999999942,6.499359000000027]},"properties":{"id":18788,"nom":"FOYER DES JEUNES","type":"centre sociaux","district_region":null,"departement_commune":null,"verifie":true,"name":"FOYER DES JEUNES","source":"Géoportail ANSTAT"}},{"type":"Feature","geometry":{"type":"Point","coordinates":[-4.596293999999943,6.506518000000028]},"properties":{"id":18789,"nom":"FOYER DES JEUNES DE ADIBROBO","type":"centre sociaux","district_region":null,"departement_commune":null,"verifie":true,"name":"FOYER DES JEUNES DE ADIBROBO","source":"Géoportail ANSTAT"}},{"type":"Feature","geometry":{"type":"Point","coordinates":[-7.131761999999981,7.613791000000049]},"properties":{"id":18790,"nom":"FOYER DES JEUNES","type":"centre sociaux","district_region":null,"departement_commune":null,"verifie":true,"name":"FOYER DES JEUNES","source":"Géoportail ANSTAT"}},{"type":"Feature","geometry":{"type":"Point","coordinates":[-7.283536999999967,7.265342000000032]},"properties":{"id":18791,"nom":"FOYER DES JEUNES","type":"centre sociaux","district_region":null,"departement_commune":null,"verifie":true,"name":"FOYER DES JEUNES","source":"Géoportail ANSTAT"}},{"type":"Feature","geometry":{"type":"Point","coordinates":[-7.419920999999931,7.397544000000039]},"properties":{"id":18792,"nom":"FOYER DES JEUNES","type":"centre sociaux","district_region":null,"departement_commune":null,"verifie":true,"name":"FOYER DES JEUNES","source":"Géoportail ANSTAT"}},{"type":"Feature","geometry":{"type":"Point","coordinates":[-7.443836999999974,7.370257000000038]},"properties":{"id":18793,"nom":"FOYER DES JEUNES","type":"centre sociaux","district_region":null,"departement_commune":null,"verifie":true,"name":"FOYER DES JEUNES","source":"Géoportail ANSTAT"}},{"type":"Feature","geometry":{"type":"Point","coordinates":[-7.406754999999976,7.010711000000072]},"properties":{"id":18794,"nom":"FOYER DES JEUNES DE GRAND PIN","type":"centre sociaux","district_region":null,"departement_commune":null,"verifie":true,"name":"FOYER DES JEUNES DE GRAND PIN","source":"Géoportail ANSTAT"}},{"type":"Feature","geometry":{"type":"Point","coordinates":[-4.990954999999929,5.257947000000058]},"properties":{"id":18795,"nom":"FOYER DES JEUNES DE GRAND LAHOU","type":"centre sociaux","district_region":null,"departement_commune":null,"verifie":true,"name":"FOYER DES JEUNES DE GRAND LAHOU","source":"Géoportail ANSTAT"}},{"type":"Feature","geometry":{"type":"Point","coordinates":[-5.945332999999948,6.136670000000038]},"properties":{"id":18797,"nom":"FOYER DES JEUNES","type":"centre sociaux","district_region":null,"departement_commune":null,"verifie":true,"name":"FOYER DES JEUNES","source":"Géoportail ANSTAT"}},{"type":"Feature","geometry":{"type":"Point","coordinates":[-5.940653999999938,6.347253000000023]},"properties":{"id":18798,"nom":"FOYER DES JEUNES","type":"centre sociaux","district_region":null,"departement_commune":null,"verifie":true,"name":"FOYER DES JEUNES","source":"Géoportail ANSTAT"}},{"type":"Feature","geometry":{"type":"Point","coordinates":[-5.355714999999975,6.430313000000069]},"properties":{"id":18799,"nom":"FOYER DES JEUNES","type":"centre sociaux","district_region":null,"departement_commune":null,"verifie":true,"name":"FOYER DES JEUNES","source":"Géoportail ANSTAT"}},{"type":"Feature","geometry":{"type":"Point","coordinates":[-6.104792999999972,5.341568000000052]},"properties":{"id":18800,"nom":"FOYER DES JEUNES","type":"centre sociaux","district_region":null,"departement_commune":null,"verifie":true,"name":"FOYER DES JEUNES","source":"Géoportail ANSTAT"}},{"type":"Feature","geometry":{"type":"Point","coordinates":[-6.033904999999947,5.136343000000068]},"properties":{"id":18801,"nom":"FOYER DES JEUNES DE SAFA MANOIS","type":"centre sociaux","district_region":null,"departement_commune":null,"verifie":true,"name":"FOYER DES JEUNES DE SAFA MANOIS","source":"Géoportail ANSTAT"}},{"type":"Feature","geometry":{"type":"Point","coordinates":[-5.128620999999953,6.647377000000063]},"properties":{"id":18802,"nom":"FOYER DES JEUNES","type":"centre sociaux","district_region":null,"departement_commune":null,"verifie":true,"name":"FOYER DES JEUNES","source":"Géoportail ANSTAT"}},{"type":"Feature","geometry":{"type":"Point","coordinates":[-3.835395999999946,5.374680000000069]},"properties":{"id":18803,"nom":"FOYER DES JEUNES","type":"centre sociaux","district_region":null,"departement_commune":null,"verifie":true,"name":"FOYER DES JEUNES","source":"Géoportail ANSTAT"}},{"type":"Feature","geometry":{"type":"Point","coordinates":[-3.05504499999995,7.082982000000072]},"properties":{"id":18804,"nom":"FOYER JEUNE","type":"centre sociaux","district_region":null,"departement_commune":null,"verifie":true,"name":"FOYER JEUNE","source":"Géoportail ANSTAT"}},{"type":"Feature","geometry":{"type":"Point","coordinates":[-6.870480999999927,7.953687000000059]},"properties":{"id":18806,"nom":"FOYER DES JEUNE","type":"centre sociaux","district_region":null,"departement_commune":null,"verifie":true,"name":"FOYER DES JEUNE","source":"Géoportail ANSTAT"}},{"type":"Feature","geometry":{"type":"Point","coordinates":[-6.651198999999963,7.900866000000065]},"properties":{"id":18807,"nom":"FOYER DES JEUNES","type":"centre sociaux","district_region":null,"departement_commune":null,"verifie":true,"name":"FOYER DES JEUNES","source":"Géoportail ANSTAT"}},{"type":"Feature","geometry":{"type":"Point","coordinates":[-6.657124999999951,7.90071400000005]},"properties":{"id":18808,"nom":"FOYER DES JEUNES","type":"centre sociaux","district_region":null,"departement_commune":null,"verifie":true,"name":"FOYER DES JEUNES","source":"Géoportail ANSTAT"}},{"type":"Feature","geometry":{"type":"Point","coordinates":[-6.211344999999937,7.477617000000066]},"properties":{"id":18809,"nom":"FOYER DES JEUNE","type":"centre sociaux","district_region":null,"departement_commune":null,"verifie":true,"name":"FOYER DES JEUNE","source":"Géoportail ANSTAT"}},{"type":"Feature","geometry":{"type":"Point","coordinates":[-5.781009999999981,7.192458000000045]},"properties":{"id":18810,"nom":"FOYER DES JEUNES DE PANGBA KOUAMEKRO","type":"centre sociaux","district_region":null,"departement_commune":null,"verifie":true,"name":"FOYER DES JEUNES DE PANGBA KOUAMEKRO","source":"Géoportail ANSTAT"}},{"type":"Feature","geometry":{"type":"Point","coordinates":[-5.629630999999961,6.616150000000061]},"properties":{"id":18811,"nom":"FOYER DES JEUNES","type":"centre sociaux","district_region":null,"departement_commune":null,"verifie":true,"name":"FOYER DES JEUNES","source":"Géoportail ANSTAT"}},{"type":"Feature","geometry":{"type":"Point","coordinates":[-5.921615999999972,6.625216000000023]},"properties":{"id":18812,"nom":"FOYER DES JEUNES","type":"centre sociaux","district_region":null,"departement_commune":null,"verifie":true,"name":"FOYER DES JEUNES","source":"Géoportail ANSTAT"}},{"type":"Feature","geometry":{"type":"Point","coordinates":[-4.82758199999995,7.661213000000032]},"properties":{"id":18813,"nom":"FOYER DES JEUNES D AKROUGBANGBOKRO","type":"centre sociaux","district_region":null,"departement_commune":null,"verifie":true,"name":"FOYER DES JEUNES D AKROUGBANGBOKRO","source":"Géoportail ANSTAT"}},{"type":"Feature","geometry":{"type":"Point","coordinates":[-5.241871999999944,7.489118000000076]},"properties":{"id":18814,"nom":"FOYER DES JEUNES DE SINGOLI","type":"centre sociaux","district_region":null,"departement_commune":null,"verifie":true,"name":"FOYER DES JEUNES DE SINGOLI","source":"Géoportail ANSTAT"}},{"type":"Feature","geometry":{"type":"Point","coordinates":[-5.399002999999936,8.03299000000004]},"properties":{"id":18815,"nom":"FOYER DES JEUNE DE MESSOUKRO","type":"centre sociaux","district_region":null,"departement_commune":null,"verifie":true,"name":"FOYER DES JEUNE DE MESSOUKRO","source":"Géoportail ANSTAT"}},{"type":"Feature","geometry":{"type":"Point","coordinates":[-5.539799999999957,7.668914000000029]},"properties":{"id":18816,"nom":"FOYER DES JEUNES DE SOUAFOUE DAN","type":"centre sociaux","district_region":null,"departement_commune":null,"verifie":true,"name":"FOYER DES JEUNES DE SOUAFOUE DAN","source":"Géoportail ANSTAT"}},{"type":"Feature","geometry":{"type":"Point","coordinates":[-5.505087999999944,7.930017000000021]},"properties":{"id":18817,"nom":"FOYER DES JEUNES DE KOUKOUKRO","type":"centre sociaux","district_region":null,"departement_commune":null,"verifie":true,"name":"FOYER DES JEUNES DE KOUKOUKRO","source":"Géoportail ANSTAT"}},{"type":"Feature","geometry":{"type":"Point","coordinates":[-5.294332999999938,7.761410000000069]},"properties":{"id":18818,"nom":"FOYER DES JEUNES DE KLEMEKRO","type":"centre sociaux","district_region":null,"departement_commune":null,"verifie":true,"name":"FOYER DES JEUNES DE KLEMEKRO","source":"Géoportail ANSTAT"}},{"type":"Feature","geometry":{"type":"Point","coordinates":[-3.560964999999953,8.469863000000032]},"properties":{"id":18819,"nom":"FOYER DES JEUNES DE ANGOBILA","type":"centre sociaux","district_region":null,"departement_commune":null,"verifie":true,"name":"FOYER DES JEUNES DE ANGOBILA","source":"Géoportail ANSTAT"}},{"type":"Feature","geometry":{"type":"Point","coordinates":[-3.467967999999928,8.455580000000054]},"properties":{"id":18820,"nom":"FOYER DES JEUNES","type":"centre sociaux","district_region":null,"departement_commune":null,"verifie":true,"name":"FOYER DES JEUNES","source":"Géoportail ANSTAT"}},{"type":"Feature","geometry":{"type":"Point","coordinates":[-4.741876999999931,6.667349000000058]},"properties":{"id":18821,"nom":"FOYER DES JEUNES","type":"centre sociaux","district_region":null,"departement_commune":null,"verifie":true,"name":"FOYER DES JEUNES","source":"Géoportail ANSTAT"}},{"type":"Feature","geometry":{"type":"Point","coordinates":[-4.525262999999939,7.137871000000075]},"properties":{"id":18822,"nom":"FOYER DES JEUNES","type":"centre sociaux","district_region":null,"departement_commune":null,"verifie":true,"name":"FOYER DES JEUNES","source":"Géoportail ANSTAT"}},{"type":"Feature","geometry":{"type":"Point","coordinates":[-4.351643999999965,7.096673000000067]},"properties":{"id":18823,"nom":"FOYER DES JEUNES","type":"centre sociaux","district_region":null,"departement_commune":null,"verifie":true,"name":"FOYER DES JEUNES","source":"Géoportail ANSTAT"}},{"type":"Feature","geometry":{"type":"Point","coordinates":[-7.451404999999966,5.878090000000043]},"properties":{"id":18824,"nom":"FOYER DES JEUNES DE TAHI","type":"centre sociaux","district_region":null,"departement_commune":null,"verifie":true,"name":"FOYER DES JEUNES DE TAHI","source":"Géoportail ANSTAT"}},{"type":"Feature","geometry":{"type":"Point","coordinates":[-7.581957999999929,6.539021000000048]},"properties":{"id":18825,"nom":"FOYER DES JEUNES DOMOBLY","type":"centre sociaux","district_region":null,"departement_commune":null,"verifie":true,"name":"FOYER DES JEUNES DOMOBLY","source":"Géoportail ANSTAT"}},{"type":"Feature","geometry":{"type":"Point","coordinates":[-6.663195999999971,6.708497000000023]},"properties":{"id":18826,"nom":"FOYER  DES JEUNES","type":"centre sociaux","district_region":null,"departement_commune":null,"verifie":true,"name":"FOYER  DES JEUNES","source":"Géoportail ANSTAT"}},{"type":"Feature","geometry":{"type":"Point","coordinates":[-6.151079999999979,6.672611000000074]},"properties":{"id":18827,"nom":"FOYER DES JEUNES DE GADOUAN","type":"centre sociaux","district_region":null,"departement_commune":null,"verifie":true,"name":"FOYER DES JEUNES DE GADOUAN","source":"Géoportail ANSTAT"}},{"type":"Feature","geometry":{"type":"Point","coordinates":[-6.866371999999956,6.765510000000063]},"properties":{"id":18828,"nom":"FOYER DES JEUNES DE ZOUKOUGBEU","type":"centre sociaux","district_region":null,"departement_commune":null,"verifie":true,"name":"FOYER DES JEUNES DE ZOUKOUGBEU","source":"Géoportail ANSTAT"}},{"type":"Feature","geometry":{"type":"Point","coordinates":[-4.082039999999949,5.636552000000052]},"properties":{"id":18830,"nom":"FOYER DES JEUNE D AMANIKRO","type":"centre sociaux","district_region":null,"departement_commune":null,"verifie":true,"name":"FOYER DES JEUNE D AMANIKRO","source":"Géoportail ANSTAT"}},{"type":"Feature","geometry":{"type":"Point","coordinates":[-7.654966999999942,8.271475000000066]},"properties":{"id":18831,"nom":"FOYER DES JEUNES","type":"centre sociaux","district_region":null,"departement_commune":null,"verifie":true,"name":"FOYER DES JEUNES","source":"Géoportail ANSTAT"}},{"type":"Feature","geometry":{"type":"Point","coordinates":[-7.571106999999927,8.305864000000042]},"properties":{"id":18832,"nom":"FOYER DES JEUNES","type":"centre sociaux","district_region":null,"departement_commune":null,"verifie":true,"name":"FOYER DES JEUNES","source":"Géoportail ANSTAT"}},{"type":"Feature","geometry":{"type":"Point","coordinates":[-7.879085999999973,8.102063000000044]},"properties":{"id":18833,"nom":"FOYER DES JEUNES DE BEKOSSO","type":"centre sociaux","district_region":null,"departement_commune":null,"verifie":true,"name":"FOYER DES JEUNES DE BEKOSSO","source":"Géoportail ANSTAT"}},{"type":"Feature","geometry":{"type":"Point","coordinates":[-7.798036999999965,8.212285000000065]},"properties":{"id":18834,"nom":"FOYER DES JEUNES","type":"centre sociaux","district_region":null,"departement_commune":null,"verifie":true,"name":"FOYER DES JEUNES","source":"Géoportail ANSTAT"}},{"type":"Feature","geometry":{"type":"Point","coordinates":[-7.871924999999976,8.255681000000038]},"properties":{"id":18835,"nom":"FOYER DES JEUNES","type":"centre sociaux","district_region":null,"departement_commune":null,"verifie":true,"name":"FOYER DES JEUNES","source":"Géoportail ANSTAT"}},{"type":"Feature","geometry":{"type":"Point","coordinates":[-7.869898999999975,8.237240000000043]},"properties":{"id":18836,"nom":"FOYER DES JEUNES","type":"centre sociaux","district_region":null,"departement_commune":null,"verifie":true,"name":"FOYER DES JEUNES","source":"Géoportail ANSTAT"}},{"type":"Feature","geometry":{"type":"Point","coordinates":[-5.626893999999936,6.049495000000036]},"properties":{"id":18837,"nom":"FOYER DE JEUNES","type":"centre sociaux","district_region":null,"departement_commune":null,"verifie":true,"name":"FOYER DE JEUNES","source":"Géoportail ANSTAT"}},{"type":"Feature","geometry":{"type":"Point","coordinates":[-3.359815999999967,6.429098000000067]},"properties":{"id":18838,"nom":"FOYER DES JEUNES","type":"centre sociaux","district_region":null,"departement_commune":null,"verifie":true,"name":"FOYER DES JEUNES","source":"Géoportail ANSTAT"}},{"type":"Feature","geometry":{"type":"Point","coordinates":[-3.417542999999966,6.911099000000036]},"properties":{"id":18839,"nom":"FOYER DES JEUNE","type":"centre sociaux","district_region":null,"departement_commune":null,"verifie":true,"name":"FOYER DES JEUNE","source":"Géoportail ANSTAT"}},{"type":"Feature","geometry":{"type":"Point","coordinates":[-3.277593999999965,7.044316000000038]},"properties":{"id":18840,"nom":"FOYER DES JEUNES DE NIANDA","type":"centre sociaux","district_region":null,"departement_commune":null,"verifie":true,"name":"FOYER DES JEUNES DE NIANDA","source":"Géoportail ANSTAT"}},{"type":"Feature","geometry":{"type":"Point","coordinates":[-3.40690399999994,6.081106000000034]},"properties":{"id":18841,"nom":"FOYER DES JEUNES DE BETTIE","type":"centre sociaux","district_region":null,"departement_commune":null,"verifie":true,"name":"FOYER DES JEUNES DE BETTIE","source":"Géoportail ANSTAT"}},{"type":"Feature","geometry":{"type":"Point","coordinates":[-7.790736999999979,9.525248000000031]},"properties":{"id":18842,"nom":"FOYER DES JEUNES","type":"centre sociaux","district_region":null,"departement_commune":null,"verifie":true,"name":"FOYER DES JEUNES","source":"Géoportail ANSTAT"}},{"type":"Feature","geometry":{"type":"Point","coordinates":[-3.74329199999994,5.399076000000036]},"properties":{"id":18843,"nom":"FOYER DES JEUNES","type":"centre sociaux","district_region":null,"departement_commune":null,"verifie":true,"name":"FOYER DES JEUNES","source":"Géoportail ANSTAT"}},{"type":"Feature","geometry":{"type":"Point","coordinates":[-3.615729999999928,5.285216000000048]},"properties":{"id":18844,"nom":"FOYER DES JEUNES","type":"centre sociaux","district_region":null,"departement_commune":null,"verifie":true,"name":"FOYER DES JEUNES","source":"Géoportail ANSTAT"}},{"type":"Feature","geometry":{"type":"Point","coordinates":[-2.97390699999994,5.658438000000046]},"properties":{"id":18845,"nom":"FOYER DES JEUNES","type":"centre sociaux","district_region":null,"departement_commune":null,"verifie":true,"name":"FOYER DES JEUNES","source":"Géoportail ANSTAT"}},{"type":"Feature","geometry":{"type":"Point","coordinates":[-4.695371999999963,8.661250000000052]},"properties":{"id":18846,"nom":"FOYER DES JEUNES","type":"centre sociaux","district_region":null,"departement_commune":null,"verifie":true,"name":"FOYER DES JEUNES","source":"Géoportail ANSTAT"}},{"type":"Feature","geometry":{"type":"Point","coordinates":[-4.432008999999937,8.327641000000028]},"properties":{"id":18847,"nom":"FOYER DES JEUNES","type":"centre sociaux","district_region":null,"departement_commune":null,"verifie":true,"name":"FOYER DES JEUNES","source":"Géoportail ANSTAT"}},{"type":"Feature","geometry":{"type":"Point","coordinates":[-7.751043999999979,7.148113000000023]},"properties":{"id":18848,"nom":"FOYER DES JEUNES DE PODIAGOUINE","type":"centre sociaux","district_region":null,"departement_commune":null,"verifie":true,"name":"FOYER DES JEUNES DE PODIAGOUINE","source":"Géoportail ANSTAT"}},{"type":"Feature","geometry":{"type":"Point","coordinates":[-8.363947999999937,6.70626900000002]},"properties":{"id":18849,"nom":"FOYER DES JEUNE DE GOULALEU","type":"centre sociaux","district_region":null,"departement_commune":null,"verifie":true,"name":"FOYER DES JEUNE DE GOULALEU","source":"Géoportail ANSTAT"}},{"type":"Feature","geometry":{"type":"Point","coordinates":[-7.849762999999939,7.666144000000031]},"properties":{"id":18850,"nom":"FOYER DES JEUNES","type":"centre sociaux","district_region":null,"departement_commune":null,"verifie":true,"name":"FOYER DES JEUNES","source":"Géoportail ANSTAT"}},{"type":"Feature","geometry":{"type":"Point","coordinates":[-3.97293899999994,7.681175000000053]},"properties":{"id":18851,"nom":"FOYER DES JEUNES","type":"centre sociaux","district_region":null,"departement_commune":null,"verifie":true,"name":"FOYER DES JEUNES","source":"Géoportail ANSTAT"}},{"type":"Feature","geometry":{"type":"Point","coordinates":[-4.013101999999947,7.672102000000052]},"properties":{"id":18852,"nom":"FOYER DES JEUNES","type":"centre sociaux","district_region":null,"departement_commune":null,"verifie":true,"name":"FOYER DES JEUNES","source":"Géoportail ANSTAT"}},{"type":"Feature","geometry":{"type":"Point","coordinates":[-4.155627999999979,7.291647000000069]},"properties":{"id":18853,"nom":"FOYER DES JEUNES","type":"centre sociaux","district_region":null,"departement_commune":null,"verifie":true,"name":"FOYER DES JEUNES","source":"Géoportail ANSTAT"}},{"type":"Feature","geometry":{"type":"Point","coordinates":[-6.584629999999947,5.785619000000054]},"properties":{"id":19006,"nom":"GROUPE BIBLIQUE DES HOPITAUX DE COTE D IVOIRE CENTRE MEDICO SOCIAL BETHESDA DE SOUBRE","type":"centre sociaux","district_region":null,"departement_commune":null,"verifie":true,"name":"GROUPE BIBLIQUE DES HOPITAUX DE COTE D IVOIRE CENTRE MEDICO SOCIAL BETHESDA DE SOUBRE","source":"Géoportail ANSTAT"}},{"type":"Feature","geometry":{"type":"Point","coordinates":[-3.19943399999994,5.475133000000028]},"properties":{"id":19362,"nom":"INTERNAT DE JEUNES FILLES FOYER MERE TERESA","type":"centre sociaux","district_region":null,"departement_commune":null,"verifie":true,"name":"INTERNAT DE JEUNES FILLES FOYER MERE TERESA","source":"Géoportail ANSTAT"}},{"type":"Feature","geometry":{"type":"Point","coordinates":[-5.35164999999995,8.160196000000042]},"properties":{"id":19425,"nom":"LA CANTINE FOYER DES JEUNES","type":"centre sociaux","district_region":null,"departement_commune":null,"verifie":true,"name":"LA CANTINE FOYER DES JEUNES","source":"Géoportail ANSTAT"}},{"type":"Feature","geometry":{"type":"Point","coordinates":[-4.98280699999998,7.420195000000035]},"properties":{"id":19576,"nom":"LE FOYER DES JEUNES","type":"centre sociaux","district_region":null,"departement_commune":null,"verifie":true,"name":"LE FOYER DES JEUNES","source":"Géoportail ANSTAT"}},{"type":"Feature","geometry":{"type":"Point","coordinates":[-5.278707999999938,6.775910000000067]},"properties":{"id":19665,"nom":"CENTRE MEDICO SOCIAL CLOLAY","type":"centre sociaux","district_region":null,"departement_commune":null,"verifie":true,"name":"CENTRE MEDICO SOCIAL CLOLAY","source":"Géoportail ANSTAT"}},{"type":"Feature","geometry":{"type":"Point","coordinates":[-5.264036999999973,6.781934000000035]},"properties":{"id":20263,"nom":"CENTRE DE SANTE SOCIAL","type":"centre sociaux","district_region":null,"departement_commune":null,"verifie":true,"name":"CENTRE DE SANTE SOCIAL","source":"Géoportail ANSTAT"}},{"type":"Feature","geometry":{"type":"Point","coordinates":[-6.604061999999942,5.779332000000068]},"properties":{"id":29971,"nom":"ONG CENTRE MEDICO SOCIAL LA LUMIERE","type":"centre sociaux","district_region":null,"departement_commune":null,"verifie":true,"name":"ONG CENTRE MEDICO SOCIAL LA LUMIERE","source":"Géoportail ANSTAT"}},{"type":"Feature","geometry":{"type":"Point","coordinates":[-5.265883999999971,6.810546000000045]},"properties":{"id":30739,"nom":"CENTRE MEDICO SOCIAL WALE","type":"centre sociaux","district_region":null,"departement_commune":null,"verifie":true,"name":"CENTRE MEDICO SOCIAL WALE","source":"Géoportail ANSTAT"}},{"type":"Feature","geometry":{"type":"Point","coordinates":[-5.025021999999979,7.846357000000069]},"properties":{"id":30954,"nom":"RESERVE FOYER DES JEUNES DE AKPLA ASSOUMANKRO","type":"centre sociaux","district_region":null,"departement_commune":null,"verifie":true,"name":"RESERVE FOYER DES JEUNES DE AKPLA ASSOUMANKRO","source":"Géoportail ANSTAT"}},{"type":"Feature","geometry":{"type":"Point","coordinates":[-3.742042999999967,5.406463000000031]},"properties":{"id":31165,"nom":"SIEGE FOYER DES JEUNES AJD","type":"centre sociaux","district_region":null,"departement_commune":null,"verifie":true,"name":"SIEGE FOYER DES JEUNES AJD","source":"Géoportail ANSTAT"}},{"type":"Feature","geometry":{"type":"Point","coordinates":[-5.296579999999949,6.894597000000033]},"properties":{"id":31563,"nom":"FOYER DES JEUNES","type":"centre sociaux","district_region":null,"departement_commune":null,"verifie":true,"name":"FOYER DES JEUNES","source":"Géoportail ANSTAT"}},{"type":"Feature","geometry":{"type":"Point","coordinates":[-4.074356999999964,5.464275000000043]},"properties":{"id":31733,"nom":"CENTRE DE SANTE SOCIAL","type":"centre sociaux","district_region":null,"departement_commune":null,"verifie":true,"name":"CENTRE DE SANTE SOCIAL","source":"Géoportail ANSTAT"}},{"type":"Feature","geometry":{"type":"Point","coordinates":[-4.046490999999946,5.487023000000022]},"properties":{"id":31738,"nom":"CENTRE MEDICO SOCIAL ANYAMA","type":"centre sociaux","district_region":null,"departement_commune":null,"verifie":true,"name":"CENTRE MEDICO SOCIAL ANYAMA","source":"Géoportail ANSTAT"}},{"type":"Feature","geometry":{"type":"Point","coordinates":[-4.04791599999993,5.453844000000061]},"properties":{"id":31745,"nom":"CENTRE MEDICO SOCIAL","type":"centre sociaux","district_region":null,"departement_commune":null,"verifie":true,"name":"CENTRE MEDICO SOCIAL","source":"Géoportail ANSTAT"}},{"type":"Feature","geometry":{"type":"Point","coordinates":[-4.030577999999934,5.436205000000029]},"properties":{"id":31746,"nom":"CENTRE MEDICO SOCIAL LE JOURDAIN","type":"centre sociaux","district_region":null,"departement_commune":null,"verifie":true,"name":"CENTRE MEDICO SOCIAL LE JOURDAIN","source":"Géoportail ANSTAT"}},{"type":"Feature","geometry":{"type":"Point","coordinates":[-4.071068999999966,5.436092000000031]},"properties":{"id":31751,"nom":"CENTRE DE SANTE SOCIAL  DOUAHOU","type":"centre sociaux","district_region":null,"departement_commune":null,"verifie":true,"name":"CENTRE DE SANTE SOCIAL  DOUAHOU","source":"Géoportail ANSTAT"}},{"type":"Feature","geometry":{"type":"Point","coordinates":[-4.028649999999971,5.414745000000039]},"properties":{"id":31753,"nom":"CENTRE D ASSITANCE MEDICO SOCIAL","type":"centre sociaux","district_region":null,"departement_commune":null,"verifie":true,"name":"CENTRE D ASSITANCE MEDICO SOCIAL","source":"Géoportail ANSTAT"}},{"type":"Feature","geometry":{"type":"Point","coordinates":[-4.025564999999972,5.443967000000043]},"properties":{"id":31756,"nom":"CENTRE MEDICO SOCIAL AVOCATIER","type":"centre sociaux","district_region":null,"departement_commune":null,"verifie":true,"name":"CENTRE MEDICO SOCIAL AVOCATIER","source":"Géoportail ANSTAT"}},{"type":"Feature","geometry":{"type":"Point","coordinates":[-4.005679999999927,5.415834000000075]},"properties":{"id":31772,"nom":"CENTRE MEDICO SOCIAL EBENEZER","type":"centre sociaux","district_region":null,"departement_commune":null,"verifie":true,"name":"CENTRE MEDICO SOCIAL EBENEZER","source":"Géoportail ANSTAT"}},{"type":"Feature","geometry":{"type":"Point","coordinates":[-3.999090999999964,5.424503000000072]},"properties":{"id":31773,"nom":"CENTRE MEDICO SOCIAL SAINTS COEURS DE CLOUETCHA","type":"centre sociaux","district_region":null,"departement_commune":null,"verifie":true,"name":"CENTRE MEDICO SOCIAL SAINTS COEURS DE CLOUETCHA","source":"Géoportail ANSTAT"}},{"type":"Feature","geometry":{"type":"Point","coordinates":[-4.000321999999926,5.414597000000072]},"properties":{"id":31775,"nom":"CENTRE MEDICO SOCIAL SAINT COEUR D ABOBOTE","type":"centre sociaux","district_region":null,"departement_commune":null,"verifie":true,"name":"CENTRE MEDICO SOCIAL SAINT COEUR D ABOBOTE","source":"Géoportail ANSTAT"}},{"type":"Feature","geometry":{"type":"Point","coordinates":[-4.002813999999944,5.368656000000044]},"properties":{"id":31787,"nom":"CENTRE MEDICAUX SOCIAL PRESBYTERIEN D ABIDJAN","type":"centre sociaux","district_region":null,"departement_commune":null,"verifie":true,"name":"CENTRE MEDICAUX SOCIAL PRESBYTERIEN D ABIDJAN","source":"Géoportail ANSTAT"}},{"type":"Feature","geometry":{"type":"Point","coordinates":[-3.989214999999945,5.346510000000023]},"properties":{"id":31803,"nom":"CENTRE MEDICAL SOCIAL","type":"centre sociaux","district_region":null,"departement_commune":null,"verifie":true,"name":"CENTRE MEDICAL SOCIAL","source":"Géoportail ANSTAT"}},{"type":"Feature","geometry":{"type":"Point","coordinates":[-3.97283299999998,5.342087000000049]},"properties":{"id":31806,"nom":"CENTRE SOCIAL D ANONO","type":"centre sociaux","district_region":null,"departement_commune":null,"verifie":true,"name":"CENTRE SOCIAL D ANONO","source":"Géoportail ANSTAT"}},{"type":"Feature","geometry":{"type":"Point","coordinates":[-3.953774999999951,5.32301700000005]},"properties":{"id":31814,"nom":"CENTRE MEDICO SOCIAL ONG3S","type":"centre sociaux","district_region":null,"departement_commune":null,"verifie":true,"name":"CENTRE MEDICO SOCIAL ONG3S","source":"Géoportail ANSTAT"}},{"type":"Feature","geometry":{"type":"Point","coordinates":[-3.955047999999977,5.324603000000025]},"properties":{"id":31815,"nom":"CENTRE SOCIAL D M POUTO","type":"centre sociaux","district_region":null,"departement_commune":null,"verifie":true,"name":"CENTRE SOCIAL D M POUTO","source":"Géoportail ANSTAT"}},{"type":"Feature","geometry":{"type":"Point","coordinates":[-4.090176999999926,5.385484000000076]},"properties":{"id":31819,"nom":"CENTRE DE SECOUR MEDICO  SOCIAL","type":"centre sociaux","district_region":null,"departement_commune":null,"verifie":true,"name":"CENTRE DE SECOUR MEDICO  SOCIAL","source":"Géoportail ANSTAT"}},{"type":"Feature","geometry":{"type":"Point","coordinates":[-4.100418999999931,5.382318000000055]},"properties":{"id":31820,"nom":"CENTRE MEDICO SOCIAL DETY","type":"centre sociaux","district_region":null,"departement_commune":null,"verifie":true,"name":"CENTRE MEDICO SOCIAL DETY","source":"Géoportail ANSTAT"}},{"type":"Feature","geometry":{"type":"Point","coordinates":[-4.113897999999949,5.335712000000058]},"properties":{"id":31835,"nom":"CENTRE MEDICO SOCIAL CONVICTION","type":"centre sociaux","district_region":null,"departement_commune":null,"verifie":true,"name":"CENTRE MEDICO SOCIAL CONVICTION","source":"Géoportail ANSTAT"}},{"type":"Feature","geometry":{"type":"Point","coordinates":[-4.098322999999937,5.358735000000024]},"properties":{"id":31842,"nom":"CENTRE MEDICO SOCIAL ESPOIR","type":"centre sociaux","district_region":null,"departement_commune":null,"verifie":true,"name":"CENTRE MEDICO SOCIAL ESPOIR","source":"Géoportail ANSTAT"}},{"type":"Feature","geometry":{"type":"Point","coordinates":[-4.106358999999941,5.36512700000003]},"properties":{"id":31843,"nom":"CENTRE MEDICO SOCIAL SAINT JEANS BAPTISTE GESCO","type":"centre sociaux","district_region":null,"departement_commune":null,"verifie":true,"name":"CENTRE MEDICO SOCIAL SAINT JEANS BAPTISTE GESCO","source":"Géoportail ANSTAT"}},{"type":"Feature","geometry":{"type":"Point","coordinates":[-4.084149999999966,5.352846000000056]},"properties":{"id":31848,"nom":"CENTRE DE SECOURS MEDICO SOCIAL","type":"centre sociaux","district_region":null,"departement_commune":null,"verifie":true,"name":"CENTRE DE SECOURS MEDICO SOCIAL","source":"Géoportail ANSTAT"}},{"type":"Feature","geometry":{"type":"Point","coordinates":[-4.078679999999963,5.337313000000051]},"properties":{"id":31852,"nom":"CENTRE MEDICO SOCIAL EDEN","type":"centre sociaux","district_region":null,"departement_commune":null,"verifie":true,"name":"CENTRE MEDICO SOCIAL EDEN","source":"Géoportail ANSTAT"}},{"type":"Feature","geometry":{"type":"Point","coordinates":[-4.063322999999968,5.338425000000029]},"properties":{"id":31853,"nom":"CENTRE MEDICO SOCIAL LA SOURCE INTER","type":"centre sociaux","district_region":null,"departement_commune":null,"verifie":true,"name":"CENTRE MEDICO SOCIAL LA SOURCE INTER","source":"Géoportail ANSTAT"}},{"type":"Feature","geometry":{"type":"Point","coordinates":[-4.092959999999948,5.311933000000067]},"properties":{"id":31858,"nom":"CENTRE MEDICO SOCIAL","type":"centre sociaux","district_region":null,"departement_commune":null,"verifie":true,"name":"CENTRE MEDICO SOCIAL","source":"Géoportail ANSTAT"}},{"type":"Feature","geometry":{"type":"Point","coordinates":[-4.095344999999952,5.31574100000006]},"properties":{"id":31859,"nom":"CENTRE SOCIAL DE NIANGON SUD","type":"centre sociaux","district_region":null,"departement_commune":null,"verifie":true,"name":"CENTRE SOCIAL DE NIANGON SUD","source":"Géoportail ANSTAT"}},{"type":"Feature","geometry":{"type":"Point","coordinates":[-4.086447999999962,5.316833000000031]},"properties":{"id":31860,"nom":"CENTRE SOCIAL POLYVALENT BETHANIE","type":"centre sociaux","district_region":null,"departement_commune":null,"verifie":true,"name":"CENTRE SOCIAL POLYVALENT BETHANIE","source":"Géoportail ANSTAT"}},{"type":"Feature","geometry":{"type":"Point","coordinates":[-4.048383999999942,5.327164000000039]},"properties":{"id":31875,"nom":"CENTRE DE SANTE MEDICO SOCIAL LA BARAKA","type":"centre sociaux","district_region":null,"departement_commune":null,"verifie":true,"name":"CENTRE DE SANTE MEDICO SOCIAL LA BARAKA","source":"Géoportail ANSTAT"}},{"type":"Feature","geometry":{"type":"Point","coordinates":[-4.091755999999975,5.351495000000057]},"properties":{"id":31882,"nom":"CENTRE SOCIAL","type":"centre sociaux","district_region":null,"departement_commune":null,"verifie":true,"name":"CENTRE SOCIAL","source":"Géoportail ANSTAT"}},{"type":"Feature","geometry":{"type":"Point","coordinates":[-4.107902999999965,5.34179400000005]},"properties":{"id":31889,"nom":"CENTRE MEDICO SOCIAL SAINTE MADELAINE","type":"centre sociaux","district_region":null,"departement_commune":null,"verifie":true,"name":"CENTRE MEDICO SOCIAL SAINTE MADELAINE","source":"Géoportail ANSTAT"}},{"type":"Feature","geometry":{"type":"Point","coordinates":[-4.02105899999998,5.358593000000042]},"properties":{"id":31899,"nom":"CENTRE MEDICO SOCIAL LA FONTAINE","type":"centre sociaux","district_region":null,"departement_commune":null,"verifie":true,"name":"CENTRE MEDICO SOCIAL LA FONTAINE","source":"Géoportail ANSTAT"}},{"type":"Feature","geometry":{"type":"Point","coordinates":[-4.02699999999993,5.363808000000063]},"properties":{"id":31900,"nom":"CENTRE MEDICO SOCIAL ST VINCENT DE PAUL","type":"centre sociaux","district_region":null,"departement_commune":null,"verifie":true,"name":"CENTRE MEDICO SOCIAL ST VINCENT DE PAUL","source":"Géoportail ANSTAT"}},{"type":"Feature","geometry":{"type":"Point","coordinates":[-4.026850999999965,5.341123000000039]},"properties":{"id":31904,"nom":"CENTREVSOCIAL","type":"centre sociaux","district_region":null,"departement_commune":null,"verifie":true,"name":"CENTREVSOCIAL","source":"Géoportail ANSTAT"}},{"type":"Feature","geometry":{"type":"Point","coordinates":[-4.020655999999974,5.316370000000063]},"properties":{"id":31908,"nom":"CENTRES MEDICAUX SOCIAL SITARAIL","type":"centre sociaux","district_region":null,"departement_commune":null,"verifie":true,"name":"CENTRES MEDICAUX SOCIAL SITARAIL","source":"Géoportail ANSTAT"}},{"type":"Feature","geometry":{"type":"Point","coordinates":[-3.967517999999927,5.307952000000057]},"properties":{"id":31913,"nom":"CENTRE MEDICO SOCIAL","type":"centre sociaux","district_region":null,"departement_commune":null,"verifie":true,"name":"CENTRE MEDICO SOCIAL","source":"Géoportail ANSTAT"}},{"type":"Feature","geometry":{"type":"Point","coordinates":[-4.006031999999948,5.294615000000022]},"properties":{"id":31916,"nom":"CENTRE MEDICO SOCIAL SEMPA","type":"centre sociaux","district_region":null,"departement_commune":null,"verifie":true,"name":"CENTRE MEDICO SOCIAL SEMPA","source":"Géoportail ANSTAT"}},{"type":"Feature","geometry":{"type":"Point","coordinates":[-4.003669999999943,5.304688000000056]},"properties":{"id":31920,"nom":"CENTRE MEDICO SOCIAL DE LA PAROISSE NOTRE DAME","type":"centre sociaux","district_region":null,"departement_commune":null,"verifie":true,"name":"CENTRE MEDICO SOCIAL DE LA PAROISSE NOTRE DAME","source":"Géoportail ANSTAT"}},{"type":"Feature","geometry":{"type":"Point","coordinates":[-4.001226999999972,5.302265000000034]},"properties":{"id":31921,"nom":"CENTRE SOCIAL TREICHVILLE ENTENTE","type":"centre sociaux","district_region":null,"departement_commune":null,"verifie":true,"name":"CENTRE SOCIAL TREICHVILLE ENTENTE","source":"Géoportail ANSTAT"}},{"type":"Feature","geometry":{"type":"Point","coordinates":[-4.035909999999944,5.347673000000043]},"properties":{"id":31923,"nom":"CENTRE SOCIAL D ATTECOUBE","type":"centre sociaux","district_region":null,"departement_commune":null,"verifie":true,"name":"CENTRE SOCIAL D ATTECOUBE","source":"Géoportail ANSTAT"}},{"type":"Feature","geometry":{"type":"Point","coordinates":[-4.040339999999958,5.311012000000062]},"properties":{"id":31927,"nom":"CENTRE DE SANTE SOCIALE ABOBODOUME","type":"centre sociaux","district_region":null,"departement_commune":null,"verifie":true,"name":"CENTRE DE SANTE SOCIALE ABOBODOUME","source":"Géoportail ANSTAT"}},{"type":"Feature","geometry":{"type":"Point","coordinates":[-4.052274999999952,5.354816000000028]},"properties":{"id":31933,"nom":"CENTRE MEDICALE SOCIAL CHEZ FOFANA","type":"centre sociaux","district_region":null,"departement_commune":null,"verifie":true,"name":"CENTRE MEDICALE SOCIAL CHEZ FOFANA","source":"Géoportail ANSTAT"}},{"type":"Feature","geometry":{"type":"Point","coordinates":[-4.053014999999959,5.351043000000061]},"properties":{"id":31934,"nom":"CENTRE MEDICO SOCIAL TENIN","type":"centre sociaux","district_region":null,"departement_commune":null,"verifie":true,"name":"CENTRE MEDICO SOCIAL TENIN","source":"Géoportail ANSTAT"}},{"type":"Feature","geometry":{"type":"Point","coordinates":[-3.962707999999964,5.292243000000042]},"properties":{"id":31937,"nom":"CENTRE MEDICO SOCIAL ST ETIENNE","type":"centre sociaux","district_region":null,"departement_commune":null,"verifie":true,"name":"CENTRE MEDICO SOCIAL ST ETIENNE","source":"Géoportail ANSTAT"}},{"type":"Feature","geometry":{"type":"Point","coordinates":[-3.969555999999955,5.289637000000027]},"properties":{"id":31938,"nom":"CENTRESOCIALMUNICIPAL","type":"centre sociaux","district_region":null,"departement_commune":null,"verifie":true,"name":"CENTRESOCIALMUNICIPAL","source":"Géoportail ANSTAT"}},{"type":"Feature","geometry":{"type":"Point","coordinates":[-3.948420999999939,5.309632000000022]},"properties":{"id":31944,"nom":"CENTRE MEDICO SOCIAL","type":"centre sociaux","district_region":null,"departement_commune":null,"verifie":true,"name":"CENTRE MEDICO SOCIAL","source":"Géoportail ANSTAT"}},{"type":"Feature","geometry":{"type":"Point","coordinates":[-3.885833999999932,5.246364000000028]},"properties":{"id":31959,"nom":"CENTRE  MEDICO  SOCIAL  CRI DU COEUR","type":"centre sociaux","district_region":null,"departement_commune":null,"verifie":true,"name":"CENTRE  MEDICO  SOCIAL  CRI DU COEUR","source":"Géoportail ANSTAT"}},{"type":"Feature","geometry":{"type":"Point","coordinates":[-3.920152999999971,5.258928000000026]},"properties":{"id":31971,"nom":"CENTRE MEDICO SOCIAL STE LAETITIA ONG LAFED","type":"centre sociaux","district_region":null,"departement_commune":null,"verifie":true,"name":"CENTRE MEDICO SOCIAL STE LAETITIA ONG LAFED","source":"Géoportail ANSTAT"}},{"type":"Feature","geometry":{"type":"Point","coordinates":[-3.913934999999981,5.249643000000049]},"properties":{"id":31974,"nom":"CENTRE SOCIAL DE JEAN FOLLY","type":"centre sociaux","district_region":null,"departement_commune":null,"verifie":true,"name":"CENTRE SOCIAL DE JEAN FOLLY","source":"Géoportail ANSTAT"}},{"type":"Feature","geometry":{"type":"Point","coordinates":[-4.004534999999976,5.341028000000051]},"properties":{"id":32466,"nom":"FOYER SAINT JOSEPH DES JEUNES TRAVAILLEUSES COMMUNAUTE DU CHEMIN NEUF","type":"centre sociaux","district_region":null,"departement_commune":null,"verifie":true,"name":"FOYER SAINT JOSEPH DES JEUNES TRAVAILLEUSES COMMUNAUTE DU CHEMIN NEUF","source":"Géoportail ANSTAT"}},{"type":"Feature","geometry":{"type":"Point","coordinates":[-4.083245999999974,5.30173300000007]},"properties":{"id":32878,"nom":"FOYER DES JEUNES AZITO VILLAGE","type":"centre sociaux","district_region":null,"departement_commune":null,"verifie":true,"name":"FOYER DES JEUNES AZITO VILLAGE","source":"Géoportail ANSTAT"}},{"type":"Feature","geometry":{"type":"Point","coordinates":[-4.073496999999975,5.334256000000039]},"properties":{"id":32930,"nom":"FOYER DES JEUNES DE YOPOUGON","type":"centre sociaux","district_region":null,"departement_commune":null,"verifie":true,"name":"FOYER DES JEUNES DE YOPOUGON","source":"Géoportail ANSTAT"}},{"type":"Feature","geometry":{"type":"Point","coordinates":[-4.032762999999932,5.353047000000061]},"properties":{"id":33110,"nom":"FOYER DES JEUNE ADJAME","type":"centre sociaux","district_region":null,"departement_commune":null,"verifie":true,"name":"FOYER DES JEUNE ADJAME","source":"Géoportail ANSTAT"}},{"type":"Feature","geometry":{"type":"Point","coordinates":[-3.985162999999943,5.307219000000032]},"properties":{"id":33158,"nom":"FOYER POLIVALENT DES JEUNE VICTOR AMAGOU","type":"centre sociaux","district_region":null,"departement_commune":null,"verifie":true,"name":"FOYER POLIVALENT DES JEUNE VICTOR AMAGOU","source":"Géoportail ANSTAT"}},{"type":"Feature","geometry":{"type":"Point","coordinates":[-4.040841999999941,5.321114000000023]},"properties":{"id":33204,"nom":"FOYER DES JEUNES DE JERUSALEM","type":"centre sociaux","district_region":null,"departement_commune":null,"verifie":true,"name":"FOYER DES JEUNES DE JERUSALEM","source":"Géoportail ANSTAT"}},{"type":"Feature","geometry":{"type":"Point","coordinates":[-4.032527999999957,5.35941200000002]},"properties":{"id":33214,"nom":"FOYER DES JEUNES AGBAN VILLAGE","type":"centre sociaux","district_region":null,"departement_commune":null,"verifie":true,"name":"FOYER DES JEUNES AGBAN VILLAGE","source":"Géoportail ANSTAT"}},{"type":"Feature","geometry":{"type":"Point","coordinates":[-4.04024899999996,5.347621000000061]},"properties":{"id":33236,"nom":"FOYER DES JEUNES","type":"centre sociaux","district_region":null,"departement_commune":null,"verifie":true,"name":"FOYER DES JEUNES","source":"Géoportail ANSTAT"}},{"type":"Feature","geometry":{"type":"Point","coordinates":[-3.941243999999926,5.312817000000052]},"properties":{"id":33253,"nom":"FOYER DES JEUNES CISSE CHEIK SALAH","type":"centre sociaux","district_region":null,"departement_commune":null,"verifie":true,"name":"FOYER DES JEUNES CISSE CHEIK SALAH","source":"Géoportail ANSTAT"}},{"type":"Feature","geometry":{"type":"Point","coordinates":[-3.86383799999993,5.274499000000048]},"properties":{"id":33426,"nom":"FOYER DES JEUNES DE PALMINDUSTRIE","type":"centre sociaux","district_region":null,"departement_commune":null,"verifie":true,"name":"FOYER DES JEUNES DE PALMINDUSTRIE","source":"Géoportail ANSTAT"}},{"type":"Feature","geometry":{"type":"Point","coordinates":[-3.848085999999967,5.28870500000005]},"properties":{"id":33474,"nom":"FOYER DES JEUNES DE MAFFIBLE","type":"centre sociaux","district_region":null,"departement_commune":null,"verifie":true,"name":"FOYER DES JEUNES DE MAFFIBLE","source":"Géoportail ANSTAT"}},{"type":"Feature","geometry":{"type":"Point","coordinates":[-3.847846999999945,5.270852000000048]},"properties":{"id":33476,"nom":"FOYER DES JEUNES","type":"centre sociaux","district_region":null,"departement_commune":null,"verifie":true,"name":"FOYER DES JEUNES","source":"Géoportail ANSTAT"}},{"type":"Feature","geometry":{"type":"Point","coordinates":[-3.908627999999965,5.247974000000056]},"properties":{"id":33548,"nom":"FOYER DES JEUNES","type":"centre sociaux","district_region":null,"departement_commune":null,"verifie":true,"name":"FOYER DES JEUNES","source":"Géoportail ANSTAT"}},{"type":"Feature","geometry":{"type":"Point","coordinates":[-3.911811999999941,5.242771000000062]},"properties":{"id":33549,"nom":"FOYER DES JEUNES DE JEAN FOLLY","type":"centre sociaux","district_region":null,"departement_commune":null,"verifie":true,"name":"FOYER DES JEUNES DE JEAN FOLLY","source":"Géoportail ANSTAT"}},{"type":"Feature","geometry":{"type":"Point","coordinates":[-4.059585999999967,5.443500000000029]},"properties":{"id":34002,"nom":"ONG BOUE CENTRE MEDICO SOCIAL","type":"centre sociaux","district_region":null,"departement_commune":null,"verifie":true,"name":"ONG BOUE CENTRE MEDICO SOCIAL","source":"Géoportail ANSTAT"}}],"metadata":{"dataset":"Centre sociaux — ANSTAT","source":"Géoportail ANSTAT","theme":"Social & Culture","verified":true,"apercu":"complet"}}