{"type":"FeatureCollection","features":[{"type":"Feature","geometry":{"type":"Point","coordinates":[-3.99833499999994,5.261290000000031]},"properties":{"id":44365,"nom":"LUBAFRIQUE","type":"station service","district_region":null,"departement_commune":null,"verifie":true,"name":"LUBAFRIQUE","source":"Géoportail ANSTAT"}},{"type":"Feature","geometry":{"type":"Point","coordinates":[-5.273242999999979,6.816245000000038]},"properties":{"id":44381,"nom":"STATION SHELL","type":"station service","district_region":null,"departement_commune":null,"verifie":true,"name":"STATION SHELL","source":"Géoportail ANSTAT"}},{"type":"Feature","geometry":{"type":"Point","coordinates":[-6.646732999999927,4.776899000000071]},"properties":{"id":44506,"nom":"0ILLIBYA","type":"station service","district_region":null,"departement_commune":null,"verifie":true,"name":"0ILLIBYA","source":"Géoportail ANSTAT"}},{"type":"Feature","geometry":{"type":"Point","coordinates":[-6.64340999999996,4.75615700000003]},"properties":{"id":44507,"nom":"AFRIQUIA","type":"station service","district_region":null,"departement_commune":null,"verifie":true,"name":"AFRIQUIA","source":"Géoportail ANSTAT"}},{"type":"Feature","geometry":{"type":"Point","coordinates":[-5.629584999999963,9.441072000000077]},"properties":{"id":44508,"nom":"AFRIQOIL","type":"station service","district_region":null,"departement_commune":null,"verifie":true,"name":"AFRIQOIL","source":"Géoportail ANSTAT"}},{"type":"Feature","geometry":{"type":"Point","coordinates":[-4.408661999999936,5.203312000000039]},"properties":{"id":44509,"nom":"AFRIQUIA","type":"station service","district_region":null,"departement_commune":null,"verifie":true,"name":"AFRIQUIA","source":"Géoportail ANSTAT"}},{"type":"Feature","geometry":{"type":"Point","coordinates":[-5.011031999999943,5.274312000000066]},"properties":{"id":44510,"nom":"AFRICAN PETROLEUM","type":"station service","district_region":null,"departement_commune":null,"verifie":true,"name":"AFRICAN PETROLEUM","source":"Géoportail ANSTAT"}},{"type":"Feature","geometry":{"type":"Point","coordinates":[-5.940701999999931,6.122243000000026]},"properties":{"id":44514,"nom":"AFRIQUIA","type":"station service","district_region":null,"departement_commune":null,"verifie":true,"name":"AFRIQUIA","source":"Géoportail ANSTAT"}},{"type":"Feature","geometry":{"type":"Point","coordinates":[-3.205507999999952,7.351121000000035]},"properties":{"id":44515,"nom":"AFRICAN PETROLEUM","type":"station service","district_region":null,"departement_commune":null,"verifie":true,"name":"AFRICAN PETROLEUM","source":"Géoportail ANSTAT"}},{"type":"Feature","geometry":{"type":"Point","coordinates":[-3.355725999999947,9.82570400000003]},"properties":{"id":44517,"nom":"AFRIQOIL","type":"station service","district_region":null,"departement_commune":null,"verifie":true,"name":"AFRIQOIL","source":"Géoportail ANSTAT"}},{"type":"Feature","geometry":{"type":"Point","coordinates":[-4.21885599999996,5.930198000000075]},"properties":{"id":44518,"nom":"AFRIQUIA","type":"station service","district_region":null,"departement_commune":null,"verifie":true,"name":"AFRIQUIA","source":"Géoportail ANSTAT"}},{"type":"Feature","geometry":{"type":"Point","coordinates":[-5.703877999999975,6.06791400000003]},"properties":{"id":44519,"nom":"AFRICAN PETROLEUM","type":"station service","district_region":null,"departement_commune":null,"verifie":true,"name":"AFRICAN PETROLEUM","source":"Géoportail ANSTAT"}},{"type":"Feature","geometry":{"type":"Point","coordinates":[-3.86239299999994,6.095050000000072]},"properties":{"id":44522,"nom":"AFRIQUIA","type":"station service","district_region":null,"departement_commune":null,"verifie":true,"name":"AFRIQUIA","source":"Géoportail ANSTAT"}},{"type":"Feature","geometry":{"type":"Point","coordinates":[-3.952467999999953,6.319878000000074]},"properties":{"id":44523,"nom":"AFRIAN PETROLIEUM","type":"station service","district_region":null,"departement_commune":null,"verifie":true,"name":"AFRIAN PETROLIEUM","source":"Géoportail ANSTAT"}},{"type":"Feature","geometry":{"type":"Point","coordinates":[-6.803522999999927,5.122247000000073]},"properties":{"id":44524,"nom":"ANDA OIL","type":"station service","district_region":null,"departement_commune":null,"verifie":true,"name":"ANDA OIL","source":"Géoportail ANSTAT"}},{"type":"Feature","geometry":{"type":"Point","coordinates":[-6.475491999999974,6.879887000000053]},"properties":{"id":44530,"nom":"ANCIENNE STATION CORLAY","type":"station service","district_region":null,"departement_commune":null,"verifie":true,"name":"ANCIENNE STATION CORLAY","source":"Géoportail ANSTAT"}},{"type":"Feature","geometry":{"type":"Point","coordinates":[-3.882348999999977,6.379440000000045]},"properties":{"id":44531,"nom":"AP AKOUPE","type":"station service","district_region":null,"departement_commune":null,"verifie":true,"name":"AP AKOUPE","source":"Géoportail ANSTAT"}},{"type":"Feature","geometry":{"type":"Point","coordinates":[-5.028533999999979,7.702031000000034]},"properties":{"id":44536,"nom":"ATATION TOTALE","type":"station service","district_region":null,"departement_commune":null,"verifie":true,"name":"ATATION TOTALE","source":"Géoportail ANSTAT"}},{"type":"Feature","geometry":{"type":"Point","coordinates":[-5.270762999999931,6.815068000000053]},"properties":{"id":44544,"nom":"SHELL FUELSAVE","type":"station service","district_region":null,"departement_commune":null,"verifie":true,"name":"SHELL FUELSAVE","source":"Géoportail ANSTAT"}},{"type":"Feature","geometry":{"type":"Point","coordinates":[-5.279260999999963,6.793836000000056]},"properties":{"id":44546,"nom":"STATION SERVICE","type":"station service","district_region":null,"departement_commune":null,"verifie":true,"name":"STATION SERVICE","source":"Géoportail ANSTAT"}},{"type":"Feature","geometry":{"type":"Point","coordinates":[-5.490770999999938,6.923401000000069]},"properties":{"id":44547,"nom":"STATION IVOIRE LUB","type":"station service","district_region":null,"departement_commune":null,"verifie":true,"name":"STATION IVOIRE LUB","source":"Géoportail ANSTAT"}},{"type":"Feature","geometry":{"type":"Point","coordinates":[-7.876458999999954,7.788651000000073]},"properties":{"id":44550,"nom":"CITERNE TOTAL","type":"station service","district_region":null,"departement_commune":null,"verifie":true,"name":"CITERNE TOTAL","source":"Géoportail ANSTAT"}},{"type":"Feature","geometry":{"type":"Point","coordinates":[-5.639740999999958,9.460997000000075]},"properties":{"id":44552,"nom":"CORLAY","type":"station service","district_region":null,"departement_commune":null,"verifie":true,"name":"CORLAY","source":"Géoportail ANSTAT"}},{"type":"Feature","geometry":{"type":"Point","coordinates":[-5.630079999999964,9.457374000000073]},"properties":{"id":44553,"nom":"CORLAY","type":"station service","district_region":null,"departement_commune":null,"verifie":true,"name":"CORLAY","source":"Géoportail ANSTAT"}},{"type":"Feature","geometry":{"type":"Point","coordinates":[-7.348539999999957,6.746591000000024]},"properties":{"id":44554,"nom":"CORLAY","type":"station service","district_region":null,"departement_commune":null,"verifie":true,"name":"CORLAY","source":"Géoportail ANSTAT"}},{"type":"Feature","geometry":{"type":"Point","coordinates":[-5.943621999999948,6.130180000000053]},"properties":{"id":44555,"nom":"CORLAY","type":"station service","district_region":null,"departement_commune":null,"verifie":true,"name":"CORLAY","source":"Géoportail ANSTAT"}},{"type":"Feature","geometry":{"type":"Point","coordinates":[-5.58513899999997,5.158514000000025]},"properties":{"id":44556,"nom":"CORLAY","type":"station service","district_region":null,"departement_commune":null,"verifie":true,"name":"CORLAY","source":"Géoportail ANSTAT"}},{"type":"Feature","geometry":{"type":"Point","coordinates":[-5.027350999999953,7.705369000000076]},"properties":{"id":44563,"nom":"CORLAY","type":"station service","district_region":null,"departement_commune":null,"verifie":true,"name":"CORLAY","source":"Géoportail ANSTAT"}},{"type":"Feature","geometry":{"type":"Point","coordinates":[-4.706489999999974,6.646314000000075]},"properties":{"id":47311,"nom":"CORLAY","type":"station service","district_region":null,"departement_commune":null,"verifie":true,"name":"CORLAY","source":"Géoportail ANSTAT"}},{"type":"Feature","geometry":{"type":"Point","coordinates":[-6.447905999999932,6.886655000000076]},"properties":{"id":47312,"nom":"CORLAY","type":"station service","district_region":null,"departement_commune":null,"verifie":true,"name":"CORLAY","source":"Géoportail ANSTAT"}},{"type":"Feature","geometry":{"type":"Point","coordinates":[-6.588909999999942,6.486656000000039]},"properties":{"id":52149,"nom":"CORLAY","type":"station service","district_region":null,"departement_commune":null,"verifie":true,"name":"CORLAY","source":"Géoportail ANSTAT"}},{"type":"Feature","geometry":{"type":"Point","coordinates":[-5.356858999999929,5.848028000000056]},"properties":{"id":55467,"nom":"CORLAY","type":"station service","district_region":null,"departement_commune":null,"verifie":true,"name":"CORLAY","source":"Géoportail ANSTAT"}},{"type":"Feature","geometry":{"type":"Point","coordinates":[-3.887388999999928,6.385808000000054]},"properties":{"id":55511,"nom":"CORLAY","type":"station service","district_region":null,"departement_commune":null,"verifie":true,"name":"CORLAY","source":"Géoportail ANSTAT"}},{"type":"Feature","geometry":{"type":"Point","coordinates":[-3.206327999999928,5.467825000000062]},"properties":{"id":55515,"nom":"CORLAY","type":"station service","district_region":null,"departement_commune":null,"verifie":true,"name":"CORLAY","source":"Géoportail ANSTAT"}},{"type":"Feature","geometry":{"type":"Point","coordinates":[-3.206260999999927,5.467629000000045]},"properties":{"id":55518,"nom":"CORLAY","type":"station service","district_region":null,"departement_commune":null,"verifie":true,"name":"CORLAY","source":"Géoportail ANSTAT"}},{"type":"Feature","geometry":{"type":"Point","coordinates":[-7.551772999999969,7.407950000000028]},"properties":{"id":55519,"nom":"CORLAY","type":"station service","district_region":null,"departement_commune":null,"verifie":true,"name":"CORLAY","source":"Géoportail ANSTAT"}},{"type":"Feature","geometry":{"type":"Point","coordinates":[-6.077068999999938,9.616591000000028]},"properties":{"id":55520,"nom":"DEPOT DE CARBURANT","type":"station service","district_region":null,"departement_commune":null,"verifie":true,"name":"DEPOT DE CARBURANT","source":"Géoportail ANSTAT"}},{"type":"Feature","geometry":{"type":"Point","coordinates":[-6.077457999999979,9.615422000000024]},"properties":{"id":55521,"nom":"DEPOT DE CARBURANT","type":"station service","district_region":null,"departement_commune":null,"verifie":true,"name":"DEPOT DE CARBURANT","source":"Géoportail ANSTAT"}},{"type":"Feature","geometry":{"type":"Point","coordinates":[-6.035245999999972,5.548936000000026]},"properties":{"id":55523,"nom":"DELTA OIL","type":"station service","district_region":null,"departement_commune":null,"verifie":true,"name":"DELTA OIL","source":"Géoportail ANSTAT"}},{"type":"Feature","geometry":{"type":"Point","coordinates":[-3.962535999999943,6.670716000000027]},"properties":{"id":55526,"nom":"DELTA OIL","type":"station service","district_region":null,"departement_commune":null,"verifie":true,"name":"DELTA OIL","source":"Géoportail ANSTAT"}},{"type":"Feature","geometry":{"type":"Point","coordinates":[-5.040012999999931,7.711509000000035]},"properties":{"id":55558,"nom":"DELTA OIL","type":"station service","district_region":null,"departement_commune":null,"verifie":true,"name":"DELTA OIL","source":"Géoportail ANSTAT"}},{"type":"Feature","geometry":{"type":"Point","coordinates":[-7.844520999999929,8.037428000000034]},"properties":{"id":55589,"nom":"DEPOT DE CARBURANT POUR LE GROUPE ELECTROGENE DU VILLAGE","type":"station service","district_region":null,"departement_commune":null,"verifie":true,"name":"DEPOT DE CARBURANT POUR LE GROUPE ELECTROGENE DU VILLAGE","source":"Géoportail ANSTAT"}},{"type":"Feature","geometry":{"type":"Point","coordinates":[-5.367387999999949,5.266802000000041]},"properties":{"id":55591,"nom":"DELTA OIL","type":"station service","district_region":null,"departement_commune":null,"verifie":true,"name":"DELTA OIL","source":"Géoportail ANSTAT"}},{"type":"Feature","geometry":{"type":"Point","coordinates":[-5.732698999999968,8.308108000000061]},"properties":{"id":55592,"nom":"DELTA OIL KAMORO","type":"station service","district_region":null,"departement_commune":null,"verifie":true,"name":"DELTA OIL KAMORO","source":"Géoportail ANSTAT"}},{"type":"Feature","geometry":{"type":"Point","coordinates":[-5.79966399999995,8.179374000000053]},"properties":{"id":55593,"nom":"DELTA OIL","type":"station service","district_region":null,"departement_commune":null,"verifie":true,"name":"DELTA OIL","source":"Géoportail ANSTAT"}},{"type":"Feature","geometry":{"type":"Point","coordinates":[-6.169040999999936,8.41533400000003]},"properties":{"id":55594,"nom":"DELTA OIL","type":"station service","district_region":null,"departement_commune":null,"verifie":true,"name":"DELTA OIL","source":"Géoportail ANSTAT"}},{"type":"Feature","geometry":{"type":"Point","coordinates":[-5.279596999999967,6.795594000000051]},"properties":{"id":55595,"nom":"DISTRICOM","type":"station service","district_region":null,"departement_commune":null,"verifie":true,"name":"DISTRICOM","source":"Géoportail ANSTAT"}},{"type":"Feature","geometry":{"type":"Point","coordinates":[-5.995660999999927,9.678573000000029]},"properties":{"id":55596,"nom":"DOCI","type":"station service","district_region":null,"departement_commune":null,"verifie":true,"name":"DOCI","source":"Géoportail ANSTAT"}},{"type":"Feature","geometry":{"type":"Point","coordinates":[-5.881699999999967,9.338202000000024]},"properties":{"id":55597,"nom":"DIVINE  OIL","type":"station service","district_region":null,"departement_commune":null,"verifie":true,"name":"DIVINE  OIL","source":"Géoportail ANSTAT"}},{"type":"Feature","geometry":{"type":"Point","coordinates":[-5.963717999999972,8.703192000000058]},"properties":{"id":55615,"nom":"DOCI","type":"station service","district_region":null,"departement_commune":null,"verifie":true,"name":"DOCI","source":"Géoportail ANSTAT"}},{"type":"Feature","geometry":{"type":"Point","coordinates":[-6.075309999999945,9.607480000000066]},"properties":{"id":55616,"nom":"DOCII DE NIOFOIN","type":"station service","district_region":null,"departement_commune":null,"verifie":true,"name":"DOCII DE NIOFOIN","source":"Géoportail ANSTAT"}},{"type":"Feature","geometry":{"type":"Point","coordinates":[-5.069120999999939,7.523414000000059]},"properties":{"id":55617,"nom":"DISTRICOM OIL","type":"station service","district_region":null,"departement_commune":null,"verifie":true,"name":"DISTRICOM OIL","source":"Géoportail ANSTAT"}},{"type":"Feature","geometry":{"type":"Point","coordinates":[-6.838445999999976,7.156587000000059]},"properties":{"id":55618,"nom":"DOCI","type":"station service","district_region":null,"departement_commune":null,"verifie":true,"name":"DOCI","source":"Géoportail ANSTAT"}},{"type":"Feature","geometry":{"type":"Point","coordinates":[-6.394638999999927,6.904148000000021]},"properties":{"id":55620,"nom":"DISTRICOM","type":"station service","district_region":null,"departement_commune":null,"verifie":true,"name":"DISTRICOM","source":"Géoportail ANSTAT"}},{"type":"Feature","geometry":{"type":"Point","coordinates":[-6.251721999999972,8.962729000000024]},"properties":{"id":55623,"nom":"DOCI","type":"station service","district_region":null,"departement_commune":null,"verifie":true,"name":"DOCI","source":"Géoportail ANSTAT"}},{"type":"Feature","geometry":{"type":"Point","coordinates":[-5.264468999999963,6.811782000000051]},"properties":{"id":55624,"nom":"PECTRO CI","type":"station service","district_region":null,"departement_commune":null,"verifie":true,"name":"PECTRO CI","source":"Géoportail ANSTAT"}},{"type":"Feature","geometry":{"type":"Point","coordinates":[-6.536937999999964,6.122660000000053]},"properties":{"id":55627,"nom":"EN CONSTRUCTION","type":"station service","district_region":null,"departement_commune":null,"verifie":true,"name":"EN CONSTRUCTION","source":"Géoportail ANSTAT"}},{"type":"Feature","geometry":{"type":"Point","coordinates":[-6.561542999999972,5.017163000000039]},"properties":{"id":55628,"nom":"ESSENCI","type":"station service","district_region":null,"departement_commune":null,"verifie":true,"name":"ESSENCI","source":"Géoportail ANSTAT"}},{"type":"Feature","geometry":{"type":"Point","coordinates":[-4.383060999999941,5.323461000000066]},"properties":{"id":55629,"nom":"ESSENCI","type":"station service","district_region":null,"departement_commune":null,"verifie":true,"name":"ESSENCI","source":"Géoportail ANSTAT"}},{"type":"Feature","geometry":{"type":"Point","coordinates":[-5.567040999999961,6.289647000000059]},"properties":{"id":55630,"nom":"ESSENCI","type":"station service","district_region":null,"departement_commune":null,"verifie":true,"name":"ESSENCI","source":"Géoportail ANSTAT"}},{"type":"Feature","geometry":{"type":"Point","coordinates":[-6.443607999999927,6.871973000000025]},"properties":{"id":55631,"nom":"ESSENCI","type":"station service","district_region":null,"departement_commune":null,"verifie":true,"name":"ESSENCI","source":"Géoportail ANSTAT"}},{"type":"Feature","geometry":{"type":"Point","coordinates":[-6.315450999999939,7.142076000000031]},"properties":{"id":55632,"nom":"EXCELLIUM","type":"station service","district_region":null,"departement_commune":null,"verifie":true,"name":"EXCELLIUM","source":"Géoportail ANSTAT"}},{"type":"Feature","geometry":{"type":"Point","coordinates":[-7.550026999999943,7.411170000000027]},"properties":{"id":55633,"nom":"EXCELLIUM","type":"station service","district_region":null,"departement_commune":null,"verifie":true,"name":"EXCELLIUM","source":"Géoportail ANSTAT"}},{"type":"Feature","geometry":{"type":"Point","coordinates":[-7.496721999999977,4.923828000000071]},"properties":{"id":55634,"nom":"GARAGE ET STATION ESSENCE","type":"station service","district_region":null,"departement_commune":null,"verifie":true,"name":"GARAGE ET STATION ESSENCE","source":"Géoportail ANSTAT"}},{"type":"Feature","geometry":{"type":"Point","coordinates":[-7.49100199999998,4.922349000000054]},"properties":{"id":55636,"nom":"GAZOIL","type":"station service","district_region":null,"departement_commune":null,"verifie":true,"name":"GAZOIL","source":"Géoportail ANSTAT"}},{"type":"Feature","geometry":{"type":"Point","coordinates":[-5.657628999999929,9.475801000000049]},"properties":{"id":55637,"nom":"GAS OIL DE COCODY","type":"station service","district_region":null,"departement_commune":null,"verifie":true,"name":"GAS OIL DE COCODY","source":"Géoportail ANSTAT"}},{"type":"Feature","geometry":{"type":"Point","coordinates":[-6.095308999999929,9.273046000000022]},"properties":{"id":55638,"nom":"GAS OIL","type":"station service","district_region":null,"departement_commune":null,"verifie":true,"name":"GAS OIL","source":"Géoportail ANSTAT"}},{"type":"Feature","geometry":{"type":"Point","coordinates":[-5.52751799999993,9.392293000000052]},"properties":{"id":55639,"nom":"GAS AND OIL","type":"station service","district_region":null,"departement_commune":null,"verifie":true,"name":"GAS AND OIL","source":"Géoportail ANSTAT"}},{"type":"Feature","geometry":{"type":"Point","coordinates":[-6.070045999999934,5.687603000000024]},"properties":{"id":55640,"nom":"GASOIL SUPER","type":"station service","district_region":null,"departement_commune":null,"verifie":true,"name":"GASOIL SUPER","source":"Géoportail ANSTAT"}},{"type":"Feature","geometry":{"type":"Point","coordinates":[-3.019859999999937,5.141765000000021]},"properties":{"id":55641,"nom":"GAS ET OIL","type":"station service","district_region":null,"departement_commune":null,"verifie":true,"name":"GAS ET OIL","source":"Géoportail ANSTAT"}},{"type":"Feature","geometry":{"type":"Point","coordinates":[-3.259650999999963,5.448663000000067]},"properties":{"id":55642,"nom":"GARZ ORS","type":"station service","district_region":null,"departement_commune":null,"verifie":true,"name":"GARZ ORS","source":"Géoportail ANSTAT"}},{"type":"Feature","geometry":{"type":"Point","coordinates":[-3.187885999999935,6.000688000000025]},"properties":{"id":55643,"nom":"GAS AND OIL","type":"station service","district_region":null,"departement_commune":null,"verifie":true,"name":"GAS AND OIL","source":"Géoportail ANSTAT"}},{"type":"Feature","geometry":{"type":"Point","coordinates":[-4.533745999999951,7.896730000000048]},"properties":{"id":55644,"nom":"GAS AND OIL","type":"station service","district_region":null,"departement_commune":null,"verifie":true,"name":"GAS AND OIL","source":"Géoportail ANSTAT"}},{"type":"Feature","geometry":{"type":"Point","coordinates":[-6.271285999999975,6.478966000000071]},"properties":{"id":55645,"nom":"IDC","type":"station service","district_region":null,"departement_commune":null,"verifie":true,"name":"IDC","source":"Géoportail ANSTAT"}},{"type":"Feature","geometry":{"type":"Point","coordinates":[-7.551218999999946,7.408710000000042]},"properties":{"id":55646,"nom":"IDC","type":"station service","district_region":null,"departement_commune":null,"verifie":true,"name":"IDC","source":"Géoportail ANSTAT"}},{"type":"Feature","geometry":{"type":"Point","coordinates":[-5.63063399999993,10.42711900000006]},"properties":{"id":55647,"nom":"IVOIRE PETROLEUM","type":"station service","district_region":null,"departement_commune":null,"verifie":true,"name":"IVOIRE PETROLEUM","source":"Géoportail ANSTAT"}},{"type":"Feature","geometry":{"type":"Point","coordinates":[-5.629342999999949,9.438726000000033]},"properties":{"id":55648,"nom":"IVOIRELUB","type":"station service","district_region":null,"departement_commune":null,"verifie":true,"name":"IVOIRELUB","source":"Géoportail ANSTAT"}},{"type":"Feature","geometry":{"type":"Point","coordinates":[-4.187169999999981,6.644405000000063]},"properties":{"id":55649,"nom":"IVOIRELUB","type":"station service","district_region":null,"departement_commune":null,"verifie":true,"name":"IVOIRELUB","source":"Géoportail ANSTAT"}},{"type":"Feature","geometry":{"type":"Point","coordinates":[-7.337658999999974,6.745151000000021]},"properties":{"id":55650,"nom":"IVOIRE PETROLEUM","type":"station service","district_region":null,"departement_commune":null,"verifie":true,"name":"IVOIRE PETROLEUM","source":"Géoportail ANSTAT"}},{"type":"Feature","geometry":{"type":"Point","coordinates":[-5.702964999999949,6.472497000000033]},"properties":{"id":55651,"nom":"IVOIRE WIN","type":"station service","district_region":null,"departement_commune":null,"verifie":true,"name":"IVOIRE WIN","source":"Géoportail ANSTAT"}},{"type":"Feature","geometry":{"type":"Point","coordinates":[-5.918446999999958,5.275282000000061]},"properties":{"id":55652,"nom":"IVOIRLUB","type":"station service","district_region":null,"departement_commune":null,"verifie":true,"name":"IVOIRLUB","source":"Géoportail ANSTAT"}},{"type":"Feature","geometry":{"type":"Point","coordinates":[-3.524269999999945,7.812836000000061]},"properties":{"id":55653,"nom":"IVOIRELUB DATEKRO","type":"station service","district_region":null,"departement_commune":null,"verifie":true,"name":"IVOIRELUB DATEKRO","source":"Géoportail ANSTAT"}},{"type":"Feature","geometry":{"type":"Point","coordinates":[-2.977349999999944,7.704228000000057]},"properties":{"id":55654,"nom":"IVOIRE LUB","type":"station service","district_region":null,"departement_commune":null,"verifie":true,"name":"IVOIRE LUB","source":"Géoportail ANSTAT"}},{"type":"Feature","geometry":{"type":"Point","coordinates":[-4.557430999999951,6.816765000000032]},"properties":{"id":55655,"nom":"IVOIRELUB","type":"station service","district_region":null,"departement_commune":null,"verifie":true,"name":"IVOIRELUB","source":"Géoportail ANSTAT"}},{"type":"Feature","geometry":{"type":"Point","coordinates":[-4.504428999999959,7.060324000000037]},"properties":{"id":55656,"nom":"IVOIRELUB","type":"station service","district_region":null,"departement_commune":null,"verifie":true,"name":"IVOIRELUB","source":"Géoportail ANSTAT"}},{"type":"Feature","geometry":{"type":"Point","coordinates":[-7.487749999999949,6.223177000000021]},"properties":{"id":55657,"nom":"IVOIRE GPL SA","type":"station service","district_region":null,"departement_commune":null,"verifie":true,"name":"IVOIRE GPL SA","source":"Géoportail ANSTAT"}},{"type":"Feature","geometry":{"type":"Point","coordinates":[-7.397311999999943,6.370663000000036]},"properties":{"id":55658,"nom":"IVOIRE WIN","type":"station service","district_region":null,"departement_commune":null,"verifie":true,"name":"IVOIRE WIN","source":"Géoportail ANSTAT"}},{"type":"Feature","geometry":{"type":"Point","coordinates":[-6.481075999999973,7.369264000000044]},"properties":{"id":55659,"nom":"IVOIRE GPL SOCIETE ANNONIME","type":"station service","district_region":null,"departement_commune":null,"verifie":true,"name":"IVOIRE GPL SOCIETE ANNONIME","source":"Géoportail ANSTAT"}},{"type":"Feature","geometry":{"type":"Point","coordinates":[-6.580447999999933,6.473415000000045]},"properties":{"id":55660,"nom":"IVOIRIENNE D HYDRAUCARBURE","type":"station service","district_region":null,"departement_commune":null,"verifie":true,"name":"IVOIRIENNE D HYDRAUCARBURE","source":"Géoportail ANSTAT"}},{"type":"Feature","geometry":{"type":"Point","coordinates":[-4.307894999999974,6.070279000000028]},"properties":{"id":55661,"nom":"IVOIRE PETROLEUM","type":"station service","district_region":null,"departement_commune":null,"verifie":true,"name":"IVOIRE PETROLEUM","source":"Géoportail ANSTAT"}},{"type":"Feature","geometry":{"type":"Point","coordinates":[-7.678826999999956,8.268697000000031]},"properties":{"id":55663,"nom":"IVOIRE PETROLEUM","type":"station service","district_region":null,"departement_commune":null,"verifie":true,"name":"IVOIRE PETROLEUM","source":"Géoportail ANSTAT"}},{"type":"Feature","geometry":{"type":"Point","coordinates":[-7.86912899999993,8.239502000000073]},"properties":{"id":55664,"nom":"IVOIRE GPR","type":"station service","district_region":null,"departement_commune":null,"verifie":true,"name":"IVOIRE GPR","source":"Géoportail ANSTAT"}},{"type":"Feature","geometry":{"type":"Point","coordinates":[-5.690323999999976,5.843007000000057]},"properties":{"id":55665,"nom":"IVOIRE WIN","type":"station service","district_region":null,"departement_commune":null,"verifie":true,"name":"IVOIRE WIN","source":"Géoportail ANSTAT"}},{"type":"Feature","geometry":{"type":"Point","coordinates":[-5.69028899999995,5.843079000000046]},"properties":{"id":55666,"nom":"IVOIRE WIN","type":"station service","district_region":null,"departement_commune":null,"verifie":true,"name":"IVOIRE WIN","source":"Géoportail ANSTAT"}},{"type":"Feature","geometry":{"type":"Point","coordinates":[-6.464346999999975,9.527185000000031]},"properties":{"id":55667,"nom":"IVOIRE PETROMUM","type":"station service","district_region":null,"departement_commune":null,"verifie":true,"name":"IVOIRE PETROMUM","source":"Géoportail ANSTAT"}},{"type":"Feature","geometry":{"type":"Point","coordinates":[-6.271100999999931,10.59732200000008]},"properties":{"id":55668,"nom":"IVOIRE PETROLUM","type":"station service","district_region":null,"departement_commune":null,"verifie":true,"name":"IVOIRE PETROLUM","source":"Géoportail ANSTAT"}},{"type":"Feature","geometry":{"type":"Point","coordinates":[-6.936599999999942,10.31289200000003]},"properties":{"id":55669,"nom":"IVOIRE PETROLEUM","type":"station service","district_region":null,"departement_commune":null,"verifie":true,"name":"IVOIRE PETROLEUM","source":"Géoportail ANSTAT"}},{"type":"Feature","geometry":{"type":"Point","coordinates":[-3.27848199999994,6.662562000000037]},"properties":{"id":55670,"nom":"IVOIRELUB","type":"station service","district_region":null,"departement_commune":null,"verifie":true,"name":"IVOIRELUB","source":"Géoportail ANSTAT"}},{"type":"Feature","geometry":{"type":"Point","coordinates":[-3.093510999999978,5.365722000000062]},"properties":{"id":55671,"nom":"IVOIRELUB","type":"station service","district_region":null,"departement_commune":null,"verifie":true,"name":"IVOIRELUB","source":"Géoportail ANSTAT"}},{"type":"Feature","geometry":{"type":"Point","coordinates":[-7.624001999999962,7.749145000000055]},"properties":{"id":55672,"nom":"IVOIRE GPL BIANKOUMA","type":"station service","district_region":null,"departement_commune":null,"verifie":true,"name":"IVOIRE GPL BIANKOUMA","source":"Géoportail ANSTAT"}},{"type":"Feature","geometry":{"type":"Point","coordinates":[-5.270555999999942,6.814445000000035]},"properties":{"id":55673,"nom":"STATION OILIBYA","type":"station service","district_region":null,"departement_commune":null,"verifie":true,"name":"STATION OILIBYA","source":"Géoportail ANSTAT"}},{"type":"Feature","geometry":{"type":"Point","coordinates":[-5.041895999999952,7.684232000000065]},"properties":{"id":55674,"nom":"LE TOTAL","type":"station service","district_region":null,"departement_commune":null,"verifie":true,"name":"LE TOTAL","source":"Géoportail ANSTAT"}},{"type":"Feature","geometry":{"type":"Point","coordinates":[-5.30088399999994,6.827934000000027]},"properties":{"id":55676,"nom":"SHELL","type":"station service","district_region":null,"departement_commune":null,"verifie":true,"name":"SHELL","source":"Géoportail ANSTAT"}},{"type":"Feature","geometry":{"type":"Point","coordinates":[-5.194022999999959,9.597733000000062]},"properties":{"id":55677,"nom":"OILIBYA","type":"station service","district_region":null,"departement_commune":null,"verifie":true,"name":"OILIBYA","source":"Géoportail ANSTAT"}},{"type":"Feature","geometry":{"type":"Point","coordinates":[-6.636992999999961,4.747729000000049]},"properties":{"id":55678,"nom":"OLIBYA","type":"station service","district_region":null,"departement_commune":null,"verifie":true,"name":"OLIBYA","source":"Géoportail ANSTAT"}},{"type":"Feature","geometry":{"type":"Point","coordinates":[-6.847127999999941,4.763484000000062]},"properties":{"id":55679,"nom":"OILIBYA","type":"station service","district_region":null,"departement_commune":null,"verifie":true,"name":"OILIBYA","source":"Géoportail ANSTAT"}},{"type":"Feature","geometry":{"type":"Point","coordinates":[-7.328157999999974,5.526974000000052]},"properties":{"id":55680,"nom":"OILIBYA","type":"station service","district_region":null,"departement_commune":null,"verifie":true,"name":"OILIBYA","source":"Géoportail ANSTAT"}},{"type":"Feature","geometry":{"type":"Point","coordinates":[-6.355151999999975,4.905879000000027]},"properties":{"id":55681,"nom":"OILIBYA","type":"station service","district_region":null,"departement_commune":null,"verifie":true,"name":"OILIBYA","source":"Géoportail ANSTAT"}},{"type":"Feature","geometry":{"type":"Point","coordinates":[-6.125279999999975,9.114333000000045]},"properties":{"id":55682,"nom":"NISSA","type":"station service","district_region":null,"departement_commune":null,"verifie":true,"name":"NISSA","source":"Géoportail ANSTAT"}},{"type":"Feature","geometry":{"type":"Point","coordinates":[-5.604301999999961,9.476513000000068]},"properties":{"id":55683,"nom":"NOUVELLE STATION ESSENCE","type":"station service","district_region":null,"departement_commune":null,"verifie":true,"name":"NOUVELLE STATION ESSENCE","source":"Géoportail ANSTAT"}},{"type":"Feature","geometry":{"type":"Point","coordinates":[-5.429274999999961,9.333350000000053]},"properties":{"id":55684,"nom":"NISSA","type":"station service","district_region":null,"departement_commune":null,"verifie":true,"name":"NISSA","source":"Géoportail ANSTAT"}},{"type":"Feature","geometry":{"type":"Point","coordinates":[-5.384210999999937,9.583320000000072]},"properties":{"id":55761,"nom":"OILIBYA","type":"station service","district_region":null,"departement_commune":null,"verifie":true,"name":"OILIBYA","source":"Géoportail ANSTAT"}},{"type":"Feature","geometry":{"type":"Point","coordinates":[-6.602028999999959,5.788804000000027]},"properties":{"id":55766,"nom":"OILIBYA","type":"station service","district_region":null,"departement_commune":null,"verifie":true,"name":"OILIBYA","source":"Géoportail ANSTAT"}},{"type":"Feature","geometry":{"type":"Point","coordinates":[-6.09022699999997,4.948984000000053]},"properties":{"id":55783,"nom":"OLA ENERGY","type":"station service","district_region":null,"departement_commune":null,"verifie":true,"name":"OLA ENERGY","source":"Géoportail ANSTAT"}},{"type":"Feature","geometry":{"type":"Point","coordinates":[-2.803619999999967,8.03814200000005]},"properties":{"id":55790,"nom":"NOUVELLE STATION","type":"station service","district_region":null,"departement_commune":null,"verifie":true,"name":"NOUVELLE STATION","source":"Géoportail ANSTAT"}},{"type":"Feature","geometry":{"type":"Point","coordinates":[-2.814192999999932,8.057542000000069]},"properties":{"id":55805,"nom":"OILIBYA","type":"station service","district_region":null,"departement_commune":null,"verifie":true,"name":"OILIBYA","source":"Géoportail ANSTAT"}},{"type":"Feature","geometry":{"type":"Point","coordinates":[-3.120788999999945,8.546081000000072]},"properties":{"id":55808,"nom":"NISSA SERVIVCE","type":"station service","district_region":null,"departement_commune":null,"verifie":true,"name":"NISSA SERVIVCE","source":"Géoportail ANSTAT"}},{"type":"Feature","geometry":{"type":"Point","coordinates":[-3.583013999999935,7.953909000000067]},"properties":{"id":55809,"nom":"NISSA SERVICE","type":"station service","district_region":null,"departement_commune":null,"verifie":true,"name":"NISSA SERVICE","source":"Géoportail ANSTAT"}},{"type":"Feature","geometry":{"type":"Point","coordinates":[-2.979535999999939,7.899616000000037]},"properties":{"id":55810,"nom":"OILIBYA","type":"station service","district_region":null,"departement_commune":null,"verifie":true,"name":"OILIBYA","source":"Géoportail ANSTAT"}},{"type":"Feature","geometry":{"type":"Point","coordinates":[-5.028238999999928,7.672488000000044]},"properties":{"id":55811,"nom":"OLA  ENERGYE","type":"station service","district_region":null,"departement_commune":null,"verifie":true,"name":"OLA  ENERGYE","source":"Géoportail ANSTAT"}},{"type":"Feature","geometry":{"type":"Point","coordinates":[-5.028257999999937,7.672495000000026]},"properties":{"id":55812,"nom":"OLA  ENERGYE","type":"station service","district_region":null,"departement_commune":null,"verifie":true,"name":"OLA  ENERGYE","source":"Géoportail ANSTAT"}},{"type":"Feature","geometry":{"type":"Point","coordinates":[-6.587850999999944,6.485003000000063]},"properties":{"id":55813,"nom":"OLIBYA","type":"station service","district_region":null,"departement_commune":null,"verifie":true,"name":"OLIBYA","source":"Géoportail ANSTAT"}},{"type":"Feature","geometry":{"type":"Point","coordinates":[-5.238027999999929,5.515414000000021]},"properties":{"id":55814,"nom":"OLIBYA","type":"station service","district_region":null,"departement_commune":null,"verifie":true,"name":"OLIBYA","source":"Géoportail ANSTAT"}},{"type":"Feature","geometry":{"type":"Point","coordinates":[-6.412590999999964,9.893126000000052]},"properties":{"id":55815,"nom":"OILIBYA","type":"station service","district_region":null,"departement_commune":null,"verifie":true,"name":"OILIBYA","source":"Géoportail ANSTAT"}},{"type":"Feature","geometry":{"type":"Point","coordinates":[-6.482676999999967,9.522731000000022]},"properties":{"id":55817,"nom":"OILIBYA","type":"station service","district_region":null,"departement_commune":null,"verifie":true,"name":"OILIBYA","source":"Géoportail ANSTAT"}},{"type":"Feature","geometry":{"type":"Point","coordinates":[-6.472337999999979,9.525764000000038]},"properties":{"id":55818,"nom":"OILIBYA","type":"station service","district_region":null,"departement_commune":null,"verifie":true,"name":"OILIBYA","source":"Géoportail ANSTAT"}},{"type":"Feature","geometry":{"type":"Point","coordinates":[-6.40582999999998,10.47038700000007]},"properties":{"id":55819,"nom":"OILOBYA","type":"station service","district_region":null,"departement_commune":null,"verifie":true,"name":"OILOBYA","source":"Géoportail ANSTAT"}},{"type":"Feature","geometry":{"type":"Point","coordinates":[-3.845783999999981,5.225261000000046]},"properties":{"id":55820,"nom":"OLA ENERGIE","type":"station service","district_region":null,"departement_commune":null,"verifie":true,"name":"OLA ENERGIE","source":"Géoportail ANSTAT"}},{"type":"Feature","geometry":{"type":"Point","coordinates":[-3.206974999999943,5.468584000000021]},"properties":{"id":55821,"nom":"OILIBYA","type":"station service","district_region":null,"departement_commune":null,"verifie":true,"name":"OILIBYA","source":"Géoportail ANSTAT"}},{"type":"Feature","geometry":{"type":"Point","coordinates":[-7.774799999999971,7.276771000000053]},"properties":{"id":55824,"nom":"OLIBYA","type":"station service","district_region":null,"departement_commune":null,"verifie":true,"name":"OLIBYA","source":"Géoportail ANSTAT"}},{"type":"Feature","geometry":{"type":"Point","coordinates":[-7.549853999999925,7.411735000000022]},"properties":{"id":55825,"nom":"OILIBYA","type":"station service","district_region":null,"departement_commune":null,"verifie":true,"name":"OILIBYA","source":"Géoportail ANSTAT"}},{"type":"Feature","geometry":{"type":"Point","coordinates":[-8.153624999999977,7.262606000000062]},"properties":{"id":55826,"nom":"OILIBYA","type":"station service","district_region":null,"departement_commune":null,"verifie":true,"name":"OILIBYA","source":"Géoportail ANSTAT"}},{"type":"Feature","geometry":{"type":"Point","coordinates":[-5.293381999999951,6.832762000000059]},"properties":{"id":55827,"nom":"PETROCI","type":"station service","district_region":null,"departement_commune":null,"verifie":true,"name":"PETROCI","source":"Géoportail ANSTAT"}},{"type":"Feature","geometry":{"type":"Point","coordinates":[-5.797076999999945,10.28573500000005]},"properties":{"id":55828,"nom":"ORYX ENERGIE DE MIBRIGUE","type":"station service","district_region":null,"departement_commune":null,"verifie":true,"name":"ORYX ENERGIE DE MIBRIGUE","source":"Géoportail ANSTAT"}},{"type":"Feature","geometry":{"type":"Point","coordinates":[-6.853163999999936,6.770249000000035]},"properties":{"id":55829,"nom":"ORLYBIA","type":"station service","district_region":null,"departement_commune":null,"verifie":true,"name":"ORLYBIA","source":"Géoportail ANSTAT"}},{"type":"Feature","geometry":{"type":"Point","coordinates":[-5.288602999999966,8.655097000000069]},"properties":{"id":55830,"nom":"ORYX","type":"station service","district_region":null,"departement_commune":null,"verifie":true,"name":"ORYX","source":"Géoportail ANSTAT"}},{"type":"Feature","geometry":{"type":"Point","coordinates":[-5.188746999999978,9.615402000000074]},"properties":{"id":55831,"nom":"PETRO IVOIRE","type":"station service","district_region":null,"departement_commune":null,"verifie":true,"name":"PETRO IVOIRE","source":"Géoportail ANSTAT"}},{"type":"Feature","geometry":{"type":"Point","coordinates":[-6.640108999999939,4.75289900000007]},"properties":{"id":55832,"nom":"PETRO CI","type":"station service","district_region":null,"departement_commune":null,"verifie":true,"name":"PETRO CI","source":"Géoportail ANSTAT"}},{"type":"Feature","geometry":{"type":"Point","coordinates":[-6.647196999999949,4.779571000000033]},"properties":{"id":55833,"nom":"PETRO IVOIRE","type":"station service","district_region":null,"departement_commune":null,"verifie":true,"name":"PETRO IVOIRE","source":"Géoportail ANSTAT"}},{"type":"Feature","geometry":{"type":"Point","coordinates":[-6.646913999999981,4.780317000000025]},"properties":{"id":55834,"nom":"PETROCI","type":"station service","district_region":null,"departement_commune":null,"verifie":true,"name":"PETROCI","source":"Géoportail ANSTAT"}},{"type":"Feature","geometry":{"type":"Point","coordinates":[-6.663111999999956,4.777423000000056]},"properties":{"id":55835,"nom":"PETRO IVOIRE","type":"station service","district_region":null,"departement_commune":null,"verifie":true,"name":"PETRO IVOIRE","source":"Géoportail ANSTAT"}},{"type":"Feature","geometry":{"type":"Point","coordinates":[-6.551167999999961,5.397170000000074]},"properties":{"id":55836,"nom":"PETRO IVOIRE","type":"station service","district_region":null,"departement_commune":null,"verifie":true,"name":"PETRO IVOIRE","source":"Géoportail ANSTAT"}},{"type":"Feature","geometry":{"type":"Point","coordinates":[-6.550787999999955,5.396736000000033]},"properties":{"id":55837,"nom":"PETROCI","type":"station service","district_region":null,"departement_commune":null,"verifie":true,"name":"PETROCI","source":"Géoportail ANSTAT"}},{"type":"Feature","geometry":{"type":"Point","coordinates":[-6.600608999999963,5.788843000000043]},"properties":{"id":55838,"nom":"PETRO IVOIRE","type":"station service","district_region":null,"departement_commune":null,"verifie":true,"name":"PETRO IVOIRE","source":"Géoportail ANSTAT"}},{"type":"Feature","geometry":{"type":"Point","coordinates":[-6.600677999999959,5.78879100000006]},"properties":{"id":55839,"nom":"PETRO IVOIRE","type":"station service","district_region":null,"departement_commune":null,"verifie":true,"name":"PETRO IVOIRE","source":"Géoportail ANSTAT"}},{"type":"Feature","geometry":{"type":"Point","coordinates":[-6.596043999999949,5.792498000000023]},"properties":{"id":55840,"nom":"PETRO IVOIRE","type":"station service","district_region":null,"departement_commune":null,"verifie":true,"name":"PETRO IVOIRE","source":"Géoportail ANSTAT"}},{"type":"Feature","geometry":{"type":"Point","coordinates":[-7.331586999999956,6.744560000000035]},"properties":{"id":55841,"nom":"PETRO IVOIRE","type":"station service","district_region":null,"departement_commune":null,"verifie":true,"name":"PETRO IVOIRE","source":"Géoportail ANSTAT"}},{"type":"Feature","geometry":{"type":"Point","coordinates":[-7.35196499999995,6.747951000000057]},"properties":{"id":55842,"nom":"PETROCI","type":"station service","district_region":null,"departement_commune":null,"verifie":true,"name":"PETROCI","source":"Géoportail ANSTAT"}},{"type":"Feature","geometry":{"type":"Point","coordinates":[-5.012937999999963,5.275660000000073]},"properties":{"id":55844,"nom":"PETRO IVOIRE","type":"station service","district_region":null,"departement_commune":null,"verifie":true,"name":"PETRO IVOIRE","source":"Géoportail ANSTAT"}},{"type":"Feature","geometry":{"type":"Point","coordinates":[-5.017733999999962,6.551171000000068]},"properties":{"id":55845,"nom":"PETRO IVOIRE","type":"station service","district_region":null,"departement_commune":null,"verifie":true,"name":"PETRO IVOIRE","source":"Géoportail ANSTAT"}},{"type":"Feature","geometry":{"type":"Point","coordinates":[-5.017729999999972,6.551041000000055]},"properties":{"id":55846,"nom":"PETRO IVOIRE","type":"station service","district_region":null,"departement_commune":null,"verifie":true,"name":"PETRO IVOIRE","source":"Géoportail ANSTAT"}},{"type":"Feature","geometry":{"type":"Point","coordinates":[-2.982174999999927,7.897599000000071]},"properties":{"id":55847,"nom":"PETROGAZ","type":"station service","district_region":null,"departement_commune":null,"verifie":true,"name":"PETROGAZ","source":"Géoportail ANSTAT"}},{"type":"Feature","geometry":{"type":"Point","coordinates":[-5.033410999999944,7.737920000000031]},"properties":{"id":55848,"nom":"PETRO IVOIRE","type":"station service","district_region":null,"departement_commune":null,"verifie":true,"name":"PETRO IVOIRE","source":"Géoportail ANSTAT"}},{"type":"Feature","geometry":{"type":"Point","coordinates":[-5.030105999999932,7.681844000000069]},"properties":{"id":55849,"nom":"PETRO IVOIRE","type":"station service","district_region":null,"departement_commune":null,"verifie":true,"name":"PETRO IVOIRE","source":"Géoportail ANSTAT"}},{"type":"Feature","geometry":{"type":"Point","coordinates":[-5.028110999999967,7.675731000000042]},"properties":{"id":55850,"nom":"PETRO IVOIRE","type":"station service","district_region":null,"departement_commune":null,"verifie":true,"name":"PETRO IVOIRE","source":"Géoportail ANSTAT"}},{"type":"Feature","geometry":{"type":"Point","coordinates":[-4.494131999999979,7.064030000000059]},"properties":{"id":55851,"nom":"PETRO IVOIRE","type":"station service","district_region":null,"departement_commune":null,"verifie":true,"name":"PETRO IVOIRE","source":"Géoportail ANSTAT"}},{"type":"Feature","geometry":{"type":"Point","coordinates":[-7.488145999999972,6.547761000000037]},"properties":{"id":55852,"nom":"PETRO MOB","type":"station service","district_region":null,"departement_commune":null,"verifie":true,"name":"PETRO MOB","source":"Géoportail ANSTAT"}},{"type":"Feature","geometry":{"type":"Point","coordinates":[-6.954655999999943,6.739932000000067]},"properties":{"id":55853,"nom":"PETROCI","type":"station service","district_region":null,"departement_commune":null,"verifie":true,"name":"PETROCI","source":"Géoportail ANSTAT"}},{"type":"Feature","geometry":{"type":"Point","coordinates":[-6.586184999999944,6.482420000000047]},"properties":{"id":55854,"nom":"PETROIVOIRE","type":"station service","district_region":null,"departement_commune":null,"verifie":true,"name":"PETROIVOIRE","source":"Géoportail ANSTAT"}},{"type":"Feature","geometry":{"type":"Point","coordinates":[-4.823328999999944,6.001970000000028]},"properties":{"id":55855,"nom":"PETROCI","type":"station service","district_region":null,"departement_commune":null,"verifie":true,"name":"PETROCI","source":"Géoportail ANSTAT"}},{"type":"Feature","geometry":{"type":"Point","coordinates":[-7.870140999999933,8.23929000000004]},"properties":{"id":55856,"nom":"PETRO IVOIRE","type":"station service","district_region":null,"departement_commune":null,"verifie":true,"name":"PETRO IVOIRE","source":"Géoportail ANSTAT"}},{"type":"Feature","geometry":{"type":"Point","coordinates":[-8.207153999999946,6.929988000000037]},"properties":{"id":55857,"nom":"PETRO IVOIRE","type":"station service","district_region":null,"departement_commune":null,"verifie":true,"name":"PETRO IVOIRE","source":"Géoportail ANSTAT"}},{"type":"Feature","geometry":{"type":"Point","coordinates":[-5.278743999999961,6.820941000000062]},"properties":{"id":55858,"nom":"CORLAY","type":"station service","district_region":null,"departement_commune":null,"verifie":true,"name":"CORLAY","source":"Géoportail ANSTAT"}},{"type":"Feature","geometry":{"type":"Point","coordinates":[-5.293980999999974,6.850107000000037]},"properties":{"id":55859,"nom":"DISTRICOM OIL","type":"station service","district_region":null,"departement_commune":null,"verifie":true,"name":"DISTRICOM OIL","source":"Géoportail ANSTAT"}},{"type":"Feature","geometry":{"type":"Point","coordinates":[-5.240416999999979,6.785895000000039]},"properties":{"id":55860,"nom":"STATION SHELL","type":"station service","district_region":null,"departement_commune":null,"verifie":true,"name":"STATION SHELL","source":"Géoportail ANSTAT"}},{"type":"Feature","geometry":{"type":"Point","coordinates":[-6.646913999999981,4.780909000000065]},"properties":{"id":55861,"nom":"PUMA","type":"station service","district_region":null,"departement_commune":null,"verifie":true,"name":"PUMA","source":"Géoportail ANSTAT"}},{"type":"Feature","geometry":{"type":"Point","coordinates":[-7.519263999999964,10.35502300000007]},"properties":{"id":55862,"nom":"RESERVOIR TOTAL","type":"station service","district_region":null,"departement_commune":null,"verifie":true,"name":"RESERVOIR TOTAL","source":"Géoportail ANSTAT"}},{"type":"Feature","geometry":{"type":"Point","coordinates":[-2.998767999999927,9.274702000000048]},"properties":{"id":55863,"nom":"SAD","type":"station service","district_region":null,"departement_commune":null,"verifie":true,"name":"SAD","source":"Géoportail ANSTAT"}},{"type":"Feature","geometry":{"type":"Point","coordinates":[-5.206330999999977,9.578219000000049]},"properties":{"id":55864,"nom":"SAM AGRO","type":"station service","district_region":null,"departement_commune":null,"verifie":true,"name":"SAM AGRO","source":"Géoportail ANSTAT"}},{"type":"Feature","geometry":{"type":"Point","coordinates":[-5.471919999999955,10.10905700000006]},"properties":{"id":55865,"nom":"SARA PETROLEUM","type":"station service","district_region":null,"departement_commune":null,"verifie":true,"name":"SARA PETROLEUM","source":"Géoportail ANSTAT"}},{"type":"Feature","geometry":{"type":"Point","coordinates":[-5.474806999999942,10.11085100000003]},"properties":{"id":55866,"nom":"SATATION SHELL","type":"station service","district_region":null,"departement_commune":null,"verifie":true,"name":"SATATION SHELL","source":"Géoportail ANSTAT"}},{"type":"Feature","geometry":{"type":"Point","coordinates":[-6.533380999999963,5.260547000000031]},"properties":{"id":55868,"nom":"SARA PETROLEUM","type":"station service","district_region":null,"departement_commune":null,"verifie":true,"name":"SARA PETROLEUM","source":"Géoportail ANSTAT"}},{"type":"Feature","geometry":{"type":"Point","coordinates":[-5.628637999999967,9.436436000000072]},"properties":{"id":55869,"nom":"SARA PETROLIUM","type":"station service","district_region":null,"departement_commune":null,"verifie":true,"name":"SARA PETROLIUM","source":"Géoportail ANSTAT"}},{"type":"Feature","geometry":{"type":"Point","coordinates":[-7.903785999999968,7.068873000000053]},"properties":{"id":55870,"nom":"SAPHYR DE ZEREGBO","type":"station service","district_region":null,"departement_commune":null,"verifie":true,"name":"SAPHYR DE ZEREGBO","source":"Géoportail ANSTAT"}},{"type":"Feature","geometry":{"type":"Point","coordinates":[-6.924263999999937,7.984498000000031]},"properties":{"id":55871,"nom":"SARA PETROLEUM","type":"station service","district_region":null,"departement_commune":null,"verifie":true,"name":"SARA PETROLEUM","source":"Géoportail ANSTAT"}},{"type":"Feature","geometry":{"type":"Point","coordinates":[-6.603980999999976,8.477689000000055]},"properties":{"id":55872,"nom":"SAM AGRO","type":"station service","district_region":null,"departement_commune":null,"verifie":true,"name":"SAM AGRO","source":"Géoportail ANSTAT"}},{"type":"Feature","geometry":{"type":"Point","coordinates":[-6.665643999999929,7.952684000000033]},"properties":{"id":55874,"nom":"SARA PETROLEUM","type":"station service","district_region":null,"departement_commune":null,"verifie":true,"name":"SARA PETROLEUM","source":"Géoportail ANSTAT"}},{"type":"Feature","geometry":{"type":"Point","coordinates":[-6.041912999999965,6.927366000000063]},"properties":{"id":55875,"nom":"SAPE","type":"station service","district_region":null,"departement_commune":null,"verifie":true,"name":"SAPE","source":"Géoportail ANSTAT"}},{"type":"Feature","geometry":{"type":"Point","coordinates":[-5.597087999999928,6.655024000000026]},"properties":{"id":55876,"nom":"SARA PETROLEUM","type":"station service","district_region":null,"departement_commune":null,"verifie":true,"name":"SARA PETROLEUM","source":"Géoportail ANSTAT"}},{"type":"Feature","geometry":{"type":"Point","coordinates":[-5.509923999999955,6.725721000000021]},"properties":{"id":55877,"nom":"SARAPETROLEUM","type":"station service","district_region":null,"departement_commune":null,"verifie":true,"name":"SARAPETROLEUM","source":"Géoportail ANSTAT"}},{"type":"Feature","geometry":{"type":"Point","coordinates":[-5.027515999999935,7.667675000000031]},"properties":{"id":55878,"nom":"SAMO SARL","type":"station service","district_region":null,"departement_commune":null,"verifie":true,"name":"SAMO SARL","source":"Géoportail ANSTAT"}},{"type":"Feature","geometry":{"type":"Point","coordinates":[-5.311367999999959,7.849671000000058]},"properties":{"id":55879,"nom":"SARA PETROLEUM","type":"station service","district_region":null,"departement_commune":null,"verifie":true,"name":"SARA PETROLEUM","source":"Géoportail ANSTAT"}},{"type":"Feature","geometry":{"type":"Point","coordinates":[-6.480462999999929,7.381168000000059]},"properties":{"id":55881,"nom":"SAM AGRO","type":"station service","district_region":null,"departement_commune":null,"verifie":true,"name":"SAM AGRO","source":"Géoportail ANSTAT"}},{"type":"Feature","geometry":{"type":"Point","coordinates":[-6.152273999999977,6.671537000000058]},"properties":{"id":55882,"nom":"SARA PETROLEUM","type":"station service","district_region":null,"departement_commune":null,"verifie":true,"name":"SARA PETROLEUM","source":"Géoportail ANSTAT"}},{"type":"Feature","geometry":{"type":"Point","coordinates":[-6.457736999999952,6.884919000000025]},"properties":{"id":55883,"nom":"SARA PETROLEUM","type":"station service","district_region":null,"departement_commune":null,"verifie":true,"name":"SARA PETROLEUM","source":"Géoportail ANSTAT"}},{"type":"Feature","geometry":{"type":"Point","coordinates":[-7.671838999999977,8.292316000000028]},"properties":{"id":55884,"nom":"SATATION","type":"station service","district_region":null,"departement_commune":null,"verifie":true,"name":"SATATION","source":"Géoportail ANSTAT"}},{"type":"Feature","geometry":{"type":"Point","coordinates":[-6.407075999999961,10.48091700000003]},"properties":{"id":55885,"nom":"SATATION TOTAL","type":"station service","district_region":null,"departement_commune":null,"verifie":true,"name":"SATATION TOTAL","source":"Géoportail ANSTAT"}},{"type":"Feature","geometry":{"type":"Point","coordinates":[-6.257458999999926,8.773546000000067]},"properties":{"id":55886,"nom":"SATAR OIL","type":"station service","district_region":null,"departement_commune":null,"verifie":true,"name":"SATAR OIL","source":"Géoportail ANSTAT"}},{"type":"Feature","geometry":{"type":"Point","coordinates":[-7.832321999999976,10.19960400000002]},"properties":{"id":55887,"nom":"SATATION SIP","type":"station service","district_region":null,"departement_commune":null,"verifie":true,"name":"SATATION SIP","source":"Géoportail ANSTAT"}},{"type":"Feature","geometry":{"type":"Point","coordinates":[-3.201526999999942,7.128401000000054]},"properties":{"id":55888,"nom":"SATTION SHELL","type":"station service","district_region":null,"departement_commune":null,"verifie":true,"name":"SATTION SHELL","source":"Géoportail ANSTAT"}},{"type":"Feature","geometry":{"type":"Point","coordinates":[-7.563312999999937,9.48713900000007]},"properties":{"id":55889,"nom":"SARA PETROLEUM","type":"station service","district_region":null,"departement_commune":null,"verifie":true,"name":"SARA PETROLEUM","source":"Géoportail ANSTAT"}},{"type":"Feature","geometry":{"type":"Point","coordinates":[-7.235470999999961,8.974605000000054]},"properties":{"id":55894,"nom":"SATATION CL","type":"station service","district_region":null,"departement_commune":null,"verifie":true,"name":"SATATION CL","source":"Géoportail ANSTAT"}},{"type":"Feature","geometry":{"type":"Point","coordinates":[-7.562453999999946,9.825405000000046]},"properties":{"id":55898,"nom":"SARA PETROLEUM","type":"station service","district_region":null,"departement_commune":null,"verifie":true,"name":"SARA PETROLEUM","source":"Géoportail ANSTAT"}},{"type":"Feature","geometry":{"type":"Point","coordinates":[-3.657494999999926,6.182173000000034]},"properties":{"id":55899,"nom":"SATION IP","type":"station service","district_region":null,"departement_commune":null,"verifie":true,"name":"SATION IP","source":"Géoportail ANSTAT"}},{"type":"Feature","geometry":{"type":"Point","coordinates":[-3.158134999999959,5.606984000000068]},"properties":{"id":55900,"nom":"SARA PETROLEUM","type":"station service","district_region":null,"departement_commune":null,"verifie":true,"name":"SARA PETROLEUM","source":"Géoportail ANSTAT"}},{"type":"Feature","geometry":{"type":"Point","coordinates":[-7.556823999999949,7.416521000000046]},"properties":{"id":55901,"nom":"SARA PETROLEUM","type":"station service","district_region":null,"departement_commune":null,"verifie":true,"name":"SARA PETROLEUM","source":"Géoportail ANSTAT"}},{"type":"Feature","geometry":{"type":"Point","coordinates":[-5.286850999999956,6.824582000000021]},"properties":{"id":55902,"nom":"STATION PETRO IVOIRE","type":"station service","district_region":null,"departement_commune":null,"verifie":true,"name":"STATION PETRO IVOIRE","source":"Géoportail ANSTAT"}},{"type":"Feature","geometry":{"type":"Point","coordinates":[-5.447627999999952,10.31760500000007]},"properties":{"id":55903,"nom":"SIFO ENERGIE","type":"station service","district_region":null,"departement_commune":null,"verifie":true,"name":"SIFO ENERGIE","source":"Géoportail ANSTAT"}},{"type":"Feature","geometry":{"type":"Point","coordinates":[-5.195327999999961,9.596095000000048]},"properties":{"id":55904,"nom":"SHELL","type":"station service","district_region":null,"departement_commune":null,"verifie":true,"name":"SHELL","source":"Géoportail ANSTAT"}},{"type":"Feature","geometry":{"type":"Point","coordinates":[-5.194819999999936,9.597026000000028]},"properties":{"id":55906,"nom":"SHELL","type":"station service","district_region":null,"departement_commune":null,"verifie":true,"name":"SHELL","source":"Géoportail ANSTAT"}},{"type":"Feature","geometry":{"type":"Point","coordinates":[-5.194308999999976,9.59777500000007]},"properties":{"id":55907,"nom":"SHELL","type":"station service","district_region":null,"departement_commune":null,"verifie":true,"name":"SHELL","source":"Géoportail ANSTAT"}},{"type":"Feature","geometry":{"type":"Point","coordinates":[-6.64670099999995,4.779239000000075]},"properties":{"id":55908,"nom":"SHEL","type":"station service","district_region":null,"departement_commune":null,"verifie":true,"name":"SHEL","source":"Géoportail ANSTAT"}},{"type":"Feature","geometry":{"type":"Point","coordinates":[-6.647168999999963,4.779400000000066]},"properties":{"id":55909,"nom":"SHELL","type":"station service","district_region":null,"departement_commune":null,"verifie":true,"name":"SHELL","source":"Géoportail ANSTAT"}},{"type":"Feature","geometry":{"type":"Point","coordinates":[-6.642000999999937,4.755096000000037]},"properties":{"id":55910,"nom":"SHELL","type":"station service","district_region":null,"departement_commune":null,"verifie":true,"name":"SHELL","source":"Géoportail ANSTAT"}},{"type":"Feature","geometry":{"type":"Point","coordinates":[-6.651351999999974,4.778391000000056]},"properties":{"id":55911,"nom":"SHELL","type":"station service","district_region":null,"departement_commune":null,"verifie":true,"name":"SHELL","source":"Géoportail ANSTAT"}},{"type":"Feature","geometry":{"type":"Point","coordinates":[-6.684861999999953,4.761803000000043]},"properties":{"id":55913,"nom":"SHELL","type":"station service","district_region":null,"departement_commune":null,"verifie":true,"name":"SHELL","source":"Géoportail ANSTAT"}},{"type":"Feature","geometry":{"type":"Point","coordinates":[-6.561591999999962,5.015924000000041]},"properties":{"id":55914,"nom":"SHELL","type":"station service","district_region":null,"departement_commune":null,"verifie":true,"name":"SHELL","source":"Géoportail ANSTAT"}},{"type":"Feature","geometry":{"type":"Point","coordinates":[-6.843363999999951,4.764045000000067]},"properties":{"id":55916,"nom":"SHEL","type":"station service","district_region":null,"departement_commune":null,"verifie":true,"name":"SHEL","source":"Géoportail ANSTAT"}},{"type":"Feature","geometry":{"type":"Point","coordinates":[-7.080190999999957,4.669320000000027]},"properties":{"id":55917,"nom":"SHELL","type":"station service","district_region":null,"departement_commune":null,"verifie":true,"name":"SHELL","source":"Géoportail ANSTAT"}},{"type":"Feature","geometry":{"type":"Point","coordinates":[-5.631305999999938,9.364235000000065]},"properties":{"id":55921,"nom":"SHELL","type":"station service","district_region":null,"departement_commune":null,"verifie":true,"name":"SHELL","source":"Géoportail ANSTAT"}},{"type":"Feature","geometry":{"type":"Point","coordinates":[-5.620401999999956,9.466553000000031]},"properties":{"id":55922,"nom":"SHELL","type":"station service","district_region":null,"departement_commune":null,"verifie":true,"name":"SHELL","source":"Géoportail ANSTAT"}},{"type":"Feature","geometry":{"type":"Point","coordinates":[-5.630171999999959,9.457742000000051]},"properties":{"id":55923,"nom":"SHELL","type":"station service","district_region":null,"departement_commune":null,"verifie":true,"name":"SHELL","source":"Géoportail ANSTAT"}},{"type":"Feature","geometry":{"type":"Point","coordinates":[-5.712918999999943,9.23166500000002]},"properties":{"id":55924,"nom":"SIFO ENERGIE","type":"station service","district_region":null,"departement_commune":null,"verifie":true,"name":"SIFO ENERGIE","source":"Géoportail ANSTAT"}},{"type":"Feature","geometry":{"type":"Point","coordinates":[-6.593262999999979,5.576111000000026]},"properties":{"id":55925,"nom":"SHELL","type":"station service","district_region":null,"departement_commune":null,"verifie":true,"name":"SHELL","source":"Géoportail ANSTAT"}},{"type":"Feature","geometry":{"type":"Point","coordinates":[-6.561392999999953,5.416105000000073]},"properties":{"id":55926,"nom":"SHELL","type":"station service","district_region":null,"departement_commune":null,"verifie":true,"name":"SHELL","source":"Géoportail ANSTAT"}},{"type":"Feature","geometry":{"type":"Point","coordinates":[-6.601155999999946,5.788626000000022]},"properties":{"id":55927,"nom":"SHEL","type":"station service","district_region":null,"departement_commune":null,"verifie":true,"name":"SHEL","source":"Géoportail ANSTAT"}},{"type":"Feature","geometry":{"type":"Point","coordinates":[-7.345608999999968,6.745735000000025]},"properties":{"id":55928,"nom":"SHELL","type":"station service","district_region":null,"departement_commune":null,"verifie":true,"name":"SHELL","source":"Géoportail ANSTAT"}},{"type":"Feature","geometry":{"type":"Point","coordinates":[-5.004523999999947,5.261106000000041]},"properties":{"id":55929,"nom":"SHELL","type":"station service","district_region":null,"departement_commune":null,"verifie":true,"name":"SHELL","source":"Géoportail ANSTAT"}},{"type":"Feature","geometry":{"type":"Point","coordinates":[-4.383223999999927,5.323988000000043]},"properties":{"id":55930,"nom":"SHELL","type":"station service","district_region":null,"departement_commune":null,"verifie":true,"name":"SHELL","source":"Géoportail ANSTAT"}},{"type":"Feature","geometry":{"type":"Point","coordinates":[-5.946308999999928,6.127016000000026]},"properties":{"id":55931,"nom":"SHELL","type":"station service","district_region":null,"departement_commune":null,"verifie":true,"name":"SHELL","source":"Géoportail ANSTAT"}},{"type":"Feature","geometry":{"type":"Point","coordinates":[-5.018109999999979,6.556957000000068]},"properties":{"id":55932,"nom":"SHELL","type":"station service","district_region":null,"departement_commune":null,"verifie":true,"name":"SHELL","source":"Géoportail ANSTAT"}},{"type":"Feature","geometry":{"type":"Point","coordinates":[-5.223984999999971,7.15943900000002]},"properties":{"id":55933,"nom":"SHELL","type":"station service","district_region":null,"departement_commune":null,"verifie":true,"name":"SHELL","source":"Géoportail ANSTAT"}},{"type":"Feature","geometry":{"type":"Point","coordinates":[-4.89564699999994,7.129012000000046]},"properties":{"id":55934,"nom":"SIFO ENERGIE","type":"station service","district_region":null,"departement_commune":null,"verifie":true,"name":"SIFO ENERGIE","source":"Géoportail ANSTAT"}},{"type":"Feature","geometry":{"type":"Point","coordinates":[-3.166908999999976,7.801299000000029]},"properties":{"id":55935,"nom":"SHELL","type":"station service","district_region":null,"departement_commune":null,"verifie":true,"name":"SHELL","source":"Géoportail ANSTAT"}},{"type":"Feature","geometry":{"type":"Point","coordinates":[-6.669905999999969,7.960140000000024]},"properties":{"id":55936,"nom":"SHELL","type":"station service","district_region":null,"departement_commune":null,"verifie":true,"name":"SHELL","source":"Géoportail ANSTAT"}},{"type":"Feature","geometry":{"type":"Point","coordinates":[-6.061468999999931,6.925557000000026]},"properties":{"id":55937,"nom":"SIFO ENERGIE","type":"station service","district_region":null,"departement_commune":null,"verifie":true,"name":"SIFO ENERGIE","source":"Géoportail ANSTAT"}},{"type":"Feature","geometry":{"type":"Point","coordinates":[-5.032518999999979,7.683261000000073]},"properties":{"id":55938,"nom":"SHELL","type":"station service","district_region":null,"departement_commune":null,"verifie":true,"name":"SHELL","source":"Géoportail ANSTAT"}},{"type":"Feature","geometry":{"type":"Point","coordinates":[-5.026602999999966,7.686717000000044]},"properties":{"id":55939,"nom":"SHELL","type":"station service","district_region":null,"departement_commune":null,"verifie":true,"name":"SHELL","source":"Géoportail ANSTAT"}},{"type":"Feature","geometry":{"type":"Point","coordinates":[-4.741758999999945,6.656809000000067]},"properties":{"id":55940,"nom":"SHELL FUELSAVE","type":"station service","district_region":null,"departement_commune":null,"verifie":true,"name":"SHELL FUELSAVE","source":"Géoportail ANSTAT"}},{"type":"Feature","geometry":{"type":"Point","coordinates":[-6.480558999999971,7.373259000000076]},"properties":{"id":55941,"nom":"SHELL","type":"station service","district_region":null,"departement_commune":null,"verifie":true,"name":"SHELL","source":"Géoportail ANSTAT"}},{"type":"Feature","geometry":{"type":"Point","coordinates":[-6.449268999999958,6.887119000000041]},"properties":{"id":55943,"nom":"SHELL ADVANCE","type":"station service","district_region":null,"departement_commune":null,"verifie":true,"name":"SHELL ADVANCE","source":"Géoportail ANSTAT"}},{"type":"Feature","geometry":{"type":"Point","coordinates":[-6.846688999999969,6.551106000000061]},"properties":{"id":55944,"nom":"SHEII","type":"station service","district_region":null,"departement_commune":null,"verifie":true,"name":"SHEII","source":"Géoportail ANSTAT"}},{"type":"Feature","geometry":{"type":"Point","coordinates":[-5.06983299999996,6.266632000000072]},"properties":{"id":55945,"nom":"SHELL","type":"station service","district_region":null,"departement_commune":null,"verifie":true,"name":"SHELL","source":"Géoportail ANSTAT"}},{"type":"Feature","geometry":{"type":"Point","coordinates":[-5.972370999999953,5.714088000000061]},"properties":{"id":55946,"nom":"SIFO ENERGIE","type":"station service","district_region":null,"departement_commune":null,"verifie":true,"name":"SIFO ENERGIE","source":"Géoportail ANSTAT"}},{"type":"Feature","geometry":{"type":"Point","coordinates":[-6.323246999999981,9.520721000000036]},"properties":{"id":55947,"nom":"SIFO ENERGIE","type":"station service","district_region":null,"departement_commune":null,"verifie":true,"name":"SIFO ENERGIE","source":"Géoportail ANSTAT"}},{"type":"Feature","geometry":{"type":"Point","coordinates":[-6.43616899999995,10.30105100000003]},"properties":{"id":55948,"nom":"SIFO ENERGIE","type":"station service","district_region":null,"departement_commune":null,"verifie":true,"name":"SIFO ENERGIE","source":"Géoportail ANSTAT"}},{"type":"Feature","geometry":{"type":"Point","coordinates":[-7.417788999999971,8.864717000000041]},"properties":{"id":55949,"nom":"SHELL","type":"station service","district_region":null,"departement_commune":null,"verifie":true,"name":"SHELL","source":"Géoportail ANSTAT"}},{"type":"Feature","geometry":{"type":"Point","coordinates":[-3.859826999999939,6.099326000000076]},"properties":{"id":55950,"nom":"SHELL","type":"station service","district_region":null,"departement_commune":null,"verifie":true,"name":"SHELL","source":"Géoportail ANSTAT"}},{"type":"Feature","geometry":{"type":"Point","coordinates":[-5.161704999999927,9.069892000000038]},"properties":{"id":55951,"nom":"SHELL","type":"station service","district_region":null,"departement_commune":null,"verifie":true,"name":"SHELL","source":"Géoportail ANSTAT"}},{"type":"Feature","geometry":{"type":"Point","coordinates":[-5.101489999999956,8.140484000000072]},"properties":{"id":55953,"nom":"SHELL","type":"station service","district_region":null,"departement_commune":null,"verifie":true,"name":"SHELL","source":"Géoportail ANSTAT"}},{"type":"Feature","geometry":{"type":"Point","coordinates":[-7.551255999999967,7.409554000000071]},"properties":{"id":55954,"nom":"SHELL","type":"station service","district_region":null,"departement_commune":null,"verifie":true,"name":"SHELL","source":"Géoportail ANSTAT"}},{"type":"Feature","geometry":{"type":"Point","coordinates":[-7.550914999999975,7.408677000000068]},"properties":{"id":55956,"nom":"SHELL","type":"station service","district_region":null,"departement_commune":null,"verifie":true,"name":"SHELL","source":"Géoportail ANSTAT"}},{"type":"Feature","geometry":{"type":"Point","coordinates":[-7.549377999999933,7.411918000000071]},"properties":{"id":55957,"nom":"SHELL","type":"station service","district_region":null,"departement_commune":null,"verifie":true,"name":"SHELL","source":"Géoportail ANSTAT"}},{"type":"Feature","geometry":{"type":"Point","coordinates":[-7.50914599999993,6.542918000000043]},"properties":{"id":55958,"nom":"SOCIETE IVOIRIENNE DE PETROLE ET DE GAZ DE PETROLE LIQUEFIEES","type":"station service","district_region":null,"departement_commune":null,"verifie":true,"name":"SOCIETE IVOIRIENNE DE PETROLE ET DE GAZ DE PETROLE LIQUEFIEES","source":"Géoportail ANSTAT"}},{"type":"Feature","geometry":{"type":"Point","coordinates":[-4.763432999999964,5.864905000000022]},"properties":{"id":55959,"nom":"SOCIETE AFRICAINE DES PRODUITS PETROLIERS SAPE","type":"station service","district_region":null,"departement_commune":null,"verifie":true,"name":"SOCIETE AFRICAINE DES PRODUITS PETROLIERS SAPE","source":"Géoportail ANSTAT"}},{"type":"Feature","geometry":{"type":"Point","coordinates":[-3.321541999999965,6.236857000000043]},"properties":{"id":55960,"nom":"SOCIETE IVOIRIENNE DE PETROLE","type":"station service","district_region":null,"departement_commune":null,"verifie":true,"name":"SOCIETE IVOIRIENNE DE PETROLE","source":"Géoportail ANSTAT"}},{"type":"Feature","geometry":{"type":"Point","coordinates":[-3.664293999999927,6.185057000000029]},"properties":{"id":55961,"nom":"SOGEL CI","type":"station service","district_region":null,"departement_commune":null,"verifie":true,"name":"SOGEL CI","source":"Géoportail ANSTAT"}},{"type":"Feature","geometry":{"type":"Point","coordinates":[-3.992163999999946,7.645914000000062]},"properties":{"id":55962,"nom":"SOCIETE ATLANTIQUE DISTRIBUTION","type":"station service","district_region":null,"departement_commune":null,"verifie":true,"name":"SOCIETE ATLANTIQUE DISTRIBUTION","source":"Géoportail ANSTAT"}},{"type":"Feature","geometry":{"type":"Point","coordinates":[-5.610510999999974,9.425080000000037]},"properties":{"id":55963,"nom":"STAR  OIL  ROUTE  AEREOPORT","type":"station service","district_region":null,"departement_commune":null,"verifie":true,"name":"STAR  OIL  ROUTE  AEREOPORT","source":"Géoportail ANSTAT"}},{"type":"Feature","geometry":{"type":"Point","coordinates":[-5.638492999999926,9.479388000000029]},"properties":{"id":55964,"nom":"STAR OIL","type":"station service","district_region":null,"departement_commune":null,"verifie":true,"name":"STAR OIL","source":"Géoportail ANSTAT"}},{"type":"Feature","geometry":{"type":"Point","coordinates":[-5.901062999999965,8.79689600000006]},"properties":{"id":55965,"nom":"STAR OIL","type":"station service","district_region":null,"departement_commune":null,"verifie":true,"name":"STAR OIL","source":"Géoportail ANSTAT"}},{"type":"Feature","geometry":{"type":"Point","coordinates":[-5.772325999999964,9.067068000000065]},"properties":{"id":55966,"nom":"STAR OIL","type":"station service","district_region":null,"departement_commune":null,"verifie":true,"name":"STAR OIL","source":"Géoportail ANSTAT"}},{"type":"Feature","geometry":{"type":"Point","coordinates":[-5.344038999999952,5.124350000000049]},"properties":{"id":55967,"nom":"SPRESS","type":"station service","district_region":null,"departement_commune":null,"verifie":true,"name":"SPRESS","source":"Géoportail ANSTAT"}},{"type":"Feature","geometry":{"type":"Point","coordinates":[-2.809056999999939,8.028671000000031]},"properties":{"id":55968,"nom":"STAR OIL","type":"station service","district_region":null,"departement_commune":null,"verifie":true,"name":"STAR OIL","source":"Géoportail ANSTAT"}},{"type":"Feature","geometry":{"type":"Point","coordinates":[-5.039808999999934,7.72310600000003]},"properties":{"id":55969,"nom":"STAR OIL","type":"station service","district_region":null,"departement_commune":null,"verifie":true,"name":"STAR OIL","source":"Géoportail ANSTAT"}},{"type":"Feature","geometry":{"type":"Point","coordinates":[-5.308758999999952,7.849704000000031]},"properties":{"id":55971,"nom":"STAR OIL","type":"station service","district_region":null,"departement_commune":null,"verifie":true,"name":"STAR OIL","source":"Géoportail ANSTAT"}},{"type":"Feature","geometry":{"type":"Point","coordinates":[-6.521048999999948,7.615565000000061]},"properties":{"id":55972,"nom":"STAR OIL","type":"station service","district_region":null,"departement_commune":null,"verifie":true,"name":"STAR OIL","source":"Géoportail ANSTAT"}},{"type":"Feature","geometry":{"type":"Point","coordinates":[-6.898580999999979,9.117845000000043]},"properties":{"id":55973,"nom":"STAR OIL","type":"station service","district_region":null,"departement_commune":null,"verifie":true,"name":"STAR OIL","source":"Géoportail ANSTAT"}},{"type":"Feature","geometry":{"type":"Point","coordinates":[-6.898580999999979,9.117849000000035]},"properties":{"id":55974,"nom":"STAR OIL","type":"station service","district_region":null,"departement_commune":null,"verifie":true,"name":"STAR OIL","source":"Géoportail ANSTAT"}},{"type":"Feature","geometry":{"type":"Point","coordinates":[-6.934273999999959,9.615879000000064]},"properties":{"id":55975,"nom":"STAR OIL","type":"station service","district_region":null,"departement_commune":null,"verifie":true,"name":"STAR OIL","source":"Géoportail ANSTAT"}},{"type":"Feature","geometry":{"type":"Point","coordinates":[-4.720029999999952,8.371267000000046]},"properties":{"id":55976,"nom":"SRATION TOTAL","type":"station service","district_region":null,"departement_commune":null,"verifie":true,"name":"SRATION TOTAL","source":"Géoportail ANSTAT"}},{"type":"Feature","geometry":{"type":"Point","coordinates":[-4.598415999999929,9.160363000000077]},"properties":{"id":55977,"nom":"STAR OIL","type":"station service","district_region":null,"departement_commune":null,"verifie":true,"name":"STAR OIL","source":"Géoportail ANSTAT"}},{"type":"Feature","geometry":{"type":"Point","coordinates":[-4.611920999999938,9.150500000000022]},"properties":{"id":55978,"nom":"STATION SAD","type":"station service","district_region":null,"departement_commune":null,"verifie":true,"name":"STATION SAD","source":"Géoportail ANSTAT"}},{"type":"Feature","geometry":{"type":"Point","coordinates":[-4.632760999999959,9.428176000000065]},"properties":{"id":55980,"nom":"STAR OIL","type":"station service","district_region":null,"departement_commune":null,"verifie":true,"name":"STAR OIL","source":"Géoportail ANSTAT"}},{"type":"Feature","geometry":{"type":"Point","coordinates":[-4.632622999999967,9.428140000000042]},"properties":{"id":55981,"nom":"STAR OIL","type":"station service","district_region":null,"departement_commune":null,"verifie":true,"name":"STAR OIL","source":"Géoportail ANSTAT"}},{"type":"Feature","geometry":{"type":"Point","coordinates":[-5.196906999999953,9.572553000000028]},"properties":{"id":55982,"nom":"STAROIL","type":"station service","district_region":null,"departement_commune":null,"verifie":true,"name":"STAROIL","source":"Géoportail ANSTAT"}},{"type":"Feature","geometry":{"type":"Point","coordinates":[-5.205987999999934,9.579466000000023]},"properties":{"id":55983,"nom":"STAROIL","type":"station service","district_region":null,"departement_commune":null,"verifie":true,"name":"STAROIL","source":"Géoportail ANSTAT"}},{"type":"Feature","geometry":{"type":"Point","coordinates":[-5.629669999999976,9.898614000000066]},"properties":{"id":55984,"nom":"STAR OIL","type":"station service","district_region":null,"departement_commune":null,"verifie":true,"name":"STAR OIL","source":"Géoportail ANSTAT"}},{"type":"Feature","geometry":{"type":"Point","coordinates":[-5.628747999999973,9.904104000000077]},"properties":{"id":55985,"nom":"STAR OIL","type":"station service","district_region":null,"departement_commune":null,"verifie":true,"name":"STAR OIL","source":"Géoportail ANSTAT"}},{"type":"Feature","geometry":{"type":"Point","coordinates":[-5.156872999999962,9.96158500000007]},"properties":{"id":55987,"nom":"STATION PETRO IVOIRE","type":"station service","district_region":null,"departement_commune":null,"verifie":true,"name":"STATION PETRO IVOIRE","source":"Géoportail ANSTAT"}},{"type":"Feature","geometry":{"type":"Point","coordinates":[-5.156961999999965,9.96804000000003]},"properties":{"id":55988,"nom":"STATION SHELL","type":"station service","district_region":null,"departement_commune":null,"verifie":true,"name":"STATION SHELL","source":"Géoportail ANSTAT"}},{"type":"Feature","geometry":{"type":"Point","coordinates":[-5.08257999999995,10.14916300000004]},"properties":{"id":55989,"nom":"STATION ESSENCE  STAR OIL","type":"station service","district_region":null,"departement_commune":null,"verifie":true,"name":"STATION ESSENCE  STAR OIL","source":"Géoportail ANSTAT"}},{"type":"Feature","geometry":{"type":"Point","coordinates":[-5.743388999999979,10.38489000000004]},"properties":{"id":55990,"nom":"STAR OIL","type":"station service","district_region":null,"departement_commune":null,"verifie":true,"name":"STAR OIL","source":"Géoportail ANSTAT"}},{"type":"Feature","geometry":{"type":"Point","coordinates":[-5.63369199999994,10.44304600000004]},"properties":{"id":55991,"nom":"STARTION","type":"station service","district_region":null,"departement_commune":null,"verifie":true,"name":"STARTION","source":"Géoportail ANSTAT"}},{"type":"Feature","geometry":{"type":"Point","coordinates":[-5.630168999999967,10.42513500000007]},"properties":{"id":55993,"nom":"STATION STAROIL","type":"station service","district_region":null,"departement_commune":null,"verifie":true,"name":"STATION STAROIL","source":"Géoportail ANSTAT"}},{"type":"Feature","geometry":{"type":"Point","coordinates":[-5.61806299999995,10.20047700000003]},"properties":{"id":55994,"nom":"STATION SHELL ILOT 182","type":"station service","district_region":null,"departement_commune":null,"verifie":true,"name":"STATION SHELL ILOT 182","source":"Géoportail ANSTAT"}},{"type":"Feature","geometry":{"type":"Point","coordinates":[-5.196238999999935,9.59477000000004]},"properties":{"id":55995,"nom":"STATION TOTAL","type":"station service","district_region":null,"departement_commune":null,"verifie":true,"name":"STATION TOTAL","source":"Géoportail ANSTAT"}},{"type":"Feature","geometry":{"type":"Point","coordinates":[-5.220774999999946,9.594392000000028]},"properties":{"id":55996,"nom":"STATION STAR OIL","type":"station service","district_region":null,"departement_commune":null,"verifie":true,"name":"STATION STAR OIL","source":"Géoportail ANSTAT"}},{"type":"Feature","geometry":{"type":"Point","coordinates":[-6.661174999999957,4.777979000000073]},"properties":{"id":55997,"nom":"STATION SHELL","type":"station service","district_region":null,"departement_commune":null,"verifie":true,"name":"STATION SHELL","source":"Géoportail ANSTAT"}},{"type":"Feature","geometry":{"type":"Point","coordinates":[-6.65816899999993,4.779008000000033]},"properties":{"id":55998,"nom":"STATION TOTALE","type":"station service","district_region":null,"departement_commune":null,"verifie":true,"name":"STATION TOTALE","source":"Géoportail ANSTAT"}},{"type":"Feature","geometry":{"type":"Point","coordinates":[-6.533660999999938,5.260499000000038]},"properties":{"id":55999,"nom":"STATION OILIBYA","type":"station service","district_region":null,"departement_commune":null,"verifie":true,"name":"STATION OILIBYA","source":"Géoportail ANSTAT"}},{"type":"Feature","geometry":{"type":"Point","coordinates":[-7.458038999999928,4.372797000000048]},"properties":{"id":56000,"nom":"STATION","type":"station service","district_region":null,"departement_commune":null,"verifie":true,"name":"STATION","source":"Géoportail ANSTAT"}},{"type":"Feature","geometry":{"type":"Point","coordinates":[-7.35581099999996,4.416779000000076]},"properties":{"id":56001,"nom":"STATION TOTAL","type":"station service","district_region":null,"departement_commune":null,"verifie":true,"name":"STATION TOTAL","source":"Géoportail ANSTAT"}},{"type":"Feature","geometry":{"type":"Point","coordinates":[-7.496115999999972,4.924109000000044]},"properties":{"id":56003,"nom":"STATION MOBILE VINKO PETROLEM","type":"station service","district_region":null,"departement_commune":null,"verifie":true,"name":"STATION MOBILE VINKO PETROLEM","source":"Géoportail ANSTAT"}},{"type":"Feature","geometry":{"type":"Point","coordinates":[-5.788995999999941,9.38874100000004]},"properties":{"id":56005,"nom":"STATION SIFO ENERGIE DE DASSOUNGBOHO","type":"station service","district_region":null,"departement_commune":null,"verifie":true,"name":"STATION SIFO ENERGIE DE DASSOUNGBOHO","source":"Géoportail ANSTAT"}},{"type":"Feature","geometry":{"type":"Point","coordinates":[-5.626255999999955,9.42516900000004]},"properties":{"id":56006,"nom":"STATION SHELL","type":"station service","district_region":null,"departement_commune":null,"verifie":true,"name":"STATION SHELL","source":"Géoportail ANSTAT"}},{"type":"Feature","geometry":{"type":"Point","coordinates":[-6.127640999999926,9.109319000000028]},"properties":{"id":56007,"nom":"STATION  DOCI DE KANOROBA","type":"station service","district_region":null,"departement_commune":null,"verifie":true,"name":"STATION  DOCI DE KANOROBA","source":"Géoportail ANSTAT"}},{"type":"Feature","geometry":{"type":"Point","coordinates":[-6.070599999999956,10.13401400000004]},"properties":{"id":56008,"nom":"STATION SCHEL","type":"station service","district_region":null,"departement_commune":null,"verifie":true,"name":"STATION SCHEL","source":"Géoportail ANSTAT"}},{"type":"Feature","geometry":{"type":"Point","coordinates":[-5.652034999999955,9.437681000000056]},"properties":{"id":56009,"nom":"STAR OIL DE TEGUERE","type":"station service","district_region":null,"departement_commune":null,"verifie":true,"name":"STAR OIL DE TEGUERE","source":"Géoportail ANSTAT"}},{"type":"Feature","geometry":{"type":"Point","coordinates":[-5.816700999999966,9.519754000000034]},"properties":{"id":56010,"nom":"STATION STAR OIL","type":"station service","district_region":null,"departement_commune":null,"verifie":true,"name":"STATION STAR OIL","source":"Géoportail ANSTAT"}},{"type":"Feature","geometry":{"type":"Point","coordinates":[-5.597200999999927,9.571230000000073]},"properties":{"id":56011,"nom":"STAR OIL","type":"station service","district_region":null,"departement_commune":null,"verifie":true,"name":"STAR OIL","source":"Géoportail ANSTAT"}},{"type":"Feature","geometry":{"type":"Point","coordinates":[-5.588753999999938,9.47633600000006]},"properties":{"id":56012,"nom":"STAR OIL","type":"station service","district_region":null,"departement_commune":null,"verifie":true,"name":"STAR OIL","source":"Géoportail ANSTAT"}},{"type":"Feature","geometry":{"type":"Point","coordinates":[-5.661279999999977,9.47321500000004]},"properties":{"id":56013,"nom":"STAR OIL","type":"station service","district_region":null,"departement_commune":null,"verifie":true,"name":"STAR OIL","source":"Géoportail ANSTAT"}},{"type":"Feature","geometry":{"type":"Point","coordinates":[-5.627480999999932,9.458872000000042]},"properties":{"id":56014,"nom":"STATION SHELL","type":"station service","district_region":null,"departement_commune":null,"verifie":true,"name":"STATION SHELL","source":"Géoportail ANSTAT"}},{"type":"Feature","geometry":{"type":"Point","coordinates":[-5.629461999999933,9.457861000000037]},"properties":{"id":56016,"nom":"STATION TOTAL","type":"station service","district_region":null,"departement_commune":null,"verifie":true,"name":"STATION TOTAL","source":"Géoportail ANSTAT"}},{"type":"Feature","geometry":{"type":"Point","coordinates":[-6.102553999999941,9.274897000000069]},"properties":{"id":56017,"nom":"STATION DE QUARTIER SILUE","type":"station service","district_region":null,"departement_commune":null,"verifie":true,"name":"STATION DE QUARTIER SILUE","source":"Géoportail ANSTAT"}},{"type":"Feature","geometry":{"type":"Point","coordinates":[-5.898928999999953,10.00177400000007]},"properties":{"id":56018,"nom":"STATION SHELL","type":"station service","district_region":null,"departement_commune":null,"verifie":true,"name":"STATION SHELL","source":"Géoportail ANSTAT"}},{"type":"Feature","geometry":{"type":"Point","coordinates":[-5.89966899999996,10.00545100000005]},"properties":{"id":56019,"nom":"STATION SHELL","type":"station service","district_region":null,"departement_commune":null,"verifie":true,"name":"STATION SHELL","source":"Géoportail ANSTAT"}},{"type":"Feature","geometry":{"type":"Point","coordinates":[-5.424515999999926,9.547378000000036]},"properties":{"id":56020,"nom":"STATION ESSENCE STAR OIL DE OUOLO","type":"station service","district_region":null,"departement_commune":null,"verifie":true,"name":"STATION ESSENCE STAR OIL DE OUOLO","source":"Géoportail ANSTAT"}},{"type":"Feature","geometry":{"type":"Point","coordinates":[-5.588791999999955,9.29774800000007]},"properties":{"id":56021,"nom":"STATION STAR OIL","type":"station service","district_region":null,"departement_commune":null,"verifie":true,"name":"STATION STAR OIL","source":"Géoportail ANSTAT"}},{"type":"Feature","geometry":{"type":"Point","coordinates":[-5.652435999999966,9.643650000000036]},"properties":{"id":56022,"nom":"STATION ESSENCE TAHOUARA","type":"station service","district_region":null,"departement_commune":null,"verifie":true,"name":"STATION ESSENCE TAHOUARA","source":"Géoportail ANSTAT"}},{"type":"Feature","geometry":{"type":"Point","coordinates":[-6.556393999999955,5.408726000000058]},"properties":{"id":56023,"nom":"STATION SHELL","type":"station service","district_region":null,"departement_commune":null,"verifie":true,"name":"STATION SHELL","source":"Géoportail ANSTAT"}},{"type":"Feature","geometry":{"type":"Point","coordinates":[-6.439077999999938,5.985302000000047]},"properties":{"id":56024,"nom":"STATION SHELL","type":"station service","district_region":null,"departement_commune":null,"verifie":true,"name":"STATION SHELL","source":"Géoportail ANSTAT"}},{"type":"Feature","geometry":{"type":"Point","coordinates":[-6.597973999999965,5.949812000000065]},"properties":{"id":56025,"nom":"STATION","type":"station service","district_region":null,"departement_commune":null,"verifie":true,"name":"STATION","source":"Géoportail ANSTAT"}},{"type":"Feature","geometry":{"type":"Point","coordinates":[-6.665937999999926,6.031532000000027]},"properties":{"id":56028,"nom":"STATION ORYX","type":"station service","district_region":null,"departement_commune":null,"verifie":true,"name":"STATION ORYX","source":"Géoportail ANSTAT"}},{"type":"Feature","geometry":{"type":"Point","coordinates":[-6.607516999999973,5.782355000000052]},"properties":{"id":56029,"nom":"STATION AFRIQUIA","type":"station service","district_region":null,"departement_commune":null,"verifie":true,"name":"STATION AFRIQUIA","source":"Géoportail ANSTAT"}},{"type":"Feature","geometry":{"type":"Point","coordinates":[-6.602866999999947,5.78833000000003]},"properties":{"id":56030,"nom":"STATION TOTAL","type":"station service","district_region":null,"departement_commune":null,"verifie":true,"name":"STATION TOTAL","source":"Géoportail ANSTAT"}},{"type":"Feature","geometry":{"type":"Point","coordinates":[-6.039158999999927,5.54422900000003]},"properties":{"id":56031,"nom":"STATION","type":"station service","district_region":null,"departement_commune":null,"verifie":true,"name":"STATION","source":"Géoportail ANSTAT"}},{"type":"Feature","geometry":{"type":"Point","coordinates":[-4.520215999999948,6.334170000000029]},"properties":{"id":56032,"nom":"STATION AFRICAN PETROLEUM","type":"station service","district_region":null,"departement_commune":null,"verifie":true,"name":"STATION AFRICAN PETROLEUM","source":"Géoportail ANSTAT"}},{"type":"Feature","geometry":{"type":"Point","coordinates":[-4.35882399999997,6.470308000000045]},"properties":{"id":56033,"nom":"STATION OLIBYA","type":"station service","district_region":null,"departement_commune":null,"verifie":true,"name":"STATION OLIBYA","source":"Géoportail ANSTAT"}},{"type":"Feature","geometry":{"type":"Point","coordinates":[-4.13072399999993,6.696176000000037]},"properties":{"id":56034,"nom":"STATION CORLEY","type":"station service","district_region":null,"departement_commune":null,"verifie":true,"name":"STATION CORLEY","source":"Géoportail ANSTAT"}},{"type":"Feature","geometry":{"type":"Point","coordinates":[-4.13019799999995,6.695546000000036]},"properties":{"id":56035,"nom":"STATION PETRO IVOIRE","type":"station service","district_region":null,"departement_commune":null,"verifie":true,"name":"STATION PETRO IVOIRE","source":"Géoportail ANSTAT"}},{"type":"Feature","geometry":{"type":"Point","coordinates":[-4.131388999999956,6.696694000000036]},"properties":{"id":56036,"nom":"STATION TOTAL","type":"station service","district_region":null,"departement_commune":null,"verifie":true,"name":"STATION TOTAL","source":"Géoportail ANSTAT"}},{"type":"Feature","geometry":{"type":"Point","coordinates":[-3.973578999999972,6.673614000000043]},"properties":{"id":56038,"nom":"STATION SHELL","type":"station service","district_region":null,"departement_commune":null,"verifie":true,"name":"STATION SHELL","source":"Géoportail ANSTAT"}},{"type":"Feature","geometry":{"type":"Point","coordinates":[-4.213049999999953,6.656211000000042]},"properties":{"id":56042,"nom":"STATION ESSENCE SARA PETROLUM","type":"station service","district_region":null,"departement_commune":null,"verifie":true,"name":"STATION ESSENCE SARA PETROLUM","source":"Géoportail ANSTAT"}},{"type":"Feature","geometry":{"type":"Point","coordinates":[-4.209215999999969,6.654329000000075]},"properties":{"id":56043,"nom":"STATION TOTAL","type":"station service","district_region":null,"departement_commune":null,"verifie":true,"name":"STATION TOTAL","source":"Géoportail ANSTAT"}},{"type":"Feature","geometry":{"type":"Point","coordinates":[-7.128919999999937,7.616273000000035]},"properties":{"id":56044,"nom":"STATOIN STAR OIL","type":"station service","district_region":null,"departement_commune":null,"verifie":true,"name":"STATOIN STAR OIL","source":"Géoportail ANSTAT"}},{"type":"Feature","geometry":{"type":"Point","coordinates":[-7.20629299999996,7.359187000000077]},"properties":{"id":56045,"nom":"STATION INACHEVEE","type":"station service","district_region":null,"departement_commune":null,"verifie":true,"name":"STATION INACHEVEE","source":"Géoportail ANSTAT"}},{"type":"Feature","geometry":{"type":"Point","coordinates":[-7.379939999999976,7.386700000000076]},"properties":{"id":56046,"nom":"STATION GAS OIL","type":"station service","district_region":null,"departement_commune":null,"verifie":true,"name":"STATION GAS OIL","source":"Géoportail ANSTAT"}},{"type":"Feature","geometry":{"type":"Point","coordinates":[-7.795717999999965,6.976221000000066]},"properties":{"id":56047,"nom":"STATION DE ZOU","type":"station service","district_region":null,"departement_commune":null,"verifie":true,"name":"STATION DE ZOU","source":"Géoportail ANSTAT"}},{"type":"Feature","geometry":{"type":"Point","coordinates":[-7.166160999999931,6.478419000000031]},"properties":{"id":56048,"nom":"STATION  IVOIRE GPL","type":"station service","district_region":null,"departement_commune":null,"verifie":true,"name":"STATION  IVOIRE GPL","source":"Géoportail ANSTAT"}},{"type":"Feature","geometry":{"type":"Point","coordinates":[-7.166189999999972,6.478450000000066]},"properties":{"id":56049,"nom":"STATION IVOIRE GPL","type":"station service","district_region":null,"departement_commune":null,"verifie":true,"name":"STATION IVOIRE GPL","source":"Géoportail ANSTAT"}},{"type":"Feature","geometry":{"type":"Point","coordinates":[-4.272838999999976,5.216181000000063]},"properties":{"id":56050,"nom":"STATION ESSENCE DE PECHEUR","type":"station service","district_region":null,"departement_commune":null,"verifie":true,"name":"STATION ESSENCE DE PECHEUR","source":"Géoportail ANSTAT"}},{"type":"Feature","geometry":{"type":"Point","coordinates":[-4.375667999999962,5.32291900000007]},"properties":{"id":56051,"nom":"STATION TOTAL","type":"station service","district_region":null,"departement_commune":null,"verifie":true,"name":"STATION TOTAL","source":"Géoportail ANSTAT"}},{"type":"Feature","geometry":{"type":"Point","coordinates":[-5.951312999999971,6.134588000000065]},"properties":{"id":56052,"nom":"STATION D ESSENCE SWANN","type":"station service","district_region":null,"departement_commune":null,"verifie":true,"name":"STATION D ESSENCE SWANN","source":"Géoportail ANSTAT"}},{"type":"Feature","geometry":{"type":"Point","coordinates":[-5.933032999999966,6.110384000000067]},"properties":{"id":56053,"nom":"STATION SHELL","type":"station service","district_region":null,"departement_commune":null,"verifie":true,"name":"STATION SHELL","source":"Géoportail ANSTAT"}},{"type":"Feature","geometry":{"type":"Point","coordinates":[-6.180438999999978,6.245980000000031]},"properties":{"id":56054,"nom":"STATION TOTAL","type":"station service","district_region":null,"departement_commune":null,"verifie":true,"name":"STATION TOTAL","source":"Géoportail ANSTAT"}},{"type":"Feature","geometry":{"type":"Point","coordinates":[-5.931405999999981,6.306862000000024]},"properties":{"id":56055,"nom":"STATION PETRO IVOIRE","type":"station service","district_region":null,"departement_commune":null,"verifie":true,"name":"STATION PETRO IVOIRE","source":"Géoportail ANSTAT"}},{"type":"Feature","geometry":{"type":"Point","coordinates":[-5.403018999999972,6.384996000000058]},"properties":{"id":56056,"nom":"STATION ESSENCE GASOIL DE KOUAME NGUESSAN","type":"station service","district_region":null,"departement_commune":null,"verifie":true,"name":"STATION ESSENCE GASOIL DE KOUAME NGUESSAN","source":"Géoportail ANSTAT"}},{"type":"Feature","geometry":{"type":"Point","coordinates":[-5.40718499999997,6.385157000000049]},"properties":{"id":56057,"nom":"STATION TOTAL","type":"station service","district_region":null,"departement_commune":null,"verifie":true,"name":"STATION TOTAL","source":"Géoportail ANSTAT"}},{"type":"Feature","geometry":{"type":"Point","coordinates":[-6.082953999999972,4.951336000000026]},"properties":{"id":56058,"nom":"STATION CORLAY","type":"station service","district_region":null,"departement_commune":null,"verifie":true,"name":"STATION CORLAY","source":"Géoportail ANSTAT"}},{"type":"Feature","geometry":{"type":"Point","coordinates":[-6.083446999999978,4.95122200000003]},"properties":{"id":56059,"nom":"STATION SHELL","type":"station service","district_region":null,"departement_commune":null,"verifie":true,"name":"STATION SHELL","source":"Géoportail ANSTAT"}},{"type":"Feature","geometry":{"type":"Point","coordinates":[-6.093388999999945,4.949378000000024]},"properties":{"id":56060,"nom":"STATION TOTAL","type":"station service","district_region":null,"departement_commune":null,"verifie":true,"name":"STATION TOTAL","source":"Géoportail ANSTAT"}},{"type":"Feature","geometry":{"type":"Point","coordinates":[-6.072581999999954,5.241049000000032]},"properties":{"id":56061,"nom":"STATION DAKPADOU","type":"station service","district_region":null,"departement_commune":null,"verifie":true,"name":"STATION DAKPADOU","source":"Géoportail ANSTAT"}},{"type":"Feature","geometry":{"type":"Point","coordinates":[-6.060398999999961,5.332952000000034]},"properties":{"id":56062,"nom":"STATION","type":"station service","district_region":null,"departement_commune":null,"verifie":true,"name":"STATION","source":"Géoportail ANSTAT"}},{"type":"Feature","geometry":{"type":"Point","coordinates":[-6.081141999999943,5.019579000000022]},"properties":{"id":56063,"nom":"STATION PETRO IVOIRE","type":"station service","district_region":null,"departement_commune":null,"verifie":true,"name":"STATION PETRO IVOIRE","source":"Géoportail ANSTAT"}},{"type":"Feature","geometry":{"type":"Point","coordinates":[-5.018492999999978,6.55730200000005]},"properties":{"id":56064,"nom":"STATION SHELL","type":"station service","district_region":null,"departement_commune":null,"verifie":true,"name":"STATION SHELL","source":"Géoportail ANSTAT"}},{"type":"Feature","geometry":{"type":"Point","coordinates":[-5.033301999999935,6.542594000000065]},"properties":{"id":56065,"nom":"STATION SHELL AUTOROUTE","type":"station service","district_region":null,"departement_commune":null,"verifie":true,"name":"STATION SHELL AUTOROUTE","source":"Géoportail ANSTAT"}},{"type":"Feature","geometry":{"type":"Point","coordinates":[-5.223649999999964,7.160569000000066]},"properties":{"id":56066,"nom":"STATION CORLAY","type":"station service","district_region":null,"departement_commune":null,"verifie":true,"name":"STATION CORLAY","source":"Géoportail ANSTAT"}},{"type":"Feature","geometry":{"type":"Point","coordinates":[-5.259397999999976,6.539498000000037]},"properties":{"id":56068,"nom":"STATION SWANN OIL","type":"station service","district_region":null,"departement_commune":null,"verifie":true,"name":"STATION SWANN OIL","source":"Géoportail ANSTAT"}},{"type":"Feature","geometry":{"type":"Point","coordinates":[-2.804552999999942,8.035400000000038]},"properties":{"id":56069,"nom":"STATION PETRO IVOIRE","type":"station service","district_region":null,"departement_commune":null,"verifie":true,"name":"STATION PETRO IVOIRE","source":"Géoportail ANSTAT"}},{"type":"Feature","geometry":{"type":"Point","coordinates":[-2.816971999999964,8.015319000000034]},"properties":{"id":56070,"nom":"STATION SHEEL","type":"station service","district_region":null,"departement_commune":null,"verifie":true,"name":"STATION SHEEL","source":"Géoportail ANSTAT"}},{"type":"Feature","geometry":{"type":"Point","coordinates":[-2.795963999999969,8.039611000000036]},"properties":{"id":56071,"nom":"STATION SHELL FUELSAVE","type":"station service","district_region":null,"departement_commune":null,"verifie":true,"name":"STATION SHELL FUELSAVE","source":"Géoportail ANSTAT"}},{"type":"Feature","geometry":{"type":"Point","coordinates":[-2.805282999999974,8.046213000000023]},"properties":{"id":56072,"nom":"STATION VINKO","type":"station service","district_region":null,"departement_commune":null,"verifie":true,"name":"STATION VINKO","source":"Géoportail ANSTAT"}},{"type":"Feature","geometry":{"type":"Point","coordinates":[-2.962779999999952,8.28984900000006]},"properties":{"id":56073,"nom":"STATION POWEX","type":"station service","district_region":null,"departement_commune":null,"verifie":true,"name":"STATION POWEX","source":"Géoportail ANSTAT"}},{"type":"Feature","geometry":{"type":"Point","coordinates":[-3.125027999999929,8.496064000000047]},"properties":{"id":56074,"nom":"STATION ORYX ENERGIES","type":"station service","district_region":null,"departement_commune":null,"verifie":true,"name":"STATION ORYX ENERGIES","source":"Géoportail ANSTAT"}},{"type":"Feature","geometry":{"type":"Point","coordinates":[-3.072218999999961,7.990180000000066]},"properties":{"id":56075,"nom":"STATION OILIBYA","type":"station service","district_region":null,"departement_commune":null,"verifie":true,"name":"STATION OILIBYA","source":"Géoportail ANSTAT"}},{"type":"Feature","geometry":{"type":"Point","coordinates":[-3.072111999999947,7.990007000000048]},"properties":{"id":56076,"nom":"STATION OILIBYA","type":"station service","district_region":null,"departement_commune":null,"verifie":true,"name":"STATION OILIBYA","source":"Géoportail ANSTAT"}},{"type":"Feature","geometry":{"type":"Point","coordinates":[-3.168315999999948,7.801819000000023]},"properties":{"id":56077,"nom":"STATION TOTAL","type":"station service","district_region":null,"departement_commune":null,"verifie":true,"name":"STATION TOTAL","source":"Géoportail ANSTAT"}},{"type":"Feature","geometry":{"type":"Point","coordinates":[-3.252652999999952,7.479256000000021]},"properties":{"id":56078,"nom":"STATION PETROCI","type":"station service","district_region":null,"departement_commune":null,"verifie":true,"name":"STATION PETROCI","source":"Géoportail ANSTAT"}},{"type":"Feature","geometry":{"type":"Point","coordinates":[-2.977229999999963,7.705315000000041]},"properties":{"id":56079,"nom":"STATION POWEX","type":"station service","district_region":null,"departement_commune":null,"verifie":true,"name":"STATION POWEX","source":"Géoportail ANSTAT"}},{"type":"Feature","geometry":{"type":"Point","coordinates":[-6.606573999999966,8.191324000000066]},"properties":{"id":56080,"nom":"STATION ESSENCE","type":"station service","district_region":null,"departement_commune":null,"verifie":true,"name":"STATION ESSENCE","source":"Géoportail ANSTAT"}},{"type":"Feature","geometry":{"type":"Point","coordinates":[-6.623583999999937,8.701352000000043]},"properties":{"id":56081,"nom":"STATION","type":"station service","district_region":null,"departement_commune":null,"verifie":true,"name":"STATION","source":"Géoportail ANSTAT"}},{"type":"Feature","geometry":{"type":"Point","coordinates":[-6.784195999999952,8.95419000000004]},"properties":{"id":56082,"nom":"STATION IVOIRE LUB DE MORONDO","type":"station service","district_region":null,"departement_commune":null,"verifie":true,"name":"STATION IVOIRE LUB DE MORONDO","source":"Géoportail ANSTAT"}},{"type":"Feature","geometry":{"type":"Point","coordinates":[-6.616682999999966,8.667969000000028]},"properties":{"id":56083,"nom":"STAR OIL","type":"station service","district_region":null,"departement_commune":null,"verifie":true,"name":"STAR OIL","source":"Géoportail ANSTAT"}},{"type":"Feature","geometry":{"type":"Point","coordinates":[-6.602082999999936,8.465679000000023]},"properties":{"id":56084,"nom":"STATION  IVOIRELUB DE KANI","type":"station service","district_region":null,"departement_commune":null,"verifie":true,"name":"STATION  IVOIRELUB DE KANI","source":"Géoportail ANSTAT"}},{"type":"Feature","geometry":{"type":"Point","coordinates":[-6.602088999999978,8.46563800000007]},"properties":{"id":56085,"nom":"STATION IVOIRELUB DE KANI","type":"station service","district_region":null,"departement_commune":null,"verifie":true,"name":"STATION IVOIRELUB DE KANI","source":"Géoportail ANSTAT"}},{"type":"Feature","geometry":{"type":"Point","coordinates":[-6.66975999999994,7.957985000000065]},"properties":{"id":56086,"nom":"STATION ESSENCE BINATE","type":"station service","district_region":null,"departement_commune":null,"verifie":true,"name":"STATION ESSENCE BINATE","source":"Géoportail ANSTAT"}},{"type":"Feature","geometry":{"type":"Point","coordinates":[-6.670196999999973,7.959236000000033]},"properties":{"id":56087,"nom":"STATION OIL LYBIA","type":"station service","district_region":null,"departement_commune":null,"verifie":true,"name":"STATION OIL LYBIA","source":"Géoportail ANSTAT"}},{"type":"Feature","geometry":{"type":"Point","coordinates":[-6.056027999999969,6.925694000000021]},"properties":{"id":56088,"nom":"STATION","type":"station service","district_region":null,"departement_commune":null,"verifie":true,"name":"STATION","source":"Géoportail ANSTAT"}},{"type":"Feature","geometry":{"type":"Point","coordinates":[-6.042786999999976,6.927462000000048]},"properties":{"id":56089,"nom":"STATION IVOIRE GPL","type":"station service","district_region":null,"departement_commune":null,"verifie":true,"name":"STATION IVOIRE GPL","source":"Géoportail ANSTAT"}},{"type":"Feature","geometry":{"type":"Point","coordinates":[-5.746225999999979,6.980305000000044]},"properties":{"id":56090,"nom":"STATION SHELL DE BOUAFLE","type":"station service","district_region":null,"departement_commune":null,"verifie":true,"name":"STATION SHELL DE BOUAFLE","source":"Géoportail ANSTAT"}},{"type":"Feature","geometry":{"type":"Point","coordinates":[-6.04887199999996,7.430745000000059]},"properties":{"id":56091,"nom":"STATION SHELL","type":"station service","district_region":null,"departement_commune":null,"verifie":true,"name":"STATION SHELL","source":"Géoportail ANSTAT"}},{"type":"Feature","geometry":{"type":"Point","coordinates":[-6.04877399999998,7.432729000000052]},"properties":{"id":56092,"nom":"STATION TOTAL","type":"station service","district_region":null,"departement_commune":null,"verifie":true,"name":"STATION TOTAL","source":"Géoportail ANSTAT"}},{"type":"Feature","geometry":{"type":"Point","coordinates":[-5.913869999999974,6.622056000000043]},"properties":{"id":56093,"nom":"STATION CORLAY","type":"station service","district_region":null,"departement_commune":null,"verifie":true,"name":"STATION CORLAY","source":"Géoportail ANSTAT"}},{"type":"Feature","geometry":{"type":"Point","coordinates":[-5.920251999999948,6.612919000000034]},"properties":{"id":56094,"nom":"STATION DISTRICOM","type":"station service","district_region":null,"departement_commune":null,"verifie":true,"name":"STATION DISTRICOM","source":"Géoportail ANSTAT"}},{"type":"Feature","geometry":{"type":"Point","coordinates":[-5.913754999999981,6.622231000000056]},"properties":{"id":56095,"nom":"STATION SHELL","type":"station service","district_region":null,"departement_commune":null,"verifie":true,"name":"STATION SHELL","source":"Géoportail ANSTAT"}},{"type":"Feature","geometry":{"type":"Point","coordinates":[-5.908746999999948,6.616735000000062]},"properties":{"id":56096,"nom":"STATION TOTAL","type":"station service","district_region":null,"departement_commune":null,"verifie":true,"name":"STATION TOTAL","source":"Géoportail ANSTAT"}},{"type":"Feature","geometry":{"type":"Point","coordinates":[-5.003491999999937,7.710964000000047]},"properties":{"id":56097,"nom":"STATION SHELL","type":"station service","district_region":null,"departement_commune":null,"verifie":true,"name":"STATION SHELL","source":"Géoportail ANSTAT"}},{"type":"Feature","geometry":{"type":"Point","coordinates":[-4.999027999999953,7.716296000000057]},"properties":{"id":56098,"nom":"STATION STAR OIL","type":"station service","district_region":null,"departement_commune":null,"verifie":true,"name":"STATION STAR OIL","source":"Géoportail ANSTAT"}},{"type":"Feature","geometry":{"type":"Point","coordinates":[-5.028263999999979,7.656691000000023]},"properties":{"id":56099,"nom":"STATION SHELL","type":"station service","district_region":null,"departement_commune":null,"verifie":true,"name":"STATION SHELL","source":"Géoportail ANSTAT"}},{"type":"Feature","geometry":{"type":"Point","coordinates":[-5.032087999999931,7.736717000000056]},"properties":{"id":56100,"nom":"STATION TOTAL","type":"station service","district_region":null,"departement_commune":null,"verifie":true,"name":"STATION TOTAL","source":"Géoportail ANSTAT"}},{"type":"Feature","geometry":{"type":"Point","coordinates":[-5.02917199999996,7.681574000000069]},"properties":{"id":56101,"nom":"STAROIL","type":"station service","district_region":null,"departement_commune":null,"verifie":true,"name":"STAROIL","source":"Géoportail ANSTAT"}},{"type":"Feature","geometry":{"type":"Point","coordinates":[-5.020258999999953,7.690763000000061]},"properties":{"id":56102,"nom":"STATION OLIBYA","type":"station service","district_region":null,"departement_commune":null,"verifie":true,"name":"STATION OLIBYA","source":"Géoportail ANSTAT"}},{"type":"Feature","geometry":{"type":"Point","coordinates":[-5.027973999999972,7.666168000000027]},"properties":{"id":56103,"nom":"STATION SHELL","type":"station service","district_region":null,"departement_commune":null,"verifie":true,"name":"STATION SHELL","source":"Géoportail ANSTAT"}},{"type":"Feature","geometry":{"type":"Point","coordinates":[-5.019467999999961,7.690168000000028]},"properties":{"id":56105,"nom":"STATION SHELL","type":"station service","district_region":null,"departement_commune":null,"verifie":true,"name":"STATION SHELL","source":"Géoportail ANSTAT"}},{"type":"Feature","geometry":{"type":"Point","coordinates":[-5.04944699999993,7.704418000000032]},"properties":{"id":56106,"nom":"STATION STAR OIL","type":"station service","district_region":null,"departement_commune":null,"verifie":true,"name":"STATION STAR OIL","source":"Géoportail ANSTAT"}},{"type":"Feature","geometry":{"type":"Point","coordinates":[-5.019386999999938,7.690513000000067]},"properties":{"id":56107,"nom":"STATION STAR OIL","type":"station service","district_region":null,"departement_commune":null,"verifie":true,"name":"STATION STAR OIL","source":"Géoportail ANSTAT"}},{"type":"Feature","geometry":{"type":"Point","coordinates":[-5.016983999999979,7.677308000000039]},"properties":{"id":56108,"nom":"STATION SWANN","type":"station service","district_region":null,"departement_commune":null,"verifie":true,"name":"STATION SWANN","source":"Géoportail ANSTAT"}},{"type":"Feature","geometry":{"type":"Point","coordinates":[-5.02786599999996,7.666968000000054]},"properties":{"id":56109,"nom":"STATION TOTAL","type":"station service","district_region":null,"departement_commune":null,"verifie":true,"name":"STATION TOTAL","source":"Géoportail ANSTAT"}},{"type":"Feature","geometry":{"type":"Point","coordinates":[-5.036050999999929,7.684861000000069]},"properties":{"id":56111,"nom":"STATION TOTAL","type":"station service","district_region":null,"departement_commune":null,"verifie":true,"name":"STATION TOTAL","source":"Géoportail ANSTAT"}},{"type":"Feature","geometry":{"type":"Point","coordinates":[-5.020258999999953,7.690453000000048]},"properties":{"id":56112,"nom":"STATION TOTAL","type":"station service","district_region":null,"departement_commune":null,"verifie":true,"name":"STATION TOTAL","source":"Géoportail ANSTAT"}},{"type":"Feature","geometry":{"type":"Point","coordinates":[-5.025865999999951,7.683717000000058]},"properties":{"id":56113,"nom":"STATION TOTAL","type":"station service","district_region":null,"departement_commune":null,"verifie":true,"name":"STATION TOTAL","source":"Géoportail ANSTAT"}},{"type":"Feature","geometry":{"type":"Point","coordinates":[-5.01165199999997,7.687716000000023]},"properties":{"id":56114,"nom":"STATION TOTALE KENEDY","type":"station service","district_region":null,"departement_commune":null,"verifie":true,"name":"STATION TOTALE KENEDY","source":"Géoportail ANSTAT"}},{"type":"Feature","geometry":{"type":"Point","coordinates":[-5.580916999999943,7.672074000000066]},"properties":{"id":56115,"nom":"STATION SHELL","type":"station service","district_region":null,"departement_commune":null,"verifie":true,"name":"STATION SHELL","source":"Géoportail ANSTAT"}},{"type":"Feature","geometry":{"type":"Point","coordinates":[-5.580183999999974,7.671412000000032]},"properties":{"id":56116,"nom":"STATION SHELL","type":"station service","district_region":null,"departement_commune":null,"verifie":true,"name":"STATION SHELL","source":"Géoportail ANSTAT"}},{"type":"Feature","geometry":{"type":"Point","coordinates":[-5.168160999999941,7.783354000000031]},"properties":{"id":56117,"nom":"STATION SHELL","type":"station service","district_region":null,"departement_commune":null,"verifie":true,"name":"STATION SHELL","source":"Géoportail ANSTAT"}},{"type":"Feature","geometry":{"type":"Point","coordinates":[-3.003746999999976,9.279878000000052]},"properties":{"id":56118,"nom":"STATION IDC","type":"station service","district_region":null,"departement_commune":null,"verifie":true,"name":"STATION IDC","source":"Géoportail ANSTAT"}},{"type":"Feature","geometry":{"type":"Point","coordinates":[-3.532676999999978,8.458481000000063]},"properties":{"id":56119,"nom":"STATION SIFO ENERGIE DE PARHADI","type":"station service","district_region":null,"departement_commune":null,"verifie":true,"name":"STATION SIFO ENERGIE DE PARHADI","source":"Géoportail ANSTAT"}},{"type":"Feature","geometry":{"type":"Point","coordinates":[-3.463219999999978,8.451227000000074]},"properties":{"id":56120,"nom":"STATION","type":"station service","district_region":null,"departement_commune":null,"verifie":true,"name":"STATION","source":"Géoportail ANSTAT"}},{"type":"Feature","geometry":{"type":"Point","coordinates":[-3.336271999999951,9.801121000000023]},"properties":{"id":56121,"nom":"STATION STAR OIL","type":"station service","district_region":null,"departement_commune":null,"verifie":true,"name":"STATION STAR OIL","source":"Géoportail ANSTAT"}},{"type":"Feature","geometry":{"type":"Point","coordinates":[-3.001254999999958,9.26769100000007]},"properties":{"id":56122,"nom":"STATION SERVICE SHELL","type":"station service","district_region":null,"departement_commune":null,"verifie":true,"name":"STATION SERVICE SHELL","source":"Géoportail ANSTAT"}},{"type":"Feature","geometry":{"type":"Point","coordinates":[-4.695092999999929,6.65281200000004]},"properties":{"id":56123,"nom":"STATION","type":"station service","district_region":null,"departement_commune":null,"verifie":true,"name":"STATION","source":"Géoportail ANSTAT"}},{"type":"Feature","geometry":{"type":"Point","coordinates":[-4.705938999999944,6.645752000000073]},"properties":{"id":56124,"nom":"STATION TOTAL","type":"station service","district_region":null,"departement_commune":null,"verifie":true,"name":"STATION TOTAL","source":"Géoportail ANSTAT"}},{"type":"Feature","geometry":{"type":"Point","coordinates":[-7.458310999999981,5.872602000000029]},"properties":{"id":56125,"nom":"STATION ESSENCE DE TAI","type":"station service","district_region":null,"departement_commune":null,"verifie":true,"name":"STATION ESSENCE DE TAI","source":"Géoportail ANSTAT"}},{"type":"Feature","geometry":{"type":"Point","coordinates":[-7.490167999999926,6.547495000000026]},"properties":{"id":56126,"nom":"STATION TOTAL","type":"station service","district_region":null,"departement_commune":null,"verifie":true,"name":"STATION TOTAL","source":"Géoportail ANSTAT"}},{"type":"Feature","geometry":{"type":"Point","coordinates":[-8.015238999999951,6.572912000000031]},"properties":{"id":56127,"nom":"STATION IVOIRE GPL","type":"station service","district_region":null,"departement_commune":null,"verifie":true,"name":"STATION IVOIRE GPL","source":"Géoportail ANSTAT"}},{"type":"Feature","geometry":{"type":"Point","coordinates":[-7.996500999999967,6.569362000000069]},"properties":{"id":56128,"nom":"STATION SARA PETROLEUM DE BLOLEQUIN","type":"station service","district_region":null,"departement_commune":null,"verifie":true,"name":"STATION SARA PETROLEUM DE BLOLEQUIN","source":"Géoportail ANSTAT"}},{"type":"Feature","geometry":{"type":"Point","coordinates":[-8.416375999999957,6.582331000000067]},"properties":{"id":56129,"nom":"STATION FUELSAVE","type":"station service","district_region":null,"departement_commune":null,"verifie":true,"name":"STATION FUELSAVE","source":"Géoportail ANSTAT"}},{"type":"Feature","geometry":{"type":"Point","coordinates":[-8.415262999999982,6.582182000000046]},"properties":{"id":56130,"nom":"STATION PETRO IVOIRE","type":"station service","district_region":null,"departement_commune":null,"verifie":true,"name":"STATION PETRO IVOIRE","source":"Géoportail ANSTAT"}},{"type":"Feature","geometry":{"type":"Point","coordinates":[-6.478554999999972,7.124018000000035]},"properties":{"id":56133,"nom":"STATION OILIBYA","type":"station service","district_region":null,"departement_commune":null,"verifie":true,"name":"STATION OILIBYA","source":"Géoportail ANSTAT"}},{"type":"Feature","geometry":{"type":"Point","coordinates":[-6.519950999999935,7.600267000000031]},"properties":{"id":56134,"nom":"STATION","type":"station service","district_region":null,"departement_commune":null,"verifie":true,"name":"STATION","source":"Géoportail ANSTAT"}},{"type":"Feature","geometry":{"type":"Point","coordinates":[-6.813171999999952,7.283052000000055]},"properties":{"id":56135,"nom":"STAR OIL","type":"station service","district_region":null,"departement_commune":null,"verifie":true,"name":"STAR OIL","source":"Géoportail ANSTAT"}},{"type":"Feature","geometry":{"type":"Point","coordinates":[-6.480410999999947,7.382569000000046]},"properties":{"id":56138,"nom":"STATION OLYBIA","type":"station service","district_region":null,"departement_commune":null,"verifie":true,"name":"STATION OLYBIA","source":"Géoportail ANSTAT"}},{"type":"Feature","geometry":{"type":"Point","coordinates":[-6.480270999999959,7.379770000000065]},"properties":{"id":56139,"nom":"STATION TOTAL","type":"station service","district_region":null,"departement_commune":null,"verifie":true,"name":"STATION TOTAL","source":"Géoportail ANSTAT"}},{"type":"Feature","geometry":{"type":"Point","coordinates":[-6.246131999999932,6.905466000000047]},"properties":{"id":56140,"nom":"STATION TOTAL","type":"station service","district_region":null,"departement_commune":null,"verifie":true,"name":"STATION TOTAL","source":"Géoportail ANSTAT"}},{"type":"Feature","geometry":{"type":"Point","coordinates":[-6.310175999999956,7.15712700000006]},"properties":{"id":56141,"nom":"STATION DE BEDIALA","type":"station service","district_region":null,"departement_commune":null,"verifie":true,"name":"STATION DE BEDIALA","source":"Géoportail ANSTAT"}},{"type":"Feature","geometry":{"type":"Point","coordinates":[-6.475588999999957,6.87926600000003]},"properties":{"id":56142,"nom":"STATION AFRIQUIA","type":"station service","district_region":null,"departement_commune":null,"verifie":true,"name":"STATION AFRIQUIA","source":"Géoportail ANSTAT"}},{"type":"Feature","geometry":{"type":"Point","coordinates":[-6.444617999999934,6.874653000000023]},"properties":{"id":56143,"nom":"STATION TOTAL","type":"station service","district_region":null,"departement_commune":null,"verifie":true,"name":"STATION TOTAL","source":"Géoportail ANSTAT"}},{"type":"Feature","geometry":{"type":"Point","coordinates":[-6.859555999999941,6.767499000000043]},"properties":{"id":56144,"nom":"STATION SERVICE DE ZOUKOUGBEU","type":"station service","district_region":null,"departement_commune":null,"verifie":true,"name":"STATION SERVICE DE ZOUKOUGBEU","source":"Géoportail ANSTAT"}},{"type":"Feature","geometry":{"type":"Point","coordinates":[-6.511250999999959,6.385127000000068]},"properties":{"id":56145,"nom":"STATION SERVICE TAPEGUIA","type":"station service","district_region":null,"departement_commune":null,"verifie":true,"name":"STATION SERVICE TAPEGUIA","source":"Géoportail ANSTAT"}},{"type":"Feature","geometry":{"type":"Point","coordinates":[-6.584648999999956,6.480007000000057]},"properties":{"id":56146,"nom":"STATION PETRO IVOIRE","type":"station service","district_region":null,"departement_commune":null,"verifie":true,"name":"STATION PETRO IVOIRE","source":"Géoportail ANSTAT"}},{"type":"Feature","geometry":{"type":"Point","coordinates":[-6.586246999999958,6.483281000000034]},"properties":{"id":56147,"nom":"STATION TOTAL","type":"station service","district_region":null,"departement_commune":null,"verifie":true,"name":"STATION TOTAL","source":"Géoportail ANSTAT"}},{"type":"Feature","geometry":{"type":"Point","coordinates":[-6.277090999999928,6.489808000000039]},"properties":{"id":56148,"nom":"STATION TOTAL","type":"station service","district_region":null,"departement_commune":null,"verifie":true,"name":"STATION TOTAL","source":"Géoportail ANSTAT"}},{"type":"Feature","geometry":{"type":"Point","coordinates":[-6.592445999999939,6.486338000000046]},"properties":{"id":56149,"nom":"STATION SHELL ROUTE ISSIA DUEKOUE","type":"station service","district_region":null,"departement_commune":null,"verifie":true,"name":"STATION SHELL ROUTE ISSIA DUEKOUE","source":"Géoportail ANSTAT"}},{"type":"Feature","geometry":{"type":"Point","coordinates":[-4.824565999999948,6.01686600000005]},"properties":{"id":56150,"nom":"STAR OIL","type":"station service","district_region":null,"departement_commune":null,"verifie":true,"name":"STAR OIL","source":"Géoportail ANSTAT"}},{"type":"Feature","geometry":{"type":"Point","coordinates":[-4.82452399999994,6.016824000000042]},"properties":{"id":56151,"nom":"STAR OIL","type":"station service","district_region":null,"departement_commune":null,"verifie":true,"name":"STAR OIL","source":"Géoportail ANSTAT"}},{"type":"Feature","geometry":{"type":"Point","coordinates":[-4.764507999999978,5.865849000000026]},"properties":{"id":56152,"nom":"STATION IDC","type":"station service","district_region":null,"departement_commune":null,"verifie":true,"name":"STATION IDC","source":"Géoportail ANSTAT"}},{"type":"Feature","geometry":{"type":"Point","coordinates":[-4.822846999999967,5.893346000000065]},"properties":{"id":56153,"nom":"STATION TOTAL","type":"station service","district_region":null,"departement_commune":null,"verifie":true,"name":"STATION TOTAL","source":"Géoportail ANSTAT"}},{"type":"Feature","geometry":{"type":"Point","coordinates":[-4.569584999999961,5.674920000000043]},"properties":{"id":56154,"nom":"STATION TOTAL","type":"station service","district_region":null,"departement_commune":null,"verifie":true,"name":"STATION TOTAL","source":"Géoportail ANSTAT"}},{"type":"Feature","geometry":{"type":"Point","coordinates":[-4.539014999999949,5.897569000000033]},"properties":{"id":56155,"nom":"STATION SHELL FUEL SAVE","type":"station service","district_region":null,"departement_commune":null,"verifie":true,"name":"STATION SHELL FUEL SAVE","source":"Géoportail ANSTAT"}},{"type":"Feature","geometry":{"type":"Point","coordinates":[-4.217374999999947,5.930038000000025]},"properties":{"id":56156,"nom":"STATION CORLAY","type":"station service","district_region":null,"departement_commune":null,"verifie":true,"name":"STATION CORLAY","source":"Géoportail ANSTAT"}},{"type":"Feature","geometry":{"type":"Point","coordinates":[-4.213417999999933,5.930295000000058]},"properties":{"id":56157,"nom":"STATION TOTAL","type":"station service","district_region":null,"departement_commune":null,"verifie":true,"name":"STATION TOTAL","source":"Géoportail ANSTAT"}},{"type":"Feature","geometry":{"type":"Point","coordinates":[-4.218657999999948,5.930067000000065]},"properties":{"id":56166,"nom":"STATION TOTAL","type":"station service","district_region":null,"departement_commune":null,"verifie":true,"name":"STATION TOTAL","source":"Géoportail ANSTAT"}},{"type":"Feature","geometry":{"type":"Point","coordinates":[-4.067244999999957,5.643596000000059]},"properties":{"id":56174,"nom":"STATION ESSENCE","type":"station service","district_region":null,"departement_commune":null,"verifie":true,"name":"STATION ESSENCE","source":"Géoportail ANSTAT"}},{"type":"Feature","geometry":{"type":"Point","coordinates":[-7.679747999999961,8.287711000000058]},"properties":{"id":56175,"nom":"STATION SHELL","type":"station service","district_region":null,"departement_commune":null,"verifie":true,"name":"STATION SHELL","source":"Géoportail ANSTAT"}},{"type":"Feature","geometry":{"type":"Point","coordinates":[-7.682116999999948,8.285118000000068]},"properties":{"id":56176,"nom":"STATION TOTAL","type":"station service","district_region":null,"departement_commune":null,"verifie":true,"name":"STATION TOTAL","source":"Géoportail ANSTAT"}},{"type":"Feature","geometry":{"type":"Point","coordinates":[-7.195375999999953,8.469335000000058]},"properties":{"id":56177,"nom":"STATION SHELL","type":"station service","district_region":null,"departement_commune":null,"verifie":true,"name":"STATION SHELL","source":"Géoportail ANSTAT"}},{"type":"Feature","geometry":{"type":"Point","coordinates":[-7.470356999999979,8.552073000000064]},"properties":{"id":56178,"nom":"STATION CHEL","type":"station service","district_region":null,"departement_commune":null,"verifie":true,"name":"STATION CHEL","source":"Géoportail ANSTAT"}},{"type":"Feature","geometry":{"type":"Point","coordinates":[-5.967349999999954,5.720262000000048]},"properties":{"id":56182,"nom":"STATION YOUL ENERGY","type":"station service","district_region":null,"departement_commune":null,"verifie":true,"name":"STATION YOUL ENERGY","source":"Géoportail ANSTAT"}},{"type":"Feature","geometry":{"type":"Point","coordinates":[-5.683079999999961,5.855727000000059]},"properties":{"id":56183,"nom":"STATION SERVICE","type":"station service","district_region":null,"departement_commune":null,"verifie":true,"name":"STATION SERVICE","source":"Géoportail ANSTAT"}},{"type":"Feature","geometry":{"type":"Point","coordinates":[-5.682892999999979,5.851417000000026]},"properties":{"id":56186,"nom":"STATION SHELL DE LAKOTA","type":"station service","district_region":null,"departement_commune":null,"verifie":true,"name":"STATION SHELL DE LAKOTA","source":"Géoportail ANSTAT"}},{"type":"Feature","geometry":{"type":"Point","coordinates":[-5.297092999999961,6.181584000000043]},"properties":{"id":56187,"nom":"STATION TOTAL DE HIRE","type":"station service","district_region":null,"departement_commune":null,"verifie":true,"name":"STATION TOTAL DE HIRE","source":"Géoportail ANSTAT"}},{"type":"Feature","geometry":{"type":"Point","coordinates":[-5.239905999999962,5.519855000000064]},"properties":{"id":56188,"nom":"STATION DELTA OIL","type":"station service","district_region":null,"departement_commune":null,"verifie":true,"name":"STATION DELTA OIL","source":"Géoportail ANSTAT"}},{"type":"Feature","geometry":{"type":"Point","coordinates":[-5.243118999999979,5.525006000000076]},"properties":{"id":56189,"nom":"STATION ESSENCI","type":"station service","district_region":null,"departement_commune":null,"verifie":true,"name":"STATION ESSENCI","source":"Géoportail ANSTAT"}},{"type":"Feature","geometry":{"type":"Point","coordinates":[-5.364829999999927,5.575668000000064]},"properties":{"id":56190,"nom":"STATION DE WAGANA","type":"station service","district_region":null,"departement_commune":null,"verifie":true,"name":"STATION DE WAGANA","source":"Géoportail ANSTAT"}},{"type":"Feature","geometry":{"type":"Point","coordinates":[-5.35952599999996,5.83006800000004]},"properties":{"id":56191,"nom":"STATION CORLAY","type":"station service","district_region":null,"departement_commune":null,"verifie":true,"name":"STATION CORLAY","source":"Géoportail ANSTAT"}},{"type":"Feature","geometry":{"type":"Point","coordinates":[-5.333505999999943,5.841600000000028]},"properties":{"id":56192,"nom":"STATION ESSENCE","type":"station service","district_region":null,"departement_commune":null,"verifie":true,"name":"STATION ESSENCE","source":"Géoportail ANSTAT"}},{"type":"Feature","geometry":{"type":"Point","coordinates":[-5.366692999999941,5.83441700000003]},"properties":{"id":56193,"nom":"STATION ESSENCI DE DIVO","type":"station service","district_region":null,"departement_commune":null,"verifie":true,"name":"STATION ESSENCI DE DIVO","source":"Géoportail ANSTAT"}},{"type":"Feature","geometry":{"type":"Point","coordinates":[-5.360320999999942,5.839950000000044]},"properties":{"id":56194,"nom":"STATION OILIBYA","type":"station service","district_region":null,"departement_commune":null,"verifie":true,"name":"STATION OILIBYA","source":"Géoportail ANSTAT"}},{"type":"Feature","geometry":{"type":"Point","coordinates":[-5.351941999999951,5.838092000000074]},"properties":{"id":56196,"nom":"STATION SHELL","type":"station service","district_region":null,"departement_commune":null,"verifie":true,"name":"STATION SHELL","source":"Géoportail ANSTAT"}},{"type":"Feature","geometry":{"type":"Point","coordinates":[-5.357139999999958,5.840410000000077]},"properties":{"id":56197,"nom":"STATION TOTAL","type":"station service","district_region":null,"departement_commune":null,"verifie":true,"name":"STATION TOTAL","source":"Géoportail ANSTAT"}},{"type":"Feature","geometry":{"type":"Point","coordinates":[-5.362821999999937,5.838730000000055]},"properties":{"id":56198,"nom":"STATION TOTAL","type":"station service","district_region":null,"departement_commune":null,"verifie":true,"name":"STATION TOTAL","source":"Géoportail ANSTAT"}},{"type":"Feature","geometry":{"type":"Point","coordinates":[-5.362830999999971,5.838734000000045]},"properties":{"id":56199,"nom":"STATION TOTAL","type":"station service","district_region":null,"departement_commune":null,"verifie":true,"name":"STATION TOTAL","source":"Géoportail ANSTAT"}},{"type":"Feature","geometry":{"type":"Point","coordinates":[-5.019603999999958,5.926971000000037]},"properties":{"id":56200,"nom":"STATION SHELL","type":"station service","district_region":null,"departement_commune":null,"verifie":true,"name":"STATION SHELL","source":"Géoportail ANSTAT"}},{"type":"Feature","geometry":{"type":"Point","coordinates":[-6.334053999999981,10.08020700000003]},"properties":{"id":56201,"nom":"STAR OIL","type":"station service","district_region":null,"departement_commune":null,"verifie":true,"name":"STAR OIL","source":"Géoportail ANSTAT"}},{"type":"Feature","geometry":{"type":"Point","coordinates":[-6.409809999999936,10.20230200000003]},"properties":{"id":56203,"nom":"STATION GAS ET OIL","type":"station service","district_region":null,"departement_commune":null,"verifie":true,"name":"STATION GAS ET OIL","source":"Géoportail ANSTAT"}},{"type":"Feature","geometry":{"type":"Point","coordinates":[-6.616545999999971,9.972663000000068]},"properties":{"id":56204,"nom":"STAR OIL","type":"station service","district_region":null,"departement_commune":null,"verifie":true,"name":"STAR OIL","source":"Géoportail ANSTAT"}},{"type":"Feature","geometry":{"type":"Point","coordinates":[-6.852492999999981,10.03895700000004]},"properties":{"id":56205,"nom":"STATION SHELL","type":"station service","district_region":null,"departement_commune":null,"verifie":true,"name":"STATION SHELL","source":"Géoportail ANSTAT"}},{"type":"Feature","geometry":{"type":"Point","coordinates":[-6.290822999999932,9.782039000000054]},"properties":{"id":56206,"nom":"STATION ESSENCE DE LANDIOUGOU","type":"station service","district_region":null,"departement_commune":null,"verifie":true,"name":"STATION ESSENCE DE LANDIOUGOU","source":"Géoportail ANSTAT"}},{"type":"Feature","geometry":{"type":"Point","coordinates":[-6.247732999999926,9.902506000000074]},"properties":{"id":56207,"nom":"STATION OLA ENERGIE","type":"station service","district_region":null,"departement_commune":null,"verifie":true,"name":"STATION OLA ENERGIE","source":"Géoportail ANSTAT"}},{"type":"Feature","geometry":{"type":"Point","coordinates":[-6.248380999999938,10.03025800000006]},"properties":{"id":56208,"nom":"STATION AFRIQUOIL KOFRE","type":"station service","district_region":null,"departement_commune":null,"verifie":true,"name":"STATION AFRIQUOIL KOFRE","source":"Géoportail ANSTAT"}},{"type":"Feature","geometry":{"type":"Point","coordinates":[-6.437138999999945,9.152225000000044]},"properties":{"id":56209,"nom":"STATION OLA ENERGIE","type":"station service","district_region":null,"departement_commune":null,"verifie":true,"name":"STATION OLA ENERGIE","source":"Géoportail ANSTAT"}},{"type":"Feature","geometry":{"type":"Point","coordinates":[-6.218620999999928,9.516116000000068]},"properties":{"id":56210,"nom":"STATION FODIO","type":"station service","district_region":null,"departement_commune":null,"verifie":true,"name":"STATION FODIO","source":"Géoportail ANSTAT"}},{"type":"Feature","geometry":{"type":"Point","coordinates":[-6.191642999999942,9.520818000000077]},"properties":{"id":56211,"nom":"STAR OIL","type":"station service","district_region":null,"departement_commune":null,"verifie":true,"name":"STAR OIL","source":"Géoportail ANSTAT"}},{"type":"Feature","geometry":{"type":"Point","coordinates":[-6.186534999999935,9.519313000000068]},"properties":{"id":56214,"nom":"STATION TOTAL","type":"station service","district_region":null,"departement_commune":null,"verifie":true,"name":"STATION TOTAL","source":"Géoportail ANSTAT"}},{"type":"Feature","geometry":{"type":"Point","coordinates":[-6.46283399999993,9.766436000000056]},"properties":{"id":56215,"nom":"STATION TOTAL  ILOT 1","type":"station service","district_region":null,"departement_commune":null,"verifie":true,"name":"STATION TOTAL  ILOT 1","source":"Géoportail ANSTAT"}},{"type":"Feature","geometry":{"type":"Point","coordinates":[-6.412578999999937,9.891325000000052]},"properties":{"id":56216,"nom":"STATION SHELL","type":"station service","district_region":null,"departement_commune":null,"verifie":true,"name":"STATION SHELL","source":"Géoportail ANSTAT"}},{"type":"Feature","geometry":{"type":"Point","coordinates":[-6.217113999999981,9.821909000000062]},"properties":{"id":56227,"nom":"STATION  OLA ENERGIE","type":"station service","district_region":null,"departement_commune":null,"verifie":true,"name":"STATION  OLA ENERGIE","source":"Géoportail ANSTAT"}},{"type":"Feature","geometry":{"type":"Point","coordinates":[-6.488097999999979,9.532350000000063]},"properties":{"id":56228,"nom":"STATION DISTRICOM","type":"station service","district_region":null,"departement_commune":null,"verifie":true,"name":"STATION DISTRICOM","source":"Géoportail ANSTAT"}},{"type":"Feature","geometry":{"type":"Point","coordinates":[-6.48077399999994,9.520842000000073]},"properties":{"id":56237,"nom":"STATION SHELL","type":"station service","district_region":null,"departement_commune":null,"verifie":true,"name":"STATION SHELL","source":"Géoportail ANSTAT"}},{"type":"Feature","geometry":{"type":"Point","coordinates":[-6.530026999999961,10.55975400000005]},"properties":{"id":56243,"nom":"STAR OIL","type":"station service","district_region":null,"departement_commune":null,"verifie":true,"name":"STAR OIL","source":"Géoportail ANSTAT"}},{"type":"Feature","geometry":{"type":"Point","coordinates":[-6.637836999999934,10.61939100000006]},"properties":{"id":56246,"nom":"STAR OIL","type":"station service","district_region":null,"departement_commune":null,"verifie":true,"name":"STAR OIL","source":"Géoportail ANSTAT"}},{"type":"Feature","geometry":{"type":"Point","coordinates":[-6.255463999999961,10.62332600000008]},"properties":{"id":56248,"nom":"STATION STAR OIL","type":"station service","district_region":null,"departement_commune":null,"verifie":true,"name":"STATION STAR OIL","source":"Géoportail ANSTAT"}},{"type":"Feature","geometry":{"type":"Point","coordinates":[-6.251895999999931,10.29803100000004]},"properties":{"id":56249,"nom":"STATION ESSENCE","type":"station service","district_region":null,"departement_commune":null,"verifie":true,"name":"STATION ESSENCE","source":"Géoportail ANSTAT"}},{"type":"Feature","geometry":{"type":"Point","coordinates":[-6.247465999999974,10.36715900000007]},"properties":{"id":56250,"nom":"STATION 8VOIRE PETROLEUM DE KARGA","type":"station service","district_region":null,"departement_commune":null,"verifie":true,"name":"STATION 8VOIRE PETROLEUM DE KARGA","source":"Géoportail ANSTAT"}},{"type":"Feature","geometry":{"type":"Point","coordinates":[-6.242197999999973,10.35467500000004]},"properties":{"id":56251,"nom":"STATION DE  FALIKOGO","type":"station service","district_region":null,"departement_commune":null,"verifie":true,"name":"STATION DE  FALIKOGO","source":"Géoportail ANSTAT"}},{"type":"Feature","geometry":{"type":"Point","coordinates":[-6.242744999999957,10.35569300000003]},"properties":{"id":56252,"nom":"STATION SHELL DE KANAKONO","type":"station service","district_region":null,"departement_commune":null,"verifie":true,"name":"STATION SHELL DE KANAKONO","source":"Géoportail ANSTAT"}},{"type":"Feature","geometry":{"type":"Point","coordinates":[-6.242157999999961,10.35069400000003]},"properties":{"id":56253,"nom":"STATION STAR OIL DE FALIKOGO","type":"station service","district_region":null,"departement_commune":null,"verifie":true,"name":"STATION STAR OIL DE FALIKOGO","source":"Géoportail ANSTAT"}},{"type":"Feature","geometry":{"type":"Point","coordinates":[-6.408035999999981,10.48592300000007]},"properties":{"id":56254,"nom":"STATION SELECT","type":"station service","district_region":null,"departement_commune":null,"verifie":true,"name":"STATION SELECT","source":"Géoportail ANSTAT"}},{"type":"Feature","geometry":{"type":"Point","coordinates":[-5.667137999999966,8.220885000000067]},"properties":{"id":56265,"nom":"STATION SHELL","type":"station service","district_region":null,"departement_commune":null,"verifie":true,"name":"STATION SHELL","source":"Géoportail ANSTAT"}},{"type":"Feature","geometry":{"type":"Point","coordinates":[-5.667773999999952,8.214388000000042]},"properties":{"id":56266,"nom":"STATION STAR OIL","type":"station service","district_region":null,"departement_commune":null,"verifie":true,"name":"STATION STAR OIL","source":"Géoportail ANSTAT"}},{"type":"Feature","geometry":{"type":"Point","coordinates":[-5.718840999999941,8.179429000000027]},"properties":{"id":56269,"nom":"STATION NISSA SERVICE","type":"station service","district_region":null,"departement_commune":null,"verifie":true,"name":"STATION NISSA SERVICE","source":"Géoportail ANSTAT"}},{"type":"Feature","geometry":{"type":"Point","coordinates":[-6.202918999999952,8.54384600000003]},"properties":{"id":56270,"nom":"STATION SERVICE STAR OIL","type":"station service","district_region":null,"departement_commune":null,"verifie":true,"name":"STATION SERVICE STAR OIL","source":"Géoportail ANSTAT"}},{"type":"Feature","geometry":{"type":"Point","coordinates":[-5.876323999999954,8.409835000000044]},"properties":{"id":56272,"nom":"STATION DOCI","type":"station service","district_region":null,"departement_commune":null,"verifie":true,"name":"STATION DOCI","source":"Géoportail ANSTAT"}},{"type":"Feature","geometry":{"type":"Point","coordinates":[-5.880138999999929,8.41016200000007]},"properties":{"id":56276,"nom":"STATION SHELL","type":"station service","district_region":null,"departement_commune":null,"verifie":true,"name":"STATION SHELL","source":"Géoportail ANSTAT"}},{"type":"Feature","geometry":{"type":"Point","coordinates":[-5.91519599999998,8.44324000000006]},"properties":{"id":56277,"nom":"STATION","type":"station service","district_region":null,"departement_commune":null,"verifie":true,"name":"STATION","source":"Géoportail ANSTAT"}},{"type":"Feature","geometry":{"type":"Point","coordinates":[-5.986151999999947,8.134802000000036]},"properties":{"id":56278,"nom":"STATION OIL","type":"station service","district_region":null,"departement_commune":null,"verifie":true,"name":"STATION OIL","source":"Géoportail ANSTAT"}},{"type":"Feature","geometry":{"type":"Point","coordinates":[-6.102344999999957,8.321962000000042]},"properties":{"id":56279,"nom":"STATION DESSENCE","type":"station service","district_region":null,"departement_commune":null,"verifie":true,"name":"STATION DESSENCE","source":"Géoportail ANSTAT"}},{"type":"Feature","geometry":{"type":"Point","coordinates":[-6.18773299999998,8.052755000000047]},"properties":{"id":56280,"nom":"STATION DELTA OIL","type":"station service","district_region":null,"departement_commune":null,"verifie":true,"name":"STATION DELTA OIL","source":"Géoportail ANSTAT"}},{"type":"Feature","geometry":{"type":"Point","coordinates":[-6.188283999999953,8.054568000000074]},"properties":{"id":56281,"nom":"STATION SHELL","type":"station service","district_region":null,"departement_commune":null,"verifie":true,"name":"STATION SHELL","source":"Géoportail ANSTAT"}},{"type":"Feature","geometry":{"type":"Point","coordinates":[-6.135151999999948,8.632926000000055]},"properties":{"id":56282,"nom":"STATION DESSENCE","type":"station service","district_region":null,"departement_commune":null,"verifie":true,"name":"STATION DESSENCE","source":"Géoportail ANSTAT"}},{"type":"Feature","geometry":{"type":"Point","coordinates":[-6.243782999999951,8.758231000000023]},"properties":{"id":56283,"nom":"STATION SIFO","type":"station service","district_region":null,"departement_commune":null,"verifie":true,"name":"STATION SIFO","source":"Géoportail ANSTAT"}},{"type":"Feature","geometry":{"type":"Point","coordinates":[-6.25807199999997,8.951980000000049]},"properties":{"id":56284,"nom":"STATION DOCI","type":"station service","district_region":null,"departement_commune":null,"verifie":true,"name":"STATION DOCI","source":"Géoportail ANSTAT"}},{"type":"Feature","geometry":{"type":"Point","coordinates":[-6.253848999999946,8.947172000000023]},"properties":{"id":56287,"nom":"STATION TOTAL DE DIANRA","type":"station service","district_region":null,"departement_commune":null,"verifie":true,"name":"STATION TOTAL DE DIANRA","source":"Géoportail ANSTAT"}},{"type":"Feature","geometry":{"type":"Point","coordinates":[-6.271300999999937,8.827822000000026]},"properties":{"id":56301,"nom":"STATION DOCI","type":"station service","district_region":null,"departement_commune":null,"verifie":true,"name":"STATION DOCI","source":"Géoportail ANSTAT"}},{"type":"Feature","geometry":{"type":"Point","coordinates":[-5.835839999999962,7.791008000000033]},"properties":{"id":56303,"nom":"STATION ESSENCE","type":"station service","district_region":null,"departement_commune":null,"verifie":true,"name":"STATION ESSENCE","source":"Géoportail ANSTAT"}},{"type":"Feature","geometry":{"type":"Point","coordinates":[-6.672054999999943,10.24592300000006]},"properties":{"id":56304,"nom":"STAR OIL MAHANDIANA SOKOURANI","type":"station service","district_region":null,"departement_commune":null,"verifie":true,"name":"STAR OIL MAHANDIANA SOKOURANI","source":"Géoportail ANSTAT"}},{"type":"Feature","geometry":{"type":"Point","coordinates":[-6.935781999999961,10.31447000000003]},"properties":{"id":56306,"nom":"STATION STAR OIL","type":"station service","district_region":null,"departement_commune":null,"verifie":true,"name":"STATION STAR OIL","source":"Géoportail ANSTAT"}},{"type":"Feature","geometry":{"type":"Point","coordinates":[-7.482128999999929,10.40102600000006]},"properties":{"id":56308,"nom":"STATION ESSENCE","type":"station service","district_region":null,"departement_commune":null,"verifie":true,"name":"STATION ESSENCE","source":"Géoportail ANSTAT"}},{"type":"Feature","geometry":{"type":"Point","coordinates":[-7.486337999999932,10.22497500000003]},"properties":{"id":56311,"nom":"STATION ESSENCE DE TIENKO","type":"station service","district_region":null,"departement_commune":null,"verifie":true,"name":"STATION ESSENCE DE TIENKO","source":"Géoportail ANSTAT"}},{"type":"Feature","geometry":{"type":"Point","coordinates":[-7.515615999999966,10.36146400000007]},"properties":{"id":56312,"nom":"STATION STAR OIL DE KIMBIRILA NORD","type":"station service","district_region":null,"departement_commune":null,"verifie":true,"name":"STATION STAR OIL DE KIMBIRILA NORD","source":"Géoportail ANSTAT"}},{"type":"Feature","geometry":{"type":"Point","coordinates":[-7.512977999999976,9.811592000000076]},"properties":{"id":56313,"nom":"STATION DOCI","type":"station service","district_region":null,"departement_commune":null,"verifie":true,"name":"STATION DOCI","source":"Géoportail ANSTAT"}},{"type":"Feature","geometry":{"type":"Point","coordinates":[-7.834422999999958,9.994574000000055]},"properties":{"id":56319,"nom":"STATION STAR OIL","type":"station service","district_region":null,"departement_commune":null,"verifie":true,"name":"STATION STAR OIL","source":"Géoportail ANSTAT"}},{"type":"Feature","geometry":{"type":"Point","coordinates":[-7.834349999999972,9.994327000000055]},"properties":{"id":56320,"nom":"STATION TOTAL","type":"station service","district_region":null,"departement_commune":null,"verifie":true,"name":"STATION TOTAL","source":"Géoportail ANSTAT"}},{"type":"Feature","geometry":{"type":"Point","coordinates":[-3.346254999999928,6.388679000000025]},"properties":{"id":56321,"nom":"STATION   ESSENCE D EBILASSOKRO","type":"station service","district_region":null,"departement_commune":null,"verifie":true,"name":"STATION   ESSENCE D EBILASSOKRO","source":"Géoportail ANSTAT"}},{"type":"Feature","geometry":{"type":"Point","coordinates":[-3.364835999999968,6.425720000000069]},"properties":{"id":56322,"nom":"STATION IVOIRELUB","type":"station service","district_region":null,"departement_commune":null,"verifie":true,"name":"STATION IVOIRELUB","source":"Géoportail ANSTAT"}},{"type":"Feature","geometry":{"type":"Point","coordinates":[-3.44083999999998,6.32941500000004]},"properties":{"id":56323,"nom":"STATION DESSENCE","type":"station service","district_region":null,"departement_commune":null,"verifie":true,"name":"STATION DESSENCE","source":"Géoportail ANSTAT"}},{"type":"Feature","geometry":{"type":"Point","coordinates":[-3.507432999999935,6.723660000000052]},"properties":{"id":56324,"nom":"STATION SHELL","type":"station service","district_region":null,"departement_commune":null,"verifie":true,"name":"STATION SHELL","source":"Géoportail ANSTAT"}},{"type":"Feature","geometry":{"type":"Point","coordinates":[-3.278584999999964,6.662477000000024]},"properties":{"id":56325,"nom":"STATION IVOIRE LUB","type":"station service","district_region":null,"departement_commune":null,"verifie":true,"name":"STATION IVOIRE LUB","source":"Géoportail ANSTAT"}},{"type":"Feature","geometry":{"type":"Point","coordinates":[-3.505522999999926,6.74247900000006]},"properties":{"id":56326,"nom":"STATION AFRIQOIL","type":"station service","district_region":null,"departement_commune":null,"verifie":true,"name":"STATION AFRIQOIL","source":"Géoportail ANSTAT"}},{"type":"Feature","geometry":{"type":"Point","coordinates":[-3.490748999999937,6.729824000000065]},"properties":{"id":56327,"nom":"STATION OLIBYA","type":"station service","district_region":null,"departement_commune":null,"verifie":true,"name":"STATION OLIBYA","source":"Géoportail ANSTAT"}},{"type":"Feature","geometry":{"type":"Point","coordinates":[-3.504647999999975,6.741576000000066]},"properties":{"id":56328,"nom":"STATION PETROCI","type":"station service","district_region":null,"departement_commune":null,"verifie":true,"name":"STATION PETROCI","source":"Géoportail ANSTAT"}},{"type":"Feature","geometry":{"type":"Point","coordinates":[-3.498417999999958,6.726837000000046]},"properties":{"id":56329,"nom":"STATION SHELL2","type":"station service","district_region":null,"departement_commune":null,"verifie":true,"name":"STATION SHELL2","source":"Géoportail ANSTAT"}},{"type":"Feature","geometry":{"type":"Point","coordinates":[-3.201963999999975,7.130119000000036]},"properties":{"id":56330,"nom":"STATION OILIBYA","type":"station service","district_region":null,"departement_commune":null,"verifie":true,"name":"STATION OILIBYA","source":"Géoportail ANSTAT"}},{"type":"Feature","geometry":{"type":"Point","coordinates":[-3.201612999999952,7.130334000000062]},"properties":{"id":56331,"nom":"STATION SHELL","type":"station service","district_region":null,"departement_commune":null,"verifie":true,"name":"STATION SHELL","source":"Géoportail ANSTAT"}},{"type":"Feature","geometry":{"type":"Point","coordinates":[-3.318668999999943,6.293984000000023]},"properties":{"id":56332,"nom":"STATION EN CONTRUCTION","type":"station service","district_region":null,"departement_commune":null,"verifie":true,"name":"STATION EN CONTRUCTION","source":"Géoportail ANSTAT"}},{"type":"Feature","geometry":{"type":"Point","coordinates":[-7.558495999999934,9.50768800000003]},"properties":{"id":56333,"nom":"STATION SHELL","type":"station service","district_region":null,"departement_commune":null,"verifie":true,"name":"STATION SHELL","source":"Géoportail ANSTAT"}},{"type":"Feature","geometry":{"type":"Point","coordinates":[-7.559459999999945,9.507134000000065]},"properties":{"id":56334,"nom":"STATION SHELL","type":"station service","district_region":null,"departement_commune":null,"verifie":true,"name":"STATION SHELL","source":"Géoportail ANSTAT"}},{"type":"Feature","geometry":{"type":"Point","coordinates":[-7.564104999999927,9.521041000000023]},"properties":{"id":56335,"nom":"STATION TOTAL","type":"station service","district_region":null,"departement_commune":null,"verifie":true,"name":"STATION TOTAL","source":"Géoportail ANSTAT"}},{"type":"Feature","geometry":{"type":"Point","coordinates":[-7.127967999999953,9.356273000000044]},"properties":{"id":56336,"nom":"STATION DELTA OIL","type":"station service","district_region":null,"departement_commune":null,"verifie":true,"name":"STATION DELTA OIL","source":"Géoportail ANSTAT"}},{"type":"Feature","geometry":{"type":"Point","coordinates":[-8.124740999999972,9.582270000000053]},"properties":{"id":56337,"nom":"STATION SHELL","type":"station service","district_region":null,"departement_commune":null,"verifie":true,"name":"STATION SHELL","source":"Géoportail ANSTAT"}},{"type":"Feature","geometry":{"type":"Point","coordinates":[-3.76674399999996,5.676490000000058]},"properties":{"id":56338,"nom":"STATION G ET O","type":"station service","district_region":null,"departement_commune":null,"verifie":true,"name":"STATION G ET O","source":"Géoportail ANSTAT"}},{"type":"Feature","geometry":{"type":"Point","coordinates":[-3.742481999999939,5.482113000000027]},"properties":{"id":56339,"nom":"STATION PETRO IVOIRE","type":"station service","district_region":null,"departement_commune":null,"verifie":true,"name":"STATION PETRO IVOIRE","source":"Géoportail ANSTAT"}},{"type":"Feature","geometry":{"type":"Point","coordinates":[-3.662422999999933,5.50156800000002]},"properties":{"id":56341,"nom":"STATION IVOIRE HYDROCARBURE IDC","type":"station service","district_region":null,"departement_commune":null,"verifie":true,"name":"STATION IVOIRE HYDROCARBURE IDC","source":"Géoportail ANSTAT"}},{"type":"Feature","geometry":{"type":"Point","coordinates":[-3.641423999999972,6.15258700000004]},"properties":{"id":56342,"nom":"STATION","type":"station service","district_region":null,"departement_commune":null,"verifie":true,"name":"STATION","source":"Géoportail ANSTAT"}},{"type":"Feature","geometry":{"type":"Point","coordinates":[-3.760417999999959,6.562459000000047]},"properties":{"id":56343,"nom":"STATION ORYX ENERGIES","type":"station service","district_region":null,"departement_commune":null,"verifie":true,"name":"STATION ORYX ENERGIES","source":"Géoportail ANSTAT"}},{"type":"Feature","geometry":{"type":"Point","coordinates":[-3.938747999999975,5.977348000000063]},"properties":{"id":56345,"nom":"STATION YAD PETROLUM","type":"station service","district_region":null,"departement_commune":null,"verifie":true,"name":"STATION YAD PETROLUM","source":"Géoportail ANSTAT"}},{"type":"Feature","geometry":{"type":"Point","coordinates":[-3.860229999999945,6.099270000000047]},"properties":{"id":56347,"nom":"STATION CORLAY","type":"station service","district_region":null,"departement_commune":null,"verifie":true,"name":"STATION CORLAY","source":"Géoportail ANSTAT"}},{"type":"Feature","geometry":{"type":"Point","coordinates":[-3.860758999999973,6.097456000000022]},"properties":{"id":56348,"nom":"STATION PETRO IVOIRE","type":"station service","district_region":null,"departement_commune":null,"verifie":true,"name":"STATION PETRO IVOIRE","source":"Géoportail ANSTAT"}},{"type":"Feature","geometry":{"type":"Point","coordinates":[-3.841586999999947,5.224170000000072]},"properties":{"id":56350,"nom":"STATION EN CONSTRUCTION","type":"station service","district_region":null,"departement_commune":null,"verifie":true,"name":"STATION EN CONSTRUCTION","source":"Géoportail ANSTAT"}},{"type":"Feature","geometry":{"type":"Point","coordinates":[-3.595644999999934,5.271203000000071]},"properties":{"id":56351,"nom":"STATION OILIBYA","type":"station service","district_region":null,"departement_commune":null,"verifie":true,"name":"STATION OILIBYA","source":"Géoportail ANSTAT"}},{"type":"Feature","geometry":{"type":"Point","coordinates":[-3.602767999999969,5.261849000000041]},"properties":{"id":56352,"nom":"STATION SIP","type":"station service","district_region":null,"departement_commune":null,"verifie":true,"name":"STATION SIP","source":"Géoportail ANSTAT"}},{"type":"Feature","geometry":{"type":"Point","coordinates":[-3.592113999999981,5.272786000000053]},"properties":{"id":56353,"nom":"STATION TOTAL","type":"station service","district_region":null,"departement_commune":null,"verifie":true,"name":"STATION TOTAL","source":"Géoportail ANSTAT"}},{"type":"Feature","geometry":{"type":"Point","coordinates":[-3.73601199999996,5.206576000000041]},"properties":{"id":56354,"nom":"STATION  TOTAL","type":"station service","district_region":null,"departement_commune":null,"verifie":true,"name":"STATION  TOTAL","source":"Géoportail ANSTAT"}},{"type":"Feature","geometry":{"type":"Point","coordinates":[-3.740635999999938,5.208313000000032]},"properties":{"id":56355,"nom":"STATION CORLAY","type":"station service","district_region":null,"departement_commune":null,"verifie":true,"name":"STATION CORLAY","source":"Géoportail ANSTAT"}},{"type":"Feature","geometry":{"type":"Point","coordinates":[-3.733869999999968,5.210129000000052]},"properties":{"id":56356,"nom":"STATION OILIBYA","type":"station service","district_region":null,"departement_commune":null,"verifie":true,"name":"STATION OILIBYA","source":"Géoportail ANSTAT"}},{"type":"Feature","geometry":{"type":"Point","coordinates":[-3.371572999999955,5.29696400000006]},"properties":{"id":56357,"nom":"STATION ESSENCE","type":"station service","district_region":null,"departement_commune":null,"verifie":true,"name":"STATION ESSENCE","source":"Géoportail ANSTAT"}},{"type":"Feature","geometry":{"type":"Point","coordinates":[-3.475408999999956,5.171426000000054]},"properties":{"id":56358,"nom":"STATION","type":"station service","district_region":null,"departement_commune":null,"verifie":true,"name":"STATION","source":"Géoportail ANSTAT"}},{"type":"Feature","geometry":{"type":"Point","coordinates":[-3.401051999999936,5.393317000000025]},"properties":{"id":56359,"nom":"STATION SHELL","type":"station service","district_region":null,"departement_commune":null,"verifie":true,"name":"STATION SHELL","source":"Géoportail ANSTAT"}},{"type":"Feature","geometry":{"type":"Point","coordinates":[-3.056679999999972,5.29839800000002]},"properties":{"id":56360,"nom":"STATION DOCI","type":"station service","district_region":null,"departement_commune":null,"verifie":true,"name":"STATION DOCI","source":"Géoportail ANSTAT"}},{"type":"Feature","geometry":{"type":"Point","coordinates":[-3.21824399999997,5.466234000000043]},"properties":{"id":56361,"nom":"STATION D ABOISSO","type":"station service","district_region":null,"departement_commune":null,"verifie":true,"name":"STATION D ABOISSO","source":"Géoportail ANSTAT"}},{"type":"Feature","geometry":{"type":"Point","coordinates":[-3.207038999999952,5.469066000000055]},"properties":{"id":56362,"nom":"STATION SHELL","type":"station service","district_region":null,"departement_commune":null,"verifie":true,"name":"STATION SHELL","source":"Géoportail ANSTAT"}},{"type":"Feature","geometry":{"type":"Point","coordinates":[-5.288427999999953,8.656651000000068]},"properties":{"id":56363,"nom":"STATION SHELL","type":"station service","district_region":null,"departement_commune":null,"verifie":true,"name":"STATION SHELL","source":"Géoportail ANSTAT"}},{"type":"Feature","geometry":{"type":"Point","coordinates":[-5.287824999999941,8.660975000000064]},"properties":{"id":56364,"nom":"STATION TOTAL","type":"station service","district_region":null,"departement_commune":null,"verifie":true,"name":"STATION TOTAL","source":"Géoportail ANSTAT"}},{"type":"Feature","geometry":{"type":"Point","coordinates":[-5.682135999999957,8.768210000000067]},"properties":{"id":56365,"nom":"STATION ESSENCE NISSA","type":"station service","district_region":null,"departement_commune":null,"verifie":true,"name":"STATION ESSENCE NISSA","source":"Géoportail ANSTAT"}},{"type":"Feature","geometry":{"type":"Point","coordinates":[-5.123966999999936,8.21275300000002]},"properties":{"id":56366,"nom":"STATION NISSA","type":"station service","district_region":null,"departement_commune":null,"verifie":true,"name":"STATION NISSA","source":"Géoportail ANSTAT"}},{"type":"Feature","geometry":{"type":"Point","coordinates":[-5.101468999999952,8.139493000000073]},"properties":{"id":56367,"nom":"STATION TOTAL","type":"station service","district_region":null,"departement_commune":null,"verifie":true,"name":"STATION TOTAL","source":"Géoportail ANSTAT"}},{"type":"Feature","geometry":{"type":"Point","coordinates":[-4.362509999999929,7.900183000000027]},"properties":{"id":56368,"nom":"STATION SHELL","type":"station service","district_region":null,"departement_commune":null,"verifie":true,"name":"STATION SHELL","source":"Géoportail ANSTAT"}},{"type":"Feature","geometry":{"type":"Point","coordinates":[-4.427633999999955,8.362493000000029]},"properties":{"id":56369,"nom":"STATION SERVICE SHELL","type":"station service","district_region":null,"departement_commune":null,"verifie":true,"name":"STATION SERVICE SHELL","source":"Géoportail ANSTAT"}},{"type":"Feature","geometry":{"type":"Point","coordinates":[-4.432653999999957,8.367125000000044]},"properties":{"id":56370,"nom":"STATION TOTAL","type":"station service","district_region":null,"departement_commune":null,"verifie":true,"name":"STATION TOTAL","source":"Géoportail ANSTAT"}},{"type":"Feature","geometry":{"type":"Point","coordinates":[-5.168748999999934,9.21060700000004]},"properties":{"id":56371,"nom":"STATION DE BADIKAHA","type":"station service","district_region":null,"departement_commune":null,"verifie":true,"name":"STATION DE BADIKAHA","source":"Géoportail ANSTAT"}},{"type":"Feature","geometry":{"type":"Point","coordinates":[-5.168735999999967,9.210582000000043]},"properties":{"id":56372,"nom":"STATION DE BADIKAHA","type":"station service","district_region":null,"departement_commune":null,"verifie":true,"name":"STATION DE BADIKAHA","source":"Géoportail ANSTAT"}},{"type":"Feature","geometry":{"type":"Point","coordinates":[-7.586689999999976,7.36112600000007]},"properties":{"id":56373,"nom":"STATION","type":"station service","district_region":null,"departement_commune":null,"verifie":true,"name":"STATION","source":"Géoportail ANSTAT"}},{"type":"Feature","geometry":{"type":"Point","coordinates":[-7.586033999999927,7.364418000000057]},"properties":{"id":56374,"nom":"STATION PETRO IVOIRE","type":"station service","district_region":null,"departement_commune":null,"verifie":true,"name":"STATION PETRO IVOIRE","source":"Géoportail ANSTAT"}},{"type":"Feature","geometry":{"type":"Point","coordinates":[-7.568581999999935,7.384975000000054]},"properties":{"id":56375,"nom":"STATION UDP","type":"station service","district_region":null,"departement_commune":null,"verifie":true,"name":"STATION UDP","source":"Géoportail ANSTAT"}},{"type":"Feature","geometry":{"type":"Point","coordinates":[-8.141950999999949,7.263539000000037]},"properties":{"id":56376,"nom":"STATION","type":"station service","district_region":null,"departement_commune":null,"verifie":true,"name":"STATION","source":"Géoportail ANSTAT"}},{"type":"Feature","geometry":{"type":"Point","coordinates":[-7.623282999999958,7.741780000000063]},"properties":{"id":56377,"nom":"STATION SHELL FUELSAVE","type":"station service","district_region":null,"departement_commune":null,"verifie":true,"name":"STATION SHELL FUELSAVE","source":"Géoportail ANSTAT"}},{"type":"Feature","geometry":{"type":"Point","coordinates":[-8.209198999999956,6.924105000000054]},"properties":{"id":56378,"nom":"STATION D ESSENCE DE ZOUAN HOUNIEN","type":"station service","district_region":null,"departement_commune":null,"verifie":true,"name":"STATION D ESSENCE DE ZOUAN HOUNIEN","source":"Géoportail ANSTAT"}},{"type":"Feature","geometry":{"type":"Point","coordinates":[-3.961127999999974,7.055151000000023]},"properties":{"id":56379,"nom":"STATION PETRO IVOIRE","type":"station service","district_region":null,"departement_commune":null,"verifie":true,"name":"STATION PETRO IVOIRE","source":"Géoportail ANSTAT"}},{"type":"Feature","geometry":{"type":"Point","coordinates":[-3.960492999999929,7.058218000000068]},"properties":{"id":56380,"nom":"STATION TOTAL","type":"station service","district_region":null,"departement_commune":null,"verifie":true,"name":"STATION TOTAL","source":"Géoportail ANSTAT"}},{"type":"Feature","geometry":{"type":"Point","coordinates":[-4.255934999999965,7.285100000000057]},"properties":{"id":56381,"nom":"STATION IVOIRELUB","type":"station service","district_region":null,"departement_commune":null,"verifie":true,"name":"STATION IVOIRELUB","source":"Géoportail ANSTAT"}},{"type":"Feature","geometry":{"type":"Point","coordinates":[-4.014123999999981,7.298693000000071]},"properties":{"id":56382,"nom":"STATION ESSENCE DE OUELLE","type":"station service","district_region":null,"departement_commune":null,"verifie":true,"name":"STATION ESSENCE DE OUELLE","source":"Géoportail ANSTAT"}},{"type":"Feature","geometry":{"type":"Point","coordinates":[-4.834856999999943,7.639246000000071]},"properties":{"id":56383,"nom":"SWANN OIL AT HOME","type":"station service","district_region":null,"departement_commune":null,"verifie":true,"name":"SWANN OIL AT HOME","source":"Géoportail ANSTAT"}},{"type":"Feature","geometry":{"type":"Point","coordinates":[-6.645257999999956,4.757403000000068]},"properties":{"id":56384,"nom":"TOTAL","type":"station service","district_region":null,"departement_commune":null,"verifie":true,"name":"TOTAL","source":"Géoportail ANSTAT"}},{"type":"Feature","geometry":{"type":"Point","coordinates":[-7.047183999999959,4.944042000000024]},"properties":{"id":56385,"nom":"TOTAL","type":"station service","district_region":null,"departement_commune":null,"verifie":true,"name":"TOTAL","source":"Géoportail ANSTAT"}},{"type":"Feature","geometry":{"type":"Point","coordinates":[-7.357413999999949,4.426812000000041]},"properties":{"id":56386,"nom":"TOTAL","type":"station service","district_region":null,"departement_commune":null,"verifie":true,"name":"TOTAL","source":"Géoportail ANSTAT"}},{"type":"Feature","geometry":{"type":"Point","coordinates":[-5.612026999999955,9.473636000000056]},"properties":{"id":56387,"nom":"TOTAL","type":"station service","district_region":null,"departement_commune":null,"verifie":true,"name":"TOTAL","source":"Géoportail ANSTAT"}},{"type":"Feature","geometry":{"type":"Point","coordinates":[-5.638944999999978,9.46092900000002]},"properties":{"id":56389,"nom":"TOTAL","type":"station service","district_region":null,"departement_commune":null,"verifie":true,"name":"TOTAL","source":"Géoportail ANSTAT"}},{"type":"Feature","geometry":{"type":"Point","coordinates":[-6.557989999999961,5.410357000000033]},"properties":{"id":56390,"nom":"TOTAL MEAGUI","type":"station service","district_region":null,"departement_commune":null,"verifie":true,"name":"TOTAL MEAGUI","source":"Géoportail ANSTAT"}},{"type":"Feature","geometry":{"type":"Point","coordinates":[-7.345316999999966,6.74572500000005]},"properties":{"id":56391,"nom":"TOTAL","type":"station service","district_region":null,"departement_commune":null,"verifie":true,"name":"TOTAL","source":"Géoportail ANSTAT"}},{"type":"Feature","geometry":{"type":"Point","coordinates":[-7.344606999999939,6.745542000000057]},"properties":{"id":56392,"nom":"TOTAL","type":"station service","district_region":null,"departement_commune":null,"verifie":true,"name":"TOTAL","source":"Géoportail ANSTAT"}},{"type":"Feature","geometry":{"type":"Point","coordinates":[-4.999423999999976,5.248646000000065]},"properties":{"id":56393,"nom":"TOTAL LUBRIFIANTS  STATION DABOU 1","type":"station service","district_region":null,"departement_commune":null,"verifie":true,"name":"TOTAL LUBRIFIANTS  STATION DABOU 1","source":"Géoportail ANSTAT"}},{"type":"Feature","geometry":{"type":"Point","coordinates":[-4.383382999999981,5.323740000000043]},"properties":{"id":56394,"nom":"TOTAL","type":"station service","district_region":null,"departement_commune":null,"verifie":true,"name":"TOTAL","source":"Géoportail ANSTAT"}},{"type":"Feature","geometry":{"type":"Point","coordinates":[-5.944430999999952,6.127222000000074]},"properties":{"id":56395,"nom":"TOTAL","type":"station service","district_region":null,"departement_commune":null,"verifie":true,"name":"TOTAL","source":"Géoportail ANSTAT"}},{"type":"Feature","geometry":{"type":"Point","coordinates":[-5.938433999999972,6.118989000000056]},"properties":{"id":56397,"nom":"TOTAL SERVICE","type":"station service","district_region":null,"departement_commune":null,"verifie":true,"name":"TOTAL SERVICE","source":"Géoportail ANSTAT"}},{"type":"Feature","geometry":{"type":"Point","coordinates":[-5.017845999999963,6.555875000000071]},"properties":{"id":56398,"nom":"TOTALO","type":"station service","district_region":null,"departement_commune":null,"verifie":true,"name":"TOTALO","source":"Géoportail ANSTAT"}},{"type":"Feature","geometry":{"type":"Point","coordinates":[-6.669683999999961,7.95922900000005]},"properties":{"id":56399,"nom":"TOTAL GAZOLE","type":"station service","district_region":null,"departement_commune":null,"verifie":true,"name":"TOTAL GAZOLE","source":"Géoportail ANSTAT"}},{"type":"Feature","geometry":{"type":"Point","coordinates":[-5.027757999999949,7.662172000000055]},"properties":{"id":56400,"nom":"TEXACO","type":"station service","district_region":null,"departement_commune":null,"verifie":true,"name":"TEXACO","source":"Géoportail ANSTAT"}},{"type":"Feature","geometry":{"type":"Point","coordinates":[-3.345604999999978,9.804998000000069]},"properties":{"id":56401,"nom":"TOTAL","type":"station service","district_region":null,"departement_commune":null,"verifie":true,"name":"TOTAL","source":"Géoportail ANSTAT"}},{"type":"Feature","geometry":{"type":"Point","coordinates":[-7.487026999999955,6.219170000000076]},"properties":{"id":56402,"nom":"UNION DES DISTRIBUTEURS PETROLIERS","type":"station service","district_region":null,"departement_commune":null,"verifie":true,"name":"UNION DES DISTRIBUTEURS PETROLIERS","source":"Géoportail ANSTAT"}},{"type":"Feature","geometry":{"type":"Point","coordinates":[-4.763831999999979,5.865856000000065]},"properties":{"id":56403,"nom":"TOTAL","type":"station service","district_region":null,"departement_commune":null,"verifie":true,"name":"TOTAL","source":"Géoportail ANSTAT"}},{"type":"Feature","geometry":{"type":"Point","coordinates":[-5.683045999999933,5.85620300000005]},"properties":{"id":56404,"nom":"TOTAL","type":"station service","district_region":null,"departement_commune":null,"verifie":true,"name":"TOTAL","source":"Géoportail ANSTAT"}},{"type":"Feature","geometry":{"type":"Point","coordinates":[-5.673802999999964,5.874735000000044]},"properties":{"id":56405,"nom":"TOTAL","type":"station service","district_region":null,"departement_commune":null,"verifie":true,"name":"TOTAL","source":"Géoportail ANSTAT"}},{"type":"Feature","geometry":{"type":"Point","coordinates":[-3.48943799999995,6.730078000000049]},"properties":{"id":56406,"nom":"TOTAL","type":"station service","district_region":null,"departement_commune":null,"verifie":true,"name":"TOTAL","source":"Géoportail ANSTAT"}},{"type":"Feature","geometry":{"type":"Point","coordinates":[-3.489438999999948,6.730065000000025]},"properties":{"id":56407,"nom":"TOTAL","type":"station service","district_region":null,"departement_commune":null,"verifie":true,"name":"TOTAL","source":"Géoportail ANSTAT"}},{"type":"Feature","geometry":{"type":"Point","coordinates":[-3.201346999999942,7.127391000000046]},"properties":{"id":56408,"nom":"TOTAL","type":"station service","district_region":null,"departement_commune":null,"verifie":true,"name":"TOTAL","source":"Géoportail ANSTAT"}},{"type":"Feature","geometry":{"type":"Point","coordinates":[-3.889229999999941,6.395882000000029]},"properties":{"id":56409,"nom":"TOTALE","type":"station service","district_region":null,"departement_commune":null,"verifie":true,"name":"TOTALE","source":"Géoportail ANSTAT"}},{"type":"Feature","geometry":{"type":"Point","coordinates":[-7.550662999999929,7.409228000000041]},"properties":{"id":56410,"nom":"TOTAL","type":"station service","district_region":null,"departement_commune":null,"verifie":true,"name":"TOTAL","source":"Géoportail ANSTAT"}},{"type":"Feature","geometry":{"type":"Point","coordinates":[-8.153854999999965,7.262777000000028]},"properties":{"id":56411,"nom":"TOTAL","type":"station service","district_region":null,"departement_commune":null,"verifie":true,"name":"TOTAL","source":"Géoportail ANSTAT"}},{"type":"Feature","geometry":{"type":"Point","coordinates":[-8.154079999999965,7.262848000000076]},"properties":{"id":56412,"nom":"TOTAL","type":"station service","district_region":null,"departement_commune":null,"verifie":true,"name":"TOTAL","source":"Géoportail ANSTAT"}},{"type":"Feature","geometry":{"type":"Point","coordinates":[-7.612460999999939,7.736958000000072]},"properties":{"id":56413,"nom":"TEXACO","type":"station service","district_region":null,"departement_commune":null,"verifie":true,"name":"TEXACO","source":"Géoportail ANSTAT"}},{"type":"Feature","geometry":{"type":"Point","coordinates":[-4.337332999999944,7.453242000000046]},"properties":{"id":56414,"nom":"TOTAL","type":"station service","district_region":null,"departement_commune":null,"verifie":true,"name":"TOTAL","source":"Géoportail ANSTAT"}},{"type":"Feature","geometry":{"type":"Point","coordinates":[-5.276707999999928,9.503127000000063]},"properties":{"id":56415,"nom":"VENTE DE CARBURANT","type":"station service","district_region":null,"departement_commune":null,"verifie":true,"name":"VENTE DE CARBURANT","source":"Géoportail ANSTAT"}},{"type":"Feature","geometry":{"type":"Point","coordinates":[-5.46970099999993,10.10762300000005]},"properties":{"id":56416,"nom":"VENTE D ESSENCE","type":"station service","district_region":null,"departement_commune":null,"verifie":true,"name":"VENTE D ESSENCE","source":"Géoportail ANSTAT"}},{"type":"Feature","geometry":{"type":"Point","coordinates":[-5.145357999999931,10.22800200000006]},"properties":{"id":56417,"nom":"VENTE DE CARBURANT","type":"station service","district_region":null,"departement_commune":null,"verifie":true,"name":"VENTE DE CARBURANT","source":"Géoportail ANSTAT"}},{"type":"Feature","geometry":{"type":"Point","coordinates":[-6.930170999999973,4.650249000000031]},"properties":{"id":56418,"nom":"VINKO PETROLEUM","type":"station service","district_region":null,"departement_commune":null,"verifie":true,"name":"VINKO PETROLEUM","source":"Géoportail ANSTAT"}},{"type":"Feature","geometry":{"type":"Point","coordinates":[-7.356087999999943,4.431450000000041]},"properties":{"id":56419,"nom":"VINKO","type":"station service","district_region":null,"departement_commune":null,"verifie":true,"name":"VINKO","source":"Géoportail ANSTAT"}},{"type":"Feature","geometry":{"type":"Point","coordinates":[-7.557737999999972,9.507075000000045]},"properties":{"id":56420,"nom":"VINKO","type":"station service","district_region":null,"departement_commune":null,"verifie":true,"name":"VINKO","source":"Géoportail ANSTAT"}},{"type":"Feature","geometry":{"type":"Point","coordinates":[-4.070398999999952,5.428491000000065]},"properties":{"id":56421,"nom":"AFRIQOIL","type":"station service","district_region":null,"departement_commune":null,"verifie":true,"name":"AFRIQOIL","source":"Géoportail ANSTAT"}},{"type":"Feature","geometry":{"type":"Point","coordinates":[-4.079981999999973,5.369261000000051]},"properties":{"id":56422,"nom":"AFRICAN PETROLEUM","type":"station service","district_region":null,"departement_commune":null,"verifie":true,"name":"AFRICAN PETROLEUM","source":"Géoportail ANSTAT"}},{"type":"Feature","geometry":{"type":"Point","coordinates":[-4.065550999999971,5.354422000000056]},"properties":{"id":56423,"nom":"ARC INDUSTRIE","type":"station service","district_region":null,"departement_commune":null,"verifie":true,"name":"ARC INDUSTRIE","source":"Géoportail ANSTAT"}},{"type":"Feature","geometry":{"type":"Point","coordinates":[-4.085080999999946,5.346902000000057]},"properties":{"id":56424,"nom":"AFRICAN PETROLEUM","type":"station service","district_region":null,"departement_commune":null,"verifie":true,"name":"AFRICAN PETROLEUM","source":"Géoportail ANSTAT"}},{"type":"Feature","geometry":{"type":"Point","coordinates":[-4.06278599999996,5.351848000000075]},"properties":{"id":56425,"nom":"AFRIQUIA","type":"station service","district_region":null,"departement_commune":null,"verifie":true,"name":"AFRIQUIA","source":"Géoportail ANSTAT"}},{"type":"Feature","geometry":{"type":"Point","coordinates":[-3.973255999999935,5.299322000000075]},"properties":{"id":56426,"nom":"AFRICAN PETROLEUM","type":"station service","district_region":null,"departement_commune":null,"verifie":true,"name":"AFRICAN PETROLEUM","source":"Géoportail ANSTAT"}},{"type":"Feature","geometry":{"type":"Point","coordinates":[-3.987699999999961,5.302462000000048]},"properties":{"id":56427,"nom":"AFRICAN PETROLEUM","type":"station service","district_region":null,"departement_commune":null,"verifie":true,"name":"AFRICAN PETROLEUM","source":"Géoportail ANSTAT"}},{"type":"Feature","geometry":{"type":"Point","coordinates":[-3.984128999999939,5.305037000000027]},"properties":{"id":56428,"nom":"AFRICAN PETROLEUM","type":"station service","district_region":null,"departement_commune":null,"verifie":true,"name":"AFRICAN PETROLEUM","source":"Géoportail ANSTAT"}},{"type":"Feature","geometry":{"type":"Point","coordinates":[-4.010857999999928,5.417354000000046]},"properties":{"id":56429,"nom":"CORLAY","type":"station service","district_region":null,"departement_commune":null,"verifie":true,"name":"CORLAY","source":"Géoportail ANSTAT"}},{"type":"Feature","geometry":{"type":"Point","coordinates":[-3.991740999999934,5.397564000000045]},"properties":{"id":56430,"nom":"CORLAY","type":"station service","district_region":null,"departement_commune":null,"verifie":true,"name":"CORLAY","source":"Géoportail ANSTAT"}},{"type":"Feature","geometry":{"type":"Point","coordinates":[-3.99157299999996,5.355455000000063]},"properties":{"id":56431,"nom":"CORLAY","type":"station service","district_region":null,"departement_commune":null,"verifie":true,"name":"CORLAY","source":"Géoportail ANSTAT"}},{"type":"Feature","geometry":{"type":"Point","coordinates":[-3.959946999999943,5.354748000000029]},"properties":{"id":56432,"nom":"CORLAY","type":"station service","district_region":null,"departement_commune":null,"verifie":true,"name":"CORLAY","source":"Géoportail ANSTAT"}},{"type":"Feature","geometry":{"type":"Point","coordinates":[-3.921694999999943,5.342506000000071]},"properties":{"id":56433,"nom":"CONSTRUCTION D UNE STATION ESSENC","type":"station service","district_region":null,"departement_commune":null,"verifie":true,"name":"CONSTRUCTION D UNE STATION ESSENC","source":"Géoportail ANSTAT"}},{"type":"Feature","geometry":{"type":"Point","coordinates":[-4.091530999999975,5.327071000000046]},"properties":{"id":56434,"nom":"CORLAY","type":"station service","district_region":null,"departement_commune":null,"verifie":true,"name":"CORLAY","source":"Géoportail ANSTAT"}},{"type":"Feature","geometry":{"type":"Point","coordinates":[-4.096707999999978,5.318847000000062]},"properties":{"id":56435,"nom":"DELTA OIL","type":"station service","district_region":null,"departement_commune":null,"verifie":true,"name":"DELTA OIL","source":"Géoportail ANSTAT"}},{"type":"Feature","geometry":{"type":"Point","coordinates":[-4.016123999999934,5.315547000000038]},"properties":{"id":56436,"nom":"CORLAY","type":"station service","district_region":null,"departement_commune":null,"verifie":true,"name":"CORLAY","source":"Géoportail ANSTAT"}},{"type":"Feature","geometry":{"type":"Point","coordinates":[-4.008043999999927,5.297228000000075]},"properties":{"id":56437,"nom":"CORLAY","type":"station service","district_region":null,"departement_commune":null,"verifie":true,"name":"CORLAY","source":"Géoportail ANSTAT"}},{"type":"Feature","geometry":{"type":"Point","coordinates":[-3.995285999999965,5.29129800000004]},"properties":{"id":56438,"nom":"CORLAY","type":"station service","district_region":null,"departement_commune":null,"verifie":true,"name":"CORLAY","source":"Géoportail ANSTAT"}},{"type":"Feature","geometry":{"type":"Point","coordinates":[-4.009391999999934,5.308140000000037]},"properties":{"id":56439,"nom":"CORLAY","type":"station service","district_region":null,"departement_commune":null,"verifie":true,"name":"CORLAY","source":"Géoportail ANSTAT"}},{"type":"Feature","geometry":{"type":"Point","coordinates":[-4.03436499999998,5.351180000000056]},"properties":{"id":56440,"nom":"CORLAY","type":"station service","district_region":null,"departement_commune":null,"verifie":true,"name":"CORLAY","source":"Géoportail ANSTAT"}},{"type":"Feature","geometry":{"type":"Point","coordinates":[-3.963518999999962,5.301989000000049]},"properties":{"id":56441,"nom":"DELTA OIL","type":"station service","district_region":null,"departement_commune":null,"verifie":true,"name":"DELTA OIL","source":"Géoportail ANSTAT"}},{"type":"Feature","geometry":{"type":"Point","coordinates":[-3.93406699999997,5.257004000000052]},"properties":{"id":56442,"nom":"CORLAY","type":"station service","district_region":null,"departement_commune":null,"verifie":true,"name":"CORLAY","source":"Géoportail ANSTAT"}},{"type":"Feature","geometry":{"type":"Point","coordinates":[-4.010077999999965,5.421280000000024]},"properties":{"id":56443,"nom":"FUELSAVE","type":"station service","district_region":null,"departement_commune":null,"verifie":true,"name":"FUELSAVE","source":"Géoportail ANSTAT"}},{"type":"Feature","geometry":{"type":"Point","coordinates":[-3.977473999999972,5.39739000000003]},"properties":{"id":56444,"nom":"FIRST PETROLEUM","type":"station service","district_region":null,"departement_commune":null,"verifie":true,"name":"FIRST PETROLEUM","source":"Géoportail ANSTAT"}},{"type":"Feature","geometry":{"type":"Point","coordinates":[-3.976245999999946,5.350987000000032]},"properties":{"id":56445,"nom":"FIRST PETROLEUM","type":"station service","district_region":null,"departement_commune":null,"verifie":true,"name":"FIRST PETROLEUM","source":"Géoportail ANSTAT"}},{"type":"Feature","geometry":{"type":"Point","coordinates":[-3.911697999999944,5.374561000000028]},"properties":{"id":56446,"nom":"GAS OIL AYOPOUMIN","type":"station service","district_region":null,"departement_commune":null,"verifie":true,"name":"GAS OIL AYOPOUMIN","source":"Géoportail ANSTAT"}},{"type":"Feature","geometry":{"type":"Point","coordinates":[-4.105045999999959,5.328251000000023]},"properties":{"id":56447,"nom":"FIRST PETROLEUM","type":"station service","district_region":null,"departement_commune":null,"verifie":true,"name":"FIRST PETROLEUM","source":"Géoportail ANSTAT"}},{"type":"Feature","geometry":{"type":"Point","coordinates":[-4.015853999999933,5.300462000000039]},"properties":{"id":56448,"nom":"ESSENSI","type":"station service","district_region":null,"departement_commune":null,"verifie":true,"name":"ESSENSI","source":"Géoportail ANSTAT"}},{"type":"Feature","geometry":{"type":"Point","coordinates":[-3.974204999999927,5.384678000000065]},"properties":{"id":56449,"nom":"IVOIRE WIN","type":"station service","district_region":null,"departement_commune":null,"verifie":true,"name":"IVOIRE WIN","source":"Géoportail ANSTAT"}},{"type":"Feature","geometry":{"type":"Point","coordinates":[-4.052885999999944,5.332603000000063]},"properties":{"id":56450,"nom":"IVOIRE WIN","type":"station service","district_region":null,"departement_commune":null,"verifie":true,"name":"IVOIRE WIN","source":"Géoportail ANSTAT"}},{"type":"Feature","geometry":{"type":"Point","coordinates":[-4.008507999999949,5.29024400000003]},"properties":{"id":56451,"nom":"IDC","type":"station service","district_region":null,"departement_commune":null,"verifie":true,"name":"IDC","source":"Géoportail ANSTAT"}},{"type":"Feature","geometry":{"type":"Point","coordinates":[-4.000990999999942,5.309498000000076]},"properties":{"id":56452,"nom":"IVOIRE WIN BIAFRA","type":"station service","district_region":null,"departement_commune":null,"verifie":true,"name":"IVOIRE WIN BIAFRA","source":"Géoportail ANSTAT"}},{"type":"Feature","geometry":{"type":"Point","coordinates":[-3.945108999999945,5.305465000000027]},"properties":{"id":56453,"nom":"IDC IVOIRIENNE D YDROCARBURES","type":"station service","district_region":null,"departement_commune":null,"verifie":true,"name":"IDC IVOIRIENNE D YDROCARBURES","source":"Géoportail ANSTAT"}},{"type":"Feature","geometry":{"type":"Point","coordinates":[-3.941885999999954,5.252372000000037]},"properties":{"id":56454,"nom":"LAVAGE DE LAEROPORT","type":"station service","district_region":null,"departement_commune":null,"verifie":true,"name":"LAVAGE DE LAEROPORT","source":"Géoportail ANSTAT"}},{"type":"Feature","geometry":{"type":"Point","coordinates":[-4.051579999999944,5.495742000000064]},"properties":{"id":56455,"nom":"OLGA ENERGIE","type":"station service","district_region":null,"departement_commune":null,"verifie":true,"name":"OLGA ENERGIE","source":"Géoportail ANSTAT"}},{"type":"Feature","geometry":{"type":"Point","coordinates":[-4.034868999999958,5.437421000000029]},"properties":{"id":56456,"nom":"ORYX ENERGIES","type":"station service","district_region":null,"departement_commune":null,"verifie":true,"name":"ORYX ENERGIES","source":"Géoportail ANSTAT"}},{"type":"Feature","geometry":{"type":"Point","coordinates":[-4.012478999999928,5.434497000000022]},"properties":{"id":56457,"nom":"OILIBYA","type":"station service","district_region":null,"departement_commune":null,"verifie":true,"name":"OILIBYA","source":"Géoportail ANSTAT"}},{"type":"Feature","geometry":{"type":"Point","coordinates":[-4.016464999999926,5.414860000000033]},"properties":{"id":56458,"nom":"OLA ENERGY","type":"station service","district_region":null,"departement_commune":null,"verifie":true,"name":"OLA ENERGY","source":"Géoportail ANSTAT"}},{"type":"Feature","geometry":{"type":"Point","coordinates":[-4.006282999999939,5.400496000000032]},"properties":{"id":56459,"nom":"OILIBIA","type":"station service","district_region":null,"departement_commune":null,"verifie":true,"name":"OILIBIA","source":"Géoportail ANSTAT"}},{"type":"Feature","geometry":{"type":"Point","coordinates":[-3.959651999999949,5.363050000000044]},"properties":{"id":56460,"nom":"OLA","type":"station service","district_region":null,"departement_commune":null,"verifie":true,"name":"OLA","source":"Géoportail ANSTAT"}},{"type":"Feature","geometry":{"type":"Point","coordinates":[-4.080756999999949,5.369191000000058]},"properties":{"id":56461,"nom":"OLA ENERGIE","type":"station service","district_region":null,"departement_commune":null,"verifie":true,"name":"OLA ENERGIE","source":"Géoportail ANSTAT"}},{"type":"Feature","geometry":{"type":"Point","coordinates":[-4.061358999999925,5.328759000000048]},"properties":{"id":56462,"nom":"OLA","type":"station service","district_region":null,"departement_commune":null,"verifie":true,"name":"OLA","source":"Géoportail ANSTAT"}},{"type":"Feature","geometry":{"type":"Point","coordinates":[-4.059968999999967,5.358902000000057]},"properties":{"id":56463,"nom":"OLA ENERGIY","type":"station service","district_region":null,"departement_commune":null,"verifie":true,"name":"OLA ENERGIY","source":"Géoportail ANSTAT"}},{"type":"Feature","geometry":{"type":"Point","coordinates":[-4.029087999999945,5.367289000000028]},"properties":{"id":56464,"nom":"OLA ENERGI","type":"station service","district_region":null,"departement_commune":null,"verifie":true,"name":"OLA ENERGI","source":"Géoportail ANSTAT"}},{"type":"Feature","geometry":{"type":"Point","coordinates":[-4.011901999999964,5.299157000000037]},"properties":{"id":56465,"nom":"OPTIMIUM","type":"station service","district_region":null,"departement_commune":null,"verifie":true,"name":"OPTIMIUM","source":"Géoportail ANSTAT"}},{"type":"Feature","geometry":{"type":"Point","coordinates":[-4.001893999999936,5.298138000000051]},"properties":{"id":56466,"nom":"OILIBYA","type":"station service","district_region":null,"departement_commune":null,"verifie":true,"name":"OILIBYA","source":"Géoportail ANSTAT"}},{"type":"Feature","geometry":{"type":"Point","coordinates":[-4.016081999999926,5.309265000000039]},"properties":{"id":56467,"nom":"OLA ENERGIE","type":"station service","district_region":null,"departement_commune":null,"verifie":true,"name":"OLA ENERGIE","source":"Géoportail ANSTAT"}},{"type":"Feature","geometry":{"type":"Point","coordinates":[-4.002822999999978,5.309541000000024]},"properties":{"id":56468,"nom":"OLA ENERGY","type":"station service","district_region":null,"departement_commune":null,"verifie":true,"name":"OLA ENERGY","source":"Géoportail ANSTAT"}},{"type":"Feature","geometry":{"type":"Point","coordinates":[-4.045009999999934,5.346910000000037]},"properties":{"id":56469,"nom":"OILIBYA","type":"station service","district_region":null,"departement_commune":null,"verifie":true,"name":"OILIBYA","source":"Géoportail ANSTAT"}},{"type":"Feature","geometry":{"type":"Point","coordinates":[-3.95481099999995,5.297260000000051]},"properties":{"id":56470,"nom":"O CLUB","type":"station service","district_region":null,"departement_commune":null,"verifie":true,"name":"O CLUB","source":"Géoportail ANSTAT"}},{"type":"Feature","geometry":{"type":"Point","coordinates":[-3.963692999999978,5.378660000000025]},"properties":{"id":56471,"nom":"STATION TOTAL","type":"station service","district_region":null,"departement_commune":null,"verifie":true,"name":"STATION TOTAL","source":"Géoportail ANSTAT"}},{"type":"Feature","geometry":{"type":"Point","coordinates":[-4.051599999999951,5.495407000000057]},"properties":{"id":56473,"nom":"STATION","type":"station service","district_region":null,"departement_commune":null,"verifie":true,"name":"STATION","source":"Géoportail ANSTAT"}},{"type":"Feature","geometry":{"type":"Point","coordinates":[-4.051621999999952,5.494152000000042]},"properties":{"id":56474,"nom":"STATION PETRO IVOIRE","type":"station service","district_region":null,"departement_commune":null,"verifie":true,"name":"STATION PETRO IVOIRE","source":"Géoportail ANSTAT"}},{"type":"Feature","geometry":{"type":"Point","coordinates":[-4.051471999999933,5.494811000000027]},"properties":{"id":56475,"nom":"STATION SHELL","type":"station service","district_region":null,"departement_commune":null,"verifie":true,"name":"STATION SHELL","source":"Géoportail ANSTAT"}},{"type":"Feature","geometry":{"type":"Point","coordinates":[-4.051936999999953,5.494661000000065]},"properties":{"id":56476,"nom":"STATION","type":"station service","district_region":null,"departement_commune":null,"verifie":true,"name":"STATION","source":"Géoportail ANSTAT"}},{"type":"Feature","geometry":{"type":"Point","coordinates":[-4.052947999999958,5.470474000000024]},"properties":{"id":56477,"nom":"STATION OLIBYA","type":"station service","district_region":null,"departement_commune":null,"verifie":true,"name":"STATION OLIBYA","source":"Géoportail ANSTAT"}},{"type":"Feature","geometry":{"type":"Point","coordinates":[-4.070528999999965,5.448175000000049]},"properties":{"id":56479,"nom":"SOGEL CI","type":"station service","district_region":null,"departement_commune":null,"verifie":true,"name":"SOGEL CI","source":"Géoportail ANSTAT"}},{"type":"Feature","geometry":{"type":"Point","coordinates":[-4.065363999999931,5.443815000000029]},"properties":{"id":56480,"nom":"STAR OIL","type":"station service","district_region":null,"departement_commune":null,"verifie":true,"name":"STAR OIL","source":"Géoportail ANSTAT"}},{"type":"Feature","geometry":{"type":"Point","coordinates":[-4.054519999999968,5.452172000000076]},"properties":{"id":56481,"nom":"STATION UDP","type":"station service","district_region":null,"departement_commune":null,"verifie":true,"name":"STATION UDP","source":"Géoportail ANSTAT"}},{"type":"Feature","geometry":{"type":"Point","coordinates":[-4.033188999999936,5.437775000000045]},"properties":{"id":56482,"nom":"STATION SHELL","type":"station service","district_region":null,"departement_commune":null,"verifie":true,"name":"STATION SHELL","source":"Géoportail ANSTAT"}},{"type":"Feature","geometry":{"type":"Point","coordinates":[-4.033112999999958,5.43712000000005]},"properties":{"id":56483,"nom":"SCHELL","type":"station service","district_region":null,"departement_commune":null,"verifie":true,"name":"SCHELL","source":"Géoportail ANSTAT"}},{"type":"Feature","geometry":{"type":"Point","coordinates":[-4.067050999999935,5.443310000000054]},"properties":{"id":56484,"nom":"STAR OIL","type":"station service","district_region":null,"departement_commune":null,"verifie":true,"name":"STAR OIL","source":"Géoportail ANSTAT"}},{"type":"Feature","geometry":{"type":"Point","coordinates":[-4.055474999999944,5.443605000000048]},"properties":{"id":56485,"nom":"STATION OLA ENERGIE","type":"station service","district_region":null,"departement_commune":null,"verifie":true,"name":"STATION OLA ENERGIE","source":"Géoportail ANSTAT"}},{"type":"Feature","geometry":{"type":"Point","coordinates":[-4.045619999999928,5.440026000000046]},"properties":{"id":56486,"nom":"STATION SHEL","type":"station service","district_region":null,"departement_commune":null,"verifie":true,"name":"STATION SHEL","source":"Géoportail ANSTAT"}},{"type":"Feature","geometry":{"type":"Point","coordinates":[-4.02059799999995,5.439911000000052]},"properties":{"id":56487,"nom":"SOCIETE ATLANTIQUE DISTRIBUTION","type":"station service","district_region":null,"departement_commune":null,"verifie":true,"name":"SOCIETE ATLANTIQUE DISTRIBUTION","source":"Géoportail ANSTAT"}},{"type":"Feature","geometry":{"type":"Point","coordinates":[-4.018104999999935,5.43832800000007]},"properties":{"id":56488,"nom":"STATION TOTAL ABOBO CASA","type":"station service","district_region":null,"departement_commune":null,"verifie":true,"name":"STATION TOTAL ABOBO CASA","source":"Géoportail ANSTAT"}},{"type":"Feature","geometry":{"type":"Point","coordinates":[-3.990426999999954,5.421122000000025]},"properties":{"id":56490,"nom":"SHELL","type":"station service","district_region":null,"departement_commune":null,"verifie":true,"name":"SHELL","source":"Géoportail ANSTAT"}},{"type":"Feature","geometry":{"type":"Point","coordinates":[-4.013355999999931,5.418842000000041]},"properties":{"id":56492,"nom":"STATION PETRO IVOIRE","type":"station service","district_region":null,"departement_commune":null,"verifie":true,"name":"STATION PETRO IVOIRE","source":"Géoportail ANSTAT"}},{"type":"Feature","geometry":{"type":"Point","coordinates":[-4.011935999999935,5.417910000000063]},"properties":{"id":56493,"nom":"STATION STAR OIL","type":"station service","district_region":null,"departement_commune":null,"verifie":true,"name":"STATION STAR OIL","source":"Géoportail ANSTAT"}},{"type":"Feature","geometry":{"type":"Point","coordinates":[-4.020017999999936,5.432300000000055]},"properties":{"id":56494,"nom":"STAT OIL","type":"station service","district_region":null,"departement_commune":null,"verifie":true,"name":"STAT OIL","source":"Géoportail ANSTAT"}},{"type":"Feature","geometry":{"type":"Point","coordinates":[-4.019990999999948,5.431158000000039]},"properties":{"id":56495,"nom":"STATION SHELL","type":"station service","district_region":null,"departement_commune":null,"verifie":true,"name":"STATION SHELL","source":"Géoportail ANSTAT"}},{"type":"Feature","geometry":{"type":"Point","coordinates":[-4.012258999999972,5.434159000000022]},"properties":{"id":56496,"nom":"STATION TOTALE","type":"station service","district_region":null,"departement_commune":null,"verifie":true,"name":"STATION TOTALE","source":"Géoportail ANSTAT"}},{"type":"Feature","geometry":{"type":"Point","coordinates":[-3.995780999999965,5.414608000000044]},"properties":{"id":56497,"nom":"PETRO IVOIRE","type":"station service","district_region":null,"departement_commune":null,"verifie":true,"name":"PETRO IVOIRE","source":"Géoportail ANSTAT"}},{"type":"Feature","geometry":{"type":"Point","coordinates":[-4.007112999999947,5.415118000000064]},"properties":{"id":56498,"nom":"PETROCI","type":"station service","district_region":null,"departement_commune":null,"verifie":true,"name":"PETROCI","source":"Géoportail ANSTAT"}},{"type":"Feature","geometry":{"type":"Point","coordinates":[-4.006273999999962,5.411639000000037]},"properties":{"id":56499,"nom":"SHELL","type":"station service","district_region":null,"departement_commune":null,"verifie":true,"name":"SHELL","source":"Géoportail ANSTAT"}},{"type":"Feature","geometry":{"type":"Point","coordinates":[-4.006609999999966,5.40559200000007]},"properties":{"id":56500,"nom":"SHELL","type":"station service","district_region":null,"departement_commune":null,"verifie":true,"name":"SHELL","source":"Géoportail ANSTAT"}},{"type":"Feature","geometry":{"type":"Point","coordinates":[-4.005757999999958,5.415422000000035]},"properties":{"id":56501,"nom":"STATION VINKO","type":"station service","district_region":null,"departement_commune":null,"verifie":true,"name":"STATION VINKO","source":"Géoportail ANSTAT"}},{"type":"Feature","geometry":{"type":"Point","coordinates":[-4.013356999999928,5.418116000000055]},"properties":{"id":56502,"nom":"STATION  TOTAL ABOBO GARE","type":"station service","district_region":null,"departement_commune":null,"verifie":true,"name":"STATION  TOTAL ABOBO GARE","source":"Géoportail ANSTAT"}},{"type":"Feature","geometry":{"type":"Point","coordinates":[-4.020486999999946,5.400558000000046]},"properties":{"id":56503,"nom":"STATION SHELL","type":"station service","district_region":null,"departement_commune":null,"verifie":true,"name":"STATION SHELL","source":"Géoportail ANSTAT"}},{"type":"Feature","geometry":{"type":"Point","coordinates":[-4.00659799999994,5.400965000000042]},"properties":{"id":56504,"nom":"STATION TOTAL","type":"station service","district_region":null,"departement_commune":null,"verifie":true,"name":"STATION TOTAL","source":"Géoportail ANSTAT"}},{"type":"Feature","geometry":{"type":"Point","coordinates":[-4.006334999999979,5.404468000000065]},"properties":{"id":56505,"nom":"STATION TOTAL DU DOKUI","type":"station service","district_region":null,"departement_commune":null,"verifie":true,"name":"STATION TOTAL DU DOKUI","source":"Géoportail ANSTAT"}},{"type":"Feature","geometry":{"type":"Point","coordinates":[-4.000874999999951,5.399810000000059]},"properties":{"id":56509,"nom":"PETRO IVOIRE","type":"station service","district_region":null,"departement_commune":null,"verifie":true,"name":"PETRO IVOIRE","source":"Géoportail ANSTAT"}},{"type":"Feature","geometry":{"type":"Point","coordinates":[-4.005448999999942,5.390160000000037]},"properties":{"id":56510,"nom":"STAR OIL","type":"station service","district_region":null,"departement_commune":null,"verifie":true,"name":"STAR OIL","source":"Géoportail ANSTAT"}},{"type":"Feature","geometry":{"type":"Point","coordinates":[-3.990924999999947,5.404895000000067]},"properties":{"id":56511,"nom":"PETRO IVOIRE","type":"station service","district_region":null,"departement_commune":null,"verifie":true,"name":"PETRO IVOIRE","source":"Géoportail ANSTAT"}},{"type":"Feature","geometry":{"type":"Point","coordinates":[-4.006016999999929,5.384889000000044]},"properties":{"id":56513,"nom":"S P C VIDANGE","type":"station service","district_region":null,"departement_commune":null,"verifie":true,"name":"S P C VIDANGE","source":"Géoportail ANSTAT"}},{"type":"Feature","geometry":{"type":"Point","coordinates":[-3.993683999999973,5.381132000000036]},"properties":{"id":56514,"nom":"SHELL","type":"station service","district_region":null,"departement_commune":null,"verifie":true,"name":"SHELL","source":"Géoportail ANSTAT"}},{"type":"Feature","geometry":{"type":"Point","coordinates":[-3.988308999999958,5.380764000000056]},"properties":{"id":56515,"nom":"PETRO IVOIRE","type":"station service","district_region":null,"departement_commune":null,"verifie":true,"name":"PETRO IVOIRE","source":"Géoportail ANSTAT"}},{"type":"Feature","geometry":{"type":"Point","coordinates":[-3.992682999999943,5.38542700000005]},"properties":{"id":56516,"nom":"STATION PETROCI","type":"station service","district_region":null,"departement_commune":null,"verifie":true,"name":"STATION PETROCI","source":"Géoportail ANSTAT"}},{"type":"Feature","geometry":{"type":"Point","coordinates":[-4.010896999999943,5.347512000000052]},"properties":{"id":56517,"nom":"SHEL FUELSAVE","type":"station service","district_region":null,"departement_commune":null,"verifie":true,"name":"SHEL FUELSAVE","source":"Géoportail ANSTAT"}},{"type":"Feature","geometry":{"type":"Point","coordinates":[-3.945163999999977,5.355533000000037]},"properties":{"id":56519,"nom":"STATION DU CAMP","type":"station service","district_region":null,"departement_commune":null,"verifie":true,"name":"STATION DU CAMP","source":"Géoportail ANSTAT"}},{"type":"Feature","geometry":{"type":"Point","coordinates":[-3.931756999999948,5.371691000000055]},"properties":{"id":56520,"nom":"STATION SHELL","type":"station service","district_region":null,"departement_commune":null,"verifie":true,"name":"STATION SHELL","source":"Géoportail ANSTAT"}},{"type":"Feature","geometry":{"type":"Point","coordinates":[-3.977706999999953,5.356843000000026]},"properties":{"id":56521,"nom":"STATION PETRO IVOIRE","type":"station service","district_region":null,"departement_commune":null,"verifie":true,"name":"STATION PETRO IVOIRE","source":"Géoportail ANSTAT"}},{"type":"Feature","geometry":{"type":"Point","coordinates":[-3.964261999999962,5.358348000000035]},"properties":{"id":56522,"nom":"STATION SHELL","type":"station service","district_region":null,"departement_commune":null,"verifie":true,"name":"STATION SHELL","source":"Géoportail ANSTAT"}},{"type":"Feature","geometry":{"type":"Point","coordinates":[-3.965706999999952,5.357537000000036]},"properties":{"id":56523,"nom":"STATION TOTAL","type":"station service","district_region":null,"departement_commune":null,"verifie":true,"name":"STATION TOTAL","source":"Géoportail ANSTAT"}},{"type":"Feature","geometry":{"type":"Point","coordinates":[-3.959084999999959,5.362986000000035]},"properties":{"id":56524,"nom":"PETROLEM","type":"station service","district_region":null,"departement_commune":null,"verifie":true,"name":"PETROLEM","source":"Géoportail ANSTAT"}},{"type":"Feature","geometry":{"type":"Point","coordinates":[-3.945985999999948,5.367331000000036]},"properties":{"id":56527,"nom":"STATION TOTAL","type":"station service","district_region":null,"departement_commune":null,"verifie":true,"name":"STATION TOTAL","source":"Géoportail ANSTAT"}},{"type":"Feature","geometry":{"type":"Point","coordinates":[-4.003336999999931,5.342873000000054]},"properties":{"id":56528,"nom":"STATION TOTAL","type":"station service","district_region":null,"departement_commune":null,"verifie":true,"name":"STATION TOTAL","source":"Géoportail ANSTAT"}},{"type":"Feature","geometry":{"type":"Point","coordinates":[-3.993951999999979,5.349102000000073]},"properties":{"id":56530,"nom":"STATION TOTAL","type":"station service","district_region":null,"departement_commune":null,"verifie":true,"name":"STATION TOTAL","source":"Géoportail ANSTAT"}},{"type":"Feature","geometry":{"type":"Point","coordinates":[-3.987103999999931,5.336418000000037]},"properties":{"id":56531,"nom":"STATION SAVEFUEL SCHELL","type":"station service","district_region":null,"departement_commune":null,"verifie":true,"name":"STATION SAVEFUEL SCHELL","source":"Géoportail ANSTAT"}},{"type":"Feature","geometry":{"type":"Point","coordinates":[-3.98953199999994,5.365803000000028]},"properties":{"id":56533,"nom":"STATION ORYX ENERGIE","type":"station service","district_region":null,"departement_commune":null,"verifie":true,"name":"STATION ORYX ENERGIE","source":"Géoportail ANSTAT"}},{"type":"Feature","geometry":{"type":"Point","coordinates":[-3.976199999999949,5.339706000000035]},"properties":{"id":56536,"nom":"STATION SHELL","type":"station service","district_region":null,"departement_commune":null,"verifie":true,"name":"STATION SHELL","source":"Géoportail ANSTAT"}},{"type":"Feature","geometry":{"type":"Point","coordinates":[-3.967735999999945,5.356188000000031]},"properties":{"id":56537,"nom":"SHELL","type":"station service","district_region":null,"departement_commune":null,"verifie":true,"name":"SHELL","source":"Géoportail ANSTAT"}},{"type":"Feature","geometry":{"type":"Point","coordinates":[-3.925689999999975,5.37335500000006]},"properties":{"id":56538,"nom":"PETRO IVOIRE","type":"station service","district_region":null,"departement_commune":null,"verifie":true,"name":"PETRO IVOIRE","source":"Géoportail ANSTAT"}},{"type":"Feature","geometry":{"type":"Point","coordinates":[-3.924836999999968,5.374082000000044]},"properties":{"id":56539,"nom":"SHELL","type":"station service","district_region":null,"departement_commune":null,"verifie":true,"name":"SHELL","source":"Géoportail ANSTAT"}},{"type":"Feature","geometry":{"type":"Point","coordinates":[-3.91047599999996,5.369796000000065]},"properties":{"id":56542,"nom":"STATION PETROLEUM","type":"station service","district_region":null,"departement_commune":null,"verifie":true,"name":"STATION PETROLEUM","source":"Géoportail ANSTAT"}},{"type":"Feature","geometry":{"type":"Point","coordinates":[-3.894779999999969,5.36140000000006]},"properties":{"id":56544,"nom":"STATION CORLAY","type":"station service","district_region":null,"departement_commune":null,"verifie":true,"name":"STATION CORLAY","source":"Géoportail ANSTAT"}},{"type":"Feature","geometry":{"type":"Point","coordinates":[-4.073151999999936,5.369236000000058]},"properties":{"id":56547,"nom":"SARA PETROLEUM","type":"station service","district_region":null,"departement_commune":null,"verifie":true,"name":"SARA PETROLEUM","source":"Géoportail ANSTAT"}},{"type":"Feature","geometry":{"type":"Point","coordinates":[-4.080866999999955,5.362776000000054]},"properties":{"id":56548,"nom":"STATION OLA","type":"station service","district_region":null,"departement_commune":null,"verifie":true,"name":"STATION OLA","source":"Géoportail ANSTAT"}},{"type":"Feature","geometry":{"type":"Point","coordinates":[-4.079540999999949,5.362360000000024]},"properties":{"id":56549,"nom":"STATION SHELL","type":"station service","district_region":null,"departement_commune":null,"verifie":true,"name":"STATION SHELL","source":"Géoportail ANSTAT"}},{"type":"Feature","geometry":{"type":"Point","coordinates":[-4.07609599999995,5.361057000000073]},"properties":{"id":56550,"nom":"STATION TOTAL","type":"station service","district_region":null,"departement_commune":null,"verifie":true,"name":"STATION TOTAL","source":"Géoportail ANSTAT"}},{"type":"Feature","geometry":{"type":"Point","coordinates":[-4.075861999999972,5.36089000000004]},"properties":{"id":56551,"nom":"STATION TOTAL","type":"station service","district_region":null,"departement_commune":null,"verifie":true,"name":"STATION TOTAL","source":"Géoportail ANSTAT"}},{"type":"Feature","geometry":{"type":"Point","coordinates":[-4.071194999999932,5.360925000000066]},"properties":{"id":56552,"nom":"STATION TOTALE","type":"station service","district_region":null,"departement_commune":null,"verifie":true,"name":"STATION TOTALE","source":"Géoportail ANSTAT"}},{"type":"Feature","geometry":{"type":"Point","coordinates":[-4.126822999999945,5.337450000000047]},"properties":{"id":56553,"nom":"STATION SHELL","type":"station service","district_region":null,"departement_commune":null,"verifie":true,"name":"STATION SHELL","source":"Géoportail ANSTAT"}},{"type":"Feature","geometry":{"type":"Point","coordinates":[-4.104203999999925,5.330147000000068]},"properties":{"id":56554,"nom":"STATION SERVICE SHELL","type":"station service","district_region":null,"departement_commune":null,"verifie":true,"name":"STATION SERVICE SHELL","source":"Géoportail ANSTAT"}},{"type":"Feature","geometry":{"type":"Point","coordinates":[-4.095508999999936,5.365554000000031]},"properties":{"id":56555,"nom":"STATION SHELL","type":"station service","district_region":null,"departement_commune":null,"verifie":true,"name":"STATION SHELL","source":"Géoportail ANSTAT"}},{"type":"Feature","geometry":{"type":"Point","coordinates":[-4.066975999999954,5.358061000000021]},"properties":{"id":56556,"nom":"PETEOCI","type":"station service","district_region":null,"departement_commune":null,"verifie":true,"name":"PETEOCI","source":"Géoportail ANSTAT"}},{"type":"Feature","geometry":{"type":"Point","coordinates":[-4.073196999999936,5.343420000000037]},"properties":{"id":56557,"nom":"PETROCI","type":"station service","district_region":null,"departement_commune":null,"verifie":true,"name":"PETROCI","source":"Géoportail ANSTAT"}},{"type":"Feature","geometry":{"type":"Point","coordinates":[-4.073048999999969,5.340041000000042]},"properties":{"id":56558,"nom":"SHELL","type":"station service","district_region":null,"departement_commune":null,"verifie":true,"name":"SHELL","source":"Géoportail ANSTAT"}},{"type":"Feature","geometry":{"type":"Point","coordinates":[-4.073175999999933,5.339526000000035]},"properties":{"id":56559,"nom":"SOCIETE GENERALE COTE D IVOIRE","type":"station service","district_region":null,"departement_commune":null,"verifie":true,"name":"SOCIETE GENERALE COTE D IVOIRE","source":"Géoportail ANSTAT"}},{"type":"Feature","geometry":{"type":"Point","coordinates":[-4.062452999999948,5.337745000000041]},"properties":{"id":56560,"nom":"STAR OIL","type":"station service","district_region":null,"departement_commune":null,"verifie":true,"name":"STAR OIL","source":"Géoportail ANSTAT"}},{"type":"Feature","geometry":{"type":"Point","coordinates":[-4.082601999999952,5.347835000000032]},"properties":{"id":56561,"nom":"STATION SHEEL","type":"station service","district_region":null,"departement_commune":null,"verifie":true,"name":"STATION SHEEL","source":"Géoportail ANSTAT"}},{"type":"Feature","geometry":{"type":"Point","coordinates":[-4.073109999999929,5.347917000000052]},"properties":{"id":56562,"nom":"STATION TOTAL","type":"station service","district_region":null,"departement_commune":null,"verifie":true,"name":"STATION TOTAL","source":"Géoportail ANSTAT"}},{"type":"Feature","geometry":{"type":"Point","coordinates":[-4.063510999999949,5.348209000000054]},"properties":{"id":56563,"nom":"STATION TOTAL","type":"station service","district_region":null,"departement_commune":null,"verifie":true,"name":"STATION TOTAL","source":"Géoportail ANSTAT"}},{"type":"Feature","geometry":{"type":"Point","coordinates":[-4.070546999999976,5.359597000000065]},"properties":{"id":56564,"nom":"STATION TOTAL","type":"station service","district_region":null,"departement_commune":null,"verifie":true,"name":"STATION TOTAL","source":"Géoportail ANSTAT"}},{"type":"Feature","geometry":{"type":"Point","coordinates":[-4.073801999999944,5.346839000000045]},"properties":{"id":56565,"nom":"STATION TOTAL","type":"station service","district_region":null,"departement_commune":null,"verifie":true,"name":"STATION TOTAL","source":"Géoportail ANSTAT"}},{"type":"Feature","geometry":{"type":"Point","coordinates":[-4.090594999999951,5.335288000000048]},"properties":{"id":56567,"nom":"PETRO IVOIRE","type":"station service","district_region":null,"departement_commune":null,"verifie":true,"name":"PETRO IVOIRE","source":"Géoportail ANSTAT"}},{"type":"Feature","geometry":{"type":"Point","coordinates":[-4.091124999999977,5.334148000000027]},"properties":{"id":56568,"nom":"PETRO IVOIRE","type":"station service","district_region":null,"departement_commune":null,"verifie":true,"name":"PETRO IVOIRE","source":"Géoportail ANSTAT"}},{"type":"Feature","geometry":{"type":"Point","coordinates":[-4.085137999999972,5.335631000000035]},"properties":{"id":56569,"nom":"PETROCI","type":"station service","district_region":null,"departement_commune":null,"verifie":true,"name":"PETROCI","source":"Géoportail ANSTAT"}},{"type":"Feature","geometry":{"type":"Point","coordinates":[-4.09186399999993,5.339883000000043]},"properties":{"id":56570,"nom":"SHELL","type":"station service","district_region":null,"departement_commune":null,"verifie":true,"name":"SHELL","source":"Géoportail ANSTAT"}},{"type":"Feature","geometry":{"type":"Point","coordinates":[-4.090918999999928,5.330795000000023]},"properties":{"id":56571,"nom":"SHELL","type":"station service","district_region":null,"departement_commune":null,"verifie":true,"name":"SHELL","source":"Géoportail ANSTAT"}},{"type":"Feature","geometry":{"type":"Point","coordinates":[-4.090705999999955,5.330648000000053]},"properties":{"id":56572,"nom":"SOGEL CI","type":"station service","district_region":null,"departement_commune":null,"verifie":true,"name":"SOGEL CI","source":"Géoportail ANSTAT"}},{"type":"Feature","geometry":{"type":"Point","coordinates":[-4.087537999999938,5.324461000000042]},"properties":{"id":56573,"nom":"PETRO IVOIRE","type":"station service","district_region":null,"departement_commune":null,"verifie":true,"name":"PETRO IVOIRE","source":"Géoportail ANSTAT"}},{"type":"Feature","geometry":{"type":"Point","coordinates":[-4.088371999999936,5.312440000000038]},"properties":{"id":56574,"nom":"STATION SHEL","type":"station service","district_region":null,"departement_commune":null,"verifie":true,"name":"STATION SHEL","source":"Géoportail ANSTAT"}},{"type":"Feature","geometry":{"type":"Point","coordinates":[-4.089953999999977,5.316348000000062]},"properties":{"id":56575,"nom":"STATION SHELL","type":"station service","district_region":null,"departement_commune":null,"verifie":true,"name":"STATION SHELL","source":"Géoportail ANSTAT"}},{"type":"Feature","geometry":{"type":"Point","coordinates":[-4.062547999999936,5.331721000000073]},"properties":{"id":56576,"nom":"PETRO IVOIRE","type":"station service","district_region":null,"departement_commune":null,"verifie":true,"name":"PETRO IVOIRE","source":"Géoportail ANSTAT"}},{"type":"Feature","geometry":{"type":"Point","coordinates":[-4.067577999999969,5.328463000000056]},"properties":{"id":56577,"nom":"SHELL","type":"station service","district_region":null,"departement_commune":null,"verifie":true,"name":"SHELL","source":"Géoportail ANSTAT"}},{"type":"Feature","geometry":{"type":"Point","coordinates":[-4.060757999999964,5.328554000000054]},"properties":{"id":56579,"nom":"STATION TOTAL","type":"station service","district_region":null,"departement_commune":null,"verifie":true,"name":"STATION TOTAL","source":"Géoportail ANSTAT"}},{"type":"Feature","geometry":{"type":"Point","coordinates":[-4.101725999999928,5.367717000000027]},"properties":{"id":56581,"nom":"SHELL","type":"station service","district_region":null,"departement_commune":null,"verifie":true,"name":"SHELL","source":"Géoportail ANSTAT"}},{"type":"Feature","geometry":{"type":"Point","coordinates":[-4.093408999999951,5.354935000000069]},"properties":{"id":56582,"nom":"PETROCI","type":"station service","district_region":null,"departement_commune":null,"verifie":true,"name":"PETROCI","source":"Géoportail ANSTAT"}},{"type":"Feature","geometry":{"type":"Point","coordinates":[-4.08846699999998,5.355379000000028]},"properties":{"id":56583,"nom":"SHEL","type":"station service","district_region":null,"departement_commune":null,"verifie":true,"name":"SHEL","source":"Géoportail ANSTAT"}},{"type":"Feature","geometry":{"type":"Point","coordinates":[-4.080141999999967,5.361899000000051]},"properties":{"id":56584,"nom":"SHELL SELECT","type":"station service","district_region":null,"departement_commune":null,"verifie":true,"name":"SHELL SELECT","source":"Géoportail ANSTAT"}},{"type":"Feature","geometry":{"type":"Point","coordinates":[-4.10382599999997,5.350847000000044]},"properties":{"id":56585,"nom":"PETRO IVOIRE","type":"station service","district_region":null,"departement_commune":null,"verifie":true,"name":"PETRO IVOIRE","source":"Géoportail ANSTAT"}},{"type":"Feature","geometry":{"type":"Point","coordinates":[-4.099956999999961,5.34624400000007]},"properties":{"id":56586,"nom":"PETROCI","type":"station service","district_region":null,"departement_commune":null,"verifie":true,"name":"PETROCI","source":"Géoportail ANSTAT"}},{"type":"Feature","geometry":{"type":"Point","coordinates":[-4.102355999999929,5.354993000000036]},"properties":{"id":56587,"nom":"STAR OIL","type":"station service","district_region":null,"departement_commune":null,"verifie":true,"name":"STAR OIL","source":"Géoportail ANSTAT"}},{"type":"Feature","geometry":{"type":"Point","coordinates":[-4.099239999999952,5.354723000000035]},"properties":{"id":56588,"nom":"STATION SHELL","type":"station service","district_region":null,"departement_commune":null,"verifie":true,"name":"STATION SHELL","source":"Géoportail ANSTAT"}},{"type":"Feature","geometry":{"type":"Point","coordinates":[-4.062972999999943,5.346546000000046]},"properties":{"id":56590,"nom":"PETRO IVOIRE","type":"station service","district_region":null,"departement_commune":null,"verifie":true,"name":"PETRO IVOIRE","source":"Géoportail ANSTAT"}},{"type":"Feature","geometry":{"type":"Point","coordinates":[-4.063555999999949,5.352900000000034]},"properties":{"id":56591,"nom":"SHELL","type":"station service","district_region":null,"departement_commune":null,"verifie":true,"name":"SHELL","source":"Géoportail ANSTAT"}},{"type":"Feature","geometry":{"type":"Point","coordinates":[-4.063172999999949,5.346910000000037]},"properties":{"id":56592,"nom":"STATIO SHELL","type":"station service","district_region":null,"departement_commune":null,"verifie":true,"name":"STATIO SHELL","source":"Géoportail ANSTAT"}},{"type":"Feature","geometry":{"type":"Point","coordinates":[-4.061922999999979,5.341106000000025]},"properties":{"id":56593,"nom":"STATION SHELL","type":"station service","district_region":null,"departement_commune":null,"verifie":true,"name":"STATION SHELL","source":"Géoportail ANSTAT"}},{"type":"Feature","geometry":{"type":"Point","coordinates":[-4.066363999999965,5.357285000000047]},"properties":{"id":56594,"nom":"STATION TOTAL","type":"station service","district_region":null,"departement_commune":null,"verifie":true,"name":"STATION TOTAL","source":"Géoportail ANSTAT"}},{"type":"Feature","geometry":{"type":"Point","coordinates":[-4.049176999999929,5.321998000000065]},"properties":{"id":56595,"nom":"SHELL","type":"station service","district_region":null,"departement_commune":null,"verifie":true,"name":"SHELL","source":"Géoportail ANSTAT"}},{"type":"Feature","geometry":{"type":"Point","coordinates":[-4.025052999999957,5.379195000000038]},"properties":{"id":56598,"nom":"PETRO IVOIRE","type":"station service","district_region":null,"departement_commune":null,"verifie":true,"name":"PETRO IVOIRE","source":"Géoportail ANSTAT"}},{"type":"Feature","geometry":{"type":"Point","coordinates":[-4.007964999999956,5.377707000000044]},"properties":{"id":56603,"nom":"STATION ESSENCE PETROCI","type":"station service","district_region":null,"departement_commune":null,"verifie":true,"name":"STATION ESSENCE PETROCI","source":"Géoportail ANSTAT"}},{"type":"Feature","geometry":{"type":"Point","coordinates":[-4.017815999999925,5.354274000000032]},"properties":{"id":56604,"nom":"STATION CORLAY","type":"station service","district_region":null,"departement_commune":null,"verifie":true,"name":"STATION CORLAY","source":"Géoportail ANSTAT"}},{"type":"Feature","geometry":{"type":"Point","coordinates":[-4.016883999999948,5.358493000000067]},"properties":{"id":56605,"nom":"STATION TOTAL","type":"station service","district_region":null,"departement_commune":null,"verifie":true,"name":"STATION TOTAL","source":"Géoportail ANSTAT"}},{"type":"Feature","geometry":{"type":"Point","coordinates":[-4.025195999999937,5.363141000000041]},"properties":{"id":56606,"nom":"SHELL","type":"station service","district_region":null,"departement_commune":null,"verifie":true,"name":"SHELL","source":"Géoportail ANSTAT"}},{"type":"Feature","geometry":{"type":"Point","coordinates":[-4.026643999999976,5.354294000000039]},"properties":{"id":56609,"nom":"STATIO SHELL","type":"station service","district_region":null,"departement_commune":null,"verifie":true,"name":"STATIO SHELL","source":"Géoportail ANSTAT"}},{"type":"Feature","geometry":{"type":"Point","coordinates":[-4.030321999999956,5.345755000000054]},"properties":{"id":56610,"nom":"SHELL FUELSAVE","type":"station service","district_region":null,"departement_commune":null,"verifie":true,"name":"SHELL FUELSAVE","source":"Géoportail ANSTAT"}},{"type":"Feature","geometry":{"type":"Point","coordinates":[-4.030252999999959,5.340362000000027]},"properties":{"id":56611,"nom":"STATION TOTAL SEBROKO","type":"station service","district_region":null,"departement_commune":null,"verifie":true,"name":"STATION TOTAL SEBROKO","source":"Géoportail ANSTAT"}},{"type":"Feature","geometry":{"type":"Point","coordinates":[-4.026579999999967,5.355574000000047]},"properties":{"id":56612,"nom":"SHELL FUELSAVE","type":"station service","district_region":null,"departement_commune":null,"verifie":true,"name":"SHELL FUELSAVE","source":"Géoportail ANSTAT"}},{"type":"Feature","geometry":{"type":"Point","coordinates":[-4.022672999999941,5.349792000000036]},"properties":{"id":56613,"nom":"STATION SCHELL","type":"station service","district_region":null,"departement_commune":null,"verifie":true,"name":"STATION SCHELL","source":"Géoportail ANSTAT"}},{"type":"Feature","geometry":{"type":"Point","coordinates":[-4.016804999999977,5.352215000000058]},"properties":{"id":56614,"nom":"STATION SHELL","type":"station service","district_region":null,"departement_commune":null,"verifie":true,"name":"STATION SHELL","source":"Géoportail ANSTAT"}},{"type":"Feature","geometry":{"type":"Point","coordinates":[-4.019357999999954,5.35505500000005]},"properties":{"id":56615,"nom":"SHELL FUELSAVE","type":"station service","district_region":null,"departement_commune":null,"verifie":true,"name":"SHELL FUELSAVE","source":"Géoportail ANSTAT"}},{"type":"Feature","geometry":{"type":"Point","coordinates":[-4.01716099999993,5.349616000000026]},"properties":{"id":56616,"nom":"STATION TOTAL","type":"station service","district_region":null,"departement_commune":null,"verifie":true,"name":"STATION TOTAL","source":"Géoportail ANSTAT"}},{"type":"Feature","geometry":{"type":"Point","coordinates":[-4.021793999999943,5.383554000000061]},"properties":{"id":56617,"nom":"STATION CHELL HELLIX","type":"station service","district_region":null,"departement_commune":null,"verifie":true,"name":"STATION CHELL HELLIX","source":"Géoportail ANSTAT"}},{"type":"Feature","geometry":{"type":"Point","coordinates":[-4.020609999999976,5.386694000000034]},"properties":{"id":56618,"nom":"STATION TOTAL ROUTED ABOBO","type":"station service","district_region":null,"departement_commune":null,"verifie":true,"name":"STATION TOTAL ROUTED ABOBO","source":"Géoportail ANSTAT"}},{"type":"Feature","geometry":{"type":"Point","coordinates":[-4.018001999999967,5.36182400000007]},"properties":{"id":56619,"nom":"STAR OIL","type":"station service","district_region":null,"departement_commune":null,"verifie":true,"name":"STAR OIL","source":"Géoportail ANSTAT"}},{"type":"Feature","geometry":{"type":"Point","coordinates":[-4.026025999999945,5.374544000000071]},"properties":{"id":56620,"nom":"STATION IDC","type":"station service","district_region":null,"departement_commune":null,"verifie":true,"name":"STATION IDC","source":"Géoportail ANSTAT"}},{"type":"Feature","geometry":{"type":"Point","coordinates":[-4.016647999999975,5.364297000000022]},"properties":{"id":56621,"nom":"STATION SHELL","type":"station service","district_region":null,"departement_commune":null,"verifie":true,"name":"STATION SHELL","source":"Géoportail ANSTAT"}},{"type":"Feature","geometry":{"type":"Point","coordinates":[-4.02222299999994,5.324456000000055]},"properties":{"id":56622,"nom":"STATION CORLAY","type":"station service","district_region":null,"departement_commune":null,"verifie":true,"name":"STATION CORLAY","source":"Géoportail ANSTAT"}},{"type":"Feature","geometry":{"type":"Point","coordinates":[-4.023656999999957,5.325990000000047]},"properties":{"id":56623,"nom":"STATION TOTAL","type":"station service","district_region":null,"departement_commune":null,"verifie":true,"name":"STATION TOTAL","source":"Géoportail ANSTAT"}},{"type":"Feature","geometry":{"type":"Point","coordinates":[-4.016583999999966,5.326437000000055]},"properties":{"id":56625,"nom":"STATION SHELL","type":"station service","district_region":null,"departement_commune":null,"verifie":true,"name":"STATION SHELL","source":"Géoportail ANSTAT"}},{"type":"Feature","geometry":{"type":"Point","coordinates":[-3.991264999999942,5.308675000000051]},"properties":{"id":56627,"nom":"STATION CORLAY","type":"station service","district_region":null,"departement_commune":null,"verifie":true,"name":"STATION CORLAY","source":"Géoportail ANSTAT"}},{"type":"Feature","geometry":{"type":"Point","coordinates":[-3.994670999999926,5.307796000000053]},"properties":{"id":56628,"nom":"STATION SHELL","type":"station service","district_region":null,"departement_commune":null,"verifie":true,"name":"STATION SHELL","source":"Géoportail ANSTAT"}},{"type":"Feature","geometry":{"type":"Point","coordinates":[-3.992715999999973,5.308222000000058]},"properties":{"id":56629,"nom":"STATION TOTAL","type":"station service","district_region":null,"departement_commune":null,"verifie":true,"name":"STATION TOTAL","source":"Géoportail ANSTAT"}},{"type":"Feature","geometry":{"type":"Point","coordinates":[-3.982757999999933,5.29430700000006]},"properties":{"id":56630,"nom":"SHELL","type":"station service","district_region":null,"departement_commune":null,"verifie":true,"name":"SHELL","source":"Géoportail ANSTAT"}},{"type":"Feature","geometry":{"type":"Point","coordinates":[-3.982017999999925,5.278105000000039]},"properties":{"id":56632,"nom":"STATION SHELL","type":"station service","district_region":null,"departement_commune":null,"verifie":true,"name":"STATION SHELL","source":"Géoportail ANSTAT"}},{"type":"Feature","geometry":{"type":"Point","coordinates":[-3.978246999999953,5.286614000000043]},"properties":{"id":56633,"nom":"STATION SHELL","type":"station service","district_region":null,"departement_commune":null,"verifie":true,"name":"STATION SHELL","source":"Géoportail ANSTAT"}},{"type":"Feature","geometry":{"type":"Point","coordinates":[-3.982228999999961,5.293821000000037]},"properties":{"id":56634,"nom":"STATION TOTAL","type":"station service","district_region":null,"departement_commune":null,"verifie":true,"name":"STATION TOTAL","source":"Géoportail ANSTAT"}},{"type":"Feature","geometry":{"type":"Point","coordinates":[-3.974977999999965,5.293894000000023]},"properties":{"id":56635,"nom":"PETRO IVOIRE","type":"station service","district_region":null,"departement_commune":null,"verifie":true,"name":"PETRO IVOIRE","source":"Géoportail ANSTAT"}},{"type":"Feature","geometry":{"type":"Point","coordinates":[-3.974943999999937,5.293547000000046]},"properties":{"id":56636,"nom":"SHELL","type":"station service","district_region":null,"departement_commune":null,"verifie":true,"name":"SHELL","source":"Géoportail ANSTAT"}},{"type":"Feature","geometry":{"type":"Point","coordinates":[-3.974898999999937,5.293623000000025]},"properties":{"id":56637,"nom":"SHELL","type":"station service","district_region":null,"departement_commune":null,"verifie":true,"name":"SHELL","source":"Géoportail ANSTAT"}},{"type":"Feature","geometry":{"type":"Point","coordinates":[-3.979666999999949,5.296269000000052]},"properties":{"id":56638,"nom":"STATION SHELL","type":"station service","district_region":null,"departement_commune":null,"verifie":true,"name":"STATION SHELL","source":"Géoportail ANSTAT"}},{"type":"Feature","geometry":{"type":"Point","coordinates":[-3.967343999999969,5.311564000000033]},"properties":{"id":56639,"nom":"STATION VINKO","type":"station service","district_region":null,"departement_commune":null,"verifie":true,"name":"STATION VINKO","source":"Géoportail ANSTAT"}},{"type":"Feature","geometry":{"type":"Point","coordinates":[-3.984860999999967,5.308282000000077]},"properties":{"id":56640,"nom":"SHEEL","type":"station service","district_region":null,"departement_commune":null,"verifie":true,"name":"SHEEL","source":"Géoportail ANSTAT"}},{"type":"Feature","geometry":{"type":"Point","coordinates":[-3.998409999999978,5.305915000000027]},"properties":{"id":56641,"nom":"PETRO IVOIRE","type":"station service","district_region":null,"departement_commune":null,"verifie":true,"name":"PETRO IVOIRE","source":"Géoportail ANSTAT"}},{"type":"Feature","geometry":{"type":"Point","coordinates":[-4.001790999999969,5.294201000000044]},"properties":{"id":56643,"nom":"SHELL","type":"station service","district_region":null,"departement_commune":null,"verifie":true,"name":"SHELL","source":"Géoportail ANSTAT"}},{"type":"Feature","geometry":{"type":"Point","coordinates":[-4.001255999999955,5.298470000000066]},"properties":{"id":56645,"nom":"SHELL","type":"station service","district_region":null,"departement_commune":null,"verifie":true,"name":"SHELL","source":"Géoportail ANSTAT"}},{"type":"Feature","geometry":{"type":"Point","coordinates":[-4.004124999999931,5.303616000000034]},"properties":{"id":56649,"nom":"SHELL","type":"station service","district_region":null,"departement_commune":null,"verifie":true,"name":"SHELL","source":"Géoportail ANSTAT"}},{"type":"Feature","geometry":{"type":"Point","coordinates":[-4.010269999999934,5.301765000000046]},"properties":{"id":56650,"nom":"STATION TOTAL","type":"station service","district_region":null,"departement_commune":null,"verifie":true,"name":"STATION TOTAL","source":"Géoportail ANSTAT"}},{"type":"Feature","geometry":{"type":"Point","coordinates":[-4.007442999999967,5.30494200000004]},"properties":{"id":56651,"nom":"PETRO IVOIRE","type":"station service","district_region":null,"departement_commune":null,"verifie":true,"name":"PETRO IVOIRE","source":"Géoportail ANSTAT"}},{"type":"Feature","geometry":{"type":"Point","coordinates":[-4.016712999999925,5.309072000000072]},"properties":{"id":56652,"nom":"SHEL","type":"station service","district_region":null,"departement_commune":null,"verifie":true,"name":"SHEL","source":"Géoportail ANSTAT"}},{"type":"Feature","geometry":{"type":"Point","coordinates":[-4.043720999999948,5.320636000000036]},"properties":{"id":56654,"nom":"SHEL","type":"station service","district_region":null,"departement_commune":null,"verifie":true,"name":"SHEL","source":"Géoportail ANSTAT"}},{"type":"Feature","geometry":{"type":"Point","coordinates":[-4.046112999999934,5.340823000000057]},"properties":{"id":56655,"nom":"STATION SHELL","type":"station service","district_region":null,"departement_commune":null,"verifie":true,"name":"STATION SHELL","source":"Géoportail ANSTAT"}},{"type":"Feature","geometry":{"type":"Point","coordinates":[-4.031874999999957,5.358720000000062]},"properties":{"id":56656,"nom":"PETRO IVOIRE","type":"station service","district_region":null,"departement_commune":null,"verifie":true,"name":"PETRO IVOIRE","source":"Géoportail ANSTAT"}},{"type":"Feature","geometry":{"type":"Point","coordinates":[-4.039969999999926,5.353805000000023]},"properties":{"id":56657,"nom":"STATIONSHELL","type":"station service","district_region":null,"departement_commune":null,"verifie":true,"name":"STATIONSHELL","source":"Géoportail ANSTAT"}},{"type":"Feature","geometry":{"type":"Point","coordinates":[-4.032041999999933,5.350080000000048]},"properties":{"id":56658,"nom":"STATION AFRIQUIA","type":"station service","district_region":null,"departement_commune":null,"verifie":true,"name":"STATION AFRIQUIA","source":"Géoportail ANSTAT"}},{"type":"Feature","geometry":{"type":"Point","coordinates":[-4.040466999999978,5.356869000000074]},"properties":{"id":56659,"nom":"PETROCI","type":"station service","district_region":null,"departement_commune":null,"verifie":true,"name":"PETROCI","source":"Géoportail ANSTAT"}},{"type":"Feature","geometry":{"type":"Point","coordinates":[-4.040504999999939,5.356750000000034]},"properties":{"id":56660,"nom":"PETROCI","type":"station service","district_region":null,"departement_commune":null,"verifie":true,"name":"PETROCI","source":"Géoportail ANSTAT"}},{"type":"Feature","geometry":{"type":"Point","coordinates":[-3.961434999999938,5.28383800000006]},"properties":{"id":56662,"nom":"STATION SHELL","type":"station service","district_region":null,"departement_commune":null,"verifie":true,"name":"STATION SHELL","source":"Géoportail ANSTAT"}},{"type":"Feature","geometry":{"type":"Point","coordinates":[-3.958530999999937,5.284606000000053]},"properties":{"id":56663,"nom":"STATION VINKO","type":"station service","district_region":null,"departement_commune":null,"verifie":true,"name":"STATION VINKO","source":"Géoportail ANSTAT"}},{"type":"Feature","geometry":{"type":"Point","coordinates":[-3.97301699999997,5.292803000000049]},"properties":{"id":56664,"nom":"SHELL","type":"station service","district_region":null,"departement_commune":null,"verifie":true,"name":"SHELL","source":"Géoportail ANSTAT"}},{"type":"Feature","geometry":{"type":"Point","coordinates":[-3.971360999999945,5.298447000000067]},"properties":{"id":56667,"nom":"STATION OILIBYA","type":"station service","district_region":null,"departement_commune":null,"verifie":true,"name":"STATION OILIBYA","source":"Géoportail ANSTAT"}},{"type":"Feature","geometry":{"type":"Point","coordinates":[-3.968481999999938,5.296431000000041]},"properties":{"id":56668,"nom":"STATION SHELL","type":"station service","district_region":null,"departement_commune":null,"verifie":true,"name":"STATION SHELL","source":"Géoportail ANSTAT"}},{"type":"Feature","geometry":{"type":"Point","coordinates":[-3.954318999999941,5.295545000000061]},"properties":{"id":56669,"nom":"STATION SHELL","type":"station service","district_region":null,"departement_commune":null,"verifie":true,"name":"STATION SHELL","source":"Géoportail ANSTAT"}},{"type":"Feature","geometry":{"type":"Point","coordinates":[-3.946969999999965,5.301687000000072]},"properties":{"id":56670,"nom":"PETROIVOIRE","type":"station service","district_region":null,"departement_commune":null,"verifie":true,"name":"PETROIVOIRE","source":"Géoportail ANSTAT"}},{"type":"Feature","geometry":{"type":"Point","coordinates":[-3.950650999999937,5.299642000000063]},"properties":{"id":56671,"nom":"PETRO IVOIRE","type":"station service","district_region":null,"departement_commune":null,"verifie":true,"name":"PETRO IVOIRE","source":"Géoportail ANSTAT"}},{"type":"Feature","geometry":{"type":"Point","coordinates":[-4.002930999999933,5.267753000000027]},"properties":{"id":56672,"nom":"STATION SHELL","type":"station service","district_region":null,"departement_commune":null,"verifie":true,"name":"STATION SHELL","source":"Géoportail ANSTAT"}},{"type":"Feature","geometry":{"type":"Point","coordinates":[-4.003516999999931,5.268268000000035]},"properties":{"id":56673,"nom":"STATION TOTALE","type":"station service","district_region":null,"departement_commune":null,"verifie":true,"name":"STATION TOTALE","source":"Géoportail ANSTAT"}},{"type":"Feature","geometry":{"type":"Point","coordinates":[-4.00405399999994,5.268027000000075]},"properties":{"id":56674,"nom":"STATION CARBURANT SGBCI","type":"station service","district_region":null,"departement_commune":null,"verifie":true,"name":"STATION CARBURANT SGBCI","source":"Géoportail ANSTAT"}},{"type":"Feature","geometry":{"type":"Point","coordinates":[-3.986077999999964,5.257780000000025]},"properties":{"id":56676,"nom":"STATION OLA ENERGY","type":"station service","district_region":null,"departement_commune":null,"verifie":true,"name":"STATION OLA ENERGY","source":"Géoportail ANSTAT"}},{"type":"Feature","geometry":{"type":"Point","coordinates":[-3.971757999999966,5.257815000000051]},"properties":{"id":56678,"nom":"STATION  OLA","type":"station service","district_region":null,"departement_commune":null,"verifie":true,"name":"STATION  OLA","source":"Géoportail ANSTAT"}},{"type":"Feature","geometry":{"type":"Point","coordinates":[-3.962612999999976,5.271287000000029]},"properties":{"id":56680,"nom":"STATIONB OILIBYA","type":"station service","district_region":null,"departement_commune":null,"verifie":true,"name":"STATIONB OILIBYA","source":"Géoportail ANSTAT"}},{"type":"Feature","geometry":{"type":"Point","coordinates":[-3.950546999999972,5.248148000000072]},"properties":{"id":56682,"nom":"STATION SHELL","type":"station service","district_region":null,"departement_commune":null,"verifie":true,"name":"STATION SHELL","source":"Géoportail ANSTAT"}},{"type":"Feature","geometry":{"type":"Point","coordinates":[-3.93407899999994,5.257003000000054]},"properties":{"id":56683,"nom":"STATION CORLAY","type":"station service","district_region":null,"departement_commune":null,"verifie":true,"name":"STATION CORLAY","source":"Géoportail ANSTAT"}},{"type":"Feature","geometry":{"type":"Point","coordinates":[-3.87676399999998,5.236900000000048]},"properties":{"id":56686,"nom":"PETRO IVOIRE","type":"station service","district_region":null,"departement_commune":null,"verifie":true,"name":"PETRO IVOIRE","source":"Géoportail ANSTAT"}},{"type":"Feature","geometry":{"type":"Point","coordinates":[-3.86912499999994,5.234659000000022]},"properties":{"id":56687,"nom":"STATION AFRIQUIA","type":"station service","district_region":null,"departement_commune":null,"verifie":true,"name":"STATION AFRIQUIA","source":"Géoportail ANSTAT"}},{"type":"Feature","geometry":{"type":"Point","coordinates":[-4.051844999999958,5.493995000000041]},"properties":{"id":56691,"nom":"TOTAL","type":"station service","district_region":null,"departement_commune":null,"verifie":true,"name":"TOTAL","source":"Géoportail ANSTAT"}},{"type":"Feature","geometry":{"type":"Point","coordinates":[-4.052003999999954,5.449707000000046]},"properties":{"id":56692,"nom":"TOTAL","type":"station service","district_region":null,"departement_commune":null,"verifie":true,"name":"TOTAL","source":"Géoportail ANSTAT"}},{"type":"Feature","geometry":{"type":"Point","coordinates":[-4.014528999999925,5.419515000000047]},"properties":{"id":56693,"nom":"VINKO","type":"station service","district_region":null,"departement_commune":null,"verifie":true,"name":"VINKO","source":"Géoportail ANSTAT"}},{"type":"Feature","geometry":{"type":"Point","coordinates":[-4.002843999999925,5.415343000000064]},"properties":{"id":56694,"nom":"TOTAL ABOBOTE","type":"station service","district_region":null,"departement_commune":null,"verifie":true,"name":"TOTAL ABOBOTE","source":"Géoportail ANSTAT"}},{"type":"Feature","geometry":{"type":"Point","coordinates":[-4.011444999999981,5.416817000000037]},"properties":{"id":56695,"nom":"TOTAL","type":"station service","district_region":null,"departement_commune":null,"verifie":true,"name":"TOTAL","source":"Géoportail ANSTAT"}},{"type":"Feature","geometry":{"type":"Point","coordinates":[-3.978109999999958,5.399807000000067]},"properties":{"id":56696,"nom":"TOTAL","type":"station service","district_region":null,"departement_commune":null,"verifie":true,"name":"TOTAL","source":"Géoportail ANSTAT"}},{"type":"Feature","geometry":{"type":"Point","coordinates":[-4.01613599999996,5.363662000000033]},"properties":{"id":56697,"nom":"TOTAL ROUTE ZOO","type":"station service","district_region":null,"departement_commune":null,"verifie":true,"name":"TOTAL ROUTE ZOO","source":"Géoportail ANSTAT"}},{"type":"Feature","geometry":{"type":"Point","coordinates":[-3.989599999999939,5.361438000000021]},"properties":{"id":56698,"nom":"TOTAL","type":"station service","district_region":null,"departement_commune":null,"verifie":true,"name":"TOTAL","source":"Géoportail ANSTAT"}},{"type":"Feature","geometry":{"type":"Point","coordinates":[-3.978789999999947,5.352617000000066]},"properties":{"id":56699,"nom":"TOTAL","type":"station service","district_region":null,"departement_commune":null,"verifie":true,"name":"TOTAL","source":"Géoportail ANSTAT"}},{"type":"Feature","geometry":{"type":"Point","coordinates":[-4.075649999999939,5.378357000000051]},"properties":{"id":56700,"nom":"TOTAL","type":"station service","district_region":null,"departement_commune":null,"verifie":true,"name":"TOTAL","source":"Géoportail ANSTAT"}},{"type":"Feature","geometry":{"type":"Point","coordinates":[-4.075686999999959,5.378142000000025]},"properties":{"id":56701,"nom":"TOTALAA","type":"station service","district_region":null,"departement_commune":null,"verifie":true,"name":"TOTALAA","source":"Géoportail ANSTAT"}},{"type":"Feature","geometry":{"type":"Point","coordinates":[-4.064082999999926,5.340542000000028]},"properties":{"id":56703,"nom":"TOTAL","type":"station service","district_region":null,"departement_commune":null,"verifie":true,"name":"TOTAL","source":"Géoportail ANSTAT"}},{"type":"Feature","geometry":{"type":"Point","coordinates":[-4.074618999999927,5.33015800000004]},"properties":{"id":56704,"nom":"TOTAL","type":"station service","district_region":null,"departement_commune":null,"verifie":true,"name":"TOTAL","source":"Géoportail ANSTAT"}},{"type":"Feature","geometry":{"type":"Point","coordinates":[-4.077244999999948,5.326247000000023]},"properties":{"id":56705,"nom":"TOTAL YOP SIDECI","type":"station service","district_region":null,"departement_commune":null,"verifie":true,"name":"TOTAL YOP SIDECI","source":"Géoportail ANSTAT"}},{"type":"Feature","geometry":{"type":"Point","coordinates":[-4.084039999999959,5.355528000000049]},"properties":{"id":56706,"nom":"TOTAL","type":"station service","district_region":null,"departement_commune":null,"verifie":true,"name":"TOTAL","source":"Géoportail ANSTAT"}},{"type":"Feature","geometry":{"type":"Point","coordinates":[-4.095614999999952,5.354764000000046]},"properties":{"id":56707,"nom":"TOTAL","type":"station service","district_region":null,"departement_commune":null,"verifie":true,"name":"TOTAL","source":"Géoportail ANSTAT"}},{"type":"Feature","geometry":{"type":"Point","coordinates":[-4.028011999999933,5.374005000000068]},"properties":{"id":56708,"nom":"TOTAL","type":"station service","district_region":null,"departement_commune":null,"verifie":true,"name":"TOTAL","source":"Géoportail ANSTAT"}},{"type":"Feature","geometry":{"type":"Point","coordinates":[-4.029684999999972,5.362487000000044]},"properties":{"id":56709,"nom":"TOTAL","type":"station service","district_region":null,"departement_commune":null,"verifie":true,"name":"TOTAL","source":"Géoportail ANSTAT"}},{"type":"Feature","geometry":{"type":"Point","coordinates":[-4.025967999999978,5.339021000000059]},"properties":{"id":56710,"nom":"TOTAL","type":"station service","district_region":null,"departement_commune":null,"verifie":true,"name":"TOTAL","source":"Géoportail ANSTAT"}},{"type":"Feature","geometry":{"type":"Point","coordinates":[-3.979737999999941,5.306417000000067]},"properties":{"id":56711,"nom":"TOTAL","type":"station service","district_region":null,"departement_commune":null,"verifie":true,"name":"TOTAL","source":"Géoportail ANSTAT"}},{"type":"Feature","geometry":{"type":"Point","coordinates":[-4.002749999999935,5.294991000000039]},"properties":{"id":56712,"nom":"TOTAL","type":"station service","district_region":null,"departement_commune":null,"verifie":true,"name":"TOTAL","source":"Géoportail ANSTAT"}},{"type":"Feature","geometry":{"type":"Point","coordinates":[-4.00356899999997,5.297994000000074]},"properties":{"id":56713,"nom":"TOTAL","type":"station service","district_region":null,"departement_commune":null,"verifie":true,"name":"TOTAL","source":"Géoportail ANSTAT"}},{"type":"Feature","geometry":{"type":"Point","coordinates":[-4.013785999999925,5.301247000000046]},"properties":{"id":56714,"nom":"TOTAL","type":"station service","district_region":null,"departement_commune":null,"verifie":true,"name":"TOTAL","source":"Géoportail ANSTAT"}},{"type":"Feature","geometry":{"type":"Point","coordinates":[-4.005543999999929,5.305768000000057]},"properties":{"id":56715,"nom":"TOTAL GAZ","type":"station service","district_region":null,"departement_commune":null,"verifie":true,"name":"TOTAL GAZ","source":"Géoportail ANSTAT"}},{"type":"Feature","geometry":{"type":"Point","coordinates":[-4.011420999999928,5.310885000000042]},"properties":{"id":56716,"nom":"TOTAL","type":"station service","district_region":null,"departement_commune":null,"verifie":true,"name":"TOTAL","source":"Géoportail ANSTAT"}},{"type":"Feature","geometry":{"type":"Point","coordinates":[-3.970968999999968,5.29004800000007]},"properties":{"id":56717,"nom":"TOTAL","type":"station service","district_region":null,"departement_commune":null,"verifie":true,"name":"TOTAL","source":"Géoportail ANSTAT"}},{"type":"Feature","geometry":{"type":"Point","coordinates":[-3.946422999999925,5.302129000000036]},"properties":{"id":56718,"nom":"TOTAL","type":"station service","district_region":null,"departement_commune":null,"verifie":true,"name":"TOTAL","source":"Géoportail ANSTAT"}},{"type":"Feature","geometry":{"type":"Point","coordinates":[-3.96213599999993,5.268737000000044]},"properties":{"id":56720,"nom":"TOTAL","type":"station service","district_region":null,"departement_commune":null,"verifie":true,"name":"TOTAL","source":"Géoportail ANSTAT"}},{"type":"Feature","geometry":{"type":"Point","coordinates":[-3.973310999999967,5.256717000000037]},"properties":{"id":56721,"nom":"VINKO PETROLEUM","type":"station service","district_region":null,"departement_commune":null,"verifie":true,"name":"VINKO PETROLEUM","source":"Géoportail ANSTAT"}}],"metadata":{"dataset":"Station service — ANSTAT","source":"Géoportail ANSTAT","theme":"Transport & mobilité","verified":true,"apercu":"complet"}}