{"type":"FeatureCollection","features":[{"type":"Feature","geometry":{"type":"Point","coordinates":[-6.961903999999947,4.708561000000032]},"properties":{"id":40659,"nom":"STATION DE SODECI","type":"station eau","district_region":null,"departement_commune":null,"verifie":true,"name":"STATION DE SODECI","source":"Géoportail ANSTAT"}},{"type":"Feature","geometry":{"type":"Point","coordinates":[-6.551471999999933,5.956223000000023]},"properties":{"id":40662,"nom":"STATION SODECI","type":"station eau","district_region":null,"departement_commune":null,"verifie":true,"name":"STATION SODECI","source":"Géoportail ANSTAT"}},{"type":"Feature","geometry":{"type":"Point","coordinates":[-4.096821999999975,6.649446000000069]},"properties":{"id":40671,"nom":"STATION SODECI","type":"station eau","district_region":null,"departement_commune":null,"verifie":true,"name":"STATION SODECI","source":"Géoportail ANSTAT"}},{"type":"Feature","geometry":{"type":"Point","coordinates":[-2.608607999999947,8.518751000000066]},"properties":{"id":40685,"nom":"4EME HVA DE KOHODIO","type":"station eau","district_region":null,"departement_commune":null,"verifie":true,"name":"4EME HVA DE KOHODIO","source":"Géoportail ANSTAT"}},{"type":"Feature","geometry":{"type":"Point","coordinates":[-5.003979999999956,5.270991000000038]},"properties":{"id":40688,"nom":"STATION SODECI","type":"station eau","district_region":null,"departement_commune":null,"verifie":true,"name":"STATION SODECI","source":"Géoportail ANSTAT"}},{"type":"Feature","geometry":{"type":"Point","coordinates":[-5.586741999999958,5.465523000000076]},"properties":{"id":40704,"nom":"STATION SODECI","type":"station eau","district_region":null,"departement_commune":null,"verifie":true,"name":"STATION SODECI","source":"Géoportail ANSTAT"}},{"type":"Feature","geometry":{"type":"Point","coordinates":[-4.148199999999974,5.332625000000064]},"properties":{"id":40744,"nom":"STATION SODECI D ABADJIN KOUTE","type":"station eau","district_region":null,"departement_commune":null,"verifie":true,"name":"STATION SODECI D ABADJIN KOUTE","source":"Géoportail ANSTAT"}},{"type":"Feature","geometry":{"type":"Point","coordinates":[-4.147495999999933,5.328609000000029]},"properties":{"id":40746,"nom":"STATION SODECI D ABADJIN KOUTE","type":"station eau","district_region":null,"departement_commune":null,"verifie":true,"name":"STATION SODECI D ABADJIN KOUTE","source":"Géoportail ANSTAT"}},{"type":"Feature","geometry":{"type":"Point","coordinates":[-5.03510799999998,7.646237000000042]},"properties":{"id":40747,"nom":"STATION DE DRAINEMENT SODECI ASSEKRO","type":"station eau","district_region":null,"departement_commune":null,"verifie":true,"name":"STATION DE DRAINEMENT SODECI ASSEKRO","source":"Géoportail ANSTAT"}},{"type":"Feature","geometry":{"type":"Point","coordinates":[-5.161956999999973,7.779830000000061]},"properties":{"id":40751,"nom":"STATION DE TRAITEMENT SODECI","type":"station eau","district_region":null,"departement_commune":null,"verifie":true,"name":"STATION DE TRAITEMENT SODECI","source":"Géoportail ANSTAT"}},{"type":"Feature","geometry":{"type":"Point","coordinates":[-4.512699999999938,6.991653000000042]},"properties":{"id":40754,"nom":"STATION SODECI","type":"station eau","district_region":null,"departement_commune":null,"verifie":true,"name":"STATION SODECI","source":"Géoportail ANSTAT"}},{"type":"Feature","geometry":{"type":"Point","coordinates":[-6.477643999999941,7.125379000000066]},"properties":{"id":40759,"nom":"STATION DE SODECI","type":"station eau","district_region":null,"departement_commune":null,"verifie":true,"name":"STATION DE SODECI","source":"Géoportail ANSTAT"}},{"type":"Feature","geometry":{"type":"Point","coordinates":[-6.249697999999967,6.901700000000062]},"properties":{"id":40762,"nom":"STATION DE SODECI","type":"station eau","district_region":null,"departement_commune":null,"verifie":true,"name":"STATION DE SODECI","source":"Géoportail ANSTAT"}},{"type":"Feature","geometry":{"type":"Point","coordinates":[-5.239636999999959,5.513476000000026]},"properties":{"id":40764,"nom":"STATION SODECI","type":"station eau","district_region":null,"departement_commune":null,"verifie":true,"name":"STATION SODECI","source":"Géoportail ANSTAT"}},{"type":"Feature","geometry":{"type":"Point","coordinates":[-5.156002999999941,5.89899900000006]},"properties":{"id":40765,"nom":"STATION DE SODECI","type":"station eau","district_region":null,"departement_commune":null,"verifie":true,"name":"STATION DE SODECI","source":"Géoportail ANSTAT"}},{"type":"Feature","geometry":{"type":"Point","coordinates":[-5.404137999999932,5.937024000000065]},"properties":{"id":40778,"nom":"STATION SODECI","type":"station eau","district_region":null,"departement_commune":null,"verifie":true,"name":"STATION SODECI","source":"Géoportail ANSTAT"}},{"type":"Feature","geometry":{"type":"Point","coordinates":[-5.404360999999938,5.935781000000077]},"properties":{"id":40785,"nom":"STATION SODECI","type":"station eau","district_region":null,"departement_commune":null,"verifie":true,"name":"STATION SODECI","source":"Géoportail ANSTAT"}},{"type":"Feature","geometry":{"type":"Point","coordinates":[-5.639728999999932,5.764401000000021]},"properties":{"id":40797,"nom":"STATION DE SODECI","type":"station eau","district_region":null,"departement_commune":null,"verifie":true,"name":"STATION DE SODECI","source":"Géoportail ANSTAT"}},{"type":"Feature","geometry":{"type":"Point","coordinates":[-7.121645999999942,9.360480000000052]},"properties":{"id":40802,"nom":"STATION SODECI","type":"station eau","district_region":null,"departement_commune":null,"verifie":true,"name":"STATION SODECI","source":"Géoportail ANSTAT"}},{"type":"Feature","geometry":{"type":"Point","coordinates":[-2.923020999999949,5.414883000000032]},"properties":{"id":40818,"nom":"STATION DE SODECI","type":"station eau","district_region":null,"departement_commune":null,"verifie":true,"name":"STATION DE SODECI","source":"Géoportail ANSTAT"}},{"type":"Feature","geometry":{"type":"Point","coordinates":[-5.94752399999993,7.622921000000076]},"properties":{"id":40867,"nom":"H  V  A","type":"station eau","district_region":null,"departement_commune":null,"verifie":true,"name":"H  V  A","source":"Géoportail ANSTAT"}},{"type":"Feature","geometry":{"type":"Point","coordinates":[-5.240818999999931,6.797318000000075]},"properties":{"id":41277,"nom":"FORAGE FTE","type":"station eau","district_region":null,"departement_commune":null,"verifie":true,"name":"FORAGE FTE","source":"Géoportail ANSTAT"}},{"type":"Feature","geometry":{"type":"Point","coordinates":[-5.052419999999927,6.804487000000051]},"properties":{"id":41306,"nom":"FORAGE DE LA SODECI","type":"station eau","district_region":null,"departement_commune":null,"verifie":true,"name":"FORAGE DE LA SODECI","source":"Géoportail ANSTAT"}},{"type":"Feature","geometry":{"type":"Point","coordinates":[-5.949251999999944,7.622265000000027]},"properties":{"id":41330,"nom":"H  V  A     N 4","type":"station eau","district_region":null,"departement_commune":null,"verifie":true,"name":"H  V  A     N 4","source":"Géoportail ANSTAT"}},{"type":"Feature","geometry":{"type":"Point","coordinates":[-4.210392999999954,5.415639000000056]},"properties":{"id":41355,"nom":"CENTRE DE TRAITEMENT SODECI","type":"station eau","district_region":null,"departement_commune":null,"verifie":true,"name":"CENTRE DE TRAITEMENT SODECI","source":"Géoportail ANSTAT"}},{"type":"Feature","geometry":{"type":"Point","coordinates":[-3.650233999999955,8.118405000000052]},"properties":{"id":41356,"nom":"CENTRE DU HVA","type":"station eau","district_region":null,"departement_commune":null,"verifie":true,"name":"CENTRE DU HVA","source":"Géoportail ANSTAT"}},{"type":"Feature","geometry":{"type":"Point","coordinates":[-5.151875999999959,6.302410000000066]},"properties":{"id":41358,"nom":"CENTRE HYDROLIQUE","type":"station eau","district_region":null,"departement_commune":null,"verifie":true,"name":"CENTRE HYDROLIQUE","source":"Géoportail ANSTAT"}},{"type":"Feature","geometry":{"type":"Point","coordinates":[-4.520049999999969,5.684333000000038]},"properties":{"id":41359,"nom":"CENTRE HYDRAULIQUE","type":"station eau","district_region":null,"departement_commune":null,"verifie":true,"name":"CENTRE HYDRAULIQUE","source":"Géoportail ANSTAT"}},{"type":"Feature","geometry":{"type":"Point","coordinates":[-4.380341999999928,5.857292000000029]},"properties":{"id":41360,"nom":"CENTRE HYDROLIQUE ANNO","type":"station eau","district_region":null,"departement_commune":null,"verifie":true,"name":"CENTRE HYDROLIQUE ANNO","source":"Géoportail ANSTAT"}},{"type":"Feature","geometry":{"type":"Point","coordinates":[-3.640799999999956,5.357350000000054]},"properties":{"id":41363,"nom":"CENTRE HYDROLIQUE","type":"station eau","district_region":null,"departement_commune":null,"verifie":true,"name":"CENTRE HYDROLIQUE","source":"Géoportail ANSTAT"}},{"type":"Feature","geometry":{"type":"Point","coordinates":[-3.933323999999971,6.076074000000062]},"properties":{"id":41364,"nom":"CENTRE HYDROLIQUE","type":"station eau","district_region":null,"departement_commune":null,"verifie":true,"name":"CENTRE HYDROLIQUE","source":"Géoportail ANSTAT"}},{"type":"Feature","geometry":{"type":"Point","coordinates":[-3.939468999999974,5.939150000000041]},"properties":{"id":41365,"nom":"CENTRE HYDROLIQUE","type":"station eau","district_region":null,"departement_commune":null,"verifie":true,"name":"CENTRE HYDROLIQUE","source":"Géoportail ANSTAT"}},{"type":"Feature","geometry":{"type":"Point","coordinates":[-3.973439999999925,6.015846000000067]},"properties":{"id":41366,"nom":"CENTRE HYDRAULIQU","type":"station eau","district_region":null,"departement_commune":null,"verifie":true,"name":"CENTRE HYDRAULIQU","source":"Géoportail ANSTAT"}},{"type":"Feature","geometry":{"type":"Point","coordinates":[-3.952390999999977,7.048913000000027]},"properties":{"id":41367,"nom":"CENTRE DE TRAITEMENT SODECI","type":"station eau","district_region":null,"departement_commune":null,"verifie":true,"name":"CENTRE DE TRAITEMENT SODECI","source":"Géoportail ANSTAT"}},{"type":"Feature","geometry":{"type":"Point","coordinates":[-3.757817999999929,7.056481000000076]},"properties":{"id":41368,"nom":"CENTRE DE TRAITEMENT DEAU DE HVA","type":"station eau","district_region":null,"departement_commune":null,"verifie":true,"name":"CENTRE DE TRAITEMENT DEAU DE HVA","source":"Géoportail ANSTAT"}},{"type":"Feature","geometry":{"type":"Point","coordinates":[-4.447373999999968,6.274579000000074]},"properties":{"id":41849,"nom":"CHATEAU D EAU HVA","type":"station eau","district_region":null,"departement_commune":null,"verifie":true,"name":"CHATEAU D EAU HVA","source":"Géoportail ANSTAT"}},{"type":"Feature","geometry":{"type":"Point","coordinates":[-7.359463999999946,7.379202000000021]},"properties":{"id":41870,"nom":"CHATEAU HVA","type":"station eau","district_region":null,"departement_commune":null,"verifie":true,"name":"CHATEAU HVA","source":"Géoportail ANSTAT"}},{"type":"Feature","geometry":{"type":"Point","coordinates":[-2.80730699999998,8.53884800000003]},"properties":{"id":41959,"nom":"CHATEAU ET HVA","type":"station eau","district_region":null,"departement_commune":null,"verifie":true,"name":"CHATEAU ET HVA","source":"Géoportail ANSTAT"}},{"type":"Feature","geometry":{"type":"Point","coordinates":[-6.869190999999944,7.954352000000029]},"properties":{"id":41982,"nom":"CHATEAU HVA","type":"station eau","district_region":null,"departement_commune":null,"verifie":true,"name":"CHATEAU HVA","source":"Géoportail ANSTAT"}},{"type":"Feature","geometry":{"type":"Point","coordinates":[-4.325009999999963,6.934118000000069]},"properties":{"id":42049,"nom":"CHATEAU DEAU HVA","type":"station eau","district_region":null,"departement_commune":null,"verifie":true,"name":"CHATEAU DEAU HVA","source":"Géoportail ANSTAT"}},{"type":"Feature","geometry":{"type":"Point","coordinates":[-4.471034999999972,6.902355000000057]},"properties":{"id":42053,"nom":"CHATEAU HVA","type":"station eau","district_region":null,"departement_commune":null,"verifie":true,"name":"CHATEAU HVA","source":"Géoportail ANSTAT"}},{"type":"Feature","geometry":{"type":"Point","coordinates":[-7.553637999999978,10.14414500000004]},"properties":{"id":42148,"nom":"CHATEAU HVA DE KABANGOUE","type":"station eau","district_region":null,"departement_commune":null,"verifie":true,"name":"CHATEAU HVA DE KABANGOUE","source":"Géoportail ANSTAT"}},{"type":"Feature","geometry":{"type":"Point","coordinates":[-3.38474599999995,5.370574000000033]},"properties":{"id":42238,"nom":"CHATEAU D EAU HVA","type":"station eau","district_region":null,"departement_commune":null,"verifie":true,"name":"CHATEAU D EAU HVA","source":"Géoportail ANSTAT"}},{"type":"Feature","geometry":{"type":"Point","coordinates":[-6.14892199999997,5.030520000000024]},"properties":{"id":42349,"nom":"CENTRE DE TRAITEMENT D EAU DE GAOULOU","type":"station eau","district_region":null,"departement_commune":null,"verifie":true,"name":"CENTRE DE TRAITEMENT D EAU DE GAOULOU","source":"Géoportail ANSTAT"}},{"type":"Feature","geometry":{"type":"Point","coordinates":[-2.741428999999926,9.171013000000071]},"properties":{"id":42392,"nom":"CENTRE DE TRAITEMENT DEAU POTABLE","type":"station eau","district_region":null,"departement_commune":null,"verifie":true,"name":"CENTRE DE TRAITEMENT DEAU POTABLE","source":"Géoportail ANSTAT"}},{"type":"Feature","geometry":{"type":"Point","coordinates":[-7.388154999999927,9.814380000000028]},"properties":{"id":42454,"nom":"CHATEAUX D EAU HVA","type":"station eau","district_region":null,"departement_commune":null,"verifie":true,"name":"CHATEAUX D EAU HVA","source":"Géoportail ANSTAT"}},{"type":"Feature","geometry":{"type":"Point","coordinates":[-5.073542999999972,8.187313000000074]},"properties":{"id":42486,"nom":"CENTRE DE TRAITEMENT D EAU POTABLE DE KATIOLA NIKOLO","type":"station eau","district_region":null,"departement_commune":null,"verifie":true,"name":"CENTRE DE TRAITEMENT D EAU POTABLE DE KATIOLA NIKOLO","source":"Géoportail ANSTAT"}},{"type":"Feature","geometry":{"type":"Point","coordinates":[-7.754482999999937,7.289253000000031]},"properties":{"id":42488,"nom":"CENTRE DE TRAITEMENT D EAU","type":"station eau","district_region":null,"departement_commune":null,"verifie":true,"name":"CENTRE DE TRAITEMENT D EAU","source":"Géoportail ANSTAT"}},{"type":"Feature","geometry":{"type":"Point","coordinates":[-5.478425999999956,7.021130000000028]},"properties":{"id":42540,"nom":"OPERATION FORAGE","type":"station eau","district_region":null,"departement_commune":null,"verifie":true,"name":"OPERATION FORAGE","source":"Géoportail ANSTAT"}},{"type":"Feature","geometry":{"type":"Point","coordinates":[-3.28376099999997,6.841068000000064]},"properties":{"id":42549,"nom":"COOPERATION IVOIRO BELGE HVA DE MANZANOUA","type":"station eau","district_region":null,"departement_commune":null,"verifie":true,"name":"COOPERATION IVOIRO BELGE HVA DE MANZANOUA","source":"Géoportail ANSTAT"}},{"type":"Feature","geometry":{"type":"Point","coordinates":[-5.134907999999939,6.916739000000064]},"properties":{"id":42618,"nom":"CHATEAU HVA","type":"station eau","district_region":null,"departement_commune":null,"verifie":true,"name":"CHATEAU HVA","source":"Géoportail ANSTAT"}},{"type":"Feature","geometry":{"type":"Point","coordinates":[-5.107046999999966,6.916557000000068]},"properties":{"id":42629,"nom":"HVA","type":"station eau","district_region":null,"departement_commune":null,"verifie":true,"name":"HVA","source":"Géoportail ANSTAT"}},{"type":"Feature","geometry":{"type":"Point","coordinates":[-6.514163999999937,5.826860000000067]},"properties":{"id":42655,"nom":"FORAGE EQUIPE DE POMPE A MOTRICITE HUMAINE","type":"station eau","district_region":null,"departement_commune":null,"verifie":true,"name":"FORAGE EQUIPE DE POMPE A MOTRICITE HUMAINE","source":"Géoportail ANSTAT"}},{"type":"Feature","geometry":{"type":"Point","coordinates":[-3.89305799999994,6.649180000000058]},"properties":{"id":42660,"nom":"FORAGE DE LA POMPE  DE ASSIKRO","type":"station eau","district_region":null,"departement_commune":null,"verifie":true,"name":"FORAGE DE LA POMPE  DE ASSIKRO","source":"Géoportail ANSTAT"}},{"type":"Feature","geometry":{"type":"Point","coordinates":[-5.250134999999943,7.058671000000061]},"properties":{"id":42665,"nom":"FORAGE SODECI","type":"station eau","district_region":null,"departement_commune":null,"verifie":true,"name":"FORAGE SODECI","source":"Géoportail ANSTAT"}},{"type":"Feature","geometry":{"type":"Point","coordinates":[-3.446719999999971,7.947066000000063]},"properties":{"id":42667,"nom":"FONTAINE HVA","type":"station eau","district_region":null,"departement_commune":null,"verifie":true,"name":"FONTAINE HVA","source":"Géoportail ANSTAT"}},{"type":"Feature","geometry":{"type":"Point","coordinates":[-3.629706999999939,8.112197000000037]},"properties":{"id":42674,"nom":"FONTAINE HVA","type":"station eau","district_region":null,"departement_commune":null,"verifie":true,"name":"FONTAINE HVA","source":"Géoportail ANSTAT"}},{"type":"Feature","geometry":{"type":"Point","coordinates":[-3.626741999999979,8.11154700000003]},"properties":{"id":42675,"nom":"FONTAINE HVA","type":"station eau","district_region":null,"departement_commune":null,"verifie":true,"name":"FONTAINE HVA","source":"Géoportail ANSTAT"}},{"type":"Feature","geometry":{"type":"Point","coordinates":[-3.627635999999939,8.112201000000027]},"properties":{"id":42676,"nom":"FONTAINE HVA","type":"station eau","district_region":null,"departement_commune":null,"verifie":true,"name":"FONTAINE HVA","source":"Géoportail ANSTAT"}},{"type":"Feature","geometry":{"type":"Point","coordinates":[-6.654151999999954,8.456598000000042]},"properties":{"id":42682,"nom":"FONTAINE HVA","type":"station eau","district_region":null,"departement_commune":null,"verifie":true,"name":"FONTAINE HVA","source":"Géoportail ANSTAT"}},{"type":"Feature","geometry":{"type":"Point","coordinates":[-4.267882999999927,6.58395900000005]},"properties":{"id":42683,"nom":"FORAGE SODECI MBAOUCESSOU","type":"station eau","district_region":null,"departement_commune":null,"verifie":true,"name":"FORAGE SODECI MBAOUCESSOU","source":"Géoportail ANSTAT"}},{"type":"Feature","geometry":{"type":"Point","coordinates":[-4.620444999999961,6.495997000000045]},"properties":{"id":42685,"nom":"FORAGE SODECI DE TIEMELEKRO","type":"station eau","district_region":null,"departement_commune":null,"verifie":true,"name":"FORAGE SODECI DE TIEMELEKRO","source":"Géoportail ANSTAT"}},{"type":"Feature","geometry":{"type":"Point","coordinates":[-3.98395899999997,6.978179000000068]},"properties":{"id":42686,"nom":"FORAGE SODECI","type":"station eau","district_region":null,"departement_commune":null,"verifie":true,"name":"FORAGE SODECI","source":"Géoportail ANSTAT"}},{"type":"Feature","geometry":{"type":"Point","coordinates":[-4.50932899999998,5.476459000000034]},"properties":{"id":42688,"nom":"FORAGE SODECI","type":"station eau","district_region":null,"departement_commune":null,"verifie":true,"name":"FORAGE SODECI","source":"Géoportail ANSTAT"}},{"type":"Feature","geometry":{"type":"Point","coordinates":[-4.246306999999945,5.35926900000004]},"properties":{"id":42690,"nom":"FORAGE DE SODECI","type":"station eau","district_region":null,"departement_commune":null,"verifie":true,"name":"FORAGE DE SODECI","source":"Géoportail ANSTAT"}},{"type":"Feature","geometry":{"type":"Point","coordinates":[-4.240759999999966,5.355346000000054]},"properties":{"id":42691,"nom":"FORAGE DE SODECI","type":"station eau","district_region":null,"departement_commune":null,"verifie":true,"name":"FORAGE DE SODECI","source":"Géoportail ANSTAT"}},{"type":"Feature","geometry":{"type":"Point","coordinates":[-2.805941999999959,8.052344000000062]},"properties":{"id":42695,"nom":"FORAGE DE LA SODECI","type":"station eau","district_region":null,"departement_commune":null,"verifie":true,"name":"FORAGE DE LA SODECI","source":"Géoportail ANSTAT"}},{"type":"Feature","geometry":{"type":"Point","coordinates":[-2.777187999999967,8.017580000000066]},"properties":{"id":42696,"nom":"FORAGE SODECI","type":"station eau","district_region":null,"departement_commune":null,"verifie":true,"name":"FORAGE SODECI","source":"Géoportail ANSTAT"}},{"type":"Feature","geometry":{"type":"Point","coordinates":[-2.787135999999975,8.039770000000033]},"properties":{"id":42697,"nom":"FORAGE SODECI","type":"station eau","district_region":null,"departement_commune":null,"verifie":true,"name":"FORAGE SODECI","source":"Géoportail ANSTAT"}},{"type":"Feature","geometry":{"type":"Point","coordinates":[-2.789315999999928,8.040175000000033]},"properties":{"id":42698,"nom":"FORAGE SODECI","type":"station eau","district_region":null,"departement_commune":null,"verifie":true,"name":"FORAGE SODECI","source":"Géoportail ANSTAT"}},{"type":"Feature","geometry":{"type":"Point","coordinates":[-6.15922299999994,9.845592000000067]},"properties":{"id":42699,"nom":"FORAGE DE PONGAFRE","type":"station eau","district_region":null,"departement_commune":null,"verifie":true,"name":"FORAGE DE PONGAFRE","source":"Géoportail ANSTAT"}},{"type":"Feature","geometry":{"type":"Point","coordinates":[-2.81904899999995,8.060136000000057]},"properties":{"id":42702,"nom":"FORAGE DE LA SODECI","type":"station eau","district_region":null,"departement_commune":null,"verifie":true,"name":"FORAGE DE LA SODECI","source":"Géoportail ANSTAT"}},{"type":"Feature","geometry":{"type":"Point","coordinates":[-3.194362999999953,8.218740000000025]},"properties":{"id":42706,"nom":"FORAGE SODECI","type":"station eau","district_region":null,"departement_commune":null,"verifie":true,"name":"FORAGE SODECI","source":"Géoportail ANSTAT"}},{"type":"Feature","geometry":{"type":"Point","coordinates":[-3.207226999999932,7.777578000000062]},"properties":{"id":42708,"nom":"FORAGE SODECI","type":"station eau","district_region":null,"departement_commune":null,"verifie":true,"name":"FORAGE SODECI","source":"Géoportail ANSTAT"}},{"type":"Feature","geometry":{"type":"Point","coordinates":[-5.28139299999998,9.50132700000006]},"properties":{"id":42711,"nom":"FORAGE","type":"station eau","district_region":null,"departement_commune":null,"verifie":true,"name":"FORAGE","source":"Géoportail ANSTAT"}},{"type":"Feature","geometry":{"type":"Point","coordinates":[-5.194286999999974,10.09030400000006]},"properties":{"id":42712,"nom":"FORAGE","type":"station eau","district_region":null,"departement_commune":null,"verifie":true,"name":"FORAGE","source":"Géoportail ANSTAT"}},{"type":"Feature","geometry":{"type":"Point","coordinates":[-7.142703999999981,4.751116000000025]},"properties":{"id":42713,"nom":"FORAGE DE BACO3","type":"station eau","district_region":null,"departement_commune":null,"verifie":true,"name":"FORAGE DE BACO3","source":"Géoportail ANSTAT"}},{"type":"Feature","geometry":{"type":"Point","coordinates":[-7.14142099999998,4.718311000000028]},"properties":{"id":42714,"nom":"FORAGE DE BACO1","type":"station eau","district_region":null,"departement_commune":null,"verifie":true,"name":"FORAGE DE BACO1","source":"Géoportail ANSTAT"}},{"type":"Feature","geometry":{"type":"Point","coordinates":[-7.02540399999998,4.747235000000046]},"properties":{"id":42715,"nom":"FORAGE","type":"station eau","district_region":null,"departement_commune":null,"verifie":true,"name":"FORAGE","source":"Géoportail ANSTAT"}},{"type":"Feature","geometry":{"type":"Point","coordinates":[-7.287842999999953,4.507075000000043]},"properties":{"id":42716,"nom":"FORAGE DE GLIKE V2","type":"station eau","district_region":null,"departement_commune":null,"verifie":true,"name":"FORAGE DE GLIKE V2","source":"Géoportail ANSTAT"}},{"type":"Feature","geometry":{"type":"Point","coordinates":[-5.725948999999957,9.356718000000058]},"properties":{"id":42717,"nom":"FORAGE DE KAFONNON","type":"station eau","district_region":null,"departement_commune":null,"verifie":true,"name":"FORAGE DE KAFONNON","source":"Géoportail ANSTAT"}},{"type":"Feature","geometry":{"type":"Point","coordinates":[-5.715180999999973,9.411578000000077]},"properties":{"id":42718,"nom":"FORAGE DE FORO","type":"station eau","district_region":null,"departement_commune":null,"verifie":true,"name":"FORAGE DE FORO","source":"Géoportail ANSTAT"}},{"type":"Feature","geometry":{"type":"Point","coordinates":[-5.73299099999997,9.491020000000049]},"properties":{"id":42719,"nom":"FORAGE","type":"station eau","district_region":null,"departement_commune":null,"verifie":true,"name":"FORAGE","source":"Géoportail ANSTAT"}},{"type":"Feature","geometry":{"type":"Point","coordinates":[-6.375867999999969,5.892000000000053]},"properties":{"id":42720,"nom":"FORAGE","type":"station eau","district_region":null,"departement_commune":null,"verifie":true,"name":"FORAGE","source":"Géoportail ANSTAT"}},{"type":"Feature","geometry":{"type":"Point","coordinates":[-6.389825999999971,5.827016000000071]},"properties":{"id":42721,"nom":"FORAGE SIPEFCI","type":"station eau","district_region":null,"departement_commune":null,"verifie":true,"name":"FORAGE SIPEFCI","source":"Géoportail ANSTAT"}},{"type":"Feature","geometry":{"type":"Point","coordinates":[-6.54026099999993,6.113293000000056]},"properties":{"id":42722,"nom":"FORAGE SODCI","type":"station eau","district_region":null,"departement_commune":null,"verifie":true,"name":"FORAGE SODCI","source":"Géoportail ANSTAT"}},{"type":"Feature","geometry":{"type":"Point","coordinates":[-4.620427999999947,6.496006000000023]},"properties":{"id":42723,"nom":"FORAGE","type":"station eau","district_region":null,"departement_commune":null,"verifie":true,"name":"FORAGE","source":"Géoportail ANSTAT"}},{"type":"Feature","geometry":{"type":"Point","coordinates":[-4.088835999999958,6.783210000000054]},"properties":{"id":42724,"nom":"FORAGE","type":"station eau","district_region":null,"departement_commune":null,"verifie":true,"name":"FORAGE","source":"Géoportail ANSTAT"}},{"type":"Feature","geometry":{"type":"Point","coordinates":[-3.958498999999961,6.676530000000071]},"properties":{"id":42725,"nom":"FORAGE","type":"station eau","district_region":null,"departement_commune":null,"verifie":true,"name":"FORAGE","source":"Géoportail ANSTAT"}},{"type":"Feature","geometry":{"type":"Point","coordinates":[-7.458333999999979,7.285052000000064]},"properties":{"id":42726,"nom":"FORAGE","type":"station eau","district_region":null,"departement_commune":null,"verifie":true,"name":"FORAGE","source":"Géoportail ANSTAT"}},{"type":"Feature","geometry":{"type":"Point","coordinates":[-7.336141999999938,7.260366000000033]},"properties":{"id":42727,"nom":"FORAGE DE KEITENABLY","type":"station eau","district_region":null,"departement_commune":null,"verifie":true,"name":"FORAGE DE KEITENABLY","source":"Géoportail ANSTAT"}},{"type":"Feature","geometry":{"type":"Point","coordinates":[-4.40974099999994,5.309637000000066]},"properties":{"id":42728,"nom":"FORAGE","type":"station eau","district_region":null,"departement_commune":null,"verifie":true,"name":"FORAGE","source":"Géoportail ANSTAT"}},{"type":"Feature","geometry":{"type":"Point","coordinates":[-4.65607499999993,5.313517000000047]},"properties":{"id":42729,"nom":"FORAGE","type":"station eau","district_region":null,"departement_commune":null,"verifie":true,"name":"FORAGE","source":"Géoportail ANSTAT"}},{"type":"Feature","geometry":{"type":"Point","coordinates":[-5.809411999999952,6.17570500000005]},"properties":{"id":42730,"nom":"FORAGE","type":"station eau","district_region":null,"departement_commune":null,"verifie":true,"name":"FORAGE","source":"Géoportail ANSTAT"}},{"type":"Feature","geometry":{"type":"Point","coordinates":[-5.990304999999978,6.114144000000067]},"properties":{"id":42731,"nom":"FONTAINE A FORAGE DE CIB","type":"station eau","district_region":null,"departement_commune":null,"verifie":true,"name":"FONTAINE A FORAGE DE CIB","source":"Géoportail ANSTAT"}},{"type":"Feature","geometry":{"type":"Point","coordinates":[-6.138657999999964,6.318007000000023]},"properties":{"id":42732,"nom":"FORAGE","type":"station eau","district_region":null,"departement_commune":null,"verifie":true,"name":"FORAGE","source":"Géoportail ANSTAT"}},{"type":"Feature","geometry":{"type":"Point","coordinates":[-6.145063999999934,6.266139000000067]},"properties":{"id":42733,"nom":"FORAGE TAKOA","type":"station eau","district_region":null,"departement_commune":null,"verifie":true,"name":"FORAGE TAKOA","source":"Géoportail ANSTAT"}},{"type":"Feature","geometry":{"type":"Point","coordinates":[-6.200957999999957,6.286553000000026]},"properties":{"id":42734,"nom":"FORAGE","type":"station eau","district_region":null,"departement_commune":null,"verifie":true,"name":"FORAGE","source":"Géoportail ANSTAT"}},{"type":"Feature","geometry":{"type":"Point","coordinates":[-6.284519999999929,6.289242000000058]},"properties":{"id":42735,"nom":"FORAGE","type":"station eau","district_region":null,"departement_commune":null,"verifie":true,"name":"FORAGE","source":"Géoportail ANSTAT"}},{"type":"Feature","geometry":{"type":"Point","coordinates":[-4.802763999999968,7.123212000000024]},"properties":{"id":42737,"nom":"FORAGE","type":"station eau","district_region":null,"departement_commune":null,"verifie":true,"name":"FORAGE","source":"Géoportail ANSTAT"}},{"type":"Feature","geometry":{"type":"Point","coordinates":[-5.046190999999965,7.161325000000033]},"properties":{"id":42738,"nom":"FORAGE DE AHOUGNANSSOU ALLAHOU","type":"station eau","district_region":null,"departement_commune":null,"verifie":true,"name":"FORAGE DE AHOUGNANSSOU ALLAHOU","source":"Géoportail ANSTAT"}},{"type":"Feature","geometry":{"type":"Point","coordinates":[-4.284121999999968,5.527581000000055]},"properties":{"id":42739,"nom":"FORAGE","type":"station eau","district_region":null,"departement_commune":null,"verifie":true,"name":"FORAGE","source":"Géoportail ANSTAT"}},{"type":"Feature","geometry":{"type":"Point","coordinates":[-4.283117999999945,5.527214000000072]},"properties":{"id":42740,"nom":"FORAGE","type":"station eau","district_region":null,"departement_commune":null,"verifie":true,"name":"FORAGE","source":"Géoportail ANSTAT"}},{"type":"Feature","geometry":{"type":"Point","coordinates":[-3.854488999999944,5.311590000000024]},"properties":{"id":42741,"nom":"FORAGE","type":"station eau","district_region":null,"departement_commune":null,"verifie":true,"name":"FORAGE","source":"Géoportail ANSTAT"}},{"type":"Feature","geometry":{"type":"Point","coordinates":[-4.229370999999958,5.553960000000075]},"properties":{"id":42742,"nom":"FORAGE","type":"station eau","district_region":null,"departement_commune":null,"verifie":true,"name":"FORAGE","source":"Géoportail ANSTAT"}},{"type":"Feature","geometry":{"type":"Point","coordinates":[-2.962186999999972,7.236946000000046]},"properties":{"id":42743,"nom":"FORAGE","type":"station eau","district_region":null,"departement_commune":null,"verifie":true,"name":"FORAGE","source":"Géoportail ANSTAT"}},{"type":"Feature","geometry":{"type":"Point","coordinates":[-3.375042999999948,7.361920000000055]},"properties":{"id":42744,"nom":"FORAGE","type":"station eau","district_region":null,"departement_commune":null,"verifie":true,"name":"FORAGE","source":"Géoportail ANSTAT"}},{"type":"Feature","geometry":{"type":"Point","coordinates":[-6.63452099999995,8.084030000000041]},"properties":{"id":42745,"nom":"FORAGE FONTAINE DE OUSSOUGOULA","type":"station eau","district_region":null,"departement_commune":null,"verifie":true,"name":"FORAGE FONTAINE DE OUSSOUGOULA","source":"Géoportail ANSTAT"}},{"type":"Feature","geometry":{"type":"Point","coordinates":[-6.262718999999947,7.242270000000076]},"properties":{"id":42746,"nom":"FORAGE","type":"station eau","district_region":null,"departement_commune":null,"verifie":true,"name":"FORAGE","source":"Géoportail ANSTAT"}},{"type":"Feature","geometry":{"type":"Point","coordinates":[-6.117788999999959,6.730089000000021]},"properties":{"id":42747,"nom":"FORAGE","type":"station eau","district_region":null,"departement_commune":null,"verifie":true,"name":"FORAGE","source":"Géoportail ANSTAT"}},{"type":"Feature","geometry":{"type":"Point","coordinates":[-4.99171599999994,7.724168000000077]},"properties":{"id":42748,"nom":"FORAGE SODECI","type":"station eau","district_region":null,"departement_commune":null,"verifie":true,"name":"FORAGE SODECI","source":"Géoportail ANSTAT"}},{"type":"Feature","geometry":{"type":"Point","coordinates":[-5.029111999999941,7.719485000000077]},"properties":{"id":42749,"nom":"FORAGE","type":"station eau","district_region":null,"departement_commune":null,"verifie":true,"name":"FORAGE","source":"Géoportail ANSTAT"}},{"type":"Feature","geometry":{"type":"Point","coordinates":[-5.301009999999962,7.448548000000073]},"properties":{"id":42750,"nom":"FORAGE","type":"station eau","district_region":null,"departement_commune":null,"verifie":true,"name":"FORAGE","source":"Géoportail ANSTAT"}},{"type":"Feature","geometry":{"type":"Point","coordinates":[-5.460775999999953,7.673061000000075]},"properties":{"id":42751,"nom":"FORAGE DE AFFOTOBO","type":"station eau","district_region":null,"departement_commune":null,"verifie":true,"name":"FORAGE DE AFFOTOBO","source":"Géoportail ANSTAT"}},{"type":"Feature","geometry":{"type":"Point","coordinates":[-5.460767999999973,7.673011000000031]},"properties":{"id":42752,"nom":"FORAGE DE AFFOTOBO","type":"station eau","district_region":null,"departement_commune":null,"verifie":true,"name":"FORAGE DE AFFOTOBO","source":"Géoportail ANSTAT"}},{"type":"Feature","geometry":{"type":"Point","coordinates":[-5.25830099999996,7.702981000000023]},"properties":{"id":42753,"nom":"FORAGE DE LANGUIBONOU","type":"station eau","district_region":null,"departement_commune":null,"verifie":true,"name":"FORAGE DE LANGUIBONOU","source":"Géoportail ANSTAT"}},{"type":"Feature","geometry":{"type":"Point","coordinates":[-6.840105999999935,7.150127000000055]},"properties":{"id":42754,"nom":"FORAGE","type":"station eau","district_region":null,"departement_commune":null,"verifie":true,"name":"FORAGE","source":"Géoportail ANSTAT"}},{"type":"Feature","geometry":{"type":"Point","coordinates":[-6.711052999999936,6.388618000000065]},"properties":{"id":42755,"nom":"FORAGE","type":"station eau","district_region":null,"departement_commune":null,"verifie":true,"name":"FORAGE","source":"Géoportail ANSTAT"}},{"type":"Feature","geometry":{"type":"Point","coordinates":[-4.795356999999967,5.781147000000033]},"properties":{"id":42756,"nom":"FORAGE","type":"station eau","district_region":null,"departement_commune":null,"verifie":true,"name":"FORAGE","source":"Géoportail ANSTAT"}},{"type":"Feature","geometry":{"type":"Point","coordinates":[-4.928662999999972,6.256546000000071]},"properties":{"id":42757,"nom":"FORAGE DEAU","type":"station eau","district_region":null,"departement_commune":null,"verifie":true,"name":"FORAGE DEAU","source":"Géoportail ANSTAT"}},{"type":"Feature","geometry":{"type":"Point","coordinates":[-4.664744999999925,5.799101000000064]},"properties":{"id":42758,"nom":"FORAGE","type":"station eau","district_region":null,"departement_commune":null,"verifie":true,"name":"FORAGE","source":"Géoportail ANSTAT"}},{"type":"Feature","geometry":{"type":"Point","coordinates":[-5.324195999999972,5.640592000000026]},"properties":{"id":42759,"nom":"FORAGE","type":"station eau","district_region":null,"departement_commune":null,"verifie":true,"name":"FORAGE","source":"Géoportail ANSTAT"}},{"type":"Feature","geometry":{"type":"Point","coordinates":[-5.326062999999976,5.935177000000067]},"properties":{"id":42760,"nom":"FORAGE","type":"station eau","district_region":null,"departement_commune":null,"verifie":true,"name":"FORAGE","source":"Géoportail ANSTAT"}},{"type":"Feature","geometry":{"type":"Point","coordinates":[-5.339282999999966,5.787024000000031]},"properties":{"id":42761,"nom":"FORAGE","type":"station eau","district_region":null,"departement_commune":null,"verifie":true,"name":"FORAGE","source":"Géoportail ANSTAT"}},{"type":"Feature","geometry":{"type":"Point","coordinates":[-6.149291999999946,9.810764000000065]},"properties":{"id":42762,"nom":"FORAGE DE TOMBA","type":"station eau","district_region":null,"departement_commune":null,"verifie":true,"name":"FORAGE DE TOMBA","source":"Géoportail ANSTAT"}},{"type":"Feature","geometry":{"type":"Point","coordinates":[-6.24848099999997,9.85105500000003]},"properties":{"id":42763,"nom":"FORAGE PINVORO","type":"station eau","district_region":null,"departement_commune":null,"verifie":true,"name":"FORAGE PINVORO","source":"Géoportail ANSTAT"}},{"type":"Feature","geometry":{"type":"Point","coordinates":[-6.248527999999965,9.907346000000077]},"properties":{"id":42764,"nom":"FORAGE DE BAYA","type":"station eau","district_region":null,"departement_commune":null,"verifie":true,"name":"FORAGE DE BAYA","source":"Géoportail ANSTAT"}},{"type":"Feature","geometry":{"type":"Point","coordinates":[-6.679763999999977,9.43396800000005]},"properties":{"id":42765,"nom":"FORAGE","type":"station eau","district_region":null,"departement_commune":null,"verifie":true,"name":"FORAGE","source":"Géoportail ANSTAT"}},{"type":"Feature","geometry":{"type":"Point","coordinates":[-6.502890999999977,9.571606000000031]},"properties":{"id":42766,"nom":"FORAGE DE TOMBOUGOU","type":"station eau","district_region":null,"departement_commune":null,"verifie":true,"name":"FORAGE DE TOMBOUGOU","source":"Géoportail ANSTAT"}},{"type":"Feature","geometry":{"type":"Point","coordinates":[-6.219649999999945,9.827889000000027]},"properties":{"id":42767,"nom":"FORAGE DE KASSERE","type":"station eau","district_region":null,"departement_commune":null,"verifie":true,"name":"FORAGE DE KASSERE","source":"Géoportail ANSTAT"}},{"type":"Feature","geometry":{"type":"Point","coordinates":[-6.210210999999958,9.828644000000054]},"properties":{"id":42768,"nom":"FORAGE DE KASSERE","type":"station eau","district_region":null,"departement_commune":null,"verifie":true,"name":"FORAGE DE KASSERE","source":"Géoportail ANSTAT"}},{"type":"Feature","geometry":{"type":"Point","coordinates":[-5.729455999999971,8.180346000000043]},"properties":{"id":42769,"nom":"FORAGE DE TIENINGBOUE","type":"station eau","district_region":null,"departement_commune":null,"verifie":true,"name":"FORAGE DE TIENINGBOUE","source":"Géoportail ANSTAT"}},{"type":"Feature","geometry":{"type":"Point","coordinates":[-6.151580999999965,7.972771000000023]},"properties":{"id":42770,"nom":"FORAGE","type":"station eau","district_region":null,"departement_commune":null,"verifie":true,"name":"FORAGE","source":"Géoportail ANSTAT"}},{"type":"Feature","geometry":{"type":"Point","coordinates":[-6.174508999999944,8.07571100000007]},"properties":{"id":42771,"nom":"FORAGE DE MADIAN","type":"station eau","district_region":null,"departement_commune":null,"verifie":true,"name":"FORAGE DE MADIAN","source":"Géoportail ANSTAT"}},{"type":"Feature","geometry":{"type":"Point","coordinates":[-3.336348999999927,6.56977900000004]},"properties":{"id":42772,"nom":"FORAGE","type":"station eau","district_region":null,"departement_commune":null,"verifie":true,"name":"FORAGE","source":"Géoportail ANSTAT"}},{"type":"Feature","geometry":{"type":"Point","coordinates":[-3.349613999999974,6.647276000000033]},"properties":{"id":42773,"nom":"FORAGE","type":"station eau","district_region":null,"departement_commune":null,"verifie":true,"name":"FORAGE","source":"Géoportail ANSTAT"}},{"type":"Feature","geometry":{"type":"Point","coordinates":[-3.382469999999955,6.646912000000043]},"properties":{"id":42774,"nom":"FORAGE","type":"station eau","district_region":null,"departement_commune":null,"verifie":true,"name":"FORAGE","source":"Géoportail ANSTAT"}},{"type":"Feature","geometry":{"type":"Point","coordinates":[-3.364178999999979,7.000534000000073]},"properties":{"id":42775,"nom":"FORAGE","type":"station eau","district_region":null,"departement_commune":null,"verifie":true,"name":"FORAGE","source":"Géoportail ANSTAT"}},{"type":"Feature","geometry":{"type":"Point","coordinates":[-3.38247199999995,7.028612000000066]},"properties":{"id":42776,"nom":"FORAGE","type":"station eau","district_region":null,"departement_commune":null,"verifie":true,"name":"FORAGE","source":"Géoportail ANSTAT"}},{"type":"Feature","geometry":{"type":"Point","coordinates":[-3.471089999999947,6.77390500000007]},"properties":{"id":42777,"nom":"FORAGE","type":"station eau","district_region":null,"departement_commune":null,"verifie":true,"name":"FORAGE","source":"Géoportail ANSTAT"}},{"type":"Feature","geometry":{"type":"Point","coordinates":[-3.459613999999931,6.879426000000024]},"properties":{"id":42778,"nom":"FORAGE","type":"station eau","district_region":null,"departement_commune":null,"verifie":true,"name":"FORAGE","source":"Géoportail ANSTAT"}},{"type":"Feature","geometry":{"type":"Point","coordinates":[-3.485648999999967,6.858148000000028]},"properties":{"id":42779,"nom":"FORAGE","type":"station eau","district_region":null,"departement_commune":null,"verifie":true,"name":"FORAGE","source":"Géoportail ANSTAT"}},{"type":"Feature","geometry":{"type":"Point","coordinates":[-3.525765999999976,6.818940000000055]},"properties":{"id":42780,"nom":"FORAGE","type":"station eau","district_region":null,"departement_commune":null,"verifie":true,"name":"FORAGE","source":"Géoportail ANSTAT"}},{"type":"Feature","geometry":{"type":"Point","coordinates":[-3.573635999999965,6.834113000000059]},"properties":{"id":42781,"nom":"FORAGE","type":"station eau","district_region":null,"departement_commune":null,"verifie":true,"name":"FORAGE","source":"Géoportail ANSTAT"}},{"type":"Feature","geometry":{"type":"Point","coordinates":[-3.627258999999981,6.419373000000064]},"properties":{"id":42782,"nom":"FORAGE NCHOONKOI","type":"station eau","district_region":null,"departement_commune":null,"verifie":true,"name":"FORAGE NCHOONKOI","source":"Géoportail ANSTAT"}},{"type":"Feature","geometry":{"type":"Point","coordinates":[-3.224681999999973,7.056376000000057]},"properties":{"id":42783,"nom":"FORAGE","type":"station eau","district_region":null,"departement_commune":null,"verifie":true,"name":"FORAGE","source":"Géoportail ANSTAT"}},{"type":"Feature","geometry":{"type":"Point","coordinates":[-3.285361999999964,7.052826000000039]},"properties":{"id":42784,"nom":"FORAGE","type":"station eau","district_region":null,"departement_commune":null,"verifie":true,"name":"FORAGE","source":"Géoportail ANSTAT"}},{"type":"Feature","geometry":{"type":"Point","coordinates":[-3.302026999999953,7.165397000000041]},"properties":{"id":42785,"nom":"FORAGE D EAU","type":"station eau","district_region":null,"departement_commune":null,"verifie":true,"name":"FORAGE D EAU","source":"Géoportail ANSTAT"}},{"type":"Feature","geometry":{"type":"Point","coordinates":[-3.571354999999926,7.24580700000007]},"properties":{"id":42786,"nom":"FORAGE","type":"station eau","district_region":null,"departement_commune":null,"verifie":true,"name":"FORAGE","source":"Géoportail ANSTAT"}},{"type":"Feature","geometry":{"type":"Point","coordinates":[-3.620079999999973,7.13009900000003]},"properties":{"id":42787,"nom":"FORAGE","type":"station eau","district_region":null,"departement_commune":null,"verifie":true,"name":"FORAGE","source":"Géoportail ANSTAT"}},{"type":"Feature","geometry":{"type":"Point","coordinates":[-3.447344999999927,7.267516000000057]},"properties":{"id":42788,"nom":"FORAGE","type":"station eau","district_region":null,"departement_commune":null,"verifie":true,"name":"FORAGE","source":"Géoportail ANSTAT"}},{"type":"Feature","geometry":{"type":"Point","coordinates":[-3.468016999999975,7.27626900000007]},"properties":{"id":42789,"nom":"FORAGE","type":"station eau","district_region":null,"departement_commune":null,"verifie":true,"name":"FORAGE","source":"Géoportail ANSTAT"}},{"type":"Feature","geometry":{"type":"Point","coordinates":[-3.440639999999973,7.277265000000057]},"properties":{"id":42790,"nom":"FORAGE","type":"station eau","district_region":null,"departement_commune":null,"verifie":true,"name":"FORAGE","source":"Géoportail ANSTAT"}},{"type":"Feature","geometry":{"type":"Point","coordinates":[-3.49760299999997,7.268555000000049]},"properties":{"id":42791,"nom":"FORAGE","type":"station eau","district_region":null,"departement_commune":null,"verifie":true,"name":"FORAGE","source":"Géoportail ANSTAT"}},{"type":"Feature","geometry":{"type":"Point","coordinates":[-3.358364999999935,7.217802000000063]},"properties":{"id":42792,"nom":"FORAGE DE EPONONKRO","type":"station eau","district_region":null,"departement_commune":null,"verifie":true,"name":"FORAGE DE EPONONKRO","source":"Géoportail ANSTAT"}},{"type":"Feature","geometry":{"type":"Point","coordinates":[-3.310575999999969,6.216716000000076]},"properties":{"id":42793,"nom":"FORAGE","type":"station eau","district_region":null,"departement_commune":null,"verifie":true,"name":"FORAGE","source":"Géoportail ANSTAT"}},{"type":"Feature","geometry":{"type":"Point","coordinates":[-7.574346999999932,9.489011000000062]},"properties":{"id":42794,"nom":"FORAGE","type":"station eau","district_region":null,"departement_commune":null,"verifie":true,"name":"FORAGE","source":"Géoportail ANSTAT"}},{"type":"Feature","geometry":{"type":"Point","coordinates":[-3.634343999999942,5.545492000000024]},"properties":{"id":42795,"nom":"FORAGE DU VILLAGE","type":"station eau","district_region":null,"departement_commune":null,"verifie":true,"name":"FORAGE DU VILLAGE","source":"Géoportail ANSTAT"}},{"type":"Feature","geometry":{"type":"Point","coordinates":[-3.939405999999963,5.916172000000074]},"properties":{"id":42796,"nom":"FORAGE","type":"station eau","district_region":null,"departement_commune":null,"verifie":true,"name":"FORAGE","source":"Géoportail ANSTAT"}},{"type":"Feature","geometry":{"type":"Point","coordinates":[-3.973460999999929,6.016148000000044]},"properties":{"id":42797,"nom":"FORAGE","type":"station eau","district_region":null,"departement_commune":null,"verifie":true,"name":"FORAGE","source":"Géoportail ANSTAT"}},{"type":"Feature","geometry":{"type":"Point","coordinates":[-3.935602999999958,6.539405000000045]},"properties":{"id":42798,"nom":"FORAGE YAFO ATCHE","type":"station eau","district_region":null,"departement_commune":null,"verifie":true,"name":"FORAGE YAFO ATCHE","source":"Géoportail ANSTAT"}},{"type":"Feature","geometry":{"type":"Point","coordinates":[-3.770469999999932,5.907479000000023]},"properties":{"id":42799,"nom":"FORAGE","type":"station eau","district_region":null,"departement_commune":null,"verifie":true,"name":"FORAGE","source":"Géoportail ANSTAT"}},{"type":"Feature","geometry":{"type":"Point","coordinates":[-3.488152999999954,5.304135000000031]},"properties":{"id":42800,"nom":"FORAGE","type":"station eau","district_region":null,"departement_commune":null,"verifie":true,"name":"FORAGE","source":"Géoportail ANSTAT"}},{"type":"Feature","geometry":{"type":"Point","coordinates":[-3.460348999999951,5.338609000000076]},"properties":{"id":42801,"nom":"FORAGE D EAU","type":"station eau","district_region":null,"departement_commune":null,"verifie":true,"name":"FORAGE D EAU","source":"Géoportail ANSTAT"}},{"type":"Feature","geometry":{"type":"Point","coordinates":[-3.527808999999934,5.361827000000062]},"properties":{"id":42802,"nom":"FORAGE","type":"station eau","district_region":null,"departement_commune":null,"verifie":true,"name":"FORAGE","source":"Géoportail ANSTAT"}},{"type":"Feature","geometry":{"type":"Point","coordinates":[-3.572634999999934,5.381929000000071]},"properties":{"id":42803,"nom":"FORAGE","type":"station eau","district_region":null,"departement_commune":null,"verifie":true,"name":"FORAGE","source":"Géoportail ANSTAT"}},{"type":"Feature","geometry":{"type":"Point","coordinates":[-3.524172999999962,5.381835000000024]},"properties":{"id":42804,"nom":"FORAGE","type":"station eau","district_region":null,"departement_commune":null,"verifie":true,"name":"FORAGE","source":"Géoportail ANSTAT"}},{"type":"Feature","geometry":{"type":"Point","coordinates":[-3.517415999999969,5.492876000000024]},"properties":{"id":42805,"nom":"FORAGE V2","type":"station eau","district_region":null,"departement_commune":null,"verifie":true,"name":"FORAGE V2","source":"Géoportail ANSTAT"}},{"type":"Feature","geometry":{"type":"Point","coordinates":[-3.48897999999997,5.207107000000065]},"properties":{"id":42806,"nom":"FORAGE DU VILLAGE","type":"station eau","district_region":null,"departement_commune":null,"verifie":true,"name":"FORAGE DU VILLAGE","source":"Géoportail ANSTAT"}},{"type":"Feature","geometry":{"type":"Point","coordinates":[-2.96199299999995,5.198682000000076]},"properties":{"id":42807,"nom":"FORAGE","type":"station eau","district_region":null,"departement_commune":null,"verifie":true,"name":"FORAGE","source":"Géoportail ANSTAT"}},{"type":"Feature","geometry":{"type":"Point","coordinates":[-3.050092999999947,5.144224000000065]},"properties":{"id":42808,"nom":"FORAGE","type":"station eau","district_region":null,"departement_commune":null,"verifie":true,"name":"FORAGE","source":"Géoportail ANSTAT"}},{"type":"Feature","geometry":{"type":"Point","coordinates":[-3.08401299999997,5.18763000000007]},"properties":{"id":42809,"nom":"FORAGE","type":"station eau","district_region":null,"departement_commune":null,"verifie":true,"name":"FORAGE","source":"Géoportail ANSTAT"}},{"type":"Feature","geometry":{"type":"Point","coordinates":[-3.023555999999928,5.134686000000045]},"properties":{"id":42810,"nom":"FORAGE DE TIAPOUM","type":"station eau","district_region":null,"departement_commune":null,"verifie":true,"name":"FORAGE DE TIAPOUM","source":"Géoportail ANSTAT"}},{"type":"Feature","geometry":{"type":"Point","coordinates":[-3.039769999999976,5.355503000000056]},"properties":{"id":42811,"nom":"FORAGE SACO","type":"station eau","district_region":null,"departement_commune":null,"verifie":true,"name":"FORAGE SACO","source":"Géoportail ANSTAT"}},{"type":"Feature","geometry":{"type":"Point","coordinates":[-5.113218999999958,8.428679000000045]},"properties":{"id":42812,"nom":"FORAGE","type":"station eau","district_region":null,"departement_commune":null,"verifie":true,"name":"FORAGE","source":"Géoportail ANSTAT"}},{"type":"Feature","geometry":{"type":"Point","coordinates":[-5.191132999999979,8.452395000000024]},"properties":{"id":42813,"nom":"FORAGE","type":"station eau","district_region":null,"departement_commune":null,"verifie":true,"name":"FORAGE","source":"Géoportail ANSTAT"}},{"type":"Feature","geometry":{"type":"Point","coordinates":[-5.689072999999951,8.765049000000033]},"properties":{"id":42814,"nom":"FORAGE 2 TORTIYA","type":"station eau","district_region":null,"departement_commune":null,"verifie":true,"name":"FORAGE 2 TORTIYA","source":"Géoportail ANSTAT"}},{"type":"Feature","geometry":{"type":"Point","coordinates":[-5.134908999999936,8.222076000000072]},"properties":{"id":42815,"nom":"FORAGE","type":"station eau","district_region":null,"departement_commune":null,"verifie":true,"name":"FORAGE","source":"Géoportail ANSTAT"}},{"type":"Feature","geometry":{"type":"Point","coordinates":[-7.980205999999953,7.098385000000064]},"properties":{"id":42816,"nom":"FORAGE DE ZOGOUINE","type":"station eau","district_region":null,"departement_commune":null,"verifie":true,"name":"FORAGE DE ZOGOUINE","source":"Géoportail ANSTAT"}},{"type":"Feature","geometry":{"type":"Point","coordinates":[-4.156541999999945,7.287363000000028]},"properties":{"id":42817,"nom":"FORAGE","type":"station eau","district_region":null,"departement_commune":null,"verifie":true,"name":"FORAGE","source":"Géoportail ANSTAT"}},{"type":"Feature","geometry":{"type":"Point","coordinates":[-3.965520999999967,7.204435000000046]},"properties":{"id":42818,"nom":"FORAGE","type":"station eau","district_region":null,"departement_commune":null,"verifie":true,"name":"FORAGE","source":"Géoportail ANSTAT"}},{"type":"Feature","geometry":{"type":"Point","coordinates":[-4.435084999999958,7.274415000000033]},"properties":{"id":42819,"nom":"FORAGE","type":"station eau","district_region":null,"departement_commune":null,"verifie":true,"name":"FORAGE","source":"Géoportail ANSTAT"}},{"type":"Feature","geometry":{"type":"Point","coordinates":[-5.141264999999976,7.641058000000044]},"properties":{"id":42820,"nom":"FORAGE","type":"station eau","district_region":null,"departement_commune":null,"verifie":true,"name":"FORAGE","source":"Géoportail ANSTAT"}},{"type":"Feature","geometry":{"type":"Point","coordinates":[-5.216605999999956,7.027743000000044]},"properties":{"id":42822,"nom":"HVA","type":"station eau","district_region":null,"departement_commune":null,"verifie":true,"name":"HVA","source":"Géoportail ANSTAT"}},{"type":"Feature","geometry":{"type":"Point","coordinates":[-2.990635999999938,9.278886000000057]},"properties":{"id":42823,"nom":"FORAGE SODECI","type":"station eau","district_region":null,"departement_commune":null,"verifie":true,"name":"FORAGE SODECI","source":"Géoportail ANSTAT"}},{"type":"Feature","geometry":{"type":"Point","coordinates":[-3.616607999999928,9.582808000000057]},"properties":{"id":42829,"nom":"FORAGE SODECI","type":"station eau","district_region":null,"departement_commune":null,"verifie":true,"name":"FORAGE SODECI","source":"Géoportail ANSTAT"}},{"type":"Feature","geometry":{"type":"Point","coordinates":[-5.216322999999932,7.029526000000033]},"properties":{"id":42837,"nom":"HVA","type":"station eau","district_region":null,"departement_commune":null,"verifie":true,"name":"HVA","source":"Géoportail ANSTAT"}},{"type":"Feature","geometry":{"type":"Point","coordinates":[-5.950853999999936,7.61831600000005]},"properties":{"id":42838,"nom":"H  V  A    N 7","type":"station eau","district_region":null,"departement_commune":null,"verifie":true,"name":"H  V  A    N 7","source":"Géoportail ANSTAT"}},{"type":"Feature","geometry":{"type":"Point","coordinates":[-5.990427999999952,7.678284000000076]},"properties":{"id":42842,"nom":"H  V  A  DEFECTUEUX  A REHABILITER","type":"station eau","district_region":null,"departement_commune":null,"verifie":true,"name":"H  V  A  DEFECTUEUX  A REHABILITER","source":"Géoportail ANSTAT"}},{"type":"Feature","geometry":{"type":"Point","coordinates":[-5.979500999999971,7.521388000000059]},"properties":{"id":42843,"nom":"H  V  A DE  KOUREFLA  1","type":"station eau","district_region":null,"departement_commune":null,"verifie":true,"name":"H  V  A DE  KOUREFLA  1","source":"Géoportail ANSTAT"}},{"type":"Feature","geometry":{"type":"Point","coordinates":[-4.269605999999953,6.753660000000025]},"properties":{"id":42844,"nom":"H V A","type":"station eau","district_region":null,"departement_commune":null,"verifie":true,"name":"H V A","source":"Géoportail ANSTAT"}},{"type":"Feature","geometry":{"type":"Point","coordinates":[-4.268560999999977,6.752746000000059]},"properties":{"id":42845,"nom":"H V A","type":"station eau","district_region":null,"departement_commune":null,"verifie":true,"name":"H V A","source":"Géoportail ANSTAT"}},{"type":"Feature","geometry":{"type":"Point","coordinates":[-4.268866999999943,6.752479000000051]},"properties":{"id":42846,"nom":"H V A","type":"station eau","district_region":null,"departement_commune":null,"verifie":true,"name":"H V A","source":"Géoportail ANSTAT"}},{"type":"Feature","geometry":{"type":"Point","coordinates":[-4.256565999999964,6.749010000000055]},"properties":{"id":42847,"nom":"H V A","type":"station eau","district_region":null,"departement_commune":null,"verifie":true,"name":"H V A","source":"Géoportail ANSTAT"}},{"type":"Feature","geometry":{"type":"Point","coordinates":[-3.78288699999996,6.881193000000053]},"properties":{"id":42848,"nom":"H V A","type":"station eau","district_region":null,"departement_commune":null,"verifie":true,"name":"H V A","source":"Géoportail ANSTAT"}},{"type":"Feature","geometry":{"type":"Point","coordinates":[-4.084683999999925,6.541448000000059]},"properties":{"id":42849,"nom":"H V A","type":"station eau","district_region":null,"departement_commune":null,"verifie":true,"name":"H V A","source":"Géoportail ANSTAT"}},{"type":"Feature","geometry":{"type":"Point","coordinates":[-4.200972999999976,6.616491000000053]},"properties":{"id":42850,"nom":"H V A","type":"station eau","district_region":null,"departement_commune":null,"verifie":true,"name":"H V A","source":"Géoportail ANSTAT"}},{"type":"Feature","geometry":{"type":"Point","coordinates":[-4.146401999999966,6.672653000000025]},"properties":{"id":42851,"nom":"H V A","type":"station eau","district_region":null,"departement_commune":null,"verifie":true,"name":"H V A","source":"Géoportail ANSTAT"}},{"type":"Feature","geometry":{"type":"Point","coordinates":[-7.191118999999958,6.890311000000054]},"properties":{"id":42852,"nom":"H V A","type":"station eau","district_region":null,"departement_commune":null,"verifie":true,"name":"H V A","source":"Géoportail ANSTAT"}},{"type":"Feature","geometry":{"type":"Point","coordinates":[-7.190641999999968,6.892536000000064]},"properties":{"id":42853,"nom":"H V A","type":"station eau","district_region":null,"departement_commune":null,"verifie":true,"name":"H V A","source":"Géoportail ANSTAT"}},{"type":"Feature","geometry":{"type":"Point","coordinates":[-4.229542999999978,5.552960000000041]},"properties":{"id":42854,"nom":"H V A","type":"station eau","district_region":null,"departement_commune":null,"verifie":true,"name":"H V A","source":"Géoportail ANSTAT"}},{"type":"Feature","geometry":{"type":"Point","coordinates":[-4.230798999999934,5.550859000000059]},"properties":{"id":42855,"nom":"H V A","type":"station eau","district_region":null,"departement_commune":null,"verifie":true,"name":"H V A","source":"Géoportail ANSTAT"}},{"type":"Feature","geometry":{"type":"Point","coordinates":[-4.230654999999956,5.550564000000065]},"properties":{"id":42856,"nom":"H V A","type":"station eau","district_region":null,"departement_commune":null,"verifie":true,"name":"H V A","source":"Géoportail ANSTAT"}},{"type":"Feature","geometry":{"type":"Point","coordinates":[-4.198559999999929,5.535336000000029]},"properties":{"id":42857,"nom":"H V A","type":"station eau","district_region":null,"departement_commune":null,"verifie":true,"name":"H V A","source":"Géoportail ANSTAT"}},{"type":"Feature","geometry":{"type":"Point","coordinates":[-4.219840999999974,5.532978000000071]},"properties":{"id":42858,"nom":"H V A","type":"station eau","district_region":null,"departement_commune":null,"verifie":true,"name":"H V A","source":"Géoportail ANSTAT"}},{"type":"Feature","geometry":{"type":"Point","coordinates":[-4.150124999999946,5.402833000000044]},"properties":{"id":42859,"nom":"H V A","type":"station eau","district_region":null,"departement_commune":null,"verifie":true,"name":"H V A","source":"Géoportail ANSTAT"}},{"type":"Feature","geometry":{"type":"Point","coordinates":[-3.117258999999933,9.030704000000071]},"properties":{"id":42860,"nom":"H V A","type":"station eau","district_region":null,"departement_commune":null,"verifie":true,"name":"H V A","source":"Géoportail ANSTAT"}},{"type":"Feature","geometry":{"type":"Point","coordinates":[-3.080734999999947,9.04332400000004]},"properties":{"id":42861,"nom":"H V A","type":"station eau","district_region":null,"departement_commune":null,"verifie":true,"name":"H V A","source":"Géoportail ANSTAT"}},{"type":"Feature","geometry":{"type":"Point","coordinates":[-3.618146999999965,7.254747000000066]},"properties":{"id":42862,"nom":"H V A","type":"station eau","district_region":null,"departement_commune":null,"verifie":true,"name":"H V A","source":"Géoportail ANSTAT"}},{"type":"Feature","geometry":{"type":"Point","coordinates":[-3.618550999999968,7.253886000000023]},"properties":{"id":42863,"nom":"H V A","type":"station eau","district_region":null,"departement_commune":null,"verifie":true,"name":"H V A","source":"Géoportail ANSTAT"}},{"type":"Feature","geometry":{"type":"Point","coordinates":[-8.200714999999946,6.968054000000052]},"properties":{"id":42864,"nom":"H V A","type":"station eau","district_region":null,"departement_commune":null,"verifie":true,"name":"H V A","source":"Géoportail ANSTAT"}},{"type":"Feature","geometry":{"type":"Point","coordinates":[-8.199578999999972,6.96557800000005]},"properties":{"id":42865,"nom":"H V A","type":"station eau","district_region":null,"departement_commune":null,"verifie":true,"name":"H V A","source":"Géoportail ANSTAT"}},{"type":"Feature","geometry":{"type":"Point","coordinates":[-7.984263999999939,7.095115000000021]},"properties":{"id":42868,"nom":"H V A","type":"station eau","district_region":null,"departement_commune":null,"verifie":true,"name":"H V A","source":"Géoportail ANSTAT"}},{"type":"Feature","geometry":{"type":"Point","coordinates":[-7.988238999999965,7.09976800000004]},"properties":{"id":42869,"nom":"H V A","type":"station eau","district_region":null,"departement_commune":null,"verifie":true,"name":"H V A","source":"Géoportail ANSTAT"}},{"type":"Feature","geometry":{"type":"Point","coordinates":[-4.020518999999979,7.746778000000063]},"properties":{"id":42870,"nom":"H V A","type":"station eau","district_region":null,"departement_commune":null,"verifie":true,"name":"H V A","source":"Géoportail ANSTAT"}},{"type":"Feature","geometry":{"type":"Point","coordinates":[-4.58568299999996,7.509651000000076]},"properties":{"id":42871,"nom":"H V A","type":"station eau","district_region":null,"departement_commune":null,"verifie":true,"name":"H V A","source":"Géoportail ANSTAT"}},{"type":"Feature","geometry":{"type":"Point","coordinates":[-4.576264999999978,7.450533000000064]},"properties":{"id":42872,"nom":"H V A","type":"station eau","district_region":null,"departement_commune":null,"verifie":true,"name":"H V A","source":"Géoportail ANSTAT"}},{"type":"Feature","geometry":{"type":"Point","coordinates":[-4.160686999999939,7.428630000000055]},"properties":{"id":42873,"nom":"H V A","type":"station eau","district_region":null,"departement_commune":null,"verifie":true,"name":"H V A","source":"Géoportail ANSTAT"}},{"type":"Feature","geometry":{"type":"Point","coordinates":[-3.961441999999977,7.466312000000073]},"properties":{"id":42874,"nom":"H V A","type":"station eau","district_region":null,"departement_commune":null,"verifie":true,"name":"H V A","source":"Géoportail ANSTAT"}},{"type":"Feature","geometry":{"type":"Point","coordinates":[-3.771178999999961,7.25601800000004]},"properties":{"id":42875,"nom":"H V A","type":"station eau","district_region":null,"departement_commune":null,"verifie":true,"name":"H V A","source":"Géoportail ANSTAT"}},{"type":"Feature","geometry":{"type":"Point","coordinates":[-3.771974999999941,7.191493000000037]},"properties":{"id":42876,"nom":"H V A","type":"station eau","district_region":null,"departement_commune":null,"verifie":true,"name":"H V A","source":"Géoportail ANSTAT"}},{"type":"Feature","geometry":{"type":"Point","coordinates":[-3.76210599999996,7.200095000000033]},"properties":{"id":42877,"nom":"H V A","type":"station eau","district_region":null,"departement_commune":null,"verifie":true,"name":"H V A","source":"Géoportail ANSTAT"}},{"type":"Feature","geometry":{"type":"Point","coordinates":[-3.66275799999994,7.264921000000072]},"properties":{"id":42878,"nom":"H V A","type":"station eau","district_region":null,"departement_commune":null,"verifie":true,"name":"H V A","source":"Géoportail ANSTAT"}},{"type":"Feature","geometry":{"type":"Point","coordinates":[-3.692285999999967,7.299061000000052]},"properties":{"id":42879,"nom":"H V A","type":"station eau","district_region":null,"departement_commune":null,"verifie":true,"name":"H V A","source":"Géoportail ANSTAT"}},{"type":"Feature","geometry":{"type":"Point","coordinates":[-3.655401999999981,7.288159000000064]},"properties":{"id":42880,"nom":"H V A","type":"station eau","district_region":null,"departement_commune":null,"verifie":true,"name":"H V A","source":"Géoportail ANSTAT"}},{"type":"Feature","geometry":{"type":"Point","coordinates":[-3.576621999999929,7.34239800000006]},"properties":{"id":42881,"nom":"H V A","type":"station eau","district_region":null,"departement_commune":null,"verifie":true,"name":"H V A","source":"Géoportail ANSTAT"}},{"type":"Feature","geometry":{"type":"Point","coordinates":[-3.817499999999939,7.307436000000052]},"properties":{"id":42882,"nom":"H V A","type":"station eau","district_region":null,"departement_commune":null,"verifie":true,"name":"H V A","source":"Géoportail ANSTAT"}},{"type":"Feature","geometry":{"type":"Point","coordinates":[-3.212746999999979,7.669464000000062]},"properties":{"id":42883,"nom":"H6DRAULIQUE VILLAGEOISE AMELIOREE","type":"station eau","district_region":null,"departement_commune":null,"verifie":true,"name":"H6DRAULIQUE VILLAGEOISE AMELIOREE","source":"Géoportail ANSTAT"}},{"type":"Feature","geometry":{"type":"Point","coordinates":[-4.698444999999936,5.168544000000054]},"properties":{"id":42886,"nom":"HIDROLIQUE VILLAGEOISE AMELIOREE 3","type":"station eau","district_region":null,"departement_commune":null,"verifie":true,"name":"HIDROLIQUE VILLAGEOISE AMELIOREE 3","source":"Géoportail ANSTAT"}},{"type":"Feature","geometry":{"type":"Point","coordinates":[-8.410953999999947,6.58812400000005]},"properties":{"id":42887,"nom":"FORAGE SODECIE","type":"station eau","district_region":null,"departement_commune":null,"verifie":true,"name":"FORAGE SODECIE","source":"Géoportail ANSTAT"}},{"type":"Feature","geometry":{"type":"Point","coordinates":[-7.390018999999938,7.048205000000053]},"properties":{"id":42888,"nom":"HUDROLIQUE VILLAGEOISE AMELIORE","type":"station eau","district_region":null,"departement_commune":null,"verifie":true,"name":"HUDROLIQUE VILLAGEOISE AMELIORE","source":"Géoportail ANSTAT"}},{"type":"Feature","geometry":{"type":"Point","coordinates":[-4.444250999999952,5.724100000000021]},"properties":{"id":42893,"nom":"HOTEL LE FORAGE","type":"station eau","district_region":null,"departement_commune":null,"verifie":true,"name":"HOTEL LE FORAGE","source":"Géoportail ANSTAT"}},{"type":"Feature","geometry":{"type":"Point","coordinates":[-4.216271999999947,9.043860000000052]},"properties":{"id":42894,"nom":"HVA","type":"station eau","district_region":null,"departement_commune":null,"verifie":true,"name":"HVA","source":"Géoportail ANSTAT"}},{"type":"Feature","geometry":{"type":"Point","coordinates":[-4.216225999999949,9.043790000000058]},"properties":{"id":42895,"nom":"HVA","type":"station eau","district_region":null,"departement_commune":null,"verifie":true,"name":"HVA","source":"Géoportail ANSTAT"}},{"type":"Feature","geometry":{"type":"Point","coordinates":[-4.215581999999927,9.041704000000038]},"properties":{"id":42896,"nom":"HVA","type":"station eau","district_region":null,"departement_commune":null,"verifie":true,"name":"HVA","source":"Géoportail ANSTAT"}},{"type":"Feature","geometry":{"type":"Point","coordinates":[-4.214843999999971,9.043532000000027]},"properties":{"id":42897,"nom":"HVA","type":"station eau","district_region":null,"departement_commune":null,"verifie":true,"name":"HVA","source":"Géoportail ANSTAT"}},{"type":"Feature","geometry":{"type":"Point","coordinates":[-4.627314999999953,9.429954000000066]},"properties":{"id":42898,"nom":"HVA","type":"station eau","district_region":null,"departement_commune":null,"verifie":true,"name":"HVA","source":"Géoportail ANSTAT"}},{"type":"Feature","geometry":{"type":"Point","coordinates":[-4.717951999999968,9.44399500000003]},"properties":{"id":42899,"nom":"HVA","type":"station eau","district_region":null,"departement_commune":null,"verifie":true,"name":"HVA","source":"Géoportail ANSTAT"}},{"type":"Feature","geometry":{"type":"Point","coordinates":[-4.744725999999957,9.547484000000054]},"properties":{"id":42900,"nom":"HVA","type":"station eau","district_region":null,"departement_commune":null,"verifie":true,"name":"HVA","source":"Géoportail ANSTAT"}},{"type":"Feature","geometry":{"type":"Point","coordinates":[-6.659567999999979,4.785042000000033]},"properties":{"id":42901,"nom":"HVA","type":"station eau","district_region":null,"departement_commune":null,"verifie":true,"name":"HVA","source":"Géoportail ANSTAT"}},{"type":"Feature","geometry":{"type":"Point","coordinates":[-6.642728999999974,4.984727000000021]},"properties":{"id":42903,"nom":"HVA","type":"station eau","district_region":null,"departement_commune":null,"verifie":true,"name":"HVA","source":"Géoportail ANSTAT"}},{"type":"Feature","geometry":{"type":"Point","coordinates":[-7.38452899999993,4.610607000000073]},"properties":{"id":42904,"nom":"HVA","type":"station eau","district_region":null,"departement_commune":null,"verifie":true,"name":"HVA","source":"Géoportail ANSTAT"}},{"type":"Feature","geometry":{"type":"Point","coordinates":[-7.383269999999925,4.610812000000067]},"properties":{"id":42905,"nom":"HVA","type":"station eau","district_region":null,"departement_commune":null,"verifie":true,"name":"HVA","source":"Géoportail ANSTAT"}},{"type":"Feature","geometry":{"type":"Point","coordinates":[-5.830335999999932,9.811503000000071]},"properties":{"id":42906,"nom":"HVA","type":"station eau","district_region":null,"departement_commune":null,"verifie":true,"name":"HVA","source":"Géoportail ANSTAT"}},{"type":"Feature","geometry":{"type":"Point","coordinates":[-6.791053999999974,5.755763000000059]},"properties":{"id":42911,"nom":"HVA","type":"station eau","district_region":null,"departement_commune":null,"verifie":true,"name":"HVA","source":"Géoportail ANSTAT"}},{"type":"Feature","geometry":{"type":"Point","coordinates":[-6.401464999999973,5.885935000000075]},"properties":{"id":42913,"nom":"HVA","type":"station eau","district_region":null,"departement_commune":null,"verifie":true,"name":"HVA","source":"Géoportail ANSTAT"}},{"type":"Feature","geometry":{"type":"Point","coordinates":[-6.622067999999956,5.769506000000035]},"properties":{"id":42914,"nom":"HVA","type":"station eau","district_region":null,"departement_commune":null,"verifie":true,"name":"HVA","source":"Géoportail ANSTAT"}},{"type":"Feature","geometry":{"type":"Point","coordinates":[-4.271523999999943,6.582279000000028]},"properties":{"id":42923,"nom":"HVA","type":"station eau","district_region":null,"departement_commune":null,"verifie":true,"name":"HVA","source":"Géoportail ANSTAT"}},{"type":"Feature","geometry":{"type":"Point","coordinates":[-4.410459999999944,6.493887000000029]},"properties":{"id":42924,"nom":"HVA","type":"station eau","district_region":null,"departement_commune":null,"verifie":true,"name":"HVA","source":"Géoportail ANSTAT"}},{"type":"Feature","geometry":{"type":"Point","coordinates":[-4.411067999999943,6.496901000000037]},"properties":{"id":42925,"nom":"HVA","type":"station eau","district_region":null,"departement_commune":null,"verifie":true,"name":"HVA","source":"Géoportail ANSTAT"}},{"type":"Feature","geometry":{"type":"Point","coordinates":[-4.490170999999975,6.501257000000066]},"properties":{"id":42926,"nom":"HVA","type":"station eau","district_region":null,"departement_commune":null,"verifie":true,"name":"HVA","source":"Géoportail ANSTAT"}},{"type":"Feature","geometry":{"type":"Point","coordinates":[-4.426486999999952,6.694571000000053]},"properties":{"id":42927,"nom":"HVA","type":"station eau","district_region":null,"departement_commune":null,"verifie":true,"name":"HVA","source":"Géoportail ANSTAT"}},{"type":"Feature","geometry":{"type":"Point","coordinates":[-4.341415999999981,6.646220000000028]},"properties":{"id":42928,"nom":"HVA","type":"station eau","district_region":null,"departement_commune":null,"verifie":true,"name":"HVA","source":"Géoportail ANSTAT"}},{"type":"Feature","geometry":{"type":"Point","coordinates":[-4.337548999999967,6.647436000000027]},"properties":{"id":42929,"nom":"HVA","type":"station eau","district_region":null,"departement_commune":null,"verifie":true,"name":"HVA","source":"Géoportail ANSTAT"}},{"type":"Feature","geometry":{"type":"Point","coordinates":[-4.470251999999959,6.375235000000032]},"properties":{"id":42930,"nom":"HVA","type":"station eau","district_region":null,"departement_commune":null,"verifie":true,"name":"HVA","source":"Géoportail ANSTAT"}},{"type":"Feature","geometry":{"type":"Point","coordinates":[-4.630133999999941,6.520726000000025]},"properties":{"id":42931,"nom":"HVA","type":"station eau","district_region":null,"departement_commune":null,"verifie":true,"name":"HVA","source":"Géoportail ANSTAT"}},{"type":"Feature","geometry":{"type":"Point","coordinates":[-4.476822999999968,6.49506800000006]},"properties":{"id":42932,"nom":"HVA","type":"station eau","district_region":null,"departement_commune":null,"verifie":true,"name":"HVA","source":"Géoportail ANSTAT"}},{"type":"Feature","geometry":{"type":"Point","coordinates":[-4.444767999999954,6.488839000000041]},"properties":{"id":42933,"nom":"HVA","type":"station eau","district_region":null,"departement_commune":null,"verifie":true,"name":"HVA","source":"Géoportail ANSTAT"}},{"type":"Feature","geometry":{"type":"Point","coordinates":[-4.008468999999934,6.967071000000033]},"properties":{"id":42934,"nom":"HVA","type":"station eau","district_region":null,"departement_commune":null,"verifie":true,"name":"HVA","source":"Géoportail ANSTAT"}},{"type":"Feature","geometry":{"type":"Point","coordinates":[-4.655246999999974,6.45446000000004]},"properties":{"id":42935,"nom":"HVA","type":"station eau","district_region":null,"departement_commune":null,"verifie":true,"name":"HVA","source":"Géoportail ANSTAT"}},{"type":"Feature","geometry":{"type":"Point","coordinates":[-4.20258599999994,6.61543400000005]},"properties":{"id":42936,"nom":"HVA","type":"station eau","district_region":null,"departement_commune":null,"verifie":true,"name":"HVA","source":"Géoportail ANSTAT"}},{"type":"Feature","geometry":{"type":"Point","coordinates":[-7.239616999999953,7.366471000000047]},"properties":{"id":42937,"nom":"HVA","type":"station eau","district_region":null,"departement_commune":null,"verifie":true,"name":"HVA","source":"Géoportail ANSTAT"}},{"type":"Feature","geometry":{"type":"Point","coordinates":[-7.408069999999952,7.378812000000039]},"properties":{"id":42938,"nom":"HVA","type":"station eau","district_region":null,"departement_commune":null,"verifie":true,"name":"HVA","source":"Géoportail ANSTAT"}},{"type":"Feature","geometry":{"type":"Point","coordinates":[-7.407965999999931,7.378970000000038]},"properties":{"id":42939,"nom":"HVA","type":"station eau","district_region":null,"departement_commune":null,"verifie":true,"name":"HVA","source":"Géoportail ANSTAT"}},{"type":"Feature","geometry":{"type":"Point","coordinates":[-7.425836999999945,7.364542000000029]},"properties":{"id":42940,"nom":"HVA","type":"station eau","district_region":null,"departement_commune":null,"verifie":true,"name":"HVA","source":"Géoportail ANSTAT"}},{"type":"Feature","geometry":{"type":"Point","coordinates":[-7.131065999999976,7.146227000000067]},"properties":{"id":42942,"nom":"HVA","type":"station eau","district_region":null,"departement_commune":null,"verifie":true,"name":"HVA","source":"Géoportail ANSTAT"}},{"type":"Feature","geometry":{"type":"Point","coordinates":[-7.112622999999928,7.143354000000045]},"properties":{"id":42943,"nom":"HVA","type":"station eau","district_region":null,"departement_commune":null,"verifie":true,"name":"HVA","source":"Géoportail ANSTAT"}},{"type":"Feature","geometry":{"type":"Point","coordinates":[-7.198452999999972,6.593529000000046]},"properties":{"id":42944,"nom":"HVA","type":"station eau","district_region":null,"departement_commune":null,"verifie":true,"name":"HVA","source":"Géoportail ANSTAT"}},{"type":"Feature","geometry":{"type":"Point","coordinates":[-7.195564999999931,6.594507000000021]},"properties":{"id":42945,"nom":"HVA","type":"station eau","district_region":null,"departement_commune":null,"verifie":true,"name":"HVA","source":"Géoportail ANSTAT"}},{"type":"Feature","geometry":{"type":"Point","coordinates":[-7.196530999999936,6.592612000000031]},"properties":{"id":42946,"nom":"HVA","type":"station eau","district_region":null,"departement_commune":null,"verifie":true,"name":"HVA","source":"Géoportail ANSTAT"}},{"type":"Feature","geometry":{"type":"Point","coordinates":[-7.195973999999978,6.886799000000053]},"properties":{"id":42948,"nom":"HVA","type":"station eau","district_region":null,"departement_commune":null,"verifie":true,"name":"HVA","source":"Géoportail ANSTAT"}},{"type":"Feature","geometry":{"type":"Point","coordinates":[-7.194882999999948,6.887366000000043]},"properties":{"id":42949,"nom":"HVA","type":"station eau","district_region":null,"departement_commune":null,"verifie":true,"name":"HVA","source":"Géoportail ANSTAT"}},{"type":"Feature","geometry":{"type":"Point","coordinates":[-4.79255999999998,5.153764000000024]},"properties":{"id":42950,"nom":"HVA","type":"station eau","district_region":null,"departement_commune":null,"verifie":true,"name":"HVA","source":"Géoportail ANSTAT"}},{"type":"Feature","geometry":{"type":"Point","coordinates":[-4.649033999999972,5.175253000000055]},"properties":{"id":42951,"nom":"HVA","type":"station eau","district_region":null,"departement_commune":null,"verifie":true,"name":"HVA","source":"Géoportail ANSTAT"}},{"type":"Feature","geometry":{"type":"Point","coordinates":[-4.64754899999997,5.176334000000054]},"properties":{"id":42952,"nom":"HVA","type":"station eau","district_region":null,"departement_commune":null,"verifie":true,"name":"HVA","source":"Géoportail ANSTAT"}},{"type":"Feature","geometry":{"type":"Point","coordinates":[-4.562440999999978,5.187017000000026]},"properties":{"id":42954,"nom":"HVA","type":"station eau","district_region":null,"departement_commune":null,"verifie":true,"name":"HVA","source":"Géoportail ANSTAT"}},{"type":"Feature","geometry":{"type":"Point","coordinates":[-4.561562999999978,5.186518000000035]},"properties":{"id":42955,"nom":"HVA","type":"station eau","district_region":null,"departement_commune":null,"verifie":true,"name":"HVA","source":"Géoportail ANSTAT"}},{"type":"Feature","geometry":{"type":"Point","coordinates":[-4.46972599999998,5.197006000000044]},"properties":{"id":42956,"nom":"HVA","type":"station eau","district_region":null,"departement_commune":null,"verifie":true,"name":"HVA","source":"Géoportail ANSTAT"}},{"type":"Feature","geometry":{"type":"Point","coordinates":[-4.274587999999937,5.216411000000051]},"properties":{"id":42957,"nom":"HVA","type":"station eau","district_region":null,"departement_commune":null,"verifie":true,"name":"HVA","source":"Géoportail ANSTAT"}},{"type":"Feature","geometry":{"type":"Point","coordinates":[-4.855899999999963,5.734889000000067]},"properties":{"id":42958,"nom":"HVA","type":"station eau","district_region":null,"departement_commune":null,"verifie":true,"name":"HVA","source":"Géoportail ANSTAT"}},{"type":"Feature","geometry":{"type":"Point","coordinates":[-6.131307999999933,6.254841000000056]},"properties":{"id":42959,"nom":"HVA","type":"station eau","district_region":null,"departement_commune":null,"verifie":true,"name":"HVA","source":"Géoportail ANSTAT"}},{"type":"Feature","geometry":{"type":"Point","coordinates":[-6.947960999999964,6.21057200000007]},"properties":{"id":42963,"nom":"HVCI FISDES PNUD BUYO 002","type":"station eau","district_region":null,"departement_commune":null,"verifie":true,"name":"HVCI FISDES PNUD BUYO 002","source":"Géoportail ANSTAT"}},{"type":"Feature","geometry":{"type":"Point","coordinates":[-6.825106999999946,5.650103000000058]},"properties":{"id":42964,"nom":"HVCI PNUD 2010","type":"station eau","district_region":null,"departement_commune":null,"verifie":true,"name":"HVCI PNUD 2010","source":"Géoportail ANSTAT"}},{"type":"Feature","geometry":{"type":"Point","coordinates":[-5.368298999999979,6.298608000000058]},"properties":{"id":42965,"nom":"HVA","type":"station eau","district_region":null,"departement_commune":null,"verifie":true,"name":"HVA","source":"Géoportail ANSTAT"}},{"type":"Feature","geometry":{"type":"Point","coordinates":[-5.550296999999944,6.490000000000066]},"properties":{"id":42966,"nom":"HVA","type":"station eau","district_region":null,"departement_commune":null,"verifie":true,"name":"HVA","source":"Géoportail ANSTAT"}},{"type":"Feature","geometry":{"type":"Point","coordinates":[-5.521864999999934,6.329308000000026]},"properties":{"id":42967,"nom":"HVA","type":"station eau","district_region":null,"departement_commune":null,"verifie":true,"name":"HVA","source":"Géoportail ANSTAT"}},{"type":"Feature","geometry":{"type":"Point","coordinates":[-6.879944999999964,5.609632000000033]},"properties":{"id":42968,"nom":"HVCI PRICI BM","type":"station eau","district_region":null,"departement_commune":null,"verifie":true,"name":"HVCI PRICI BM","source":"Géoportail ANSTAT"}},{"type":"Feature","geometry":{"type":"Point","coordinates":[-4.784829999999943,6.216293000000064]},"properties":{"id":42969,"nom":"HVA","type":"station eau","district_region":null,"departement_commune":null,"verifie":true,"name":"HVA","source":"Géoportail ANSTAT"}},{"type":"Feature","geometry":{"type":"Point","coordinates":[-4.78723199999996,6.214289000000065]},"properties":{"id":42970,"nom":"HVA","type":"station eau","district_region":null,"departement_commune":null,"verifie":true,"name":"HVA","source":"Géoportail ANSTAT"}},{"type":"Feature","geometry":{"type":"Point","coordinates":[-4.807239999999979,6.219371000000024]},"properties":{"id":42971,"nom":"HVA","type":"station eau","district_region":null,"departement_commune":null,"verifie":true,"name":"HVA","source":"Géoportail ANSTAT"}},{"type":"Feature","geometry":{"type":"Point","coordinates":[-4.787226999999973,6.242523000000062]},"properties":{"id":42972,"nom":"HVA","type":"station eau","district_region":null,"departement_commune":null,"verifie":true,"name":"HVA","source":"Géoportail ANSTAT"}},{"type":"Feature","geometry":{"type":"Point","coordinates":[-4.890221999999937,6.926900000000046]},"properties":{"id":42973,"nom":"HVA","type":"station eau","district_region":null,"departement_commune":null,"verifie":true,"name":"HVA","source":"Géoportail ANSTAT"}},{"type":"Feature","geometry":{"type":"Point","coordinates":[-4.888275999999962,6.927932000000055]},"properties":{"id":42974,"nom":"HVA","type":"station eau","district_region":null,"departement_commune":null,"verifie":true,"name":"HVA","source":"Géoportail ANSTAT"}},{"type":"Feature","geometry":{"type":"Point","coordinates":[-4.886777999999936,6.927666000000045]},"properties":{"id":42975,"nom":"HVA","type":"station eau","district_region":null,"departement_commune":null,"verifie":true,"name":"HVA","source":"Géoportail ANSTAT"}},{"type":"Feature","geometry":{"type":"Point","coordinates":[-4.884869999999978,6.928202000000056]},"properties":{"id":42976,"nom":"HVA","type":"station eau","district_region":null,"departement_commune":null,"verifie":true,"name":"HVA","source":"Géoportail ANSTAT"}},{"type":"Feature","geometry":{"type":"Point","coordinates":[-4.932426999999961,7.378949000000034]},"properties":{"id":42977,"nom":"HVA","type":"station eau","district_region":null,"departement_commune":null,"verifie":true,"name":"HVA","source":"Géoportail ANSTAT"}},{"type":"Feature","geometry":{"type":"Point","coordinates":[-4.930530999999974,7.379218000000037]},"properties":{"id":42978,"nom":"HVA","type":"station eau","district_region":null,"departement_commune":null,"verifie":true,"name":"HVA","source":"Géoportail ANSTAT"}},{"type":"Feature","geometry":{"type":"Point","coordinates":[-4.95091999999994,7.068051000000025]},"properties":{"id":42979,"nom":"HVA","type":"station eau","district_region":null,"departement_commune":null,"verifie":true,"name":"HVA","source":"Géoportail ANSTAT"}},{"type":"Feature","geometry":{"type":"Point","coordinates":[-4.949955999999929,7.066872000000046]},"properties":{"id":42980,"nom":"HVA","type":"station eau","district_region":null,"departement_commune":null,"verifie":true,"name":"HVA","source":"Géoportail ANSTAT"}},{"type":"Feature","geometry":{"type":"Point","coordinates":[-5.004461999999933,6.72069700000003]},"properties":{"id":42981,"nom":"HVA","type":"station eau","district_region":null,"departement_commune":null,"verifie":true,"name":"HVA","source":"Géoportail ANSTAT"}},{"type":"Feature","geometry":{"type":"Point","coordinates":[-4.938732999999957,7.373655000000042]},"properties":{"id":42982,"nom":"HVA","type":"station eau","district_region":null,"departement_commune":null,"verifie":true,"name":"HVA","source":"Géoportail ANSTAT"}},{"type":"Feature","geometry":{"type":"Point","coordinates":[-3.82400599999994,5.323092000000031]},"properties":{"id":42983,"nom":"HVA","type":"station eau","district_region":null,"departement_commune":null,"verifie":true,"name":"HVA","source":"Géoportail ANSTAT"}},{"type":"Feature","geometry":{"type":"Point","coordinates":[-2.814232999999945,7.853060000000028]},"properties":{"id":42984,"nom":"HVA","type":"station eau","district_region":null,"departement_commune":null,"verifie":true,"name":"HVA","source":"Géoportail ANSTAT"}},{"type":"Feature","geometry":{"type":"Point","coordinates":[-2.816047999999967,7.852065000000039]},"properties":{"id":42985,"nom":"HVA","type":"station eau","district_region":null,"departement_commune":null,"verifie":true,"name":"HVA","source":"Géoportail ANSTAT"}},{"type":"Feature","geometry":{"type":"Point","coordinates":[-2.875402999999949,7.895508000000063]},"properties":{"id":42986,"nom":"HVA","type":"station eau","district_region":null,"departement_commune":null,"verifie":true,"name":"HVA","source":"Géoportail ANSTAT"}},{"type":"Feature","geometry":{"type":"Point","coordinates":[-2.787863999999956,7.945351000000073]},"properties":{"id":42987,"nom":"HVA","type":"station eau","district_region":null,"departement_commune":null,"verifie":true,"name":"HVA","source":"Géoportail ANSTAT"}},{"type":"Feature","geometry":{"type":"Point","coordinates":[-2.786640999999975,7.948137000000031]},"properties":{"id":42988,"nom":"HVA","type":"station eau","district_region":null,"departement_commune":null,"verifie":true,"name":"HVA","source":"Géoportail ANSTAT"}},{"type":"Feature","geometry":{"type":"Point","coordinates":[-3.053931999999975,7.94638800000007]},"properties":{"id":42989,"nom":"HVA","type":"station eau","district_region":null,"departement_commune":null,"verifie":true,"name":"HVA","source":"Géoportail ANSTAT"}},{"type":"Feature","geometry":{"type":"Point","coordinates":[-2.925854999999956,7.971359000000064]},"properties":{"id":42990,"nom":"HVA","type":"station eau","district_region":null,"departement_commune":null,"verifie":true,"name":"HVA","source":"Géoportail ANSTAT"}},{"type":"Feature","geometry":{"type":"Point","coordinates":[-2.743342999999925,7.994844000000057]},"properties":{"id":42991,"nom":"HVA","type":"station eau","district_region":null,"departement_commune":null,"verifie":true,"name":"HVA","source":"Géoportail ANSTAT"}},{"type":"Feature","geometry":{"type":"Point","coordinates":[-3.217763999999931,8.052594000000056]},"properties":{"id":42992,"nom":"HVA","type":"station eau","district_region":null,"departement_commune":null,"verifie":true,"name":"HVA","source":"Géoportail ANSTAT"}},{"type":"Feature","geometry":{"type":"Point","coordinates":[-3.218927999999948,8.050415000000044]},"properties":{"id":42993,"nom":"HVA","type":"station eau","district_region":null,"departement_commune":null,"verifie":true,"name":"HVA","source":"Géoportail ANSTAT"}},{"type":"Feature","geometry":{"type":"Point","coordinates":[-3.217600999999945,8.054096000000072]},"properties":{"id":42994,"nom":"HVA","type":"station eau","district_region":null,"departement_commune":null,"verifie":true,"name":"HVA","source":"Géoportail ANSTAT"}},{"type":"Feature","geometry":{"type":"Point","coordinates":[-3.218614999999943,8.052544000000069]},"properties":{"id":42995,"nom":"HVA","type":"station eau","district_region":null,"departement_commune":null,"verifie":true,"name":"HVA","source":"Géoportail ANSTAT"}},{"type":"Feature","geometry":{"type":"Point","coordinates":[-3.218719999999962,8.05450600000006]},"properties":{"id":42996,"nom":"HVA","type":"station eau","district_region":null,"departement_commune":null,"verifie":true,"name":"HVA","source":"Géoportail ANSTAT"}},{"type":"Feature","geometry":{"type":"Point","coordinates":[-3.214760999999953,8.039478000000031]},"properties":{"id":42997,"nom":"HVA","type":"station eau","district_region":null,"departement_commune":null,"verifie":true,"name":"HVA","source":"Géoportail ANSTAT"}},{"type":"Feature","geometry":{"type":"Point","coordinates":[-3.326092999999958,8.052635000000066]},"properties":{"id":42998,"nom":"HVA","type":"station eau","district_region":null,"departement_commune":null,"verifie":true,"name":"HVA","source":"Géoportail ANSTAT"}},{"type":"Feature","geometry":{"type":"Point","coordinates":[-3.478326999999979,8.080457000000024]},"properties":{"id":42999,"nom":"HVA","type":"station eau","district_region":null,"departement_commune":null,"verifie":true,"name":"HVA","source":"Géoportail ANSTAT"}},{"type":"Feature","geometry":{"type":"Point","coordinates":[-3.240675999999951,8.206886000000054]},"properties":{"id":43000,"nom":"HVA","type":"station eau","district_region":null,"departement_commune":null,"verifie":true,"name":"HVA","source":"Géoportail ANSTAT"}},{"type":"Feature","geometry":{"type":"Point","coordinates":[-3.238553999999965,8.203767000000028]},"properties":{"id":43001,"nom":"HVA","type":"station eau","district_region":null,"departement_commune":null,"verifie":true,"name":"HVA","source":"Géoportail ANSTAT"}},{"type":"Feature","geometry":{"type":"Point","coordinates":[-3.032987999999932,8.210248000000036]},"properties":{"id":43002,"nom":"HVA","type":"station eau","district_region":null,"departement_commune":null,"verifie":true,"name":"HVA","source":"Géoportail ANSTAT"}},{"type":"Feature","geometry":{"type":"Point","coordinates":[-3.343286999999975,8.227993000000026]},"properties":{"id":43003,"nom":"HVA","type":"station eau","district_region":null,"departement_commune":null,"verifie":true,"name":"HVA","source":"Géoportail ANSTAT"}},{"type":"Feature","geometry":{"type":"Point","coordinates":[-3.338588999999956,8.226046000000053]},"properties":{"id":43004,"nom":"HVA","type":"station eau","district_region":null,"departement_commune":null,"verifie":true,"name":"HVA","source":"Géoportail ANSTAT"}},{"type":"Feature","geometry":{"type":"Point","coordinates":[-2.978947999999946,8.238105000000076]},"properties":{"id":43005,"nom":"HVA","type":"station eau","district_region":null,"departement_commune":null,"verifie":true,"name":"HVA","source":"Géoportail ANSTAT"}},{"type":"Feature","geometry":{"type":"Point","coordinates":[-2.689372999999932,8.241902000000039]},"properties":{"id":43006,"nom":"HVA","type":"station eau","district_region":null,"departement_commune":null,"verifie":true,"name":"HVA","source":"Géoportail ANSTAT"}},{"type":"Feature","geometry":{"type":"Point","coordinates":[-2.965118999999959,8.292157000000032]},"properties":{"id":43007,"nom":"HVA","type":"station eau","district_region":null,"departement_commune":null,"verifie":true,"name":"HVA","source":"Géoportail ANSTAT"}},{"type":"Feature","geometry":{"type":"Point","coordinates":[-3.431360999999924,8.138242000000048]},"properties":{"id":43008,"nom":"HVA","type":"station eau","district_region":null,"departement_commune":null,"verifie":true,"name":"HVA","source":"Géoportail ANSTAT"}},{"type":"Feature","geometry":{"type":"Point","coordinates":[-3.43560599999995,8.13951000000003]},"properties":{"id":43009,"nom":"HVA","type":"station eau","district_region":null,"departement_commune":null,"verifie":true,"name":"HVA","source":"Géoportail ANSTAT"}},{"type":"Feature","geometry":{"type":"Point","coordinates":[-3.435924999999941,8.135803000000067]},"properties":{"id":43010,"nom":"HVA","type":"station eau","district_region":null,"departement_commune":null,"verifie":true,"name":"HVA","source":"Géoportail ANSTAT"}},{"type":"Feature","geometry":{"type":"Point","coordinates":[-3.432419999999979,8.136514000000034]},"properties":{"id":43011,"nom":"HVA","type":"station eau","district_region":null,"departement_commune":null,"verifie":true,"name":"HVA","source":"Géoportail ANSTAT"}},{"type":"Feature","geometry":{"type":"Point","coordinates":[-3.432394999999929,8.133276000000023]},"properties":{"id":43012,"nom":"HVA","type":"station eau","district_region":null,"departement_commune":null,"verifie":true,"name":"HVA","source":"Géoportail ANSTAT"}},{"type":"Feature","geometry":{"type":"Point","coordinates":[-3.437624999999969,8.138161000000025]},"properties":{"id":43013,"nom":"HVA","type":"station eau","district_region":null,"departement_commune":null,"verifie":true,"name":"HVA","source":"Géoportail ANSTAT"}},{"type":"Feature","geometry":{"type":"Point","coordinates":[-3.001559999999927,8.15512700000005]},"properties":{"id":43014,"nom":"HVA","type":"station eau","district_region":null,"departement_commune":null,"verifie":true,"name":"HVA","source":"Géoportail ANSTAT"}},{"type":"Feature","geometry":{"type":"Point","coordinates":[-2.998225999999931,8.157742000000042]},"properties":{"id":43015,"nom":"HVA","type":"station eau","district_region":null,"departement_commune":null,"verifie":true,"name":"HVA","source":"Géoportail ANSTAT"}},{"type":"Feature","geometry":{"type":"Point","coordinates":[-3.00097999999997,8.158991000000071]},"properties":{"id":43016,"nom":"HVA","type":"station eau","district_region":null,"departement_commune":null,"verifie":true,"name":"HVA","source":"Géoportail ANSTAT"}},{"type":"Feature","geometry":{"type":"Point","coordinates":[-2.984609999999975,8.144371000000035]},"properties":{"id":43017,"nom":"HVA","type":"station eau","district_region":null,"departement_commune":null,"verifie":true,"name":"HVA","source":"Géoportail ANSTAT"}},{"type":"Feature","geometry":{"type":"Point","coordinates":[-2.983333999999957,8.145445000000052]},"properties":{"id":43018,"nom":"HVA","type":"station eau","district_region":null,"departement_commune":null,"verifie":true,"name":"HVA","source":"Géoportail ANSTAT"}},{"type":"Feature","geometry":{"type":"Point","coordinates":[-3.135411999999974,7.173563000000058]},"properties":{"id":43019,"nom":"HVA","type":"station eau","district_region":null,"departement_commune":null,"verifie":true,"name":"HVA","source":"Géoportail ANSTAT"}},{"type":"Feature","geometry":{"type":"Point","coordinates":[-3.136821999999938,7.172191000000055]},"properties":{"id":43020,"nom":"HVA","type":"station eau","district_region":null,"departement_commune":null,"verifie":true,"name":"HVA","source":"Géoportail ANSTAT"}},{"type":"Feature","geometry":{"type":"Point","coordinates":[-3.029477999999926,7.18688400000002]},"properties":{"id":43021,"nom":"HVA","type":"station eau","district_region":null,"departement_commune":null,"verifie":true,"name":"HVA","source":"Géoportail ANSTAT"}},{"type":"Feature","geometry":{"type":"Point","coordinates":[-3.040456999999947,7.190761000000066]},"properties":{"id":43022,"nom":"HVA","type":"station eau","district_region":null,"departement_commune":null,"verifie":true,"name":"HVA","source":"Géoportail ANSTAT"}},{"type":"Feature","geometry":{"type":"Point","coordinates":[-3.037689999999941,7.189128000000039]},"properties":{"id":43023,"nom":"HVA","type":"station eau","district_region":null,"departement_commune":null,"verifie":true,"name":"HVA","source":"Géoportail ANSTAT"}},{"type":"Feature","geometry":{"type":"Point","coordinates":[-3.039383999999927,7.189212000000055]},"properties":{"id":43024,"nom":"HVA","type":"station eau","district_region":null,"departement_commune":null,"verifie":true,"name":"HVA","source":"Géoportail ANSTAT"}},{"type":"Feature","geometry":{"type":"Point","coordinates":[-3.041201999999942,7.189128000000039]},"properties":{"id":43025,"nom":"HVA","type":"station eau","district_region":null,"departement_commune":null,"verifie":true,"name":"HVA","source":"Géoportail ANSTAT"}},{"type":"Feature","geometry":{"type":"Point","coordinates":[-3.105554999999924,7.201993000000073]},"properties":{"id":43026,"nom":"HVA","type":"station eau","district_region":null,"departement_commune":null,"verifie":true,"name":"HVA","source":"Géoportail ANSTAT"}},{"type":"Feature","geometry":{"type":"Point","coordinates":[-3.084181999999942,7.215964000000042]},"properties":{"id":43027,"nom":"HVA","type":"station eau","district_region":null,"departement_commune":null,"verifie":true,"name":"HVA","source":"Géoportail ANSTAT"}},{"type":"Feature","geometry":{"type":"Point","coordinates":[-3.064708999999937,7.216825000000028]},"properties":{"id":43028,"nom":"HVA","type":"station eau","district_region":null,"departement_commune":null,"verifie":true,"name":"HVA","source":"Géoportail ANSTAT"}},{"type":"Feature","geometry":{"type":"Point","coordinates":[-3.066687999999942,7.216578000000027]},"properties":{"id":43029,"nom":"HVA","type":"station eau","district_region":null,"departement_commune":null,"verifie":true,"name":"HVA","source":"Géoportail ANSTAT"}},{"type":"Feature","geometry":{"type":"Point","coordinates":[-2.981935999999962,7.225653000000023]},"properties":{"id":43030,"nom":"HVA","type":"station eau","district_region":null,"departement_commune":null,"verifie":true,"name":"HVA","source":"Géoportail ANSTAT"}},{"type":"Feature","geometry":{"type":"Point","coordinates":[-2.961315999999954,7.23631800000004]},"properties":{"id":43031,"nom":"HVA","type":"station eau","district_region":null,"departement_commune":null,"verifie":true,"name":"HVA","source":"Géoportail ANSTAT"}},{"type":"Feature","geometry":{"type":"Point","coordinates":[-2.959971999999937,7.236756000000071]},"properties":{"id":43032,"nom":"HVA","type":"station eau","district_region":null,"departement_commune":null,"verifie":true,"name":"HVA","source":"Géoportail ANSTAT"}},{"type":"Feature","geometry":{"type":"Point","coordinates":[-2.958838999999955,7.236765000000048]},"properties":{"id":43033,"nom":"HVA","type":"station eau","district_region":null,"departement_commune":null,"verifie":true,"name":"HVA","source":"Géoportail ANSTAT"}},{"type":"Feature","geometry":{"type":"Point","coordinates":[-3.016208999999947,7.243356000000063]},"properties":{"id":43034,"nom":"HVA","type":"station eau","district_region":null,"departement_commune":null,"verifie":true,"name":"HVA","source":"Géoportail ANSTAT"}},{"type":"Feature","geometry":{"type":"Point","coordinates":[-3.20590599999997,7.254148000000043]},"properties":{"id":43035,"nom":"HVA","type":"station eau","district_region":null,"departement_commune":null,"verifie":true,"name":"HVA","source":"Géoportail ANSTAT"}},{"type":"Feature","geometry":{"type":"Point","coordinates":[-3.053781999999956,7.264478000000054]},"properties":{"id":43036,"nom":"HVA","type":"station eau","district_region":null,"departement_commune":null,"verifie":true,"name":"HVA","source":"Géoportail ANSTAT"}},{"type":"Feature","geometry":{"type":"Point","coordinates":[-3.055722999999944,7.262818000000038]},"properties":{"id":43037,"nom":"HVA","type":"station eau","district_region":null,"departement_commune":null,"verifie":true,"name":"HVA","source":"Géoportail ANSTAT"}},{"type":"Feature","geometry":{"type":"Point","coordinates":[-3.056619999999953,7.260992000000044]},"properties":{"id":43038,"nom":"HVA","type":"station eau","district_region":null,"departement_commune":null,"verifie":true,"name":"HVA","source":"Géoportail ANSTAT"}},{"type":"Feature","geometry":{"type":"Point","coordinates":[-2.985878999999954,7.275193000000058]},"properties":{"id":43039,"nom":"HVA","type":"station eau","district_region":null,"departement_commune":null,"verifie":true,"name":"HVA","source":"Géoportail ANSTAT"}},{"type":"Feature","geometry":{"type":"Point","coordinates":[-2.985866999999928,7.276808000000074]},"properties":{"id":43040,"nom":"HVA","type":"station eau","district_region":null,"departement_commune":null,"verifie":true,"name":"HVA","source":"Géoportail ANSTAT"}},{"type":"Feature","geometry":{"type":"Point","coordinates":[-2.975164999999947,7.291932000000031]},"properties":{"id":43041,"nom":"HVA","type":"station eau","district_region":null,"departement_commune":null,"verifie":true,"name":"HVA","source":"Géoportail ANSTAT"}},{"type":"Feature","geometry":{"type":"Point","coordinates":[-2.975242999999978,7.295323000000053]},"properties":{"id":43042,"nom":"HVA","type":"station eau","district_region":null,"departement_commune":null,"verifie":true,"name":"HVA","source":"Géoportail ANSTAT"}},{"type":"Feature","geometry":{"type":"Point","coordinates":[-2.977321999999958,7.286073000000044]},"properties":{"id":43043,"nom":"HVA","type":"station eau","district_region":null,"departement_commune":null,"verifie":true,"name":"HVA","source":"Géoportail ANSTAT"}},{"type":"Feature","geometry":{"type":"Point","coordinates":[-2.977135999999973,7.287381000000039]},"properties":{"id":43044,"nom":"HVA","type":"station eau","district_region":null,"departement_commune":null,"verifie":true,"name":"HVA","source":"Géoportail ANSTAT"}},{"type":"Feature","geometry":{"type":"Point","coordinates":[-3.171550999999965,7.295135000000073]},"properties":{"id":43045,"nom":"HVA","type":"station eau","district_region":null,"departement_commune":null,"verifie":true,"name":"HVA","source":"Géoportail ANSTAT"}},{"type":"Feature","geometry":{"type":"Point","coordinates":[-3.174243999999931,7.297333000000037]},"properties":{"id":43046,"nom":"HVA","type":"station eau","district_region":null,"departement_commune":null,"verifie":true,"name":"HVA","source":"Géoportail ANSTAT"}},{"type":"Feature","geometry":{"type":"Point","coordinates":[-3.172042999999974,7.296180000000049]},"properties":{"id":43047,"nom":"HVA","type":"station eau","district_region":null,"departement_commune":null,"verifie":true,"name":"HVA","source":"Géoportail ANSTAT"}},{"type":"Feature","geometry":{"type":"Point","coordinates":[-3.420041999999967,7.442009000000041]},"properties":{"id":43048,"nom":"HVA","type":"station eau","district_region":null,"departement_commune":null,"verifie":true,"name":"HVA","source":"Géoportail ANSTAT"}},{"type":"Feature","geometry":{"type":"Point","coordinates":[-3.419933999999955,7.440483000000029]},"properties":{"id":43049,"nom":"HVA","type":"station eau","district_region":null,"departement_commune":null,"verifie":true,"name":"HVA","source":"Géoportail ANSTAT"}},{"type":"Feature","geometry":{"type":"Point","coordinates":[-3.420533999999975,7.439202000000023]},"properties":{"id":43050,"nom":"HVA","type":"station eau","district_region":null,"departement_commune":null,"verifie":true,"name":"HVA","source":"Géoportail ANSTAT"}},{"type":"Feature","geometry":{"type":"Point","coordinates":[-2.991081999999949,7.483452000000057]},"properties":{"id":43051,"nom":"HVA","type":"station eau","district_region":null,"departement_commune":null,"verifie":true,"name":"HVA","source":"Géoportail ANSTAT"}},{"type":"Feature","geometry":{"type":"Point","coordinates":[-2.992561999999964,7.506958000000054]},"properties":{"id":43052,"nom":"HVA","type":"station eau","district_region":null,"departement_commune":null,"verifie":true,"name":"HVA","source":"Géoportail ANSTAT"}},{"type":"Feature","geometry":{"type":"Point","coordinates":[-2.962320999999974,7.509289000000024]},"properties":{"id":43053,"nom":"HVA","type":"station eau","district_region":null,"departement_commune":null,"verifie":true,"name":"HVA","source":"Géoportail ANSTAT"}},{"type":"Feature","geometry":{"type":"Point","coordinates":[-2.958762999999976,7.512154000000066]},"properties":{"id":43054,"nom":"HVA","type":"station eau","district_region":null,"departement_commune":null,"verifie":true,"name":"HVA","source":"Géoportail ANSTAT"}},{"type":"Feature","geometry":{"type":"Point","coordinates":[-2.971037999999965,7.538805000000025]},"properties":{"id":43055,"nom":"HVA","type":"station eau","district_region":null,"departement_commune":null,"verifie":true,"name":"HVA","source":"Géoportail ANSTAT"}},{"type":"Feature","geometry":{"type":"Point","coordinates":[-2.994098999999949,7.599623000000065]},"properties":{"id":43056,"nom":"HVA","type":"station eau","district_region":null,"departement_commune":null,"verifie":true,"name":"HVA","source":"Géoportail ANSTAT"}},{"type":"Feature","geometry":{"type":"Point","coordinates":[-3.004345999999941,7.601974000000041]},"properties":{"id":43057,"nom":"HVA","type":"station eau","district_region":null,"departement_commune":null,"verifie":true,"name":"HVA","source":"Géoportail ANSTAT"}},{"type":"Feature","geometry":{"type":"Point","coordinates":[-2.910571999999945,7.652104000000065]},"properties":{"id":43058,"nom":"HVA","type":"station eau","district_region":null,"departement_commune":null,"verifie":true,"name":"HVA","source":"Géoportail ANSTAT"}},{"type":"Feature","geometry":{"type":"Point","coordinates":[-3.213536999999974,7.668129000000022]},"properties":{"id":43059,"nom":"HVA","type":"station eau","district_region":null,"departement_commune":null,"verifie":true,"name":"HVA","source":"Géoportail ANSTAT"}},{"type":"Feature","geometry":{"type":"Point","coordinates":[-3.101250999999934,7.710937000000058]},"properties":{"id":43060,"nom":"HVA","type":"station eau","district_region":null,"departement_commune":null,"verifie":true,"name":"HVA","source":"Géoportail ANSTAT"}},{"type":"Feature","geometry":{"type":"Point","coordinates":[-3.283318999999949,7.716413000000045]},"properties":{"id":43061,"nom":"HVA","type":"station eau","district_region":null,"departement_commune":null,"verifie":true,"name":"HVA","source":"Géoportail ANSTAT"}},{"type":"Feature","geometry":{"type":"Point","coordinates":[-3.281983999999966,7.713895000000036]},"properties":{"id":43062,"nom":"HVA","type":"station eau","district_region":null,"departement_commune":null,"verifie":true,"name":"HVA","source":"Géoportail ANSTAT"}},{"type":"Feature","geometry":{"type":"Point","coordinates":[-3.279706999999974,7.714255000000037]},"properties":{"id":43063,"nom":"HVA","type":"station eau","district_region":null,"departement_commune":null,"verifie":true,"name":"HVA","source":"Géoportail ANSTAT"}},{"type":"Feature","geometry":{"type":"Point","coordinates":[-3.279076999999972,7.711399000000029]},"properties":{"id":43064,"nom":"HVA","type":"station eau","district_region":null,"departement_commune":null,"verifie":true,"name":"HVA","source":"Géoportail ANSTAT"}},{"type":"Feature","geometry":{"type":"Point","coordinates":[-3.498922999999934,7.726557000000071]},"properties":{"id":43065,"nom":"HVA","type":"station eau","district_region":null,"departement_commune":null,"verifie":true,"name":"HVA","source":"Géoportail ANSTAT"}},{"type":"Feature","geometry":{"type":"Point","coordinates":[-3.225534999999979,7.726003000000048]},"properties":{"id":43066,"nom":"HVA","type":"station eau","district_region":null,"departement_commune":null,"verifie":true,"name":"HVA","source":"Géoportail ANSTAT"}},{"type":"Feature","geometry":{"type":"Point","coordinates":[-3.226826999999957,7.725217000000043]},"properties":{"id":43067,"nom":"HVA","type":"station eau","district_region":null,"departement_commune":null,"verifie":true,"name":"HVA","source":"Géoportail ANSTAT"}},{"type":"Feature","geometry":{"type":"Point","coordinates":[-3.053681999999981,7.739202000000034]},"properties":{"id":43068,"nom":"HVA","type":"station eau","district_region":null,"departement_commune":null,"verifie":true,"name":"HVA","source":"Géoportail ANSTAT"}},{"type":"Feature","geometry":{"type":"Point","coordinates":[-3.245973999999933,7.800684000000047]},"properties":{"id":43069,"nom":"HVA","type":"station eau","district_region":null,"departement_commune":null,"verifie":true,"name":"HVA","source":"Géoportail ANSTAT"}},{"type":"Feature","geometry":{"type":"Point","coordinates":[-3.238360999999941,7.775879000000032]},"properties":{"id":43070,"nom":"HVA","type":"station eau","district_region":null,"departement_commune":null,"verifie":true,"name":"HVA","source":"Géoportail ANSTAT"}},{"type":"Feature","geometry":{"type":"Point","coordinates":[-3.237995999999953,7.774006000000043]},"properties":{"id":43071,"nom":"HVA","type":"station eau","district_region":null,"departement_commune":null,"verifie":true,"name":"HVA","source":"Géoportail ANSTAT"}},{"type":"Feature","geometry":{"type":"Point","coordinates":[-3.506829999999979,7.780035000000055]},"properties":{"id":43072,"nom":"HVA","type":"station eau","district_region":null,"departement_commune":null,"verifie":true,"name":"HVA","source":"Géoportail ANSTAT"}},{"type":"Feature","geometry":{"type":"Point","coordinates":[-3.506723999999963,7.778944000000024]},"properties":{"id":43073,"nom":"HVA","type":"station eau","district_region":null,"departement_commune":null,"verifie":true,"name":"HVA","source":"Géoportail ANSTAT"}},{"type":"Feature","geometry":{"type":"Point","coordinates":[-3.204657999999938,7.778629000000024]},"properties":{"id":43074,"nom":"HVA","type":"station eau","district_region":null,"departement_commune":null,"verifie":true,"name":"HVA","source":"Géoportail ANSTAT"}},{"type":"Feature","geometry":{"type":"Point","coordinates":[-3.029856999999936,7.801148000000069]},"properties":{"id":43075,"nom":"HVA","type":"station eau","district_region":null,"departement_commune":null,"verifie":true,"name":"HVA","source":"Géoportail ANSTAT"}},{"type":"Feature","geometry":{"type":"Point","coordinates":[-3.215631999999971,7.83080700000005]},"properties":{"id":43076,"nom":"HVA","type":"station eau","district_region":null,"departement_commune":null,"verifie":true,"name":"HVA","source":"Géoportail ANSTAT"}},{"type":"Feature","geometry":{"type":"Point","coordinates":[-3.090992999999969,7.852531000000056]},"properties":{"id":43077,"nom":"HVA","type":"station eau","district_region":null,"departement_commune":null,"verifie":true,"name":"HVA","source":"Géoportail ANSTAT"}},{"type":"Feature","geometry":{"type":"Point","coordinates":[-3.284391999999968,7.884855000000073]},"properties":{"id":43078,"nom":"HVA","type":"station eau","district_region":null,"departement_commune":null,"verifie":true,"name":"HVA","source":"Géoportail ANSTAT"}},{"type":"Feature","geometry":{"type":"Point","coordinates":[-3.279821999999967,7.881168000000059]},"properties":{"id":43079,"nom":"HVA","type":"station eau","district_region":null,"departement_commune":null,"verifie":true,"name":"HVA","source":"Géoportail ANSTAT"}},{"type":"Feature","geometry":{"type":"Point","coordinates":[-3.204391999999928,7.922091000000023]},"properties":{"id":43080,"nom":"HVA","type":"station eau","district_region":null,"departement_commune":null,"verifie":true,"name":"HVA","source":"Géoportail ANSTAT"}},{"type":"Feature","geometry":{"type":"Point","coordinates":[-3.376874999999927,7.919034000000067]},"properties":{"id":43081,"nom":"HVA","type":"station eau","district_region":null,"departement_commune":null,"verifie":true,"name":"HVA","source":"Géoportail ANSTAT"}},{"type":"Feature","geometry":{"type":"Point","coordinates":[-3.375776999999971,7.92010300000004]},"properties":{"id":43082,"nom":"HVA","type":"station eau","district_region":null,"departement_commune":null,"verifie":true,"name":"HVA","source":"Géoportail ANSTAT"}},{"type":"Feature","geometry":{"type":"Point","coordinates":[-3.375863999999979,7.922392000000059]},"properties":{"id":43083,"nom":"HVA","type":"station eau","district_region":null,"departement_commune":null,"verifie":true,"name":"HVA","source":"Géoportail ANSTAT"}},{"type":"Feature","geometry":{"type":"Point","coordinates":[-3.377026999999941,7.92145000000005]},"properties":{"id":43084,"nom":"HVA","type":"station eau","district_region":null,"departement_commune":null,"verifie":true,"name":"HVA","source":"Géoportail ANSTAT"}},{"type":"Feature","geometry":{"type":"Point","coordinates":[-2.977558999999928,7.694315000000074]},"properties":{"id":43085,"nom":"HVA","type":"station eau","district_region":null,"departement_commune":null,"verifie":true,"name":"HVA","source":"Géoportail ANSTAT"}},{"type":"Feature","geometry":{"type":"Point","coordinates":[-6.969281999999964,7.93563800000004]},"properties":{"id":43086,"nom":"HVA","type":"station eau","district_region":null,"departement_commune":null,"verifie":true,"name":"HVA","source":"Géoportail ANSTAT"}},{"type":"Feature","geometry":{"type":"Point","coordinates":[-7.018859999999961,7.856307000000072]},"properties":{"id":43087,"nom":"HVA","type":"station eau","district_region":null,"departement_commune":null,"verifie":true,"name":"HVA","source":"Géoportail ANSTAT"}},{"type":"Feature","geometry":{"type":"Point","coordinates":[-7.028464999999926,7.831231000000059]},"properties":{"id":43088,"nom":"HVA","type":"station eau","district_region":null,"departement_commune":null,"verifie":true,"name":"HVA","source":"Géoportail ANSTAT"}},{"type":"Feature","geometry":{"type":"Point","coordinates":[-6.494482999999946,8.099442000000067]},"properties":{"id":43089,"nom":"HVA","type":"station eau","district_region":null,"departement_commune":null,"verifie":true,"name":"HVA","source":"Géoportail ANSTAT"}},{"type":"Feature","geometry":{"type":"Point","coordinates":[-6.621495999999979,8.699875000000077]},"properties":{"id":43090,"nom":"HVA","type":"station eau","district_region":null,"departement_commune":null,"verifie":true,"name":"HVA","source":"Géoportail ANSTAT"}},{"type":"Feature","geometry":{"type":"Point","coordinates":[-6.61639299999996,8.700545000000034]},"properties":{"id":43091,"nom":"HVA","type":"station eau","district_region":null,"departement_commune":null,"verifie":true,"name":"HVA","source":"Géoportail ANSTAT"}},{"type":"Feature","geometry":{"type":"Point","coordinates":[-6.618659999999977,8.698695000000043]},"properties":{"id":43092,"nom":"HVA","type":"station eau","district_region":null,"departement_commune":null,"verifie":true,"name":"HVA","source":"Géoportail ANSTAT"}},{"type":"Feature","geometry":{"type":"Point","coordinates":[-6.616166999999962,8.663689000000034]},"properties":{"id":43093,"nom":"HVA","type":"station eau","district_region":null,"departement_commune":null,"verifie":true,"name":"HVA","source":"Géoportail ANSTAT"}},{"type":"Feature","geometry":{"type":"Point","coordinates":[-6.651348999999925,8.456358000000023]},"properties":{"id":43094,"nom":"HVA","type":"station eau","district_region":null,"departement_commune":null,"verifie":true,"name":"HVA","source":"Géoportail ANSTAT"}},{"type":"Feature","geometry":{"type":"Point","coordinates":[-6.65013799999997,8.456454000000065]},"properties":{"id":43095,"nom":"HVA","type":"station eau","district_region":null,"departement_commune":null,"verifie":true,"name":"HVA","source":"Géoportail ANSTAT"}},{"type":"Feature","geometry":{"type":"Point","coordinates":[-5.930301999999926,7.707955000000027]},"properties":{"id":43096,"nom":"HVA","type":"station eau","district_region":null,"departement_commune":null,"verifie":true,"name":"HVA","source":"Géoportail ANSTAT"}},{"type":"Feature","geometry":{"type":"Point","coordinates":[-5.929993999999965,7.711497000000065]},"properties":{"id":43097,"nom":"HVA","type":"station eau","district_region":null,"departement_commune":null,"verifie":true,"name":"HVA","source":"Géoportail ANSTAT"}},{"type":"Feature","geometry":{"type":"Point","coordinates":[-5.928319999999928,7.712548000000027]},"properties":{"id":43098,"nom":"HVA","type":"station eau","district_region":null,"departement_commune":null,"verifie":true,"name":"HVA","source":"Géoportail ANSTAT"}},{"type":"Feature","geometry":{"type":"Point","coordinates":[-5.99221799999998,7.679679000000021]},"properties":{"id":43099,"nom":"HVA","type":"station eau","district_region":null,"departement_commune":null,"verifie":true,"name":"HVA","source":"Géoportail ANSTAT"}},{"type":"Feature","geometry":{"type":"Point","coordinates":[-6.218279999999936,7.325953000000027]},"properties":{"id":43100,"nom":"HVA","type":"station eau","district_region":null,"departement_commune":null,"verifie":true,"name":"HVA","source":"Géoportail ANSTAT"}},{"type":"Feature","geometry":{"type":"Point","coordinates":[-6.219886999999972,7.323264000000052]},"properties":{"id":43101,"nom":"HVA","type":"station eau","district_region":null,"departement_commune":null,"verifie":true,"name":"HVA","source":"Géoportail ANSTAT"}},{"type":"Feature","geometry":{"type":"Point","coordinates":[-6.222947999999974,7.322721000000058]},"properties":{"id":43102,"nom":"HVA","type":"station eau","district_region":null,"departement_commune":null,"verifie":true,"name":"HVA","source":"Géoportail ANSTAT"}},{"type":"Feature","geometry":{"type":"Point","coordinates":[-6.22394799999995,7.323775000000069]},"properties":{"id":43103,"nom":"HVA","type":"station eau","district_region":null,"departement_commune":null,"verifie":true,"name":"HVA","source":"Géoportail ANSTAT"}},{"type":"Feature","geometry":{"type":"Point","coordinates":[-6.217223999999931,7.322384000000056]},"properties":{"id":43104,"nom":"HVA","type":"station eau","district_region":null,"departement_commune":null,"verifie":true,"name":"HVA","source":"Géoportail ANSTAT"}},{"type":"Feature","geometry":{"type":"Point","coordinates":[-6.226785999999947,7.31926100000004]},"properties":{"id":43105,"nom":"HVA","type":"station eau","district_region":null,"departement_commune":null,"verifie":true,"name":"HVA","source":"Géoportail ANSTAT"}},{"type":"Feature","geometry":{"type":"Point","coordinates":[-6.226382999999942,7.320741000000055]},"properties":{"id":43106,"nom":"HVA","type":"station eau","district_region":null,"departement_commune":null,"verifie":true,"name":"HVA","source":"Géoportail ANSTAT"}},{"type":"Feature","geometry":{"type":"Point","coordinates":[-6.263369999999952,7.244355000000041]},"properties":{"id":43107,"nom":"HVA","type":"station eau","district_region":null,"departement_commune":null,"verifie":true,"name":"HVA","source":"Géoportail ANSTAT"}},{"type":"Feature","geometry":{"type":"Point","coordinates":[-6.264586999999949,7.243168000000026]},"properties":{"id":43108,"nom":"HVA","type":"station eau","district_region":null,"departement_commune":null,"verifie":true,"name":"HVA","source":"Géoportail ANSTAT"}},{"type":"Feature","geometry":{"type":"Point","coordinates":[-6.266713999999979,7.243667000000073]},"properties":{"id":43109,"nom":"HVA","type":"station eau","district_region":null,"departement_commune":null,"verifie":true,"name":"HVA","source":"Géoportail ANSTAT"}},{"type":"Feature","geometry":{"type":"Point","coordinates":[-6.266296999999952,7.244883000000073]},"properties":{"id":43110,"nom":"HVA","type":"station eau","district_region":null,"departement_commune":null,"verifie":true,"name":"HVA","source":"Géoportail ANSTAT"}},{"type":"Feature","geometry":{"type":"Point","coordinates":[-6.265984999999944,7.246628000000044]},"properties":{"id":43111,"nom":"HVA","type":"station eau","district_region":null,"departement_commune":null,"verifie":true,"name":"HVA","source":"Géoportail ANSTAT"}},{"type":"Feature","geometry":{"type":"Point","coordinates":[-6.265409999999974,7.248286000000064]},"properties":{"id":43112,"nom":"HVA","type":"station eau","district_region":null,"departement_commune":null,"verifie":true,"name":"HVA","source":"Géoportail ANSTAT"}},{"type":"Feature","geometry":{"type":"Point","coordinates":[-6.263709999999946,7.246636000000024]},"properties":{"id":43113,"nom":"HVA","type":"station eau","district_region":null,"departement_commune":null,"verifie":true,"name":"HVA","source":"Géoportail ANSTAT"}},{"type":"Feature","geometry":{"type":"Point","coordinates":[-5.585036999999943,6.880713000000071]},"properties":{"id":43114,"nom":"HVA","type":"station eau","district_region":null,"departement_commune":null,"verifie":true,"name":"HVA","source":"Géoportail ANSTAT"}},{"type":"Feature","geometry":{"type":"Point","coordinates":[-5.595072999999957,7.06869800000004]},"properties":{"id":43115,"nom":"HVA","type":"station eau","district_region":null,"departement_commune":null,"verifie":true,"name":"HVA","source":"Géoportail ANSTAT"}},{"type":"Feature","geometry":{"type":"Point","coordinates":[-5.652246999999932,6.995018000000073]},"properties":{"id":43116,"nom":"HVA","type":"station eau","district_region":null,"departement_commune":null,"verifie":true,"name":"HVA","source":"Géoportail ANSTAT"}},{"type":"Feature","geometry":{"type":"Point","coordinates":[-5.656721999999945,6.988729000000035]},"properties":{"id":43117,"nom":"HVA","type":"station eau","district_region":null,"departement_commune":null,"verifie":true,"name":"HVA","source":"Géoportail ANSTAT"}},{"type":"Feature","geometry":{"type":"Point","coordinates":[-5.665355999999974,6.934031000000061]},"properties":{"id":43118,"nom":"HVA","type":"station eau","district_region":null,"departement_commune":null,"verifie":true,"name":"HVA","source":"Géoportail ANSTAT"}},{"type":"Feature","geometry":{"type":"Point","coordinates":[-5.665384999999958,6.934037000000046]},"properties":{"id":43119,"nom":"HVA","type":"station eau","district_region":null,"departement_commune":null,"verifie":true,"name":"HVA","source":"Géoportail ANSTAT"}},{"type":"Feature","geometry":{"type":"Point","coordinates":[-5.66760899999997,6.937820000000045]},"properties":{"id":43120,"nom":"HVA","type":"station eau","district_region":null,"departement_commune":null,"verifie":true,"name":"HVA","source":"Géoportail ANSTAT"}},{"type":"Feature","geometry":{"type":"Point","coordinates":[-5.66645699999998,6.936008000000072]},"properties":{"id":43121,"nom":"HVA","type":"station eau","district_region":null,"departement_commune":null,"verifie":true,"name":"HVA","source":"Géoportail ANSTAT"}},{"type":"Feature","geometry":{"type":"Point","coordinates":[-5.671433999999977,6.931977000000074]},"properties":{"id":43122,"nom":"HVA","type":"station eau","district_region":null,"departement_commune":null,"verifie":true,"name":"HVA","source":"Géoportail ANSTAT"}},{"type":"Feature","geometry":{"type":"Point","coordinates":[-5.78386699999993,7.189250000000072]},"properties":{"id":43123,"nom":"HVA","type":"station eau","district_region":null,"departement_commune":null,"verifie":true,"name":"HVA","source":"Géoportail ANSTAT"}},{"type":"Feature","geometry":{"type":"Point","coordinates":[-5.781956999999977,7.190061000000071]},"properties":{"id":43124,"nom":"HVA","type":"station eau","district_region":null,"departement_commune":null,"verifie":true,"name":"HVA","source":"Géoportail ANSTAT"}},{"type":"Feature","geometry":{"type":"Point","coordinates":[-5.781235999999979,7.191429000000028]},"properties":{"id":43125,"nom":"HVA","type":"station eau","district_region":null,"departement_commune":null,"verifie":true,"name":"HVA","source":"Géoportail ANSTAT"}},{"type":"Feature","geometry":{"type":"Point","coordinates":[-5.782532999999944,7.193539000000044]},"properties":{"id":43126,"nom":"HVA","type":"station eau","district_region":null,"departement_commune":null,"verifie":true,"name":"HVA","source":"Géoportail ANSTAT"}},{"type":"Feature","geometry":{"type":"Point","coordinates":[-5.788621999999975,7.378199000000052]},"properties":{"id":43127,"nom":"HVA","type":"station eau","district_region":null,"departement_commune":null,"verifie":true,"name":"HVA","source":"Géoportail ANSTAT"}},{"type":"Feature","geometry":{"type":"Point","coordinates":[-5.853909999999928,7.249787000000026]},"properties":{"id":43128,"nom":"HVA","type":"station eau","district_region":null,"departement_commune":null,"verifie":true,"name":"HVA","source":"Géoportail ANSTAT"}},{"type":"Feature","geometry":{"type":"Point","coordinates":[-5.851204999999936,7.25239700000003]},"properties":{"id":43129,"nom":"HVA","type":"station eau","district_region":null,"departement_commune":null,"verifie":true,"name":"HVA","source":"Géoportail ANSTAT"}},{"type":"Feature","geometry":{"type":"Point","coordinates":[-5.853185999999937,6.820654000000047]},"properties":{"id":43130,"nom":"HVA","type":"station eau","district_region":null,"departement_commune":null,"verifie":true,"name":"HVA","source":"Géoportail ANSTAT"}},{"type":"Feature","geometry":{"type":"Point","coordinates":[-5.85159299999998,6.819232000000056]},"properties":{"id":43131,"nom":"HVA","type":"station eau","district_region":null,"departement_commune":null,"verifie":true,"name":"HVA","source":"Géoportail ANSTAT"}},{"type":"Feature","geometry":{"type":"Point","coordinates":[-5.850700999999958,6.821439000000055]},"properties":{"id":43132,"nom":"HVA","type":"station eau","district_region":null,"departement_commune":null,"verifie":true,"name":"HVA","source":"Géoportail ANSTAT"}},{"type":"Feature","geometry":{"type":"Point","coordinates":[-5.854554999999948,6.819214000000045]},"properties":{"id":43133,"nom":"HVA","type":"station eau","district_region":null,"departement_commune":null,"verifie":true,"name":"HVA","source":"Géoportail ANSTAT"}},{"type":"Feature","geometry":{"type":"Point","coordinates":[-5.860661999999934,6.930137000000059]},"properties":{"id":43134,"nom":"HVA","type":"station eau","district_region":null,"departement_commune":null,"verifie":true,"name":"HVA","source":"Géoportail ANSTAT"}},{"type":"Feature","geometry":{"type":"Point","coordinates":[-5.861504999999966,6.929405000000031]},"properties":{"id":43135,"nom":"HVA","type":"station eau","district_region":null,"departement_commune":null,"verifie":true,"name":"HVA","source":"Géoportail ANSTAT"}},{"type":"Feature","geometry":{"type":"Point","coordinates":[-5.861887999999965,6.928535000000068]},"properties":{"id":43136,"nom":"HVA","type":"station eau","district_region":null,"departement_commune":null,"verifie":true,"name":"HVA","source":"Géoportail ANSTAT"}},{"type":"Feature","geometry":{"type":"Point","coordinates":[-6.11838199999994,6.730259000000046]},"properties":{"id":43137,"nom":"HVA","type":"station eau","district_region":null,"departement_commune":null,"verifie":true,"name":"HVA","source":"Géoportail ANSTAT"}},{"type":"Feature","geometry":{"type":"Point","coordinates":[-6.118923999999936,6.729420000000061]},"properties":{"id":43138,"nom":"HVA","type":"station eau","district_region":null,"departement_commune":null,"verifie":true,"name":"HVA","source":"Géoportail ANSTAT"}},{"type":"Feature","geometry":{"type":"Point","coordinates":[-5.636776999999938,6.644807000000071]},"properties":{"id":43139,"nom":"HVA","type":"station eau","district_region":null,"departement_commune":null,"verifie":true,"name":"HVA","source":"Géoportail ANSTAT"}},{"type":"Feature","geometry":{"type":"Point","coordinates":[-5.784547999999972,6.553204000000051]},"properties":{"id":43140,"nom":"HVA","type":"station eau","district_region":null,"departement_commune":null,"verifie":true,"name":"HVA","source":"Géoportail ANSTAT"}},{"type":"Feature","geometry":{"type":"Point","coordinates":[-5.78380599999997,6.553957000000025]},"properties":{"id":43141,"nom":"HVA","type":"station eau","district_region":null,"departement_commune":null,"verifie":true,"name":"HVA","source":"Géoportail ANSTAT"}},{"type":"Feature","geometry":{"type":"Point","coordinates":[-5.783455999999944,6.552568000000065]},"properties":{"id":43142,"nom":"HVA","type":"station eau","district_region":null,"departement_commune":null,"verifie":true,"name":"HVA","source":"Géoportail ANSTAT"}},{"type":"Feature","geometry":{"type":"Point","coordinates":[-5.807747999999947,6.652049000000034]},"properties":{"id":43143,"nom":"HVA","type":"station eau","district_region":null,"departement_commune":null,"verifie":true,"name":"HVA","source":"Géoportail ANSTAT"}},{"type":"Feature","geometry":{"type":"Point","coordinates":[-5.744828999999925,6.618526000000031]},"properties":{"id":43144,"nom":"HVA","type":"station eau","district_region":null,"departement_commune":null,"verifie":true,"name":"HVA","source":"Géoportail ANSTAT"}},{"type":"Feature","geometry":{"type":"Point","coordinates":[-5.038822999999979,7.718247000000076]},"properties":{"id":43145,"nom":"HVA","type":"station eau","district_region":null,"departement_commune":null,"verifie":true,"name":"HVA","source":"Géoportail ANSTAT"}},{"type":"Feature","geometry":{"type":"Point","coordinates":[-5.189637999999945,7.452485000000024]},"properties":{"id":43146,"nom":"HVA","type":"station eau","district_region":null,"departement_commune":null,"verifie":true,"name":"HVA","source":"Géoportail ANSTAT"}},{"type":"Feature","geometry":{"type":"Point","coordinates":[-3.079434999999933,9.685235000000034]},"properties":{"id":43147,"nom":"HVA","type":"station eau","district_region":null,"departement_commune":null,"verifie":true,"name":"HVA","source":"Géoportail ANSTAT"}},{"type":"Feature","geometry":{"type":"Point","coordinates":[-3.179011999999943,8.791516000000058]},"properties":{"id":43148,"nom":"HVA","type":"station eau","district_region":null,"departement_commune":null,"verifie":true,"name":"HVA","source":"Géoportail ANSTAT"}},{"type":"Feature","geometry":{"type":"Point","coordinates":[-3.757748999999933,8.503373000000067]},"properties":{"id":43149,"nom":"HVA","type":"station eau","district_region":null,"departement_commune":null,"verifie":true,"name":"HVA","source":"Géoportail ANSTAT"}},{"type":"Feature","geometry":{"type":"Point","coordinates":[-3.853657999999939,8.445760000000064]},"properties":{"id":43150,"nom":"HVA","type":"station eau","district_region":null,"departement_commune":null,"verifie":true,"name":"HVA","source":"Géoportail ANSTAT"}},{"type":"Feature","geometry":{"type":"Point","coordinates":[-3.932778999999925,9.742293000000076]},"properties":{"id":43151,"nom":"HVA","type":"station eau","district_region":null,"departement_commune":null,"verifie":true,"name":"HVA","source":"Géoportail ANSTAT"}},{"type":"Feature","geometry":{"type":"Point","coordinates":[-4.373246999999935,7.169077000000073]},"properties":{"id":43152,"nom":"HVA","type":"station eau","district_region":null,"departement_commune":null,"verifie":true,"name":"HVA","source":"Géoportail ANSTAT"}},{"type":"Feature","geometry":{"type":"Point","coordinates":[-4.373925999999926,7.168170000000032]},"properties":{"id":43153,"nom":"HVA","type":"station eau","district_region":null,"departement_commune":null,"verifie":true,"name":"HVA","source":"Géoportail ANSTAT"}},{"type":"Feature","geometry":{"type":"Point","coordinates":[-4.282100999999955,7.072981000000027]},"properties":{"id":43154,"nom":"HVA","type":"station eau","district_region":null,"departement_commune":null,"verifie":true,"name":"HVA","source":"Géoportail ANSTAT"}},{"type":"Feature","geometry":{"type":"Point","coordinates":[-4.506682999999953,6.87360300000006]},"properties":{"id":43155,"nom":"HVA","type":"station eau","district_region":null,"departement_commune":null,"verifie":true,"name":"HVA","source":"Géoportail ANSTAT"}},{"type":"Feature","geometry":{"type":"Point","coordinates":[-4.834687999999971,6.69561200000004]},"properties":{"id":43156,"nom":"HVA","type":"station eau","district_region":null,"departement_commune":null,"verifie":true,"name":"HVA","source":"Géoportail ANSTAT"}},{"type":"Feature","geometry":{"type":"Point","coordinates":[-4.829291999999953,6.69685000000004]},"properties":{"id":43157,"nom":"HVA","type":"station eau","district_region":null,"departement_commune":null,"verifie":true,"name":"HVA","source":"Géoportail ANSTAT"}},{"type":"Feature","geometry":{"type":"Point","coordinates":[-4.807477999999946,6.850465000000042]},"properties":{"id":43158,"nom":"HVA","type":"station eau","district_region":null,"departement_commune":null,"verifie":true,"name":"HVA","source":"Géoportail ANSTAT"}},{"type":"Feature","geometry":{"type":"Point","coordinates":[-4.765303999999958,6.71507900000006]},"properties":{"id":43159,"nom":"HVA","type":"station eau","district_region":null,"departement_commune":null,"verifie":true,"name":"HVA","source":"Géoportail ANSTAT"}},{"type":"Feature","geometry":{"type":"Point","coordinates":[-4.764863999999932,6.715043000000037]},"properties":{"id":43160,"nom":"HVA","type":"station eau","district_region":null,"departement_commune":null,"verifie":true,"name":"HVA","source":"Géoportail ANSTAT"}},{"type":"Feature","geometry":{"type":"Point","coordinates":[-6.86425399999996,7.420953000000054]},"properties":{"id":43161,"nom":"HVA","type":"station eau","district_region":null,"departement_commune":null,"verifie":true,"name":"HVA","source":"Géoportail ANSTAT"}},{"type":"Feature","geometry":{"type":"Point","coordinates":[-6.309108999999978,6.381463000000053]},"properties":{"id":43162,"nom":"HVA","type":"station eau","district_region":null,"departement_commune":null,"verifie":true,"name":"HVA","source":"Géoportail ANSTAT"}},{"type":"Feature","geometry":{"type":"Point","coordinates":[-6.493836999999928,6.364912000000061]},"properties":{"id":43164,"nom":"HVA","type":"station eau","district_region":null,"departement_commune":null,"verifie":true,"name":"HVA","source":"Géoportail ANSTAT"}},{"type":"Feature","geometry":{"type":"Point","coordinates":[-6.49082199999998,6.367015000000038]},"properties":{"id":43165,"nom":"HVA","type":"station eau","district_region":null,"departement_commune":null,"verifie":true,"name":"HVA","source":"Géoportail ANSTAT"}},{"type":"Feature","geometry":{"type":"Point","coordinates":[-6.491934999999955,6.365844000000038]},"properties":{"id":43166,"nom":"HVA","type":"station eau","district_region":null,"departement_commune":null,"verifie":true,"name":"HVA","source":"Géoportail ANSTAT"}},{"type":"Feature","geometry":{"type":"Point","coordinates":[-6.705613999999969,6.391425000000027]},"properties":{"id":43167,"nom":"HVA","type":"station eau","district_region":null,"departement_commune":null,"verifie":true,"name":"HVA","source":"Géoportail ANSTAT"}},{"type":"Feature","geometry":{"type":"Point","coordinates":[-6.703618999999946,6.389695000000074]},"properties":{"id":43168,"nom":"HVA","type":"station eau","district_region":null,"departement_commune":null,"verifie":true,"name":"HVA","source":"Géoportail ANSTAT"}},{"type":"Feature","geometry":{"type":"Point","coordinates":[-6.705944999999929,6.389722000000063]},"properties":{"id":43169,"nom":"HVA","type":"station eau","district_region":null,"departement_commune":null,"verifie":true,"name":"HVA","source":"Géoportail ANSTAT"}},{"type":"Feature","geometry":{"type":"Point","coordinates":[-6.844246999999939,6.549640000000068]},"properties":{"id":43170,"nom":"HVA","type":"station eau","district_region":null,"departement_commune":null,"verifie":true,"name":"HVA","source":"Géoportail ANSTAT"}},{"type":"Feature","geometry":{"type":"Point","coordinates":[-4.71592099999998,6.203342000000021]},"properties":{"id":43171,"nom":"HVA","type":"station eau","district_region":null,"departement_commune":null,"verifie":true,"name":"HVA","source":"Géoportail ANSTAT"}},{"type":"Feature","geometry":{"type":"Point","coordinates":[-4.675227999999947,6.200196000000062]},"properties":{"id":43172,"nom":"HVA","type":"station eau","district_region":null,"departement_commune":null,"verifie":true,"name":"HVA","source":"Géoportail ANSTAT"}},{"type":"Feature","geometry":{"type":"Point","coordinates":[-4.67703199999994,6.191249000000028]},"properties":{"id":43173,"nom":"HVA","type":"station eau","district_region":null,"departement_commune":null,"verifie":true,"name":"HVA","source":"Géoportail ANSTAT"}},{"type":"Feature","geometry":{"type":"Point","coordinates":[-4.767393999999967,6.190594000000033]},"properties":{"id":43174,"nom":"HVA","type":"station eau","district_region":null,"departement_commune":null,"verifie":true,"name":"HVA","source":"Géoportail ANSTAT"}},{"type":"Feature","geometry":{"type":"Point","coordinates":[-4.777539999999931,6.205518000000041]},"properties":{"id":43175,"nom":"HVA","type":"station eau","district_region":null,"departement_commune":null,"verifie":true,"name":"HVA","source":"Géoportail ANSTAT"}},{"type":"Feature","geometry":{"type":"Point","coordinates":[-4.718258999999932,6.194735000000037]},"properties":{"id":43176,"nom":"HVA","type":"station eau","district_region":null,"departement_commune":null,"verifie":true,"name":"HVA","source":"Géoportail ANSTAT"}},{"type":"Feature","geometry":{"type":"Point","coordinates":[-4.718343999999945,6.187547000000052]},"properties":{"id":43177,"nom":"HVA","type":"station eau","district_region":null,"departement_commune":null,"verifie":true,"name":"HVA","source":"Géoportail ANSTAT"}},{"type":"Feature","geometry":{"type":"Point","coordinates":[-4.73986199999996,6.130341000000044]},"properties":{"id":43178,"nom":"HVA","type":"station eau","district_region":null,"departement_commune":null,"verifie":true,"name":"HVA","source":"Géoportail ANSTAT"}},{"type":"Feature","geometry":{"type":"Point","coordinates":[-4.738732999999968,6.115829000000076]},"properties":{"id":43179,"nom":"HVA","type":"station eau","district_region":null,"departement_commune":null,"verifie":true,"name":"HVA","source":"Géoportail ANSTAT"}},{"type":"Feature","geometry":{"type":"Point","coordinates":[-4.970947999999964,5.979937000000064]},"properties":{"id":43180,"nom":"HVA","type":"station eau","district_region":null,"departement_commune":null,"verifie":true,"name":"HVA","source":"Géoportail ANSTAT"}},{"type":"Feature","geometry":{"type":"Point","coordinates":[-4.919629999999927,5.943509000000063]},"properties":{"id":43181,"nom":"HVA","type":"station eau","district_region":null,"departement_commune":null,"verifie":true,"name":"HVA","source":"Géoportail ANSTAT"}},{"type":"Feature","geometry":{"type":"Point","coordinates":[-4.919634999999971,5.908676000000071]},"properties":{"id":43182,"nom":"HVA","type":"station eau","district_region":null,"departement_commune":null,"verifie":true,"name":"HVA","source":"Géoportail ANSTAT"}},{"type":"Feature","geometry":{"type":"Point","coordinates":[-4.956728999999939,5.923487000000023]},"properties":{"id":43183,"nom":"HVA","type":"station eau","district_region":null,"departement_commune":null,"verifie":true,"name":"HVA","source":"Géoportail ANSTAT"}},{"type":"Feature","geometry":{"type":"Point","coordinates":[-4.824686999999926,5.721437000000037]},"properties":{"id":43184,"nom":"HVA","type":"station eau","district_region":null,"departement_commune":null,"verifie":true,"name":"HVA","source":"Géoportail ANSTAT"}},{"type":"Feature","geometry":{"type":"Point","coordinates":[-4.824620999999979,5.722294000000034]},"properties":{"id":43185,"nom":"HVA","type":"station eau","district_region":null,"departement_commune":null,"verifie":true,"name":"HVA","source":"Géoportail ANSTAT"}},{"type":"Feature","geometry":{"type":"Point","coordinates":[-4.698710999999946,5.996308000000056]},"properties":{"id":43186,"nom":"HVA","type":"station eau","district_region":null,"departement_commune":null,"verifie":true,"name":"HVA","source":"Géoportail ANSTAT"}},{"type":"Feature","geometry":{"type":"Point","coordinates":[-4.150577999999939,5.626137000000028]},"properties":{"id":43187,"nom":"HVA","type":"station eau","district_region":null,"departement_commune":null,"verifie":true,"name":"HVA","source":"Géoportail ANSTAT"}},{"type":"Feature","geometry":{"type":"Point","coordinates":[-7.803919999999948,8.162431000000026]},"properties":{"id":43188,"nom":"HVA","type":"station eau","district_region":null,"departement_commune":null,"verifie":true,"name":"HVA","source":"Géoportail ANSTAT"}},{"type":"Feature","geometry":{"type":"Point","coordinates":[-5.182955999999933,6.079198000000076]},"properties":{"id":43190,"nom":"HVA","type":"station eau","district_region":null,"departement_commune":null,"verifie":true,"name":"HVA","source":"Géoportail ANSTAT"}},{"type":"Feature","geometry":{"type":"Point","coordinates":[-5.183991999999932,6.079954000000043]},"properties":{"id":43191,"nom":"HVA","type":"station eau","district_region":null,"departement_commune":null,"verifie":true,"name":"HVA","source":"Géoportail ANSTAT"}},{"type":"Feature","geometry":{"type":"Point","coordinates":[-6.387926999999934,9.735112000000072]},"properties":{"id":43192,"nom":"HVA","type":"station eau","district_region":null,"departement_commune":null,"verifie":true,"name":"HVA","source":"Géoportail ANSTAT"}},{"type":"Feature","geometry":{"type":"Point","coordinates":[-6.142941999999948,8.39229400000005]},"properties":{"id":43193,"nom":"HVA","type":"station eau","district_region":null,"departement_commune":null,"verifie":true,"name":"HVA","source":"Géoportail ANSTAT"}},{"type":"Feature","geometry":{"type":"Point","coordinates":[-6.090800999999942,8.07039700000007]},"properties":{"id":43194,"nom":"HVA","type":"station eau","district_region":null,"departement_commune":null,"verifie":true,"name":"HVA","source":"Géoportail ANSTAT"}},{"type":"Feature","geometry":{"type":"Point","coordinates":[-6.092354999999941,8.071041000000037]},"properties":{"id":43195,"nom":"HVA","type":"station eau","district_region":null,"departement_commune":null,"verifie":true,"name":"HVA","source":"Géoportail ANSTAT"}},{"type":"Feature","geometry":{"type":"Point","coordinates":[-6.10335699999996,8.327038000000073]},"properties":{"id":43196,"nom":"HVA","type":"station eau","district_region":null,"departement_commune":null,"verifie":true,"name":"HVA","source":"Géoportail ANSTAT"}},{"type":"Feature","geometry":{"type":"Point","coordinates":[-6.10336099999995,8.329378000000077]},"properties":{"id":43197,"nom":"HVA","type":"station eau","district_region":null,"departement_commune":null,"verifie":true,"name":"HVA","source":"Géoportail ANSTAT"}},{"type":"Feature","geometry":{"type":"Point","coordinates":[-6.119713999999931,8.247646000000032]},"properties":{"id":43198,"nom":"HVA","type":"station eau","district_region":null,"departement_commune":null,"verifie":true,"name":"HVA","source":"Géoportail ANSTAT"}},{"type":"Feature","geometry":{"type":"Point","coordinates":[-6.123372999999958,8.081612000000064]},"properties":{"id":43199,"nom":"HVA","type":"station eau","district_region":null,"departement_commune":null,"verifie":true,"name":"HVA","source":"Géoportail ANSTAT"}},{"type":"Feature","geometry":{"type":"Point","coordinates":[-6.12524899999994,8.080769000000032]},"properties":{"id":43200,"nom":"HVA","type":"station eau","district_region":null,"departement_commune":null,"verifie":true,"name":"HVA","source":"Géoportail ANSTAT"}},{"type":"Feature","geometry":{"type":"Point","coordinates":[-6.124500999999952,8.081264000000033]},"properties":{"id":43201,"nom":"HVA","type":"station eau","district_region":null,"departement_commune":null,"verifie":true,"name":"HVA","source":"Géoportail ANSTAT"}},{"type":"Feature","geometry":{"type":"Point","coordinates":[-6.121135999999979,8.081590000000062]},"properties":{"id":43202,"nom":"HVA","type":"station eau","district_region":null,"departement_commune":null,"verifie":true,"name":"HVA","source":"Géoportail ANSTAT"}},{"type":"Feature","geometry":{"type":"Point","coordinates":[-6.154729999999972,8.067551000000037]},"properties":{"id":43203,"nom":"HVA","type":"station eau","district_region":null,"departement_commune":null,"verifie":true,"name":"HVA","source":"Géoportail ANSTAT"}},{"type":"Feature","geometry":{"type":"Point","coordinates":[-7.325639999999964,9.801883000000032]},"properties":{"id":43204,"nom":"HVA","type":"station eau","district_region":null,"departement_commune":null,"verifie":true,"name":"HVA","source":"Géoportail ANSTAT"}},{"type":"Feature","geometry":{"type":"Point","coordinates":[-7.325145999999961,9.799559000000045]},"properties":{"id":43205,"nom":"HVA","type":"station eau","district_region":null,"departement_commune":null,"verifie":true,"name":"HVA","source":"Géoportail ANSTAT"}},{"type":"Feature","geometry":{"type":"Point","coordinates":[-7.41525699999994,10.24304400000005]},"properties":{"id":43206,"nom":"HVA","type":"station eau","district_region":null,"departement_commune":null,"verifie":true,"name":"HVA","source":"Géoportail ANSTAT"}},{"type":"Feature","geometry":{"type":"Point","coordinates":[-3.291148999999962,6.613286000000073]},"properties":{"id":43207,"nom":"HVA","type":"station eau","district_region":null,"departement_commune":null,"verifie":true,"name":"HVA","source":"Géoportail ANSTAT"}},{"type":"Feature","geometry":{"type":"Point","coordinates":[-3.368789999999933,6.748590000000036]},"properties":{"id":43208,"nom":"HVA","type":"station eau","district_region":null,"departement_commune":null,"verifie":true,"name":"HVA","source":"Géoportail ANSTAT"}},{"type":"Feature","geometry":{"type":"Point","coordinates":[-3.389479999999935,6.458169000000055]},"properties":{"id":43209,"nom":"HVA","type":"station eau","district_region":null,"departement_commune":null,"verifie":true,"name":"HVA","source":"Géoportail ANSTAT"}},{"type":"Feature","geometry":{"type":"Point","coordinates":[-3.387802999999963,6.45650100000006]},"properties":{"id":43210,"nom":"HVA","type":"station eau","district_region":null,"departement_commune":null,"verifie":true,"name":"HVA","source":"Géoportail ANSTAT"}},{"type":"Feature","geometry":{"type":"Point","coordinates":[-3.391486999999927,6.458035000000052]},"properties":{"id":43211,"nom":"HVA","type":"station eau","district_region":null,"departement_commune":null,"verifie":true,"name":"HVA","source":"Géoportail ANSTAT"}},{"type":"Feature","geometry":{"type":"Point","coordinates":[-3.415331999999978,6.913356000000022]},"properties":{"id":43212,"nom":"HVA","type":"station eau","district_region":null,"departement_commune":null,"verifie":true,"name":"HVA","source":"Géoportail ANSTAT"}},{"type":"Feature","geometry":{"type":"Point","coordinates":[-3.413340999999946,6.914138000000037]},"properties":{"id":43213,"nom":"HVA","type":"station eau","district_region":null,"departement_commune":null,"verifie":true,"name":"HVA","source":"Géoportail ANSTAT"}},{"type":"Feature","geometry":{"type":"Point","coordinates":[-3.418100999999979,6.911102000000028]},"properties":{"id":43214,"nom":"HVA","type":"station eau","district_region":null,"departement_commune":null,"verifie":true,"name":"HVA","source":"Géoportail ANSTAT"}},{"type":"Feature","geometry":{"type":"Point","coordinates":[-3.416875999999945,6.913087000000075]},"properties":{"id":43215,"nom":"HVA","type":"station eau","district_region":null,"departement_commune":null,"verifie":true,"name":"HVA","source":"Géoportail ANSTAT"}},{"type":"Feature","geometry":{"type":"Point","coordinates":[-3.41460799999993,6.911586000000057]},"properties":{"id":43216,"nom":"HVA","type":"station eau","district_region":null,"departement_commune":null,"verifie":true,"name":"HVA","source":"Géoportail ANSTAT"}},{"type":"Feature","geometry":{"type":"Point","coordinates":[-3.415675999999962,6.912187000000074]},"properties":{"id":43217,"nom":"HVA","type":"station eau","district_region":null,"departement_commune":null,"verifie":true,"name":"HVA","source":"Géoportail ANSTAT"}},{"type":"Feature","geometry":{"type":"Point","coordinates":[-3.417330999999933,6.913374000000033]},"properties":{"id":43218,"nom":"HVA","type":"station eau","district_region":null,"departement_commune":null,"verifie":true,"name":"HVA","source":"Géoportail ANSTAT"}},{"type":"Feature","geometry":{"type":"Point","coordinates":[-3.61106099999995,6.89196400000003]},"properties":{"id":43219,"nom":"HVA","type":"station eau","district_region":null,"departement_commune":null,"verifie":true,"name":"HVA","source":"Géoportail ANSTAT"}},{"type":"Feature","geometry":{"type":"Point","coordinates":[-3.381042999999977,7.037915000000055]},"properties":{"id":43220,"nom":"HVA","type":"station eau","district_region":null,"departement_commune":null,"verifie":true,"name":"HVA","source":"Géoportail ANSTAT"}},{"type":"Feature","geometry":{"type":"Point","coordinates":[-3.381891999999937,7.040104000000042]},"properties":{"id":43221,"nom":"HVA","type":"station eau","district_region":null,"departement_commune":null,"verifie":true,"name":"HVA","source":"Géoportail ANSTAT"}},{"type":"Feature","geometry":{"type":"Point","coordinates":[-3.445341999999926,7.086758000000032]},"properties":{"id":43222,"nom":"HVA","type":"station eau","district_region":null,"departement_commune":null,"verifie":true,"name":"HVA","source":"Géoportail ANSTAT"}},{"type":"Feature","geometry":{"type":"Point","coordinates":[-3.471657999999934,7.336609000000067]},"properties":{"id":43223,"nom":"HVA","type":"station eau","district_region":null,"departement_commune":null,"verifie":true,"name":"HVA","source":"Géoportail ANSTAT"}},{"type":"Feature","geometry":{"type":"Point","coordinates":[-3.58295899999996,7.172661000000062]},"properties":{"id":43224,"nom":"HVA","type":"station eau","district_region":null,"departement_commune":null,"verifie":true,"name":"HVA","source":"Géoportail ANSTAT"}},{"type":"Feature","geometry":{"type":"Point","coordinates":[-6.906655999999941,9.925504000000046]},"properties":{"id":43225,"nom":"HVA","type":"station eau","district_region":null,"departement_commune":null,"verifie":true,"name":"HVA","source":"Géoportail ANSTAT"}},{"type":"Feature","geometry":{"type":"Point","coordinates":[-6.903925999999956,9.926487000000066]},"properties":{"id":43226,"nom":"HVA","type":"station eau","district_region":null,"departement_commune":null,"verifie":true,"name":"HVA","source":"Géoportail ANSTAT"}},{"type":"Feature","geometry":{"type":"Point","coordinates":[-6.90635199999997,9.923804000000075]},"properties":{"id":43227,"nom":"HVA","type":"station eau","district_region":null,"departement_commune":null,"verifie":true,"name":"HVA","source":"Géoportail ANSTAT"}},{"type":"Feature","geometry":{"type":"Point","coordinates":[-6.90342899999996,9.923618000000031]},"properties":{"id":43228,"nom":"HVA","type":"station eau","district_region":null,"departement_commune":null,"verifie":true,"name":"HVA","source":"Géoportail ANSTAT"}},{"type":"Feature","geometry":{"type":"Point","coordinates":[-7.118435999999974,9.446277000000066]},"properties":{"id":43229,"nom":"HVA","type":"station eau","district_region":null,"departement_commune":null,"verifie":true,"name":"HVA","source":"Géoportail ANSTAT"}},{"type":"Feature","geometry":{"type":"Point","coordinates":[-7.11601799999994,9.44582900000006]},"properties":{"id":43230,"nom":"HVA","type":"station eau","district_region":null,"departement_commune":null,"verifie":true,"name":"HVA","source":"Géoportail ANSTAT"}},{"type":"Feature","geometry":{"type":"Point","coordinates":[-7.764741999999956,9.757244000000073]},"properties":{"id":43231,"nom":"HVA","type":"station eau","district_region":null,"departement_commune":null,"verifie":true,"name":"HVA","source":"Géoportail ANSTAT"}},{"type":"Feature","geometry":{"type":"Point","coordinates":[-7.815178999999944,9.668201000000067]},"properties":{"id":43232,"nom":"HVA","type":"station eau","district_region":null,"departement_commune":null,"verifie":true,"name":"HVA","source":"Géoportail ANSTAT"}},{"type":"Feature","geometry":{"type":"Point","coordinates":[-7.849016999999947,9.702930000000038]},"properties":{"id":43233,"nom":"HVA","type":"station eau","district_region":null,"departement_commune":null,"verifie":true,"name":"HVA","source":"Géoportail ANSTAT"}},{"type":"Feature","geometry":{"type":"Point","coordinates":[-7.984797999999955,9.85912200000007]},"properties":{"id":43234,"nom":"HVA","type":"station eau","district_region":null,"departement_commune":null,"verifie":true,"name":"HVA","source":"Géoportail ANSTAT"}},{"type":"Feature","geometry":{"type":"Point","coordinates":[-8.006496999999968,9.629431000000068]},"properties":{"id":43235,"nom":"HVA","type":"station eau","district_region":null,"departement_commune":null,"verifie":true,"name":"HVA","source":"Géoportail ANSTAT"}},{"type":"Feature","geometry":{"type":"Point","coordinates":[-8.007540999999947,9.630164000000036]},"properties":{"id":43236,"nom":"HVA","type":"station eau","district_region":null,"departement_commune":null,"verifie":true,"name":"HVA","source":"Géoportail ANSTAT"}},{"type":"Feature","geometry":{"type":"Point","coordinates":[-3.759990999999957,6.561990000000037]},"properties":{"id":43237,"nom":"HVA","type":"station eau","district_region":null,"departement_commune":null,"verifie":true,"name":"HVA","source":"Géoportail ANSTAT"}},{"type":"Feature","geometry":{"type":"Point","coordinates":[-3.508041999999932,5.413321000000053]},"properties":{"id":43238,"nom":"HVA","type":"station eau","district_region":null,"departement_commune":null,"verifie":true,"name":"HVA","source":"Géoportail ANSTAT"}},{"type":"Feature","geometry":{"type":"Point","coordinates":[-3.506091999999967,5.415485000000047]},"properties":{"id":43239,"nom":"HVA","type":"station eau","district_region":null,"departement_commune":null,"verifie":true,"name":"HVA","source":"Géoportail ANSTAT"}},{"type":"Feature","geometry":{"type":"Point","coordinates":[-3.506021999999973,5.416765000000055]},"properties":{"id":43240,"nom":"HVA","type":"station eau","district_region":null,"departement_commune":null,"verifie":true,"name":"HVA","source":"Géoportail ANSTAT"}},{"type":"Feature","geometry":{"type":"Point","coordinates":[-3.476635999999928,5.321403000000032]},"properties":{"id":43241,"nom":"HVA","type":"station eau","district_region":null,"departement_commune":null,"verifie":true,"name":"HVA","source":"Géoportail ANSTAT"}},{"type":"Feature","geometry":{"type":"Point","coordinates":[-2.891761999999972,5.212678000000039]},"properties":{"id":43242,"nom":"HVA","type":"station eau","district_region":null,"departement_commune":null,"verifie":true,"name":"HVA","source":"Géoportail ANSTAT"}},{"type":"Feature","geometry":{"type":"Point","coordinates":[-2.939220999999975,5.175689000000034]},"properties":{"id":43243,"nom":"HVA","type":"station eau","district_region":null,"departement_commune":null,"verifie":true,"name":"HVA","source":"Géoportail ANSTAT"}},{"type":"Feature","geometry":{"type":"Point","coordinates":[-2.94033799999994,5.174247000000037]},"properties":{"id":43244,"nom":"HVA","type":"station eau","district_region":null,"departement_commune":null,"verifie":true,"name":"HVA","source":"Géoportail ANSTAT"}},{"type":"Feature","geometry":{"type":"Point","coordinates":[-2.937593999999933,5.153276000000062]},"properties":{"id":43245,"nom":"HVA","type":"station eau","district_region":null,"departement_commune":null,"verifie":true,"name":"HVA","source":"Géoportail ANSTAT"}},{"type":"Feature","geometry":{"type":"Point","coordinates":[-2.935297999999932,5.152431000000036]},"properties":{"id":43246,"nom":"HVA","type":"station eau","district_region":null,"departement_commune":null,"verifie":true,"name":"HVA","source":"Géoportail ANSTAT"}},{"type":"Feature","geometry":{"type":"Point","coordinates":[-2.964476999999931,5.195564000000047]},"properties":{"id":43247,"nom":"HVA","type":"station eau","district_region":null,"departement_commune":null,"verifie":true,"name":"HVA","source":"Géoportail ANSTAT"}},{"type":"Feature","geometry":{"type":"Point","coordinates":[-2.967712999999947,5.239488000000051]},"properties":{"id":43248,"nom":"HVA","type":"station eau","district_region":null,"departement_commune":null,"verifie":true,"name":"HVA","source":"Géoportail ANSTAT"}},{"type":"Feature","geometry":{"type":"Point","coordinates":[-2.96801499999998,5.240598000000034]},"properties":{"id":43249,"nom":"HVA","type":"station eau","district_region":null,"departement_commune":null,"verifie":true,"name":"HVA","source":"Géoportail ANSTAT"}},{"type":"Feature","geometry":{"type":"Point","coordinates":[-2.969077999999968,5.240737000000024]},"properties":{"id":43250,"nom":"HVA","type":"station eau","district_region":null,"departement_commune":null,"verifie":true,"name":"HVA","source":"Géoportail ANSTAT"}},{"type":"Feature","geometry":{"type":"Point","coordinates":[-2.969248999999934,5.243902000000048]},"properties":{"id":43251,"nom":"HVA","type":"station eau","district_region":null,"departement_commune":null,"verifie":true,"name":"HVA","source":"Géoportail ANSTAT"}},{"type":"Feature","geometry":{"type":"Point","coordinates":[-2.969698999999935,5.245841000000041]},"properties":{"id":43252,"nom":"HVA","type":"station eau","district_region":null,"departement_commune":null,"verifie":true,"name":"HVA","source":"Géoportail ANSTAT"}},{"type":"Feature","geometry":{"type":"Point","coordinates":[-2.970935999999938,5.24418600000007]},"properties":{"id":43253,"nom":"HVA","type":"station eau","district_region":null,"departement_commune":null,"verifie":true,"name":"HVA","source":"Géoportail ANSTAT"}},{"type":"Feature","geometry":{"type":"Point","coordinates":[-2.971829999999954,5.252798000000041]},"properties":{"id":43254,"nom":"HVA","type":"station eau","district_region":null,"departement_commune":null,"verifie":true,"name":"HVA","source":"Géoportail ANSTAT"}},{"type":"Feature","geometry":{"type":"Point","coordinates":[-2.972945999999979,5.255281000000025]},"properties":{"id":43255,"nom":"HVA","type":"station eau","district_region":null,"departement_commune":null,"verifie":true,"name":"HVA","source":"Géoportail ANSTAT"}},{"type":"Feature","geometry":{"type":"Point","coordinates":[-2.97511099999997,5.254737000000034]},"properties":{"id":43256,"nom":"HVA","type":"station eau","district_region":null,"departement_commune":null,"verifie":true,"name":"HVA","source":"Géoportail ANSTAT"}},{"type":"Feature","geometry":{"type":"Point","coordinates":[-2.973918999999967,5.253228000000036]},"properties":{"id":43257,"nom":"HVA","type":"station eau","district_region":null,"departement_commune":null,"verifie":true,"name":"HVA","source":"Géoportail ANSTAT"}},{"type":"Feature","geometry":{"type":"Point","coordinates":[-2.99876699999993,5.15707100000003]},"properties":{"id":43258,"nom":"HVA","type":"station eau","district_region":null,"departement_commune":null,"verifie":true,"name":"HVA","source":"Géoportail ANSTAT"}},{"type":"Feature","geometry":{"type":"Point","coordinates":[-3.192766999999947,5.393128000000047]},"properties":{"id":43259,"nom":"HVA","type":"station eau","district_region":null,"departement_commune":null,"verifie":true,"name":"HVA","source":"Géoportail ANSTAT"}},{"type":"Feature","geometry":{"type":"Point","coordinates":[-2.834774999999979,5.501900000000035]},"properties":{"id":43260,"nom":"HVA","type":"station eau","district_region":null,"departement_commune":null,"verifie":true,"name":"HVA","source":"Géoportail ANSTAT"}},{"type":"Feature","geometry":{"type":"Point","coordinates":[-2.832028999999977,5.503772000000026]},"properties":{"id":43261,"nom":"HVA","type":"station eau","district_region":null,"departement_commune":null,"verifie":true,"name":"HVA","source":"Géoportail ANSTAT"}},{"type":"Feature","geometry":{"type":"Point","coordinates":[-2.854428999999925,5.592659000000026]},"properties":{"id":43262,"nom":"HVA","type":"station eau","district_region":null,"departement_commune":null,"verifie":true,"name":"HVA","source":"Géoportail ANSTAT"}},{"type":"Feature","geometry":{"type":"Point","coordinates":[-2.903381999999965,5.499642000000051]},"properties":{"id":43263,"nom":"HVA","type":"station eau","district_region":null,"departement_commune":null,"verifie":true,"name":"HVA","source":"Géoportail ANSTAT"}},{"type":"Feature","geometry":{"type":"Point","coordinates":[-5.197635999999932,9.289206000000036]},"properties":{"id":43264,"nom":"HVA","type":"station eau","district_region":null,"departement_commune":null,"verifie":true,"name":"HVA","source":"Géoportail ANSTAT"}},{"type":"Feature","geometry":{"type":"Point","coordinates":[-4.995120999999926,8.268922000000032]},"properties":{"id":43265,"nom":"HVA","type":"station eau","district_region":null,"departement_commune":null,"verifie":true,"name":"HVA","source":"Géoportail ANSTAT"}},{"type":"Feature","geometry":{"type":"Point","coordinates":[-5.132919999999956,8.211538000000075]},"properties":{"id":43266,"nom":"HVA","type":"station eau","district_region":null,"departement_commune":null,"verifie":true,"name":"HVA","source":"Géoportail ANSTAT"}},{"type":"Feature","geometry":{"type":"Point","coordinates":[-4.695441999999957,8.345548000000065]},"properties":{"id":43267,"nom":"HVA","type":"station eau","district_region":null,"departement_commune":null,"verifie":true,"name":"HVA","source":"Géoportail ANSTAT"}},{"type":"Feature","geometry":{"type":"Point","coordinates":[-4.020228999999972,7.748140000000035]},"properties":{"id":43268,"nom":"HVA","type":"station eau","district_region":null,"departement_commune":null,"verifie":true,"name":"HVA","source":"Géoportail ANSTAT"}},{"type":"Feature","geometry":{"type":"Point","coordinates":[-4.019640999999979,7.749472000000026]},"properties":{"id":43269,"nom":"HVA","type":"station eau","district_region":null,"departement_commune":null,"verifie":true,"name":"HVA","source":"Géoportail ANSTAT"}},{"type":"Feature","geometry":{"type":"Point","coordinates":[-4.573839999999961,7.460464000000059]},"properties":{"id":43270,"nom":"HVA","type":"station eau","district_region":null,"departement_commune":null,"verifie":true,"name":"HVA","source":"Géoportail ANSTAT"}},{"type":"Feature","geometry":{"type":"Point","coordinates":[-4.582833999999934,7.509402000000023]},"properties":{"id":43271,"nom":"HVA","type":"station eau","district_region":null,"departement_commune":null,"verifie":true,"name":"HVA","source":"Géoportail ANSTAT"}},{"type":"Feature","geometry":{"type":"Point","coordinates":[-3.977639999999951,7.772072000000037]},"properties":{"id":43272,"nom":"HVA","type":"station eau","district_region":null,"departement_commune":null,"verifie":true,"name":"HVA","source":"Géoportail ANSTAT"}},{"type":"Feature","geometry":{"type":"Point","coordinates":[-3.996015999999941,7.415220000000033]},"properties":{"id":43273,"nom":"HVA","type":"station eau","district_region":null,"departement_commune":null,"verifie":true,"name":"HVA","source":"Géoportail ANSTAT"}},{"type":"Feature","geometry":{"type":"Point","coordinates":[-3.960948999999971,7.470309000000043]},"properties":{"id":43274,"nom":"HVA","type":"station eau","district_region":null,"departement_commune":null,"verifie":true,"name":"HVA","source":"Géoportail ANSTAT"}},{"type":"Feature","geometry":{"type":"Point","coordinates":[-3.962876999999935,7.469418000000076]},"properties":{"id":43275,"nom":"HVA","type":"station eau","district_region":null,"departement_commune":null,"verifie":true,"name":"HVA","source":"Géoportail ANSTAT"}},{"type":"Feature","geometry":{"type":"Point","coordinates":[-4.155332999999928,7.291494000000057]},"properties":{"id":43276,"nom":"HVA","type":"station eau","district_region":null,"departement_commune":null,"verifie":true,"name":"HVA","source":"Géoportail ANSTAT"}},{"type":"Feature","geometry":{"type":"Point","coordinates":[-3.65255499999995,7.424119000000076]},"properties":{"id":43277,"nom":"HVA","type":"station eau","district_region":null,"departement_commune":null,"verifie":true,"name":"HVA","source":"Géoportail ANSTAT"}},{"type":"Feature","geometry":{"type":"Point","coordinates":[-4.597184999999968,7.51260700000006]},"properties":{"id":43278,"nom":"HVA","type":"station eau","district_region":null,"departement_commune":null,"verifie":true,"name":"HVA","source":"Géoportail ANSTAT"}},{"type":"Feature","geometry":{"type":"Point","coordinates":[-4.315001999999936,9.582900000000052]},"properties":{"id":43279,"nom":"HVA","type":"station eau","district_region":null,"departement_commune":null,"verifie":true,"name":"HVA","source":"Géoportail ANSTAT"}},{"type":"Feature","geometry":{"type":"Point","coordinates":[-5.596209999999928,10.26166300000006]},"properties":{"id":43281,"nom":"HVA PROJET ANADER","type":"station eau","district_region":null,"departement_commune":null,"verifie":true,"name":"HVA PROJET ANADER","source":"Géoportail ANSTAT"}},{"type":"Feature","geometry":{"type":"Point","coordinates":[-5.621225999999979,10.33521000000007]},"properties":{"id":43282,"nom":"HVA ILOT 5","type":"station eau","district_region":null,"departement_commune":null,"verifie":true,"name":"HVA ILOT 5","source":"Géoportail ANSTAT"}},{"type":"Feature","geometry":{"type":"Point","coordinates":[-3.100554999999929,7.709348000000034]},"properties":{"id":43283,"nom":"HYDRALIQUE VILLAGEOISE AMELIORE","type":"station eau","district_region":null,"departement_commune":null,"verifie":true,"name":"HYDRALIQUE VILLAGEOISE AMELIORE","source":"Géoportail ANSTAT"}},{"type":"Feature","geometry":{"type":"Point","coordinates":[-8.282312999999931,6.974983000000066]},"properties":{"id":43284,"nom":"HYDRALIQUE VILLAGEOISE AMELIORE","type":"station eau","district_region":null,"departement_commune":null,"verifie":true,"name":"HYDRALIQUE VILLAGEOISE AMELIORE","source":"Géoportail ANSTAT"}},{"type":"Feature","geometry":{"type":"Point","coordinates":[-4.543781999999965,6.248311000000058]},"properties":{"id":43285,"nom":"HYDRAUILIQUE VILLAGEOISE AMELIOREE DE BEKOINKRO","type":"station eau","district_region":null,"departement_commune":null,"verifie":true,"name":"HYDRAUILIQUE VILLAGEOISE AMELIOREE DE BEKOINKRO","source":"Géoportail ANSTAT"}},{"type":"Feature","geometry":{"type":"Point","coordinates":[-7.39985699999994,6.369578000000047]},"properties":{"id":43286,"nom":"HYDRAULIAQUE VILLAGEOISE AMELIOREE DE NIZAHON2","type":"station eau","district_region":null,"departement_commune":null,"verifie":true,"name":"HYDRAULIAQUE VILLAGEOISE AMELIOREE DE NIZAHON2","source":"Géoportail ANSTAT"}},{"type":"Feature","geometry":{"type":"Point","coordinates":[-3.102027999999962,7.70873000000006]},"properties":{"id":43287,"nom":"HYDRAULIQIE VILLAGE AMELIOREE","type":"station eau","district_region":null,"departement_commune":null,"verifie":true,"name":"HYDRAULIQIE VILLAGE AMELIOREE","source":"Géoportail ANSTAT"}},{"type":"Feature","geometry":{"type":"Point","coordinates":[-2.987477999999953,7.705853000000047]},"properties":{"id":43289,"nom":"HYDRAULIQU VILLAGEOISE AMELIOREE DE AMONKOBENANKRO","type":"station eau","district_region":null,"departement_commune":null,"verifie":true,"name":"HYDRAULIQU VILLAGEOISE AMELIOREE DE AMONKOBENANKRO","source":"Géoportail ANSTAT"}},{"type":"Feature","geometry":{"type":"Point","coordinates":[-7.068411999999967,4.74267100000003]},"properties":{"id":43292,"nom":"HVA KAKO 3","type":"station eau","district_region":null,"departement_commune":null,"verifie":true,"name":"HVA KAKO 3","source":"Géoportail ANSTAT"}},{"type":"Feature","geometry":{"type":"Point","coordinates":[-7.067960999999968,4.743648000000064]},"properties":{"id":43293,"nom":"HVA KAKO 3","type":"station eau","district_region":null,"departement_commune":null,"verifie":true,"name":"HVA KAKO 3","source":"Géoportail ANSTAT"}},{"type":"Feature","geometry":{"type":"Point","coordinates":[-5.943645999999944,10.23375100000004]},"properties":{"id":43303,"nom":"HVA DE NGANDANA","type":"station eau","district_region":null,"departement_commune":null,"verifie":true,"name":"HVA DE NGANDANA","source":"Géoportail ANSTAT"}},{"type":"Feature","geometry":{"type":"Point","coordinates":[-5.796292999999935,10.28374600000006]},"properties":{"id":43304,"nom":"HVA DE ILOT 37","type":"station eau","district_region":null,"departement_commune":null,"verifie":true,"name":"HVA DE ILOT 37","source":"Géoportail ANSTAT"}},{"type":"Feature","geometry":{"type":"Point","coordinates":[-5.794613999999967,10.28526000000005]},"properties":{"id":43305,"nom":"HVA DE MBRIGUE","type":"station eau","district_region":null,"departement_commune":null,"verifie":true,"name":"HVA DE MBRIGUE","source":"Géoportail ANSTAT"}},{"type":"Feature","geometry":{"type":"Point","coordinates":[-5.68983099999997,9.554253000000074]},"properties":{"id":43306,"nom":"HVA ILOT 1 B","type":"station eau","district_region":null,"departement_commune":null,"verifie":true,"name":"HVA ILOT 1 B","source":"Géoportail ANSTAT"}},{"type":"Feature","geometry":{"type":"Point","coordinates":[-5.691436999999951,9.554482000000064]},"properties":{"id":43307,"nom":"HVA ILOT 1 C","type":"station eau","district_region":null,"departement_commune":null,"verifie":true,"name":"HVA ILOT 1 C","source":"Géoportail ANSTAT"}},{"type":"Feature","geometry":{"type":"Point","coordinates":[-5.443473999999981,9.472245000000044]},"properties":{"id":43309,"nom":"HVA ILOT 2","type":"station eau","district_region":null,"departement_commune":null,"verifie":true,"name":"HVA ILOT 2","source":"Géoportail ANSTAT"}},{"type":"Feature","geometry":{"type":"Point","coordinates":[-5.65102399999995,9.645061000000055]},"properties":{"id":43313,"nom":"HVA DE TAHOUARA","type":"station eau","district_region":null,"departement_commune":null,"verifie":true,"name":"HVA DE TAHOUARA","source":"Géoportail ANSTAT"}},{"type":"Feature","geometry":{"type":"Point","coordinates":[-5.749250999999958,9.649605000000063]},"properties":{"id":43314,"nom":"HVA ILOT 23","type":"station eau","district_region":null,"departement_commune":null,"verifie":true,"name":"HVA ILOT 23","source":"Géoportail ANSTAT"}},{"type":"Feature","geometry":{"type":"Point","coordinates":[-4.234774999999956,6.602069000000029]},"properties":{"id":43325,"nom":"HVA D AMONKRO","type":"station eau","district_region":null,"departement_commune":null,"verifie":true,"name":"HVA D AMONKRO","source":"Géoportail ANSTAT"}},{"type":"Feature","geometry":{"type":"Point","coordinates":[-4.270473999999979,6.581208000000061]},"properties":{"id":43326,"nom":"HVA MBAOUCESSOU","type":"station eau","district_region":null,"departement_commune":null,"verifie":true,"name":"HVA MBAOUCESSOU","source":"Géoportail ANSTAT"}},{"type":"Feature","geometry":{"type":"Point","coordinates":[-4.44484099999994,6.267118000000039]},"properties":{"id":43327,"nom":"HVA","type":"station eau","district_region":null,"departement_commune":null,"verifie":true,"name":"HVA","source":"Géoportail ANSTAT"}},{"type":"Feature","geometry":{"type":"Point","coordinates":[-4.445945999999935,6.271991000000071]},"properties":{"id":43328,"nom":"HVA","type":"station eau","district_region":null,"departement_commune":null,"verifie":true,"name":"HVA","source":"Géoportail ANSTAT"}},{"type":"Feature","geometry":{"type":"Point","coordinates":[-4.537252999999964,6.520546000000024]},"properties":{"id":43333,"nom":"HVA ANCIEN VILLAGE","type":"station eau","district_region":null,"departement_commune":null,"verifie":true,"name":"HVA ANCIEN VILLAGE","source":"Géoportail ANSTAT"}},{"type":"Feature","geometry":{"type":"Point","coordinates":[-4.536583999999948,6.521777000000043]},"properties":{"id":43334,"nom":"HVA ANCIEN VILLAGE","type":"station eau","district_region":null,"departement_commune":null,"verifie":true,"name":"HVA ANCIEN VILLAGE","source":"Géoportail ANSTAT"}},{"type":"Feature","geometry":{"type":"Point","coordinates":[-4.53756199999998,6.522833000000048]},"properties":{"id":43335,"nom":"HVA DIOULAKRO","type":"station eau","district_region":null,"departement_commune":null,"verifie":true,"name":"HVA DIOULAKRO","source":"Géoportail ANSTAT"}},{"type":"Feature","geometry":{"type":"Point","coordinates":[-4.698602999999935,6.521340000000066]},"properties":{"id":43336,"nom":"HVA AMELIOREE DE TOMIDANOU","type":"station eau","district_region":null,"departement_commune":null,"verifie":true,"name":"HVA AMELIOREE DE TOMIDANOU","source":"Géoportail ANSTAT"}},{"type":"Feature","geometry":{"type":"Point","coordinates":[-4.475004999999953,6.674590000000023]},"properties":{"id":43337,"nom":"HVA BOUAFFOUKRO","type":"station eau","district_region":null,"departement_commune":null,"verifie":true,"name":"HVA BOUAFFOUKRO","source":"Géoportail ANSTAT"}},{"type":"Feature","geometry":{"type":"Point","coordinates":[-4.11133899999993,6.751402000000041]},"properties":{"id":43338,"nom":"HVA","type":"station eau","district_region":null,"departement_commune":null,"verifie":true,"name":"HVA","source":"Géoportail ANSTAT"}},{"type":"Feature","geometry":{"type":"Point","coordinates":[-4.112802999999928,6.749115000000074]},"properties":{"id":43339,"nom":"HVA","type":"station eau","district_region":null,"departement_commune":null,"verifie":true,"name":"HVA","source":"Géoportail ANSTAT"}},{"type":"Feature","geometry":{"type":"Point","coordinates":[-4.110709999999926,6.750223000000062]},"properties":{"id":43340,"nom":"HVA","type":"station eau","district_region":null,"departement_commune":null,"verifie":true,"name":"HVA","source":"Géoportail ANSTAT"}},{"type":"Feature","geometry":{"type":"Point","coordinates":[-4.441893999999934,6.650323000000071]},"properties":{"id":43341,"nom":"HVA KOUAKRO","type":"station eau","district_region":null,"departement_commune":null,"verifie":true,"name":"HVA KOUAKRO","source":"Géoportail ANSTAT"}},{"type":"Feature","geometry":{"type":"Point","coordinates":[-4.442076999999927,6.648927000000072]},"properties":{"id":43342,"nom":"HVA KOUAKRO","type":"station eau","district_region":null,"departement_commune":null,"verifie":true,"name":"HVA KOUAKRO","source":"Géoportail ANSTAT"}},{"type":"Feature","geometry":{"type":"Point","coordinates":[-4.302507999999932,6.763895000000048]},"properties":{"id":43343,"nom":"HVA","type":"station eau","district_region":null,"departement_commune":null,"verifie":true,"name":"HVA","source":"Géoportail ANSTAT"}},{"type":"Feature","geometry":{"type":"Point","coordinates":[-4.302110999999968,6.764440000000036]},"properties":{"id":43344,"nom":"HVA","type":"station eau","district_region":null,"departement_commune":null,"verifie":true,"name":"HVA","source":"Géoportail ANSTAT"}},{"type":"Feature","geometry":{"type":"Point","coordinates":[-4.29985199999993,6.76469000000003]},"properties":{"id":43345,"nom":"HVA","type":"station eau","district_region":null,"departement_commune":null,"verifie":true,"name":"HVA","source":"Géoportail ANSTAT"}},{"type":"Feature","geometry":{"type":"Point","coordinates":[-4.259307999999976,6.747286000000031]},"properties":{"id":43346,"nom":"HVA","type":"station eau","district_region":null,"departement_commune":null,"verifie":true,"name":"HVA","source":"Géoportail ANSTAT"}},{"type":"Feature","geometry":{"type":"Point","coordinates":[-4.261610999999959,6.749075000000062]},"properties":{"id":43347,"nom":"HVA","type":"station eau","district_region":null,"departement_commune":null,"verifie":true,"name":"HVA","source":"Géoportail ANSTAT"}},{"type":"Feature","geometry":{"type":"Point","coordinates":[-4.259489999999971,6.74897100000004]},"properties":{"id":43348,"nom":"HVA","type":"station eau","district_region":null,"departement_commune":null,"verifie":true,"name":"HVA","source":"Géoportail ANSTAT"}},{"type":"Feature","geometry":{"type":"Point","coordinates":[-4.258174999999937,6.746335000000045]},"properties":{"id":43349,"nom":"HVA","type":"station eau","district_region":null,"departement_commune":null,"verifie":true,"name":"HVA","source":"Géoportail ANSTAT"}},{"type":"Feature","geometry":{"type":"Point","coordinates":[-4.258318999999972,6.750039000000072]},"properties":{"id":43350,"nom":"HVA","type":"station eau","district_region":null,"departement_commune":null,"verifie":true,"name":"HVA","source":"Géoportail ANSTAT"}},{"type":"Feature","geometry":{"type":"Point","coordinates":[-3.851162999999929,6.635235000000023]},"properties":{"id":43351,"nom":"HVA","type":"station eau","district_region":null,"departement_commune":null,"verifie":true,"name":"HVA","source":"Géoportail ANSTAT"}},{"type":"Feature","geometry":{"type":"Point","coordinates":[-3.810774999999978,6.678949000000046]},"properties":{"id":43352,"nom":"HVA","type":"station eau","district_region":null,"departement_commune":null,"verifie":true,"name":"HVA","source":"Géoportail ANSTAT"}},{"type":"Feature","geometry":{"type":"Point","coordinates":[-4.439919999999972,6.270762000000047]},"properties":{"id":43353,"nom":"HVA","type":"station eau","district_region":null,"departement_commune":null,"verifie":true,"name":"HVA","source":"Géoportail ANSTAT"}},{"type":"Feature","geometry":{"type":"Point","coordinates":[-4.437684999999931,6.268550000000062]},"properties":{"id":43354,"nom":"HVA","type":"station eau","district_region":null,"departement_commune":null,"verifie":true,"name":"HVA","source":"Géoportail ANSTAT"}},{"type":"Feature","geometry":{"type":"Point","coordinates":[-3.033394999999928,7.440238000000022]},"properties":{"id":43355,"nom":"HYDRAULIQUE  VILLAGEOISE AMELIOREE","type":"station eau","district_region":null,"departement_commune":null,"verifie":true,"name":"HYDRAULIQUE  VILLAGEOISE AMELIOREE","source":"Géoportail ANSTAT"}},{"type":"Feature","geometry":{"type":"Point","coordinates":[-7.389034999999978,7.288222000000076]},"properties":{"id":43356,"nom":"HYDRAULIQUE AMELIORE","type":"station eau","district_region":null,"departement_commune":null,"verifie":true,"name":"HYDRAULIQUE AMELIORE","source":"Géoportail ANSTAT"}},{"type":"Feature","geometry":{"type":"Point","coordinates":[-7.387407999999937,7.288124000000039]},"properties":{"id":43357,"nom":"HYDRAULIQUE AMELIORE","type":"station eau","district_region":null,"departement_commune":null,"verifie":true,"name":"HYDRAULIQUE AMELIORE","source":"Géoportail ANSTAT"}},{"type":"Feature","geometry":{"type":"Point","coordinates":[-4.323482999999953,6.682359000000076]},"properties":{"id":43358,"nom":"HVA DE KINIMOKRO","type":"station eau","district_region":null,"departement_commune":null,"verifie":true,"name":"HVA DE KINIMOKRO","source":"Géoportail ANSTAT"}},{"type":"Feature","geometry":{"type":"Point","coordinates":[-4.325376999999946,6.679802000000052]},"properties":{"id":43359,"nom":"HVA DE KINIMOKRO","type":"station eau","district_region":null,"departement_commune":null,"verifie":true,"name":"HVA DE KINIMOKRO","source":"Géoportail ANSTAT"}},{"type":"Feature","geometry":{"type":"Point","coordinates":[-4.321982999999932,6.682394000000045]},"properties":{"id":43360,"nom":"HVA KINIMOKRO","type":"station eau","district_region":null,"departement_commune":null,"verifie":true,"name":"HVA KINIMOKRO","source":"Géoportail ANSTAT"}},{"type":"Feature","geometry":{"type":"Point","coordinates":[-4.326327999999933,6.677640000000054]},"properties":{"id":43361,"nom":"HVA KINIMOKRO","type":"station eau","district_region":null,"departement_commune":null,"verifie":true,"name":"HVA KINIMOKRO","source":"Géoportail ANSTAT"}},{"type":"Feature","geometry":{"type":"Point","coordinates":[-7.389058999999975,7.051763000000051]},"properties":{"id":43362,"nom":"HYDRAULIQUE AMELIOREE","type":"station eau","district_region":null,"departement_commune":null,"verifie":true,"name":"HYDRAULIQUE AMELIOREE","source":"Géoportail ANSTAT"}},{"type":"Feature","geometry":{"type":"Point","coordinates":[-4.655938999999933,6.455952000000025]},"properties":{"id":43363,"nom":"HVA MENOU","type":"station eau","district_region":null,"departement_commune":null,"verifie":true,"name":"HVA MENOU","source":"Géoportail ANSTAT"}},{"type":"Feature","geometry":{"type":"Point","coordinates":[-4.655220999999926,6.456678000000068]},"properties":{"id":43364,"nom":"HVA MENOU","type":"station eau","district_region":null,"departement_commune":null,"verifie":true,"name":"HVA MENOU","source":"Géoportail ANSTAT"}},{"type":"Feature","geometry":{"type":"Point","coordinates":[-4.655230999999958,6.456701000000066]},"properties":{"id":43365,"nom":"HVA MENOU","type":"station eau","district_region":null,"departement_commune":null,"verifie":true,"name":"HVA MENOU","source":"Géoportail ANSTAT"}},{"type":"Feature","geometry":{"type":"Point","coordinates":[-4.146406999999954,6.672628000000032]},"properties":{"id":43366,"nom":"HVA","type":"station eau","district_region":null,"departement_commune":null,"verifie":true,"name":"HVA","source":"Géoportail ANSTAT"}},{"type":"Feature","geometry":{"type":"Point","coordinates":[-7.39142499999997,7.054272000000026]},"properties":{"id":43367,"nom":"HYDRAULIQUE AMELIOREE","type":"station eau","district_region":null,"departement_commune":null,"verifie":true,"name":"HYDRAULIQUE AMELIOREE","source":"Géoportail ANSTAT"}},{"type":"Feature","geometry":{"type":"Point","coordinates":[-5.846257999999978,6.21224200000006]},"properties":{"id":43368,"nom":"HYDRAULIQUE AMELIOREE","type":"station eau","district_region":null,"departement_commune":null,"verifie":true,"name":"HYDRAULIQUE AMELIOREE","source":"Géoportail ANSTAT"}},{"type":"Feature","geometry":{"type":"Point","coordinates":[-7.27050799999995,7.505287000000067]},"properties":{"id":43369,"nom":"HVA","type":"station eau","district_region":null,"departement_commune":null,"verifie":true,"name":"HVA","source":"Géoportail ANSTAT"}},{"type":"Feature","geometry":{"type":"Point","coordinates":[-7.271202999999957,7.506768000000022]},"properties":{"id":43370,"nom":"HVA","type":"station eau","district_region":null,"departement_commune":null,"verifie":true,"name":"HVA","source":"Géoportail ANSTAT"}},{"type":"Feature","geometry":{"type":"Point","coordinates":[-7.126193999999941,7.613844000000029]},"properties":{"id":43371,"nom":"HVA","type":"station eau","district_region":null,"departement_commune":null,"verifie":true,"name":"HVA","source":"Géoportail ANSTAT"}},{"type":"Feature","geometry":{"type":"Point","coordinates":[-7.128731999999957,7.614109000000042]},"properties":{"id":43372,"nom":"HVA","type":"station eau","district_region":null,"departement_commune":null,"verifie":true,"name":"HVA","source":"Géoportail ANSTAT"}},{"type":"Feature","geometry":{"type":"Point","coordinates":[-7.127062999999964,7.612074000000064]},"properties":{"id":43373,"nom":"HVA","type":"station eau","district_region":null,"departement_commune":null,"verifie":true,"name":"HVA","source":"Géoportail ANSTAT"}},{"type":"Feature","geometry":{"type":"Point","coordinates":[-7.131733999999938,7.608912000000032]},"properties":{"id":43374,"nom":"HVA","type":"station eau","district_region":null,"departement_commune":null,"verifie":true,"name":"HVA","source":"Géoportail ANSTAT"}},{"type":"Feature","geometry":{"type":"Point","coordinates":[-7.132210999999927,7.613412000000039]},"properties":{"id":43375,"nom":"HVA","type":"station eau","district_region":null,"departement_commune":null,"verifie":true,"name":"HVA","source":"Géoportail ANSTAT"}},{"type":"Feature","geometry":{"type":"Point","coordinates":[-7.132021999999949,7.486005000000034]},"properties":{"id":43376,"nom":"HVA DE DOUAGUE","type":"station eau","district_region":null,"departement_commune":null,"verifie":true,"name":"HVA DE DOUAGUE","source":"Géoportail ANSTAT"}},{"type":"Feature","geometry":{"type":"Point","coordinates":[-7.183773999999971,7.411609000000055]},"properties":{"id":43377,"nom":"HVA","type":"station eau","district_region":null,"departement_commune":null,"verifie":true,"name":"HVA","source":"Géoportail ANSTAT"}},{"type":"Feature","geometry":{"type":"Point","coordinates":[-7.185687999999971,7.412687000000062]},"properties":{"id":43378,"nom":"HVA","type":"station eau","district_region":null,"departement_commune":null,"verifie":true,"name":"HVA","source":"Géoportail ANSTAT"}},{"type":"Feature","geometry":{"type":"Point","coordinates":[-7.186206999999968,7.40962600000006]},"properties":{"id":43379,"nom":"HVA","type":"station eau","district_region":null,"departement_commune":null,"verifie":true,"name":"HVA","source":"Géoportail ANSTAT"}},{"type":"Feature","geometry":{"type":"Point","coordinates":[-7.206062999999972,7.332690000000071]},"properties":{"id":43380,"nom":"HVA","type":"station eau","district_region":null,"departement_commune":null,"verifie":true,"name":"HVA","source":"Géoportail ANSTAT"}},{"type":"Feature","geometry":{"type":"Point","coordinates":[-7.235103999999978,7.36734400000006]},"properties":{"id":43381,"nom":"HVA","type":"station eau","district_region":null,"departement_commune":null,"verifie":true,"name":"HVA","source":"Géoportail ANSTAT"}},{"type":"Feature","geometry":{"type":"Point","coordinates":[-7.236671999999942,7.367617000000052]},"properties":{"id":43382,"nom":"HVA","type":"station eau","district_region":null,"departement_commune":null,"verifie":true,"name":"HVA","source":"Géoportail ANSTAT"}},{"type":"Feature","geometry":{"type":"Point","coordinates":[-7.377826999999968,7.360148000000038]},"properties":{"id":43383,"nom":"HVA DE TIESSAN","type":"station eau","district_region":null,"departement_commune":null,"verifie":true,"name":"HVA DE TIESSAN","source":"Géoportail ANSTAT"}},{"type":"Feature","geometry":{"type":"Point","coordinates":[-8.111861999999974,6.593059000000039]},"properties":{"id":43384,"nom":"HYDRAULIQUE AMELIOREE","type":"station eau","district_region":null,"departement_commune":null,"verifie":true,"name":"HYDRAULIQUE AMELIOREE","source":"Géoportail ANSTAT"}},{"type":"Feature","geometry":{"type":"Point","coordinates":[-8.26337499999994,7.39214400000003]},"properties":{"id":43385,"nom":"HYDRAULIQUE AMELIOREE","type":"station eau","district_region":null,"departement_commune":null,"verifie":true,"name":"HYDRAULIQUE AMELIOREE","source":"Géoportail ANSTAT"}},{"type":"Feature","geometry":{"type":"Point","coordinates":[-8.261853999999971,7.388971000000026]},"properties":{"id":43386,"nom":"HYDRAULIQUE AMELIOREE","type":"station eau","district_region":null,"departement_commune":null,"verifie":true,"name":"HYDRAULIQUE AMELIOREE","source":"Géoportail ANSTAT"}},{"type":"Feature","geometry":{"type":"Point","coordinates":[-4.965269999999975,7.795294000000069]},"properties":{"id":43387,"nom":"HYDRAULIQUE AMELIOREE DE ANDANFFOUE","type":"station eau","district_region":null,"departement_commune":null,"verifie":true,"name":"HYDRAULIQUE AMELIOREE DE ANDANFFOUE","source":"Géoportail ANSTAT"}},{"type":"Feature","geometry":{"type":"Point","coordinates":[-7.394977999999981,6.376185000000021]},"properties":{"id":43388,"nom":"HYDRAULIQUE AMELOIRE DE NIZAHON2","type":"station eau","district_region":null,"departement_commune":null,"verifie":true,"name":"HYDRAULIQUE AMELOIRE DE NIZAHON2","source":"Géoportail ANSTAT"}},{"type":"Feature","geometry":{"type":"Point","coordinates":[-7.396927999999946,6.953873000000044]},"properties":{"id":43393,"nom":"HVA","type":"station eau","district_region":null,"departement_commune":null,"verifie":true,"name":"HVA","source":"Géoportail ANSTAT"}},{"type":"Feature","geometry":{"type":"Point","coordinates":[-7.19780499999996,6.591438000000039]},"properties":{"id":43394,"nom":"HVA","type":"station eau","district_region":null,"departement_commune":null,"verifie":true,"name":"HVA","source":"Géoportail ANSTAT"}},{"type":"Feature","geometry":{"type":"Point","coordinates":[-7.196892999999932,6.590064000000041]},"properties":{"id":43395,"nom":"HVA","type":"station eau","district_region":null,"departement_commune":null,"verifie":true,"name":"HVA","source":"Géoportail ANSTAT"}},{"type":"Feature","geometry":{"type":"Point","coordinates":[-7.351746999999932,6.735433000000057]},"properties":{"id":43396,"nom":"HVA","type":"station eau","district_region":null,"departement_commune":null,"verifie":true,"name":"HVA","source":"Géoportail ANSTAT"}},{"type":"Feature","geometry":{"type":"Point","coordinates":[-7.342844999999954,6.671595000000025]},"properties":{"id":43397,"nom":"HVA","type":"station eau","district_region":null,"departement_commune":null,"verifie":true,"name":"HVA","source":"Géoportail ANSTAT"}},{"type":"Feature","geometry":{"type":"Point","coordinates":[-7.342408999999975,6.669038000000057]},"properties":{"id":43398,"nom":"HVA","type":"station eau","district_region":null,"departement_commune":null,"verifie":true,"name":"HVA","source":"Géoportail ANSTAT"}},{"type":"Feature","geometry":{"type":"Point","coordinates":[-7.343432999999948,6.670697000000075]},"properties":{"id":43399,"nom":"HVA","type":"station eau","district_region":null,"departement_commune":null,"verifie":true,"name":"HVA","source":"Géoportail ANSTAT"}},{"type":"Feature","geometry":{"type":"Point","coordinates":[-7.411347999999975,6.842474000000038]},"properties":{"id":43400,"nom":"HVA","type":"station eau","district_region":null,"departement_commune":null,"verifie":true,"name":"HVA","source":"Géoportail ANSTAT"}},{"type":"Feature","geometry":{"type":"Point","coordinates":[-7.406378999999959,6.842231000000027]},"properties":{"id":43401,"nom":"HVA","type":"station eau","district_region":null,"departement_commune":null,"verifie":true,"name":"HVA","source":"Géoportail ANSTAT"}},{"type":"Feature","geometry":{"type":"Point","coordinates":[-7.408315999999957,6.84170800000004]},"properties":{"id":43402,"nom":"HVA","type":"station eau","district_region":null,"departement_commune":null,"verifie":true,"name":"HVA","source":"Géoportail ANSTAT"}},{"type":"Feature","geometry":{"type":"Point","coordinates":[-7.194145999999932,6.889231000000052]},"properties":{"id":43403,"nom":"HVA","type":"station eau","district_region":null,"departement_commune":null,"verifie":true,"name":"HVA","source":"Géoportail ANSTAT"}},{"type":"Feature","geometry":{"type":"Point","coordinates":[-7.192708999999979,6.890748000000031]},"properties":{"id":43404,"nom":"HVA","type":"station eau","district_region":null,"departement_commune":null,"verifie":true,"name":"HVA","source":"Géoportail ANSTAT"}},{"type":"Feature","geometry":{"type":"Point","coordinates":[-7.188272999999981,6.88997100000006]},"properties":{"id":43405,"nom":"HVA","type":"station eau","district_region":null,"departement_commune":null,"verifie":true,"name":"HVA","source":"Géoportail ANSTAT"}},{"type":"Feature","geometry":{"type":"Point","coordinates":[-4.789229999999975,5.291696000000059]},"properties":{"id":43406,"nom":"HVA D IROBO","type":"station eau","district_region":null,"departement_commune":null,"verifie":true,"name":"HVA D IROBO","source":"Géoportail ANSTAT"}},{"type":"Feature","geometry":{"type":"Point","coordinates":[-4.700135999999929,5.168737000000021]},"properties":{"id":43407,"nom":"HVA DU CENTRE DE SANTE","type":"station eau","district_region":null,"departement_commune":null,"verifie":true,"name":"HVA DU CENTRE DE SANTE","source":"Géoportail ANSTAT"}},{"type":"Feature","geometry":{"type":"Point","coordinates":[-4.57312799999994,5.221957000000032]},"properties":{"id":43408,"nom":"HVA DU NOUVEAU QUARTIER","type":"station eau","district_region":null,"departement_commune":null,"verifie":true,"name":"HVA DU NOUVEAU QUARTIER","source":"Géoportail ANSTAT"}},{"type":"Feature","geometry":{"type":"Point","coordinates":[-4.329012999999975,5.260139000000038]},"properties":{"id":43409,"nom":"HVA 1 DE TABOTH","type":"station eau","district_region":null,"departement_commune":null,"verifie":true,"name":"HVA 1 DE TABOTH","source":"Géoportail ANSTAT"}},{"type":"Feature","geometry":{"type":"Point","coordinates":[-4.327803999999958,5.259432000000061]},"properties":{"id":43410,"nom":"HVA 2 DE TABOTH","type":"station eau","district_region":null,"departement_commune":null,"verifie":true,"name":"HVA 2 DE TABOTH","source":"Géoportail ANSTAT"}},{"type":"Feature","geometry":{"type":"Point","coordinates":[-4.327795999999978,5.259430000000066]},"properties":{"id":43411,"nom":"HVA 2 DE TABOTH","type":"station eau","district_region":null,"departement_commune":null,"verifie":true,"name":"HVA 2 DE TABOTH","source":"Géoportail ANSTAT"}},{"type":"Feature","geometry":{"type":"Point","coordinates":[-4.323517999999979,5.21168300000005]},"properties":{"id":43412,"nom":"HVA","type":"station eau","district_region":null,"departement_commune":null,"verifie":true,"name":"HVA","source":"Géoportail ANSTAT"}},{"type":"Feature","geometry":{"type":"Point","coordinates":[-4.327131999999949,5.21109800000005]},"properties":{"id":43413,"nom":"HVA 2","type":"station eau","district_region":null,"departement_commune":null,"verifie":true,"name":"HVA 2","source":"Géoportail ANSTAT"}},{"type":"Feature","geometry":{"type":"Point","coordinates":[-4.325514999999939,5.212481000000025]},"properties":{"id":43414,"nom":"HVA DU QUARTIER DABOU KOKRO","type":"station eau","district_region":null,"departement_commune":null,"verifie":true,"name":"HVA DU QUARTIER DABOU KOKRO","source":"Géoportail ANSTAT"}},{"type":"Feature","geometry":{"type":"Point","coordinates":[-4.231395999999961,5.222371000000066]},"properties":{"id":43415,"nom":"HVA D ABREBY","type":"station eau","district_region":null,"departement_commune":null,"verifie":true,"name":"HVA D ABREBY","source":"Géoportail ANSTAT"}},{"type":"Feature","geometry":{"type":"Point","coordinates":[-4.23294199999998,5.220880000000022]},"properties":{"id":43416,"nom":"HVA DU QUARTIER DJAVA","type":"station eau","district_region":null,"departement_commune":null,"verifie":true,"name":"HVA DU QUARTIER DJAVA","source":"Géoportail ANSTAT"}},{"type":"Feature","geometry":{"type":"Point","coordinates":[-4.855605999999966,5.508201000000042]},"properties":{"id":43417,"nom":"HVA","type":"station eau","district_region":null,"departement_commune":null,"verifie":true,"name":"HVA","source":"Géoportail ANSTAT"}},{"type":"Feature","geometry":{"type":"Point","coordinates":[-4.856511999999952,5.512983000000077]},"properties":{"id":43418,"nom":"HVA DE AHOUANOU","type":"station eau","district_region":null,"departement_commune":null,"verifie":true,"name":"HVA DE AHOUANOU","source":"Géoportail ANSTAT"}},{"type":"Feature","geometry":{"type":"Point","coordinates":[-4.857612999999958,5.513123000000064]},"properties":{"id":43419,"nom":"HVA DU CONSEIL REGIONAL","type":"station eau","district_region":null,"departement_commune":null,"verifie":true,"name":"HVA DU CONSEIL REGIONAL","source":"Géoportail ANSTAT"}},{"type":"Feature","geometry":{"type":"Point","coordinates":[-4.42526799999996,5.234765000000039]},"properties":{"id":43420,"nom":"HVA DE CAMPEMENT NIAMKE","type":"station eau","district_region":null,"departement_commune":null,"verifie":true,"name":"HVA DE CAMPEMENT NIAMKE","source":"Géoportail ANSTAT"}},{"type":"Feature","geometry":{"type":"Point","coordinates":[-6.138574999999946,6.31434100000007]},"properties":{"id":43427,"nom":"HVA","type":"station eau","district_region":null,"departement_commune":null,"verifie":true,"name":"HVA","source":"Géoportail ANSTAT"}},{"type":"Feature","geometry":{"type":"Point","coordinates":[-6.866186999999968,7.421923000000049]},"properties":{"id":43430,"nom":"HYDRAULIQUE VILAGEOISE AMELIOREE DE DIAFLA","type":"station eau","district_region":null,"departement_commune":null,"verifie":true,"name":"HYDRAULIQUE VILAGEOISE AMELIOREE DE DIAFLA","source":"Géoportail ANSTAT"}},{"type":"Feature","geometry":{"type":"Point","coordinates":[-7.39925999999997,6.372105000000033]},"properties":{"id":43435,"nom":"HYDRAULIQUE VILLAGE DE NIZAHON","type":"station eau","district_region":null,"departement_commune":null,"verifie":true,"name":"HYDRAULIQUE VILLAGE DE NIZAHON","source":"Géoportail ANSTAT"}},{"type":"Feature","geometry":{"type":"Point","coordinates":[-5.375985999999955,6.306906000000026]},"properties":{"id":43438,"nom":"HVA","type":"station eau","district_region":null,"departement_commune":null,"verifie":true,"name":"HVA","source":"Géoportail ANSTAT"}},{"type":"Feature","geometry":{"type":"Point","coordinates":[-5.374179999999967,6.307892000000038]},"properties":{"id":43439,"nom":"HVA","type":"station eau","district_region":null,"departement_commune":null,"verifie":true,"name":"HVA","source":"Géoportail ANSTAT"}},{"type":"Feature","geometry":{"type":"Point","coordinates":[-2.607166999999947,8.521303000000046]},"properties":{"id":43440,"nom":"HYDRAULIQUE VILLAGEOIOSE AMELIOREE DE TIMATE DAH DE KOHODIO","type":"station eau","district_region":null,"departement_commune":null,"verifie":true,"name":"HYDRAULIQUE VILLAGEOIOSE AMELIOREE DE TIMATE DAH DE KOHODIO","source":"Géoportail ANSTAT"}},{"type":"Feature","geometry":{"type":"Point","coordinates":[-5.513634999999965,9.41295800000006]},"properties":{"id":43441,"nom":"HYDRAULIQUE VILLAGEOISE AMELIORE","type":"station eau","district_region":null,"departement_commune":null,"verifie":true,"name":"HYDRAULIQUE VILLAGEOISE AMELIORE","source":"Géoportail ANSTAT"}},{"type":"Feature","geometry":{"type":"Point","coordinates":[-7.39378899999997,7.051594000000023]},"properties":{"id":43442,"nom":"HYDRAULIQUE VILLAGEOISE AMELIORE","type":"station eau","district_region":null,"departement_commune":null,"verifie":true,"name":"HYDRAULIQUE VILLAGEOISE AMELIORE","source":"Géoportail ANSTAT"}},{"type":"Feature","geometry":{"type":"Point","coordinates":[-6.136380999999972,5.038970000000063]},"properties":{"id":43443,"nom":"HVA","type":"station eau","district_region":null,"departement_commune":null,"verifie":true,"name":"HVA","source":"Géoportail ANSTAT"}},{"type":"Feature","geometry":{"type":"Point","coordinates":[-6.112035999999932,5.054974000000072]},"properties":{"id":43444,"nom":"HVA","type":"station eau","district_region":null,"departement_commune":null,"verifie":true,"name":"HVA","source":"Géoportail ANSTAT"}},{"type":"Feature","geometry":{"type":"Point","coordinates":[-6.026169999999979,5.033861000000059]},"properties":{"id":43445,"nom":"HVA","type":"station eau","district_region":null,"departement_commune":null,"verifie":true,"name":"HVA","source":"Géoportail ANSTAT"}},{"type":"Feature","geometry":{"type":"Point","coordinates":[-4.716069999999945,7.282877000000042]},"properties":{"id":43447,"nom":"HVA","type":"station eau","district_region":null,"departement_commune":null,"verifie":true,"name":"HVA","source":"Géoportail ANSTAT"}},{"type":"Feature","geometry":{"type":"Point","coordinates":[-4.718178999999964,7.288109000000077]},"properties":{"id":43448,"nom":"HVA 1","type":"station eau","district_region":null,"departement_commune":null,"verifie":true,"name":"HVA 1","source":"Géoportail ANSTAT"}},{"type":"Feature","geometry":{"type":"Point","coordinates":[-4.803082999999958,7.16746900000004]},"properties":{"id":43449,"nom":"HVA","type":"station eau","district_region":null,"departement_commune":null,"verifie":true,"name":"HVA","source":"Géoportail ANSTAT"}},{"type":"Feature","geometry":{"type":"Point","coordinates":[-4.80323199999998,7.167314000000033]},"properties":{"id":43450,"nom":"HVA","type":"station eau","district_region":null,"departement_commune":null,"verifie":true,"name":"HVA","source":"Géoportail ANSTAT"}},{"type":"Feature","geometry":{"type":"Point","coordinates":[-4.804505999999947,7.165894000000037]},"properties":{"id":43451,"nom":"HVA","type":"station eau","district_region":null,"departement_commune":null,"verifie":true,"name":"HVA","source":"Géoportail ANSTAT"}},{"type":"Feature","geometry":{"type":"Point","coordinates":[-4.803830999999946,7.166173000000072]},"properties":{"id":43452,"nom":"HVA","type":"station eau","district_region":null,"departement_commune":null,"verifie":true,"name":"HVA","source":"Géoportail ANSTAT"}},{"type":"Feature","geometry":{"type":"Point","coordinates":[-4.82168299999995,6.426271000000042]},"properties":{"id":43453,"nom":"HVA","type":"station eau","district_region":null,"departement_commune":null,"verifie":true,"name":"HVA","source":"Géoportail ANSTAT"}},{"type":"Feature","geometry":{"type":"Point","coordinates":[-4.895284999999944,6.396851000000026]},"properties":{"id":43454,"nom":"HVA","type":"station eau","district_region":null,"departement_commune":null,"verifie":true,"name":"HVA","source":"Géoportail ANSTAT"}},{"type":"Feature","geometry":{"type":"Point","coordinates":[-4.891390999999942,6.396834000000069]},"properties":{"id":43455,"nom":"HVA","type":"station eau","district_region":null,"departement_commune":null,"verifie":true,"name":"HVA","source":"Géoportail ANSTAT"}},{"type":"Feature","geometry":{"type":"Point","coordinates":[-4.893136999999967,6.395453000000032]},"properties":{"id":43456,"nom":"HVA","type":"station eau","district_region":null,"departement_commune":null,"verifie":true,"name":"HVA","source":"Géoportail ANSTAT"}},{"type":"Feature","geometry":{"type":"Point","coordinates":[-4.972790999999972,7.45775100000003]},"properties":{"id":43457,"nom":"HVA KONANSUIKRO","type":"station eau","district_region":null,"departement_commune":null,"verifie":true,"name":"HVA KONANSUIKRO","source":"Géoportail ANSTAT"}},{"type":"Feature","geometry":{"type":"Point","coordinates":[-4.98160299999995,7.452937000000077]},"properties":{"id":43458,"nom":"HVA DE SACRI","type":"station eau","district_region":null,"departement_commune":null,"verifie":true,"name":"HVA DE SACRI","source":"Géoportail ANSTAT"}},{"type":"Feature","geometry":{"type":"Point","coordinates":[-4.980841999999939,7.452778000000023]},"properties":{"id":43459,"nom":"HVA DE SAKRI","type":"station eau","district_region":null,"departement_commune":null,"verifie":true,"name":"HVA DE SAKRI","source":"Géoportail ANSTAT"}},{"type":"Feature","geometry":{"type":"Point","coordinates":[-4.978040999999962,6.381742000000031]},"properties":{"id":43460,"nom":"HVA","type":"station eau","district_region":null,"departement_commune":null,"verifie":true,"name":"HVA","source":"Géoportail ANSTAT"}},{"type":"Feature","geometry":{"type":"Point","coordinates":[-4.996274999999969,7.318006000000025]},"properties":{"id":43461,"nom":"HVA DE SENIKRO","type":"station eau","district_region":null,"departement_commune":null,"verifie":true,"name":"HVA DE SENIKRO","source":"Géoportail ANSTAT"}},{"type":"Feature","geometry":{"type":"Point","coordinates":[-5.004650999999967,6.724055000000021]},"properties":{"id":43462,"nom":"HVA","type":"station eau","district_region":null,"departement_commune":null,"verifie":true,"name":"HVA","source":"Géoportail ANSTAT"}},{"type":"Feature","geometry":{"type":"Point","coordinates":[-5.791132999999945,7.377709000000038]},"properties":{"id":43463,"nom":"HYDRAULIQUE VILLAGEOISE AMELIORE","type":"station eau","district_region":null,"departement_commune":null,"verifie":true,"name":"HYDRAULIQUE VILLAGEOISE AMELIORE","source":"Géoportail ANSTAT"}},{"type":"Feature","geometry":{"type":"Point","coordinates":[-5.076651999999967,7.100365000000068]},"properties":{"id":43464,"nom":"HVA 1","type":"station eau","district_region":null,"departement_commune":null,"verifie":true,"name":"HVA 1","source":"Géoportail ANSTAT"}},{"type":"Feature","geometry":{"type":"Point","coordinates":[-5.07586299999997,7.101599000000022]},"properties":{"id":43465,"nom":"HVA 2","type":"station eau","district_region":null,"departement_commune":null,"verifie":true,"name":"HVA 2","source":"Géoportail ANSTAT"}},{"type":"Feature","geometry":{"type":"Point","coordinates":[-5.092233999999962,6.413792000000058]},"properties":{"id":43466,"nom":"HVA","type":"station eau","district_region":null,"departement_commune":null,"verifie":true,"name":"HVA","source":"Géoportail ANSTAT"}},{"type":"Feature","geometry":{"type":"Point","coordinates":[-5.091738999999961,6.413613000000055]},"properties":{"id":43467,"nom":"HVA DE BRINGAKRO","type":"station eau","district_region":null,"departement_commune":null,"verifie":true,"name":"HVA DE BRINGAKRO","source":"Géoportail ANSTAT"}},{"type":"Feature","geometry":{"type":"Point","coordinates":[-5.150530999999944,6.668311000000074]},"properties":{"id":43468,"nom":"HVA","type":"station eau","district_region":null,"departement_commune":null,"verifie":true,"name":"HVA","source":"Géoportail ANSTAT"}},{"type":"Feature","geometry":{"type":"Point","coordinates":[-5.79006499999997,7.376715000000047]},"properties":{"id":43469,"nom":"HYDRAULIQUE VILLAGEOISE AMELIORE","type":"station eau","district_region":null,"departement_commune":null,"verifie":true,"name":"HYDRAULIQUE VILLAGEOISE AMELIORE","source":"Géoportail ANSTAT"}},{"type":"Feature","geometry":{"type":"Point","coordinates":[-4.290906999999947,5.368058000000076]},"properties":{"id":43470,"nom":"HVA 1","type":"station eau","district_region":null,"departement_commune":null,"verifie":true,"name":"HVA 1","source":"Géoportail ANSTAT"}},{"type":"Feature","geometry":{"type":"Point","coordinates":[-4.284755999999959,5.365264000000025]},"properties":{"id":43471,"nom":"HVA 1","type":"station eau","district_region":null,"departement_commune":null,"verifie":true,"name":"HVA 1","source":"Géoportail ANSTAT"}},{"type":"Feature","geometry":{"type":"Point","coordinates":[-4.284542999999928,5.365403000000072]},"properties":{"id":43472,"nom":"HVA 1","type":"station eau","district_region":null,"departement_commune":null,"verifie":true,"name":"HVA 1","source":"Géoportail ANSTAT"}},{"type":"Feature","geometry":{"type":"Point","coordinates":[-4.285489999999925,5.365355000000022]},"properties":{"id":43473,"nom":"HVA 3","type":"station eau","district_region":null,"departement_commune":null,"verifie":true,"name":"HVA 3","source":"Géoportail ANSTAT"}},{"type":"Feature","geometry":{"type":"Point","coordinates":[-4.284949999999981,5.365990000000068]},"properties":{"id":43474,"nom":"HVA 4","type":"station eau","district_region":null,"departement_commune":null,"verifie":true,"name":"HVA 4","source":"Géoportail ANSTAT"}},{"type":"Feature","geometry":{"type":"Point","coordinates":[-3.84741299999996,5.385073000000034]},"properties":{"id":43475,"nom":"HVA DE AKOYATE","type":"station eau","district_region":null,"departement_commune":null,"verifie":true,"name":"HVA DE AKOYATE","source":"Géoportail ANSTAT"}},{"type":"Feature","geometry":{"type":"Point","coordinates":[-3.894705999999928,5.413764000000072]},"properties":{"id":43476,"nom":"HVA","type":"station eau","district_region":null,"departement_commune":null,"verifie":true,"name":"HVA","source":"Géoportail ANSTAT"}},{"type":"Feature","geometry":{"type":"Point","coordinates":[-3.823332999999934,5.320959000000073]},"properties":{"id":43477,"nom":"HVA DE KOFFIKRO","type":"station eau","district_region":null,"departement_commune":null,"verifie":true,"name":"HVA DE KOFFIKRO","source":"Géoportail ANSTAT"}},{"type":"Feature","geometry":{"type":"Point","coordinates":[-3.825931999999966,5.305307000000028]},"properties":{"id":43478,"nom":"HVA DE BREGBO","type":"station eau","district_region":null,"departement_commune":null,"verifie":true,"name":"HVA DE BREGBO","source":"Géoportail ANSTAT"}},{"type":"Feature","geometry":{"type":"Point","coordinates":[-3.823235999999952,5.303819000000033]},"properties":{"id":43479,"nom":"HVA DE BREGBO","type":"station eau","district_region":null,"departement_commune":null,"verifie":true,"name":"HVA DE BREGBO","source":"Géoportail ANSTAT"}},{"type":"Feature","geometry":{"type":"Point","coordinates":[-4.227015999999935,5.576350000000048]},"properties":{"id":43480,"nom":"HVA","type":"station eau","district_region":null,"departement_commune":null,"verifie":true,"name":"HVA","source":"Géoportail ANSTAT"}},{"type":"Feature","geometry":{"type":"Point","coordinates":[-4.224618999999961,5.579367000000047]},"properties":{"id":43481,"nom":"HVA","type":"station eau","district_region":null,"departement_commune":null,"verifie":true,"name":"HVA","source":"Géoportail ANSTAT"}},{"type":"Feature","geometry":{"type":"Point","coordinates":[-4.22744199999994,5.580570000000023]},"properties":{"id":43482,"nom":"HVA","type":"station eau","district_region":null,"departement_commune":null,"verifie":true,"name":"HVA","source":"Géoportail ANSTAT"}},{"type":"Feature","geometry":{"type":"Point","coordinates":[-4.22941899999995,5.575974000000031]},"properties":{"id":43483,"nom":"HVA","type":"station eau","district_region":null,"departement_commune":null,"verifie":true,"name":"HVA","source":"Géoportail ANSTAT"}},{"type":"Feature","geometry":{"type":"Point","coordinates":[-4.20025099999998,5.539522000000034]},"properties":{"id":43484,"nom":"HVA","type":"station eau","district_region":null,"departement_commune":null,"verifie":true,"name":"HVA","source":"Géoportail ANSTAT"}},{"type":"Feature","geometry":{"type":"Point","coordinates":[-4.199764999999957,5.537685000000067]},"properties":{"id":43485,"nom":"HVA","type":"station eau","district_region":null,"departement_commune":null,"verifie":true,"name":"HVA","source":"Géoportail ANSTAT"}},{"type":"Feature","geometry":{"type":"Point","coordinates":[-3.968971999999951,5.536580000000072]},"properties":{"id":43486,"nom":"HVA","type":"station eau","district_region":null,"departement_commune":null,"verifie":true,"name":"HVA","source":"Géoportail ANSTAT"}},{"type":"Feature","geometry":{"type":"Point","coordinates":[-3.966205999999943,5.53796600000004]},"properties":{"id":43487,"nom":"HVA","type":"station eau","district_region":null,"departement_commune":null,"verifie":true,"name":"HVA","source":"Géoportail ANSTAT"}},{"type":"Feature","geometry":{"type":"Point","coordinates":[-3.967103999999949,5.538005000000055]},"properties":{"id":43488,"nom":"HVA","type":"station eau","district_region":null,"departement_commune":null,"verifie":true,"name":"HVA","source":"Géoportail ANSTAT"}},{"type":"Feature","geometry":{"type":"Point","coordinates":[-3.96667999999994,5.540284000000042]},"properties":{"id":43489,"nom":"HVA","type":"station eau","district_region":null,"departement_commune":null,"verifie":true,"name":"HVA","source":"Géoportail ANSTAT"}},{"type":"Feature","geometry":{"type":"Point","coordinates":[-3.946536999999978,5.498776000000021]},"properties":{"id":43490,"nom":"HVA","type":"station eau","district_region":null,"departement_commune":null,"verifie":true,"name":"HVA","source":"Géoportail ANSTAT"}},{"type":"Feature","geometry":{"type":"Point","coordinates":[-3.947896999999955,5.496225000000038]},"properties":{"id":43491,"nom":"HVA","type":"station eau","district_region":null,"departement_commune":null,"verifie":true,"name":"HVA","source":"Géoportail ANSTAT"}},{"type":"Feature","geometry":{"type":"Point","coordinates":[-3.945136999999932,5.497340000000065]},"properties":{"id":43492,"nom":"HVA","type":"station eau","district_region":null,"departement_commune":null,"verifie":true,"name":"HVA","source":"Géoportail ANSTAT"}},{"type":"Feature","geometry":{"type":"Point","coordinates":[-3.918861999999933,5.456995000000063]},"properties":{"id":43493,"nom":"HVA DE BEBAKOI","type":"station eau","district_region":null,"departement_commune":null,"verifie":true,"name":"HVA DE BEBAKOI","source":"Géoportail ANSTAT"}},{"type":"Feature","geometry":{"type":"Point","coordinates":[-3.92071199999998,5.458848000000046]},"properties":{"id":43494,"nom":"HVA2","type":"station eau","district_region":null,"departement_commune":null,"verifie":true,"name":"HVA2","source":"Géoportail ANSTAT"}},{"type":"Feature","geometry":{"type":"Point","coordinates":[-3.850605999999971,5.480318000000068]},"properties":{"id":43495,"nom":"HVA","type":"station eau","district_region":null,"departement_commune":null,"verifie":true,"name":"HVA","source":"Géoportail ANSTAT"}},{"type":"Feature","geometry":{"type":"Point","coordinates":[-2.86300099999994,7.802937000000043]},"properties":{"id":43496,"nom":"HVA DE KREBIO ADOUMKROM","type":"station eau","district_region":null,"departement_commune":null,"verifie":true,"name":"HVA DE KREBIO ADOUMKROM","source":"Géoportail ANSTAT"}},{"type":"Feature","geometry":{"type":"Point","coordinates":[-2.86322999999993,7.802779000000044]},"properties":{"id":43497,"nom":"HVA DE KREBIO ADOUMKROM","type":"station eau","district_region":null,"departement_commune":null,"verifie":true,"name":"HVA DE KREBIO ADOUMKROM","source":"Géoportail ANSTAT"}},{"type":"Feature","geometry":{"type":"Point","coordinates":[-2.866896999999938,7.78309100000007]},"properties":{"id":43498,"nom":"HVA KREBIO DOMIANBRA","type":"station eau","district_region":null,"departement_commune":null,"verifie":true,"name":"HVA KREBIO DOMIANBRA","source":"Géoportail ANSTAT"}},{"type":"Feature","geometry":{"type":"Point","coordinates":[-2.878038999999944,7.861811000000046]},"properties":{"id":43499,"nom":"HVA KINKUA","type":"station eau","district_region":null,"departement_commune":null,"verifie":true,"name":"HVA KINKUA","source":"Géoportail ANSTAT"}},{"type":"Feature","geometry":{"type":"Point","coordinates":[-2.873487999999952,7.894892000000027]},"properties":{"id":43500,"nom":"HVA PRIVE","type":"station eau","district_region":null,"departement_commune":null,"verifie":true,"name":"HVA PRIVE","source":"Géoportail ANSTAT"}},{"type":"Feature","geometry":{"type":"Point","coordinates":[-3.538675999999953,7.966598000000033]},"properties":{"id":43501,"nom":"HVA DE MADAM","type":"station eau","district_region":null,"departement_commune":null,"verifie":true,"name":"HVA DE MADAM","source":"Géoportail ANSTAT"}},{"type":"Feature","geometry":{"type":"Point","coordinates":[-5.788600999999971,7.376929000000075]},"properties":{"id":43502,"nom":"HYDRAULIQUE VILLAGEOISE AMELIORE","type":"station eau","district_region":null,"departement_commune":null,"verifie":true,"name":"HYDRAULIQUE VILLAGEOISE AMELIORE","source":"Géoportail ANSTAT"}},{"type":"Feature","geometry":{"type":"Point","coordinates":[-2.747048999999947,7.994478000000072]},"properties":{"id":43503,"nom":"HVA","type":"station eau","district_region":null,"departement_commune":null,"verifie":true,"name":"HVA","source":"Géoportail ANSTAT"}},{"type":"Feature","geometry":{"type":"Point","coordinates":[-2.741530999999952,7.991478000000029]},"properties":{"id":43504,"nom":"HVA","type":"station eau","district_region":null,"departement_commune":null,"verifie":true,"name":"HVA","source":"Géoportail ANSTAT"}},{"type":"Feature","geometry":{"type":"Point","coordinates":[-2.743849999999952,7.988806000000068]},"properties":{"id":43505,"nom":"HVA","type":"station eau","district_region":null,"departement_commune":null,"verifie":true,"name":"HVA","source":"Géoportail ANSTAT"}},{"type":"Feature","geometry":{"type":"Point","coordinates":[-3.773927999999955,8.010966000000053]},"properties":{"id":43506,"nom":"HVA","type":"station eau","district_region":null,"departement_commune":null,"verifie":true,"name":"HVA","source":"Géoportail ANSTAT"}},{"type":"Feature","geometry":{"type":"Point","coordinates":[-3.788486999999975,8.011923000000024]},"properties":{"id":43507,"nom":"HVA","type":"station eau","district_region":null,"departement_commune":null,"verifie":true,"name":"HVA","source":"Géoportail ANSTAT"}},{"type":"Feature","geometry":{"type":"Point","coordinates":[-3.788469999999961,8.011924000000022]},"properties":{"id":43508,"nom":"HVA","type":"station eau","district_region":null,"departement_commune":null,"verifie":true,"name":"HVA","source":"Géoportail ANSTAT"}},{"type":"Feature","geometry":{"type":"Point","coordinates":[-3.458117999999956,8.027531000000067]},"properties":{"id":43509,"nom":"HVA DE KOUASSIDOUGOU","type":"station eau","district_region":null,"departement_commune":null,"verifie":true,"name":"HVA DE KOUASSIDOUGOU","source":"Géoportail ANSTAT"}},{"type":"Feature","geometry":{"type":"Point","coordinates":[-2.99917899999997,8.050266000000022]},"properties":{"id":43510,"nom":"HVA DU VILLAGE","type":"station eau","district_region":null,"departement_commune":null,"verifie":true,"name":"HVA DU VILLAGE","source":"Géoportail ANSTAT"}},{"type":"Feature","geometry":{"type":"Point","coordinates":[-2.621008999999958,8.051773000000026]},"properties":{"id":43511,"nom":"HVA DE BOROMBA","type":"station eau","district_region":null,"departement_commune":null,"verifie":true,"name":"HVA DE BOROMBA","source":"Géoportail ANSTAT"}},{"type":"Feature","geometry":{"type":"Point","coordinates":[-2.622526999999934,8.050277000000051]},"properties":{"id":43512,"nom":"HVA DE BOROMBO","type":"station eau","district_region":null,"departement_commune":null,"verifie":true,"name":"HVA DE BOROMBO","source":"Géoportail ANSTAT"}},{"type":"Feature","geometry":{"type":"Point","coordinates":[-5.852780999999936,6.818581000000052]},"properties":{"id":43513,"nom":"HYDRAULIQUE VILLAGEOISE AMELIORE","type":"station eau","district_region":null,"departement_commune":null,"verifie":true,"name":"HYDRAULIQUE VILLAGEOISE AMELIORE","source":"Géoportail ANSTAT"}},{"type":"Feature","geometry":{"type":"Point","coordinates":[-4.823945999999978,5.724774000000025]},"properties":{"id":43514,"nom":"HYDRAULIQUE VILLAGEOISE AMELIORE","type":"station eau","district_region":null,"departement_commune":null,"verifie":true,"name":"HYDRAULIQUE VILLAGEOISE AMELIORE","source":"Géoportail ANSTAT"}},{"type":"Feature","geometry":{"type":"Point","coordinates":[-2.731814999999926,8.083429000000024]},"properties":{"id":43515,"nom":"HVA","type":"station eau","district_region":null,"departement_commune":null,"verifie":true,"name":"HVA","source":"Géoportail ANSTAT"}},{"type":"Feature","geometry":{"type":"Point","coordinates":[-7.571993999999961,8.958451000000025]},"properties":{"id":43516,"nom":"HYDRAULIQUE VILLAGEOISE AMELIORE","type":"station eau","district_region":null,"departement_commune":null,"verifie":true,"name":"HYDRAULIQUE VILLAGEOISE AMELIORE","source":"Géoportail ANSTAT"}},{"type":"Feature","geometry":{"type":"Point","coordinates":[-3.084488999999962,8.09883700000006]},"properties":{"id":43517,"nom":"HVA","type":"station eau","district_region":null,"departement_commune":null,"verifie":true,"name":"HVA","source":"Géoportail ANSTAT"}},{"type":"Feature","geometry":{"type":"Point","coordinates":[-3.647841999999969,8.114954000000068]},"properties":{"id":43518,"nom":"HVA SANGUEHI","type":"station eau","district_region":null,"departement_commune":null,"verifie":true,"name":"HVA SANGUEHI","source":"Géoportail ANSTAT"}},{"type":"Feature","geometry":{"type":"Point","coordinates":[-3.646359999999959,8.115091000000064]},"properties":{"id":43519,"nom":"HVA SANGUEHI","type":"station eau","district_region":null,"departement_commune":null,"verifie":true,"name":"HVA SANGUEHI","source":"Géoportail ANSTAT"}},{"type":"Feature","geometry":{"type":"Point","coordinates":[-7.86976599999997,9.477583000000038]},"properties":{"id":43520,"nom":"HYDRAULIQUE VILLAGEOISE AMELIORE","type":"station eau","district_region":null,"departement_commune":null,"verifie":true,"name":"HYDRAULIQUE VILLAGEOISE AMELIORE","source":"Géoportail ANSTAT"}},{"type":"Feature","geometry":{"type":"Point","coordinates":[-2.878594999999962,8.114464000000055]},"properties":{"id":43521,"nom":"HVA","type":"station eau","district_region":null,"departement_commune":null,"verifie":true,"name":"HVA","source":"Géoportail ANSTAT"}},{"type":"Feature","geometry":{"type":"Point","coordinates":[-3.645127999999943,8.118706000000032]},"properties":{"id":43522,"nom":"HVA TALAHINI SOKOURA","type":"station eau","district_region":null,"departement_commune":null,"verifie":true,"name":"HVA TALAHINI SOKOURA","source":"Géoportail ANSTAT"}},{"type":"Feature","geometry":{"type":"Point","coordinates":[-3.677824999999928,8.122135000000071]},"properties":{"id":43523,"nom":"HVA","type":"station eau","district_region":null,"departement_commune":null,"verifie":true,"name":"HVA","source":"Géoportail ANSTAT"}},{"type":"Feature","geometry":{"type":"Point","coordinates":[-3.681320999999969,8.118280000000027]},"properties":{"id":43524,"nom":"HVA","type":"station eau","district_region":null,"departement_commune":null,"verifie":true,"name":"HVA","source":"Géoportail ANSTAT"}},{"type":"Feature","geometry":{"type":"Point","coordinates":[-3.684022999999968,8.118485000000021]},"properties":{"id":43525,"nom":"HVA","type":"station eau","district_region":null,"departement_commune":null,"verifie":true,"name":"HVA","source":"Géoportail ANSTAT"}},{"type":"Feature","geometry":{"type":"Point","coordinates":[-3.684607999999969,8.119282000000055]},"properties":{"id":43526,"nom":"HVA","type":"station eau","district_region":null,"departement_commune":null,"verifie":true,"name":"HVA","source":"Géoportail ANSTAT"}},{"type":"Feature","geometry":{"type":"Point","coordinates":[-3.685855999999944,8.117457000000059]},"properties":{"id":43527,"nom":"HVA","type":"station eau","district_region":null,"departement_commune":null,"verifie":true,"name":"HVA","source":"Géoportail ANSTAT"}},{"type":"Feature","geometry":{"type":"Point","coordinates":[-3.20096499999994,8.220600000000047]},"properties":{"id":43528,"nom":"HVA","type":"station eau","district_region":null,"departement_commune":null,"verifie":true,"name":"HVA","source":"Géoportail ANSTAT"}},{"type":"Feature","geometry":{"type":"Point","coordinates":[-2.950226999999927,8.211044000000072]},"properties":{"id":43529,"nom":"HVA","type":"station eau","district_region":null,"departement_commune":null,"verifie":true,"name":"HVA","source":"Géoportail ANSTAT"}},{"type":"Feature","geometry":{"type":"Point","coordinates":[-2.949661999999933,8.208403000000033]},"properties":{"id":43530,"nom":"HVA","type":"station eau","district_region":null,"departement_commune":null,"verifie":true,"name":"HVA","source":"Géoportail ANSTAT"}},{"type":"Feature","geometry":{"type":"Point","coordinates":[-2.950316999999927,8.206435000000056]},"properties":{"id":43531,"nom":"HVA","type":"station eau","district_region":null,"departement_commune":null,"verifie":true,"name":"HVA","source":"Géoportail ANSTAT"}},{"type":"Feature","geometry":{"type":"Point","coordinates":[-2.571669999999926,8.234283000000062]},"properties":{"id":43532,"nom":"HVA PRIVEE","type":"station eau","district_region":null,"departement_commune":null,"verifie":true,"name":"HVA PRIVEE","source":"Géoportail ANSTAT"}},{"type":"Feature","geometry":{"type":"Point","coordinates":[-2.690946999999937,8.240245000000073]},"properties":{"id":43533,"nom":"HVA","type":"station eau","district_region":null,"departement_commune":null,"verifie":true,"name":"HVA","source":"Géoportail ANSTAT"}},{"type":"Feature","geometry":{"type":"Point","coordinates":[-3.125520999999935,8.248984000000064]},"properties":{"id":43534,"nom":"HVA DE LEDI","type":"station eau","district_region":null,"departement_commune":null,"verifie":true,"name":"HVA DE LEDI","source":"Géoportail ANSTAT"}},{"type":"Feature","geometry":{"type":"Point","coordinates":[-3.036591999999928,8.253015000000062]},"properties":{"id":43535,"nom":"HVA","type":"station eau","district_region":null,"departement_commune":null,"verifie":true,"name":"HVA","source":"Géoportail ANSTAT"}},{"type":"Feature","geometry":{"type":"Point","coordinates":[-8.323435999999958,6.803586000000053]},"properties":{"id":43536,"nom":"HYDRAULIQUE VILLAGEOISE AMELIORE","type":"station eau","district_region":null,"departement_commune":null,"verifie":true,"name":"HYDRAULIQUE VILLAGEOISE AMELIORE","source":"Géoportail ANSTAT"}},{"type":"Feature","geometry":{"type":"Point","coordinates":[-3.071223999999972,8.28605600000003]},"properties":{"id":43537,"nom":"HVA","type":"station eau","district_region":null,"departement_commune":null,"verifie":true,"name":"HVA","source":"Géoportail ANSTAT"}},{"type":"Feature","geometry":{"type":"Point","coordinates":[-3.112799999999936,8.304339000000027]},"properties":{"id":43538,"nom":"HVA","type":"station eau","district_region":null,"departement_commune":null,"verifie":true,"name":"HVA","source":"Géoportail ANSTAT"}},{"type":"Feature","geometry":{"type":"Point","coordinates":[-3.114827999999932,8.301862000000028]},"properties":{"id":43539,"nom":"HVA","type":"station eau","district_region":null,"departement_commune":null,"verifie":true,"name":"HVA","source":"Géoportail ANSTAT"}},{"type":"Feature","geometry":{"type":"Point","coordinates":[-3.923655999999937,8.299804000000051]},"properties":{"id":43540,"nom":"HVA","type":"station eau","district_region":null,"departement_commune":null,"verifie":true,"name":"HVA","source":"Géoportail ANSTAT"}},{"type":"Feature","geometry":{"type":"Point","coordinates":[-2.72594399999997,8.303994000000046]},"properties":{"id":43541,"nom":"HVA","type":"station eau","district_region":null,"departement_commune":null,"verifie":true,"name":"HVA","source":"Géoportail ANSTAT"}},{"type":"Feature","geometry":{"type":"Point","coordinates":[-2.961788999999953,8.427287000000035]},"properties":{"id":43542,"nom":"HVA","type":"station eau","district_region":null,"departement_commune":null,"verifie":true,"name":"HVA","source":"Géoportail ANSTAT"}},{"type":"Feature","geometry":{"type":"Point","coordinates":[-2.900383999999974,8.485435000000052]},"properties":{"id":43543,"nom":"HVA","type":"station eau","district_region":null,"departement_commune":null,"verifie":true,"name":"HVA","source":"Géoportail ANSTAT"}},{"type":"Feature","geometry":{"type":"Point","coordinates":[-2.690072999999927,8.405391000000066]},"properties":{"id":43544,"nom":"HVA DE POUGOUBE","type":"station eau","district_region":null,"departement_commune":null,"verifie":true,"name":"HVA DE POUGOUBE","source":"Géoportail ANSTAT"}},{"type":"Feature","geometry":{"type":"Point","coordinates":[-2.939408999999955,8.48743200000007]},"properties":{"id":43545,"nom":"HVA","type":"station eau","district_region":null,"departement_commune":null,"verifie":true,"name":"HVA","source":"Géoportail ANSTAT"}},{"type":"Feature","geometry":{"type":"Point","coordinates":[-2.606791999999928,8.523392000000058]},"properties":{"id":43546,"nom":"HVA DE KOHODIO","type":"station eau","district_region":null,"departement_commune":null,"verifie":true,"name":"HVA DE KOHODIO","source":"Géoportail ANSTAT"}},{"type":"Feature","geometry":{"type":"Point","coordinates":[-2.607146999999941,8.52233700000005]},"properties":{"id":43547,"nom":"HVA DE KOHODIO","type":"station eau","district_region":null,"departement_commune":null,"verifie":true,"name":"HVA DE KOHODIO","source":"Géoportail ANSTAT"}},{"type":"Feature","geometry":{"type":"Point","coordinates":[-8.282744999999977,6.977152000000046]},"properties":{"id":43548,"nom":"HYDRAULIQUE VILLAGEOISE AMELIORE","type":"station eau","district_region":null,"departement_commune":null,"verifie":true,"name":"HYDRAULIQUE VILLAGEOISE AMELIORE","source":"Géoportail ANSTAT"}},{"type":"Feature","geometry":{"type":"Point","coordinates":[-2.70411699999994,8.594445000000064]},"properties":{"id":43549,"nom":"HVA DE BANDOLE","type":"station eau","district_region":null,"departement_commune":null,"verifie":true,"name":"HVA DE BANDOLE","source":"Géoportail ANSTAT"}},{"type":"Feature","geometry":{"type":"Point","coordinates":[-3.584029999999927,7.953691000000049]},"properties":{"id":43550,"nom":"HVA DE LA MOSQUEE","type":"station eau","district_region":null,"departement_commune":null,"verifie":true,"name":"HVA DE LA MOSQUEE","source":"Géoportail ANSTAT"}},{"type":"Feature","geometry":{"type":"Point","coordinates":[-3.002493999999956,8.158198000000027]},"properties":{"id":43551,"nom":"HVA","type":"station eau","district_region":null,"departement_commune":null,"verifie":true,"name":"HVA","source":"Géoportail ANSTAT"}},{"type":"Feature","geometry":{"type":"Point","coordinates":[-3.002016999999967,8.15662100000003]},"properties":{"id":43552,"nom":"HVA","type":"station eau","district_region":null,"departement_commune":null,"verifie":true,"name":"HVA","source":"Géoportail ANSTAT"}},{"type":"Feature","geometry":{"type":"Point","coordinates":[-3.002504999999928,8.158205000000066]},"properties":{"id":43553,"nom":"HVA","type":"station eau","district_region":null,"departement_commune":null,"verifie":true,"name":"HVA","source":"Géoportail ANSTAT"}},{"type":"Feature","geometry":{"type":"Point","coordinates":[-2.999405999999965,8.155459000000064]},"properties":{"id":43554,"nom":"HVA DU MARCHE","type":"station eau","district_region":null,"departement_commune":null,"verifie":true,"name":"HVA DU MARCHE","source":"Géoportail ANSTAT"}},{"type":"Feature","geometry":{"type":"Point","coordinates":[-4.232693999999981,7.704612000000054]},"properties":{"id":43555,"nom":"HYDRAULIQUE VILLAGEOISE AMELIORE","type":"station eau","district_region":null,"departement_commune":null,"verifie":true,"name":"HYDRAULIQUE VILLAGEOISE AMELIORE","source":"Géoportail ANSTAT"}},{"type":"Feature","geometry":{"type":"Point","coordinates":[-4.074127999999973,7.314342000000067]},"properties":{"id":43556,"nom":"HYDRAULIQUE VILLAGEOISE AMELIORE","type":"station eau","district_region":null,"departement_commune":null,"verifie":true,"name":"HYDRAULIQUE VILLAGEOISE AMELIORE","source":"Géoportail ANSTAT"}},{"type":"Feature","geometry":{"type":"Point","coordinates":[-4.07396099999994,7.316055000000063]},"properties":{"id":43557,"nom":"HYDRAULIQUE VILLAGEOISE AMELIORE","type":"station eau","district_region":null,"departement_commune":null,"verifie":true,"name":"HYDRAULIQUE VILLAGEOISE AMELIORE","source":"Géoportail ANSTAT"}},{"type":"Feature","geometry":{"type":"Point","coordinates":[-5.606723999999929,7.58520900000002]},"properties":{"id":43559,"nom":"HYDRAULIQUE VILLAGEOISE AMELIORE DE BOSSI","type":"station eau","district_region":null,"departement_commune":null,"verifie":true,"name":"HYDRAULIQUE VILLAGEOISE AMELIORE DE BOSSI","source":"Géoportail ANSTAT"}},{"type":"Feature","geometry":{"type":"Point","coordinates":[-3.416602999999952,5.291530000000023]},"properties":{"id":43560,"nom":"HYDRAULIQUE VILLAGEOISE AMELIORE DE DIOULAKRO","type":"station eau","district_region":null,"departement_commune":null,"verifie":true,"name":"HYDRAULIQUE VILLAGEOISE AMELIORE DE DIOULAKRO","source":"Géoportail ANSTAT"}},{"type":"Feature","geometry":{"type":"Point","coordinates":[-5.609100999999953,7.589229000000046]},"properties":{"id":43561,"nom":"HYDRAULIQUE VILLAGEOISE AMELIORE DE ZENDE","type":"station eau","district_region":null,"departement_commune":null,"verifie":true,"name":"HYDRAULIQUE VILLAGEOISE AMELIORE DE ZENDE","source":"Géoportail ANSTAT"}},{"type":"Feature","geometry":{"type":"Point","coordinates":[-3.066187999999954,7.217993000000035]},"properties":{"id":43562,"nom":"HVA DU FOYER","type":"station eau","district_region":null,"departement_commune":null,"verifie":true,"name":"HVA DU FOYER","source":"Géoportail ANSTAT"}},{"type":"Feature","geometry":{"type":"Point","coordinates":[-3.064466999999979,7.21990100000005]},"properties":{"id":43563,"nom":"HVA PUISSAGE","type":"station eau","district_region":null,"departement_commune":null,"verifie":true,"name":"HVA PUISSAGE","source":"Géoportail ANSTAT"}},{"type":"Feature","geometry":{"type":"Point","coordinates":[-5.218519999999955,7.029332000000068]},"properties":{"id":43564,"nom":"HYDRAULIQUE VILLAGEOISE AMELIOREE","type":"station eau","district_region":null,"departement_commune":null,"verifie":true,"name":"HYDRAULIQUE VILLAGEOISE AMELIOREE","source":"Géoportail ANSTAT"}},{"type":"Feature","geometry":{"type":"Point","coordinates":[-3.217724999999973,7.298200000000065]},"properties":{"id":43565,"nom":"HVA","type":"station eau","district_region":null,"departement_commune":null,"verifie":true,"name":"HVA","source":"Géoportail ANSTAT"}},{"type":"Feature","geometry":{"type":"Point","coordinates":[-3.219181999999932,7.297978000000057]},"properties":{"id":43566,"nom":"HVA","type":"station eau","district_region":null,"departement_commune":null,"verifie":true,"name":"HVA","source":"Géoportail ANSTAT"}},{"type":"Feature","geometry":{"type":"Point","coordinates":[-5.18931699999996,9.614496000000033]},"properties":{"id":43567,"nom":"HYDRAULIQUE VILLAGEOISE AMELIOREE","type":"station eau","district_region":null,"departement_commune":null,"verifie":true,"name":"HYDRAULIQUE VILLAGEOISE AMELIOREE","source":"Géoportail ANSTAT"}},{"type":"Feature","geometry":{"type":"Point","coordinates":[-3.358769999999936,7.349329000000068]},"properties":{"id":43568,"nom":"HVA","type":"station eau","district_region":null,"departement_commune":null,"verifie":true,"name":"HVA","source":"Géoportail ANSTAT"}},{"type":"Feature","geometry":{"type":"Point","coordinates":[-3.372050999999942,7.367267000000027]},"properties":{"id":43569,"nom":"HVA","type":"station eau","district_region":null,"departement_commune":null,"verifie":true,"name":"HVA","source":"Géoportail ANSTAT"}},{"type":"Feature","geometry":{"type":"Point","coordinates":[-3.37444899999997,7.363563000000056]},"properties":{"id":43570,"nom":"HVA","type":"station eau","district_region":null,"departement_commune":null,"verifie":true,"name":"HVA","source":"Géoportail ANSTAT"}},{"type":"Feature","geometry":{"type":"Point","coordinates":[-2.972625999999934,7.374469000000033]},"properties":{"id":43571,"nom":"HVA","type":"station eau","district_region":null,"departement_commune":null,"verifie":true,"name":"HVA","source":"Géoportail ANSTAT"}},{"type":"Feature","geometry":{"type":"Point","coordinates":[-3.063287999999943,7.408344000000056]},"properties":{"id":43573,"nom":"HVA DE ARROSUA","type":"station eau","district_region":null,"departement_commune":null,"verifie":true,"name":"HVA DE ARROSUA","source":"Géoportail ANSTAT"}},{"type":"Feature","geometry":{"type":"Point","coordinates":[-2.996240999999941,7.412897000000044]},"properties":{"id":43574,"nom":"HVA","type":"station eau","district_region":null,"departement_commune":null,"verifie":true,"name":"HVA","source":"Géoportail ANSTAT"}},{"type":"Feature","geometry":{"type":"Point","coordinates":[-2.998749999999973,7.414189000000022]},"properties":{"id":43575,"nom":"HVA","type":"station eau","district_region":null,"departement_commune":null,"verifie":true,"name":"HVA","source":"Géoportail ANSTAT"}},{"type":"Feature","geometry":{"type":"Point","coordinates":[-2.997383999999954,7.415229000000068]},"properties":{"id":43576,"nom":"HVA 2","type":"station eau","district_region":null,"departement_commune":null,"verifie":true,"name":"HVA 2","source":"Géoportail ANSTAT"}},{"type":"Feature","geometry":{"type":"Point","coordinates":[-5.313420999999948,10.18654300000003]},"properties":{"id":43577,"nom":"HYDRAULIQUE VILLAGEOISE AMELIOREE","type":"station eau","district_region":null,"departement_commune":null,"verifie":true,"name":"HYDRAULIQUE VILLAGEOISE AMELIOREE","source":"Géoportail ANSTAT"}},{"type":"Feature","geometry":{"type":"Point","coordinates":[-5.313372999999956,10.18653300000005]},"properties":{"id":43578,"nom":"HYDRAULIQUE VILLAGEOISE AMELIOREE","type":"station eau","district_region":null,"departement_commune":null,"verifie":true,"name":"HYDRAULIQUE VILLAGEOISE AMELIOREE","source":"Géoportail ANSTAT"}},{"type":"Feature","geometry":{"type":"Point","coordinates":[-3.232340999999963,7.551892000000066]},"properties":{"id":43579,"nom":"HVA","type":"station eau","district_region":null,"departement_commune":null,"verifie":true,"name":"HVA","source":"Géoportail ANSTAT"}},{"type":"Feature","geometry":{"type":"Point","coordinates":[-3.230943999999965,7.551854000000048]},"properties":{"id":43580,"nom":"HVA 2","type":"station eau","district_region":null,"departement_commune":null,"verifie":true,"name":"HVA 2","source":"Géoportail ANSTAT"}},{"type":"Feature","geometry":{"type":"Point","coordinates":[-2.989914999999939,7.555658000000051]},"properties":{"id":43581,"nom":"HVA8","type":"station eau","district_region":null,"departement_commune":null,"verifie":true,"name":"HVA8","source":"Géoportail ANSTAT"}},{"type":"Feature","geometry":{"type":"Point","coordinates":[-3.513806999999929,7.567190000000039]},"properties":{"id":43582,"nom":"HVA","type":"station eau","district_region":null,"departement_commune":null,"verifie":true,"name":"HVA","source":"Géoportail ANSTAT"}},{"type":"Feature","geometry":{"type":"Point","coordinates":[-3.499560999999972,7.590448000000038]},"properties":{"id":43583,"nom":"HVA","type":"station eau","district_region":null,"departement_commune":null,"verifie":true,"name":"HVA","source":"Géoportail ANSTAT"}},{"type":"Feature","geometry":{"type":"Point","coordinates":[-3.516001999999958,7.595150000000046]},"properties":{"id":43584,"nom":"HVA","type":"station eau","district_region":null,"departement_commune":null,"verifie":true,"name":"HVA","source":"Géoportail ANSTAT"}},{"type":"Feature","geometry":{"type":"Point","coordinates":[-3.514710999999977,7.595334000000037]},"properties":{"id":43585,"nom":"HVA","type":"station eau","district_region":null,"departement_commune":null,"verifie":true,"name":"HVA","source":"Géoportail ANSTAT"}},{"type":"Feature","geometry":{"type":"Point","coordinates":[-3.513552999999945,7.594502000000034]},"properties":{"id":43586,"nom":"HVA","type":"station eau","district_region":null,"departement_commune":null,"verifie":true,"name":"HVA","source":"Géoportail ANSTAT"}},{"type":"Feature","geometry":{"type":"Point","coordinates":[-5.197572999999977,10.26168100000007]},"properties":{"id":43587,"nom":"HYDRAULIQUE VILLAGEOISE AMELIOREE","type":"station eau","district_region":null,"departement_commune":null,"verifie":true,"name":"HYDRAULIQUE VILLAGEOISE AMELIOREE","source":"Géoportail ANSTAT"}},{"type":"Feature","geometry":{"type":"Point","coordinates":[-6.371506999999951,5.027219000000059]},"properties":{"id":43588,"nom":"HYDRAULIQUE VILLAGEOISE AMELIOREE","type":"station eau","district_region":null,"departement_commune":null,"verifie":true,"name":"HYDRAULIQUE VILLAGEOISE AMELIOREE","source":"Géoportail ANSTAT"}},{"type":"Feature","geometry":{"type":"Point","coordinates":[-6.373131999999941,5.022658000000035]},"properties":{"id":43589,"nom":"HYDRAULIQUE VILLAGEOISE AMELIOREE","type":"station eau","district_region":null,"departement_commune":null,"verifie":true,"name":"HYDRAULIQUE VILLAGEOISE AMELIOREE","source":"Géoportail ANSTAT"}},{"type":"Feature","geometry":{"type":"Point","coordinates":[-6.371788999999978,5.025092000000029]},"properties":{"id":43590,"nom":"HYDRAULIQUE VILLAGEOISE AMELIOREE","type":"station eau","district_region":null,"departement_commune":null,"verifie":true,"name":"HYDRAULIQUE VILLAGEOISE AMELIOREE","source":"Géoportail ANSTAT"}},{"type":"Feature","geometry":{"type":"Point","coordinates":[-2.996077999999954,7.711453000000063]},"properties":{"id":43591,"nom":"HVA HIANGO","type":"station eau","district_region":null,"departement_commune":null,"verifie":true,"name":"HVA HIANGO","source":"Géoportail ANSTAT"}},{"type":"Feature","geometry":{"type":"Point","coordinates":[-7.067718999999954,4.74261400000006]},"properties":{"id":43592,"nom":"HYDRAULIQUE VILLAGEOISE AMELIOREE","type":"station eau","district_region":null,"departement_commune":null,"verifie":true,"name":"HYDRAULIQUE VILLAGEOISE AMELIOREE","source":"Géoportail ANSTAT"}},{"type":"Feature","geometry":{"type":"Point","coordinates":[-3.366986999999938,7.709887000000037]},"properties":{"id":43593,"nom":"HVA DU VILLAGE","type":"station eau","district_region":null,"departement_commune":null,"verifie":true,"name":"HVA DU VILLAGE","source":"Géoportail ANSTAT"}},{"type":"Feature","geometry":{"type":"Point","coordinates":[-7.066038999999932,4.743842000000029]},"properties":{"id":43594,"nom":"HYDRAULIQUE VILLAGEOISE AMELIOREE","type":"station eau","district_region":null,"departement_commune":null,"verifie":true,"name":"HYDRAULIQUE VILLAGEOISE AMELIOREE","source":"Géoportail ANSTAT"}},{"type":"Feature","geometry":{"type":"Point","coordinates":[-3.008877999999925,7.763202000000035]},"properties":{"id":43595,"nom":"HVA D ADANDIA","type":"station eau","district_region":null,"departement_commune":null,"verifie":true,"name":"HVA D ADANDIA","source":"Géoportail ANSTAT"}},{"type":"Feature","geometry":{"type":"Point","coordinates":[-2.964663999999971,7.772544000000039]},"properties":{"id":43597,"nom":"HVA DE KEKRENI","type":"station eau","district_region":null,"departement_commune":null,"verifie":true,"name":"HVA DE KEKRENI","source":"Géoportail ANSTAT"}},{"type":"Feature","geometry":{"type":"Point","coordinates":[-2.964690999999959,7.770960000000059]},"properties":{"id":43598,"nom":"HVA DE KEKRENI","type":"station eau","district_region":null,"departement_commune":null,"verifie":true,"name":"HVA DE KEKRENI","source":"Géoportail ANSTAT"}},{"type":"Feature","geometry":{"type":"Point","coordinates":[-2.963045999999963,7.771526000000051]},"properties":{"id":43599,"nom":"HVA DE KEKRENI","type":"station eau","district_region":null,"departement_commune":null,"verifie":true,"name":"HVA DE KEKRENI","source":"Géoportail ANSTAT"}},{"type":"Feature","geometry":{"type":"Point","coordinates":[-2.964040999999952,7.772126000000071]},"properties":{"id":43600,"nom":"HVA DE KEKRENI","type":"station eau","district_region":null,"departement_commune":null,"verifie":true,"name":"HVA DE KEKRENI","source":"Géoportail ANSTAT"}},{"type":"Feature","geometry":{"type":"Point","coordinates":[-2.963025999999957,7.771547000000055]},"properties":{"id":43601,"nom":"HVA DE KEKRENI","type":"station eau","district_region":null,"departement_commune":null,"verifie":true,"name":"HVA DE KEKRENI","source":"Géoportail ANSTAT"}},{"type":"Feature","geometry":{"type":"Point","coordinates":[-3.110281999999927,7.809205000000077]},"properties":{"id":43602,"nom":"HVA DE BAKOUTIA","type":"station eau","district_region":null,"departement_commune":null,"verifie":true,"name":"HVA DE BAKOUTIA","source":"Géoportail ANSTAT"}},{"type":"Feature","geometry":{"type":"Point","coordinates":[-3.113900999999942,7.822979000000032]},"properties":{"id":43603,"nom":"HVA","type":"station eau","district_region":null,"departement_commune":null,"verifie":true,"name":"HVA","source":"Géoportail ANSTAT"}},{"type":"Feature","geometry":{"type":"Point","coordinates":[-3.217371999999955,7.832964000000061]},"properties":{"id":43604,"nom":"HVA","type":"station eau","district_region":null,"departement_commune":null,"verifie":true,"name":"HVA","source":"Géoportail ANSTAT"}},{"type":"Feature","geometry":{"type":"Point","coordinates":[-3.217881999999975,7.833895000000041]},"properties":{"id":43605,"nom":"HVA","type":"station eau","district_region":null,"departement_commune":null,"verifie":true,"name":"HVA","source":"Géoportail ANSTAT"}},{"type":"Feature","geometry":{"type":"Point","coordinates":[-7.066814999999963,4.742730000000051]},"properties":{"id":43606,"nom":"HYDRAULIQUE VILLAGEOISE AMELIOREE","type":"station eau","district_region":null,"departement_commune":null,"verifie":true,"name":"HYDRAULIQUE VILLAGEOISE AMELIOREE","source":"Géoportail ANSTAT"}},{"type":"Feature","geometry":{"type":"Point","coordinates":[-2.933820999999966,7.860433000000057]},"properties":{"id":43607,"nom":"HVA DE KARABEGNE","type":"station eau","district_region":null,"departement_commune":null,"verifie":true,"name":"HVA DE KARABEGNE","source":"Géoportail ANSTAT"}},{"type":"Feature","geometry":{"type":"Point","coordinates":[-3.127450999999951,7.860417000000041]},"properties":{"id":43608,"nom":"HVA MOSQUEE TEKO","type":"station eau","district_region":null,"departement_commune":null,"verifie":true,"name":"HVA MOSQUEE TEKO","source":"Géoportail ANSTAT"}},{"type":"Feature","geometry":{"type":"Point","coordinates":[-3.173767999999939,7.873442000000068]},"properties":{"id":43609,"nom":"HVA DE SEPE","type":"station eau","district_region":null,"departement_commune":null,"verifie":true,"name":"HVA DE SEPE","source":"Géoportail ANSTAT"}},{"type":"Feature","geometry":{"type":"Point","coordinates":[-3.17377399999998,7.873466000000064]},"properties":{"id":43610,"nom":"HVA DE SEPE","type":"station eau","district_region":null,"departement_commune":null,"verifie":true,"name":"HVA DE SEPE","source":"Géoportail ANSTAT"}},{"type":"Feature","geometry":{"type":"Point","coordinates":[-3.147960999999952,7.87986600000005]},"properties":{"id":43611,"nom":"HVA DE SOKOUADOU","type":"station eau","district_region":null,"departement_commune":null,"verifie":true,"name":"HVA DE SOKOUADOU","source":"Géoportail ANSTAT"}},{"type":"Feature","geometry":{"type":"Point","coordinates":[-3.144839999999931,7.879416000000049]},"properties":{"id":43612,"nom":"HVA DE SOKOUADOU","type":"station eau","district_region":null,"departement_commune":null,"verifie":true,"name":"HVA DE SOKOUADOU","source":"Géoportail ANSTAT"}},{"type":"Feature","geometry":{"type":"Point","coordinates":[-3.072591999999929,7.922589000000073]},"properties":{"id":43613,"nom":"HVA DE KIETAN","type":"station eau","district_region":null,"departement_commune":null,"verifie":true,"name":"HVA DE KIETAN","source":"Géoportail ANSTAT"}},{"type":"Feature","geometry":{"type":"Point","coordinates":[-7.067477999999937,4.741765000000044]},"properties":{"id":43614,"nom":"HYDRAULIQUE VILLAGEOISE AMELIOREE","type":"station eau","district_region":null,"departement_commune":null,"verifie":true,"name":"HYDRAULIQUE VILLAGEOISE AMELIOREE","source":"Géoportail ANSTAT"}},{"type":"Feature","geometry":{"type":"Point","coordinates":[-2.984384999999975,7.647085000000061]},"properties":{"id":43615,"nom":"HVA DE ABOKRO","type":"station eau","district_region":null,"departement_commune":null,"verifie":true,"name":"HVA DE ABOKRO","source":"Géoportail ANSTAT"}},{"type":"Feature","geometry":{"type":"Point","coordinates":[-3.029430999999931,7.718368000000055]},"properties":{"id":43616,"nom":"HVA DE BOUAKRO","type":"station eau","district_region":null,"departement_commune":null,"verifie":true,"name":"HVA DE BOUAKRO","source":"Géoportail ANSTAT"}},{"type":"Feature","geometry":{"type":"Point","coordinates":[-7.068365999999969,4.741655000000037]},"properties":{"id":43617,"nom":"HYDRAULIQUE VILLAGEOISE AMELIOREE","type":"station eau","district_region":null,"departement_commune":null,"verifie":true,"name":"HYDRAULIQUE VILLAGEOISE AMELIOREE","source":"Géoportail ANSTAT"}},{"type":"Feature","geometry":{"type":"Point","coordinates":[-5.821882999999957,9.90543400000007]},"properties":{"id":43618,"nom":"HYDRAULIQUE VILLAGEOISE AMELIOREE","type":"station eau","district_region":null,"departement_commune":null,"verifie":true,"name":"HYDRAULIQUE VILLAGEOISE AMELIOREE","source":"Géoportail ANSTAT"}},{"type":"Feature","geometry":{"type":"Point","coordinates":[-2.952101999999968,7.841277000000048]},"properties":{"id":43619,"nom":"HVA DE ABOKOUAKOU","type":"station eau","district_region":null,"departement_commune":null,"verifie":true,"name":"HVA DE ABOKOUAKOU","source":"Géoportail ANSTAT"}},{"type":"Feature","geometry":{"type":"Point","coordinates":[-5.903085999999973,9.960354000000052]},"properties":{"id":43620,"nom":"HYDRAULIQUE VILLAGEOISE AMELIOREE","type":"station eau","district_region":null,"departement_commune":null,"verifie":true,"name":"HYDRAULIQUE VILLAGEOISE AMELIOREE","source":"Géoportail ANSTAT"}},{"type":"Feature","geometry":{"type":"Point","coordinates":[-5.605494999999962,9.447929000000045]},"properties":{"id":43621,"nom":"HYDRAULIQUE VILLAGEOISE AMELIOREE","type":"station eau","district_region":null,"departement_commune":null,"verifie":true,"name":"HYDRAULIQUE VILLAGEOISE AMELIOREE","source":"Géoportail ANSTAT"}},{"type":"Feature","geometry":{"type":"Point","coordinates":[-6.911254999999926,8.169195000000059]},"properties":{"id":43622,"nom":"HVA DE LOHOU","type":"station eau","district_region":null,"departement_commune":null,"verifie":true,"name":"HVA DE LOHOU","source":"Géoportail ANSTAT"}},{"type":"Feature","geometry":{"type":"Point","coordinates":[-5.470246999999972,9.556761000000051]},"properties":{"id":43623,"nom":"HYDRAULIQUE VILLAGEOISE AMELIOREE","type":"station eau","district_region":null,"departement_commune":null,"verifie":true,"name":"HYDRAULIQUE VILLAGEOISE AMELIOREE","source":"Géoportail ANSTAT"}},{"type":"Feature","geometry":{"type":"Point","coordinates":[-6.961815999999942,8.05432200000007]},"properties":{"id":43624,"nom":"HVA","type":"station eau","district_region":null,"departement_commune":null,"verifie":true,"name":"HVA","source":"Géoportail ANSTAT"}},{"type":"Feature","geometry":{"type":"Point","coordinates":[-6.969833999999935,7.936876000000041]},"properties":{"id":43625,"nom":"HVA","type":"station eau","district_region":null,"departement_commune":null,"verifie":true,"name":"HVA","source":"Géoportail ANSTAT"}},{"type":"Feature","geometry":{"type":"Point","coordinates":[-6.979374999999948,8.030513000000042]},"properties":{"id":43626,"nom":"HVA","type":"station eau","district_region":null,"departement_commune":null,"verifie":true,"name":"HVA","source":"Géoportail ANSTAT"}},{"type":"Feature","geometry":{"type":"Point","coordinates":[-6.80035399999997,8.00294800000006]},"properties":{"id":43627,"nom":"HVA DON CIDT","type":"station eau","district_region":null,"departement_commune":null,"verifie":true,"name":"HVA DON CIDT","source":"Géoportail ANSTAT"}},{"type":"Feature","geometry":{"type":"Point","coordinates":[-6.623952999999972,8.13371600000005]},"properties":{"id":43628,"nom":"HVA DE FORONA","type":"station eau","district_region":null,"departement_commune":null,"verifie":true,"name":"HVA DE FORONA","source":"Géoportail ANSTAT"}},{"type":"Feature","geometry":{"type":"Point","coordinates":[-6.632789999999943,8.08754700000003]},"properties":{"id":43629,"nom":"HVA DE OUSSOUGOULA","type":"station eau","district_region":null,"departement_commune":null,"verifie":true,"name":"HVA DE OUSSOUGOULA","source":"Géoportail ANSTAT"}},{"type":"Feature","geometry":{"type":"Point","coordinates":[-6.612001999999961,8.597781000000055]},"properties":{"id":43633,"nom":"HVA DU VILLAGE","type":"station eau","district_region":null,"departement_commune":null,"verifie":true,"name":"HVA DU VILLAGE","source":"Géoportail ANSTAT"}},{"type":"Feature","geometry":{"type":"Point","coordinates":[-6.615349999999978,8.66477800000007]},"properties":{"id":43634,"nom":"HVA DU QUARTIER","type":"station eau","district_region":null,"departement_commune":null,"verifie":true,"name":"HVA DU QUARTIER","source":"Géoportail ANSTAT"}},{"type":"Feature","geometry":{"type":"Point","coordinates":[-6.615097999999932,8.665947000000074]},"properties":{"id":43635,"nom":"HVA DU QUARTIER","type":"station eau","district_region":null,"departement_commune":null,"verifie":true,"name":"HVA DU QUARTIER","source":"Géoportail ANSTAT"}},{"type":"Feature","geometry":{"type":"Point","coordinates":[-6.616487999999947,8.665954000000056]},"properties":{"id":43636,"nom":"HVA DU QUARTIER","type":"station eau","district_region":null,"departement_commune":null,"verifie":true,"name":"HVA DU QUARTIER","source":"Géoportail ANSTAT"}},{"type":"Feature","geometry":{"type":"Point","coordinates":[-7.033581999999967,8.729154000000051]},"properties":{"id":43637,"nom":"HVA DE KOUMBARA","type":"station eau","district_region":null,"departement_commune":null,"verifie":true,"name":"HVA DE KOUMBARA","source":"Géoportail ANSTAT"}},{"type":"Feature","geometry":{"type":"Point","coordinates":[-7.001618999999948,8.76958600000006]},"properties":{"id":43638,"nom":"HVA","type":"station eau","district_region":null,"departement_commune":null,"verifie":true,"name":"HVA","source":"Géoportail ANSTAT"}},{"type":"Feature","geometry":{"type":"Point","coordinates":[-5.931245999999931,7.706626000000028]},"properties":{"id":43639,"nom":"HVA","type":"station eau","district_region":null,"departement_commune":null,"verifie":true,"name":"HVA","source":"Géoportail ANSTAT"}},{"type":"Feature","geometry":{"type":"Point","coordinates":[-5.928522999999927,7.709905000000049]},"properties":{"id":43640,"nom":"HVA","type":"station eau","district_region":null,"departement_commune":null,"verifie":true,"name":"HVA","source":"Géoportail ANSTAT"}},{"type":"Feature","geometry":{"type":"Point","coordinates":[-4.415503999999942,6.497300000000052]},"properties":{"id":43641,"nom":"HYDRAULIQUE VILLAGEOISE AMELIOREE","type":"station eau","district_region":null,"departement_commune":null,"verifie":true,"name":"HYDRAULIQUE VILLAGEOISE AMELIOREE","source":"Géoportail ANSTAT"}},{"type":"Feature","geometry":{"type":"Point","coordinates":[-5.597383999999977,7.06755000000004]},"properties":{"id":43642,"nom":"HVA","type":"station eau","district_region":null,"departement_commune":null,"verifie":true,"name":"HVA","source":"Géoportail ANSTAT"}},{"type":"Feature","geometry":{"type":"Point","coordinates":[-4.48851499999995,6.50449100000003]},"properties":{"id":43643,"nom":"HYDRAULIQUE VILLAGEOISE AMELIOREE","type":"station eau","district_region":null,"departement_commune":null,"verifie":true,"name":"HYDRAULIQUE VILLAGEOISE AMELIOREE","source":"Géoportail ANSTAT"}},{"type":"Feature","geometry":{"type":"Point","coordinates":[-4.489549999999952,6.503253000000029]},"properties":{"id":43644,"nom":"HYDRAULIQUE VILLAGEOISE AMELIOREE","type":"station eau","district_region":null,"departement_commune":null,"verifie":true,"name":"HYDRAULIQUE VILLAGEOISE AMELIOREE","source":"Géoportail ANSTAT"}},{"type":"Feature","geometry":{"type":"Point","coordinates":[-4.476535999999953,6.496690000000058]},"properties":{"id":43645,"nom":"HYDRAULIQUE VILLAGEOISE AMELIOREE","type":"station eau","district_region":null,"departement_commune":null,"verifie":true,"name":"HYDRAULIQUE VILLAGEOISE AMELIOREE","source":"Géoportail ANSTAT"}},{"type":"Feature","geometry":{"type":"Point","coordinates":[-4.441250999999966,6.489048000000025]},"properties":{"id":43646,"nom":"HYDRAULIQUE VILLAGEOISE AMELIOREE","type":"station eau","district_region":null,"departement_commune":null,"verifie":true,"name":"HYDRAULIQUE VILLAGEOISE AMELIOREE","source":"Géoportail ANSTAT"}},{"type":"Feature","geometry":{"type":"Point","coordinates":[-4.418062999999961,6.531965000000071]},"properties":{"id":43647,"nom":"HYDRAULIQUE VILLAGEOISE AMELIOREE","type":"station eau","district_region":null,"departement_commune":null,"verifie":true,"name":"HYDRAULIQUE VILLAGEOISE AMELIOREE","source":"Géoportail ANSTAT"}},{"type":"Feature","geometry":{"type":"Point","coordinates":[-4.234588999999971,6.610388000000057]},"properties":{"id":43648,"nom":"HYDRAULIQUE VILLAGEOISE AMELIOREE","type":"station eau","district_region":null,"departement_commune":null,"verifie":true,"name":"HYDRAULIQUE VILLAGEOISE AMELIOREE","source":"Géoportail ANSTAT"}},{"type":"Feature","geometry":{"type":"Point","coordinates":[-7.794648999999936,6.977131000000043]},"properties":{"id":43649,"nom":"HYDRAULIQUE VILLAGEOISE AMELIOREE","type":"station eau","district_region":null,"departement_commune":null,"verifie":true,"name":"HYDRAULIQUE VILLAGEOISE AMELIOREE","source":"Géoportail ANSTAT"}},{"type":"Feature","geometry":{"type":"Point","coordinates":[-6.116656999999975,6.730547000000058]},"properties":{"id":43650,"nom":"HVA","type":"station eau","district_region":null,"departement_commune":null,"verifie":true,"name":"HVA","source":"Géoportail ANSTAT"}},{"type":"Feature","geometry":{"type":"Point","coordinates":[-6.117725999999948,6.729859000000033]},"properties":{"id":43651,"nom":"HVA","type":"station eau","district_region":null,"departement_commune":null,"verifie":true,"name":"HVA","source":"Géoportail ANSTAT"}},{"type":"Feature","geometry":{"type":"Point","coordinates":[-7.182934999999929,7.135835000000043]},"properties":{"id":43652,"nom":"HYDRAULIQUE VILLAGEOISE AMELIOREE","type":"station eau","district_region":null,"departement_commune":null,"verifie":true,"name":"HYDRAULIQUE VILLAGEOISE AMELIOREE","source":"Géoportail ANSTAT"}},{"type":"Feature","geometry":{"type":"Point","coordinates":[-7.18152299999997,7.131454000000076]},"properties":{"id":43653,"nom":"HYDRAULIQUE VILLAGEOISE AMELIOREE","type":"station eau","district_region":null,"departement_commune":null,"verifie":true,"name":"HYDRAULIQUE VILLAGEOISE AMELIOREE","source":"Géoportail ANSTAT"}},{"type":"Feature","geometry":{"type":"Point","coordinates":[-7.180378999999959,7.133883000000026]},"properties":{"id":43654,"nom":"HYDRAULIQUE VILLAGEOISE AMELIOREE","type":"station eau","district_region":null,"departement_commune":null,"verifie":true,"name":"HYDRAULIQUE VILLAGEOISE AMELIOREE","source":"Géoportail ANSTAT"}},{"type":"Feature","geometry":{"type":"Point","coordinates":[-7.324724999999944,7.156183000000055]},"properties":{"id":43655,"nom":"HYDRAULIQUE VILLAGEOISE AMELIOREE","type":"station eau","district_region":null,"departement_commune":null,"verifie":true,"name":"HYDRAULIQUE VILLAGEOISE AMELIOREE","source":"Géoportail ANSTAT"}},{"type":"Feature","geometry":{"type":"Point","coordinates":[-4.804042999999979,5.15447400000005]},"properties":{"id":43657,"nom":"HYDRAULIQUE VILLAGEOISE AMELIOREE","type":"station eau","district_region":null,"departement_commune":null,"verifie":true,"name":"HYDRAULIQUE VILLAGEOISE AMELIOREE","source":"Géoportail ANSTAT"}},{"type":"Feature","geometry":{"type":"Point","coordinates":[-4.798533999999961,5.154099000000031]},"properties":{"id":43658,"nom":"HYDRAULIQUE VILLAGEOISE AMELIOREE","type":"station eau","district_region":null,"departement_commune":null,"verifie":true,"name":"HYDRAULIQUE VILLAGEOISE AMELIOREE","source":"Géoportail ANSTAT"}},{"type":"Feature","geometry":{"type":"Point","coordinates":[-5.933896999999945,5.984499000000028]},"properties":{"id":43660,"nom":"HYDRAULIQUE VILLAGEOISE AMELIOREE","type":"station eau","district_region":null,"departement_commune":null,"verifie":true,"name":"HYDRAULIQUE VILLAGEOISE AMELIOREE","source":"Géoportail ANSTAT"}},{"type":"Feature","geometry":{"type":"Point","coordinates":[-4.923234999999977,7.759813000000065]},"properties":{"id":43662,"nom":"HVA","type":"station eau","district_region":null,"departement_commune":null,"verifie":true,"name":"HVA","source":"Géoportail ANSTAT"}},{"type":"Feature","geometry":{"type":"Point","coordinates":[-5.93302499999993,5.984140000000025]},"properties":{"id":43663,"nom":"HYDRAULIQUE VILLAGEOISE AMELIOREE","type":"station eau","district_region":null,"departement_commune":null,"verifie":true,"name":"HYDRAULIQUE VILLAGEOISE AMELIOREE","source":"Géoportail ANSTAT"}},{"type":"Feature","geometry":{"type":"Point","coordinates":[-5.863248999999939,6.293552000000034]},"properties":{"id":43664,"nom":"HYDRAULIQUE VILLAGEOISE AMELIOREE","type":"station eau","district_region":null,"departement_commune":null,"verifie":true,"name":"HYDRAULIQUE VILLAGEOISE AMELIOREE","source":"Géoportail ANSTAT"}},{"type":"Feature","geometry":{"type":"Point","coordinates":[-5.555676999999946,6.491629000000046]},"properties":{"id":43665,"nom":"HYDRAULIQUE VILLAGEOISE AMELIOREE","type":"station eau","district_region":null,"departement_commune":null,"verifie":true,"name":"HYDRAULIQUE VILLAGEOISE AMELIOREE","source":"Géoportail ANSTAT"}},{"type":"Feature","geometry":{"type":"Point","coordinates":[-5.553807999999947,6.492838000000063]},"properties":{"id":43666,"nom":"HYDRAULIQUE VILLAGEOISE AMELIOREE","type":"station eau","district_region":null,"departement_commune":null,"verifie":true,"name":"HYDRAULIQUE VILLAGEOISE AMELIOREE","source":"Géoportail ANSTAT"}},{"type":"Feature","geometry":{"type":"Point","coordinates":[-2.948319999999967,8.078490000000045]},"properties":{"id":43667,"nom":"HYDRAULIQUE VILLAGEOISE AMELIOREE","type":"station eau","district_region":null,"departement_commune":null,"verifie":true,"name":"HYDRAULIQUE VILLAGEOISE AMELIOREE","source":"Géoportail ANSTAT"}},{"type":"Feature","geometry":{"type":"Point","coordinates":[-2.748171999999954,8.083207000000073]},"properties":{"id":43668,"nom":"HYDRAULIQUE VILLAGEOISE AMELIOREE","type":"station eau","district_region":null,"departement_commune":null,"verifie":true,"name":"HYDRAULIQUE VILLAGEOISE AMELIOREE","source":"Géoportail ANSTAT"}},{"type":"Feature","geometry":{"type":"Point","coordinates":[-2.731204999999932,8.083074000000067]},"properties":{"id":43672,"nom":"HYDRAULIQUE VILLAGEOISE AMELIOREE","type":"station eau","district_region":null,"departement_commune":null,"verifie":true,"name":"HYDRAULIQUE VILLAGEOISE AMELIOREE","source":"Géoportail ANSTAT"}},{"type":"Feature","geometry":{"type":"Point","coordinates":[-5.308148999999958,7.592187000000024]},"properties":{"id":43673,"nom":"HVA DE SOKOBO","type":"station eau","district_region":null,"departement_commune":null,"verifie":true,"name":"HVA DE SOKOBO","source":"Géoportail ANSTAT"}},{"type":"Feature","geometry":{"type":"Point","coordinates":[-2.987907999999948,8.145934000000068]},"properties":{"id":43674,"nom":"HYDRAULIQUE VILLAGEOISE AMELIOREE","type":"station eau","district_region":null,"departement_commune":null,"verifie":true,"name":"HYDRAULIQUE VILLAGEOISE AMELIOREE","source":"Géoportail ANSTAT"}},{"type":"Feature","geometry":{"type":"Point","coordinates":[-5.384127999999976,7.779766000000052]},"properties":{"id":43676,"nom":"HVA ALLOKO SAKASSOU","type":"station eau","district_region":null,"departement_commune":null,"verifie":true,"name":"HVA ALLOKO SAKASSOU","source":"Géoportail ANSTAT"}},{"type":"Feature","geometry":{"type":"Point","coordinates":[-5.38827699999996,7.777796000000023]},"properties":{"id":43677,"nom":"HVA DE NZENGOUANOU","type":"station eau","district_region":null,"departement_commune":null,"verifie":true,"name":"HVA DE NZENGOUANOU","source":"Géoportail ANSTAT"}},{"type":"Feature","geometry":{"type":"Point","coordinates":[-5.388300999999956,7.777851000000055]},"properties":{"id":43678,"nom":"HVA DE NZENGOUANOU","type":"station eau","district_region":null,"departement_commune":null,"verifie":true,"name":"HVA DE NZENGOUANOU","source":"Géoportail ANSTAT"}},{"type":"Feature","geometry":{"type":"Point","coordinates":[-5.460279999999955,7.694480000000055]},"properties":{"id":43679,"nom":"HVA DE ASSAKRA AOUERENOU","type":"station eau","district_region":null,"departement_commune":null,"verifie":true,"name":"HVA DE ASSAKRA AOUERENOU","source":"Géoportail ANSTAT"}},{"type":"Feature","geometry":{"type":"Point","coordinates":[-5.538942999999961,7.66769000000005]},"properties":{"id":43680,"nom":"HVA DE SOUAFOUE DAN","type":"station eau","district_region":null,"departement_commune":null,"verifie":true,"name":"HVA DE SOUAFOUE DAN","source":"Géoportail ANSTAT"}},{"type":"Feature","geometry":{"type":"Point","coordinates":[-5.565747999999928,7.620923000000062]},"properties":{"id":43681,"nom":"HVA","type":"station eau","district_region":null,"departement_commune":null,"verifie":true,"name":"HVA","source":"Géoportail ANSTAT"}},{"type":"Feature","geometry":{"type":"Point","coordinates":[-3.000151999999957,8.157790000000034]},"properties":{"id":43683,"nom":"HYDRAULIQUE VILLAGEOISE AMELIOREE","type":"station eau","district_region":null,"departement_commune":null,"verifie":true,"name":"HYDRAULIQUE VILLAGEOISE AMELIOREE","source":"Géoportail ANSTAT"}},{"type":"Feature","geometry":{"type":"Point","coordinates":[-3.032440999999949,7.095080000000053]},"properties":{"id":43684,"nom":"HYDRAULIQUE VILLAGEOISE AMELIOREE","type":"station eau","district_region":null,"departement_commune":null,"verifie":true,"name":"HYDRAULIQUE VILLAGEOISE AMELIOREE","source":"Géoportail ANSTAT"}},{"type":"Feature","geometry":{"type":"Point","coordinates":[-3.080331999999942,7.106534000000067]},"properties":{"id":43685,"nom":"HYDRAULIQUE VILLAGEOISE AMELIOREE","type":"station eau","district_region":null,"departement_commune":null,"verifie":true,"name":"HYDRAULIQUE VILLAGEOISE AMELIOREE","source":"Géoportail ANSTAT"}},{"type":"Feature","geometry":{"type":"Point","coordinates":[-3.029051999999979,7.180097000000046]},"properties":{"id":43686,"nom":"HYDRAULIQUE VILLAGEOISE AMELIOREE","type":"station eau","district_region":null,"departement_commune":null,"verifie":true,"name":"HYDRAULIQUE VILLAGEOISE AMELIOREE","source":"Géoportail ANSTAT"}},{"type":"Feature","geometry":{"type":"Point","coordinates":[-3.083215999999936,7.217224000000044]},"properties":{"id":43687,"nom":"HYDRAULIQUE VILLAGEOISE AMELIOREE","type":"station eau","district_region":null,"departement_commune":null,"verifie":true,"name":"HYDRAULIQUE VILLAGEOISE AMELIOREE","source":"Géoportail ANSTAT"}},{"type":"Feature","geometry":{"type":"Point","coordinates":[-2.960454999999968,7.241088000000047]},"properties":{"id":43688,"nom":"HYDRAULIQUE VILLAGEOISE AMELIOREE","type":"station eau","district_region":null,"departement_commune":null,"verifie":true,"name":"HYDRAULIQUE VILLAGEOISE AMELIOREE","source":"Géoportail ANSTAT"}},{"type":"Feature","geometry":{"type":"Point","coordinates":[-5.415838999999949,7.756074000000069]},"properties":{"id":43689,"nom":"HVA","type":"station eau","district_region":null,"departement_commune":null,"verifie":true,"name":"HVA","source":"Géoportail ANSTAT"}},{"type":"Feature","geometry":{"type":"Point","coordinates":[-3.220304999999939,7.298697000000061]},"properties":{"id":43690,"nom":"HYDRAULIQUE VILLAGEOISE AMELIOREE","type":"station eau","district_region":null,"departement_commune":null,"verifie":true,"name":"HYDRAULIQUE VILLAGEOISE AMELIOREE","source":"Géoportail ANSTAT"}},{"type":"Feature","geometry":{"type":"Point","coordinates":[-5.395637999999963,7.768409000000077]},"properties":{"id":43691,"nom":"HVA DE LOLOBO","type":"station eau","district_region":null,"departement_commune":null,"verifie":true,"name":"HVA DE LOLOBO","source":"Géoportail ANSTAT"}},{"type":"Feature","geometry":{"type":"Point","coordinates":[-5.396746999999948,7.749905000000069]},"properties":{"id":43692,"nom":"HVA DE AHOUNZE KOUADIOKRO","type":"station eau","district_region":null,"departement_commune":null,"verifie":true,"name":"HVA DE AHOUNZE KOUADIOKRO","source":"Géoportail ANSTAT"}},{"type":"Feature","geometry":{"type":"Point","coordinates":[-3.023061999999925,7.441728000000069]},"properties":{"id":43693,"nom":"HYDRAULIQUE VILLAGEOISE AMELIOREE","type":"station eau","district_region":null,"departement_commune":null,"verifie":true,"name":"HYDRAULIQUE VILLAGEOISE AMELIOREE","source":"Géoportail ANSTAT"}},{"type":"Feature","geometry":{"type":"Point","coordinates":[-3.102889999999945,7.709900000000061]},"properties":{"id":43694,"nom":"HYDRAULIQUE VILLAGEOISE AMELIOREE","type":"station eau","district_region":null,"departement_commune":null,"verifie":true,"name":"HYDRAULIQUE VILLAGEOISE AMELIOREE","source":"Géoportail ANSTAT"}},{"type":"Feature","geometry":{"type":"Point","coordinates":[-5.298626999999954,7.759891000000039]},"properties":{"id":43695,"nom":"HYDRAULIQUE VILLAGEOISE AMELIORE HVA","type":"station eau","district_region":null,"departement_commune":null,"verifie":true,"name":"HYDRAULIQUE VILLAGEOISE AMELIORE HVA","source":"Géoportail ANSTAT"}},{"type":"Feature","geometry":{"type":"Point","coordinates":[-2.822511999999961,9.19403600000004]},"properties":{"id":43696,"nom":"HVA GBADJOUDOUO","type":"station eau","district_region":null,"departement_commune":null,"verifie":true,"name":"HVA GBADJOUDOUO","source":"Géoportail ANSTAT"}},{"type":"Feature","geometry":{"type":"Point","coordinates":[-2.825568999999973,9.195849000000068]},"properties":{"id":43697,"nom":"HVA GBADJOUDOUO","type":"station eau","district_region":null,"departement_commune":null,"verifie":true,"name":"HVA GBADJOUDOUO","source":"Géoportail ANSTAT"}},{"type":"Feature","geometry":{"type":"Point","coordinates":[-2.906879999999944,9.033526000000052]},"properties":{"id":43698,"nom":"HVA","type":"station eau","district_region":null,"departement_commune":null,"verifie":true,"name":"HVA","source":"Géoportail ANSTAT"}},{"type":"Feature","geometry":{"type":"Point","coordinates":[-2.902004999999974,9.038114000000064]},"properties":{"id":43699,"nom":"HVA","type":"station eau","district_region":null,"departement_commune":null,"verifie":true,"name":"HVA","source":"Géoportail ANSTAT"}},{"type":"Feature","geometry":{"type":"Point","coordinates":[-2.906225999999947,9.03467900000004]},"properties":{"id":43700,"nom":"HVA","type":"station eau","district_region":null,"departement_commune":null,"verifie":true,"name":"HVA","source":"Géoportail ANSTAT"}},{"type":"Feature","geometry":{"type":"Point","coordinates":[-2.904185999999925,9.033994000000064]},"properties":{"id":43701,"nom":"HVA","type":"station eau","district_region":null,"departement_commune":null,"verifie":true,"name":"HVA","source":"Géoportail ANSTAT"}},{"type":"Feature","geometry":{"type":"Point","coordinates":[-2.955539999999928,8.82472800000005]},"properties":{"id":43702,"nom":"HVA","type":"station eau","district_region":null,"departement_commune":null,"verifie":true,"name":"HVA","source":"Géoportail ANSTAT"}},{"type":"Feature","geometry":{"type":"Point","coordinates":[-2.956400999999971,8.825706000000025]},"properties":{"id":43703,"nom":"HVA","type":"station eau","district_region":null,"departement_commune":null,"verifie":true,"name":"HVA","source":"Géoportail ANSTAT"}},{"type":"Feature","geometry":{"type":"Point","coordinates":[-2.961112999999955,8.823849000000052]},"properties":{"id":43704,"nom":"HVA","type":"station eau","district_region":null,"departement_commune":null,"verifie":true,"name":"HVA","source":"Géoportail ANSTAT"}},{"type":"Feature","geometry":{"type":"Point","coordinates":[-2.957141999999976,8.823177000000044]},"properties":{"id":43705,"nom":"HVA","type":"station eau","district_region":null,"departement_commune":null,"verifie":true,"name":"HVA","source":"Géoportail ANSTAT"}},{"type":"Feature","geometry":{"type":"Point","coordinates":[-2.98606099999995,9.275352000000057]},"properties":{"id":43706,"nom":"HVA","type":"station eau","district_region":null,"departement_commune":null,"verifie":true,"name":"HVA","source":"Géoportail ANSTAT"}},{"type":"Feature","geometry":{"type":"Point","coordinates":[-2.967193999999949,9.26617200000004]},"properties":{"id":43707,"nom":"HVA DE GBALAMOUEDOUO","type":"station eau","district_region":null,"departement_commune":null,"verifie":true,"name":"HVA DE GBALAMOUEDOUO","source":"Géoportail ANSTAT"}},{"type":"Feature","geometry":{"type":"Point","coordinates":[-3.375905999999929,7.918051000000048]},"properties":{"id":43708,"nom":"HYDRAULIQUE VILLAGEOISE AMELIOREE","type":"station eau","district_region":null,"departement_commune":null,"verifie":true,"name":"HYDRAULIQUE VILLAGEOISE AMELIOREE","source":"Géoportail ANSTAT"}},{"type":"Feature","geometry":{"type":"Point","coordinates":[-3.003032999999959,9.039389000000028]},"properties":{"id":43709,"nom":"HVA","type":"station eau","district_region":null,"departement_commune":null,"verifie":true,"name":"HVA","source":"Géoportail ANSTAT"}},{"type":"Feature","geometry":{"type":"Point","coordinates":[-3.003843999999958,9.035732000000053]},"properties":{"id":43710,"nom":"HVA","type":"station eau","district_region":null,"departement_commune":null,"verifie":true,"name":"HVA","source":"Géoportail ANSTAT"}},{"type":"Feature","geometry":{"type":"Point","coordinates":[-3.005476999999928,9.037099000000069]},"properties":{"id":43711,"nom":"HVA","type":"station eau","district_region":null,"departement_commune":null,"verifie":true,"name":"HVA","source":"Géoportail ANSTAT"}},{"type":"Feature","geometry":{"type":"Point","coordinates":[-3.003867999999954,9.035731000000055]},"properties":{"id":43712,"nom":"HVA","type":"station eau","district_region":null,"departement_commune":null,"verifie":true,"name":"HVA","source":"Géoportail ANSTAT"}},{"type":"Feature","geometry":{"type":"Point","coordinates":[-2.999190999999939,9.03715600000004]},"properties":{"id":43713,"nom":"HVA","type":"station eau","district_region":null,"departement_commune":null,"verifie":true,"name":"HVA","source":"Géoportail ANSTAT"}},{"type":"Feature","geometry":{"type":"Point","coordinates":[-3.006392999999946,9.039447000000052]},"properties":{"id":43714,"nom":"HVA","type":"station eau","district_region":null,"departement_commune":null,"verifie":true,"name":"HVA","source":"Géoportail ANSTAT"}},{"type":"Feature","geometry":{"type":"Point","coordinates":[-3.012626999999952,8.767690000000073]},"properties":{"id":43715,"nom":"HVA","type":"station eau","district_region":null,"departement_commune":null,"verifie":true,"name":"HVA","source":"Géoportail ANSTAT"}},{"type":"Feature","geometry":{"type":"Point","coordinates":[-3.039340999999979,8.755542000000048]},"properties":{"id":43716,"nom":"HVA","type":"station eau","district_region":null,"departement_commune":null,"verifie":true,"name":"HVA","source":"Géoportail ANSTAT"}},{"type":"Feature","geometry":{"type":"Point","coordinates":[-3.107162999999957,9.419174000000057]},"properties":{"id":43717,"nom":"HVA","type":"station eau","district_region":null,"departement_commune":null,"verifie":true,"name":"HVA","source":"Géoportail ANSTAT"}},{"type":"Feature","geometry":{"type":"Point","coordinates":[-3.083454999999958,9.046555000000067]},"properties":{"id":43718,"nom":"HVA","type":"station eau","district_region":null,"departement_commune":null,"verifie":true,"name":"HVA","source":"Géoportail ANSTAT"}},{"type":"Feature","geometry":{"type":"Point","coordinates":[-3.08481299999994,9.045631000000071]},"properties":{"id":43719,"nom":"HVA","type":"station eau","district_region":null,"departement_commune":null,"verifie":true,"name":"HVA","source":"Géoportail ANSTAT"}},{"type":"Feature","geometry":{"type":"Point","coordinates":[-3.084011999999973,9.041205000000048]},"properties":{"id":43720,"nom":"HVA","type":"station eau","district_region":null,"departement_commune":null,"verifie":true,"name":"HVA","source":"Géoportail ANSTAT"}},{"type":"Feature","geometry":{"type":"Point","coordinates":[-3.082055999999966,9.04672400000004]},"properties":{"id":43721,"nom":"HVA","type":"station eau","district_region":null,"departement_commune":null,"verifie":true,"name":"HVA","source":"Géoportail ANSTAT"}},{"type":"Feature","geometry":{"type":"Point","coordinates":[-3.074003999999945,8.759888000000046]},"properties":{"id":43722,"nom":"HVA","type":"station eau","district_region":null,"departement_commune":null,"verifie":true,"name":"HVA","source":"Géoportail ANSTAT"}},{"type":"Feature","geometry":{"type":"Point","coordinates":[-3.072848999999962,8.764312000000075]},"properties":{"id":43723,"nom":"HVA","type":"station eau","district_region":null,"departement_commune":null,"verifie":true,"name":"HVA","source":"Géoportail ANSTAT"}},{"type":"Feature","geometry":{"type":"Point","coordinates":[-3.12296699999996,9.708255000000063]},"properties":{"id":43724,"nom":"HVA","type":"station eau","district_region":null,"departement_commune":null,"verifie":true,"name":"HVA","source":"Géoportail ANSTAT"}},{"type":"Feature","geometry":{"type":"Point","coordinates":[-2.988033999999971,7.281077000000039]},"properties":{"id":43725,"nom":"HYDRAULIQUE VILLAGEOISE AMELIOREE","type":"station eau","district_region":null,"departement_commune":null,"verifie":true,"name":"HYDRAULIQUE VILLAGEOISE AMELIOREE","source":"Géoportail ANSTAT"}},{"type":"Feature","geometry":{"type":"Point","coordinates":[-3.138278999999955,7.318668000000059]},"properties":{"id":43726,"nom":"HYDRAULIQUE VILLAGEOISE AMELIOREE","type":"station eau","district_region":null,"departement_commune":null,"verifie":true,"name":"HYDRAULIQUE VILLAGEOISE AMELIOREE","source":"Géoportail ANSTAT"}},{"type":"Feature","geometry":{"type":"Point","coordinates":[-3.187971999999945,8.914756000000068]},"properties":{"id":43727,"nom":"HVA TIESSABA","type":"station eau","district_region":null,"departement_commune":null,"verifie":true,"name":"HVA TIESSABA","source":"Géoportail ANSTAT"}},{"type":"Feature","geometry":{"type":"Point","coordinates":[-3.29354799999993,9.69753300000002]},"properties":{"id":43728,"nom":"HVA","type":"station eau","district_region":null,"departement_commune":null,"verifie":true,"name":"HVA","source":"Géoportail ANSTAT"}},{"type":"Feature","geometry":{"type":"Point","coordinates":[-3.292699999999968,9.696200000000031]},"properties":{"id":43729,"nom":"HVA DE KODO","type":"station eau","district_region":null,"departement_commune":null,"verifie":true,"name":"HVA DE KODO","source":"Géoportail ANSTAT"}},{"type":"Feature","geometry":{"type":"Point","coordinates":[-3.290889999999933,9.692804000000024]},"properties":{"id":43730,"nom":"HVA DE KODO","type":"station eau","district_region":null,"departement_commune":null,"verifie":true,"name":"HVA DE KODO","source":"Géoportail ANSTAT"}},{"type":"Feature","geometry":{"type":"Point","coordinates":[-3.290369999999939,9.687986000000024]},"properties":{"id":43731,"nom":"HVA DE KODO","type":"station eau","district_region":null,"departement_commune":null,"verifie":true,"name":"HVA DE KODO","source":"Géoportail ANSTAT"}},{"type":"Feature","geometry":{"type":"Point","coordinates":[-3.346053999999981,9.81248800000003]},"properties":{"id":43732,"nom":"HVA","type":"station eau","district_region":null,"departement_commune":null,"verifie":true,"name":"HVA","source":"Géoportail ANSTAT"}},{"type":"Feature","geometry":{"type":"Point","coordinates":[-3.348339999999951,9.81385800000004]},"properties":{"id":43733,"nom":"HVA","type":"station eau","district_region":null,"departement_commune":null,"verifie":true,"name":"HVA","source":"Géoportail ANSTAT"}},{"type":"Feature","geometry":{"type":"Point","coordinates":[-3.350177999999971,9.81857800000006]},"properties":{"id":43734,"nom":"HVA","type":"station eau","district_region":null,"departement_commune":null,"verifie":true,"name":"HVA","source":"Géoportail ANSTAT"}},{"type":"Feature","geometry":{"type":"Point","coordinates":[-3.425612999999942,9.918876000000068]},"properties":{"id":43735,"nom":"HVA","type":"station eau","district_region":null,"departement_commune":null,"verifie":true,"name":"HVA","source":"Géoportail ANSTAT"}},{"type":"Feature","geometry":{"type":"Point","coordinates":[-3.564182999999957,8.394260000000031]},"properties":{"id":43736,"nom":"HVA","type":"station eau","district_region":null,"departement_commune":null,"verifie":true,"name":"HVA","source":"Géoportail ANSTAT"}},{"type":"Feature","geometry":{"type":"Point","coordinates":[-3.61453599999993,9.581365000000062]},"properties":{"id":43737,"nom":"HVA","type":"station eau","district_region":null,"departement_commune":null,"verifie":true,"name":"HVA","source":"Géoportail ANSTAT"}},{"type":"Feature","geometry":{"type":"Point","coordinates":[-6.942717999999957,8.124593000000061]},"properties":{"id":43738,"nom":"HYDRAULIQUE VILLAGEOISE AMELIOREE","type":"station eau","district_region":null,"departement_commune":null,"verifie":true,"name":"HYDRAULIQUE VILLAGEOISE AMELIOREE","source":"Géoportail ANSTAT"}},{"type":"Feature","geometry":{"type":"Point","coordinates":[-5.556606999999929,7.010588000000041]},"properties":{"id":43739,"nom":"HYDRAULIQUE VILLAGEOISE AMELIOREE","type":"station eau","district_region":null,"departement_commune":null,"verifie":true,"name":"HYDRAULIQUE VILLAGEOISE AMELIOREE","source":"Géoportail ANSTAT"}},{"type":"Feature","geometry":{"type":"Point","coordinates":[-3.779509999999959,8.550235000000043]},"properties":{"id":43740,"nom":"HVA DE SOLOKAYE","type":"station eau","district_region":null,"departement_commune":null,"verifie":true,"name":"HVA DE SOLOKAYE","source":"Géoportail ANSTAT"}},{"type":"Feature","geometry":{"type":"Point","coordinates":[-3.818982999999946,8.529321000000039]},"properties":{"id":43741,"nom":"HVA DE KAPE","type":"station eau","district_region":null,"departement_commune":null,"verifie":true,"name":"HVA DE KAPE","source":"Géoportail ANSTAT"}},{"type":"Feature","geometry":{"type":"Point","coordinates":[-5.791033999999968,7.379216000000042]},"properties":{"id":43742,"nom":"HYDRAULIQUE VILLAGEOISE AMELIOREE","type":"station eau","district_region":null,"departement_commune":null,"verifie":true,"name":"HYDRAULIQUE VILLAGEOISE AMELIOREE","source":"Géoportail ANSTAT"}},{"type":"Feature","geometry":{"type":"Point","coordinates":[-4.15278399999994,9.581972000000064]},"properties":{"id":43743,"nom":"HVA","type":"station eau","district_region":null,"departement_commune":null,"verifie":true,"name":"HVA","source":"Géoportail ANSTAT"}},{"type":"Feature","geometry":{"type":"Point","coordinates":[-2.857413999999949,9.212583000000052]},"properties":{"id":43744,"nom":"HVA HIMBIE","type":"station eau","district_region":null,"departement_commune":null,"verifie":true,"name":"HVA HIMBIE","source":"Géoportail ANSTAT"}},{"type":"Feature","geometry":{"type":"Point","coordinates":[-3.341867999999977,9.80975200000006]},"properties":{"id":43745,"nom":"HVA","type":"station eau","district_region":null,"departement_commune":null,"verifie":true,"name":"HVA","source":"Géoportail ANSTAT"}},{"type":"Feature","geometry":{"type":"Point","coordinates":[-4.586599999999976,6.761446000000035]},"properties":{"id":43746,"nom":"HVA","type":"station eau","district_region":null,"departement_commune":null,"verifie":true,"name":"HVA","source":"Géoportail ANSTAT"}},{"type":"Feature","geometry":{"type":"Point","coordinates":[-4.280243999999925,7.069356000000028]},"properties":{"id":43747,"nom":"HVA","type":"station eau","district_region":null,"departement_commune":null,"verifie":true,"name":"HVA","source":"Géoportail ANSTAT"}}],"metadata":{"dataset":"Station eau — ANSTAT","source":"Géoportail ANSTAT","theme":"Eau & assainissement","verified":true,"apercu":"limité à 1000 entités"}}